slug,city,country_code,type,url,language,confidence,notes,review_ok,review_comment
andorralavella_ad,Andorra la Vella,AD,city_contact,https://www.andorralavella.ad/comu/contactes,ca,high,Comú contacts page found via sitemap and loaded,,
andorralavella_ad,Andorra la Vella,AD,city_mobility,https://www.andorralavella.ad/comu/?q=mobilitat,ca,medium,Comú mobility page (Circulació department and public transport).,,
durres_al,Durrës,AL,city_contact,https://durres.gov.al/kontakt/,sq,high,Loaded OK.,,
durres_al,Durrës,AL,city_mobility,https://durres.gov.al/transporti-publik/,sq,medium,Municipal public transport page; no dedicated mobility department contact found.,,
tirana_al,Tirana,AL,city_contact,https://tirana.al/kontakt,sq,high,Loaded OK.,,
tirana_al,Tirana,AL,city_mobility,https://tirana.al/Bashkia-Tiran%C3%AB/lista-sherbimeve/Transporti/1,sq,medium,Municipal transport services list (checked in browser),,
graz_at,Graz,AT,city_contact,https://www.graz.at/cms/beitrag/10303721/8425359/,de,medium,"Verified; citizen inquiry contact form, no general contact page found.",,
graz_at,Graz,AT,city_mobility,https://rad.graz.at,de,medium,Verified; city cycling offensive site on graz.at subdomain.,,
innsbruck_at,Innsbruck,AT,city_contact,https://www.innsbruck.gv.at/dienststellen,de,high,Verified; contact and office hours.,,
innsbruck_at,Innsbruck,AT,city_mobility,https://www.innsbruck.gv.at/mobil/fahrrad,de,high,Verified; city cycling page.,,
klagenfurt_at,Klagenfurt,AT,city_contact,https://www.klagenfurt.at/stadtservice/buergerservice,de,medium,"Verified; citizen service page, no dedicated contact page found.",,
klagenfurt_at,Klagenfurt,AT,city_mobility,https://www.klagenfurt.at/stadtservice/mobilitaet-parken/fahrradfahren-in-klagenfurt,de,high,Verified; city cycling page.,,
linz_at,Linz,AT,city_contact,https://www.linz.at/kontakt.php,de,high,Verified; city contact page.,,
linz_at,Linz,AT,city_mobility,https://www.linz.at/mobilitaet/index.php,de,high,Verified; city mobility section with cycling strategy.,,
salzburg_at,Salzburg,AT,city_contact,https://www.stadt-salzburg.at/org-db/,de,medium,Magistrat phone and contact directory; no dedicated general contact page found.,,
salzburg_at,Salzburg,AT,city_mobility,https://www.stadt-salzburg.at/radfahren,de,medium,City cycling page (Radstadt Salzburg); transport topics at /verkehr-und-strassenraum.,,
vienna_at,Vienna,AT,city_contact,https://www.wien.gv.at/kontakt/,de,high,Stadt Wien general contact,,
vienna_at,Vienna,AT,city_mobility,https://www.wien.gv.at/kontakte/ma18/index.html,de,medium,MA 18 Stadtentwicklung und Stadtplanung (mobility planning); no explicit Radverkehr mention. Alt: https://www.wien.gv.at/verkehr/radfahren,,
banjaluka_ba,Banja Luka,BA,city_contact,https://www.banjaluka.rs.ba/gradjani/kancelarija-za-gradjane/,sr,medium,Citizens office contact page; no general contact page found,,
banjaluka_ba,Banja Luka,BA,city_mobility,https://www.banjaluka.rs.ba/gradjani/saobracaj/,sr,medium,City traffic (Saobraćaj) section (checked in browser),,
sarajevo_ba,Sarajevo,BA,city_contact,https://www.sarajevo.ba/bs/contact,bs,high,Grad Sarajevo contact page with address phone and form loaded,,
sarajevo_ba,Sarajevo,BA,city_mobility,https://ms.ks.gov.ba/ministarstvo/kontakti,bs,medium,Contact page of Sarajevo Canton Ministry of Transport which holds urban transport competence,,
anderlecht_be,Anderlecht,BE,city_contact,https://www.anderlecht.be/fr/contact,fr,high,Commune contact page; mobility is mainly a Brussels-Capital Region competence.,,
anderlecht_be,Anderlecht,BE,city_mobility,https://www.anderlecht.be/fr/mobilite,fr,medium,Commune mobility page; regional competence lies with Brussels Mobility.,,
antwerp_be,Antwerp,BE,city_contact,https://www.antwerpen.be/info/contacteer-stad-antwerpen,nl,high,City contact page.,,
antwerp_be,Antwerp,BE,city_mobility,https://www.antwerpen.be/parkeren-mobiliteit-contact-adressen,nl,high,Parking and mobility contact and addresses; regional agency is Departement Mobiliteit en Openbare Werken.,,
bruges_be,Bruges,BE,city_contact,https://www.brugge.be/huis-van-de-bruggeling,nl,medium,Huis van de Bruggeling is the city contact point page.,,
bruges_be,Bruges,BE,city_mobility,https://www.brugge.be/mobiliteit,nl,high,City mobility section; cycling at /mobiliteit/duurzaam-verplaatsen/duurzaam-met-de-fiets.,,
brussels_be,Brussels,BE,city_contact,https://be.brussels/fr/contact,fr,high,Brussels-Capital Region contact page.,,
brussels_be,Brussels,BE,city_mobility,https://mobilite-mobiliteit.brussels/fr,fr,medium,Brussels Mobility; fetch redirected to be.brussels/fr/transport-mobilite.,,
charleroi_be,Charleroi,BE,city_contact,https://www.charleroi.be/contactez-nous,fr,high,City contact page.,,
charleroi_be,Charleroi,BE,city_mobility,https://www.charleroi.be/vivre/mobilite/a-velo,fr,medium,Cycling page; regional agency SPW Mobilite et Infrastructures also relevant.,,
ghent_be,Ghent,BE,city_contact,https://stad.gent/nl/contact-meldpunten,nl,high,City contact and reporting points page.,,
ghent_be,Ghent,BE,city_mobility,https://stad.gent/nl/openingsuren-adressen/trefwoord/diensten-mobiliteitsbedrijf,nl,medium,Mobiliteitsbedrijf services opening hours and addresses.,,
liege_be,Liege,BE,city_contact,https://formulaires-e-guichet.liege.be/contact/formulaire-de-contact-ville-de-liege/,fr,medium,City contact form on official e-guichet subdomain.,,
liege_be,Liege,BE,city_mobility,https://www.liege.be/mes-services/mobilite,fr,high,City mobility services page; cycling at /mes-services/mobilite/se-deplacer/a-velo.,,
namur_be,Namur,BE,city_contact,https://www.namur.be/fr/contact,fr,high,City contact page.,,
namur_be,Namur,BE,city_mobility,https://www.namur.be/fr/ma-ville/mobilite/mobilite/service-mobilite,fr,high,Service Mobilite page.,,
schaerbeek_be,Schaerbeek,BE,city_contact,https://www.1030.be/fr/webform/nous-contacter,fr,high,Commune contact form (commune site is 1030.be); mobility mainly regional competence.,,
schaerbeek_be,Schaerbeek,BE,city_mobility,https://www.1030.be/fr/mobilite,fr,medium,Commune Mobility and Parking page; regional competence lies with Brussels Mobility.,,
plovdiv_bg,Plovdiv,BG,city_contact,https://www.plovdiv.bg/fmenu/contacts/,bg,high,Municipality contacts page.,,
plovdiv_bg,Plovdiv,BG,city_mobility,https://www.plovdiv.bg/item/transport/,bg,medium,Municipal transport section; not a department contact page.,,
ruse_bg,Ruse,BG,city_contact,https://obshtinaruse.bg/kontakti,bg,high,Municipality contacts page.,,
ruse_bg,Ruse,BG,city_mobility,https://obshtinaruse.bg/transport-new,bg,medium,Municipal transport section.,,
sofia_bg,Sofia,BG,city_contact,https://www.sofia.bg/bg/contact-us,bg,high,Sofia Municipality contacts page.,,
sofia_bg,Sofia,BG,city_mobility,https://www.sofia.bg/bikeway,bg,medium,Municipal cycling lanes page; transport section at /transport.,,
varna_bg,Varna,BG,city_contact,https://www.varna.bg/bg/105,bg,medium,Municipality contacts page; title not parsed.,,
varna_bg,Varna,BG,city_mobility,https://www.varna.bg/bg/482,bg,medium,Municipal transport page.,,
vratsa_bg,Vratsa,BG,city_contact,https://www.vratza.bg/bg/kontakti,bg,high,"Vratsa Municipality contacts (vratza.bg, not the regional administration vratsa.bg).",,
vratsa_bg,Vratsa,BG,city_mobility,https://www.vratza.bg/bg/transport,bg,medium,Municipal transport page.,,
baranovichi_by,Baranovichi,BY,excluded,,,,Belarus: no link to government sites — decision needed,,
bobruisk_by,Bobruisk,BY,excluded,,,,Belarus: no link to government sites — decision needed,,
borisov_by,Borisov,BY,excluded,,,,Belarus: no link to government sites — decision needed,,
brest_by,Brest,BY,excluded,,,,Belarus: no link to government sites — decision needed,,
gomel_by,Gomel,BY,excluded,,,,Belarus: no link to government sites — decision needed,,
grodno_by,Grodno,BY,excluded,,,,Belarus: no link to government sites — decision needed,,
lida_by,Lida,BY,excluded,,,,Belarus: no link to government sites — decision needed,,
minsk_by,Minsk,BY,excluded,,,,Belarus: no link to government sites — decision needed,,
mogilev_by,Mogilev,BY,excluded,,,,Belarus: no link to government sites — decision needed,,
mozir_by,Mozir,BY,excluded,,,,Belarus: no link to government sites — decision needed,,
orsha_by,Orsha,BY,excluded,,,,Belarus: no link to government sites — decision needed,,
pinsk_by,Pinsk,BY,excluded,,,,Belarus: no link to government sites — decision needed,,
soligorsk_by,Soligorsk,BY,excluded,,,,Belarus: no link to government sites — decision needed,,
vitebsk_by,Vitebsk,BY,excluded,,,,Belarus: no link to government sites — decision needed,,
basel_ch,Basel,CH,city_contact,https://staatskalender.bs.ch,de,medium,Verified; Canton Basel-Stadt (canton = city) directory of contacts and addresses.,,
basel_ch,Basel,CH,city_mobility,https://www.bs.ch/themen/mobilitaet/fahren-und-parkieren/velofahren-basel,de,high,Verified; canton Basel-Stadt cycling page (canton acts as city).,,
bern_ch,Bern,CH,city_contact,https://www.bern.ch/@@contact,de,high,Verified; redirect target of bern.ch/contact-info.,,
bern_ch,Bern,CH,city_mobility,https://www.bern.ch/politik-und-verwaltung/stadtverwaltung/tvs/tiefbau/verkehrsplanung,de,high,Verified; traffic planning unit of Tiefbauamt.,,
geneva_ch,Geneva,CH,city_contact,https://www.geneve.ch/propos/contact,fr,high,Verified; City of Geneva contact page.,,
geneva_ch,Geneva,CH,city_mobility,https://www.geneve.ch/themes/mobilite-transport/faire-velo-geneve,fr,medium,Verified; city cycling page; cantonal mobility competence lies with ge.ch (not checked).,,
lausanne_ch,Lausanne,CH,city_contact,https://www.lausanne.ch/officiel/administration/culture-et-developpement-urbain/secretariat-municipal.html,fr,medium,"Verified; municipal secretariat page with email contact, no general contact page found.",,
lausanne_ch,Lausanne,CH,city_mobility,https://www.lausanne.ch/officiel/administration/finances-et-mobilite/mobilite-et-amenagements-publics.html,fr,high,Verified; Mobility and Public Space Development service.,,
winterthur_ch,Winterthur,CH,city_contact,https://stadt.winterthur.ch/kontakt-und-oeffnungszeiten-der-stadtverwaltung,de,high,Verified; contact and opening hours of city administration.,,
winterthur_ch,Winterthur,CH,city_mobility,https://stadt.winterthur.ch/themen/mobilitaet/mobilitaetsplanung,de,high,Verified; mobility planning page (cycling page: /themen/mobilitaet/velo-e-bike).,,
zurich_ch,Zurich,CH,city_contact,https://www.stadt-zuerich.ch/prd/en/index/service/contact.html,en,medium,Contact directory; no working German URL found,,
zurich_ch,Zurich,CH,city_mobility,https://www.stadt-zuerich.ch/de/mobilitaet/velo.html,de,high,City cycling page on official domain.,,
brno_cz,Brno,CZ,city_contact,https://www.brno.cz/kontakty,cs,high,Verified; city contacts page.,,
brno_cz,Brno,CZ,city_mobility,https://www.brno.cz/w/odbor-dopravy,cs,high,Verified; Transport Department (Odbor dopravy) of the city hall.,,
liberec_cz,Liberec,CZ,city_contact,https://www.liberec.cz/cz/mesto-samosprava/zakladni-kontaktni-udaje/,cs,high,Basic contact details of Statutární město Liberec (checked in browser),,
liberec_cz,Liberec,CZ,city_mobility,https://www.liberec.cz/cz/prakticke-informace/doprava-udrzba-komunikaci/,cs,medium,Transport and road maintenance section (checked in browser),,
olomouc_cz,Olomouc,CZ,city_contact,https://www.olomouc.eu/kontakty,cs,high,Verified; city contacts page.,,
olomouc_cz,Olomouc,CZ,city_mobility,https://www.olomouc.eu/magistrat/odbory-magistratu/odbor-dopravy/odbor,cs,high,Verified; Transport Department page (no cycling-specific page found).,,
ostrava_cz,Ostrava,CZ,city_contact,https://ostrava.cz/cs/urad/kontakty/kontakty,cs,high,Verified; city hall workplaces and contacts.,,
ostrava_cz,Ostrava,CZ,city_mobility,https://ostrava.cz/cs/urad/magistrat/odbory-magistratu/odbor-dopravy,cs,high,Verified; Transport Department of the city hall.,,
pilsen_cz,Pilsen,CZ,city_contact,https://plzen.eu/o-meste/kontakty/pro-obcany/,cs,high,Verified; contacts for citizens.,,
pilsen_cz,Pilsen,CZ,city_mobility,https://plzen.eu/doprava/,cs,medium,"Verified; city transport section, not a department contact page.",,
prague_cz,Prague,CZ,city_contact,https://praha.eu/magistrat-kontakt,cs,high,Magistrát hl. m. Prahy contact page (checked in browser),,
prague_cz,Prague,CZ,city_mobility,https://praha.eu/aktivni_mobilita,cs,medium,Active mobility (cycling/walking) page of the city portal (checked in browser),,
aachen_de,Aachen,DE,city_contact,https://www.aachen.de/kontakt/,de,high,Stadt Aachen general contact (Call Aachen 0241 432-0),,
aachen_de,Aachen,DE,city_mobility,https://serviceportal.aachen.de/suche/-/vr-bis-detail/einrichtung/6160290/show,de,medium,Fachbereich Mobilität und Verkehr (FB 68) entry on city service portal; no cycling-specific contact page,,
augsburg_de,Augsburg,DE,city_contact,https://www.augsburg.de/kontakt,de,high,Official city contact page; loaded OK.,,
augsburg_de,Augsburg,DE,city_mobility,https://www.augsburg.de/buergerservice-rathaus/verkehr/radverkehr,de,high,City cycling page under Verkehr; loaded OK.,,
bergischgladbach_de,Bergisch Gladbach,DE,city_contact,https://www.bergischgladbach.de/kontakt.aspx,de,high,Official contact page; loaded OK.,,
bergischgladbach_de,Bergisch Gladbach,DE,city_mobility,https://www.bergischgladbach.de/radverkehr.aspx,de,medium,"City cycling page; loaded OK, responsible office not checked.",,
berlin_de,Berlin,DE,city_contact,https://www.berlin.de/wir-ueber-uns/kontakt/,de,high,Berlin.de contact page; loaded OK.,,
berlin_de,Berlin,DE,city_mobility,https://www.berlin.de/sen/uvk/,de,high,"Senate Department for Mobility, Transport, Climate and Environment; loaded OK.",,
bielefeld_de,Bielefeld,DE,city_contact,https://www.bielefeld.de/kontakt,de,high,Official contact page; loaded OK.,,
bielefeld_de,Bielefeld,DE,city_mobility,https://www.bielefeld.de/mobilitaet,de,medium,"City mobility topic page; loaded OK, not cycling-specific.",,
bochum_de,Bochum,DE,city_contact,https://www.bochum.de/Kontakt-zu-Ihrer-Stadtverwaltung,de,high,Official contact page; loaded OK.,,
bochum_de,Bochum,DE,city_mobility,https://www.bochum.de/E-Mobilitaet-/-Verkehr-/-Parken-/-Baustellen,de,medium,"City traffic and mobility topic page; loaded OK, not cycling-specific.",,
bonn_de,Bonn,DE,city_contact,https://www.bonn.de/service-angebote/kontakt/index.php,de,high,Official contact page; loaded OK.,,
bonn_de,Bonn,DE,city_mobility,https://www.bonn.de/themen-entdecken/verkehr-mobilitaet/radverkehr.php,de,high,City cycling page; loaded OK.,,
bottrop_de,Bottrop,DE,city_contact,https://www.bottrop.de/service/kontakt.php,de,high,Official contact page; loaded OK.,,
bottrop_de,Bottrop,DE,city_mobility,https://www.bottrop.de/wohnen-stadtquartier-verkehr/fussverkehr/radverkehr/radverkehr-in-bottrop.php,de,high,City cycling page (Radverkehr in Bottrop) found via site sitemap.,,
braunschweig_de,Braunschweig,DE,city_contact,https://www.braunschweig.de/kontakt.php,de,high,Official contact page; loaded OK.,,
braunschweig_de,Braunschweig,DE,city_mobility,https://www.braunschweig.de/leben/stadtplan_verkehr/radverkehr/index.php,de,high,City cycling page; loaded OK.,,
bremen_de,Bremen,DE,city_contact,https://www.service.bremen.de/,de,medium,"Serviceportal Bremen (Bürgertelefon 115); bremen.de is run by WFB, not the administration",,
bremen_de,Bremen,DE,city_mobility,https://bau.bremen.de/ressort/kontakt-1476,de,high,"Senatorin für Bau, Mobilität und Stadtentwicklung. Cycling page: https://bau.bremen.de/mobilitaet/radverkehr-14567",,
bremerhaven_de,Bremerhaven,DE,city_contact,https://www.bremerhaven.de/de/,de,medium,Homepage loads; lists Behördenrufnummer 115; no dedicated contact page,,
bremerhaven_de,Bremerhaven,DE,city_mobility,https://www.bremerhaven.de/de/leben-arbeiten-gesundheit/mobilitaet/mobilitaet.24888.html,de,medium,Mobilität section (checked in browser),,
chemnitz_de,Chemnitz,DE,city_contact,https://www.chemnitz.de/de/aktuell/kontakt,de,high,Kontakt page linked from city site (checked in browser),,
chemnitz_de,Chemnitz,DE,city_mobility,https://www.chemnitz.de/de/unsere-stadt/verkehr/fussgaenger_radfahrer,de,medium,Fußgänger/Radfahrer page (checked in browser),,
cologne_de,Cologne,DE,city_contact,https://www.stadt-koeln.de/service/kontakt/index.html,de,high,Official contact page; loaded OK.,,
cologne_de,Cologne,DE,city_mobility,https://www.stadt-koeln.de/leben-in-koeln/verkehr/mobilitaet/,de,medium,"City mobility topic page; loaded OK, not cycling-specific.",,
cottbus_de,Cottbus,DE,city_contact,https://cottbus.de/verwaltung/,de,medium,Administration overview page; no general contact page found.,,
cottbus_de,Cottbus,DE,city_mobility,https://cottbus.de/verwaltung/gb-2/fb-61-stadtentwicklung/verkehrsplanung/radverkehr/,de,high,Traffic planning cycling page of FB 61; loaded OK.,,
darmstadt_de,Darmstadt,DE,city_contact,https://www.darmstadt.de/,de,medium,Homepage loads; no general contact page in navigation,,
darmstadt_de,Darmstadt,DE,city_mobility,https://www.darmstadt.de/leben/mobilitaet/radverkehr,de,medium,Radverkehr page (checked in browser),,
dortmund_de,Dortmund,DE,city_contact,https://www.dortmund.de/allgemeines/kontakt/,de,high,Official contact page; loaded OK.,,
dortmund_de,Dortmund,DE,city_mobility,https://www.dortmund.de/rathaus/verwaltung/stadtplanungs-und-bauordnungsamt/mobilitaetsplanung/,de,high,Mobilitätsplanung division page of Stadtplanungs- und Bauordnungsamt.,,
dresden_de,Dresden,DE,city_contact,https://www.dresden.de/de/sonstiges/kontakt.php,de,high,Official contact page; loaded OK.,,
dresden_de,Dresden,DE,city_mobility,https://www.dresden.de/de/stadtraum/verkehr/rad.php,de,high,City cycling page; loaded OK.,,
duisburg_de,Duisburg,DE,city_contact,https://www.duisburg.de/,de,medium,Homepage loads; no general contact page in navigation,,
duisburg_de,Duisburg,DE,city_mobility,https://www.duisburg.de/microsites/pbv/,de,medium,"Microsite for building, planning and traffic; loaded OK.",,
dusseldorf_de,Düsseldorf,DE,city_contact,https://www.duesseldorf.de/infonav/kontakt,de,high,Official contact page; loaded OK.,,
dusseldorf_de,Düsseldorf,DE,city_mobility,https://www.duesseldorf.de/radverkehr,de,high,City cycling page; loaded OK.,,
erfurt_de,Erfurt,DE,city_contact,https://www.erfurt.de/ef/de/service/impressum/kontakt/index.html,de,high,Kontakt page linked from city portal (checked in browser),,
erfurt_de,Erfurt,DE,city_mobility,https://www.erfurt.de/ef/de/leben/verkehr/index.html,de,medium,Verkehr und Mobilität section (checked in browser),,
erlangen_de,Erlangen,DE,city_contact,https://erlangen.de/kontakt,de,medium,"Redirects to erlangen.de/amt/2212 (city page); loaded OK, unclear if general contact.",,
erlangen_de,Erlangen,DE,city_mobility,https://erlangen.de/themenseite/aktiv/fahrrad,de,high,City cycling page with contact box of the municipal cycling officer (Radbeauftragte).,,
essen_de,Essen,DE,city_contact,https://www.essen.de/kontakt.de.html,de,high,Official contact page; loaded OK.,,
essen_de,Essen,DE,city_mobility,https://www.essen.de/leben/mobilitaet/radfahren_1/radfahren_in_essen__.de.jsp,de,high,City cycling page; loaded OK.,,
frankfurtammain_de,Frankfurt Am Main,DE,city_contact,https://frankfurt.de/kontakt-zur-stadt,de,high,Kontakt zur Stadt page (checked in browser),,
frankfurtammain_de,Frankfurt Am Main,DE,city_mobility,https://www.radfahren-ffm.de/,de,medium,"City cycling office site (Radfahrbüro); loaded, not a contact page.",,
freiburgimbreisgau_de,Freiburg Im Breisgau,DE,city_contact,https://www.freiburg.de/kontakt/index.html,de,high,Official contact-to-administration page.,,
freiburgimbreisgau_de,Freiburg Im Breisgau,DE,city_mobility,https://www.freiburg.de/radverkehr/index.html,de,medium,Official cycling page; no dedicated department contact page found.,,
furth_de,Fürth,DE,city_contact,https://www.fuerth.de/,de,medium,Homepage loads; no general contact page in navigation,,
furth_de,Fürth,DE,city_mobility,https://www.fuerth.de/bauen-mobilitaet/mobilitaet/fuerth-faehrt-rad/,de,high,Fürth fährt Rad cycling page (checked in browser),,
gelsenkirchen_de,Gelsenkirchen,DE,city_contact,https://www.gelsenkirchen.de/de/Rathaus/Buergerservice/index.aspx,de,medium,"Loaded; Bürgerservice overview, no dedicated contact page found.",,
gelsenkirchen_de,Gelsenkirchen,DE,city_mobility,https://www.gelsenkirchen.de/de/Infrastruktur/Verkehr/Radverkehr,de,medium,Official cycling page; loaded.,,
gottingen_de,Göttingen,DE,city_contact,https://www.goettingen.de/rathaus/services-fuer-buerger-innen/,de,medium,"Loaded; citizen services overview, no dedicated contact page found.",,
gottingen_de,Göttingen,DE,city_mobility,https://www.goettingen.de/leben/mobilitaet/radfahren/,de,medium,Official cycling page; loaded.,,
gutersloh_de,Gütersloh,DE,city_contact,https://www.guetersloh.de/de/kontakt/,de,high,Official contact form page.,,
gutersloh_de,Gütersloh,DE,city_mobility,https://www.guetersloh.de/de/rathaus/fachbereiche-und-einrichtungen/stadtplanung/verkehrsplanung.php,de,medium,Traffic planning unit of city planning department; loaded.,,
hagen_de,Hagen,DE,city_contact,https://services.hagen.de/contact/,de,high,Kontakt page linked from city homepage (checked in browser),,
hagen_de,Hagen,DE,city_mobility,https://www.hagen.de/aus-dem-rathaus/fachbereiche-und-aemter/fachbereiche-a-z/fachbereich-verkehr-und-mobilitaet/,de,high,Fachbereich Verkehr und Mobilität (checked in browser),,
halle_de,Halle,DE,city_contact,https://halle.de/verwaltung-stadtrat/stadtverwaltung/zentrale-ansprechpartner,de,high,Central contact points of city administration.,,
halle_de,Halle,DE,city_mobility,https://halle.de/verwaltung-stadtrat/stadtverwaltung/verwaltungsorganisation/oe-information/abteilung-verkehrsplanung/396610636,de,medium,Traffic planning division within Fachbereich Tiefbau; loaded.,,
hamburg_de,Hamburg,DE,city_contact,https://www.hamburg.de/leben-in-hamburg/buergerservice,de,medium,"Loaded; Bürgerservice portal page, no single city-wide contact page found.",,
hamburg_de,Hamburg,DE,city_mobility,https://www.hamburg.de/politik-und-verwaltung/behoerden/bvm/kontakt,de,high,Contact page of Behörde für Verkehr und Mobilitätswende.,,
hamm_de,Hamm,DE,city_contact,https://www.hamm.de/kontakt,de,high,Official contact page.,,
hamm_de,Hamm,DE,city_mobility,https://www.hamm.de/verkehr,de,medium,Traffic/mobility overview page; loaded.,,
hanover_de,Hanover,DE,city_contact,https://www.hannover.de/Kontakt,de,high,Official contact page.,,
hanover_de,Hanover,DE,city_mobility,https://www.hannover.de/Leben-in-der-Region-Hannover/Verwaltungen-Kommunen/Die-Verwaltung-der-Landeshauptstadt-Hannover/Dezernate-und-Fachbereiche-der-LHH/Stadtentwicklung-und-Bauen/Fachbereich-Tiefbau,de,medium,"Fachbereich Tiefbau (Dezernat Stadtentwicklung und Bauen); loaded, mobility role assumed.",,
heidelberg_de,Heidelberg,DE,city_contact,https://www.heidelberg.de/kontakt,de,high,Official contact page.,,
heidelberg_de,Heidelberg,DE,city_mobility,https://www.heidelberg.de/HD/Leben/Verkehrsplanung.html,de,medium,Official traffic planning page; loaded.,,
heilbronn_de,Heilbronn,DE,city_contact,https://www.heilbronn.de/kontakt,de,high,Official contact page.,,
heilbronn_de,Heilbronn,DE,city_mobility,https://www.heilbronn.de/umwelt-mobilitaet.html,de,medium,Environment and mobility section page; loaded.,,
herne_de,Herne,DE,city_contact,https://www.herne.de/Technische-Seiten/Kontakt/,de,high,Official contact page.,,
herne_de,Herne,DE,city_mobility,https://www.herne.de/Wirtschaft-und-Infrastruktur/Verkehr/,de,medium,Official traffic section page; loaded.,,
hildesheim_de,Hildesheim,DE,city_contact,https://www.stadt-hildesheim.de/portal/kontakt.html,de,high,Official contact page.,,
hildesheim_de,Hildesheim,DE,city_mobility,https://www.stadt-hildesheim.de/wirtschaft-bauen/stadtplanung-und-stadtentwicklung/stadtentwicklung/radverkehr/,de,medium,Official cycling page under urban planning; loaded.,,
ingolstadt_de,Ingolstadt,DE,city_contact,https://www.ingolstadt.de/kontakt,de,medium,Loaded; page title is generic 'Stadtverwaltung Ingolstadt'.,,
ingolstadt_de,Ingolstadt,DE,city_mobility,https://www.ingolstadt.de/Rathaus/Verkehr/,de,medium,Official traffic section page; loaded.,,
jena_de,Jena,DE,city_contact,https://service.jena.de/de/kontakt-zur-stadtverwaltung,de,high,Official contact page of city administration.,,
jena_de,Jena,DE,city_mobility,https://mobilitaet.jena.de/de/fahrradfahren,de,medium,"Official city mobility portal, cycling page; loaded.",,
karlsruhe_de,Karlsruhe,DE,city_contact,https://www.karlsruhe.de/kontakt,de,high,General contact form page.,,
karlsruhe_de,Karlsruhe,DE,city_mobility,https://www.karlsruhe.de/mobilitaet-stadtbild,de,medium,Mobility and cityscape section page; loaded.,,
kassel_de,Kassel,DE,city_contact,https://www.kassel.de/kontakt,de,high,Official contact page.,,
kassel_de,Kassel,DE,city_mobility,https://www.kassel.de/buerger/verkehr_und_mobilitaet/index.php,de,medium,Traffic and mobility section page; loaded.,,
kiel_de,Kiel,DE,city_contact,https://www.kiel.de/de/_info/kontakt.php,de,high,Official contact page.,,
kiel_de,Kiel,DE,city_mobility,https://www.kiel.de/de/umwelt_verkehr/mobilitaet/index.php,de,medium,Official mobility and traffic page; loaded.,,
koblenz_de,Koblenz,DE,city_contact,https://www.koblenz.de/kontakt/,de,high,"Official contact page, loaded.",,
koblenz_de,Koblenz,DE,city_mobility,https://www.koblenz.de/umwelt-und-planung/mobilitaet/,de,medium,City mobility section; has a Radfahren subpage.,,
krefeld_de,Krefeld,DE,city_contact,https://www.krefeld.de/online-kontakt,de,high,"Online contact page of the city, loaded.",,
krefeld_de,Krefeld,DE,city_mobility,https://www.krefeld.de/fairkehr,de,medium,City page on traffic and cycling safety (Fairkehr); no dedicated office contact page found.,,
leipzig_de,Leipzig,DE,city_contact,https://www.leipzig.de/kontakt,de,high,"City contact form, loaded.",,
leipzig_de,Leipzig,DE,city_mobility,https://www.leipzig.de/leben-in-leipzig/verkehr/fahrrad,de,medium,Official cycling section within the city transport pages.,,
leverkusen_de,Leverkusen,DE,city_contact,https://www.leverkusen.de/service/kontakt,de,high,"Contact and opening hours page, loaded.",,
leverkusen_de,Leverkusen,DE,city_mobility,https://www.leverkusen.de/stadt-entwickeln/mobilitaet,de,medium,City mobility section.,,
lubeck_de,Lübeck,DE,city_contact,https://www.luebeck.de/de/buergerservice/anliegenmanagement/anliegenmanagement,de,medium,Anliegenmanagement contact page; no general Kontakt page found.,,
lubeck_de,Lübeck,DE,city_mobility,https://www.luebeck.de/de/stadtentwicklung/radverkehr/radverkehr,de,medium,City cycling page under Stadtentwicklung.,,
ludwigshafenamrhein_de,Ludwigshafen Am Rhein,DE,city_contact,https://ludwigshafen.de/kontakt,de,high,Kontakt page (checked in browser),,
ludwigshafenamrhein_de,Ludwigshafen Am Rhein,DE,city_mobility,https://ludwigshafen.de/standort-mit-zukunft/mobilitaet/radfahren,de,medium,Radfahren page (checked in browser),,
magdeburg_de,Magdeburg,DE,city_contact,https://www.magdeburg.de/B%C3%BCrger-Stadt/Verwaltung-Service/Kontakt/,de,high,"Official contact page, loaded.",,
magdeburg_de,Magdeburg,DE,city_mobility,https://www.magdeburg.de/B%C3%BCrger-Stadt/Leben-in-Magdeburg/Verkehr/,de,high,Page of Fachbereich Mobilität und technische Infrastruktur.,,
mainz_de,Mainz,DE,city_contact,https://www.mainz.de/vv/produkte/hauptamt/buerger-innen-beratung-kontaktieren,de,medium,Bürger:innen-Beratung contact page; no separate general Kontakt page found.,,
mainz_de,Mainz,DE,city_mobility,https://www.mainz.de/angebote-entdecken/mobiliaet-und-verkehr/,de,medium,City Mobilität und Verkehr section.,,
mannheim_de,Mannheim,DE,city_contact,https://www.mannheim.de/de/kontakt,de,high,"Central contact page (tel. 115), loaded.",,
mannheim_de,Mannheim,DE,city_mobility,https://www.mannheim.de/de/service-bieten/verkehr,de,medium,City transport section; not a department contact page.,,
moers_de,Moers,DE,city_contact,https://www.moers.de/rathaus-politik/fachbereiche-und-einrichtungen/buergerservice,de,medium,Bürgerservice page; no general Kontakt page found.,,
moers_de,Moers,DE,city_mobility,https://www.moers.de/rathaus-politik/fachbereiche-und-einrichtungen/082-fachdienst-strassen-und-verkehrsplanung,de,medium,"Fachdienst Straßen- und Verkehrsplanung, URL taken from official site navigation.",,
monchengladbach_de,Mönchengladbach,DE,city_contact,https://www.moenchengladbach.de/kontakt,de,high,"Official contact page, loaded.",,
monchengladbach_de,Mönchengladbach,DE,city_mobility,https://www.moenchengladbach.de/rathaus/buergerinfo-a-z/planen-bauen-mobilitaet-umwelt-dezernat-vi,de,medium,"Dezernat VI Planen, Bauen, Mobilität, Umwelt.",,
mulheimanderruhr_de,Mülheim An Der Ruhr,DE,city_contact,https://cms.muelheim-ruhr.de/kontakt,de,medium,Loaded; homepage redirects to the cms. subdomain of the official site.,,
mulheimanderruhr_de,Mülheim An Der Ruhr,DE,city_mobility,https://cms.muelheim-ruhr.de/stadtraum/mobilitaet/mit-dem-fahrrad,de,medium,Official cycling page under Mobilität.,,
munich_de,Munich,DE,city_contact,https://stadt.muenchen.de/rathaus/kontakt.html,de,high,"Official city contact page, loaded.",,
munich_de,Munich,DE,city_mobility,https://stadt.muenchen.de/infos/mobilitaetsreferat.html,de,medium,"Loaded, but page title generic; intended as Mobilitätsreferat page.",,
munster_de,Münster,DE,city_contact,https://www.stadt-muenster.de/kontakt,de,high,"Contact page of the city administration, loaded.",,
munster_de,Münster,DE,city_mobility,https://www.stadt-muenster.de/verkehrsplanung,de,medium,City Mobilität / Verkehrsplanung page.,,
neuss_de,Neuss,DE,city_contact,https://www.neuss.de/kontakt,de,high,"Official contact page, loaded.",,
neuss_de,Neuss,DE,city_mobility,https://www.neuss.de/infos/mobilitaet,de,medium,City Mobilität und Verkehr section.,,
nuremberg_de,Nuremberg,DE,city_contact,https://www.nuernberg.de/internet/stadtportal/kontakt.html,de,high,"Official contact page, loaded.",,
nuremberg_de,Nuremberg,DE,city_mobility,https://www.nuernberg.de/internet/stadtportal/radfahren.html,de,high,Official Radverkehr page.,,
oberhausen_de,Oberhausen,DE,city_contact,https://www.oberhausen.de/kontakt.php,de,high,General contact page loaded,,
oberhausen_de,Oberhausen,DE,city_mobility,https://www.oberhausen.de/de/index/rathaus/verwaltung/stadtplanung-bauen-mobilitat-umwelt/mobilitat/verkehrsplanung-undsignalwesen.php,de,medium,Verkehrsplanung und Signalwesen page under Mobilität.,,
offenbachammain_de,Offenbach Am Main,DE,city_contact,https://www.offenbach.de/service/kontakt.php,de,high,"Official contact form page, loaded.",,
offenbachammain_de,Offenbach Am Main,DE,city_mobility,https://www.offenbach.de/buerger_innen/verkehr-mobilitaet/mit-dem-fahrrad/index.php,de,medium,City cycling page (Bike Offenbach).,,
oldenburg_de,Oldenburg,DE,city_contact,https://serviceportal.oldenburg.de/kontakt/,de,high,Kontaktformular of Stadt Oldenburg service portal (checked in browser),,
oldenburg_de,Oldenburg,DE,city_mobility,https://www.oldenburg.de/startseite/stadtraum/verkehr-mobilitaet.html,de,medium,City Verkehr und Mobilität section.,,
osnabruck_de,Osnabrück,DE,city_contact,https://www.osnabrueck.de/de/kontakt/,de,high,"Official contact page, loaded.",,
osnabruck_de,Osnabrück,DE,city_mobility,https://mobil.osnabrueck.de/de/kontakt/,de,medium,Contact page of the city Mobil portal on official subdomain.,,
paderborn_de,Paderborn,DE,city_contact,https://www.paderborn.de/service/kontakt.php,de,high,General contact page of the city administration.,,
paderborn_de,Paderborn,DE,city_mobility,https://www.paderborn.de/wohnen-soziales/mobilitaet/mobilitaet.php,de,medium,City mobility overview page; no dedicated department contact page found.,,
pforzheim_de,Pforzheim,DE,city_contact,https://www.pforzheim.de/kontakt.html,de,high,General contact page of the city.,,
pforzheim_de,Pforzheim,DE,city_mobility,https://www.pforzheim.de/stadt/mobilitaet/radverkehr.html,de,high,City cycling page under Mobilität.,,
potsdam_de,Potsdam,DE,city_contact,https://www.potsdam.de/de/kontakt,de,high,General contact page of the state capital administration.,,
potsdam_de,Potsdam,DE,city_mobility,https://www.potsdam.de/de/kategorie/verkehrsentwicklung,de,medium,City traffic development topic page; cycling pages also on mobil-potsdam.de.,,
recklinghausen_de,Recklinghausen,DE,city_contact,https://www.recklinghausen.de/Inhalte/Startseite/_Kontakt_Startseite/index.asp,de,high,General contact page of the city.,,
recklinghausen_de,Recklinghausen,DE,city_mobility,https://www.recklinghausen.de/Inhalte/Startseite/Klima_Mobilitaet/Mobilitaet/Radfahren_in_Recklinghausen/index.asp,de,medium,Official city cycling page under Klima und Mobilitaet,,
regensburg_de,Regensburg,DE,city_contact,https://www.regensburg.de/rathaus/kontakt,de,medium,"Contact page; site later returned a bot block, page title generic.",,
regensburg_de,Regensburg,DE,city_mobility,https://www.regensburg.de/leben/mobilitaet/radverkehr,de,medium,"City cycling page (Amt für Stadtplanung und Mobilität); loaded once, bot block later.",,
remscheid_de,Remscheid,DE,city_contact,https://www.remscheid.de/kontaktmoeglichkeiten/kontakt.php,de,high,Contact page of the city administration.,,
remscheid_de,Remscheid,DE,city_mobility,https://www.remscheid.de/vv/oe/4/4.12.5.php,de,high,Department page Verkehrsplanung OePNV (4.12.5) with cycling contact,,
reutlingen_de,Reutlingen,DE,city_contact,https://www.reutlingen.de/kontakt,de,high,General contact page of the city.,,
reutlingen_de,Reutlingen,DE,city_mobility,https://www.reutlingen.de/de/Rathaus/Rathaus-Themen/Verkehr-und-Mobilitaet,de,medium,City traffic and mobility topic page.,,
rostock_de,Rostock,DE,city_contact,https://rathaus.rostock.de/de/kontakt/249228,de,high,City hall contact page; rostock.de itself is the tourism site.,,
rostock_de,Rostock,DE,city_mobility,https://rathaus.rostock.de/de/wirtschaft_verkehr/mobilitaet/249738,de,medium,"City mobility page (Amt für Stadtentwicklung, Stadtplanung und Mobilität).",,
saarbrucken_de,Saarbrücken,DE,city_contact,https://www.saarbruecken.de/fusszeile/kontakt,,high,Kontakt page of Landeshauptstadt Saarbrücken (checked in browser),,
saarbrucken_de,Saarbrücken,DE,city_mobility,https://www.saarbruecken.de/leben_in_saarbruecken/mobilitaet/radfahren_in_saarbruecken,de,high,Mit dem Rad page (checked in browser),,
salzgitter_de,Salzgitter,DE,city_contact,https://www2.salzgitter.de/rathaus/buergerservice/kontakt-oeffnungszeiten.php,de,medium,Contact and opening hours page; site has TLS certificate issues on www.,,
salzgitter_de,Salzgitter,DE,city_mobility,https://www.salzgitter.de/rathaus/fachdienste/tiefbau/,de,low,Fachdienst Tiefbau und Verkehr path inferred from official document URLs; not loaded (TLS chain error),,
siegen_de,Siegen,DE,city_contact,https://www.siegen.de/kontakt,de,high,Contact page of the city.,,
siegen_de,Siegen,DE,city_mobility,https://www.siegen.de/leben-in-siegen/verkehr-und-mobilitaet,de,medium,City traffic and mobility page including cycling topics.,,
solingen_de,Solingen,DE,city_contact,https://service.solingen.de/kontakt/-/egov-kontakt/dienstleistung/1279471,de,high,Serviceportal Hilfe und Kontakt form with city address and phone loaded,,
solingen_de,Solingen,DE,city_mobility,https://service.solingen.de/detail/-/vr-bis-detail/einrichtung/4966/show,de,high,Service portal contact page of department 61 Planung Mobilitaet Denkmalpflege,,
stuttgart_de,Stuttgart,DE,city_contact,https://www.stuttgart.de/service/kontakt/,de,high,General contact form page of the state capital.,,
stuttgart_de,Stuttgart,DE,city_mobility,https://www.stuttgart.de/organigramm/verwaltungseinheit/abteilung-mobilitaet,de,high,Abteilung Mobilität organisational page.,,
trier_de,Trier,DE,city_contact,https://www.trier.de/service/kontakt-stadtverwaltung,de,high,Contact page of the city administration.,,
trier_de,Trier,DE,city_mobility,https://www.trier.de/leben-in-trier/verkehr-mobilitaet/radverkehr,de,medium,City cycling page.,,
ulm_de,Ulm,DE,city_contact,https://www.ulm.de/sonderseiten/formulare/kontakt/kontaktformular-allgemein,de,high,General contact form of Stadt Ulm (checked in browser),,
ulm_de,Ulm,DE,city_mobility,https://www.ulm.de/leben-in-ulm/verkehr-und-mobilitaet/radverkehr,de,high,Radverkehr page of Stadt Ulm (checked in browser),,
wiesbaden_de,Wiesbaden,DE,city_contact,https://www.wiesbaden.de/service/kontakt,de,high,Contact page of the state capital.,,
wiesbaden_de,Wiesbaden,DE,city_mobility,https://www.wiesbaden.de/leben-wohnen/mobilitaet/,de,medium,City mobility topic page.,,
wolfsburg_de,Wolfsburg,DE,city_contact,https://www.wolfsburg.de/rathaus/stadtverwaltung,de,medium,City administration overview page; no dedicated contact page found.,,
wolfsburg_de,Wolfsburg,DE,city_mobility,https://www.wolfsburg.de/mobilitaetverkehr/radfahren,de,medium,City cycling page under Mobilität und Verkehr.,,
wuppertal_de,Wuppertal,DE,city_contact,https://www.wuppertal.de/service/kontakt.php,de,high,Kontakt page (checked in browser),,
wuppertal_de,Wuppertal,DE,city_mobility,https://serviceportal.wuppertal.de/suche/-/vr-bis-detail/einrichtung/2724/show,de,high,Service portal contact page of Ressort 104 Strassen und Verkehr,,
wurzburg_de,Würzburg,DE,city_contact,https://www.wuerzburg.de/infos/kontakt,de,high,Kontakt page of Stadt Würzburg (checked in browser),,
wurzburg_de,Würzburg,DE,city_mobility,https://www.wuerzburg.de/themen/bauen-planen/tiefbau-verkehrswesen/verkplan,de,medium,Tiefbau traffic management page; no cycling-specific page found.,,
aalborg_dk,Aalborg,DK,city_contact,https://www.aalborg.dk/kontakt/,da,high,Verified; municipality contact page.,,
aalborg_dk,Aalborg,DK,city_mobility,https://www.aalborg.dk/mit-liv/trafik-og-parkering/,da,medium,"Verified; traffic and parking section, not cycling-specific.",,
aarhus_dk,Aarhus,DK,city_contact,https://aarhus.dk/kontakt-borgerservice,da,high,Previous URL verified as Borgerservice contact page,,
aarhus_dk,Aarhus,DK,city_mobility,https://aarhus.dk/borger/trafik-og-parkering/trafik/paa-cykel-i-aarhus,da,medium,Cycling page with Teknik og Miljø contact,,
copenhagen_dk,Copenhagen,DK,city_contact,https://www.kk.dk/kontakt,da,high,Københavns Kommune contact,,
copenhagen_dk,Copenhagen,DK,city_mobility,https://www.kk.dk/kontaktoversigt/om-kommunen/forvaltninger/klima-miljoe-og-teknikforvaltningen,da,high,"Klima-, Miljø- og Teknikforvaltningen (mobility, cycle infrastructure)",,
esbjerg_dk,Esbjerg,DK,city_contact,https://www.esbjerg.dk/om-kommunen/kontakt-esbjerg-kommune,da,high,Kontakt Esbjerg Kommune page (checked in browser),,
esbjerg_dk,Esbjerg,DK,city_mobility,https://www.esbjerg.dk/planer-projekter-og-trafik,da,medium,Planer projekter og trafik section (checked in browser),,
frederiksberg_dk,Frederiksberg,DK,city_contact,https://www.frederiksberg.dk/kommunen/forvaltning-og-fakta-om-kommunen/kontakt,da,high,Verified; municipality contact page.,,
frederiksberg_dk,Frederiksberg,DK,city_mobility,https://www.frederiksberg.dk/by-bolig-og-miljoe/trafik,da,medium,"Verified; traffic section, not cycling-specific.",,
odense_dk,Odense,DK,city_contact,https://www.odense.dk/om-kommunen/kontakt-til-kommunen,da,high,Verified; contact the municipality.,,
odense_dk,Odense,DK,city_mobility,https://www.odense.dk/borger/trafik-og-veje,da,medium,"Verified; traffic and roads section, not cycling-specific.",,
vejle_dk,Vejle,DK,city_contact,https://www.vejle.dk/da/om-os/kontakt-os/,da,high,Verified; municipality contact page.,,
vejle_dk,Vejle,DK,city_mobility,https://www.vejle.dk/da/service-og-selvbetjening/borger/trafik-og-parkering/trafik-bus-og-cykel/,da,high,"Verified; traffic, bus and cycling page.",,
tallinn_ee,Tallinn,EE,city_contact,https://www.tallinn.ee/en/contacts-tallinn-city,en,high,Tallinn general contacts page (helpline and service bureau).,,
tallinn_ee,Tallinn,EE,city_mobility,https://www.tallinn.ee/en/tallinn-transport-department,en,high,"Tallinn Transport Department page with address, phone and email.",,
alcaladehenares_es,Alcalá De Henares,ES,city_contact,https://atencionciudadana.ayto-alcaladehenares.es/,es,high,Atención Ciudadana portal linked from city homepage (checked in browser),,
alcaladehenares_es,Alcalá De Henares,ES,city_mobility,https://movilidad.ayto-alcaladehenares.es/,es,high,Movilidad portal linked from city homepage (checked in browser),,
alcobendas_es,Alcobendas,ES,city_contact,https://www.alcobendas.org/es/contactar,es,high,Contactar SAC page (checked in browser),,
alcobendas_es,Alcobendas,ES,city_mobility,https://www.alcobendas.org/es/ayuntamiento/equipamiento-municipal/oficina-de-la-bicicleta,es,medium,Oficina de la Bicicleta page from search results; not loaded (403).,,
alcorcon_es,Alcorcón,ES,city_contact,https://www.ayto-alcorcon.es/en/contact,en,high,Ayuntamiento de Alcorcón contact page (English version).,,
alcorcon_es,Alcorcón,ES,city_mobility,https://www.ayto-alcorcon.es/en/services/city-development/sustainability-mobility-and-renewables/mobility,en,high,"Department of Sustainability, Mobility and Renewables mobility page.",,
almeria_es,Almería,ES,city_contact,https://almeriaciudad.es/contacto-general,es,high,Contacta con nosotros page (checked in browser),,
almeria_es,Almería,ES,city_mobility,https://almeriaciudad.es/seguridad-movilidad,es,medium,Seguridad y movilidad section linked from homepage (checked in browser),,
badalona_es,Badalona,ES,city_contact,https://www.badalona.cat/ca/ajuntament/atencio-a-la-ciutadania/que-es-el-servei-dantencio-al-ciutada,ca,medium,Citizen service (SAC) page with contact info; no generic contact page found.,,
badalona_es,Badalona,ES,city_mobility,https://www.badalona.cat/ca/serveis-ajuntament/transports-i-mobilitat,ca,high,Council transport and mobility section.,,
barcelona_es,Barcelona,ES,city_contact,https://ajuntament.barcelona.cat/ca/atencio-ciutadana-i-comunicacio/canals-datencio-ciutadana,ca,high,Citizen-service channels (010),,
barcelona_es,Barcelona,ES,city_mobility,https://www.barcelona.cat/mobilitat/ca/mitjans-de-transport/bicicleta,ca,high,Mobilitat cycling page; no separate department contact,,
castellodelaplana_es,Castelló De La Plana,ES,city_contact,https://www.castello.es/es/canales-de-comunicacion-ciudadana,es,low,"Citizen communication channels page; not loaded (connection failed), from search results.",,
castellodelaplana_es,Castelló De La Plana,ES,city_mobility,https://www.castello.es/es/movilidad-urbana,es,medium,City urban mobility page; loaded via WebFetch only (curl reset); no department contact listed.,,
leon_es,León,ES,city_contact,https://www.aytoleon.es/es/contacto/Paginas/default.aspx,es,medium,Loads (200) but page body is a heavy SharePoint shell; title read as 'Contacto'.,,
leon_es,León,ES,city_mobility,https://aytoleon.es/es/inicio/movilidad/Paginas/default.aspx,es,medium,Mobility section (Movilidad) of León city council website.,,
lhospitaletdellobregat_es,L'Hospitalet De Llobregat,ES,city_contact,https://seuelectronica.l-h.cat/185518_1.aspx?id=1,ca,high,Contact page on the city's e-office (linked as 'Contacteu' from l-h.cat).,,
lhospitaletdellobregat_es,L'Hospitalet De Llobregat,ES,city_mobility,https://www.l-h.cat/seguretatciutadana/262625_1.aspx?id=1,ca,high,Public safety and mobility section with cycle lane and bike parking info.,,
madrid_es,Madrid,ES,city_contact,https://www.madrid.es/portales/munimadrid/contacto.html,es,high,Contacto page of Ayuntamiento de Madrid (checked in browser),,
madrid_es,Madrid,ES,city_mobility,https://www.madrid.es/portales/munimadrid/temas/MovilidadYTransporte.html,es,high,Movilidad y transportes portal (checked in browser),,
marbella_es,Marbella,ES,city_contact,https://www.marbella.es/contacto.html,es,high,"Loaded, titled 'Contacto'.",,
marbella_es,Marbella,ES,city_mobility,https://ayuntamiento.marbella.es/gestion-municipal/delegaciones/movilidad.html,es,high,Mobility delegation page of the council.,,
pamplonairuna_es,Pamplona/Iruña,ES,city_contact,https://www.pamplona.es/contacto,es,high,"Loaded, titled 'Contáctanos | Ayuntamiento de Pamplona'.",,
pamplonairuna_es,Pamplona/Iruña,ES,city_mobility,https://www.pamplona.es/temas/movilidad-y-transporte,es,high,Mobility and transport topic page of the city council.,,
parla_es,Parla,ES,city_contact,https://www.ayuntamientoparla.es/,es,low,"Homepage only; site is behind a JS/cookie bot gate, contact page not found or loaded.",,
parla_es,Parla,ES,city_mobility,https://www.ayuntamientoparla.es/servicios/transportes-y-movilidad,es,low,Transport and Mobility service page found via search; not loaded (JS/cookie bot wall).,,
salamanca_es,Salamanca,ES,city_contact,https://www.aytosalamanca.es/atencion-ciudadana,es,medium,Citizen-service page on the council site; no dedicated contact page found (salamanca.es is the tourism site).,,
salamanca_es,Salamanca,ES,city_mobility,https://www.aytosalamanca.es/proteccion-ciudadana,es,medium,Section 'Protección ciudadana y movilidad' of the council site.,,
santacolomadegramenet_es,Santa Coloma De Gramenet,ES,city_contact,https://www.gramenet.cat/seu-electronica/suport/contacte/,ca,high,"Loaded, titled 'Contacte'.",,
santacolomadegramenet_es,Santa Coloma De Gramenet,ES,city_mobility,https://www.gramenet.cat/ajuntament/arees-municipals/medi-ambient/mobilitat/,ca,medium,Official city council mobility page (Medi Ambient area),,
seville_es,Seville,ES,city_contact,https://www.sevilla.org/,es,low,Homepage only; sevilla.org connection reset so not loaded and no contact page found.,,
seville_es,Seville,ES,city_mobility,https://www.sevilla.org/servicios/movilidad,es,low,City mobility service section (path confirmed via official documents); not loaded (connection reset),,
torrejondeardoz_es,Torrejón De Ardoz,ES,city_contact,https://www.ayto-torrejon.es/contacto,es,high,"Loaded, titled 'Contacto | Ayuntamiento de Torrejon'.",,
torrejondeardoz_es,Torrejón De Ardoz,ES,city_mobility,https://www.ayto-torrejon.es/ciudad/transportes,es,medium,Transport page of the city site; general rather than a department contact page.,,
valencia_es,Valencia,ES,city_contact,https://www.valencia.es/ca/val/atencio-ciutadana/sub-atencio-ciutadana,ca,high,Citizen-service channels (010),,
valencia_es,Valencia,ES,city_mobility,https://www.valencia.es/agenciabici/va/contact,ca,high,Agència Municipal de la Bicicleta contact,,
valladolid_es,Valladolid,ES,city_contact,https://www.valladolid.es/es/ayuntamiento/atencion-ciudadana,es,medium,"Citizen-service page (phone 010, in-person); the site's 'Contacto' link redirects to a complaints form.",,
valladolid_es,Valladolid,ES,city_mobility,https://www.valladolid.es/es/ciudad/movilidad-transporte,es,high,Mobility and transport page of the city portal.,,
vigo_es,Vigo,ES,city_contact,https://www.vigo.org/,gl,low,"Homepage only; vigo.org/vigo.gal unreachable (connection reset), not loaded.",,
vigo_es,Vigo,ES,city_mobility,https://hoxe.vigo.org/movemonos/trafico_vigo.php?lang=cas,es,low,Concello de Vigo mobility traffic and transport page from search; not loaded (connection timeout),,
zaragoza_es,Zaragoza,ES,city_contact,https://www.zaragoza.es/sede/portal/contacto/,es,high,"Loaded, titled 'Contacto. Ayuntamiento de Zaragoza'.",,
zaragoza_es,Zaragoza,ES,city_mobility,https://www.zaragoza.es/sede/portal/movilidad/,es,high,Mobility section of the city portal.,,
espoo_fi,Espoo,FI,city_contact,https://www.espoo.fi/fi/kaupunki-ja-paatoksenteko/espoon-kaupungin-yhteystiedot-ja-palaute,fi,high,City contact details and feedback page.,,
espoo_fi,Espoo,FI,city_mobility,https://www.espoo.fi/fi/liikenne-ja-kadut/espoo-pyorailee,fi,medium,Espoo cycling page; parent section is /fi/liikenne-ja-kadut.,,
helsinki_fi,Helsinki,FI,city_contact,https://www.hel.fi/fi/paatoksenteko-ja-hallinto/ota-yhteytta,fi,high,City contact page.,,
helsinki_fi,Helsinki,FI,city_mobility,https://www.hel.fi/fi/kaupunkiymparisto-ja-liikenne/pyoraily,fi,medium,Urban Environment division cycling page; no dedicated contact page found.,,
jyvaskyla_fi,Jyvaskyla,FI,city_contact,https://www.jyvaskyla.fi/info/yhteys/yhteystiedot,fi,high,City contact details page.,,
jyvaskyla_fi,Jyvaskyla,FI,city_mobility,https://www.jyvaskyla.fi/kaupunkisuunnittelu/liikenne-ja-katusuunnittelu/kavely-ja-pyoraily,fi,medium,Walking and cycling page of traffic and street planning.,,
kuopio_fi,Kuopio,FI,city_contact,https://www.kuopio.fi/en/contact-the-city-of-kuopio/,en,high,General city contact page with city hall details.,,
kuopio_fi,Kuopio,FI,city_mobility,https://www.kuopio.fi/en/environment-and-housing/transport/traffic-planning/,en,medium,Traffic planning page found via site navigation; not loaded individually.,,
lahti_fi,Lahti,FI,city_contact,https://www.lahti.fi/yhteystiedot/,fi,high,City contact directory page.,,
lahti_fi,Lahti,FI,city_mobility,https://www.lahti.fi/asuminen-ja-ymparisto/liikenne-ja-kadut/,fi,medium,Transport and streets section incl. cycling; no dedicated contact listed.,,
oulu_fi,Oulu,FI,city_contact,https://www.ouka.fi/yhteystiedot-ja-palaute,fi,high,General contact and feedback page.,,
oulu_fi,Oulu,FI,city_mobility,https://www.ouka.fi/liikenne,fi,medium,Traffic section with cycling links and Oulu10 service contacts.,,
tampere_fi,Tampere,FI,city_contact,https://www.tampere.fi/en/contact-information,en,high,General city contact page.,,
tampere_fi,Tampere,FI,city_mobility,https://www.tampere.fi/en/transport-streets-and-maintenance/cycling-and-walking,en,medium,Cycling and walking page; only general service point contact.,,
turku_fi,Turku,FI,city_contact,https://www.turku.fi/en/services-and-contact-information,en,high,Service and contact hub with general phone and postal address.,,
turku_fi,Turku,FI,city_mobility,https://www.turku.fi/en/traffic-development,en,medium,Traffic development page; no dedicated cycling contact.,,
vantaa_fi,Vantaa,FI,city_contact,https://www.vantaa.fi/en/contact-information,en,high,General city contact page.,,
vantaa_fi,Vantaa,FI,city_mobility,https://www.vantaa.fi/en/traffic-and-transport,en,medium,Traffic and transport section; only general Vantaa-info contact.,,
aixenprovence_fr,Aix-En-Provence,FR,city_contact,https://www.aixenprovence.fr/Nous-contacter-3595,fr,high,Mairie contact page.,,
aixenprovence_fr,Aix-En-Provence,FR,city_mobility,https://ampmetropole.fr/missions/mobilite/,fr,medium,Mobility is run by Métropole Aix-Marseille-Provence.,,
amiens_fr,Amiens,FR,city_contact,https://www.amiens.fr/Liens-utiles/Nous-contacter,fr,high,Official city contact page.,,
amiens_fr,Amiens,FR,city_mobility,https://www.amiens.fr/Vivre-a-Amiens/Mobilite,fr,medium,City mobility page; transport is run by Amiens Métropole.,,
angers_fr,Angers,FR,city_contact,https://www.angers.fr/services-demarches/contacter-la-mairie/index.html,fr,high,Official city contact page.,,
angers_fr,Angers,FR,city_mobility,https://www.angersloiremetropole.fr/mon-quotidien/mobilites/index.html,fr,medium,"Mobility is run by Angers Loire Métropole; general mobility page, not cycling-specific.",,
argenteuil_fr,Argenteuil,FR,city_contact,https://www.argenteuil.fr/fr/contacter,fr,high,City contact form page loaded via WebFetch; previous domain does not resolve,,
argenteuil_fr,Argenteuil,FR,city_mobility,https://www.argenteuil.fr/fr/mobilite-et-deplacements,fr,medium,City mobility page with cycling section; loaded via WebFetch only (curl anti-DDoS 418).,,
besancon_fr,Besançon,FR,city_contact,https://www.besancon.fr/mairie-de-besancon-nous-contacter/,fr,high,Official city contact page.,,
besancon_fr,Besançon,FR,city_mobility,https://www.grandbesancon.fr/grand-besancon-metropole-nous-contacter/,fr,medium,Mobility is run by Grand Besançon Métropole; this is its general contact page.,,
bordeaux_fr,Bordeaux,FR,city_contact,https://mesdemarches.bordeaux.fr/portals/public/services?id=bordeaux&page=DEM_NousContacter_Presentation,fr,medium,Official city contact portal on bordeaux.fr subdomain.,,
bordeaux_fr,Bordeaux,FR,city_mobility,https://www.bordeaux-metropole.fr/metropole/projets-en-cours/deplacements-infrastructures,fr,medium,Mobility is run by Bordeaux Métropole; transport and infrastructure projects page.,,
boulognebillancourt_fr,Boulogne-Billancourt,FR,city_contact,https://www.boulognebillancourt.com/contact,fr,high,Official city contact page.,,
boulognebillancourt_fr,Boulogne-Billancourt,FR,city_mobility,https://www.seineouest.fr/vos-services/mobilite,fr,medium,Mobility is handled by EPT Grand Paris Seine Ouest and Île-de-France Mobilités; this is the EPT mobility page.,,
brest_fr,Brest,FR,city_contact,https://brest.fr/,fr,medium,Official city site; /contact redirects to the homepage.,,
brest_fr,Brest,FR,city_mobility,https://brest.fr/gerer-mon-quotidien/transports/se-deplacer-velo,fr,high,Cycling page on the shared Brest/Brest Métropole site.,,
caen_fr,Caen,FR,city_contact,https://caen.fr/contact,fr,high,Contact page of Ville de Caen (checked in browser),,
caen_fr,Caen,FR,city_mobility,https://caen.fr/velo-pied,fr,medium,À vélo à pied page of Ville de Caen (checked in browser),,
clermontferrand_fr,Clermont-Ferrand,FR,city_contact,https://clermont-ferrand.fr/nous-contacter,fr,high,Nous contacter page linked from city homepage (checked in browser),,
clermontferrand_fr,Clermont-Ferrand,FR,city_mobility,https://www.clermontmetropole.eu/habiter-se-deplacer/deplacement-et-mobilite/a-velo/,fr,high,"Cycling page of Clermont Auvergne Métropole, which runs mobility.",,
dijon_fr,Dijon,FR,city_contact,https://www.dijon.fr/nous-ecrire/,fr,high,Official city contact page.,,
dijon_fr,Dijon,FR,city_mobility,https://www.dijon-metropole.fr/dijon-metropole-a-votre-service/deplacements/,fr,medium,Mobility is run by Dijon Métropole; travel page.,,
grenoble_fr,Grenoble,FR,city_contact,https://www.grenoble.fr/582-contacter-la-ville-de-grenoble.htm,fr,high,Official city contact page.,,
grenoble_fr,Grenoble,FR,city_mobility,https://www.grenoblealpesmetropole.fr/34-contacter-la-metropole.htm,fr,medium,Mobility is run by Grenoble-Alpes Métropole; this is its general contact page.,,
lehavre_fr,Le Havre,FR,city_contact,https://lehavre.fr/contact,fr,high,Official city contact page.,,
lehavre_fr,Le Havre,FR,city_mobility,https://www.lehavreseinemetropole.fr/amonservice/velo,fr,high,Le Havre Seine Métropole cycling page (metropole holds mobility competence).,,
lemans_fr,Le Mans,FR,city_contact,https://www.lemans.fr/contacter-les-services-de-la-ville-du-mans,fr,high,Contact page of Ville du Mans (previous URL was a 404; checked in browser),,
lemans_fr,Le Mans,FR,city_mobility,https://www.lemansmetropole.fr/mon-quotidien/deplacements-et-mobilite/les-mobilites-douces/le-velo,fr,high,Le Mans Métropole cycling page (metropole holds mobility competence).,,
lille_fr,Lille,FR,city_contact,https://www.lille.fr/Contactez-nous,fr,high,Official city contact page.,,
lille_fr,Lille,FR,city_mobility,https://www.lillemetropole.fr/se-deplacer-velo,fr,high,"Cycling page of Métropole Européenne de Lille (MEL), which runs mobility.",,
limoges_fr,Limoges,FR,city_contact,https://www.limoges.fr/contacter,fr,high,Nous contacter page linked from city homepage (checked in browser),,
limoges_fr,Limoges,FR,city_mobility,https://www.limoges-metropole.fr/services/mobilites,fr,high,"Mobility page of Limoges Métropole, which runs mobility.",,
lyon_fr,Lyon,FR,city_contact,https://www.lyon.fr/demarche/contact/nous-contacter-ou-signaler-un-probleme,fr,high,Mairie de Lyon contact,,
lyon_fr,Lyon,FR,city_mobility,https://www.grandlyon.com/mes-services-au-quotidien/se-deplacer,fr,medium,"Mobility is run by Métropole de Lyon, not Ville; Métropole contact: https://www.grandlyon.com/contact",,
marseille_fr,Marseille,FR,city_contact,https://www.marseille.fr/contact,fr,high,Official city contact page.,,
marseille_fr,Marseille,FR,city_mobility,https://ampmetropole.fr/categorie/mobilite-transports/,fr,medium,Mobility is run by Aix-Marseille-Provence Métropole; mobility and transport category page.,,
metz_fr,Metz,FR,city_contact,https://metz.fr/demarches/contacter.php,fr,high,Official city contact page.,,
metz_fr,Metz,FR,city_mobility,https://www.eurometropolemetz.eu/contact,fr,medium,Mobility is run by Metz Métropole (Eurométropole de Metz); general contact page.,,
montpellier_fr,Montpellier,FR,city_contact,https://www.montpellier.fr/,fr,medium,"Shared city/Métropole site; no dedicated contact page found, homepage given.",,
montpellier_fr,Montpellier,FR,city_mobility,https://www.montpellier.fr/actions/competences/transports-mobilites/le-velo,fr,high,"Cycling page of Montpellier Méditerranée Métropole, which runs mobility.",,
montreuil_fr,Montreuil,FR,city_contact,https://www.montreuil.fr/la-mairie/contacts,fr,high,Official city contacts page.,,
montreuil_fr,Montreuil,FR,city_mobility,https://www.est-ensemble.fr/plan-local-de-mobilite-plm,fr,medium,Mobility is handled by EPT Est Ensemble and Île-de-France Mobilités; local mobility plan page.,,
mulhouse_fr,Mulhouse,FR,city_contact,https://www.mulhouse.fr/contact/,fr,high,Official city contact page.,,
mulhouse_fr,Mulhouse,FR,city_mobility,https://www.m2a.fr/mobilites/,fr,high,"Mobility page of Mulhouse Alsace Agglomération (m2A), which runs mobility.",,
nancy_fr,Nancy,FR,city_contact,https://demarches.nancy.fr/contactez-nous/une-autre-requete/,fr,high,Official city contact form on the city's demarches subdomain.,,
nancy_fr,Nancy,FR,city_mobility,https://www.grandnancy.eu/se-deplacer/a-velo,fr,high,"Cycling page of Métropole du Grand Nancy, which runs mobility.",,
nantes_fr,Nantes,FR,city_contact,https://formulaires.eservices-metropole.nantes.fr/contacts-institutionnels/contacter-nantes-ville-metropole/,fr,high,Joint contact form for the city and Nantes Métropole.,,
nantes_fr,Nantes,FR,city_mobility,https://metropole.nantes.fr/mes-services-mon-quotidien/deplacement-stationnement,fr,high,Nantes Métropole travel and parking page; mobility is run by the Métropole.,,
nice_fr,Nice,FR,city_contact,https://www.nice.fr/fr/contact,fr,high,Official city contact page (Allo Mairies).,,
nice_fr,Nice,FR,city_mobility,https://www.nicecotedazur.org/services/transports-et-mobilites/velo/,fr,medium,"Cycling page of Métropole Nice Côte d'Azur, which runs mobility; linked from site nav, not fetched directly.",,
nimes_fr,Nîmes,FR,city_contact,https://www.nimes.fr/nous-contacter,fr,high,Official city contact page.,,
nimes_fr,Nîmes,FR,city_mobility,https://www.nimes.fr/mon-quotidien/deplacement-stationnement,fr,medium,City travel and parking page; Nîmes Métropole holds the mobility competence.,,
orleans_fr,Orléans,FR,city_contact,https://www.orleans.fr/form/contacter-la-mairie-ou-la-metrop,fr,high,Shared contact form for the city and the Métropole.,,
orleans_fr,Orléans,FR,city_mobility,https://www.orleans-metropole.fr/actions-et-services/mobilite-et-deplacements,fr,high,Orléans Métropole mobility page; mobility is run by the Métropole.,,
paris_fr,Paris,FR,city_contact,https://www.paris.fr/pages/contact-232,fr,high,Contacter la Ville de Paris (3975),,
paris_fr,Paris,FR,city_mobility,https://www.paris.fr/en/pages/a-new-cycling-plan-for-a-100-bikeable-city-28350,en,medium,"Plan Vélo page, English only; no DVD contact page found",,
perpignan_fr,Perpignan,FR,city_contact,https://www.mairie-perpignan.fr/la-municipalite/contacts,fr,high,Official city contacts page.,,
perpignan_fr,Perpignan,FR,city_mobility,https://perpignanmediterraneemetropole.fr/les-mobilites/a-pied-velo/,fr,high,"Walking and cycling page of Perpignan Méditerranée Métropole, which runs mobility.",,
reims_fr,Reims,FR,city_contact,https://www.reims.fr/reims-contact-signalement,fr,high,REIMS CONTACT page of Ville de Reims (checked in browser),,
reims_fr,Reims,FR,city_mobility,https://www.reims.fr/qualite-de-vie-environnement/ecologie-urbaine/reims-a-velo,fr,medium,Reims à vélo page; mobility competence lies with Grand Reims,,
rennes_fr,Rennes,FR,city_contact,https://metropole.rennes.fr/contactez-nous/,fr,high,"Contact page of the joint city and Rennes Métropole site, with separate forms for each.",,
rennes_fr,Rennes,FR,city_mobility,https://transport.metropole.rennes.fr/velo/,fr,medium,Rennes Metropole official cycling page in transport section,,
rouen_fr,Rouen,FR,city_contact,https://www.rouen.fr/fr/contact,fr,high,Official city contact page.,,
rouen_fr,Rouen,FR,city_mobility,https://www.metropole-rouen-normandie.fr/mon-quotidien/deplacements,fr,medium,Métropole Rouen Normandie travel page; mobility is run by the Métropole.,,
saintdenis_fr,Saint-Denis,FR,city_contact,https://www.saintdenis.fr/contact,fr,high,Contact page of the new commune of Saint-Denis (domain saintdenis.fr; checked in browser),,
saintdenis_fr,Saint-Denis,FR,city_mobility,https://plainecommune.fr/projets/transports-et-mobilite,fr,high,Plaine Commune (intercommunalité) transport and mobility page; mobility is run at that level.,,
saintetienne_fr,Saint-Étienne,FR,city_contact,https://www.saint-etienne.fr/contacter,fr,high,Official city contact page.,,
saintetienne_fr,Saint-Étienne,FR,city_mobility,https://www.saint-etienne-metropole.fr/habiter-se-deplacer/deplacement-et-mobilite/en-velo,fr,high,"Cycling page of Saint-Étienne Métropole, which runs mobility.",,
strasbourg_fr,Strasbourg,FR,city_contact,https://www.strasbourg.eu/contact,fr,high,Contact page of the shared city and Eurométropole site.,,
strasbourg_fr,Strasbourg,FR,city_mobility,https://www.strasbourg.eu/transports-deplacements,fr,high,Transport page of the shared city and Eurométropole site; mobility is run by the Eurométropole.,,
toulon_fr,Toulon,FR,city_contact,https://toulon.fr/nous-contacter,fr,high,Official city contact page.,,
toulon_fr,Toulon,FR,city_mobility,https://metropoletpm.fr/nos-missions/transports-mobilite,fr,medium,"Métropole TPM transport and mobility page; Métropole runs mobility; linked from site nav, not fetched directly.",,
toulouse_fr,Toulouse,FR,city_contact,https://metropole.toulouse.fr/nous-contacter,fr,high,Contact page of the shared city and Toulouse Métropole site.,,
toulouse_fr,Toulouse,FR,city_mobility,https://metropole.toulouse.fr/mon-quotidien/deplacements-et-stationnement/se-deplacer,fr,high,Travel page of the shared city and Métropole site; mobility is run by the Métropole.,,
tours_fr,Tours,FR,city_contact,https://formulaires.services.tours.fr/contact/contacter-la-mairie/,fr,high,Official city contact form.,,
tours_fr,Tours,FR,city_mobility,https://www.tours.fr/page-portail-ma-mairie/services-pratiques/deplacement/,fr,medium,City travel page; Tours Métropole holds mobility but its site was JS-gated and not loaded.,,
villeurbanne_fr,Villeurbanne,FR,city_contact,https://www.villeurbanne.fr/annuaire/services-publics-et-equipements-municipaux,fr,medium,"Official city 'Contacter la mairie' directory; returned 502 on fetch, URL taken from site nav.",,
villeurbanne_fr,Villeurbanne,FR,city_mobility,https://www.villeurbanne.fr/mon-quotidien/mes-deplacements,fr,medium,"City travel page (502 on fetch, URL from nav); mobility competence sits with the Métropole de Lyon.",,
belfast_gb,Belfast,GB,city_contact,https://www.belfastcity.gov.uk/contactus,en,high,Belfast City Council contact page.,,
belfast_gb,Belfast,GB,city_mobility,https://www.infrastructure-ni.gov.uk/contact,en,high,"NI Department for Infrastructure (DfI) runs Belfast's roads, not the council; contacts page incl. DfI Roads.",,
birmingham_gb,Birmingham,GB,city_contact,https://www.birmingham.gov.uk/info/50044/contact_us_form,en,high,Council contact services directory; TfWM is the regional combined-authority transport body.,,
birmingham_gb,Birmingham,GB,city_mobility,https://www.birmingham.gov.uk/info/50122/cycling_in_birmingham/1322/where_can_i_cycle/4,en,medium,Council cycling routes page; no transport team contact page found.,,
bournemouth_gb,Bournemouth,GB,city_contact,https://www.bcpcouncil.gov.uk/contact-us,en,high,"BCP Council (Bournemouth, Christchurch and Poole) contact page.",,
bournemouth_gb,Bournemouth,GB,city_mobility,https://www.bcpcouncil.gov.uk/roads-and-transport/travel-and-transport/cycling,en,medium,BCP Council travel and transport page covering cycling.,,
brightonandhove_gb,Brighton And Hove,GB,city_contact,https://www.brighton-hove.gov.uk/contact-us,en,high,Council contact page / services directory.,,
brightonandhove_gb,Brighton And Hove,GB,city_mobility,https://www.brighton-hove.gov.uk/travel-and-road-safety/travel-transport-and-road-safety/cycling,en,medium,Council cycling page; no transport team contact page found.,,
bristol_gb,Bristol,GB,city_contact,https://www.bristol.gov.uk/contact,en,high,Bristol City Council contact page.,,
bristol_gb,Bristol,GB,city_mobility,https://www.bristol.gov.uk/streets-travel,en,medium,Council streets and travel hub incl. cycling; West of England Combined Authority also involved regionally.,,
coventry_gb,Coventry,GB,city_contact,https://www.coventry.gov.uk/contact-council,en,high,Council contact page.,,
coventry_gb,Coventry,GB,city_mobility,https://www.coventry.gov.uk/transport-strategy-2/transport-strategy/5,en,medium,Council transport strategy page; TfWM is the regional combined-authority body.,,
derby_gb,Derby,GB,city_contact,https://myaccount.derby.gov.uk/service/contact_us,en,medium,Derby City Council contact page (redirect target of /contact-us/); only page-level text loaded.,,
derby_gb,Derby,GB,city_mobility,https://www.derby.gov.uk/transport-and-streets/cycling/,en,high,Council cycling page with Cycle Derby team contact.,,
glasgow_gb,Glasgow,GB,city_contact,https://www.glasgow.gov.uk/contactus,en,high,Glasgow City Council contact page.,,
glasgow_gb,Glasgow,GB,city_mobility,https://www.glasgow.gov.uk/activetravel,en,high,Council Active Travel page; Transport Scotland handles national policy.,,
kingstonuponhull_gb,Kingston-Upon-Hull,GB,city_contact,https://www.hull.gov.uk/contact-us,en,high,Hull City Council contact page.,,
kingstonuponhull_gb,Kingston-Upon-Hull,GB,city_mobility,https://travel.hull.gov.uk/,en,medium,Council Travel Hull hub for cycling and transport; no department contact page found.,,
leicester_gb,Leicester,GB,city_contact,https://www.leicester.gov.uk/contact-leicester-city-council,en,high,Leicester City Council contact page.,,
leicester_gb,Leicester,GB,city_mobility,https://www.leicester.gov.uk/culture-and-sport/sports-and-leisure/cycle-leicester,en,medium,Council's Cycle Leicester page; no dedicated transport team contact page found.,,
liverpool_gb,Liverpool,GB,city_contact,https://liverpool.gov.uk/contact-us/,en,high,Liverpool City Council contact hub.,,
liverpool_gb,Liverpool,GB,city_mobility,https://liverpool.gov.uk/contact-us/service-area/transportation,en,high,"Contact page for roads, highways and transportation services.",,
london_gb,London,GB,city_contact,https://www.london.gov.uk/contact-us,en,high,GLA / City Hall; 32 boroughs run local streets,,
london_gb,London,GB,city_mobility,https://tfl.gov.uk/help-and-contact/contact-us-about-cycling,en,high,TfL cycling contact form,,
luton_gb,Luton,GB,city_contact,https://www.luton.gov.uk/contact-us,en,high,Luton Council contact page.,,
luton_gb,Luton,GB,city_mobility,https://www.luton.gov.uk/parking-streets-transport/travel-transport,en,medium,Council travel and transport section; no direct team contact page found.,,
manchester_gb,Manchester,GB,city_contact,https://www.manchester.gov.uk/people-and-communities/contact-us,en,high,Council contact us page loaded via WebFetch,,
manchester_gb,Manchester,GB,city_mobility,https://www.manchester.gov.uk/roads-and-transport/active-travel/active-travel-in-manchester,en,high,Active Travel in Manchester page (checked in browser),,
newcastleupontyne_gb,Newcastle-Upon-Tyne,GB,city_contact,https://www.newcastle.gov.uk/contact-us,en,high,Newcastle City Council contact page.,,
newcastleupontyne_gb,Newcastle-Upon-Tyne,GB,city_mobility,https://new.newcastle.gov.uk/travel/improvements/movement,en,medium,Council transport improvements and movement strategy page (redirect target).,,
northampton_gb,Northampton,GB,city_contact,https://www.westnorthants.gov.uk/contact-or-visit-us/contact-us,en,high,West Northamptonshire Council (unitary authority covering Northampton) contact page.,,
northampton_gb,Northampton,GB,city_mobility,https://www.westnorthants.gov.uk/highways-policies/highways-plans-and-strategies,en,medium,West Northamptonshire highways plans and strategies page; no team contact page found.,,
nottingham_gb,Nottingham,GB,city_contact,https://www.nottinghamcity.gov.uk/your-council/contact-us,en,high,Nottingham City Council contact page.,,
nottingham_gb,Nottingham,GB,city_mobility,https://www.nottinghamcity.gov.uk/information-for-residents/transport-parking-and-streets/walking-and-cycling/,en,high,Council walking and cycling page.,,
plymouth_gb,Plymouth,GB,city_contact,https://www.plymouth.gov.uk/contact-us,en,high,Plymouth City Council contact page.,,
plymouth_gb,Plymouth,GB,city_mobility,https://www.plymouth.gov.uk/walking-wheeling-and-cycle-route-improvements,en,high,"Council walking, wheeling and cycle route improvements page.",,
portsmouth_gb,Portsmouth,GB,city_contact,https://www.portsmouth.gov.uk/services/council-and-democracy/your-council/contact-us,en,high,Portsmouth City Council contact page.,,
portsmouth_gb,Portsmouth,GB,city_mobility,https://www.portsmouth.gov.uk/services/parking-roads-and-travel/travel/cycling-around-portsmouth/pompey-pedals,en,medium,Council cycling section (Pompey Pedals); no team contact page found.,,
reading_gb,Reading,GB,city_contact,https://www.reading.gov.uk/contact-us/,en,high,Reading Borough Council contact page.,,
reading_gb,Reading,GB,city_mobility,https://www.reading.gov.uk/vehicles-roads-and-transport/transport-strategy/reading-transport-strategy-2040/walking-and-cycling/,en,high,Council transport strategy walking and cycling page.,,
sheffield_gb,Sheffield,GB,city_contact,https://www.sheffield.gov.uk/your-city-council/contact-us,en,high,Sheffield City Council contact page.,,
sheffield_gb,Sheffield,GB,city_mobility,https://www.sheffield.gov.uk/travel-transport,en,medium,Council travel and transport hub; no team contact page found.,,
southampton_gb,Southampton,GB,city_contact,https://www.southampton.gov.uk/contact-us/,en,high,Southampton City Council contact page.,,
southampton_gb,Southampton,GB,city_mobility,https://www.southampton.gov.uk/travel-transport/getting-around-southampton/transport-policy/,en,high,Council transport policy and planning page.,,
stokeontrent_gb,Stoke-On-Trent,GB,city_contact,https://www.stoke.gov.uk/contact,en,high,Stoke-on-Trent City Council contact page.,,
stokeontrent_gb,Stoke-On-Trent,GB,city_mobility,https://www.stoke.gov.uk/info/20008/roads_parking_and_travel/608/transport_strategy_and_delivery_plan_2022-2031,en,medium,Council transport strategy page; no team contact page found.,,
wolverhampton_gb,Wolverhampton,GB,city_contact,https://www.wolverhampton.gov.uk/contact-us,en,high,City of Wolverhampton Council contact page.,,
wolverhampton_gb,Wolverhampton,GB,city_mobility,https://www.wolverhampton.gov.uk/parking-and-roads/cycling,en,high,Council cycling page.,,
athens_gr,Athens,GR,city_contact,https://www.cityofathens.gr/contact/,el,high,Municipality contact page with helpline and offices.,,
athens_gr,Athens,GR,city_mobility,https://www.cityofathens.gr/department/tmima-viosimis-kinitikotitas/,el,high,City of Athens Sustainable Mobility Department page (department archive).,,
kallithea_gr,Kallithea,GR,city_contact,https://kallithea.gr/?page_id=17289,el,high,Municipality contact page.,,
kallithea_gr,Kallithea,GR,city_mobility,https://kallithea.gr/?page_id=39159,el,low,"Smart Cities page covering municipal e-bike sharing, not a department page.",,
kozani_gr,Kozani,GR,city_contact,https://www.kozanh.gr/epikoinonia,el,medium,"Municipality contact page; not loaded by WebFetch (SSL hostname mismatch), seen via HTTP.",,
peristeri_gr,Peristeri,GR,city_contact,https://www.peristeri.gr/epikoinonia/,el,high,Municipality contact page.,,
peristeri_gr,Peristeri,GR,city_mobility,https://www.peristeri.gr/kykloforiaka/,el,medium,Municipal traffic matters page with responsible office info,,
piraeus_gr,Piraeus,GR,city_contact,https://piraeus.gov.gr/ypiresion-dimou/,el,high,Municipal services phone and contact directory loaded,,
piraeus_gr,Piraeus,GR,city_mobility,https://piraeus.gov.gr/ypiresion-dimou/,el,medium,Municipal services directory with contacts of technical services and municipal transport units,,
thessaloniki_gr,Thessaloniki,GR,city_contact,https://thessaloniki.gr/#epikoinonia,el,medium,Contact section on municipality homepage (checked in browser),,
thessaloniki_gr,Thessaloniki,GR,city_mobility,https://thessaloniki.gr/%ce%b8%ce%ad%ce%bb%cf%89-%ce%b1%cf%80%cf%8c-%cf%84%ce%bf%ce%bd-%ce%b4%ce%ae%ce%bc%ce%bf/%ce%bf-%ce%b4%ce%ae%ce%bc%ce%bf%cf%82/%ce%b3%ce%b5%ce%bd%ce%b9%ce%ba%ce%ae-%ce%b4%ce%b9%ce%b5%cf%8d%ce%b8%cf%85%ce%bd%cf%83%ce%b7/diefthynsi-ergon-anaplaseon-kai-syntiriseon-dimosiou-chorou/,el,high,Directorate page incl Traffic Planning department (sustainable mobility and cycling) with address and phones,,
osijek_hr,Osijek,HR,city_contact,https://www.osijek.hr/kontakt/,hr,high,Loaded OK.,,
osijek_hr,Osijek,HR,city_mobility,https://www.osijek.hr/gradska-uprava/gradski-uredi-odjeli-i-sluzbe/upravni-odjel-za-komunalno-gospodarstvo-i-promet/,hr,high,Administrative Dept for Communal Affairs and Traffic.,,
rijeka_hr,Rijeka,HR,city_contact,https://www.rijeka.hr/gradska-uprava/gradonacelnica/kontakti/,hr,medium,Redirect target of /kontakt/; contact page under mayor's office section (institutional contacts).,,
rijeka_hr,Rijeka,HR,city_mobility,https://www.rijeka.hr/gradska-uprava/upravni-odjeli/upravni-odjel-za-komunalni-sustav-gradsko-redarstvo-sigurnost-mobilnost-i-okolis/,hr,high,"Dept for communal system, city wardens, safety, mobility and environment.",,
split_hr,Split,HR,city_contact,https://split.hr/kontakt,hr,high,Loaded OK.,,
split_hr,Split,HR,city_mobility,https://split.hr/gradska-uprava/upravna-tijela/upravni-odjel-za-promet,hr,medium,Traffic department link taken from homepage; direct fetch failed.,,
zagreb_hr,Zagreb,HR,city_contact,https://www.zagreb.hr/strucna-sluzba-gradske-uprave/175263,hr,medium,"Loaded; contacts of city administration professional service, no single general contact page found.",,
zagreb_hr,Zagreb,HR,city_mobility,https://www.zagreb.hr/gradski-ured-za-mjesnu-samoupravu-promet-komunalne/175283,hr,high,Page of City Office for Local Self-Government Transport Communal Affairs Civil Protection and Security,,
budapest_hu,Budapest,HU,city_contact,https://budapest.hu/kapcsolat,hu,high,Municipality contact page with departments.,,
budapest_hu,Budapest,HU,city_mobility,https://budapest.hu/kozlekedes/kozlekedesfejlesztes/kerekparos-fejlesztesek,hu,medium,City cycling development page; links to BKK and Budapest Közút.,,
debrecen_hu,Debrecen,HU,city_contact,https://www.debrecen.hu/hu/debreceni/elerhetosegek/,hu,high,Municipality contact page.,,
debrecen_hu,Debrecen,HU,city_mobility,https://www.debrecen.hu/hu/debreceni/foosztalyok-osztalyok/,hu,medium,City hall departments contact directory incl. Városüzemeltetési Osztály (city operations); no cycling page found.,,
gyor_hu,Györ,HU,city_contact,https://gyor.hu/varoshaza/polgarmesteri-hivatal/lakossagi-kapcsolat/,hu,medium,Residents' relations contact page of the mayor's office.,,
gyor_hu,Györ,HU,city_mobility,https://gyor.hu/gyor/telepulesfejlesztes-es-foepiteszi-ugyek/fejlesztesi-programok/fenntarthato_mobilitasi_terv_sump/,hu,medium,SUMP page under the settlement development office; no contact details.,,
kecskemet_hu,Kecskemét,HU,city_contact,https://kecskemet.hu/varoshaza/polgarmesteri-hivatal/elerhetosegek-ugyfelszolgalat-irodak,hu,high,"Mayor's office contacts, customer service and offices.",,
kecskemet_hu,Kecskemét,HU,city_mobility,https://ekecskemet.hu/mernoki-iroda,hu,medium,City hall Engineering Office (road management) page on the city e-admin portal.,,
miskolc_hu,Miskolc,HU,city_contact,https://www.miskolc.hu/varoshaza/polgarmesteri-hivatal/szervezeti-egysegek/polgarmesteri-kabinet/koordinacios-osztaly/lakossagkapcsolati-csoport,hu,medium,Resident relations group page with main office address and phone.,,
miskolc_hu,Miskolc,HU,city_mobility,https://www.miskolc.hu/varoshaza/polgarmesteri-hivatal/szervezeti-egysegek/varosfejlesztesi-foosztaly/kozlekedesszervezo-osztaly,hu,high,Transport Organisation Department (Közlekedésszervező Osztály) of Miskolc city hall.,,
nyiregyhaza_hu,Nyiregyhaza,HU,city_contact,https://www.nyiregyhaza.hu/kapcsolat,hu,medium,Contact page with message form only.,,
nyiregyhaza_hu,Nyiregyhaza,HU,city_mobility,https://varoshaza.nyiregyhaza.hu/ugyintezes/varosfejlesztesi-es-varosuezemeltetesi-osztaly,hu,medium,City hall Urban Development and Operations Department page; transport competence not explicitly confirmed.,,
pecs_hu,Pécs,HU,city_contact,https://pecs.hu/kapcsolat/,hu,high,"Mayor's office contact page (www.pecs.hu has a certificate mismatch, use bare domain).",,
pecs_hu,Pécs,HU,city_mobility,https://pecs.hu/kozlekedesfejlesztes/,hu,medium,Official city page on transport development; no dedicated mobility department contact found,,
szeged_hu,Szeged,HU,city_contact,https://www.szegedvaros.hu/polgarmesteri-hivatal-ugyfelszolgalatai,hu,medium,"Mayor's office customer service pages; not loaded by WebFetch (robots/SSL), seen via HTTP 200. Note szeged.hu is a news portal, official domain is szegedvaros.hu.",,
szeged_hu,Szeged,HU,city_mobility,https://www.szegedvaros.hu/,hu,low,Official municipal site homepage; not loaded (TLS error); mobility office page not found,,
cork_ie,Cork,IE,city_contact,https://www.corkcity.ie/en/contact-us/,en,high,Loaded OK.,,
cork_ie,Cork,IE,city_mobility,https://www.corkcity.ie/en/council-services/services/roads-and-traffic-management/,en,medium,Cork City Council Roads and Traffic Management services page (incl. sustainable transport schemes).,,
dublin_ie,Dublin,IE,city_contact,https://www.dublincity.ie/your-city-council/contact-dublin-city-council/contact-customer-services,en,high,Loaded OK.,,
dublin_ie,Dublin,IE,city_mobility,https://www.dublincity.ie/travel-and-transport,en,medium,Travel and transport hub; not department contact page.,,
reykjavik_is,Reykjavík,IS,city_contact,https://reykjavik.is/en/service-center,en,high,"City Service Center page with phone, email and address.",,
reykjavik_is,Reykjavík,IS,city_mobility,https://reykjavik.is/en/department-of-environment-and-planning,en,medium,Department of Environment and Planning incl. transportation director and cycling plan; contact is the general service center.,,
bari_it,Bari,IT,city_contact,https://www.comune.bari.it/contatti,it,high,"Loaded, titled 'Contatti - Comune di Bari'.",,
bari_it,Bari,IT,city_mobility,https://www.comune.bari.it/argomenti/mobilita-e-trasporti,it,high,Mobility and transport topic page.,,
bergamo_it,Bergamo,IT,city_contact,https://www.comune.bergamo.it/,it,medium,Homepage loads; no dedicated contact page in navigation,,
bergamo_it,Bergamo,IT,city_mobility,https://www.comune.bergamo.it/categoria-di-servizio/mobilit%C3%A0-e-trasporti,it,medium,Mobilità e trasporti services category (checked in browser),,
bologna_it,Bologna,IT,city_contact,https://www.comune.bologna.it/amministrazione/uffici,it,medium,Office directory; no single contact page,,
bologna_it,Bologna,IT,city_mobility,https://www.comune.bologna.it/amministrazione/uffici/sportello-mobilita-urbana,it,high,Sportello mobilità urbana,,
brescia_it,Brescia,IT,city_contact,https://www.comune.brescia.it/it/organizational_unit/ufficio-relazioni-con-il-pubblico-urp,it,high,URP office page with contact details (no generic /contatti page exists).,,
brescia_it,Brescia,IT,city_mobility,https://www.comune.brescia.it/it/page/139582,it,high,Mobility and transport services page.,,
cagliari_it,Cagliari,IT,city_contact,https://www.comune.cagliari.it/portale/page/it/ufficio_relazioni_con_il_pubblico_urp?contentId=ORG9607,it,high,URP (public relations office) page.,,
cagliari_it,Cagliari,IT,city_mobility,https://www.comune.cagliari.it/portale/page/it/servizi_mobilita,it,high,Mobility and transport services page.,,
florence_it,Florence,IT,city_contact,https://www.comune.firenze.it/contatti,it,high,"Loaded, titled 'Contatti | Città di Firenze'.",,
florence_it,Florence,IT,city_mobility,https://www.comune.firenze.it/servizi/mobilita-e-trasporti,it,high,Mobility and transport services page.,,
livorno_it,Livorno,IT,city_contact,https://www.comune.livorno.it/it/unita_organizzative/23774,it,high,URP office page (no generic contact page found).,,
livorno_it,Livorno,IT,city_mobility,https://www.comune.livorno.it/it/page/mobilita-e-trasporti,it,high,Mobility and transport services page.,,
messina_it,Messina,IT,city_contact,https://www.comune.messina.it/it,it,medium,Homepage loads; contacts in footer; no dedicated contact page,,
messina_it,Messina,IT,city_mobility,https://www.comune.messina.it/it/page/mobilita-e-trasporti-204,it,medium,Mobilità e trasporti page (checked in browser),,
milan_it,Milan,IT,city_contact,https://www.comune.milano.it/,it,medium,Homepage loads; /contatti shows a generic page; no dedicated contact page confirmed,,
milan_it,Milan,IT,city_mobility,https://www.comune.milano.it/argomenti/mobilita,it,high,Mobilità topic page of Comune di Milano (checked in browser),,
monza_it,Monza,IT,city_contact,https://www.comune.monza.it/it/unita_organizzative/comunicazione-istituzionale-e-relazioni-esterne,it,medium,Communication and external relations unit page; no dedicated general contact page found.,,
monza_it,Monza,IT,city_mobility,https://www.comune.monza.it/it/unita_organizzative/mobilita-e-trasporti,it,high,Servizio Mobilita organisational unit page.,,
naples_it,Naples,IT,city_contact,https://www.comune.napoli.it/amministrazione/unita_organizzativa/servizio-protocollo-urp-e-albo-pretorio/,it,high,URP (public relations office) service page.,,
naples_it,Naples,IT,city_mobility,https://www.comune.napoli.it/amministrazione/unita_organizzativa/servizio-mobilita-sostenibile-e-parcheggi/,it,high,Sustainable Mobility and Parking service unit page.,,
padua_it,Padua,IT,city_contact,https://www.comune.padova.it/contatti,it,medium,"Loads but content is script-rendered, could not read page text.",,
padua_it,Padua,IT,city_mobility,https://www.comune.padova.it/amministrazione/settori-del-comune/settore-mobilita,it,medium,Settore Mobilita page from search results; loads but content is script-rendered.,,
pescara_it,Pescara,IT,city_contact,https://www.comune.pescara.it/punto_contatto/ufficio-relazioni-con-il-pubblico-urp/,it,high,URP contact point page with phone and email.,,
pescara_it,Pescara,IT,city_mobility,https://www.comune.pescara.it/amministrazione/unita_organizzativa/servizio-pianificazione-strategica-e-della-mobilita/,it,high,Strategic planning and mobility service unit page.,,
prato_it,Prato,IT,city_contact,https://www.comune.prato.it/it/amministrazione/uffici/urp/archivio61_0_120.html,it,high,URP contacts page.,,
prato_it,Prato,IT,city_mobility,https://www.comune.prato.it/it/amministrazione/aree-amministrative/servizio-mobilita-infrastrutture/archivio61_0_189.html,it,high,Mobility and infrastructure service contacts page.,,
rome_it,Rome,IT,city_contact,https://www.comune.roma.it/web/it/contatti.page,it,high,Roma Capitale general contacts page.,,
rome_it,Rome,IT,city_mobility,https://www.comune.roma.it/web/it/dipartimento-mobilita-sostenibile-e-trasporti-uffici-e-contatti.page,it,high,Sustainable Mobility and Transport Department offices and contacts.,,
turin_it,Turin,IT,city_contact,https://www.comune.torino.it/amministrazione/punto-informativo-unificato-urp-partecipazione,it,high,Unified information point / URP page.,,
turin_it,Turin,IT,city_mobility,https://www.comune.torino.it/amministrazione/servizio-mobilita-esercizio-trasporto-pubblico-locale,it,medium,Mobility service page; cycling info at /schede-informative/citta-ciclabile.,,
venice_it,Venice,IT,city_contact,https://www.comune.venezia.it/it/content/urp-ufficio-relazioni-con-il-pubblico,it,high,URP page (checked in browser),,
venice_it,Venice,IT,city_mobility,https://www.comune.venezia.it/it/content/sedi-contatti-e-orari-10,it,high,Contacts of the Mobilità e Trasporti di terra department (checked in browser),,
kaunas_lt,Kaunas,LT,city_contact,https://www.kaunas.lt/administracija/struktura-ir-kontaktine-informacija/,lt,high,Structure and contact information page.,,
kaunas_lt,Kaunas,LT,city_mobility,https://www.kaunas.lt/kvt,lt,medium,Municipal Transport section; Transport and Traffic Organisation Division not found as standalone page.,,
klaipeda_lt,Klaipeda,LT,city_contact,https://www.klaipeda.lt/lt/-1/struktura-ir-kontaktine-informacija/131,lt,high,Structure and contact information page.,,
klaipeda_lt,Klaipeda,LT,city_mobility,https://www.klaipeda.lt/lt/-1/struktura-ir-kontaktine-informacija/131/transporto-skyrius/d44,lt,high,Transport Division contact page.,,
siauliai_lt,Šiauliai,LT,city_contact,https://www.siauliai.lt/structure,lt,high,Structure and contact information page of Šiauliai municipality (checked in browser),,
siauliai_lt,Šiauliai,LT,city_mobility,https://www.siauliai.lt/list/view/transportas-ir-pervezimai,lt,medium,Municipal transport and carriage info page; not a department contact page.,,
vilnius_lt,Vilnius,LT,city_contact,https://vilnius.lt/struktura-ir-kontaktai,lt,high,Structure and contacts page loaded via WebFetch; previous URL 404,,
vilnius_lt,Vilnius,LT,city_mobility,https://judu.lt/kontaktai-2/,lt,high,Contact page of JUDU (municipally owned Vilnius mobility company Susisiekimo paslaugos),,
luxembourg_lu,Luxembourg,LU,city_contact,https://www.vdl.lu/en/contact,en,high,Loaded OK.,,
luxembourg_lu,Luxembourg,LU,city_mobility,https://www.vdl.lu/en/getting-around/bike-or-foot,en,medium,City cycling/walking page.,,
riga_lv,Riga,LV,city_contact,https://www.riga.lv/en/contacts,en,high,"Riga City Council contact page with phone, email and address.",,
riga_lv,Riga,LV,city_mobility,https://www.riga.lv/lv/strukturvieniba/satiksmes-departaments,lv,medium,Public Spaces and Mobility Department (formerly Traffic Department) page; no direct contact details shown.,,
chisinau_md,Chișinău,MD,city_contact,https://www.chisinau.md/ro,ro,medium,Official municipality homepage loads; no dedicated contact page found,,
chisinau_md,Chișinău,MD,city_mobility,https://mobilitatechisinau.md/?page_id=6131,ro,high,About page of Direcția Generală Mobilitate Urbană (municipal council subdivision) linked from chisinau.md.,,
podgorica_me,Podgorica,ME,city_contact,https://podgorica.me/kontakti/,sr,high,Capital City Podgorica contact page.,,
podgorica_me,Podgorica,ME,city_mobility,https://podgorica.me/sekretarijat-za-saobracaj/,sr,high,"Secretariat for Traffic page with address, phones and email.",,
skopje_mk,Skopje,MK,city_contact,https://skopje.gov.mk/mk/kontakt/,mk,high,General contact page of City of Skopje.,,
skopje_mk,Skopje,MK,city_mobility,https://skopje.gov.mk/mk/skopje/administracija/sektor-soobrakjaj/,mk,high,City of Skopje Traffic Sector page with sustainable urban mobility planning unit.,,
alkmaar_nl,Alkmaar,NL,city_contact,https://www.alkmaar.nl/contact/,nl,high,Municipal contact page.,,
alkmaar_nl,Alkmaar,NL,city_mobility,https://www.alkmaar.nl/direct-regelen/verkeer-vervoer-parkeren/,nl,medium,"Traffic, transport and parking topic page; no cycling-specific page found.",,
almere_nl,Almere,NL,city_contact,https://www.almere.nl/contact,nl,high,Contact and opening hours.,,
almere_nl,Almere,NL,city_mobility,https://www.almere.nl/verkeer-en-vervoer,nl,medium,Traffic and transport topic page.,,
alphenaanden_nl,Alphen Aan Den,NL,city_contact,https://www.alphenaandenrijn.nl/Contact_en_openingstijden,nl,high,Gemeente Alphen aan den Rijn contact and opening hours,,
alphenaanden_nl,Alphen Aan Den,NL,city_mobility,https://www.alphenaandenrijn.nl/Parkeren_en_verkeer,nl,medium,Municipal parking and traffic page; no dedicated cycling/mobility department page.,,
alphenaandenrijn_nl,Alphen aan den Rijn,NL,city_contact,https://www.alphenaandenrijn.nl/Contact_en_openingstijden,nl,high,Contact and opening hours.,,
alphenaandenrijn_nl,Alphen aan den Rijn,NL,city_mobility,https://www.alphenaandenrijn.nl/Parkeren_en_verkeer,nl,medium,Parking and traffic topic page.,,
amersfoort_nl,Amersfoort,NL,city_contact,https://www.amersfoort.nl/contact,nl,high,Municipal contact page.,,
amersfoort_nl,Amersfoort,NL,city_mobility,https://www.amersfoort.nl/lopen-en-fietsen,nl,high,Walking and cycling page.,,
amsterdam_nl,Amsterdam,NL,city_contact,https://www.amsterdam.nl/contact/,nl,high,Contact gemeente Amsterdam (checked in browser),,
amsterdam_nl,Amsterdam,NL,city_mobility,https://www.amsterdam.nl/verkeer-vervoer/,nl,medium,Verkeer en vervoer hub with cycling pages (checked in browser),,
apeldoorn_nl,Apeldoorn,NL,city_contact,https://www.apeldoorn.nl/contact,nl,high,Municipal contact page.,,
apeldoorn_nl,Apeldoorn,NL,city_mobility,https://www.apeldoorn.nl/regelen-en-weten/parkeren-en-verkeer/,nl,medium,Parking and traffic topic page.,,
arnhem_nl,Arnhem,NL,city_contact,https://www.arnhem.nl/contact/,nl,high,Municipal contact page.,,
arnhem_nl,Arnhem,NL,city_mobility,https://www.arnhem.nl/alle-onderwerpen/verkeer/,nl,medium,Traffic topic page.,,
breda_nl,Breda,NL,city_contact,https://www.breda.nl/contact,nl,high,Contact page of Gemeente Breda (checked in browser),,
breda_nl,Breda,NL,city_mobility,https://www.breda.nl/fietsen,nl,high,Municipal cycling page; loaded via WebFetch (curl 403).,,
delft_nl,Delft,NL,city_contact,https://www.delft.nl/contact,nl,high,Municipal contact page.,,
delft_nl,Delft,NL,city_mobility,https://www.delft.nl/fiets,nl,high,Cycling page of the municipality.,,
dordrecht_nl,Dordrecht,NL,city_contact,https://cms.dordrecht.nl/Contact,nl,medium,Loads on cms.dordrecht.nl; www.dordrecht.nl did not respond to bot.,,
dordrecht_nl,Dordrecht,NL,city_mobility,https://cms.dordrecht.nl/Inwoners/Overzicht_Inwoners/Parkeren_verkeer_en_vervoer,nl,medium,"Parking, traffic and transport topic page on cms.dordrecht.nl.",,
ede_nl,Ede,NL,city_contact,https://www.ede.nl/contact,nl,high,Municipal contact page.,,
ede_nl,Ede,NL,city_mobility,https://www.ede.nl/in-de-gemeente-ede/ede-fietst,nl,medium,Ede cycling page.,,
eindhoven_nl,Eindhoven,NL,city_contact,https://www.eindhoven.nl/bestuur-en-beleid/contact/contact-met-de-gemeente,nl,high,Contact with the municipality.,,
eindhoven_nl,Eindhoven,NL,city_mobility,https://www.eindhoven.nl/stad-en-wonen/verkeer/fietsen-in-eindhoven,nl,high,Cycling in Eindhoven page.,,
emmen_nl,Emmen,NL,city_contact,https://gemeente.emmen.nl/contact,nl,high,Contact page of Gemeente Emmen (checked in browser),,
emmen_nl,Emmen,NL,city_mobility,https://gemeente.emmen.nl/parkeren-en-verkeer,nl,medium,Municipal parking and traffic page; no dedicated cycling page found.,,
enschede_nl,Enschede,NL,city_contact,https://www.enschede.nl/contact-en-openingstijden,nl,high,Contact en openingstijden of Gemeente Enschede (previous URL was 404; checked in browser),,
enschede_nl,Enschede,NL,city_mobility,https://www.enschede.nl/fietsen,nl,high,Municipal cycling page on official domain.,,
groningen_nl,Groningen,NL,city_contact,https://gemeente.groningen.nl/contact,nl,high,Contact page of Gemeente Groningen (checked in browser),,
groningen_nl,Groningen,NL,city_mobility,https://gemeente.groningen.nl/verkeer,nl,medium,Municipal traffic topic page; cycling subpage at /fiets.,,
haarlem_nl,Haarlem,NL,city_contact,https://haarlem.nl/contact-en-openingstijden,nl,high,Contact en openingstijden of Gemeente Haarlem (checked in browser),,
haarlem_nl,Haarlem,NL,city_mobility,https://haarlem.nl/parkeren-en-verkeer,nl,medium,Parkeren en verkeer section (checked in browser),,
haarlemmermeer_nl,Haarlemmermeer,NL,city_contact,https://haarlemmermeergemeente.nl/contact,nl,high,Contact page of gemeente Haarlemmermeer (checked in browser),,
haarlemmermeer_nl,Haarlemmermeer,NL,city_mobility,https://haarlemmermeergemeente.nl/verkeer-vervoer-en-wegen,nl,medium,Verkeer vervoer en wegen section (checked in browser),,
leeuwarden_nl,Leeuwarden,NL,city_contact,https://www.leeuwarden.nl/contact-opnemen-met/contact/,nl,high,Municipal contact page.,,
leeuwarden_nl,Leeuwarden,NL,city_mobility,https://www.leeuwarden.nl/parkeren-verkeer-en-vervoer/,nl,medium,"Parking, traffic and transport topic page.",,
leiden_nl,Leiden,NL,city_contact,https://gemeente.leiden.nl/contact/,nl,high,Contact and opening hours.,,
leiden_nl,Leiden,NL,city_mobility,https://gemeente.leiden.nl/projecten/fietsen/,nl,high,Cycling projects page.,,
maastricht_nl,Maastricht,NL,city_contact,https://www.gemeentemaastricht.nl/contact,nl,high,Municipal contact and opening hours page.,,
maastricht_nl,Maastricht,NL,city_mobility,https://www.gemeentemaastricht.nl/parkeren-en-verkeer/actieplannen-fietsen,nl,medium,Cycling action plans page of the municipality; no dedicated department contact page found.,,
nijmegen_nl,Nijmegen,NL,city_contact,https://www.nijmegen.nl/contact,nl,high,Municipal contact page.,,
nijmegen_nl,Nijmegen,NL,city_mobility,https://www.nijmegen.nl/over-de-gemeente/plannen/toekomst-mobiliteit/,nl,medium,Municipal mobility strategy 2019-2030 page; no department contact page found.,,
rotterdam_nl,Rotterdam,NL,city_contact,https://www.rotterdam.nl/contact,nl,high,Municipal contact page.,,
rotterdam_nl,Rotterdam,NL,city_mobility,https://www.rotterdam.nl/fietsen-in-rotterdam,nl,medium,Municipal cycling page; no department contact page found.,,
shertogenbosch_nl,S-Hertogenbosch,NL,city_contact,https://www.s-hertogenbosch.nl/contact/,nl,high,Contact page of Gemeente 's-Hertogenbosch (checked in browser),,
shertogenbosch_nl,S-Hertogenbosch,NL,city_mobility,https://www.s-hertogenbosch.nl/duurzame-mobiliteit/,nl,medium,Sustainable mobility page from search results; not loaded (bot check).,,
thehague_nl,The Hague,NL,city_contact,https://www.denhaag.nl/nl/contact/,nl,high,Municipal contact page.,,
thehague_nl,The Hague,NL,city_mobility,https://www.denhaag.nl/nl/verkeer-en-vervoer/,nl,medium,Municipal traffic and transport hub including cycling; no department contact page found.,,
tilburg_nl,Tilburg,NL,city_contact,https://www.tilburg.nl/contact,nl,high,Municipal contact page.,,
tilburg_nl,Tilburg,NL,city_mobility,https://www.tilburg.nl/gemeente/gebiedsontwikkeling/gemeentebreed/mobiliteit/,nl,medium,Municipal mobility strategy page; no department contact page found.,,
utrecht_nl,Utrecht,NL,city_contact,https://www.utrecht.nl/contact,nl,high,Gemeente Utrecht contact (14 030),,
utrecht_nl,Utrecht,NL,city_mobility,https://www.utrecht.nl/wonen-en-leven/verkeer/fiets/,nl,high,Fiets page with contact/reporting links,,
venlo_nl,Venlo,NL,city_contact,https://www.venlo.nl/contact,nl,high,Municipal contact page.,,
venlo_nl,Venlo,NL,city_mobility,https://www.venlo.nl/fietsen,nl,high,Municipal cycling page on official domain.,,
westland_nl,Westland,NL,city_contact,https://www.gemeentewestland.nl/contact,nl,high,Municipal contact and opening hours page.,,
westland_nl,Westland,NL,city_mobility,https://www.gemeentewestland.nl/in-de-gemeente/verkeer-en-vervoer/fietsen-in-westland,nl,medium,Municipal cycling page; no department contact page found.,,
zaanstad_nl,Zaanstad,NL,city_contact,https://zaanstad.nl/contact,nl,high,Municipal contact page.,,
zaanstad_nl,Zaanstad,NL,city_mobility,https://mobiliteitsplan.zaanstad.nl,nl,medium,Municipal Zaans Mobiliteitsplan 2040 site (zaanstad.nl subdomain).,,
zoetermeer_nl,Zoetermeer,NL,city_contact,https://www.zoetermeer.nl/contact,nl,high,Municipal contact page.,,
zoetermeer_nl,Zoetermeer,NL,city_mobility,https://www.zoetermeer.nl/verkeer-en-vervoer,nl,medium,Municipal traffic and transport page incl. cycling action plan; no department contact page.,,
zwolle_nl,Zwolle,NL,city_contact,https://www.zwolle.nl/contact,nl,high,Contact page of Gemeente Zwolle (checked in browser),,
zwolle_nl,Zwolle,NL,city_mobility,https://www.zwolle.nl/verkeer-en-vervoer,nl,medium,Traffic and transport page from search results; not loaded (403).,,
oslo_no,Oslo,NO,city_contact,https://oslo.kommune.no/kontakt/,no,high,General contact page of Oslo kommune.,,
oslo_no,Oslo,NO,city_mobility,https://www.oslo.kommune.no/etater-foretak-og-ombud/bymiljoetaten/,no,medium,Bymiljøetaten (Agency for Urban Environment) manages streets and cycling; main agency page with contact details.,,
bialystok_pl,Bialystok,PL,city_contact,https://www.bialystok.pl/pl/dane-kontaktowe.html,pl,high,Official city contact page listing all departments.,,
bialystok_pl,Bialystok,PL,city_mobility,https://www.bialystok.pl/pl/dane-kontaktowe.html,pl,medium,No separate ZDM site found; this page lists the Zarząd Dróg Miejskich (zdm@um.bialystok.pl) and public transport authority.,,
bielskobiala_pl,Bielsko-Biala,PL,city_contact,https://bielsko-biala.pl/kontakt,pl,high,Official city contact page.,,
bielskobiala_pl,Bielsko-Biala,PL,city_mobility,https://mzd.bielsko.pl/kontakt/,pl,high,Contact page of the Miejski Zarząd Dróg (municipal roads authority).,,
bydgoszcz_pl,Bydgoszcz,PL,city_contact,https://bip.um.bydgoszcz.pl/artykul/2/3/dane-podstawowe,pl,medium,"City office contact info and department contacts on the official BIP; linked from homepage, not fetched.",,
bydgoszcz_pl,Bydgoszcz,PL,city_mobility,https://zdmikp.bydgoszcz.pl/pl/napisz/o-firmie/kontakt-z-nami,pl,high,"Contact page of ZDMiKP, the municipal roads and public transport authority (also has a cycling policy team).",,
bytom_pl,Bytom,PL,city_contact,https://www.bytom.pl/dla-mieszkanca/kontakt,pl,high,Official city office contact page.,,
bytom_pl,Bytom,PL,city_mobility,https://www.mzdim.bytom.pl/,pl,medium,"Homepage of MZDiM, the municipal roads and bridges authority; no contact subpage checked.",,
chorzow_pl,Chorzów,PL,city_contact,https://mieszkancy.chorzow.eu/article/kontakt,pl,high,Contact page of Urząd Miasta Chorzów.,,
chorzow_pl,Chorzów,PL,city_mobility,https://mzuim.chorzow.eu/kontakt/,pl,high,Contact page of the Municipal Roads and Bridges Authority (MZUiM).,,
czestochowa_pl,Częstochowa,PL,city_contact,https://www.czestochowa.pl/kontakt,pl,high,City hall contact page.,,
czestochowa_pl,Częstochowa,PL,city_mobility,https://mzd.czest.pl/kontakt/informacje-o-mzdit,pl,high,Municipal Roads and Transport Authority (MZDiT) contact information.,,
dabrowagornicza_pl,Dąbrowa Górnicza,PL,city_contact,https://www.dabrowa-gornicza.pl/kontakt/,pl,high,City hall contact page.,,
dabrowagornicza_pl,Dąbrowa Górnicza,PL,city_mobility,https://www.bip.dabrowa-gornicza.pl/5826/dokument/126775,pl,medium,BIP contact page of Wydział Inwestycji Drogowych (road investments dept); no dedicated mobility unit found.,,
elblag_pl,Elbląg,PL,city_contact,https://elblag.eu/kontakt.html,pl,high,Contact form of Miasto Elbląg (checked in browser),,
elblag_pl,Elbląg,PL,city_mobility,https://elblag.eu/komunikacja.html,pl,medium,Komunikacja (transport) section (checked in browser),,
gdansk_pl,Gdańsk,PL,city_contact,https://www.gdansk.pl/kontaktgdansk,pl,high,"Gdańsk Contact Centre, the city's general contact page.",,
gdansk_pl,Gdańsk,PL,city_mobility,https://gzdiz.gda.pl/,pl,medium,Gdańsk Roads and Green Areas Authority (GZDiZ) homepage; no contact subpage found.,,
gdynia_pl,Gdynia,PL,city_contact,https://bip.um.gdynia.pl/,pl,medium,Official city office BIP; gdynia.pl/kontakt redirects here.,,
gdynia_pl,Gdynia,PL,city_mobility,https://www.zdiz.gdynia.pl/kontakt/,pl,high,Roads and Greenery Authority (ZDiZ) contact page.,,
gliwice_pl,Gliwice,PL,city_contact,https://gliwice.eu/kontakt,pl,high,City hall contact page.,,
gliwice_pl,Gliwice,PL,city_mobility,https://zdm.gliwice.pl/kontakt,pl,high,Municipal Roads Authority (ZDM) contact page.,,
gorzowwielkopolski_pl,Gorzów Wielkopolski,PL,city_contact,https://um.gorzow.pl/kontakt.html,pl,high,Kontakt page of Urząd Miasta Gorzowa Wlkp. (checked in browser),,
gorzowwielkopolski_pl,Gorzów Wielkopolski,PL,city_mobility,https://um.gorzow.pl/wydzial-drog.html,pl,high,Wydział Dróg (roads department) page (checked in browser),,
katowice_pl,Katowice,PL,city_contact,https://katowice.eu/kontakt,pl,high,Old URL redirects to new site; contact page with city office address verified,,
katowice_pl,Katowice,PL,city_mobility,https://mzum.katowice.pl/content/dzialy-9,pl,high,Key contact information page of Miejski Zarząd Ulic i Mostów (municipal road authority) Katowice.,,
kielce_pl,Kielce,PL,city_contact,https://www.kielce.eu/pl/kontakt.html,pl,high,City hall contact page.,,
kielce_pl,Kielce,PL,city_mobility,https://www.mzd.kielce.pl/kontakt/,pl,high,Contact page of Miejski Zarząd Dróg (municipal road authority) Kielce.,,
koszalin_pl,Koszalin,PL,city_contact,https://www.koszalin.pl/pl/page/kontakt,pl,high,City hall contact page.,,
koszalin_pl,Koszalin,PL,city_mobility,https://zdit-koszalin.pl/kontakt/,pl,high,Roads and Transport Authority (ZDiT) contact page.,,
krakow_pl,Krakow,PL,city_contact,"https://www.krakow.pl/start/2708,artykul,kontakt.html",pl,high,Krakowskie Centrum Kontaktu,,
krakow_pl,Krakow,PL,city_mobility,https://ztp.krakow.pl/en/cycling,en,medium,ZTP cycling section (English); alt. roads authority https://zdmk.krakow.pl/kontakt/,,
lodz_pl,Lodz,PL,city_contact,https://uml.lodz.pl/kontakt,pl,high,City hall contact page.,,
lodz_pl,Lodz,PL,city_mobility,https://uml.lodz.pl/komunikacja-i-transport/zarzad-drog-i-transportu-bip/,pl,medium,"ZDiT page on city site; returned a WAF 'Request Rejected' page, not fully loaded.",,
lublin_pl,Lublin,PL,city_contact,https://lublin.eu/,,medium,Official city portal loads; no general contact page found in navigation,,
lublin_pl,Lublin,PL,city_mobility,https://lublin.eu/lublin/komunikacja/,pl,medium,Komunikacja (transport) section of city portal (checked in browser),,
olsztyn_pl,Olsztyn,PL,city_contact,https://olsztyn.eu/urzad-miasta/kontakt.html,,high,Kontakt page of Urząd Miasta Olsztyna (checked in browser),,
olsztyn_pl,Olsztyn,PL,city_mobility,https://bip.zdzit.olsztyn.eu/ksiazka-teleadresowa/,pl,low,Contact directory of ZDZiT (municipal roads greenery and transport authority) found via search; not loaded.,,
opole_pl,Opole,PL,city_contact,https://www.opole.pl/dla-mieszkanca/menu/kontakt,pl,high,City hall contact page.,,
opole_pl,Opole,PL,city_mobility,https://mzd.opole.pl/kontakt/,pl,low,Contact page of Miejski Zarząd Dróg Opole found via search; not loaded (TLS certificate chain error).,,
plock_pl,Plock,PL,city_contact,https://nowy.plock.eu/kontakt/,pl,high,City hall contact page.,,
plock_pl,Plock,PL,city_mobility,http://www.mzd-plock.eu/,pl,medium,Municipal Roads Authority (MZD) linked from the city site; not loaded.,,
poznan_pl,Poznan,PL,city_contact,https://www.poznan.pl/kontakt/,pl,high,City hall contact page.,,
poznan_pl,Poznan,PL,city_mobility,https://zdm.poznan.pl/kontakt,pl,high,Municipal Roads Authority (ZDM) contact page.,,
radom_pl,Radom,PL,city_contact,https://www.radom.pl/kontakt/,pl,high,City hall contact page.,,
radom_pl,Radom,PL,city_mobility,https://www.mzdik.pl/kontakt,pl,high,Contact page of MZDiK Radom (municipal roads and transport authority),,
rudaslaska_pl,Ruda Slaska,PL,city_contact,https://www.rudaslaska.pl/urzad-miasta/kontakt,pl,high,City hall contact page.,,
rudaslaska_pl,Ruda Slaska,PL,city_mobility,https://www.rudaslaska.pl/urzad-miasta/wydzialy/wydzial-drog-i-mostow,pl,high,City Roads and Bridges Department page with phone contacts,,
rybnik_pl,Rybnik,PL,city_contact,https://www.rybnik.eu/kontakt,pl,high,City hall contact page.,,
rybnik_pl,Rybnik,PL,city_mobility,https://zdm.rybnik.pl/kontakt,pl,high,Municipal Roads Authority (ZDM) contact page.,,
rzeszow_pl,Rzeszów,PL,city_contact,http://erzeszow.pl/48-kontakt.html,pl,high,Contact page of the Rzeszów city office information service.,,
rzeszow_pl,Rzeszów,PL,city_mobility,https://bip.erzeszow.pl/122-miejski-zarzad-drog-w-rzeszowie/3946-informacje-o-jednostce.html,pl,high,BIP page of Miejski Zarzad Drog w Rzeszowie (municipal road authority) with contact details,,
sosnowiec_pl,Sosnowiec,PL,city_contact,https://www.sosnowiec.pl/urzad-miejski-w-sosnowcu/kontakt/,pl,high,Contact page of Urząd Miejski w Sosnowcu.,,
sosnowiec_pl,Sosnowiec,PL,city_mobility,https://www.sosnowiec.pl/zalatw-sprawe-w-urzedzie-miejskim/ruch-drogowy/,pl,medium,Ruch drogowy (road traffic) service page (checked in browser),,
szczecin_pl,Szczecin,PL,city_contact,https://www.szczecin.eu/kontakt,pl,high,Contact page of the Szczecin city website.,,
szczecin_pl,Szczecin,PL,city_mobility,https://www.zditm.szczecin.pl/pl/zditm/kontakt,pl,medium,"Contact page of ZDiTM, the municipal roads and public transport authority.",,
tarnow_pl,Tarnów,PL,city_contact,https://www.tarnow.pl/Dla-mieszkancow/Urzad-Miasta/Dane-teleadresowe,pl,medium,Contact details page of Urząd Miasta Tarnowa.,,
tarnow_pl,Tarnów,PL,city_mobility,https://zdik.tarnow.pl/kontakt/,pl,high,"Contact page of ZDiK Tarnów, the municipal roads and transport authority.",,
torun_pl,Torun,PL,city_contact,https://www.torun.pl/pl/kontakt,pl,high,Contact page of the Toruń city website.,,
torun_pl,Torun,PL,city_mobility,https://www.torun.pl/pl/miasto/utrzymanie-drog,pl,medium,City page on road maintenance; the roads authority (ZDMiKP) site was not loaded.,,
tychy_pl,Tychy,PL,city_contact,https://www.umtychy.pl/kontakt,pl,high,Contact page of Urząd Miasta Tychy.,,
tychy_pl,Tychy,PL,city_mobility,https://mzuim.tychy.pl/kontakt,pl,high,Contact page of MZUiM Tychy (municipal streets and bridges authority),,
walbrzych_pl,Walbrzych,PL,city_contact,https://um.walbrzych.pl/pl/page/dane-kontaktowe,pl,high,Contact details of Urząd Miejski Wałbrzych (checked in browser),,
walbrzych_pl,Walbrzych,PL,city_mobility,https://poznaj.um.walbrzych.pl/pl/page/komunikacja,pl,medium,Komunikacja page on official city domain (checked in browser),,
warsaw_pl,Warsaw,PL,city_contact,https://um.warszawa.pl/kontakt,pl,high,Kontakt page of Miasto Warszawa (checked in browser),,
warsaw_pl,Warsaw,PL,city_mobility,https://zdm.waw.pl/kontakt/,pl,high,Zarząd Dróg Miejskich (builds cycling infrastructure),,
wloclawek_pl,Wloclawek,PL,city_contact,https://www.wloclawek.eu/strona-4709-wykaz_kontaktow_urzedu_miasta_wloclawek.html,pl,high,City office contact list on official domain wloclawek.eu,,
wloclawek_pl,Wloclawek,PL,city_mobility,https://www.wloclawek.eu/,pl,low,Current official city homepage (wloclawek.eu) loaded; no page of the municipal road and transport unit found.,,
wroclaw_pl,Wroclaw,PL,city_contact,https://www.wroclaw.pl/nasz-wroclaw/kontakt,pl,high,Contact page of the Wrocław city portal.,,
wroclaw_pl,Wroclaw,PL,city_mobility,https://www.wroclaw.pl/komunikacja/rowerzysci-we-wroclawiu,pl,high,Cyclists page in the city transport section (checked in browser),,
zabrze_pl,Zabrze,PL,city_contact,https://miastozabrze.pl/kontakt,pl,high,Contact page of Urząd Miejski w Zabrzu.,,
zabrze_pl,Zabrze,PL,city_mobility,https://miastozabrze.pl/dla-mieszkancow/komunikacja/,pl,medium,City page on transport and mobility.,,
zielonagora_pl,Zielona Góra,PL,city_contact,https://www.zielona-gora.pl/kontakt/,pl,high,Contact page of Urząd Miasta Zielona Góra.,,
zielonagora_pl,Zielona Góra,PL,city_mobility,https://www.zielona-gora.pl/wydzialy-i-biura/departament-zarzadzania-drogami-dz/,pl,high,City Roads Management Department page incl traffic management,,
amadora_pt,Amadora,PT,city_contact,https://www.cm-amadora.pt/pt/contactos.html,pt,high,Municipal contacts page.,,
amadora_pt,Amadora,PT,city_mobility,https://www.cm-amadora.pt/pt/territorio/mobilidade/mobilidade-suave.html,pt,medium,Soft mobility (cycling/walking) page of the municipality.,,
braga_pt,Braga,PT,city_contact,https://www.cm-braga.pt/en/0101/municipio/camara-municipal/contactos,en,high,City Council contacts page.,,
braga_pt,Braga,PT,city_mobility,https://www.cm-braga.pt/en/0101/conhecer/acessibilidades-e-mobilidades/mobilidades/apresentacao,en,medium,Municipal mobility overview page.,,
funchal_pt,Funchal,PT,city_contact,https://www.funchal.pt/contactos/,pt,high,Municipal contacts page.,,
funchal_pt,Funchal,PT,city_mobility,https://services.funchal.pt/transito/,pt,low,Requests portal of the municipal Mobility and Traffic Division found via search; not loaded (TLS certificate chain error).,,
lisbon_pt,Lisbon,PT,city_contact,https://informacoeseservicos.lisboa.pt/contactos/contacte-nos,pt,high,Contacte-nos page of Câmara Municipal de Lisboa (checked in browser),,
lisbon_pt,Lisbon,PT,city_mobility,https://www.lisboa.pt/temas/mobilidade/entrada,pt,medium,Mobilidade topic entry page (checked in browser),,
porto_pt,Porto,PT,city_contact,https://www.cm-porto.pt/contactos/contactos-1_1,pt,high,Municipal contacts page.,,
porto_pt,Porto,PT,city_mobility,https://mobilidade.cm-porto.pt/modos-suaves/bicicleta,pt,medium,"Porto municipal mobility portal, cycling page.",,
bucharest_ro,Bucharest,RO,city_contact,https://www.pmb.ro/contact,ro,high,Loaded OK.,,
bucharest_ro,Bucharest,RO,city_mobility,https://www.pmb.ro/servicii/transport/,ro,medium,City hall transport services page.,,
cugir_ro,Cugir,RO,city_contact,https://primariacugir.ro/site/contact,ro,high,Loaded OK.,,
cugir_ro,Cugir,RO,city_mobility,https://primariacugir.ro/informatii_publice/detaliu/2067,ro,low,Town hall local public transport timetable page; only transport-related page found.,,
belgrade_rs,Belgrade,RS,city_contact,https://www.beograd.rs/cir/kontakt,sr,high,City of Belgrade contact page (Cyrillic).,,
belgrade_rs,Belgrade,RS,city_mobility,https://www.beograd.rs/cir/gradska-uprava/a88211/Sekretarijat-za-saobracaj.html,sr,high,Secretariat for Transport page with address and phone.,,
kragujevac_rs,Kragujevac,RS,city_contact,https://kragujevac.ls.gov.rs/tekst/264/prijava-problema-upita-i-predloga.php,sr,medium,"Citizen contact form page; site blocks curl (403), loaded via fetch tool only.",,
kragujevac_rs,Kragujevac,RS,city_mobility,https://kragujevac.ls.gov.rs/tekst/2159/gu-za-komunalne-poslove.php,sr,high,City Administration for Communal Affairs which covers traffic and public transport.,,
nis_rs,Nis,RS,city_contact,https://www.ni.rs/kontakt/,sr,medium,"URL from site navigation; page content was mostly menus, direct load inconsistent.",,
nis_rs,Nis,RS,city_mobility,https://www.ni.rs/gradska-uprava-za-komunalne-delatnosti-poslove-inspekcije-i-komunalne-milicije/,sr,high,City Administration for Communal Activities which contains the Traffic Sector (Sektor za saobraćaj).,,
novisad_rs,Novi Sad,RS,city_contact,https://novisad.rs/kontakt,sr,high,City contact page.,,
novisad_rs,Novi Sad,RS,city_mobility,https://novisad.rs/docs-gu/59,sr,high,City Administration for Traffic and Roads page.,,
gothenburg_se,Gothenburg,SE,city_contact,https://goteborg.se/wps/portal/kontakta-oss,sv,high,Contact the City of Gothenburg page.,,
gothenburg_se,Gothenburg,SE,city_mobility,https://goteborg.se/wps/portal/start/trafik-och-resor/trafik-och-gator/cykling-och-cykelvagar,sv,medium,City cycling page; Traffic and Roads section above it.,,
malmo_se,Malmo,SE,city_contact,https://malmo.se/Kontakta-Malmo-stad.html,sv,high,Contact Malmo stad page.,,
malmo_se,Malmo,SE,city_mobility,https://malmo.se/Bo-och-leva/Stadsmiljo-och-trafik/Trafik/For-dig-som-cyklar.html,sv,medium,City cycling page; contact page for the street department not found.,,
stockholm_se,Stockholm,SE,city_contact,https://start.stockholm/kontakta-oss/,sv,high,Contact the City of Stockholm page.,,
stockholm_se,Stockholm,SE,city_mobility,https://trafik.stockholm/,sv,medium,Traffic Administration (Trafikkontoret) site; cycling at cykla.stockholm.,,
umea_se,Umea,SE,city_contact,https://www.umea.se/kontakt,sv,medium,"Contact, feedback and fault reporting page.",,
umea_se,Umea,SE,city_mobility,https://www.umea.se/trafikochgator/cykel.4.7d7d901172bb372c5d360.html,sv,medium,Municipal cycling page under Traffic and Streets.,,
ljubljana_si,Ljubljana,SI,city_contact,https://www.ljubljana.si/sl/mestna-obcina/organizacija/mestna-uprava,sl,high,City administration contacts (Kontakti) of Mestna občina Ljubljana (checked in browser),,
ljubljana_si,Ljubljana,SI,city_mobility,https://www.ljubljana.si/sl/ljubljana/mobilna/hoja-in-kolesarjenje,sl,high,Walking and cycling page (checked in browser),,
bratislava_sk,Bratislava,SK,city_contact,https://www.bratislava.sk/kontakty-a-uradne-hodiny,sk,high,Loaded OK.,,
bratislava_sk,Bratislava,SK,city_mobility,https://www.bratislava.sk/doprava-a-komunikacie/cyklodoprava,sk,medium,Cycling page of city transport section; returned redirect 307.,,
kosice_sk,Kosice,SK,city_contact,https://www.kosice.sk/kontakt,sk,high,Loaded OK.,,
kosice_sk,Kosice,SK,city_mobility,https://www.kosice.sk/mesto/doprava-v-kosiciach,sk,medium,Transport in Kosice section of city site.,,
alchevsk_ua,Alchevsk,UA,excluded,,,,Occupied territory: no link — decision needed,,
berdyansk_ua,Berdyansk,UA,excluded,,,,Occupied territory: no link — decision needed,,
bilatserkva_ua,Bila Tserkva,UA,city_contact,https://bc-rada.gov.ua/,uk,medium,City council homepage; no dedicated contact page found.,,
bilatserkva_ua,Bila Tserkva,UA,city_mobility,https://bc-rada.gov.ua/node/7100,uk,high,Page of the city council's Department of Transport and Communications.,,
brovary_ua,Brovary,UA,city_contact,https://brovary-rada.gov.ua/forma-zvernennia-hromadian,uk,medium,Citizen inquiry form page of the city council; no dedicated contact page found.,,
brovary_ua,Brovary,UA,city_mobility,https://brovary-rada.gov.ua/transportne-spoluchennia,uk,medium,City council public transport page; no dedicated transport department contact found.,,
cherkasy_ua,Cherkasy,UA,city_contact,https://cherkasy-rada.gov.ua/documents/pres-czentr/kontakty/,uk,medium,Contacts archive in the press-centre section of the city council site.,,
cherkasy_ua,Cherkasy,UA,city_mobility,https://cherkasy-rada.gov.ua/department/departament-dorozhno-transportnoyi-infrastruktury-ta-ekologiyi/,uk,high,City council Department of Road and Transport Infrastructure and Ecology.,,
chernihiv_ua,Chernihiv,UA,city_contact,https://chernigiv-rada.gov.ua/,uk,medium,City council homepage; contact subpages returned empty or soft-404 pages.,,
chernihiv_ua,Chernihiv,UA,city_mobility,https://chernigiv-rada.gov.ua/velo-infrastruktura/,uk,medium,City council's bicycle infrastructure development plan page; no department page found.,,
chernivtsi_ua,Chernivtsi,UA,city_contact,https://chernivtsi.ua/,uk,low,"Not loaded; URL from memory, unverified.",,
chernivtsi_ua,Chernivtsi,UA,city_mobility,https://city.cv.ua/,uk,low,Chernivtsi City Council homepage only; not loaded (403 geo/bot block) so no transport page found.,,
dnipro_ua,Dnipro,UA,city_contact,https://dniprorada.gov.ua/uk/page/kontakti,uk,high,Contacts page of the Dnipro city council.,,
dnipro_ua,Dnipro,UA,city_mobility,https://dniprorada.gov.ua/uk/page/kontakti,uk,medium,Same contacts page lists the Department of Transport and Transport Infrastructure; no separate page loaded.,,
donetsk_ua,Donetsk,UA,excluded,,,,Occupied territory: no link — decision needed,,
horlivka_ua,Horlivka,UA,excluded,,,,Occupied territory: no link — decision needed,,
ivanofrankivsk_ua,Ivano-Frankivsk,UA,city_contact,https://www.mvk.if.ua/,uk,medium,Official city website loads in browser; no dedicated contact page found,,
ivanofrankivsk_ua,Ivano-Frankivsk,UA,city_mobility,https://www.mvk.if.ua/trmista/,uk,medium,City transport section (checked in browser),,
kamenetspodolsky_ua,Kamenets Podolsky,UA,city_contact,https://kmr.gov.ua/,uk,low,Not loaded (Cloudflare 403); URL from memory.,,
kamenetspodolsky_ua,Kamenets Podolsky,UA,city_mobility,https://kmr.gov.ua/,uk,low,Only city council homepage; no transport department page found; not loaded (Cloudflare 403).,,
kamyanske_ua,Kamyanske,UA,city_contact,https://kam.gov.ua/kontakti_miskoi_radi,uk,high,Official city council contacts page verified,,
kamyanske_ua,Kamyanske,UA,city_mobility,https://kam.gov.ua/viddili/upravlinnya_transportnoi_infrastrukturi_ta_zvyazku,uk,high,City council Department of Transport Infrastructure and Communications page.,,
kerch_ua,Kerch,UA,excluded,,,,Occupied territory: no link — decision needed,,
kharkiv_ua,Kharkiv,UA,city_contact,https://city.kharkiv.ua/press-centre/contacts,uk,medium,Council contacts page under press centre with council correspondence contacts; verified via WebFetch,,
kharkiv_ua,Kharkiv,UA,city_mobility,https://www.city.kharkiv.ua/uk/gorodskaya-vlast/ispolnitelnyie-organyi/departamentyi/departament-transporta.html,uk,low,City council Department of Infrastructure (former transport dept) page found via search; not loaded (Cloudflare 403).,,
kherson_ua,Kherson,UA,city_contact,https://miskrada-ks.gov.ua/kontakti/,uk,high,Contacts / e-appeal page of Kherson City Council (checked in browser),,
kherson_ua,Kherson,UA,city_mobility,https://miskrada-ks.gov.ua/offis-khersoncja/transportna-merezha/,uk,medium,Transport network page of Kherson City Council (checked in browser),,
khmelnitsky_ua,Khmelnitsky,UA,city_contact,https://www.khm.gov.ua/uk/meshkantsiu/zvernennia-do-miskoi-rady,uk,medium,"Loaded; citizen appeals page, no dedicated contacts page found.",,
khmelnitsky_ua,Khmelnitsky,UA,city_mobility,https://www.khm.gov.ua/uk/vlada/vykonavchi-organy/upravlinnya-transportu-ta-zvyazku,uk,high,Loaded; Transport and Communications Department page.,,
kramatorsk_ua,Kramatorsk,UA,city_contact,https://krm.gov.ua/,uk,low,"Returns 503 and robots fetch failed, not loaded; homepage from memory.",,
kramatorsk_ua,Kramatorsk,UA,city_mobility,https://krm.gov.ua/,uk,low,Only city council homepage; no transport department page found; not loaded (503).,,
kremenchuk_ua,Kremenchuk,UA,city_contact,https://kremen.gov.ua/,uk,low,Not loaded (503/timeouts); homepage from memory.,,
kremenchuk_ua,Kremenchuk,UA,city_mobility,https://kremen.gov.ua/?view=single-str&dep-id=15,uk,low,City council Transport Department (Управління транспорту) page found via search; not loaded (connection reset).,,
kropyvnytskyi_ua,Kropyvnytskyi,UA,city_contact,https://www.kr-rada.gov.ua/,uk,medium,"Loaded via WebFetch (Cloudflare blocks curl); homepage, contact link in footer.",,
kropyvnytskyi_ua,Kropyvnytskyi,UA,city_mobility,https://kr-rada.gov.ua/upravlinnya-transportu-20220312/,uk,low,City council Department of Transport and Communications page found via search; not loaded (403).,,
kryvyirih_ua,Kryvyi Rih,UA,city_contact,https://kr.gov.ua/,uk,low,"Cloudflare 403, not loaded; domain confirmed in search results.",,
kryvyirih_ua,Kryvyi Rih,UA,city_mobility,https://kr.gov.ua/upravlinnya-transportu-ta-telekomunikacziyi-1,uk,low,City council Department of Transport and Telecommunications page found via search; not loaded (Cloudflare 403).,,
kyiv_ua,Kyiv,UA,city_contact,https://kyivcity.gov.ua/kyiv_ta_miska_vlada/kontaktna_informatsiia.html,uk,high,Contacts page of Kyiv city administration (checked in browser),,
kyiv_ua,Kyiv,UA,city_mobility,https://dti.kyivcity.gov.ua/kontaktna-informatsiia,uk,high,Department of Transport Infrastructure contact,,
luhansk_ua,Luhansk,UA,excluded,,,,Occupied territory: no link — decision needed,,
lutsk_ua,Luts'K,UA,city_contact,https://lutskrada.gov.ua/,uk,medium,Loaded via WebFetch; homepage lists general contacts and emails.,,
lutsk_ua,Luts'K,UA,city_mobility,https://transport.lutskrada.gov.ua/ua/kontakty,uk,high,Contacts page of the Transport Department of Lutsk city council.,,
lviv_ua,Lviv,UA,city_contact,https://city-adm.lviv.ua/,uk,medium,Loaded via WebFetch; homepage lists main contacts; curl gets JS challenge.,,
lviv_ua,Lviv,UA,city_mobility,https://city-adm.lviv.ua/portal/transport,uk,medium,Transport portal page reported by WebFetch from homepage; not a contact page.,,
makijivka_ua,Makijivka,UA,excluded,,,,Occupied territory: no link — decision needed,,
mariupol_ua,Mariupol,UA,excluded,,,,Occupied territory: no link — decision needed,,
melitopol_ua,Melitopol,UA,excluded,,,,Occupied territory: no link — decision needed,,
mykolaiv_ua,Mykolaiv,UA,city_contact,https://mkrada.gov.ua/content/kontakti.html,uk,high,Loaded; contacts page.,,
mykolaiv_ua,Mykolaiv,UA,city_mobility,https://mkrada.gov.ua/content/transport-tarifi-marshruti-rozklad.html,uk,medium,"Loaded; city transport information page, not the department's own page.",,
nikopol_ua,Nikopol,UA,city_contact,https://nikopol-mrada.dp.gov.ua/,uk,medium,Previous domain dead; official council homepage with address and email,,
nikopol_ua,Nikopol,UA,city_mobility,https://nikopol-rada.gov.ua/,uk,low,Only city council homepage; no transport department page found; not loaded (502).,,
odessa_ua,Odessa,UA,city_contact,https://omr.gov.ua/,uk,medium,Official Odesa city website loads in browser; no contact link found on homepage,,
odessa_ua,Odessa,UA,city_mobility,https://www.omr.gov.ua/ua/city/departments/dtks/,uk,low,City council Department of Transport Communications and Traffic Organisation page found via search; not loaded (503).,,
pavlograd_ua,Pavlograd,UA,city_contact,https://pavlogradmrada.gov.ua/,uk,low,"403 Forbidden, not loaded; domain from memory.",,
pavlograd_ua,Pavlograd,UA,city_mobility,https://pavlogradmrada.dp.gov.ua/informaciya-pro-viddil-5,uk,high,City council Department of Transport and Communications page with contacts,,
poltava_ua,Poltava,UA,city_contact,https://rada-poltava.gov.ua/ua/feedback,uk,medium,Loaded; contact form page with official emails; no department page found.,,
poltava_ua,Poltava,UA,city_mobility,https://rada-poltava.gov.ua/ua/public-transport-routes,uk,medium,City council transport section page; no transport department contact page found,,
rivne_ua,Rivne,UA,city_contact,https://www.rivne.gov.ua/,uk,low,Not loaded (connection failed); domain from memory.,,
rivne_ua,Rivne,UA,city_mobility,https://www.rivne.gov.ua/,uk,low,City council homepage; not loaded (unreachable); transport department page not found,,
sevastopol_ua,Sevastopol,UA,excluded,,,,Occupied territory: no link — decision needed,,
simferopol_ua,Simferopol,UA,excluded,,,,Occupied territory: no link — decision needed,,
slovyansk_ua,Slovyansk,UA,city_contact,https://slv.gov.ua/feedback/,uk,high,Loaded; city military administration contact form (council functions run by the military administration).,,
slovyansk_ua,Slovyansk,UA,city_mobility,https://slv.gov.ua/perevizniki-15-04-29-22-02-2024/,uk,medium,Slovyansk city military administration transport section page (bus carriers); no transport department page found,,
sumy_ua,Sumy,UA,city_contact,https://smr.gov.ua/,uk,low,Not loaded (connection failed); domain from memory.,,
sumy_ua,Sumy,UA,city_mobility,https://smr.gov.ua/,uk,low,Sumy City Council homepage; not loaded (connection failed); transport department page not found,,
ternopil_ua,Ternopil,UA,city_contact,https://ternopilcity.gov.ua/contacts/,uk,high,Loaded; contacts page.,,
ternopil_ua,Ternopil,UA,city_mobility,https://ternopilcity.gov.ua/vikonavchi-organi-radi/upravlinnya--viddili/4827.html,uk,high,Loaded; Department of Transport Networks and Communications.,,
uzhhorod_ua,Uzhhorod,UA,city_contact,https://rada-uzhgorod.gov.ua/,uk,medium,"Loaded; homepage, no dedicated contacts page found.",,
uzhhorod_ua,Uzhhorod,UA,city_mobility,https://rada-uzhgorod.gov.ua/gromadskyj-transport-2,uk,medium,City council public transport page; replaces mixed petitions/transport hub page.,,
vinnytsia_ua,Vinnytsia,UA,city_contact,https://www.vmr.gov.ua/,uk,low,Not loaded (connection failed); domain from memory.,,
vinnytsia_ua,Vinnytsia,UA,city_mobility,https://www.vmr.gov.ua/,uk,low,City council homepage; not loaded (connection reset); responsible body is Department of Energy Transport and Communications,,
yevpatoria_ua,Yevpatoria,UA,excluded,,,,Occupied territory: no link — decision needed,,
zaporizhzhia_ua,Zaporizhzhia,UA,city_contact,https://zp.gov.ua/contacts,uk,high,Zaporizhzhia City Council contacts page.,,
zaporizhzhia_ua,Zaporizhzhia,UA,city_mobility,https://zp.gov.ua/department/5714,uk,medium,Department for transport provision and communications; not checked for geo-blocking (loaded fine here).,,
zhytomyr_ua,Zhytomyr,UA,city_contact,https://www.zt-rada.gov.ua/contacts,uk,high,Zhytomyr City Council contacts page.,,
zhytomyr_ua,Zhytomyr,UA,city_mobility,https://zt-rada.gov.ua/transportzt,uk,medium,City council transport section page (Transport m. Zhytomyra); no transport department contact found,,
pristina_rs,Pristina,XK,city_contact,https://prishtinaonline.com/kontakti,sq,high,Official municipal site contact page; old rks-gov URL no longer resolves,,
pristina_rs,Pristina,XK,city_mobility,https://prishtinaonline.com/drejtorite/mobilitet,sq,medium,Municipality of Prishtina Directorate of Mobility page; mostly director profile with contact email,,
country_AD,,AD,ministry_contact,https://www.mobilitat.ad/,ca,medium,Govern d'Andorra Departament de Mobilitat; loaded.,,
country_AL,,AL,ministry_contact,https://infrastruktura.gov.al/,sq,medium,Ministry of Infrastructure and Energy; homepage loaded.,,
country_AT,,AT,ministry_contact,https://www.bmimi.gv.at/kontakt.html,de,high,BMIMI (formerly BMK). Cycling: https://www.bmimi.gv.at/themen/mobilitaet/fuss_radverkehr.html,,
country_BA,,BA,ministry_contact,https://www.mkt.gov.ba/,bs,low,State Ministry of Communications and Transport; not loaded. Entity ministries (RS and FBiH transport) may be more relevant.,,
country_BE,,BE,ministry_contact,https://mobilit.belgium.be/fr/contact,fr,medium,Federal FPS Mobility and Transport contact page; cycling is a regional competence.,,
country_BG,,BG,ministry_contact,https://www.mtc.government.bg/bg/contact,bg,high,Ministry of Transport and Communications contacts.,,
country_CH,,CH,ministry_contact,https://www.uvek.admin.ch/de/kontakt,de,high,UVEK; cycling office ASTRA: https://www.astra.admin.ch/de/kontakt-lageplan,,
country_CZ,,CZ,ministry_contact,https://md.gov.cz/Kontakty,cs,high,Verified; mdcr.cz redirects to md.gov.cz.,,
country_DE,,DE,ministry_contact,https://www.bmv.de/DE/Meta/Buergerservice/buergerservice.html,de,high,Kontakt / Bürgerservice of Bundesministerium für Verkehr; cycling: https://www.bmv.de/DE/Themen/Mobilitaet/Fahrradverkehr/fahrradverkehr.html,,
country_DK,,DK,ministry_contact,https://www.bltm.dk/,da,medium,"By-, Land- og Transportministeriet homepage (no /kontakt subpage)",,
country_EE,,EE,ministry_contact,https://www.kliimaministeerium.ee/kontakt,et,high,Kliimaministeerium (Climate Ministry) contact page; ministry now covers transport.,,
country_ES,,ES,ministry_contact,https://www.transportes.gob.es/ministerio/contacto-web,es,high,Ministerio de Transportes y Movilidad Sostenible,,
country_FI,,FI,ministry_contact,https://lvm.fi/yhteystiedot,fi,high,Ministry of Transport and Communications contact page.,,
country_FR,,FR,ministry_contact,https://www.ecologie.gouv.fr/contact,fr,medium,Ministère Transition écologique/Transports; loads via curl only,,
country_GB,,GB,ministry_contact,https://www.gov.uk/government/organisations/department-for-transport/about/access-and-opening,en,medium,DfT access page with helpline; no contact form,,
country_GR,,GR,ministry_contact,https://www.yme.gov.gr/ypoyrgeio/igesia/tilefona-epikoinonias,el,medium,"Ministry of Infrastructure and Transport contact phone page; WebFetch blocked by robots, loaded via HTTP.",,
country_HR,,HR,ministry_contact,https://mmpi.gov.hr/kontakt/7,hr,medium,"Ministry of Sea, Transport and Infrastructure; loaded but may redirect to homepage.",,
country_HU,,HU,ministry_contact,https://kormany.hu/kormanyzat/kozlekedesi-es-beruhazasi-miniszterium,hu,high,Ministry of Transport and Investment (Közlekedési és Beruházási Minisztérium) is the current transport ministry per kormany.hu.,,
country_IE,,IE,ministry_contact,https://www.gov.ie/en/department-of-transport/,en,medium,Department of Transport; not loaded (403 bot block).,,
country_IS,,IS,ministry_contact,https://www.stjornarradid.is/raduneyti/innvidaraduneytid/,is,high,Innviðaráðuneytið page with phone and contact link.,,
country_IT,,IT,ministry_contact,https://www.mit.gov.it/ministero/URP,it,high,URP of Ministero delle infrastrutture e dei trasporti (checked in browser),,
country_LT,,LT,ministry_contact,https://sumin.lrv.lt/lt/struktura-ir-kontaktai/kontaktai/,lt,high,Previous URL 404; ministry contacts page verified via WebFetch,,
country_LU,,LU,ministry_contact,https://mmtp.gouvernement.lu/fr.html,fr,medium,Ministère de la Mobilité et des Travaux publics; homepage loaded.,,
country_LV,,LV,ministry_contact,https://www.sam.gov.lv/en/departments,en,high,Ministry of Transport contacts page with general contact and department contacts.,,
country_MD,,MD,ministry_contact,https://midr.gov.md/contacte,ro,high,Ministry of Infrastructure and Regional Development contacts; old mid.gov.md no longer resolves,,
country_ME,,ME,ministry_contact,https://www.gov.me/en/msa,en,medium,Ministry of Transport of Montenegro page; contact info only via government PR links.,,
country_MK,,MK,ministry_contact,https://mtc.gov.mk/mk-MK/kontakt/kontakt,mk,high,Contact page of Министерство за транспорт (checked in browser),,
country_NL,,NL,ministry_contact,https://www.rijksoverheid.nl/ministeries/ministerie-van-infrastructuur-en-waterstaat/contact,nl,high,Ministerie van Infrastructuur en Waterstaat,,
country_NO,,NO,ministry_contact,https://www.regjeringen.no/no/dep/sd/kontakt/id799/,no,high,"Samferdselsdepartementet contact page; main page loaded, contact URL taken from its navigation.",,
country_PL,,PL,ministry_contact,https://www.gov.pl/web/infrastruktura/kontakt,pl,high,Ministerstwo Infrastruktury,,
country_PT,,PT,ministry_contact,https://www.portugal.gov.pt/pt/gc25/governo/contactos-dos-gabinetes,pt,medium,Government-wide cabinet contacts incl. Infraestruturas,,
country_RO,,RO,ministry_contact,https://www.mt.gov.ro/,ro,low,"Ministry of Transport and Infrastructure; not loaded, URL from memory.",,
country_RS,,RS,ministry_contact,https://www.mgsi.gov.rs/cir/contacts,sr,high,"Ministry of Construction, Transport and Infrastructure (current name confirmed on site).",,
country_SE,,SE,ministry_contact,https://www.regeringen.se/sveriges-regering/landsbygds--och-infrastrukturdepartementet/,sv,high,Ministry for Rural Affairs and Infrastructure holds transport.,,
country_SE,,SE,ministry_contact,https://www.trafikverket.se/om-oss/kontakta-oss/,sv,high,"Trafikverket (Swedish Transport Administration) contact page; agency, not ministry.",,
country_SI,,SI,ministry_contact,https://www.gov.si/en/state-authorities/ministries/ministry-of-infrastructure-and-energy/,en,medium,"Ministry of Infrastructure and Energy; loaded, no dedicated contact page.",,
country_SK,,SK,ministry_contact,https://www.mindop.sk/kontakt,sk,high,Ministry of Transport; loaded.,,
country_UA,,UA,ministry_contact,https://mininfra.gov.ua/kontakty,uk,medium,Ministry for Reconstruction/Infrastructure; naming may have changed,,
country_XK,,XK,ministry_contact,https://mit-ks.net/sq/kontakti,sq,high,Ministria e Infrastrukturës dhe Transportit,,
