{
"type": "FeatureCollection",
"name": "paris_fr-from_2026-existing_bike_network",
"features": [
{"type":"Feature","properties":{"bikenet_hierarchy":"primary","road_hierarchy":"primary","length":829.41156391319123},"geometry":{"type":"LineString","coordinates":[[2.3595373,48.8188776],[2.3594606,48.819145],[2.359411,48.8193074],[2.3592648,48.8197702],[2.3590687,48.8204187],[2.3590367,48.8205235],[2.3589405,48.8208272],[2.3587574,48.8214149],[2.3586953,48.8216183],[2.3585181,48.8222051],[2.3584771,48.8223355],[2.358405,48.8226028],[2.3583703,48.8227246],[2.3583477,48.8227877],[2.3582647,48.8230115],[2.3582354,48.8230911],[2.3581965,48.8232086],[2.3578403,48.8243261],[2.3578057,48.8244351],[2.3577644,48.8245655],[2.3576873,48.8248085],[2.3576263,48.8250011],[2.3575888,48.8251193],[2.3574144,48.825715],[2.3573879,48.8257938],[2.3572955,48.8260492],[2.3572608,48.8261825]]}},
{"type":"Feature","properties":{"bikenet_hierarchy":"primary","road_hierarchy":"primary","length":596.22080280898103},"geometry":{"type":"LineString","coordinates":[[2.3555034,48.8314103],[2.3558823,48.8307037],[2.3559303,48.8305612],[2.3562785,48.8293827],[2.3564512,48.8288521],[2.3565824,48.8284216],[2.356611,48.8283266],[2.356773,48.8277963],[2.3568511,48.8275335],[2.3568841,48.8274318],[2.3570898,48.8267543],[2.3571131,48.8266809],[2.3572326,48.8262912],[2.3572608,48.8261825]]}},
{"type":"Feature","properties":{"bikenet_hierarchy":"secondary","road_hierarchy":"tertiary","length":728.29107574348473},"geometry":{"type":"LineString","coordinates":[[2.3555034,48.8314103],[2.3550721,48.8309275],[2.3550437,48.8309067],[2.3548991,48.8307465],[2.3545654,48.8303532],[2.3543829,48.8301324],[2.3543665,48.8301128],[2.3542716,48.8299975],[2.3535702,48.8291289],[2.3535164,48.8290622],[2.3530206,48.8284441],[2.3529301,48.8283291],[2.3527441,48.8281451],[2.3526626,48.8280679],[2.3525961,48.8279936],[2.3520525,48.8274845],[2.3519417,48.8273829],[2.3517603,48.8271889],[2.3515873,48.8270029],[2.3514725,48.8268898],[2.351364,48.8267852],[2.3512488,48.8266709],[2.3506421,48.826073],[2.3504754,48.8259188],[2.3503663,48.8258178]]}},
{"type":"Feature","properties":{"bikenet_hierarchy":"secondary","road_hierarchy":"tertiary","length":445.4516144328523},"geometry":{"type":"LineString","coordinates":[[2.3469958,48.8224872],[2.3470663,48.8225578],[2.3472181,48.8227059],[2.3485343,48.824021],[2.3486043,48.82409],[2.3489205,48.8244015],[2.3489706,48.824451],[2.349556,48.8250278],[2.3496376,48.8251082],[2.3502522,48.8257123],[2.3503663,48.8258178]]}},
{"type":"Feature","properties":{"bikenet_hierarchy":"secondary","road_hierarchy":"quaternary","length":521.91864205268848},"geometry":{"type":"LineString","coordinates":[[2.3430028,48.8215577],[2.3429912,48.8216389],[2.3439787,48.8225455],[2.3439814,48.8226206],[2.344018,48.8226766],[2.3441143,48.8228839],[2.344396,48.8236785],[2.3445029,48.8239808],[2.344545,48.8240912],[2.3445804,48.8241941],[2.3448361,48.8248801],[2.3449779,48.8252826],[2.3451066,48.825648],[2.3451846,48.825863],[2.3452101,48.8259416]]}},
{"type":"Feature","properties":{"bikenet_hierarchy":"secondary","road_hierarchy":"quaternary","length":524.43343768457453},"geometry":{"type":"LineString","coordinates":[[2.345941,48.8306297],[2.345881,48.8302713],[2.3458605,48.8300526],[2.3458511,48.8299519],[2.3458435,48.8298712],[2.3456468,48.8279518],[2.3456317,48.827895],[2.3456163,48.8278153],[2.3455717,48.8276099],[2.3454027,48.8268206],[2.3453196,48.8264332],[2.3452353,48.8260402],[2.3452101,48.8259416]]}},
{"type":"Feature","properties":{"bikenet_hierarchy":"secondary","road_hierarchy":"secondary","length":619.19229107544641},"geometry":{"type":"LineString","coordinates":[[2.3115462,48.8327363],[2.311668,48.8326891],[2.3127872,48.8322571],[2.3128614,48.8322287],[2.3129457,48.832197],[2.3130854,48.8321446],[2.3135538,48.8319688],[2.3140387,48.831843],[2.3141451,48.8318162],[2.3143238,48.8317753],[2.3151988,48.8315861],[2.3153589,48.8315526],[2.3156255,48.8314908],[2.3160437,48.831394],[2.3171503,48.8311355],[2.3174929,48.8310473],[2.3189281,48.8306353],[2.3191282,48.830574],[2.319263,48.8305326]]}},
{"type":"Feature","properties":{"bikenet_hierarchy":"secondary","road_hierarchy":"secondary","length":630.97017676940857},"geometry":{"type":"LineString","coordinates":[[2.3268388,48.8278722],[2.3265091,48.8279192],[2.3264231,48.8279519],[2.3242922,48.82872],[2.3241994,48.8287522],[2.3227353,48.8292688],[2.322569,48.8293291],[2.3211682,48.829835],[2.3204813,48.8300848],[2.3203081,48.8301463],[2.3200615,48.8302368],[2.3196756,48.8303799],[2.3195303,48.8304332],[2.319263,48.8305326]]}},
{"type":"Feature","properties":{"bikenet_hierarchy":"secondary","road_hierarchy":"secondary","length":71.018822263263559},"geometry":{"type":"LineString","coordinates":[[2.2745382,48.8470941],[2.274423,48.8471424],[2.2743184,48.8471866],[2.2739266,48.84735],[2.2737147,48.8474292]]}},
{"type":"Feature","properties":{"bikenet_hierarchy":"secondary","road_hierarchy":"tertiary","length":619.49280092105448},"geometry":{"type":"LineString","coordinates":[[2.3435923,48.8412715],[2.3436822,48.8411978],[2.3450805,48.8406608],[2.3451887,48.8406183],[2.3459022,48.8403381],[2.3460023,48.8402803],[2.3461324,48.8402253],[2.3464776,48.8400902],[2.3470437,48.8398642],[2.3472111,48.8397983],[2.3473788,48.8397362],[2.3491377,48.8390483],[2.3492159,48.8390159],[2.3498009,48.8388039],[2.349896,48.8387648],[2.3501568,48.8386566],[2.3503947,48.8385483],[2.3508166,48.8384091]]}},
{"type":"Feature","properties":{"bikenet_hierarchy":"primary","road_hierarchy":"quaternary","length":141.38656946493879},"geometry":{"type":"LineString","coordinates":[[2.3496749,48.8580771],[2.3497638,48.8580495],[2.3498388,48.8580263],[2.3502093,48.8579114],[2.3509296,48.8576869],[2.3513261,48.8575624],[2.351417,48.8575338]]}},
{"type":"Feature","properties":{"bikenet_hierarchy":"secondary","road_hierarchy":"secondary","length":948.20821185603529},"geometry":{"type":"LineString","coordinates":[[2.3560623,48.8654632],[2.3553769,48.8647277],[2.3551553,48.8643308],[2.3551316,48.8642822],[2.3548818,48.8638185],[2.3548523,48.8637677],[2.3545772,48.8632717],[2.3545514,48.8632266],[2.3543134,48.8627917],[2.3542782,48.8627221],[2.3539076,48.8620246],[2.3537691,48.8617623],[2.3536897,48.8616118],[2.3536058,48.8614526],[2.353513,48.8612774],[2.3534869,48.8612278],[2.353436,48.8611338],[2.3532738,48.8608786],[2.3530538,48.8604126],[2.3529854,48.8602873],[2.3527596,48.8598814],[2.3525924,48.8596361],[2.3521364,48.8587685],[2.3520991,48.8586982],[2.3519395,48.8584075],[2.351908,48.8583518],[2.3518793,48.8582959],[2.3515061,48.8575921],[2.351417,48.8575338]]}},
{"type":"Feature","properties":{"bikenet_hierarchy":"primary","road_hierarchy":"quaternary","length":405.76632880018042},"geometry":{"type":"LineString","coordinates":[[2.3566154,48.8563185],[2.356469,48.8563523],[2.3558244,48.8565057],[2.3556114,48.8565564],[2.3554549,48.8565933],[2.3549917,48.8567026],[2.3540054,48.8569313],[2.353872,48.8569567],[2.3535411,48.8570054],[2.3524507,48.8572614],[2.3515782,48.8574569],[2.351514,48.8574722],[2.351417,48.8575338]]}},
{"type":"Feature","properties":{"bikenet_hierarchy":"primary","road_hierarchy":"secondary","length":893.82918414756625},"geometry":{"type":"LineString","coordinates":[[2.3624256,48.8806939],[2.3622041,48.8786647],[2.3616771,48.8779511],[2.3616087,48.877835],[2.3615428,48.8777182],[2.3613867,48.8774244],[2.3610408,48.8768222],[2.360657,48.8761985],[2.3605956,48.8761021],[2.3605189,48.8759734],[2.3602968,48.8757837],[2.360103,48.8758294],[2.3599778,48.8758578],[2.3594918,48.8759394],[2.3593545,48.8759629],[2.3584785,48.8761129],[2.3582651,48.8761497],[2.3581872,48.8760639],[2.3578474,48.8755484],[2.3578012,48.8754848],[2.357755,48.8754176],[2.3575621,48.8751497],[2.3574969,48.8749955],[2.3574461,48.8749085],[2.3573832,48.8748138]]}},
{"type":"Feature","properties":{"bikenet_hierarchy":"primary","road_hierarchy":"primary","length":200.73211142726507},"geometry":{"type":"LineString","coordinates":[[2.3559263,48.8763358],[2.3560653,48.8761753],[2.3562373,48.875991],[2.3564412,48.8757642],[2.3565655,48.8756325],[2.356717,48.8755402],[2.3570813,48.8751487],[2.357312,48.8748929],[2.3573832,48.8748138]]}},
{"type":"Feature","properties":{"bikenet_hierarchy":"primary","road_hierarchy":"primary","length":303.31562625952347},"geometry":{"type":"LineString","coordinates":[[2.3559271,48.8722614],[2.3559828,48.872361],[2.3565103,48.8733069],[2.3565367,48.8733538],[2.3567949,48.8738164],[2.3568425,48.8739069],[2.3569123,48.8740251],[2.3571741,48.8744909],[2.3573209,48.8747096],[2.3573832,48.8748138]]}},
{"type":"Feature","properties":{"bikenet_hierarchy":"primary","road_hierarchy":"primary","length":756.4876952467049},"geometry":{"type":"LineString","coordinates":[[2.3625752,48.8689409],[2.3624745,48.8690479],[2.3623739,48.8692412],[2.3618212,48.8698555],[2.3613007,48.8704348],[2.3612095,48.8705348],[2.3611154,48.8706384],[2.3608352,48.8709587],[2.3607055,48.871103],[2.3605603,48.8712666],[2.3604114,48.8714347],[2.3603471,48.8715058],[2.3602578,48.8716039],[2.3600509,48.8718412],[2.3598727,48.8720347],[2.3597598,48.872164],[2.3589202,48.8730993],[2.3588478,48.8731807],[2.3587111,48.8733281],[2.3584325,48.873633],[2.3583248,48.8737558],[2.3581518,48.8739465],[2.3581364,48.873964],[2.3575561,48.8746215],[2.3575106,48.8746714],[2.3573832,48.8748138]]}},
{"type":"Feature","properties":{"bikenet_hierarchy":"primary","road_hierarchy":"primary","length":362.19914874010436},"geometry":{"type":"LineString","coordinates":[[2.3479102,48.8706756],[2.3480575,48.8706528],[2.3482803,48.8706045],[2.3487034,48.8705196],[2.3488393,48.8704924],[2.349095,48.870441],[2.3495659,48.8703465],[2.3497521,48.8703078],[2.3500525,48.8702435],[2.3505114,48.8701459],[2.3507308,48.8700967],[2.3509547,48.8700498],[2.3517563,48.8698692],[2.3522815,48.8697507],[2.3523687,48.8697317],[2.3526101,48.8696795]]}},
{"type":"Feature","properties":{"bikenet_hierarchy":"secondary","road_hierarchy":"quaternary","length":374.32267745815011},"geometry":{"type":"LineString","coordinates":[[2.347326,48.867349],[2.3473436,48.8674524],[2.3473586,48.8676174],[2.3473678,48.8678297],[2.3476779,48.8684499],[2.3476892,48.8685046],[2.3477311,48.8688064],[2.3477438,48.8688664],[2.3479102,48.8706756]]}},
{"type":"Feature","properties":{"bikenet_hierarchy":"primary","road_hierarchy":"primary","length":366.3505403943895},"geometry":{"type":"LineString","coordinates":[[2.3430679,48.8714816],[2.3432194,48.8714565],[2.3456021,48.8710616],[2.345716,48.8710427],[2.3459797,48.8709989],[2.346097,48.8709795],[2.3468154,48.8708604],[2.3477049,48.870713],[2.3479102,48.8706756]]}},
{"type":"Feature","properties":{"bikenet_hierarchy":"primary","road_hierarchy":"secondary","length":235.87852269724891},"geometry":{"type":"LineString","coordinates":[[2.3570708,48.8792848],[2.3568633,48.8792399],[2.3558929,48.8789801],[2.3557547,48.8789429],[2.3555722,48.8788943],[2.3543409,48.878578],[2.3540762,48.8785122]]}},
{"type":"Feature","properties":{"bikenet_hierarchy":"primary","road_hierarchy":"primary","length":277.80693377540928},"geometry":{"type":"LineString","coordinates":[[2.3559263,48.8763358],[2.3556981,48.8766301],[2.3555951,48.8768087],[2.3551303,48.8773293],[2.3550212,48.8774574],[2.3543067,48.8782438],[2.3541854,48.8783724],[2.3540762,48.8785122]]}},
{"type":"Feature","properties":{"bikenet_hierarchy":"primary","road_hierarchy":"primary","length":686.19643583154618},"geometry":{"type":"LineString","coordinates":[[2.3494771,48.8838548],[2.3495534,48.8835015],[2.3498674,48.883187],[2.3499412,48.8831005],[2.3509097,48.882022],[2.3509553,48.8819712],[2.3513465,48.8815499],[2.3514274,48.8814567],[2.351965,48.8808524],[2.3521837,48.8806118],[2.3523043,48.8804947],[2.3525141,48.8802663],[2.3531065,48.8795823],[2.353266,48.8794065],[2.353378,48.8792792],[2.3534395,48.8792119],[2.3538719,48.878739],[2.3540154,48.878578],[2.3540762,48.8785122]]}},
{"type":"Feature","properties":{"bikenet_hierarchy":"primary","road_hierarchy":"secondary","length":404.16098164265725},"geometry":{"type":"LineString","coordinates":[[2.3489568,48.8771681],[2.3491513,48.8772198],[2.3496559,48.8773522],[2.3498805,48.8774056],[2.3511855,48.8777583],[2.3515598,48.8778535],[2.3516636,48.8778816],[2.3520887,48.8779932],[2.3522667,48.8780396],[2.3539042,48.8784673],[2.3540762,48.8785122]]}},
{"type":"Feature","properties":{"bikenet_hierarchy":"primary","road_hierarchy":"primary","length":509.40044597430801},"geometry":{"type":"LineString","coordinates":[[2.3332569,48.8729396],[2.3334679,48.8729047],[2.3335577,48.8728919],[2.3351567,48.8726728],[2.3352712,48.8726583],[2.3357965,48.8725852],[2.3361214,48.8725406],[2.3373312,48.8723749],[2.3374236,48.8723622],[2.3375143,48.8723498],[2.3381936,48.8722568],[2.3383873,48.8722312],[2.3390781,48.872138],[2.3392101,48.8721203],[2.3395942,48.8720689],[2.3397808,48.8720412],[2.3398874,48.872024],[2.3400527,48.8719982]]}},
{"type":"Feature","properties":{"bikenet_hierarchy":"primary","road_hierarchy":"primary","length":228.95783734613889},"geometry":{"type":"LineString","coordinates":[[2.3430679,48.8714816],[2.3428801,48.8715079],[2.341866,48.8716726],[2.341604,48.871714],[2.3404076,48.8719069],[2.3402248,48.8719705],[2.3400527,48.8719982]]}},
{"type":"Feature","properties":{"bikenet_hierarchy":"primary","road_hierarchy":"primary","length":458.48132136535037},"geometry":{"type":"LineString","coordinates":[[2.3271295,48.8737473],[2.3272269,48.8737347],[2.327381,48.8737143],[2.327667,48.873676],[2.3277688,48.8736637],[2.3283475,48.8735856],[2.3284629,48.8735702],[2.329538,48.8734274],[2.3297058,48.8734051],[2.3297476,48.8733995],[2.3302226,48.8733528],[2.330906,48.8732639],[2.3310197,48.8732469],[2.3311953,48.8732235],[2.3313947,48.873198],[2.331769,48.8731474],[2.3329351,48.8729972],[2.3330174,48.8729871],[2.3332569,48.8729396]]}},
{"type":"Feature","properties":{"bikenet_hierarchy":"secondary","road_hierarchy":"quaternary","length":229.80578066388313},"geometry":{"type":"LineString","coordinates":[[2.3341638,48.8709692],[2.3341164,48.8710787],[2.3340349,48.8712634],[2.3338944,48.8715745],[2.3337735,48.8718808],[2.3333636,48.8728444],[2.3332569,48.8729396]]}},
{"type":"Feature","properties":{"bikenet_hierarchy":"secondary","road_hierarchy":"secondary","length":156.54636138526735},"geometry":{"type":"LineString","coordinates":[[2.3327119,48.8742988],[2.332735,48.8742455],[2.3331774,48.8732191],[2.3332137,48.8731456],[2.3332569,48.8729396]]}},
{"type":"Feature","properties":{"bikenet_hierarchy":"primary","road_hierarchy":"secondary","length":342.26954418382638},"geometry":{"type":"LineString","coordinates":[[2.3374774,48.8741607],[2.3373147,48.8741189],[2.337074,48.8740539],[2.3363115,48.8738551],[2.3361989,48.8738252],[2.3354635,48.8736337],[2.3353197,48.8735967],[2.3352026,48.8735645],[2.334404,48.8733546],[2.3335367,48.8731372],[2.3333856,48.8730926],[2.3332569,48.8729396]]}},
{"type":"Feature","properties":{"bikenet_hierarchy":"secondary","road_hierarchy":"quaternary","length":424.70579408631863},"geometry":{"type":"LineString","coordinates":[[2.3269246,48.8741823],[2.3327119,48.8742988]]}},
{"type":"Feature","properties":{"bikenet_hierarchy":"secondary","road_hierarchy":"quaternary","length":350.06248800761705},"geometry":{"type":"LineString","coordinates":[[2.3374774,48.8741607],[2.337041,48.8741904],[2.3353731,48.8742364],[2.3352163,48.874243],[2.3344515,48.8742646],[2.3342561,48.8742713],[2.3338672,48.8742811],[2.3327877,48.8743063],[2.3327513,48.8743033],[2.3327119,48.8742988]]}},
{"type":"Feature","properties":{"bikenet_hierarchy":"secondary","road_hierarchy":"secondary","length":249.29758224986557},"geometry":{"type":"LineString","coordinates":[[2.3317833,48.8764552],[2.3318197,48.8763575],[2.3318586,48.876253],[2.3318895,48.8761824],[2.3322671,48.8753221],[2.3322934,48.8752609],[2.3323176,48.8752018],[2.3325403,48.8746949],[2.332582,48.874598],[2.3326912,48.8743468],[2.3327119,48.8742988]]}},
{"type":"Feature","properties":{"bikenet_hierarchy":"primary","road_hierarchy":"primary","length":739.6678125340419},"geometry":{"type":"LineString","coordinates":[[2.3495966,48.8905059],[2.3495962,48.890435],[2.3495927,48.8898303],[2.3495942,48.8896054],[2.349592,48.8894785],[2.3495897,48.88942],[2.3494771,48.8838548]]}},
{"type":"Feature","properties":{"bikenet_hierarchy":"primary","road_hierarchy":"primary","length":1321.7810907439261},"geometry":{"type":"LineString","coordinates":[[2.3323444,48.8839958],[2.3327896,48.8838764],[2.3329591,48.883838],[2.3341871,48.8834556],[2.334286,48.8834263],[2.3350609,48.8831955],[2.3354235,48.8830916],[2.3361773,48.8828591],[2.3369049,48.8826513],[2.3370119,48.8826212],[2.3372261,48.8825608],[2.3372885,48.8825506],[2.3377022,48.882488],[2.3379158,48.8824383],[2.3380119,48.8824232],[2.3395037,48.8821887],[2.3396406,48.882168],[2.3398488,48.8821579],[2.3408751,48.8823766],[2.341145,48.8824115],[2.3417397,48.8825325],[2.3419024,48.8825648],[2.3420175,48.8825868],[2.3437694,48.8829387],[2.3439268,48.8829696],[2.3443028,48.8830414],[2.3444,48.8830593],[2.3453054,48.8832312],[2.3453787,48.8832433],[2.3456532,48.8832972],[2.3465341,48.8834841],[2.3466423,48.8835003],[2.3469998,48.8835576],[2.3471514,48.8835753],[2.3494771,48.8838548]]}},
{"type":"Feature","properties":{"bikenet_hierarchy":"primary","road_hierarchy":"primary","length":730.94059817365803},"geometry":{"type":"LineString","coordinates":[[2.3593856,48.8842935],[2.3592583,48.8842978],[2.3591606,48.8843025],[2.3582962,48.8842551],[2.3575686,48.8842016],[2.3561627,48.8840989],[2.3560126,48.8840896],[2.3556464,48.8840644],[2.3555063,48.8840547],[2.3553057,48.8840431],[2.3531981,48.8838802],[2.3526039,48.8838367],[2.3514283,48.8837507],[2.3512788,48.8837383],[2.351166,48.8837303],[2.3494771,48.8838548]]}},
{"type":"Feature","properties":{"bikenet_hierarchy":"secondary","road_hierarchy":"quaternary","length":467.28098537253766},"geometry":{"type":"LineString","coordinates":[[2.3495234,48.8796827],[2.3495632,48.8797748],[2.3498007,48.8804647],[2.3498182,48.8805184],[2.3494771,48.8838548]]}},
{"type":"Feature","properties":{"bikenet_hierarchy":"primary","road_hierarchy":"secondary","length":670.96967003838836},"geometry":{"type":"LineString","coordinates":[[2.3555034,48.8314103],[2.3562429,48.8308426],[2.3563461,48.8307039],[2.356401,48.8306359],[2.3570818,48.8297754],[2.357159,48.8296811],[2.3573883,48.8293834],[2.3575628,48.8291614],[2.3576716,48.8290196],[2.3577119,48.8289721],[2.3580286,48.8285732],[2.3581077,48.8284715],[2.3581617,48.8284027],[2.3583851,48.8281055],[2.3587575,48.8276494],[2.3590173,48.8273385],[2.3590682,48.8272672],[2.3598216,48.826327],[2.3598605,48.826274],[2.3599616,48.8261632]]}},
{"type":"Feature","properties":{"bikenet_hierarchy":"primary","road_hierarchy":"secondary","length":757.956435786567},"geometry":{"type":"LineString","coordinates":[[2.3646698,48.8200999],[2.3645816,48.8202162],[2.3643862,48.820479],[2.3642305,48.8206786],[2.3640202,48.8209493],[2.3638904,48.8211153],[2.3638353,48.8211856],[2.3637231,48.8213244],[2.3634406,48.8216875],[2.3633951,48.8217452],[2.3633358,48.8218222],[2.3631982,48.8219995],[2.3631192,48.8220991],[2.3627994,48.822501],[2.3627659,48.8225434],[2.3627126,48.8226114],[2.362419,48.8229849],[2.3623268,48.823103],[2.3622417,48.8232122],[2.3618793,48.8236767],[2.3617851,48.8237969],[2.3607821,48.8250764],[2.3607198,48.8251537],[2.3601676,48.8258606],[2.3600026,48.8260658],[2.3599616,48.8261632]]}},
{"type":"Feature","properties":{"bikenet_hierarchy":"primary","road_hierarchy":"secondary","length":530.59895803430481},"geometry":{"type":"LineString","coordinates":[[2.3657501,48.8233085],[2.3655985,48.8233841],[2.3652998,48.8235331],[2.3648405,48.8237622],[2.3639365,48.824213],[2.3637298,48.8243161],[2.3636943,48.8243338],[2.3625611,48.824899],[2.3624501,48.8249543],[2.3623476,48.8250056],[2.3610141,48.8256709],[2.360366,48.8259946],[2.3599616,48.8261632]]}},
{"type":"Feature","properties":{"bikenet_hierarchy":"primary","road_hierarchy":"primary","length":763.22343574766751},"geometry":{"type":"LineString","coordinates":[[2.345941,48.8306297],[2.3460783,48.8305922],[2.3470367,48.8303305],[2.3472063,48.8302854],[2.3474091,48.8302293],[2.3483743,48.8299599],[2.3484799,48.8299337],[2.3485906,48.829903],[2.3494316,48.8296927],[2.34968,48.8297299],[2.3508927,48.8300957],[2.3522064,48.8305056],[2.3524836,48.8305927],[2.3526433,48.8306421],[2.3528999,48.8307269],[2.3543145,48.8311871],[2.3543524,48.8311993],[2.3544827,48.8312394],[2.3555034,48.8314103]]}},
{"type":"Feature","properties":{"bikenet_hierarchy":"primary","road_hierarchy":"primary","length":1307.7623260048019},"geometry":{"type":"LineString","coordinates":[[2.3713523,48.8363672],[2.3711669,48.8362731],[2.3709803,48.836173],[2.3704883,48.8359402],[2.3692631,48.8354776],[2.3689828,48.8353826],[2.3688832,48.835349],[2.368013,48.8350481],[2.3672354,48.834795],[2.3670719,48.8347418],[2.3669872,48.8347142],[2.366897,48.8346841],[2.3650034,48.8340526],[2.3647613,48.8339755],[2.3646499,48.8339359],[2.3635645,48.8335815],[2.3634004,48.8335261],[2.3631947,48.8334606],[2.3619809,48.8330483],[2.3618393,48.8329985],[2.3616763,48.8329422],[2.3590953,48.8320825],[2.3589539,48.8320341],[2.3582931,48.8318213],[2.3580259,48.8317316],[2.3579432,48.8316928],[2.3570108,48.8313899],[2.3568698,48.8313462],[2.3566214,48.8312653],[2.3564197,48.8312354],[2.3555034,48.8314103]]}},
{"type":"Feature","properties":{"bikenet_hierarchy":"primary","road_hierarchy":"primary","length":1058.4024355185722},"geometry":{"type":"LineString","coordinates":[[2.3617567,48.8399826],[2.3616937,48.8398476],[2.3616137,48.8396947],[2.3610159,48.8388852],[2.3608958,48.838729],[2.360867,48.8386914],[2.3607912,48.8385924],[2.3605612,48.8382708],[2.3603922,48.8380321],[2.3594234,48.8367493],[2.3593702,48.8366735],[2.3592953,48.8365766],[2.3591426,48.8363716],[2.3588916,48.8360344],[2.3587506,48.8358449],[2.3586399,48.8356963],[2.358565,48.8355956],[2.358301,48.8352352],[2.3581216,48.8349951],[2.3578519,48.8346276],[2.3578062,48.8345654],[2.3575646,48.8342519],[2.357045,48.8335539],[2.3569207,48.833379],[2.356823,48.833254],[2.3567612,48.8331727],[2.3565498,48.8328817],[2.3564892,48.8328074],[2.3564189,48.8327058],[2.3561819,48.8323822],[2.3560637,48.8322167],[2.3555034,48.8314103]]}},
{"type":"Feature","properties":{"bikenet_hierarchy":"primary","road_hierarchy":"primary","length":158.66455672704063},"geometry":{"type":"LineString","coordinates":[[2.3438219,48.8527586],[2.3437924,48.8526969],[2.3433796,48.8518427],[2.3433408,48.8517626],[2.3431724,48.8513977]]}},
{"type":"Feature","properties":{"bikenet_hierarchy":"primary","road_hierarchy":"primary","length":483.2034951522715},"geometry":{"type":"LineString","coordinates":[[2.3408546,48.8473329],[2.3408835,48.847388],[2.3409825,48.8475657],[2.3411007,48.847752],[2.3414722,48.8483709],[2.3416552,48.848669],[2.3417553,48.8488358],[2.341806,48.8489211],[2.3425633,48.8501668],[2.3426437,48.8503076],[2.3427069,48.8504256],[2.3428034,48.8506264],[2.3428346,48.8506915],[2.3431034,48.8512533],[2.3431452,48.8513432],[2.3431724,48.8513977]]}},
{"type":"Feature","properties":{"bikenet_hierarchy":"primary","road_hierarchy":"secondary","length":265.38941452473847},"geometry":{"type":"LineString","coordinates":[[2.3455155,48.8508423],[2.3455998,48.8509961],[2.3456369,48.8510639],[2.3458171,48.8513927],[2.3462784,48.852176],[2.3463051,48.8522182],[2.3466149,48.8527633],[2.3466559,48.8528336],[2.3467438,48.8529809],[2.3468007,48.8530729]]}},
{"type":"Feature","properties":{"bikenet_hierarchy":"primary","road_hierarchy":"primary","length":196.58906577040386},"geometry":{"type":"LineString","coordinates":[[2.3443404,48.8537679],[2.344559,48.8536987],[2.3459126,48.8533342],[2.3466477,48.8531362],[2.3468007,48.8530729]]}},
{"type":"Feature","properties":{"bikenet_hierarchy":"primary","road_hierarchy":"primary","length":396.86233008416093},"geometry":{"type":"LineString","coordinates":[[2.3513069,48.851112],[2.3511451,48.851163],[2.3508616,48.8512566],[2.350421,48.8514343],[2.3503475,48.8514633],[2.3496414,48.8517378],[2.3492686,48.8519063],[2.3483607,48.8523007],[2.3482382,48.8523487],[2.3476317,48.8526411],[2.3468937,48.8530206],[2.3468007,48.8530729]]}},
{"type":"Feature","properties":{"bikenet_hierarchy":"secondary","road_hierarchy":"secondary","length":415.26526062590517},"geometry":{"type":"LineString","coordinates":[[2.326866,48.846944],[2.3267538,48.8468308],[2.326139,48.8461989],[2.3256576,48.8457055],[2.325529,48.8455729],[2.3251192,48.8451538],[2.3246103,48.8446307],[2.3245446,48.8445656],[2.3242048,48.8442164],[2.3241659,48.8441726],[2.3242471,48.8439562],[2.3242703,48.8437403]]}},
{"type":"Feature","properties":{"bikenet_hierarchy":"secondary","road_hierarchy":"secondary","length":1369.0709411020309},"geometry":{"type":"LineString","coordinates":[[2.2871137,48.8628752],[2.2816556,48.8634783],[2.2815517,48.86349],[2.281468,48.8634996],[2.2796146,48.8637062],[2.2793096,48.8637414],[2.2788128,48.8637987],[2.2787143,48.8638122],[2.278552,48.8638347],[2.277518,48.8639399],[2.2773634,48.8639585],[2.2772288,48.8639736],[2.276086,48.8641019],[2.2750681,48.8642102],[2.2749366,48.8642144],[2.2747553,48.8642212],[2.2746567,48.8642204],[2.2730031,48.8640943],[2.2728613,48.8640768],[2.2725283,48.8640093],[2.2723788,48.8639768],[2.2719723,48.8638535],[2.271851,48.8638185],[2.2698223,48.8630533],[2.2692908,48.862958],[2.2691588,48.8629558],[2.269039,48.8629581]]}},
{"type":"Feature","properties":{"bikenet_hierarchy":"secondary","road_hierarchy":"secondary","length":244.08686409618389},"geometry":{"type":"LineString","coordinates":[[2.3161046,48.8890963],[2.3157531,48.8887284],[2.3156467,48.8886128],[2.3155646,48.8885179],[2.3149002,48.8878508],[2.3142676,48.8874284],[2.3141215,48.8873505]]}},
{"type":"Feature","properties":{"bikenet_hierarchy":"primary","road_hierarchy":"primary","length":305.10963917608302},"geometry":{"type":"LineString","coordinates":[[2.316377,48.8813903],[2.3164839,48.8814131],[2.3166666,48.881452],[2.3167272,48.8814672],[2.3182733,48.8817944],[2.3187398,48.8818847],[2.3188114,48.8818992],[2.3188878,48.8819143],[2.3191894,48.8819748],[2.319637,48.8820668],[2.3201821,48.882173],[2.3203489,48.8822056]]}},
{"type":"Feature","properties":{"bikenet_hierarchy":"primary","road_hierarchy":"primary","length":528.30608826792638},"geometry":{"type":"LineString","coordinates":[[2.3272268,48.8836164],[2.3269209,48.8835404],[2.3267035,48.8834957],[2.3265927,48.883474],[2.3258177,48.8833204],[2.3253275,48.8832211],[2.3252604,48.8832075],[2.3242896,48.8830094],[2.3241518,48.8829827],[2.3239748,48.8829463],[2.3233205,48.8828134],[2.3232501,48.882799],[2.3231729,48.8827817],[2.3221229,48.882571],[2.321048,48.8823484],[2.3209624,48.882332],[2.3204978,48.882234],[2.3203489,48.8822056]]}},
{"type":"Feature","properties":{"bikenet_hierarchy":"primary","road_hierarchy":"quaternary","length":287.22834430390185},"geometry":{"type":"LineString","coordinates":[[2.3270422,48.8804415],[2.327022,48.8798283],[2.3270201,48.8796544],[2.3270187,48.8795707],[2.326984,48.8787895],[2.326981,48.8787234],[2.3269546,48.8779961],[2.3269497,48.8778593]]}},
{"type":"Feature","properties":{"bikenet_hierarchy":"primary","road_hierarchy":"primary","length":210.06303784923816},"geometry":{"type":"LineString","coordinates":[[2.329653,48.8846418],[2.329827,48.8845985],[2.3304675,48.8844379],[2.3322345,48.8840255],[2.3323444,48.8839958]]}},
{"type":"Feature","properties":{"bikenet_hierarchy":"primary","road_hierarchy":"secondary","length":423.01532854634041},"geometry":{"type":"LineString","coordinates":[[2.3624256,48.8806939],[2.3622162,48.880641],[2.3620077,48.8805878],[2.3619086,48.8805625],[2.3588067,48.8797587],[2.358688,48.8797288],[2.3585401,48.8796904],[2.3581108,48.8795819],[2.3578259,48.8794827],[2.3577218,48.8794553],[2.3572435,48.8793227],[2.3570708,48.8792848]]}},
{"type":"Feature","properties":{"bikenet_hierarchy":"secondary","road_hierarchy":"quaternary","length":339.02708263353497},"geometry":{"type":"LineString","coordinates":[[2.3559263,48.8763358],[2.3564392,48.877985],[2.3564586,48.8780443],[2.35667,48.8784749],[2.3567114,48.8785555],[2.3570391,48.8792193],[2.3570708,48.8792848]]}},
{"type":"Feature","properties":{"bikenet_hierarchy":"primary","road_hierarchy":"tertiary","length":327.29650043266827},"geometry":{"type":"LineString","coordinates":[[2.3676207,48.8688224],[2.3677212,48.8686915],[2.3691677,48.8668142],[2.3692432,48.8667172],[2.3695163,48.8663591],[2.3695933,48.8662573],[2.3696404,48.866198]]}},
{"type":"Feature","properties":{"bikenet_hierarchy":"primary","road_hierarchy":"primary","length":388.66186165313604},"geometry":{"type":"LineString","coordinates":[[2.3746278,48.8650427],[2.3724182,48.8656748],[2.3721847,48.8657187],[2.3715638,48.8658357],[2.3711382,48.865912],[2.3708611,48.865967],[2.3707114,48.8659979],[2.3705215,48.8660405],[2.370282,48.8660826],[2.370087,48.8661189],[2.3699046,48.8661537],[2.3696404,48.866198]]}},
{"type":"Feature","properties":{"bikenet_hierarchy":"primary","road_hierarchy":"primary","length":453.10554053680261},"geometry":{"type":"LineString","coordinates":[[2.3638296,48.8675553],[2.3666512,48.8667633],[2.3667964,48.8667352],[2.3671954,48.8666578],[2.3673384,48.8666302],[2.3680497,48.866493],[2.3681911,48.8664665],[2.3685446,48.866394],[2.3688858,48.866331],[2.3689638,48.8663167],[2.3692418,48.8662682],[2.3695385,48.8662153],[2.3696404,48.866198]]}},
{"type":"Feature","properties":{"bikenet_hierarchy":"primary","road_hierarchy":"tertiary","length":248.51755301285127},"geometry":{"type":"LineString","coordinates":[[2.3711594,48.8642025],[2.3711183,48.8642975],[2.3707371,48.8647943],[2.3706797,48.8648674],[2.3706111,48.8649541],[2.3700416,48.8656848],[2.3699715,48.8657773],[2.3699193,48.8658431],[2.3697661,48.8660372],[2.3696951,48.8661279],[2.3696404,48.866198]]}},
{"type":"Feature","properties":{"bikenet_hierarchy":"secondary","road_hierarchy":"secondary","length":624.95487429903699},"geometry":{"type":"LineString","coordinates":[[2.3701149,48.8637626],[2.3699952,48.8638325],[2.3691872,48.864314],[2.3690967,48.8643696],[2.3688666,48.8645069],[2.3679453,48.865055],[2.3679167,48.8650711],[2.3677434,48.8651764],[2.3675807,48.8652732],[2.3671576,48.8655263],[2.3670096,48.8656124],[2.3664766,48.8659305],[2.36633,48.8660184],[2.36621,48.8660905],[2.3653403,48.866604],[2.3638296,48.8675553]]}},
{"type":"Feature","properties":{"bikenet_hierarchy":"primary","road_hierarchy":"primary","length":311.7234004685306},"geometry":{"type":"LineString","coordinates":[[2.3597592,48.8683311],[2.361148,48.8681406],[2.3621662,48.8679809],[2.3638296,48.8675553]]}},
{"type":"Feature","properties":{"bikenet_hierarchy":"primary","road_hierarchy":"primary","length":179.46997625709486},"geometry":{"type":"LineString","coordinates":[[2.3625752,48.8689409],[2.3628595,48.8686293],[2.3638296,48.8675553]]}},
{"type":"Feature","properties":{"bikenet_hierarchy":"primary","road_hierarchy":"secondary","length":191.42414664358225},"geometry":{"type":"LineString","coordinates":[[2.3615419,48.8667295],[2.3619044,48.8668414],[2.3620275,48.8668788],[2.3628642,48.8671948],[2.3631436,48.8673063],[2.3638296,48.8675553]]}},
{"type":"Feature","properties":{"bikenet_hierarchy":"primary","road_hierarchy":"primary","length":1463.652916790345},"geometry":{"type":"LineString","coordinates":[[2.3955513,48.8484231],[2.3943563,48.8486112],[2.3942381,48.8486275],[2.392957,48.8488235],[2.3923278,48.8489191],[2.3920084,48.8489668],[2.3917469,48.8490061],[2.3902908,48.8492269],[2.3900855,48.8492586],[2.3894914,48.8493481],[2.3885108,48.8494968],[2.3875256,48.8496457],[2.3873276,48.8496757],[2.3849553,48.8500355],[2.384689,48.8500842],[2.384451,48.8501233],[2.3843637,48.8501404],[2.3842019,48.8501672],[2.3830749,48.8502592],[2.3828212,48.8502791],[2.3819569,48.8503608],[2.3817896,48.8503773],[2.3815323,48.8503933],[2.3814094,48.8504064],[2.3812488,48.8504193],[2.3801261,48.850478],[2.379613,48.8505381],[2.3794048,48.8505762],[2.3789489,48.8506408],[2.3788135,48.8506622],[2.378518,48.8507241],[2.3784043,48.8507565],[2.3777953,48.850907],[2.3776975,48.8509304],[2.3773957,48.8510053],[2.37722,48.8510452],[2.3768189,48.8511414],[2.3767637,48.8511553],[2.376415,48.8512402],[2.3761436,48.8513069]]}},
{"type":"Feature","properties":{"bikenet_hierarchy":"primary","road_hierarchy":"primary","length":575.68930427123007},"geometry":{"type":"LineString","coordinates":[[2.3690863,48.8532196],[2.3701157,48.8532959],[2.3701484,48.8532957],[2.3702856,48.8532772],[2.3704621,48.8532077],[2.3712628,48.8527329],[2.3713165,48.8527065],[2.3720816,48.8523831],[2.3723633,48.8522997],[2.3726061,48.8522321],[2.3729974,48.8521186],[2.3736527,48.8519301],[2.3738119,48.8518889],[2.3739298,48.8518569],[2.3747737,48.8516423],[2.3748568,48.851622],[2.3750871,48.8515642],[2.3757402,48.8514006],[2.3759192,48.8513566],[2.3761436,48.8513069]]}},
{"type":"Feature","properties":{"bikenet_hierarchy":"secondary","road_hierarchy":"secondary","length":74.054919966967333},"geometry":{"type":"LineString","coordinates":[[2.3757231,48.8507046],[2.3758381,48.8508158],[2.3760488,48.8511796],[2.37606,48.8511962],[2.3761436,48.8513069]]}},
{"type":"Feature","properties":{"bikenet_hierarchy":"secondary","road_hierarchy":"secondary","length":399.66268161469077},"geometry":{"type":"LineString","coordinates":[[2.3690863,48.8532196],[2.3698901,48.8514362],[2.3701235,48.8509516],[2.3706499,48.8497769]]}},
{"type":"Feature","properties":{"bikenet_hierarchy":"primary","road_hierarchy":"secondary","length":189.93684690550805},"geometry":{"type":"LineString","coordinates":[[2.3725375,48.8486286],[2.3724621,48.8486651],[2.3719795,48.8488977],[2.371428,48.8491728],[2.3713328,48.8492334],[2.3710888,48.8493981],[2.3709437,48.8494979],[2.3706499,48.8497769]]}},
{"type":"Feature","properties":{"bikenet_hierarchy":"secondary","road_hierarchy":"tertiary","length":206.02766347993895},"geometry":{"type":"LineString","coordinates":[[2.3714459,48.8480012],[2.37139,48.8481227],[2.3709881,48.8489519],[2.3709598,48.8490109],[2.3708928,48.8491498],[2.3708458,48.8492467],[2.3708377,48.8492632],[2.3706499,48.8497769]]}},
{"type":"Feature","properties":{"bikenet_hierarchy":"secondary","road_hierarchy":"tertiary","length":272.29239772033816},"geometry":{"type":"LineString","coordinates":[[2.3725055,48.8456577],[2.3723136,48.8459543],[2.3720478,48.8465385],[2.3720012,48.8466464],[2.3719554,48.8467662],[2.3716821,48.8473817],[2.371587,48.8475999],[2.3714674,48.847946],[2.3714459,48.8480012]]}},
{"type":"Feature","properties":{"bikenet_hierarchy":"secondary","road_hierarchy":"secondary","length":371.50790657332374},"geometry":{"type":"LineString","coordinates":[[2.3676049,48.8458256],[2.3677414,48.8459115],[2.3681984,48.84616],[2.3694048,48.8468478],[2.3695051,48.8469036],[2.3712663,48.8478985],[2.3714459,48.8480012]]}},
{"type":"Feature","properties":{"bikenet_hierarchy":"secondary","road_hierarchy":"secondary","length":106.24922953305038},"geometry":{"type":"LineString","coordinates":[[2.3725375,48.8486286],[2.3724614,48.8485882],[2.371587,48.848077],[2.3714459,48.8480012]]}},
{"type":"Feature","properties":{"bikenet_hierarchy":"secondary","road_hierarchy":"secondary","length":168.80874542058734},"geometry":{"type":"LineString","coordinates":[[2.3742867,48.8496144],[2.3741787,48.8495532],[2.3726875,48.8487143],[2.3725375,48.8486286]]}},
{"type":"Feature","properties":{"bikenet_hierarchy":"primary","road_hierarchy":"secondary","length":442.646904814263},"geometry":{"type":"LineString","coordinates":[[2.3774063,48.8462793],[2.3771606,48.8463978],[2.3771232,48.846416],[2.3768042,48.8465698],[2.3767012,48.8466195],[2.3766094,48.8466651],[2.3761469,48.846887],[2.3756822,48.8471112],[2.3755404,48.8471796],[2.3752803,48.8473023],[2.3751323,48.8473767],[2.3741515,48.8478498],[2.3739455,48.8479484],[2.3738165,48.8480115],[2.3737272,48.8480546],[2.3726898,48.8485557],[2.3725375,48.8486286]]}},
{"type":"Feature","properties":{"bikenet_hierarchy":"primary","road_hierarchy":"primary","length":322.7037699170952},"geometry":{"type":"LineString","coordinates":[[2.3649801,48.8440958],[2.3650834,48.844016],[2.3651807,48.8439409],[2.3655237,48.8436829],[2.3661274,48.8432652],[2.366189,48.8432215],[2.3663554,48.8430914],[2.3664585,48.843011],[2.3677287,48.8420013],[2.3677599,48.8419807],[2.367868,48.8419094]]}},
{"type":"Feature","properties":{"bikenet_hierarchy":"secondary","road_hierarchy":"tertiary","length":673.60934443511621},"geometry":{"type":"LineString","coordinates":[[2.3713523,48.8363672],[2.3712878,48.8364373],[2.370624,48.8377516],[2.3705715,48.8378797],[2.3705372,48.8379638],[2.3700857,48.8388377],[2.3700273,48.8389234],[2.3699595,48.839004],[2.3687706,48.8404299],[2.3684764,48.840737],[2.3678049,48.8418432],[2.367868,48.8419094]]}},
{"type":"Feature","properties":{"bikenet_hierarchy":"secondary","road_hierarchy":"primary","length":269.91753610833962},"geometry":{"type":"LineString","coordinates":[[2.3707442,48.8434217],[2.3702533,48.8431523],[2.367868,48.8419094]]}},
{"type":"Feature","properties":{"bikenet_hierarchy":"primary","road_hierarchy":"primary","length":643.53232339708984},"geometry":{"type":"LineString","coordinates":[[2.3736544,48.8375695],[2.3735369,48.8376729],[2.3732807,48.8379275],[2.3730151,48.8381556],[2.3728047,48.8383393],[2.372685,48.8384358],[2.3723708,48.8386611],[2.3722119,48.8387711],[2.37124,48.8394806],[2.3710918,48.8395898],[2.3696095,48.8406869],[2.3689406,48.84116],[2.3680012,48.8418191],[2.367868,48.8419094]]}},
{"type":"Feature","properties":{"bikenet_hierarchy":"secondary","road_hierarchy":"secondary","length":1528.2489451440565},"geometry":{"type":"LineString","coordinates":[[2.3803171,48.8577681],[2.3808768,48.8573512],[2.3810041,48.8572745],[2.3820209,48.8566651],[2.3821865,48.8565715],[2.3822274,48.856547],[2.3827269,48.8562483],[2.3828195,48.8561907],[2.3833164,48.8558945],[2.3839433,48.8555206],[2.3841536,48.8553959],[2.3842633,48.8553323],[2.3851964,48.8547759],[2.3853213,48.8547012],[2.3854571,48.8546185],[2.3866329,48.8539143],[2.3875913,48.8533469],[2.3877281,48.8532722],[2.3883633,48.8528993],[2.388461,48.8528382],[2.388701,48.8526891],[2.3891042,48.8524384],[2.389242,48.8523563],[2.3895781,48.8521566],[2.389742,48.8520598],[2.3897857,48.8520335],[2.3901721,48.8518044],[2.390449,48.8516403],[2.3906206,48.8515434],[2.392197,48.850604],[2.3923137,48.850534],[2.3925212,48.8504115],[2.3926683,48.8503247],[2.3927876,48.8502539],[2.3946405,48.8491478],[2.3947333,48.8490929],[2.395001,48.8489346],[2.3955513,48.8484231]]}},
{"type":"Feature","properties":{"bikenet_hierarchy":"secondary","road_hierarchy":"secondary","length":1238.0810023532035},"geometry":{"type":"LineString","coordinates":[[2.3789541,48.8464578],[2.3793191,48.8464983],[2.3794448,48.8465132],[2.3796359,48.8465347],[2.3799548,48.8465707],[2.3815612,48.846758],[2.3817132,48.846772],[2.381871,48.8467917],[2.38358,48.846982],[2.3837717,48.847004],[2.3839426,48.8470218],[2.3850162,48.8471479],[2.3852421,48.8471733],[2.3865103,48.8473161],[2.3866287,48.8473296],[2.3867729,48.8473461],[2.3869409,48.8473663],[2.3871218,48.8473865],[2.3874042,48.8474195],[2.3876024,48.8474415],[2.3889544,48.8475961],[2.3890493,48.847607],[2.3905698,48.8477817],[2.3907375,48.8478007],[2.3926825,48.848021],[2.3928506,48.8480382],[2.3929794,48.8480528],[2.3942132,48.8481971],[2.3943442,48.8482123],[2.3947132,48.848251],[2.3955513,48.8484231]]}},
{"type":"Feature","properties":{"bikenet_hierarchy":"primary","road_hierarchy":"primary","length":262.89671896016546},"geometry":{"type":"LineString","coordinates":[[2.3990573,48.8480393],[2.3989684,48.848046],[2.3988177,48.848057],[2.3984064,48.8480893],[2.3976661,48.8481495],[2.3974603,48.8481116],[2.3972735,48.8481307],[2.3955513,48.8484231]]}},
{"type":"Feature","properties":{"bikenet_hierarchy":"secondary","road_hierarchy":"secondary","length":348.79429947563801},"geometry":{"type":"LineString","coordinates":[[2.4057273,48.8446689],[2.4059289,48.8446509],[2.4060289,48.8446412],[2.4090028,48.8443869],[2.4100039,48.8443012],[2.4101757,48.8442884],[2.4104407,48.8442691]]}},
{"type":"Feature","properties":{"bikenet_hierarchy":"primary","road_hierarchy":"primary","length":303.78917165741348},"geometry":{"type":"LineString","coordinates":[[2.4110388,48.8469598],[2.410939,48.8467711],[2.4108873,48.8457414],[2.4107859,48.8454491],[2.4105146,48.8445507],[2.4104929,48.8444563],[2.4104407,48.8442691]]}},
{"type":"Feature","properties":{"bikenet_hierarchy":"primary","road_hierarchy":"primary","length":413.4893422106162},"geometry":{"type":"LineString","coordinates":[[2.4092444,48.8406356],[2.409277,48.8407371],[2.4093074,48.840844],[2.4095903,48.8417241],[2.4097991,48.8423657],[2.4098551,48.8425361],[2.4103711,48.8440635],[2.4104407,48.8442691]]}},
{"type":"Feature","properties":{"bikenet_hierarchy":"secondary","road_hierarchy":"secondary","length":293.49824374362197},"geometry":{"type":"LineString","coordinates":[[2.4018067,48.8451656],[2.4038936,48.8448245],[2.4039935,48.8448164],[2.4050281,48.8447328],[2.4053581,48.8447019],[2.405448,48.8446922],[2.4057273,48.8446689]]}},
{"type":"Feature","properties":{"bikenet_hierarchy":"primary","road_hierarchy":"primary","length":472.34641811030946},"geometry":{"type":"LineString","coordinates":[[2.3892503,48.8389984],[2.3894108,48.8390109],[2.3897782,48.839041],[2.3900037,48.8390573],[2.3902008,48.8390637],[2.3920956,48.8392207],[2.3939146,48.8393713],[2.3945503,48.8394735],[2.3956167,48.8395932]]}},
{"type":"Feature","properties":{"bikenet_hierarchy":"primary","road_hierarchy":"secondary","length":661.503579922482},"geometry":{"type":"LineString","coordinates":[[2.4034859,48.8366955],[2.4033345,48.8367511],[2.402542,48.837028],[2.4021719,48.8371542],[2.4019636,48.8372337],[2.4008065,48.8376702],[2.3996271,48.8380996],[2.3995687,48.8381211],[2.3994244,48.8381744],[2.3991378,48.8382798],[2.3987881,48.8384071],[2.3987163,48.8384332],[2.3985107,48.8385072],[2.3975286,48.8388677],[2.3974499,48.8388965],[2.3966575,48.8391871],[2.3956167,48.8395932]]}},
{"type":"Feature","properties":{"bikenet_hierarchy":"primary","road_hierarchy":"secondary","length":677.45518441797537},"geometry":{"type":"LineString","coordinates":[[2.3869707,48.8416955],[2.3873777,48.8415349],[2.3875191,48.8414832],[2.3881721,48.8412997],[2.3887966,48.8411552],[2.3888614,48.8411421],[2.3890105,48.8411094],[2.3891308,48.8410836],[2.3895851,48.8409829],[2.3905195,48.8407759],[2.3909389,48.8406826],[2.3911473,48.8406376],[2.3912525,48.8406141],[2.3919555,48.8404596],[2.3922196,48.8403993],[2.392409,48.8403572],[2.3928403,48.8402676],[2.3937743,48.8400552],[2.3940041,48.8400066],[2.3945329,48.8398948],[2.3956167,48.8395932]]}},
{"type":"Feature","properties":{"bikenet_hierarchy":"primary","road_hierarchy":"primary","length":487.44525821366187},"geometry":{"type":"LineString","coordinates":[[2.400641,48.8411413],[2.4004428,48.8405764],[2.4004133,48.8405003],[2.4002412,48.8400502],[2.40023,48.8400188],[2.400167,48.8398581],[2.3995222,48.8396297],[2.399181,48.839622],[2.3978684,48.8395922],[2.3976806,48.8395873],[2.3975374,48.8395826],[2.3971737,48.8395721],[2.3969083,48.839569],[2.3968149,48.8395745],[2.3956167,48.8395932]]}},
{"type":"Feature","properties":{"bikenet_hierarchy":"secondary","road_hierarchy":"secondary","length":782.6464351037713},"geometry":{"type":"LineString","coordinates":[[2.3976809,48.8318076],[2.3972957,48.832078],[2.397217,48.8321286],[2.3969724,48.8322858],[2.3965729,48.8325455],[2.3957294,48.8330847],[2.3949516,48.8335854],[2.3948298,48.8336632],[2.3943224,48.8339741],[2.394246,48.8340211],[2.3937465,48.8344473],[2.3928968,48.8352261],[2.3927333,48.835335],[2.3923694,48.8358184],[2.3922031,48.8360241],[2.392115,48.8361391],[2.3915692,48.8368551],[2.3915328,48.8369553],[2.391483,48.8370207],[2.3912843,48.83722],[2.3912033,48.8373028]]}},
{"type":"Feature","properties":{"bikenet_hierarchy":"secondary","road_hierarchy":"tertiary","length":237.20107724671388},"geometry":{"type":"LineString","coordinates":[[2.3892503,48.8389984],[2.3893064,48.8389195],[2.3895741,48.838654],[2.3896299,48.8386086],[2.3903277,48.8380319],[2.3910478,48.8374378],[2.3912033,48.8373028]]}},
{"type":"Feature","properties":{"bikenet_hierarchy":"primary","road_hierarchy":"primary","length":1074.9334330190841},"geometry":{"type":"LineString","coordinates":[[2.3892503,48.8389984],[2.3891615,48.8389863],[2.3890724,48.8389758],[2.3885646,48.8389173],[2.3883735,48.8389113],[2.3881454,48.8389187],[2.3878217,48.8389923],[2.3871257,48.8391214],[2.3854739,48.839398],[2.3826148,48.8399051],[2.3824671,48.83993],[2.3823131,48.839956],[2.3821427,48.8399874],[2.3816439,48.840075],[2.3808201,48.8402199],[2.3806699,48.8402465],[2.3799084,48.8403805],[2.3798292,48.8403945],[2.3793673,48.840326],[2.3792248,48.8402583],[2.3790809,48.8401892],[2.3783557,48.839804],[2.3782671,48.8397574],[2.3761486,48.8389062],[2.3757348,48.838653]]}},
{"type":"Feature","properties":{"bikenet_hierarchy":"primary","road_hierarchy":"primary","length":740.91729063663036},"geometry":{"type":"LineString","coordinates":[[2.3825872,48.8337796],[2.38012,48.8352404],[2.3757348,48.838653]]}},
{"type":"Feature","properties":{"bikenet_hierarchy":"primary","road_hierarchy":"primary","length":195.26984626206351},"geometry":{"type":"LineString","coordinates":[[2.3736544,48.8375695],[2.3738625,48.8376244],[2.3756232,48.838589],[2.3756988,48.8386297],[2.3757348,48.838653]]}},
{"type":"Feature","properties":{"bikenet_hierarchy":"primary","road_hierarchy":"primary","length":216.25622337986835},"geometry":{"type":"LineString","coordinates":[[2.3713523,48.8363672],[2.3714726,48.8364331],[2.3719032,48.8366689],[2.3719678,48.8367313],[2.3727143,48.8371146],[2.3729059,48.8372024],[2.3734381,48.8374566],[2.3735072,48.8375122],[2.3736544,48.8375695]]}},
{"type":"Feature","properties":{"bikenet_hierarchy":"primary","road_hierarchy":"primary","length":746.66231418264692},"geometry":{"type":"LineString","coordinates":[[2.3797778,48.8322388],[2.3797039,48.8322855],[2.3796067,48.8323469],[2.3792496,48.8326062],[2.3788916,48.8328843],[2.3787715,48.8329781],[2.3786349,48.8330864],[2.3769342,48.834437],[2.3768985,48.8344654],[2.376795,48.8345474],[2.3766781,48.8346415],[2.3754839,48.835589],[2.3753842,48.8356849],[2.3752942,48.8357819],[2.3751219,48.8359717],[2.374862,48.8362528],[2.3744261,48.8366883],[2.3743665,48.8367528],[2.3742653,48.836863],[2.3740917,48.8371378],[2.3739716,48.8372761],[2.3738651,48.8373693],[2.3737628,48.8374625],[2.3736544,48.8375695]]}},
{"type":"Feature","properties":{"bikenet_hierarchy":"secondary","road_hierarchy":"tertiary","length":763.36694905035893},"geometry":{"type":"LineString","coordinates":[[2.3768511,48.8305417],[2.3767516,48.8306422],[2.3766781,48.8307176],[2.3760651,48.8313705],[2.3759836,48.8314663],[2.3759179,48.8315449],[2.3753784,48.8321145],[2.3749077,48.8326058],[2.3747806,48.8327338],[2.3746991,48.8328283],[2.3737641,48.8338155],[2.3732298,48.8343723],[2.3731375,48.8344579],[2.3730762,48.834524],[2.3727095,48.8349206],[2.3726215,48.8350144],[2.3725513,48.83509],[2.3721229,48.835541],[2.372035,48.8356327],[2.3715891,48.8361037],[2.3714895,48.8362129],[2.3713523,48.8363672]]}},
{"type":"Feature","properties":{"bikenet_hierarchy":"primary","road_hierarchy":"primary","length":442.55135081563645},"geometry":{"type":"LineString","coordinates":[[2.3567581,48.8494121],[2.3564551,48.8494968],[2.3561875,48.849578],[2.3560363,48.8496235],[2.3558963,48.8496636],[2.3550772,48.8499138],[2.3548755,48.8499758],[2.354711,48.8500288],[2.3535299,48.8504134],[2.3534692,48.8504326],[2.3530396,48.8505692],[2.3525933,48.8507148],[2.3514686,48.8510526],[2.3513069,48.851112]]}},
{"type":"Feature","properties":{"bikenet_hierarchy":"secondary","road_hierarchy":"quaternary","length":249.70548178710837},"geometry":{"type":"LineString","coordinates":[[2.3549444,48.8543758],[2.3550402,48.8544766],[2.3551596,48.8546024],[2.3552117,48.8546518],[2.3557715,48.8552177],[2.3557996,48.855247],[2.3563084,48.8557742],[2.3563573,48.8558238],[2.3563896,48.8558788],[2.3565579,48.8562056],[2.356584,48.8562566],[2.3565953,48.8562782],[2.3566154,48.8563185]]}},
{"type":"Feature","properties":{"bikenet_hierarchy":"primary","road_hierarchy":"quaternary","length":983.66014393765397},"geometry":{"type":"LineString","coordinates":[[2.3690863,48.8532196],[2.3682445,48.8532994],[2.3676402,48.8533737],[2.3673629,48.8534177],[2.3671702,48.8534492],[2.3667596,48.8535101],[2.3665458,48.8535418],[2.3657789,48.853718],[2.3656764,48.8537421],[2.3655703,48.8537714],[2.3650114,48.8539252],[2.3648678,48.8539646],[2.3647884,48.8539852],[2.3646416,48.854029],[2.3638698,48.8542688],[2.3637532,48.8543072],[2.3635947,48.8543561],[2.3631028,48.8545434],[2.3624453,48.8548115],[2.362305,48.8548671],[2.3619141,48.8550123],[2.3616767,48.855095],[2.3615728,48.8551375],[2.3611453,48.8552391],[2.3610439,48.8552629],[2.3600965,48.8554896],[2.3591376,48.8557198],[2.3589911,48.8557557],[2.3588582,48.8557874],[2.3581041,48.8559659],[2.3579913,48.8559929],[2.3578366,48.8560301],[2.3571435,48.8561939],[2.356774,48.8562828],[2.3566154,48.8563185]]}},
{"type":"Feature","properties":{"bikenet_hierarchy":"secondary","road_hierarchy":"quaternary","length":772.3696888666118},"geometry":{"type":"LineString","coordinates":[[2.3635946,48.8614611],[2.363509,48.8614176],[2.3631411,48.8612282],[2.3630987,48.8612058],[2.3618489,48.8605524],[2.3617253,48.8604808],[2.3615361,48.8603714],[2.3608672,48.8599903],[2.3566154,48.8563185]]}},
{"type":"Feature","properties":{"bikenet_hierarchy":"primary","road_hierarchy":"primary","length":186.16879361724102},"geometry":{"type":"LineString","coordinates":[[2.3528558,48.8552984],[2.353045,48.8551242],[2.3535287,48.8549364],[2.3548031,48.8544319],[2.3548447,48.8544159],[2.3549444,48.8543758]]}},
{"type":"Feature","properties":{"bikenet_hierarchy":"primary","road_hierarchy":"primary","length":670.8963982440132},"geometry":{"type":"LineString","coordinates":[[2.36225,48.8510716],[2.3623432,48.85118],[2.3623098,48.8513126],[2.3622643,48.8513429],[2.3616055,48.8517577],[2.3609324,48.8521389],[2.3605862,48.8523192],[2.3604658,48.8523738],[2.3598343,48.8526055],[2.3589713,48.8529093],[2.3589005,48.8529362],[2.3579914,48.8532689],[2.3578164,48.8533327],[2.3576669,48.8533868],[2.3566028,48.8537572],[2.3557363,48.8540708],[2.3550858,48.8543215],[2.3549444,48.8543758]]}},
{"type":"Feature","properties":{"bikenet_hierarchy":"primary","road_hierarchy":"primary","length":847.89199384264998},"geometry":{"type":"LineString","coordinates":[[2.3649801,48.8440958],[2.3647737,48.8442604],[2.3646963,48.8443188],[2.364513,48.8444574],[2.3641708,48.844646],[2.3639852,48.8447821],[2.3639407,48.8448123],[2.3622451,48.8459641],[2.3616379,48.8463722],[2.3612758,48.8466166],[2.3610114,48.8467998],[2.3609481,48.846846],[2.3607902,48.8469607],[2.3595269,48.8478142],[2.3580055,48.8488322],[2.3575742,48.8491173],[2.3572253,48.8492523],[2.3570297,48.8493218],[2.3567581,48.8494121]]}},
{"type":"Feature","properties":{"bikenet_hierarchy":"primary","road_hierarchy":"primary","length":802.02383470102836},"geometry":{"type":"LineString","coordinates":[[2.3203099,48.8641378],[2.3218858,48.8635459],[2.3250691,48.862488],[2.3252607,48.8624235],[2.3300717,48.8608967]]}},
{"type":"Feature","properties":{"bikenet_hierarchy":"primary","road_hierarchy":"primary","length":195.15200536748011},"geometry":{"type":"LineString","coordinates":[[2.3190488,48.862616],[2.3191234,48.8627412],[2.3191283,48.862748],[2.3191561,48.8627872],[2.3196122,48.8634034],[2.3199728,48.8638906],[2.3199751,48.8638938],[2.3200297,48.863968],[2.32004,48.8639821],[2.3200487,48.863994],[2.3200548,48.8640023],[2.3200652,48.864016],[2.3203099,48.8641378]]}},
{"type":"Feature","properties":{"bikenet_hierarchy":"primary","road_hierarchy":"primary","length":497.54633384074953},"geometry":{"type":"LineString","coordinates":[[2.3137066,48.8649955],[2.31911,48.8645157],[2.3203099,48.8641378]]}},
{"type":"Feature","properties":{"bikenet_hierarchy":"primary","road_hierarchy":"primary","length":624.87583989413588},"geometry":{"type":"LineString","coordinates":[[2.3139627,48.867754],[2.3145507,48.8675724],[2.3149021,48.8674629],[2.3160699,48.8670836],[2.3163418,48.8669971],[2.3203099,48.8641378]]}},
{"type":"Feature","properties":{"bikenet_hierarchy":"primary","road_hierarchy":"primary","length":891.61952665698902},"geometry":{"type":"LineString","coordinates":[[2.301606,48.8643535],[2.3027272,48.8644158],[2.3032633,48.8645096],[2.3034386,48.8645391],[2.3036066,48.8645563],[2.3038192,48.8645674],[2.3041969,48.8645721],[2.3137066,48.8649955]]}},
{"type":"Feature","properties":{"bikenet_hierarchy":"secondary","road_hierarchy":"secondary","length":524.25456856695314},"geometry":{"type":"LineString","coordinates":[[2.2937434,48.8646295],[2.2928693,48.8643711],[2.290826,48.8638259],[2.2906444,48.8637789],[2.2905159,48.8637435],[2.2883728,48.8631753],[2.2881588,48.8631123],[2.2881095,48.8630977],[2.2871137,48.8628752]]}},
{"type":"Feature","properties":{"bikenet_hierarchy":"primary","road_hierarchy":"primary","length":707.01265339412396},"geometry":{"type":"LineString","coordinates":[[2.3139627,48.867754],[2.3134004,48.8679368],[2.3123575,48.8682647],[2.3121981,48.8683159],[2.3109772,48.8687039],[2.3105143,48.8688512],[2.3104637,48.8688673],[2.310341,48.8689063],[2.3097616,48.8691002],[2.3097096,48.8691167],[2.3091745,48.8692867],[2.3090934,48.8693125],[2.3068921,48.8700117],[2.3066588,48.8700859],[2.3065541,48.8701191],[2.3062606,48.8702124],[2.3055951,48.8704238],[2.3052862,48.8705216]]}},
{"type":"Feature","properties":{"bikenet_hierarchy":"primary","road_hierarchy":"primary","length":833.92163802928758},"geometry":{"type":"LineString","coordinates":[[2.2949802,48.8736815],[2.2974262,48.8730188],[2.2987107,48.8726107],[2.2992475,48.8724403],[2.2994947,48.8723617],[2.3003329,48.8720958],[2.3004567,48.8720562],[2.3009215,48.8719084],[2.3011326,48.8718414],[2.3012961,48.8717895],[2.3021276,48.8715253],[2.3024249,48.8714309],[2.3025722,48.8713841],[2.3027443,48.8713294],[2.3035097,48.8710863],[2.3036993,48.871026],[2.3050007,48.8706126],[2.3052862,48.8705216]]}},
{"type":"Feature","properties":{"bikenet_hierarchy":"primary","road_hierarchy":"secondary","length":867.58499409419665},"geometry":{"type":"LineString","coordinates":[[2.3869707,48.8416955],[2.3855436,48.8423589],[2.3854014,48.8424248],[2.38533,48.8424605],[2.3851868,48.8425276],[2.3849422,48.842648],[2.3838111,48.843178],[2.3836869,48.8432382],[2.3830963,48.8435237],[2.3829372,48.8436008],[2.3819861,48.8440685],[2.381795,48.8441643],[2.3815641,48.8442794],[2.381419,48.8443512],[2.3808061,48.8446379],[2.3804333,48.8448154],[2.3803588,48.8448509],[2.3801441,48.8449532],[2.3794641,48.8452847],[2.37938,48.8453248],[2.3779984,48.8459994],[2.3776754,48.8461521],[2.3774063,48.8462793]]}},
{"type":"Feature","properties":{"bikenet_hierarchy":"secondary","road_hierarchy":"secondary","length":115.31922972160912},"geometry":{"type":"LineString","coordinates":[[2.3789541,48.8464578],[2.3787166,48.8464291],[2.3774063,48.8462793]]}},
{"type":"Feature","properties":{"bikenet_hierarchy":"secondary","road_hierarchy":"secondary","length":621.26137631116228},"geometry":{"type":"LineString","coordinates":[[2.3400936,48.8688999],[2.3399339,48.8689297],[2.339659,48.868981],[2.3394481,48.8690204],[2.3393116,48.869046],[2.3388092,48.8691398],[2.3386843,48.8691631],[2.3385912,48.8691808],[2.3378741,48.8693172],[2.3374423,48.8693993],[2.3368818,48.8695059],[2.3367803,48.8695252],[2.3360707,48.8696558],[2.335967,48.8696749],[2.33582,48.869702],[2.3348962,48.8698718],[2.3348127,48.8698874],[2.3342155,48.8699973],[2.3340731,48.8700235],[2.3339656,48.8700436],[2.3338759,48.8700598],[2.3337033,48.8700916],[2.3335998,48.8701099],[2.3320659,48.8706246]]}},
{"type":"Feature","properties":{"bikenet_hierarchy":"primary","road_hierarchy":"primary","length":448.58126148535393},"geometry":{"type":"LineString","coordinates":[[2.3545602,48.8209934],[2.3557802,48.8205377],[2.3560392,48.8203647],[2.3563785,48.820099],[2.3567241,48.8198371],[2.3575753,48.819265],[2.3579745,48.8190989],[2.3593009,48.8188936],[2.3595373,48.8188776]]}},
{"type":"Feature","properties":{"bikenet_hierarchy":"primary","road_hierarchy":"primary","length":293.1020292434817},"geometry":{"type":"LineString","coordinates":[[2.3326202,48.8345298],[2.336172,48.8333259]]}},
{"type":"Feature","properties":{"bikenet_hierarchy":"primary","road_hierarchy":"secondary","length":703.36527793937785},"geometry":{"type":"LineString","coordinates":[[2.3240066,48.8372329],[2.324551,48.837052],[2.3258462,48.8366188],[2.3265254,48.8363767],[2.3266035,48.8363514],[2.3272223,48.8361404],[2.3275379,48.8360396],[2.3276277,48.8360082],[2.3277284,48.8359656],[2.3288758,48.8355563],[2.3292887,48.835411],[2.3299058,48.835187],[2.3299918,48.835154],[2.3301088,48.8351109],[2.3311211,48.8347583],[2.3326202,48.8345298]]}},
{"type":"Feature","properties":{"bikenet_hierarchy":"primary","road_hierarchy":"primary","length":545.72675795278735},"geometry":{"type":"LineString","coordinates":[[2.3365912,48.8386768],[2.3363273,48.8383916],[2.3356713,48.8377298],[2.3356024,48.8376632],[2.3355257,48.8375864],[2.3353905,48.8374509],[2.33478,48.8368396],[2.3342675,48.8363127],[2.334032,48.8360677],[2.333139,48.8351012],[2.3330713,48.8350099],[2.3327936,48.8346955],[2.3326202,48.8345298]]}},
{"type":"Feature","properties":{"bikenet_hierarchy":"secondary","road_hierarchy":"secondary","length":319.17154715986527},"geometry":{"type":"LineString","coordinates":[[2.336965,48.834607],[2.3368037,48.8346001],[2.3362106,48.8345747],[2.3356143,48.8345492],[2.3326202,48.8345298]]}},
{"type":"Feature","properties":{"bikenet_hierarchy":"primary","road_hierarchy":"primary","length":694.69525969131769},"geometry":{"type":"LineString","coordinates":[[2.3268388,48.8278722],[2.3270939,48.8281011],[2.3277034,48.8287805],[2.3277897,48.8288803],[2.3278244,48.8289204],[2.3280427,48.8291683],[2.3283764,48.8295583],[2.3284044,48.8295906],[2.3285361,48.829743],[2.3288176,48.8300689],[2.3289559,48.8302272],[2.3293161,48.8306419],[2.3293867,48.8307231],[2.3294579,48.8308049],[2.3297339,48.8311226],[2.3298011,48.8311999],[2.3299898,48.831416],[2.3303344,48.8318143],[2.3306008,48.8321141],[2.330682,48.8322136],[2.3307265,48.8322667],[2.3308801,48.832443],[2.3314562,48.8331363],[2.3315679,48.8332806]]}},
{"type":"Feature","properties":{"bikenet_hierarchy":"secondary","road_hierarchy":"quaternary","length":425.86085342007732},"geometry":{"type":"LineString","coordinates":[[2.3716585,48.8580393],[2.371789,48.8580839],[2.3719546,48.8581403],[2.3720413,48.8581643],[2.3731158,48.8585407],[2.3734803,48.8586633],[2.3737956,48.8587694],[2.3738931,48.8588008],[2.3750108,48.8591595],[2.3757827,48.8594149],[2.3759309,48.8594622],[2.376691,48.859702],[2.3767685,48.8597254],[2.3768495,48.8597509]]}},
{"type":"Feature","properties":{"bikenet_hierarchy":"secondary","road_hierarchy":"secondary","length":422.55944801684979},"geometry":{"type":"LineString","coordinates":[[2.3725767,48.8622984],[2.3729443,48.8620778],[2.3730374,48.8620203],[2.3737364,48.861604],[2.3746009,48.861089],[2.3747721,48.8609866],[2.3750197,48.8608354],[2.3752716,48.8606816],[2.3753686,48.8606246],[2.3754899,48.8605556],[2.3755661,48.8605123],[2.3756867,48.8604479],[2.3767358,48.8598183],[2.3768495,48.8597509]]}},
{"type":"Feature","properties":{"bikenet_hierarchy":"secondary","road_hierarchy":"secondary","length":336.91220144681159},"geometry":{"type":"LineString","coordinates":[[2.3803171,48.8577681],[2.3794433,48.8582049],[2.3791916,48.8583556],[2.3786976,48.8586502],[2.378584,48.8587156],[2.3784676,48.8587853],[2.377008,48.8596566],[2.3768495,48.8597509]]}},
{"type":"Feature","properties":{"bikenet_hierarchy":"secondary","road_hierarchy":"quaternary","length":145.13509780850882},"geometry":{"type":"LineString","coordinates":[[2.3786357,48.8603111],[2.3785561,48.8602808],[2.3784863,48.8602574],[2.3770159,48.8598026],[2.3768495,48.8597509]]}},
{"type":"Feature","properties":{"bikenet_hierarchy":"primary","road_hierarchy":"primary","length":1013.356965468052},"geometry":{"type":"LineString","coordinates":[[2.3255843,48.823027],[2.3254126,48.8230675],[2.3252688,48.8231],[2.3252228,48.8231103],[2.3243729,48.8233042],[2.3234016,48.8236255],[2.3231609,48.8236762],[2.3230185,48.8237086],[2.3224741,48.8238318],[2.3214624,48.8240562],[2.3212202,48.8241104],[2.3203223,48.8243088],[2.3196671,48.8244567],[2.3195524,48.8244815],[2.3192424,48.8245312],[2.3191225,48.8245557],[2.318412,48.8247135],[2.3183272,48.8247375],[2.318168,48.8247859],[2.3177915,48.8248704],[2.316834,48.8250817],[2.3166171,48.8251292],[2.314041,48.8257004],[2.3137807,48.8257383],[2.3129024,48.825936],[2.3125631,48.8260188]]}},
{"type":"Feature","properties":{"bikenet_hierarchy":"primary","road_hierarchy":"primary","length":576.53513851758089},"geometry":{"type":"LineString","coordinates":[[2.3051252,48.827674],[2.3056741,48.8275567],[2.3060641,48.8274575],[2.3061951,48.8274163],[2.3067917,48.8272841],[2.3070101,48.8272357],[2.3072005,48.8272098],[2.3085465,48.8269195],[2.3088476,48.8268529],[2.3093368,48.8267434],[2.309951,48.8266107],[2.3101172,48.8265748],[2.3107006,48.8264405],[2.3109763,48.826379],[2.3114214,48.8262795],[2.3123104,48.8260846],[2.3123512,48.8260739],[2.3125631,48.8260188]]}},
{"type":"Feature","properties":{"bikenet_hierarchy":"primary","road_hierarchy":"primary","length":84.485121553326621},"geometry":{"type":"LineString","coordinates":[[2.2874255,48.8331028],[2.2876831,48.8329858],[2.2877939,48.8329364],[2.2879558,48.8328471],[2.2883696,48.8326696]]}},
{"type":"Feature","properties":{"bikenet_hierarchy":"primary","road_hierarchy":"primary","length":51.836738091328805},"geometry":{"type":"LineString","coordinates":[[2.2889775,48.8324327],[2.288558,48.8325904],[2.2883696,48.8326696]]}},
{"type":"Feature","properties":{"bikenet_hierarchy":"primary","road_hierarchy":"secondary","length":178.8043394726042},"geometry":{"type":"LineString","coordinates":[[2.2900887,48.8338085],[2.2899146,48.8336959],[2.2898308,48.8336407],[2.2894533,48.8333957],[2.2894048,48.8333632],[2.2885118,48.8327704],[2.2883696,48.8326696]]}},
{"type":"Feature","properties":{"bikenet_hierarchy":"primary","road_hierarchy":"primary","length":202.53083046673345},"geometry":{"type":"LineString","coordinates":[[2.2785235,48.8361242],[2.2808573,48.8354711],[2.2810656,48.8354165]]}},
{"type":"Feature","properties":{"bikenet_hierarchy":"primary","road_hierarchy":"secondary","length":737.50983420691364},"geometry":{"type":"LineString","coordinates":[[2.2894161,48.8385974],[2.2890646,48.8385024],[2.2889878,48.8384832],[2.2888824,48.8384563],[2.2883451,48.8383176],[2.288271,48.8382902],[2.2877115,48.8381465],[2.2875244,48.8381032],[2.2869688,48.8379575],[2.285638,48.8376071],[2.2855793,48.8375885],[2.2851926,48.8374608],[2.2850614,48.8374179],[2.2849197,48.8373715],[2.2847193,48.8373014],[2.2837053,48.8369065],[2.2836104,48.8368671],[2.2835085,48.8368249],[2.2832152,48.8367063],[2.2827778,48.8365269],[2.2815946,48.8361607],[2.2814554,48.8361877],[2.2814291,48.8361357],[2.2811008,48.8354881],[2.2810656,48.8354165]]}},
{"type":"Feature","properties":{"bikenet_hierarchy":"primary","road_hierarchy":"primary","length":533.92402183588979},"geometry":{"type":"LineString","coordinates":[[2.2874255,48.8331028],[2.2867123,48.8334236],[2.2865442,48.8334947],[2.2863754,48.833566],[2.2853508,48.8339468],[2.2842643,48.8343521],[2.2842302,48.8343674],[2.2840518,48.8344462],[2.2838904,48.8345118],[2.2835345,48.8346451],[2.2812476,48.8353528],[2.2810656,48.8354165]]}},
{"type":"Feature","properties":{"bikenet_hierarchy":"primary","road_hierarchy":"primary","length":929.92473232837756},"geometry":{"type":"LineString","coordinates":[[2.2838259,48.8774748],[2.278676,48.874771],[2.2786451,48.8747476],[2.278393,48.8744919],[2.2781145,48.8742708],[2.2775555,48.8737926],[2.2748982,48.8716174]]}},
{"type":"Feature","properties":{"bikenet_hierarchy":"primary","road_hierarchy":"primary","length":621.61448863354383},"geometry":{"type":"LineString","coordinates":[[2.2915029,48.885683],[2.2912157,48.8854955],[2.2911569,48.8854559],[2.2906789,48.8851505],[2.2906399,48.8851256],[2.2894669,48.8843964],[2.2890014,48.8841034],[2.2889422,48.884068],[2.2881312,48.8835641],[2.2880687,48.8835257],[2.2875722,48.8832158],[2.2874275,48.883126],[2.2872774,48.8830329],[2.2862464,48.8823871],[2.2862077,48.8823632],[2.2860644,48.8822538],[2.2853945,48.881809]]}},
{"type":"Feature","properties":{"bikenet_hierarchy":"primary","road_hierarchy":"primary","length":114.70416725320207},"geometry":{"type":"LineString","coordinates":[[2.2843728,48.8810299],[2.2851241,48.8816381],[2.2852531,48.8817193],[2.2853551,48.881784],[2.2853945,48.881809]]}},
{"type":"Feature","properties":{"bikenet_hierarchy":"primary","road_hierarchy":"quaternary","length":120.08115636202173},"geometry":{"type":"LineString","coordinates":[[2.2854013,48.880739],[2.2854167,48.8807662],[2.2854726,48.8808656],[2.2853945,48.881809]]}},
{"type":"Feature","properties":{"bikenet_hierarchy":"primary","road_hierarchy":"primary","length":542.80439748035667},"geometry":{"type":"LineString","coordinates":[[2.2976438,48.887283],[2.2974025,48.8873152],[2.2973545,48.8873271],[2.2967123,48.8875144],[2.2959282,48.8877432],[2.2944577,48.8874795],[2.2944199,48.8874564],[2.2939327,48.8871567],[2.2937114,48.8870216],[2.292844,48.8864869],[2.2924922,48.8862814],[2.2921175,48.8860795],[2.2916588,48.8857968],[2.2915029,48.885683]]}},
{"type":"Feature","properties":{"bikenet_hierarchy":"primary","road_hierarchy":"primary","length":1729.8022275036285},"geometry":{"type":"LineString","coordinates":[[2.4088495,48.8644984],[2.4088397,48.8642216],[2.4088391,48.8641063],[2.4089127,48.863746],[2.4089895,48.8633653],[2.4090332,48.8631512],[2.4091624,48.8624155],[2.4091801,48.8623083],[2.4092619,48.8616848],[2.4094151,48.8608794],[2.4094517,48.8607443],[2.4094731,48.8606124],[2.4094923,48.8604854],[2.4095657,48.8600243],[2.4096296,48.859652],[2.4097032,48.8592623],[2.40978,48.8590098],[2.4098296,48.858709],[2.409883,48.8584168],[2.4099821,48.8575168],[2.4102017,48.8564116],[2.4102341,48.8562487],[2.4102993,48.8558928],[2.4103381,48.8556789],[2.4104467,48.8549437],[2.410616,48.8540709],[2.4107265,48.8537129],[2.410777,48.85357],[2.410794,48.853482],[2.4108164,48.853368],[2.4109344,48.8527245],[2.4109529,48.8526272],[2.4110087,48.8518188],[2.4111171,48.8513118],[2.4111619,48.851172],[2.4114842,48.8491936],[2.4115016,48.8491147],[2.4115116,48.8490538]]}},
{"type":"Feature","properties":{"bikenet_hierarchy":"secondary","road_hierarchy":"quaternary","length":362.91443202748411},"geometry":{"type":"LineString","coordinates":[[2.4065708,48.8489527],[2.406769,48.8489567],[2.4075905,48.8489645],[2.4077357,48.848974],[2.4078632,48.848986],[2.4091374,48.8490118],[2.4092344,48.8490158],[2.4094258,48.849025],[2.4111215,48.8490583],[2.4115116,48.8490538]]}},
{"type":"Feature","properties":{"bikenet_hierarchy":"primary","road_hierarchy":"primary","length":237.00432835932742},"geometry":{"type":"LineString","coordinates":[[2.4110388,48.8469598],[2.4112397,48.8472725],[2.4113914,48.8479313],[2.4115116,48.8490538]]}},
{"type":"Feature","properties":{"bikenet_hierarchy":"primary","road_hierarchy":"primary","length":1570.2324080401718},"geometry":{"type":"LineString","coordinates":[[2.3958606,48.8882821],[2.3958499,48.8881544],[2.3958887,48.8880124],[2.3961172,48.8871733],[2.3961703,48.8869921],[2.3963119,48.8866017],[2.3963452,48.8863506],[2.3963667,48.8861889],[2.3963707,48.8861582],[2.3964804,48.8856466],[2.3966141,48.8847471],[2.3966634,48.8845794],[2.3968252,48.8841181],[2.3969398,48.8837793],[2.3969527,48.8837392],[2.3969899,48.8836491],[2.397045,48.8835151],[2.3994822,48.8826546],[2.4014609,48.8797195],[2.4055296,48.8778071],[2.4056378,48.8777884],[2.4064136,48.8774093],[2.4065457,48.8771874]]}},
{"type":"Feature","properties":{"bikenet_hierarchy":"primary","road_hierarchy":"primary","length":507.61565408456363},"geometry":{"type":"LineString","coordinates":[[2.4086339,48.8728382],[2.4078571,48.8746794],[2.407578,48.8752623],[2.4075418,48.8753431],[2.4072526,48.8759258],[2.4071201,48.8761594],[2.4071021,48.8761912],[2.4065457,48.8771874]]}},
{"type":"Feature","properties":{"bikenet_hierarchy":"primary","road_hierarchy":"primary","length":1181.5740114927139},"geometry":{"type":"LineString","coordinates":[[2.3863031,48.8982643],[2.3827397,48.8989368],[2.3825691,48.8989354],[2.3810565,48.8989015],[2.3810099,48.8989006],[2.3800775,48.8988818],[2.3798375,48.8988769],[2.3796453,48.8988711],[2.3784215,48.8988495],[2.3782329,48.8988463],[2.3781333,48.8988446],[2.377956,48.8988409],[2.3764543,48.8988098],[2.3764127,48.898809],[2.3762704,48.898806],[2.3761536,48.8988036],[2.3749018,48.8987777],[2.3742703,48.8987646],[2.3742284,48.8987637],[2.3741172,48.8987612],[2.3739589,48.8987587],[2.3713994,48.8987109],[2.3711722,48.8987244],[2.3703361,48.898724]]}},
{"type":"Feature","properties":{"bikenet_hierarchy":"primary","road_hierarchy":"secondary","length":415.37464908909357},"geometry":{"type":"LineString","coordinates":[[2.3719452,48.8952791],[2.3718781,48.8953733],[2.3713598,48.8958144],[2.3711975,48.8959245],[2.3706047,48.8967154],[2.3706007,48.8968395],[2.3705515,48.8976306],[2.3705461,48.8977371],[2.3705404,48.8978517],[2.3705072,48.8985087],[2.3703361,48.898724]]}},
{"type":"Feature","properties":{"bikenet_hierarchy":"primary","road_hierarchy":"primary","length":831.09471701791404},"geometry":{"type":"LineString","coordinates":[[2.3590108,48.8986953],[2.3593464,48.8986982],[2.359531,48.898702],[2.3595898,48.8987026],[2.3625988,48.8986245],[2.3629046,48.8985877],[2.3638292,48.8986081],[2.364086,48.8986135],[2.364145,48.8986147],[2.3643165,48.8986184],[2.3644105,48.8986202],[2.3645273,48.8986218],[2.3656145,48.8986414],[2.3665541,48.8986568],[2.366707,48.898659],[2.368113,48.8986899],[2.3683735,48.8986969],[2.368516,48.8986988],[2.3701562,48.8987233],[2.3702222,48.8987227],[2.3703361,48.898724]]}},
{"type":"Feature","properties":{"bikenet_hierarchy":"primary","road_hierarchy":"secondary","length":344.01298966162096},"geometry":{"type":"LineString","coordinates":[[2.3183027,48.8372291],[2.3189602,48.8372577],[2.3194541,48.8373328],[2.3195665,48.8373478],[2.3202317,48.8374697],[2.3203788,48.837487],[2.321089,48.8375256],[2.3222512,48.837587],[2.3223081,48.8375851],[2.3224122,48.8375752],[2.3226084,48.8375569],[2.322687,48.8375474],[2.3229328,48.8375281]]}},
{"type":"Feature","properties":{"bikenet_hierarchy":"primary","road_hierarchy":"secondary","length":86.079261350813169},"geometry":{"type":"LineString","coordinates":[[2.3240066,48.8372329],[2.3238514,48.8372833],[2.3231412,48.8375113],[2.3229328,48.8375281]]}},
{"type":"Feature","properties":{"bikenet_hierarchy":"primary","road_hierarchy":"primary","length":47.689368370840256},"geometry":{"type":"LineString","coordinates":[[2.3406328,48.8469298],[2.3408546,48.8473329]]}},
{"type":"Feature","properties":{"bikenet_hierarchy":"primary","road_hierarchy":"secondary","length":477.48363383205162},"geometry":{"type":"LineString","coordinates":[[2.3433478,48.8467973],[2.3433664,48.8469096],[2.3435881,48.847311],[2.3436494,48.8474267],[2.3440081,48.8480868],[2.3443319,48.8486826],[2.3444639,48.8489254],[2.3447071,48.8493729],[2.3447884,48.8495226],[2.3448304,48.8495998],[2.3448795,48.849687],[2.3451546,48.8501758],[2.3451879,48.8502349],[2.3452285,48.8502962],[2.3454412,48.8507036],[2.3454775,48.8507755],[2.3455155,48.8508423]]}},
{"type":"Feature","properties":{"bikenet_hierarchy":"primary","road_hierarchy":"quaternary","length":291.54894831207514},"geometry":{"type":"LineString","coordinates":[[2.3433478,48.8467973],[2.3433164,48.8467028],[2.3430082,48.8461621],[2.34297,48.8461056],[2.3426844,48.8455995],[2.3423361,48.8449154],[2.3421719,48.8446137],[2.3421167,48.8444902],[2.342042,48.8443229]]}},
{"type":"Feature","properties":{"bikenet_hierarchy":"primary","road_hierarchy":"quaternary","length":182.97730405093935},"geometry":{"type":"LineString","coordinates":[[2.3413564,48.8427433],[2.3415171,48.8432606],[2.3415917,48.8434202],[2.3419495,48.8441323],[2.342042,48.8443229]]}},
{"type":"Feature","properties":{"bikenet_hierarchy":"primary","road_hierarchy":"primary","length":920.97194662375216},"geometry":{"type":"LineString","coordinates":[[2.329285,48.8595512],[2.3294616,48.8594968],[2.3296641,48.8594308],[2.3302977,48.8592245],[2.3322244,48.8585861],[2.3323601,48.8585409],[2.332438,48.8585149],[2.3327875,48.8584113],[2.3332665,48.8582658],[2.33341,48.8582289],[2.3334669,48.8582146],[2.334804,48.8578984],[2.3353064,48.8578087],[2.3354408,48.8578191],[2.335556,48.8578282],[2.3363159,48.8578721],[2.3371776,48.8576767],[2.338093,48.8574614],[2.338618,48.8571626],[2.3397255,48.8565491],[2.3399176,48.8564302],[2.3404015,48.8561313]]}},
{"type":"Feature","properties":{"bikenet_hierarchy":"primary","road_hierarchy":"primary","length":392.7932720401941},"geometry":{"type":"LineString","coordinates":[[2.3443404,48.8537679],[2.3441155,48.8538464],[2.3439247,48.853932],[2.343185,48.8542965],[2.3426202,48.8545759],[2.3425388,48.8546205],[2.3416542,48.8552203],[2.3415674,48.855279],[2.340552,48.8560118],[2.3404015,48.8561313]]}},
{"type":"Feature","properties":{"bikenet_hierarchy":"primary","road_hierarchy":"tertiary","length":324.07634105859671},"geometry":{"type":"LineString","coordinates":[[2.315161,48.8628722],[2.3151465,48.8626921],[2.3151395,48.8626293],[2.3150034,48.8614121],[2.3149626,48.8610924],[2.3149474,48.8609738],[2.3149372,48.8608877],[2.3148267,48.8599663]]}},
{"type":"Feature","properties":{"bikenet_hierarchy":"primary","road_hierarchy":"tertiary","length":215.10197402749907},"geometry":{"type":"LineString","coordinates":[[2.3147001,48.8580396],[2.3146358,48.8583746],[2.3146899,48.8588257],[2.3146966,48.8588818],[2.3147429,48.8592675],[2.3147654,48.8594554],[2.3147831,48.8596032],[2.3148181,48.8598941],[2.3148267,48.8599663]]}},
{"type":"Feature","properties":{"bikenet_hierarchy":"secondary","road_hierarchy":"secondary","length":475.22208945257654},"geometry":{"type":"LineString","coordinates":[[2.3001306,48.8576576],[2.2999202,48.8577859],[2.2986661,48.8585893],[2.2985733,48.8586493],[2.297829,48.8591254],[2.2976695,48.8592284],[2.2974678,48.8593576],[2.2973508,48.8594326],[2.2967372,48.8598262],[2.2966247,48.8598976],[2.2957321,48.8604697],[2.2956191,48.8605421],[2.2954805,48.8606322]]}},
{"type":"Feature","properties":{"bikenet_hierarchy":"primary","road_hierarchy":"primary","length":528.10180949346329},"geometry":{"type":"LineString","coordinates":[[2.3019454,48.8624388],[2.3016066,48.8624264],[2.301397,48.8623847],[2.3012935,48.8623777],[2.2989455,48.8620923],[2.2986024,48.8620103],[2.2976032,48.8617208],[2.295594,48.8607175],[2.2954805,48.8606322]]}},
{"type":"Feature","properties":{"bikenet_hierarchy":"primary","road_hierarchy":"primary","length":839.65051936005227},"geometry":{"type":"LineString","coordinates":[[2.2888812,48.854607],[2.2890125,48.8547124],[2.2890579,48.8547487],[2.2893031,48.8549372],[2.2894555,48.8551365],[2.289546,48.8552714],[2.2896424,48.8554408],[2.2906977,48.8572501],[2.2909073,48.8574355],[2.2909874,48.8574919],[2.2911616,48.8576283],[2.2913886,48.8578051],[2.2951059,48.8603838],[2.2953643,48.8605441],[2.2954805,48.8606322]]}},
{"type":"Feature","properties":{"bikenet_hierarchy":"primary","road_hierarchy":"primary","length":216.13532504774392},"geometry":{"type":"LineString","coordinates":[[2.301606,48.8643535],[2.3017883,48.8640837],[2.3017904,48.8640649],[2.3017924,48.864046],[2.3019096,48.8628286],[2.3019125,48.8628101],[2.3019229,48.8626931],[2.301937,48.8625863],[2.3019454,48.8624388]]}},
{"type":"Feature","properties":{"bikenet_hierarchy":"primary","road_hierarchy":"primary","length":848.67607758787483},"geometry":{"type":"LineString","coordinates":[[2.3134495,48.8628341],[2.3131813,48.862831],[2.3116583,48.8627919],[2.310639,48.8625988],[2.3105921,48.8625938],[2.3104189,48.8625754],[2.3102691,48.8625668],[2.3098864,48.8625543],[2.3092295,48.8625355],[2.3079137,48.8625018],[2.3055572,48.8624543],[2.305433,48.8624524],[2.3052301,48.8624485],[2.3031803,48.8623967],[2.3028726,48.8623925],[2.3023446,48.8623921],[2.3021477,48.8624391],[2.3019454,48.8624388]]}},
{"type":"Feature","properties":{"bikenet_hierarchy":"secondary","road_hierarchy":"primary","length":606.97930982168987},"geometry":{"type":"LineString","coordinates":[[2.3062968,48.8541144],[2.3056919,48.8542246],[2.3054471,48.8542721],[2.3053232,48.8543524],[2.3052167,48.8544187],[2.3050869,48.8544997],[2.303726,48.8553479],[2.3036276,48.8554092],[2.3030082,48.8557954],[2.3029533,48.8558296],[2.3025428,48.8560826],[2.3024431,48.8561503],[2.302223,48.8562997],[2.301477,48.856771],[2.3013942,48.8568252],[2.300512,48.8574025],[2.3003055,48.8575428],[2.3001306,48.8576576]]}},
{"type":"Feature","properties":{"bikenet_hierarchy":"primary","road_hierarchy":"quaternary","length":199.94721974584681},"geometry":{"type":"LineString","coordinates":[[2.2911506,48.8603008],[2.2931353,48.8590687]]}},
{"type":"Feature","properties":{"bikenet_hierarchy":"primary","road_hierarchy":"primary","length":909.3574783781346},"geometry":{"type":"LineString","coordinates":[[2.301606,48.8643535],[2.2965763,48.8633325],[2.2961811,48.8632113],[2.2960595,48.863174],[2.2911506,48.8603008]]}},
{"type":"Feature","properties":{"bikenet_hierarchy":"primary","road_hierarchy":"secondary","length":368.20519620170154},"geometry":{"type":"LineString","coordinates":[[2.3542978,48.8693188],[2.35425,48.8692333],[2.3542275,48.869193],[2.3540962,48.8689581],[2.3540739,48.8689183],[2.353931,48.8686626],[2.3539027,48.868612],[2.353657,48.8681723],[2.3535018,48.8678946],[2.3533479,48.8676194],[2.3533149,48.8675602],[2.3530748,48.8671307],[2.3530141,48.8670222],[2.3529845,48.866969],[2.3526511,48.8663727],[2.3525847,48.8662539],[2.3525614,48.8662121]]}},
{"type":"Feature","properties":{"bikenet_hierarchy":"secondary","road_hierarchy":"secondary","length":270.01647252068994},"geometry":{"type":"LineString","coordinates":[[2.3560623,48.8654632],[2.3558237,48.8655138],[2.3557364,48.8655323],[2.3556321,48.8655562],[2.3555365,48.8655754],[2.3539493,48.8659183],[2.3537722,48.8659588],[2.3536473,48.8659836],[2.3535662,48.8659997],[2.353439,48.866025],[2.3526862,48.8661848],[2.3525614,48.8662121]]}},
{"type":"Feature","properties":{"bikenet_hierarchy":"primary","road_hierarchy":"secondary","length":210.96561837763485},"geometry":{"type":"LineString","coordinates":[[2.3515433,48.8644389],[2.3516403,48.8646253],[2.351934,48.8651411],[2.3519977,48.8652497],[2.3524995,48.8661386],[2.3525614,48.8662121]]}},
{"type":"Feature","properties":{"bikenet_hierarchy":"primary","road_hierarchy":"primary","length":386.35351606704734},"geometry":{"type":"LineString","coordinates":[[2.258934,48.8485484],[2.2597091,48.8477858],[2.2586667,48.8454456],[2.2586805,48.8453291]]}},
{"type":"Feature","properties":{"bikenet_hierarchy":"primary","road_hierarchy":"primary","length":272.54006198951873},"geometry":{"type":"LineString","coordinates":[[2.2602036,48.8431532],[2.2601507,48.8431842],[2.2600878,48.8432247],[2.2595337,48.8436586],[2.2594633,48.8437295],[2.259382,48.8438194],[2.2587289,48.844973],[2.2586858,48.8452288],[2.2586805,48.8453291]]}},
{"type":"Feature","properties":{"bikenet_hierarchy":"primary","road_hierarchy":"secondary","length":1072.3048323722603},"geometry":{"type":"LineString","coordinates":[[2.2894161,48.8385974],[2.2896355,48.8386587],[2.2901539,48.8388026],[2.2903917,48.8388696],[2.2914493,48.8391348],[2.2918024,48.8392252],[2.2919595,48.8392633],[2.2920943,48.839298],[2.2923212,48.8393621],[2.2923981,48.839383],[2.2926137,48.8394462],[2.2929819,48.8395649],[2.29309,48.8395997],[2.2932199,48.8396394],[2.2937205,48.8398134],[2.2950599,48.8402553],[2.2951563,48.8402909],[2.2952275,48.840315],[2.2956488,48.8404533],[2.2957968,48.8405013],[2.2969891,48.8409254],[2.2971124,48.8409705],[2.2980971,48.8412921],[2.2981816,48.8413171],[2.2987592,48.8414928],[2.2988785,48.8415265],[2.2991088,48.8415753],[2.2992175,48.8416006],[2.2995188,48.8416903],[2.2997209,48.8417506],[2.3002028,48.8418939],[2.3006137,48.8420162],[2.3006975,48.8420411],[2.3024991,48.8425773],[2.3026724,48.8426289]]}},
{"type":"Feature","properties":{"bikenet_hierarchy":"primary","road_hierarchy":"secondary","length":678.32408534535455},"geometry":{"type":"LineString","coordinates":[[2.311115,48.845109],[2.3105687,48.8449625],[2.3100052,48.8447912],[2.3097076,48.8447011],[2.3095741,48.8446607],[2.3091498,48.8445311],[2.3088194,48.8444307],[2.3086279,48.8443727],[2.3082696,48.8442718],[2.3081895,48.8442488],[2.3081024,48.8442238],[2.3069358,48.8438853],[2.3066113,48.8437918],[2.3063855,48.8437257],[2.3062793,48.8436954],[2.3057002,48.8435323],[2.3046007,48.8431921],[2.3028146,48.8426704],[2.3026724,48.8426289]]}},
{"type":"Feature","properties":{"bikenet_hierarchy":"primary","road_hierarchy":"primary","length":15.19922564980631},"geometry":{"type":"LineString","coordinates":[[2.3599586,48.8903906],[2.3599658,48.890254]]}},
{"type":"Feature","properties":{"bikenet_hierarchy":"primary","road_hierarchy":"primary","length":926.85627957110421},"geometry":{"type":"LineString","coordinates":[[2.3590108,48.8986953],[2.3591995,48.8972145],[2.3592054,48.8971075],[2.3592164,48.8970198],[2.3592591,48.8964508],[2.3592809,48.8961167],[2.3593338,48.8954487],[2.3593522,48.8954181],[2.3593761,48.8953221],[2.35939,48.8951501],[2.359377,48.8950442],[2.3594889,48.8942528],[2.359517,48.8940728],[2.359589,48.8936115],[2.3596025,48.8935255],[2.3596168,48.8934338],[2.3596361,48.89331],[2.3596535,48.893222],[2.3597508,48.892703],[2.3597622,48.8926322],[2.359843,48.8921242],[2.3598612,48.8920171],[2.3598652,48.8919474],[2.3598943,48.8915262],[2.3599387,48.8910784],[2.3599422,48.8910317],[2.3599466,48.890841],[2.3599478,48.8907502],[2.3599561,48.890542],[2.3599586,48.8903906]]}},
{"type":"Feature","properties":{"bikenet_hierarchy":"secondary","road_hierarchy":"tertiary","length":602.80257259596124},"geometry":{"type":"LineString","coordinates":[[2.3681174,48.889688],[2.3680489,48.8897006],[2.3679528,48.8897134],[2.367191,48.8897592],[2.364443,48.8898955],[2.3640849,48.8899041],[2.3638174,48.8899082],[2.3636451,48.8899119],[2.3630948,48.8899235],[2.3629954,48.8899256],[2.3625281,48.8899579],[2.3620027,48.8900042],[2.3618795,48.8900151],[2.361281,48.8900722],[2.3601305,48.890194],[2.3599658,48.890254]]}},
{"type":"Feature","properties":{"bikenet_hierarchy":"primary","road_hierarchy":"primary","length":665.43559583209912},"geometry":{"type":"LineString","coordinates":[[2.3593856,48.8842935],[2.3593397,48.8847833],[2.3593604,48.8849133],[2.3593699,48.8849744],[2.3594893,48.8860172],[2.3595031,48.8860937],[2.3596291,48.8866639],[2.3596569,48.8867731],[2.3596722,48.8868333],[2.3596851,48.8869011],[2.3597486,48.8872004],[2.3598733,48.8878435],[2.3598889,48.8880285],[2.3598999,48.8881876],[2.3599034,48.8884758],[2.359929,48.888949],[2.3599289,48.889057],[2.3599328,48.8891413],[2.3599548,48.8897751],[2.3599643,48.8901125],[2.3599651,48.890163],[2.3599658,48.890254]]}},
{"type":"Feature","properties":{"bikenet_hierarchy":"secondary","road_hierarchy":"quaternary","length":761.50464950889284},"geometry":{"type":"LineString","coordinates":[[2.3495966,48.8905059],[2.3497221,48.8905181],[2.3513447,48.8904882],[2.351454,48.8904666],[2.3515548,48.8904548],[2.3532419,48.8903679],[2.3599658,48.890254]]}},
{"type":"Feature","properties":{"bikenet_hierarchy":"primary","road_hierarchy":"quaternary","length":627.76222433459316},"geometry":{"type":"LineString","coordinates":[[2.3255268,48.8875181],[2.3253658,48.8876217],[2.3246826,48.8880056],[2.324631,48.8880352],[2.3241668,48.8883034],[2.3236952,48.8885758],[2.3236273,48.888615],[2.3234181,48.8887359],[2.3233198,48.8887927],[2.3228057,48.8890897],[2.3226803,48.8891622],[2.3223785,48.8893365],[2.322327,48.8893662],[2.3220009,48.8895547],[2.3217965,48.8896727],[2.3217264,48.8897132],[2.3212536,48.8899864],[2.3211802,48.8900288],[2.3208353,48.890228],[2.3207713,48.890265],[2.3206801,48.8903177],[2.3203414,48.8905135],[2.3202143,48.8905867],[2.3201162,48.8906425],[2.3199302,48.8907509],[2.3197409,48.8908602],[2.3193354,48.8910945],[2.3190875,48.8912377]]}},
{"type":"Feature","properties":{"bikenet_hierarchy":"primary","road_hierarchy":"secondary","length":57.260787036772562},"geometry":{"type":"LineString","coordinates":[[2.3184769,48.8915587],[2.3185981,48.891495],[2.3190875,48.8912377]]}},
{"type":"Feature","properties":{"bikenet_hierarchy":"secondary","road_hierarchy":"secondary","length":324.4610132309972},"geometry":{"type":"LineString","coordinates":[[2.3161046,48.8890963],[2.3161697,48.8891635],[2.3161962,48.8891911],[2.316671,48.8896925],[2.3167228,48.8897491],[2.3170346,48.8900689],[2.3171561,48.8901912],[2.3172668,48.8903037],[2.3177878,48.8908502],[2.3179223,48.8909933],[2.3180308,48.891101],[2.3183686,48.8914633],[2.3184769,48.8915587]]}},
{"type":"Feature","properties":{"bikenet_hierarchy":"primary","road_hierarchy":"secondary","length":497.2819797373736},"geometry":{"type":"LineString","coordinates":[[2.3132514,48.8943572],[2.3139292,48.8942038],[2.3141766,48.8940548],[2.3144904,48.8938642],[2.3146034,48.8937993],[2.3147423,48.8937155],[2.3148223,48.8936694],[2.3149198,48.8936139],[2.315202,48.8934443],[2.3153765,48.8933448],[2.3155855,48.8932256],[2.3156665,48.8931821],[2.3158385,48.8930831],[2.3160172,48.8929794],[2.3163369,48.8927952],[2.3164873,48.8927113],[2.3166733,48.8926051],[2.3169127,48.8924754],[2.3170822,48.8923807],[2.3171816,48.8923253],[2.317309,48.8922484],[2.3175403,48.8921194],[2.3179152,48.8918856],[2.3183312,48.8916499],[2.3184769,48.8915587]]}},
{"type":"Feature","properties":{"bikenet_hierarchy":"primary","road_hierarchy":"primary","length":371.45659117795947},"geometry":{"type":"LineString","coordinates":[[2.3412729,48.8319178],[2.3426514,48.831542],[2.3428055,48.8315001],[2.3440825,48.8311526],[2.3442505,48.8311073],[2.3443693,48.8310761],[2.3458197,48.8306607],[2.345941,48.8306297]]}},
{"type":"Feature","properties":{"bikenet_hierarchy":"primary","road_hierarchy":"primary","length":430.36826674614917},"geometry":{"type":"LineString","coordinates":[[2.3200389,48.8746485],[2.3202189,48.874666],[2.3204968,48.8746509],[2.3226194,48.874365],[2.3227384,48.8743505],[2.3228374,48.8743364],[2.3237808,48.8742065],[2.3239231,48.8741867],[2.324027,48.8741721],[2.324496,48.8741068],[2.324604,48.8740924],[2.3247085,48.8740772],[2.3256627,48.8739445],[2.3257905,48.8739267]]}},
{"type":"Feature","properties":{"bikenet_hierarchy":"secondary","road_hierarchy":"quaternary","length":99.483465040849438},"geometry":{"type":"LineString","coordinates":[[2.3269246,48.8741823],[2.3259693,48.8741631],[2.3257905,48.8739267]]}},
{"type":"Feature","properties":{"bikenet_hierarchy":"primary","road_hierarchy":"primary","length":100.23584662661777},"geometry":{"type":"LineString","coordinates":[[2.3271295,48.8737473],[2.3270296,48.873761],[2.3268814,48.8737844],[2.3267096,48.8738094],[2.3260885,48.8738881],[2.3257905,48.8739267]]}},
{"type":"Feature","properties":{"bikenet_hierarchy":"primary","road_hierarchy":"primary","length":921.20975570899395},"geometry":{"type":"LineString","coordinates":[[2.2838259,48.8774748],[2.2853043,48.8768735],[2.2854843,48.876817],[2.2856763,48.8767566],[2.2870326,48.8763236],[2.2872212,48.8762634],[2.2874365,48.8761948],[2.2886833,48.8757966],[2.288992,48.875698],[2.2892112,48.8756304],[2.2893771,48.8755778],[2.2894434,48.8755567],[2.2903463,48.8752693],[2.2904686,48.8752303],[2.2908412,48.8751094],[2.2911575,48.8750111],[2.2913135,48.8749614],[2.2913898,48.8749371],[2.2917343,48.8748275],[2.2922423,48.8746653],[2.2927912,48.8744909],[2.2949802,48.8736815]]}},
{"type":"Feature","properties":{"bikenet_hierarchy":"primary","road_hierarchy":"primary","length":791.96351156233425},"geometry":{"type":"LineString","coordinates":[[2.2815634,48.8493803],[2.281664,48.8494452],[2.2821804,48.8497742],[2.2825318,48.8500302],[2.2837088,48.850817],[2.2852003,48.8519182],[2.2860856,48.8525434],[2.2861728,48.8526078],[2.2863485,48.8527415],[2.2865617,48.8528906],[2.2876755,48.8536985],[2.2885795,48.8543182],[2.2886598,48.8543873],[2.2888812,48.854607]]}},
{"type":"Feature","properties":{"bikenet_hierarchy":"primary","road_hierarchy":"secondary","length":279.31634394295628},"geometry":{"type":"LineString","coordinates":[[2.2867276,48.8566741],[2.2884953,48.8549033],[2.2885499,48.8548484],[2.2888812,48.854607]]}},
{"type":"Feature","properties":{"bikenet_hierarchy":"primary","road_hierarchy":"secondary","length":1232.4796161934685},"geometry":{"type":"LineString","coordinates":[[2.3016514,48.8480224],[2.3015006,48.8480692],[2.3013374,48.8481211],[2.3012723,48.8481418],[2.2998934,48.8485766],[2.2992351,48.848784],[2.2982849,48.8490833],[2.2981212,48.8491348],[2.2979711,48.8491821],[2.297846,48.8492216],[2.2961086,48.8497688],[2.2959962,48.8498042],[2.2953052,48.8500219],[2.2951699,48.8500645],[2.2950759,48.8500942],[2.2941317,48.8503954],[2.2940468,48.8504225],[2.2929412,48.850775],[2.2928032,48.8508208],[2.2926593,48.8508647],[2.2925738,48.8509],[2.2923568,48.851094],[2.291976,48.8514807],[2.2917618,48.8517051],[2.2916875,48.851785],[2.2916146,48.8518647],[2.2912493,48.8522222],[2.2908521,48.8526219],[2.2907412,48.8527335],[2.290228,48.853247],[2.2900205,48.8534566],[2.2899496,48.8535284],[2.289542,48.8539398],[2.2890127,48.8544743],[2.2889802,48.8545071],[2.2888812,48.854607]]}},
{"type":"Feature","properties":{"bikenet_hierarchy":"secondary","road_hierarchy":"quaternary","length":531.9737581698779},"geometry":{"type":"LineString","coordinates":[[2.3993259,48.8488486],[2.3994448,48.8488397],[2.3995318,48.8488336],[2.4011668,48.8488542],[2.4025393,48.8488733],[2.4027688,48.8488784],[2.4029243,48.8488802],[2.4035264,48.8488961],[2.4041588,48.8489106],[2.4043209,48.8489146],[2.4044573,48.8489176],[2.404692,48.8489237],[2.4050386,48.8489278],[2.405291,48.8489327],[2.405449,48.8489359],[2.405659,48.8489382],[2.4063861,48.8489497],[2.4065708,48.8489527]]}},
{"type":"Feature","properties":{"bikenet_hierarchy":"secondary","road_hierarchy":"quaternary","length":475.25736393668001},"geometry":{"type":"LineString","coordinates":[[2.4046965,48.8408911],[2.4046677,48.8407953],[2.4044974,48.8401806],[2.4044722,48.8400886],[2.4043743,48.8397599],[2.4043407,48.8396383],[2.4041113,48.8388081],[2.4038308,48.8377928],[2.4038122,48.8376805],[2.4035656,48.8368314],[2.4034859,48.8366955]]}},
{"type":"Feature","properties":{"bikenet_hierarchy":"primary","road_hierarchy":"secondary","length":261.11292450016197},"geometry":{"type":"LineString","coordinates":[[2.4066376,48.8356364],[2.4063728,48.8356603],[2.4060649,48.8357334],[2.4056942,48.835877],[2.4055599,48.8359244],[2.4050065,48.8361267],[2.4047062,48.8362364],[2.4046406,48.8362609],[2.4045609,48.8362906],[2.4042233,48.8364166],[2.4040702,48.8364738],[2.4036028,48.8366482],[2.4034859,48.8366955]]}},
{"type":"Feature","properties":{"bikenet_hierarchy":"secondary","road_hierarchy":"quaternary","length":694.17544690708257},"geometry":{"type":"LineString","coordinates":[[2.3976809,48.8318076],[2.3989427,48.8332681],[2.3990563,48.8333531],[2.3999939,48.8340545],[2.4006348,48.8345334],[2.4008465,48.8346842],[2.4008915,48.8347016],[2.4016285,48.835259],[2.4022714,48.8357466],[2.4028479,48.8361717],[2.4029174,48.8362214],[2.403002,48.8362817],[2.4034033,48.8365804],[2.4034859,48.8366955]]}},
{"type":"Feature","properties":{"bikenet_hierarchy":"primary","road_hierarchy":"primary","length":125.64944496445065},"geometry":{"type":"LineString","coordinates":[[2.315161,48.8628722],[2.3148938,48.8628694],[2.3136879,48.8628368],[2.3134495,48.8628341]]}},
{"type":"Feature","properties":{"bikenet_hierarchy":"primary","road_hierarchy":"primary","length":291.24902702477101},"geometry":{"type":"LineString","coordinates":[[2.315161,48.8628722],[2.3152535,48.8628727],[2.3153262,48.8628729],[2.3169259,48.8629048],[2.3179455,48.8628941],[2.3180456,48.862886],[2.318803,48.8626833],[2.3190488,48.862616]]}},
{"type":"Feature","properties":{"bikenet_hierarchy":"primary","road_hierarchy":"primary","length":824.89677421916406},"geometry":{"type":"LineString","coordinates":[[2.329285,48.8595512],[2.3281739,48.8598828],[2.3278983,48.8599789],[2.3256854,48.8606656],[2.3254869,48.8607258],[2.3253111,48.860779],[2.3243307,48.8610736],[2.3241928,48.8611149],[2.3239784,48.8611695],[2.3200436,48.8623466],[2.3198333,48.8623996],[2.3196401,48.8624526],[2.3195357,48.8624825],[2.3195036,48.8624916],[2.3190488,48.862616]]}},
{"type":"Feature","properties":{"bikenet_hierarchy":"primary","road_hierarchy":"secondary","length":209.40165526607626},"geometry":{"type":"LineString","coordinates":[[2.3145185,48.8518154],[2.3145223,48.851888],[2.3145816,48.852401],[2.3146505,48.8529886],[2.3147065,48.8534665],[2.3147133,48.8535252],[2.3147189,48.8535726],[2.314733,48.8536931]]}},
{"type":"Feature","properties":{"bikenet_hierarchy":"primary","road_hierarchy":"secondary","length":276.03516346326177},"geometry":{"type":"LineString","coordinates":[[2.3150233,48.856168],[2.3149969,48.8559349],[2.314934,48.855413],[2.3148565,48.8547466],[2.3148479,48.8546683],[2.31484,48.8545955],[2.3147553,48.8538831],[2.314733,48.8536931]]}},
{"type":"Feature","properties":{"bikenet_hierarchy":"primary","road_hierarchy":"primary","length":271.91145817130268},"geometry":{"type":"LineString","coordinates":[[2.3151445,48.8494407],[2.3150993,48.8495244],[2.3147924,48.850079],[2.3145951,48.8504433],[2.314539,48.8505392],[2.3145185,48.8518154]]}},
{"type":"Feature","properties":{"bikenet_hierarchy":"primary","road_hierarchy":"primary","length":500.2255313298877},"geometry":{"type":"LineString","coordinates":[[2.2769661,48.8460724],[2.2771677,48.8462173],[2.2772571,48.8462735],[2.2773193,48.8463119],[2.2775827,48.8464602],[2.27879,48.8473156],[2.2788917,48.8473851],[2.2789732,48.8474432],[2.2812933,48.8490799],[2.2814394,48.8492371],[2.2815634,48.8493803]]}},
{"type":"Feature","properties":{"bikenet_hierarchy":"secondary","road_hierarchy":"tertiary","length":451.82864942205072},"geometry":{"type":"LineString","coordinates":[[2.2859894,48.8465574],[2.2857549,48.8466985],[2.2856499,48.8467633],[2.2855101,48.8468488],[2.284261,48.8476048],[2.2841351,48.8476848],[2.2840075,48.8477619],[2.2829937,48.8484395],[2.2828808,48.8485141],[2.2827652,48.8485905],[2.2820056,48.8490903],[2.2819074,48.8491547],[2.2815634,48.8493803]]}},
{"type":"Feature","properties":{"bikenet_hierarchy":"secondary","road_hierarchy":"quaternary","length":492.29450515340989},"geometry":{"type":"LineString","coordinates":[[2.3789541,48.8464578],[2.3788092,48.8465435],[2.3777304,48.8473185],[2.3776513,48.847372],[2.3770166,48.8477539],[2.3767074,48.847933],[2.3766167,48.8479867],[2.376098,48.8482955],[2.3760085,48.84835],[2.3758601,48.8484333],[2.3757308,48.8485054],[2.3748258,48.8490869],[2.3747732,48.8491608],[2.3743585,48.8495519],[2.3742867,48.8496144]]}},
{"type":"Feature","properties":{"bikenet_hierarchy":"secondary","road_hierarchy":"tertiary","length":345.14343922283223},"geometry":{"type":"LineString","coordinates":[[2.3869707,48.8416955],[2.3870007,48.8415276],[2.3872522,48.8412831],[2.3873751,48.8411563],[2.3876246,48.8408866],[2.3876593,48.8408486],[2.3878906,48.8405943],[2.3881563,48.8403023],[2.3882091,48.8402413],[2.3888201,48.8395359],[2.3890067,48.8393179],[2.3891336,48.8391576],[2.3892105,48.8390459],[2.3892503,48.8389984]]}},
{"type":"Feature","properties":{"bikenet_hierarchy":"primary","road_hierarchy":"primary","length":788.12906457693657},"geometry":{"type":"LineString","coordinates":[[2.4066376,48.8356364],[2.406434,48.835486],[2.4062836,48.8354094],[2.4055965,48.8349968],[2.4054698,48.834913],[2.4052862,48.8347833],[2.404433,48.8342905],[2.4022982,48.833536],[2.4022142,48.8335053],[2.402091,48.8334606],[2.4019442,48.83341],[2.3976809,48.8318076]]}},
{"type":"Feature","properties":{"bikenet_hierarchy":"primary","road_hierarchy":"primary","length":1339.1084801330799},"geometry":{"type":"LineString","coordinates":[[2.3820771,48.8256681],[2.3827563,48.8259005],[2.3829454,48.8259762],[2.3854229,48.8270276],[2.3854606,48.8270455],[2.3857012,48.8272356],[2.3896618,48.8290644],[2.3899591,48.8292136],[2.3902518,48.8293282],[2.3904151,48.8293975],[2.3912558,48.8297498],[2.3923832,48.8301983],[2.3924326,48.8302242],[2.393,48.8303871],[2.3976809,48.8318076]]}},
{"type":"Feature","properties":{"bikenet_hierarchy":"primary","road_hierarchy":"primary","length":461.10974302619127},"geometry":{"type":"LineString","coordinates":[[2.400641,48.8411413],[2.4008737,48.8417596],[2.4010888,48.8423394],[2.4011143,48.8424082],[2.401367,48.8430968],[2.4016445,48.8438629],[2.4019805,48.8447532],[2.4018067,48.8451656]]}},
{"type":"Feature","properties":{"bikenet_hierarchy":"primary","road_hierarchy":"primary","length":401.14482610845204},"geometry":{"type":"LineString","coordinates":[[2.3990573,48.8480393],[2.399031,48.8478806],[2.399021,48.8478149],[2.3990038,48.8477337],[2.3989257,48.8472878],[2.3994903,48.846844],[2.4000177,48.8465031],[2.4000737,48.8464646],[2.4018067,48.8451656]]}},
{"type":"Feature","properties":{"bikenet_hierarchy":"primary","road_hierarchy":"quaternary","length":436.38583822592778},"geometry":{"type":"LineString","coordinates":[[2.3408451,48.8609613],[2.3405914,48.8610544],[2.3398675,48.8612941],[2.3392804,48.8614837],[2.3391476,48.8615266],[2.3389934,48.8615767],[2.337099,48.8621926],[2.3370163,48.8622194],[2.3366415,48.8623422],[2.3362656,48.8624677],[2.3355165,48.862704]]}},
{"type":"Feature","properties":{"bikenet_hierarchy":"primary","road_hierarchy":"quaternary","length":283.22670844049145},"geometry":{"type":"LineString","coordinates":[[2.3320454,48.8638185],[2.3321934,48.8637702],[2.3322313,48.8637578],[2.3324063,48.8637001],[2.3336175,48.8633158],[2.3338055,48.8632561],[2.3339169,48.8632209],[2.3350202,48.862864],[2.3352147,48.8628025],[2.3352745,48.8627835],[2.335378,48.862749],[2.3355165,48.862704]]}},
{"type":"Feature","properties":{"bikenet_hierarchy":"secondary","road_hierarchy":"quaternary","length":649.11942921719208},"geometry":{"type":"LineString","coordinates":[[2.3944873,48.8565607],[2.3945253,48.8565688],[2.3946745,48.8565972],[2.395633,48.8567299],[2.3958477,48.8567446],[2.3959959,48.8567474],[2.3961369,48.8567493],[2.3968854,48.8568123],[2.3970511,48.8568294],[2.3971578,48.8568431],[2.3973759,48.8568722],[2.3978412,48.8569735],[2.3980368,48.8570297],[2.3981396,48.8570603],[2.3982227,48.857084],[2.3983865,48.857138],[2.399244,48.8575292],[2.3993345,48.8575829],[2.3994234,48.857629],[2.4003808,48.8581736],[2.4004869,48.8582359],[2.4007114,48.8583657],[2.4010242,48.8585458],[2.4011473,48.8586145],[2.4012557,48.8586748],[2.4016451,48.8588896],[2.4020488,48.8590965],[2.4021238,48.8591448]]}},
{"type":"Feature","properties":{"bikenet_hierarchy":"secondary","road_hierarchy":"secondary","length":149.49575666821363},"geometry":{"type":"LineString","coordinates":[[2.326866,48.846944],[2.3269885,48.8470673],[2.3271826,48.8472657],[2.3272675,48.8473617],[2.327616,48.8477321],[2.3277692,48.8478991],[2.3279334,48.8480887]]}},
{"type":"Feature","properties":{"bikenet_hierarchy":"secondary","road_hierarchy":"secondary","length":548.79592127270257},"geometry":{"type":"LineString","coordinates":[[2.326866,48.846944],[2.3267251,48.8469667],[2.326646,48.8469795],[2.3261393,48.8468104],[2.3260177,48.846775],[2.3243021,48.8462646],[2.3242208,48.8462411],[2.3241434,48.846221],[2.3237336,48.8461082],[2.3236565,48.8460873],[2.3221368,48.8456488],[2.3217623,48.8455408],[2.3216451,48.8455069],[2.3204596,48.8452241],[2.3199774,48.8451079]]}},
{"type":"Feature","properties":{"bikenet_hierarchy":"primary","road_hierarchy":"primary","length":83.818452683474675},"geometry":{"type":"LineString","coordinates":[[2.3863031,48.8982643],[2.3861034,48.898015],[2.3857252,48.8976145]]}},
{"type":"Feature","properties":{"bikenet_hierarchy":"primary","road_hierarchy":"primary","length":255.25453573782252},"geometry":{"type":"LineString","coordinates":[[2.3835867,48.8958185],[2.3838719,48.8959703],[2.3840097,48.8960444],[2.3842387,48.8962132],[2.3842745,48.8962457],[2.3853346,48.8972478],[2.3853658,48.8972773],[2.3854492,48.8973561],[2.3857252,48.8976145]]}},
{"type":"Feature","properties":{"bikenet_hierarchy":"secondary","road_hierarchy":"secondary","length":243.18433503787108},"geometry":{"type":"LineString","coordinates":[[2.3725767,48.8622984],[2.3724845,48.8623541],[2.3721143,48.8625681],[2.3716541,48.8628427],[2.371493,48.8629352],[2.3713057,48.8630496],[2.3710935,48.863174],[2.370207,48.8637086],[2.3701149,48.8637626]]}},
{"type":"Feature","properties":{"bikenet_hierarchy":"secondary","road_hierarchy":"secondary","length":850.75449863860604},"geometry":{"type":"LineString","coordinates":[[2.3483188,48.8356578],[2.3481673,48.8356122],[2.3480346,48.8355722],[2.3479664,48.8355504],[2.346581,48.8351119],[2.3464745,48.8350775],[2.3463924,48.8350546],[2.3462433,48.8350234],[2.3459672,48.8349995],[2.345495,48.8349765],[2.34514,48.8349639],[2.3449903,48.8349574],[2.3448562,48.834952],[2.343216,48.8348809],[2.3417297,48.8348188],[2.3415865,48.8348127],[2.3414573,48.8348035],[2.3382121,48.8346595],[2.338078,48.8346546],[2.3371981,48.8346175],[2.3370817,48.8346128],[2.336965,48.834607]]}},
{"type":"Feature","properties":{"bikenet_hierarchy":"secondary","road_hierarchy":"secondary","length":153.90981698368162},"geometry":{"type":"LineString","coordinates":[[2.336172,48.8333259],[2.3362258,48.8334095],[2.336377,48.8336512],[2.33659,48.8340029],[2.336669,48.8341408],[2.3369156,48.834535],[2.336965,48.834607]]}},
{"type":"Feature","properties":{"bikenet_hierarchy":"secondary","road_hierarchy":"quaternary","length":253.04364840393274},"geometry":{"type":"LineString","coordinates":[[2.3382689,48.8367133],[2.3377393,48.8358753],[2.3377089,48.8358209],[2.3370693,48.8347633],[2.3370374,48.8347155],[2.336965,48.834607]]}},
{"type":"Feature","properties":{"bikenet_hierarchy":"secondary","road_hierarchy":"quaternary","length":491.22257508272696},"geometry":{"type":"LineString","coordinates":[[2.3214504,48.8411134],[2.3187069,48.8375296],[2.3186604,48.8374884],[2.3183027,48.8372291]]}},
{"type":"Feature","properties":{"bikenet_hierarchy":"primary","road_hierarchy":"secondary","length":758.81717685742353},"geometry":{"type":"LineString","coordinates":[[2.3128002,48.8429871],[2.3128329,48.8429384],[2.3133244,48.8423151],[2.3133626,48.842267],[2.3134072,48.8422104],[2.3138269,48.84171],[2.313929,48.8416124],[2.3140103,48.8415355],[2.3141551,48.8414039],[2.3144396,48.8411429],[2.3145408,48.8410501],[2.3148859,48.8407176],[2.3149593,48.8406014],[2.3150844,48.8404347],[2.3152055,48.8403101],[2.3153997,48.8401357],[2.31624,48.8393862],[2.3165067,48.8390085],[2.3165618,48.8389565],[2.3166465,48.8388773],[2.3169076,48.8386142],[2.317736,48.8377811],[2.3179813,48.837539],[2.3183027,48.8372291]]}},
{"type":"Feature","properties":{"bikenet_hierarchy":"primary","road_hierarchy":"secondary","length":750.72710948980159},"geometry":{"type":"LineString","coordinates":[[2.3115462,48.8327363],[2.3116546,48.832809],[2.3128957,48.8337814],[2.3135155,48.8342787],[2.3136225,48.8343599],[2.3137327,48.8344263],[2.3143055,48.8347717],[2.3148576,48.8351033],[2.3149402,48.8351529],[2.3153517,48.8354149],[2.3154433,48.8354732],[2.3154318,48.8355613],[2.3153754,48.8360166],[2.3157827,48.8364705],[2.3166107,48.8370065],[2.3176866,48.8372222],[2.3183027,48.8372291]]}},
{"type":"Feature","properties":{"bikenet_hierarchy":"secondary","road_hierarchy":"secondary","length":288.01156169491099},"geometry":{"type":"LineString","coordinates":[[2.3518495,48.836787],[2.351557,48.836696],[2.3511666,48.8365716],[2.3510073,48.8365217],[2.3500975,48.8362314],[2.3500054,48.8362003],[2.3497241,48.8361105],[2.3495518,48.8360543],[2.3494638,48.836026],[2.3488681,48.8358337],[2.3485695,48.8357429],[2.3483188,48.8356578]]}},
{"type":"Feature","properties":{"bikenet_hierarchy":"secondary","road_hierarchy":"quaternary","length":309.28619867374056},"geometry":{"type":"LineString","coordinates":[[2.3470718,48.8330011],[2.3472369,48.8333532],[2.3475346,48.8339883],[2.3475538,48.8340294],[2.3479902,48.8349592],[2.3482081,48.8354212],[2.3482584,48.8355271],[2.3483188,48.8356578]]}},
{"type":"Feature","properties":{"bikenet_hierarchy":"primary","road_hierarchy":"primary","length":1118.6452641523058},"geometry":{"type":"LineString","coordinates":[[2.31254,48.8808513],[2.3123213,48.8808246],[2.3122281,48.8808132],[2.3120295,48.8807876],[2.3099245,48.8805305],[2.3097804,48.8805088],[2.3094281,48.8804527],[2.3092078,48.8804206],[2.30909,48.8804037],[2.3089612,48.8803834],[2.3088528,48.8803677],[2.308573,48.8803252],[2.3084804,48.8803055],[2.3082802,48.8802629],[2.3073265,48.8800561],[2.3053546,48.8796286],[2.3051039,48.8795755],[2.3049802,48.8795492],[2.304871,48.8795256],[2.3033557,48.8791982],[2.3031146,48.8791465],[2.3029892,48.8791189],[2.3024076,48.8789953],[2.3018509,48.8788745],[2.3017712,48.8788572],[2.3010258,48.8786981],[2.300823,48.8786534],[2.3006431,48.8786158],[2.3004704,48.8785777],[2.2980745,48.8777857]]}},
{"type":"Feature","properties":{"bikenet_hierarchy":"primary","road_hierarchy":"primary","length":231.87867602923237},"geometry":{"type":"LineString","coordinates":[[2.2838259,48.8774748],[2.2837212,48.8775079],[2.2834776,48.8775851],[2.2814305,48.8782405],[2.2813416,48.8782675],[2.2811668,48.8783178],[2.2809704,48.8783686]]}},
{"type":"Feature","properties":{"bikenet_hierarchy":"secondary","road_hierarchy":"quaternary","length":574.61565143397172},"geometry":{"type":"LineString","coordinates":[[2.3274004,48.8930045],[2.327775,48.8930113],[2.3283383,48.8928802],[2.3288269,48.8927801],[2.3295657,48.8926349],[2.3296948,48.8926093],[2.3303273,48.8924839],[2.3305179,48.8924526],[2.3306167,48.8924329],[2.3318953,48.8921769],[2.3320257,48.8921511],[2.3333649,48.8918823],[2.3335208,48.8918534],[2.3336194,48.8918342],[2.3347536,48.8916954],[2.33495,48.8916948]]}},
{"type":"Feature","properties":{"bikenet_hierarchy":"secondary","road_hierarchy":"quaternary","length":621.96797454536681},"geometry":{"type":"LineString","coordinates":[[2.3384095,48.8967675],[2.3384573,48.8966705],[2.3384349,48.8965801],[2.3381191,48.8961111],[2.3379865,48.8959141],[2.3376448,48.8954067],[2.3375841,48.8953165],[2.3374965,48.8952176],[2.3367752,48.8942079],[2.336405,48.8937096],[2.33495,48.8916948]]}},
{"type":"Feature","properties":{"bikenet_hierarchy":"secondary","road_hierarchy":"tertiary","length":609.63895638407723},"geometry":{"type":"LineString","coordinates":[[2.3324554,48.8864996],[2.3327184,48.8878739],[2.3327427,48.8879391],[2.3342749,48.8904869],[2.3343112,48.8905574],[2.3343548,48.890625],[2.3349364,48.8916278],[2.33495,48.8916948]]}},
{"type":"Feature","properties":{"bikenet_hierarchy":"secondary","road_hierarchy":"quaternary","length":1097.7675281268259},"geometry":{"type":"LineString","coordinates":[[2.3495966,48.8905059],[2.3494795,48.8904978],[2.3494389,48.8904946],[2.3486125,48.8904452],[2.3484592,48.8904353],[2.3483121,48.8904196],[2.3474937,48.8903342],[2.3456178,48.8906969],[2.3455711,48.8907123],[2.3451063,48.8908635],[2.3443765,48.8910636],[2.3442165,48.8910889],[2.3437309,48.8911823],[2.3436389,48.8912001],[2.3435474,48.8912073],[2.3427836,48.8912417],[2.3414858,48.8912838],[2.3406535,48.8912713],[2.3405522,48.8912596],[2.3398984,48.8911929],[2.339666,48.8911846],[2.3394581,48.891216],[2.337839,48.8913728],[2.3377218,48.8913855],[2.3372924,48.8914316],[2.3365821,48.8915081],[2.3364918,48.8915178],[2.3364071,48.8915259],[2.3359699,48.8915673],[2.3351156,48.8916582],[2.33495,48.8916948]]}},
{"type":"Feature","properties":{"bikenet_hierarchy":"secondary","road_hierarchy":"quaternary","length":146.22861490708308},"geometry":{"type":"LineString","coordinates":[[2.3373736,48.8978898],[2.3375805,48.8976571],[2.3379558,48.8972753],[2.3382206,48.8969976],[2.338261,48.8969316],[2.3384095,48.8967675]]}},
{"type":"Feature","properties":{"bikenet_hierarchy":"secondary","road_hierarchy":"quaternary","length":118.26065791625763},"geometry":{"type":"LineString","coordinates":[[2.3320606,48.826794],[2.3325321,48.8278109]]}},
{"type":"Feature","properties":{"bikenet_hierarchy":"secondary","road_hierarchy":"secondary","length":458.90964408551849},"geometry":{"type":"LineString","coordinates":[[2.3386333,48.8269153],[2.3384489,48.8269427],[2.3382167,48.826977],[2.33671,48.8272003],[2.3355134,48.8273727],[2.3352,48.8274178],[2.3351116,48.8274313],[2.3349672,48.8274532],[2.3347291,48.8274892],[2.3326864,48.8277935],[2.3325321,48.8278109]]}},
{"type":"Feature","properties":{"bikenet_hierarchy":"secondary","road_hierarchy":"secondary","length":418.33734211389435},"geometry":{"type":"LineString","coordinates":[[2.3268388,48.8278722],[2.3272128,48.8278351],[2.3287672,48.8278249],[2.3289891,48.8278242],[2.329137,48.8278237],[2.3295631,48.8278229],[2.3299332,48.8278225],[2.3301792,48.8278217],[2.3303239,48.8278209],[2.3304569,48.8278211],[2.3323288,48.8278167],[2.3325321,48.8278109]]}},
{"type":"Feature","properties":{"bikenet_hierarchy":"secondary","road_hierarchy":"quaternary","length":670.0881515636521},"geometry":{"type":"LineString","coordinates":[[2.336172,48.8333259],[2.3359255,48.8329348],[2.3353577,48.8320689],[2.3351811,48.8317885],[2.3350241,48.8315428],[2.3348347,48.8312674],[2.3346502,48.8309959],[2.3344955,48.8307601],[2.3344319,48.830663],[2.3342175,48.8303403],[2.3338836,48.8297529],[2.3337774,48.8296785],[2.3332645,48.8289491],[2.3331543,48.8288295],[2.3328792,48.8284438],[2.3325321,48.8278109]]}},
{"type":"Feature","properties":{"bikenet_hierarchy":"primary","road_hierarchy":"primary","length":524.00275521397805},"geometry":{"type":"LineString","coordinates":[[2.3381994,48.8425],[2.3385995,48.8432108],[2.3386855,48.8433633],[2.3388852,48.8437288],[2.3389998,48.8439455],[2.3390422,48.8440268],[2.3402538,48.8462773],[2.3405046,48.8467149],[2.3405335,48.846763],[2.3406328,48.8469298]]}},
{"type":"Feature","properties":{"bikenet_hierarchy":"primary","road_hierarchy":"primary","length":331.74721434286147},"geometry":{"type":"LineString","coordinates":[[2.3367591,48.8396872],[2.3367568,48.8398221],[2.3368114,48.8400684],[2.3369429,48.8403244],[2.3369992,48.8404065],[2.3370757,48.8405261],[2.3371838,48.8406894],[2.3373138,48.8409292],[2.337536,48.8413071],[2.3377545,48.8416774],[2.3377951,48.8417443],[2.3378291,48.8418005],[2.3381451,48.8424007],[2.3381994,48.8425]]}},
{"type":"Feature","properties":{"bikenet_hierarchy":"primary","road_hierarchy":"quaternary","length":450.77172912924499},"geometry":{"type":"LineString","coordinates":[[2.3397096,48.8388881],[2.3397485,48.8389549],[2.3399688,48.8392956],[2.3407962,48.8405596],[2.3409849,48.8408498],[2.3411463,48.8411542],[2.3412765,48.8420726],[2.3412898,48.842123],[2.341313,48.8421872],[2.3413564,48.8427433]]}},
{"type":"Feature","properties":{"bikenet_hierarchy":"secondary","road_hierarchy":"quaternary","length":271.07294862666168},"geometry":{"type":"LineString","coordinates":[[2.3711594,48.8642025],[2.3746278,48.8650427]]}},
{"type":"Feature","properties":{"bikenet_hierarchy":"primary","road_hierarchy":"primary","length":973.96375610132418},"geometry":{"type":"LineString","coordinates":[[2.3874768,48.8629727],[2.3868198,48.8629291],[2.3856846,48.8631471],[2.3856002,48.8631627],[2.3850021,48.8632782],[2.3848651,48.8633047],[2.3834831,48.8635714],[2.3832821,48.8636101],[2.3822735,48.8638047],[2.3813285,48.8639706],[2.3812767,48.8639809],[2.3811529,48.8640055],[2.3810181,48.8640313],[2.380231,48.8641782],[2.3782608,48.8645546],[2.3780418,48.8645947],[2.3746278,48.8650427]]}},
{"type":"Feature","properties":{"bikenet_hierarchy":"secondary","road_hierarchy":"tertiary","length":603.92347621164117},"geometry":{"type":"LineString","coordinates":[[2.3786357,48.8603111],[2.3785838,48.8603741],[2.3783091,48.8606491],[2.3778149,48.8611468],[2.3777309,48.8612331],[2.3774019,48.8615685],[2.3773387,48.8616422],[2.3770458,48.861936],[2.3769795,48.8619968],[2.3769001,48.8620785],[2.3765392,48.8625744],[2.3764949,48.862632],[2.376163,48.8630703],[2.3761179,48.8631324],[2.3755118,48.8639498],[2.3754713,48.8640065],[2.3749306,48.8647375],[2.3747085,48.8649697],[2.3746278,48.8650427]]}},
{"type":"Feature","properties":{"bikenet_hierarchy":"primary","road_hierarchy":"primary","length":323.66374533796147},"geometry":{"type":"LineString","coordinates":[[2.3738691,48.8884648],[2.3740384,48.8886147],[2.3750089,48.8893899],[2.3753655,48.8896751],[2.3755936,48.8898576],[2.3763852,48.8904913],[2.3765114,48.8905874],[2.3766683,48.8907149]]}},
{"type":"Feature","properties":{"bikenet_hierarchy":"primary","road_hierarchy":"primary","length":764.35705431098665},"geometry":{"type":"LineString","coordinates":[[2.3835867,48.8958185],[2.3834923,48.8957394],[2.3832531,48.8955556],[2.3827922,48.8951843],[2.3827408,48.8951429],[2.3825252,48.8949588],[2.3823914,48.8948445],[2.3822734,48.8947381],[2.3816152,48.8944877],[2.3799661,48.8932607],[2.3798518,48.8931716],[2.3797305,48.8930763],[2.3796315,48.8929976],[2.3790604,48.89255],[2.3788995,48.8924272],[2.3787405,48.8923021],[2.3782097,48.8918956],[2.3774778,48.891335],[2.3773557,48.8912396],[2.3772441,48.8911559],[2.3768178,48.8908295],[2.3766683,48.8907149]]}},
{"type":"Feature","properties":{"bikenet_hierarchy":"secondary","road_hierarchy":"secondary","length":615.18714593918992},"geometry":{"type":"LineString","coordinates":[[2.3719452,48.8952791],[2.3720165,48.8951671],[2.3731442,48.893937],[2.3732252,48.8938485],[2.3733249,48.8937485],[2.3734262,48.8936497],[2.3734757,48.893603],[2.3741827,48.892972],[2.3742727,48.8928917],[2.374611,48.8925964],[2.3749698,48.8922581],[2.3750776,48.8921563],[2.3751769,48.892066],[2.3760026,48.8913185],[2.376586,48.8907896],[2.3766683,48.8907149]]}},
{"type":"Feature","properties":{"bikenet_hierarchy":"secondary","road_hierarchy":"tertiary","length":303.91479489395152},"geometry":{"type":"LineString","coordinates":[[2.379248,48.8885769],[2.3785597,48.8891094],[2.3780629,48.8895276],[2.3776954,48.8898495],[2.3773667,48.8901373],[2.3772914,48.8902037],[2.3769369,48.8904891],[2.3768534,48.8905562],[2.3768149,48.8905868],[2.3766683,48.8907149]]}},
{"type":"Feature","properties":{"bikenet_hierarchy":"primary","road_hierarchy":"primary","length":118.53371142761601},"geometry":{"type":"LineString","coordinates":[[2.3443404,48.8537679],[2.3441309,48.8533927],[2.3438219,48.8527586]]}},
{"type":"Feature","properties":{"bikenet_hierarchy":"primary","road_hierarchy":"primary","length":438.23596626683263},"geometry":{"type":"LineString","coordinates":[[2.3472924,48.857184],[2.3465822,48.8562364],[2.3460946,48.8555692],[2.3460252,48.8554715],[2.3459241,48.8553552],[2.3459053,48.8553295],[2.3458498,48.8552653],[2.3449997,48.8544187],[2.3449201,48.8543358],[2.3448485,48.8542668],[2.3444383,48.8538542],[2.3443404,48.8537679]]}},
{"type":"Feature","properties":{"bikenet_hierarchy":"secondary","road_hierarchy":"secondary","length":382.84902780541267},"geometry":{"type":"LineString","coordinates":[[2.3436015,48.8681507],[2.3435646,48.8682672],[2.3434327,48.8685826],[2.3433514,48.8687763],[2.3432703,48.8689557],[2.343178,48.8691431],[2.3428783,48.8697588],[2.3428508,48.8698136],[2.3427961,48.8699272],[2.3427506,48.8700277],[2.3427202,48.8701509],[2.3426988,48.870231],[2.3426901,48.870294],[2.3428609,48.8708585],[2.3430263,48.8713618],[2.3430679,48.8714816]]}},
{"type":"Feature","properties":{"bikenet_hierarchy":"primary","road_hierarchy":"primary","length":236.46398384298658},"geometry":{"type":"LineString","coordinates":[[2.3162327,48.8474394],[2.3161951,48.8475168],[2.3159813,48.8479377],[2.3158304,48.8482098],[2.3157894,48.8482836],[2.3157376,48.8483759],[2.3151445,48.8494407]]}},
{"type":"Feature","properties":{"bikenet_hierarchy":"primary","road_hierarchy":"quaternary","length":125.94259264089045},"geometry":{"type":"LineString","coordinates":[[2.3253406,48.8689559],[2.325259,48.8689146],[2.3246249,48.8680035],[2.3245898,48.8679458]]}},
{"type":"Feature","properties":{"bikenet_hierarchy":"primary","road_hierarchy":"quaternary","length":188.88339205262648},"geometry":{"type":"LineString","coordinates":[[2.3234877,48.8664109],[2.3235671,48.8665084],[2.3245514,48.8678879],[2.3245898,48.8679458]]}},
{"type":"Feature","properties":{"bikenet_hierarchy":"primary","road_hierarchy":"quaternary","length":50.284876403624708},"geometry":{"type":"LineString","coordinates":[[2.3253406,48.8689559],[2.325189,48.8693969]]}},
{"type":"Feature","properties":{"bikenet_hierarchy":"primary","road_hierarchy":"primary","length":189.78418044894673},"geometry":{"type":"LineString","coordinates":[[2.3233484,48.8699684],[2.3234429,48.8696989],[2.32358,48.8695093],[2.3236723,48.8693943],[2.3236987,48.8693596],[2.3237517,48.8693335],[2.3238967,48.8692553],[2.3240837,48.8692109],[2.3243787,48.8692527],[2.3247498,48.8693211],[2.3248051,48.8693312],[2.3249778,48.8693593],[2.325189,48.8693969]]}},
{"type":"Feature","properties":{"bikenet_hierarchy":"secondary","road_hierarchy":"quaternary","length":815.31495179434091},"geometry":{"type":"LineString","coordinates":[[2.3789541,48.8464578],[2.3790847,48.8463682],[2.3804082,48.8455759],[2.3809299,48.8453689],[2.3810129,48.8453347],[2.3811149,48.8452899],[2.3820907,48.8450194],[2.382747,48.8448674],[2.3829124,48.8448235],[2.3830331,48.8447892],[2.3834286,48.8447544],[2.3839227,48.8444174],[2.3839401,48.8444021],[2.3842491,48.8441565],[2.3843653,48.8440595],[2.384507,48.8439309],[2.384835,48.8436644],[2.3852904,48.8432855],[2.3853415,48.8432427],[2.3869707,48.8416955]]}},
{"type":"Feature","properties":{"bikenet_hierarchy":"primary","road_hierarchy":"secondary","length":166.58714364096437},"geometry":{"type":"LineString","coordinates":[[2.3482331,48.858543],[2.3481964,48.8584753],[2.3478438,48.8578486],[2.3472924,48.857184]]}},
{"type":"Feature","properties":{"bikenet_hierarchy":"primary","road_hierarchy":"secondary","length":230.10024981397981},"geometry":{"type":"LineString","coordinates":[[2.3147001,48.8580396],[2.3151979,48.8578579],[2.3151196,48.8570602],[2.3150905,48.8567765],[2.3150381,48.856279],[2.3150233,48.856168]]}},
{"type":"Feature","properties":{"bikenet_hierarchy":"secondary","road_hierarchy":"primary","length":598.65434737286898},"geometry":{"type":"LineString","coordinates":[[2.301606,48.8643535],[2.3009175,48.8647096],[2.2998663,48.8649928],[2.2997242,48.8649854],[2.2990615,48.8649498],[2.2989438,48.8649407],[2.2972607,48.8648536],[2.2969462,48.8648368],[2.2966183,48.8648193],[2.2959947,48.864786],[2.2956645,48.8647684],[2.2945073,48.8647076],[2.2937434,48.8646295]]}},
{"type":"Feature","properties":{"bikenet_hierarchy":"primary","road_hierarchy":"primary","length":473.32004233920401},"geometry":{"type":"LineString","coordinates":[[2.3655296,48.8474723],[2.3653966,48.8475483],[2.3653582,48.8475691],[2.3649623,48.8481369],[2.3649113,48.8482577],[2.3645688,48.8488396],[2.3645107,48.8489353],[2.3644893,48.8489685],[2.3640178,48.8495342],[2.363907,48.8496314],[2.3633774,48.8500607],[2.3630084,48.8503598],[2.3629103,48.8504375],[2.3622352,48.8510194],[2.36225,48.8510716]]}},
{"type":"Feature","properties":{"bikenet_hierarchy":"primary","road_hierarchy":"primary","length":294.44008857732399},"geometry":{"type":"LineString","coordinates":[[2.3690863,48.8532196],[2.3673524,48.8526154],[2.3670578,48.8525252],[2.3668395,48.8524602],[2.3666589,48.8524037],[2.3662856,48.8522925],[2.3661048,48.8522386],[2.3659486,48.8521921],[2.3655421,48.8520711],[2.3654854,48.8520542]]}},
{"type":"Feature","properties":{"bikenet_hierarchy":"primary","road_hierarchy":"tertiary","length":573.46681475197079},"geometry":{"type":"LineString","coordinates":[[2.3716585,48.8580393],[2.3715949,48.8578847],[2.3712536,48.8571325],[2.3712172,48.8570516],[2.3709571,48.8564548],[2.3709025,48.8563366],[2.370871,48.8562661],[2.3705278,48.8555353],[2.3704872,48.855449],[2.3704429,48.8553555],[2.3703502,48.855163],[2.370292,48.8550324],[2.3696863,48.8536792],[2.3690863,48.8532196]]}},
{"type":"Feature","properties":{"bikenet_hierarchy":"primary","road_hierarchy":"secondary","length":702.60433962724881},"geometry":{"type":"LineString","coordinates":[[2.3655296,48.8474723],[2.3656486,48.8475372],[2.3665202,48.8492453],[2.36656,48.8493329],[2.3665877,48.849394],[2.3672854,48.8508902],[2.3673233,48.8509716],[2.3676404,48.8516523],[2.3676635,48.8517025],[2.3681512,48.8526403],[2.3682849,48.8527763],[2.3690863,48.8532196]]}},
{"type":"Feature","properties":{"bikenet_hierarchy":"primary","road_hierarchy":"secondary","length":777.87259777362078},"geometry":{"type":"LineString","coordinates":[[2.3668468,48.8464299],[2.3669337,48.8465082],[2.3675963,48.847914],[2.3676438,48.8480159],[2.3676824,48.848104],[2.3679988,48.8487894],[2.3681012,48.8490125],[2.3682517,48.8493437],[2.3685676,48.8500511],[2.3686071,48.8501362],[2.3687414,48.8504303],[2.3690863,48.8532196]]}},
{"type":"Feature","properties":{"bikenet_hierarchy":"secondary","road_hierarchy":"tertiary","length":294.27010854602679},"geometry":{"type":"LineString","coordinates":[[2.3667404,48.8631027],[2.36657,48.863015],[2.3635946,48.8614611]]}},
{"type":"Feature","properties":{"bikenet_hierarchy":"secondary","road_hierarchy":"secondary","length":280.34505440687462},"geometry":{"type":"LineString","coordinates":[[2.3596902,48.8646724],[2.3595015,48.864705],[2.3583272,48.8649625],[2.3582579,48.8649787],[2.3572164,48.8652093],[2.3567266,48.8653162],[2.3566011,48.865344],[2.3563957,48.8653898],[2.3561665,48.8654414],[2.3560623,48.8654632]]}},
{"type":"Feature","properties":{"bikenet_hierarchy":"primary","road_hierarchy":"tertiary","length":350.57804636066862},"geometry":{"type":"LineString","coordinates":[[2.3515433,48.8644389],[2.3517362,48.8644824],[2.352048,48.8645581],[2.3533625,48.864854],[2.3535431,48.8648941],[2.3544392,48.8650972],[2.3545705,48.8651263],[2.3554477,48.8653324],[2.3560623,48.8654632]]}},
{"type":"Feature","properties":{"bikenet_hierarchy":"primary","road_hierarchy":"secondary","length":425.9836608817032},"geometry":{"type":"LineString","coordinates":[[2.3615419,48.8667295],[2.3604358,48.866466],[2.360296,48.8664388],[2.3598087,48.8663266],[2.3582558,48.8659637],[2.3580911,48.8659249],[2.3575338,48.8657981],[2.3574373,48.8657759],[2.3570654,48.8656931],[2.3568813,48.8656544],[2.3567725,48.865631],[2.356392,48.865541],[2.3561675,48.8654869],[2.3560623,48.8654632]]}},
{"type":"Feature","properties":{"bikenet_hierarchy":"secondary","road_hierarchy":"tertiary","length":161.55650167049535},"geometry":{"type":"LineString","coordinates":[[2.3855547,48.8830059],[2.3853971,48.8831469],[2.3843473,48.8841091],[2.3842587,48.8841805]]}},
{"type":"Feature","properties":{"bikenet_hierarchy":"secondary","road_hierarchy":"tertiary","length":115.96697977673709},"geometry":{"type":"LineString","coordinates":[[2.383273,48.8849907],[2.383333,48.88494],[2.3841434,48.8842336],[2.3842587,48.8841805]]}},
{"type":"Feature","properties":{"bikenet_hierarchy":"primary","road_hierarchy":"primary","length":288.20003119440162},"geometry":{"type":"LineString","coordinates":[[2.31254,48.8808513],[2.3128058,48.8808837],[2.312856,48.8808899],[2.3140432,48.8810292],[2.314926,48.881133],[2.3152015,48.8811667],[2.315337,48.8811833],[2.3154706,48.8811979],[2.316377,48.8813903]]}},
{"type":"Feature","properties":{"bikenet_hierarchy":"primary","road_hierarchy":"quaternary","length":353.39887732333341},"geometry":{"type":"LineString","coordinates":[[2.3272268,48.8836164],[2.3271703,48.8832321],[2.327085,48.881351],[2.3270821,48.8812695],[2.3270669,48.880903],[2.327062,48.880807],[2.3270443,48.8805367],[2.3270422,48.8804415]]}},
{"type":"Feature","properties":{"bikenet_hierarchy":"primary","road_hierarchy":"primary","length":226.36970202859922},"geometry":{"type":"LineString","coordinates":[[2.329653,48.8846418],[2.3290891,48.8846468],[2.3283009,48.8839463],[2.3277521,48.8837089],[2.3272268,48.8836164]]}},
{"type":"Feature","properties":{"bikenet_hierarchy":"primary","road_hierarchy":"primary","length":1076.3809556050589},"geometry":{"type":"LineString","coordinates":[[2.3274004,48.8930045],[2.3273644,48.8929189],[2.3269331,48.8917008],[2.3269122,48.8916195],[2.3268169,48.8913391],[2.3267902,48.891258],[2.3266229,48.89075],[2.3265942,48.8906625],[2.3265735,48.8905997],[2.3265568,48.890549],[2.3265276,48.8904603],[2.3262943,48.8897519],[2.3262465,48.8896067],[2.3262066,48.8894856],[2.3259333,48.8886553],[2.3258944,48.8885372],[2.3258288,48.8883382],[2.3257377,48.8880614],[2.3256111,48.8876769],[2.3255533,48.8875012],[2.3256027,48.8873694],[2.3257016,48.8871536],[2.3258496,48.8868369],[2.3258879,48.8867474],[2.3259493,48.8865978],[2.3259614,48.8865662],[2.3260986,48.8862797],[2.3262509,48.8859337],[2.326316,48.8857925],[2.326348,48.8857227],[2.3265853,48.8852257],[2.32664,48.8851446],[2.3266889,48.8850362],[2.3267309,48.8849361],[2.3269302,48.8845404],[2.3269495,48.8844981],[2.3272268,48.8836164]]}},
{"type":"Feature","properties":{"bikenet_hierarchy":"secondary","road_hierarchy":"primary","length":188.83313848950121},"geometry":{"type":"LineString","coordinates":[[2.2654044,48.8626141],[2.2673419,48.8637319]]}},
{"type":"Feature","properties":{"bikenet_hierarchy":"primary","road_hierarchy":"primary","length":749.01634036640178},"geometry":{"type":"LineString","coordinates":[[2.2721948,48.8696574],[2.2717901,48.8691582],[2.2703543,48.8674701],[2.2699654,48.8670183],[2.2673419,48.8637319]]}},
{"type":"Feature","properties":{"bikenet_hierarchy":"primary","road_hierarchy":"secondary","length":156.50695783219933},"geometry":{"type":"LineString","coordinates":[[2.3269246,48.8741823],[2.3269056,48.8742582],[2.3267713,48.8748291],[2.326646,48.875299],[2.3265939,48.8755725]]}},
{"type":"Feature","properties":{"bikenet_hierarchy":"primary","road_hierarchy":"primary","length":542.173047106186},"geometry":{"type":"LineString","coordinates":[[2.2745382,48.8470941],[2.2748537,48.8472772],[2.275203,48.8477216],[2.2755078,48.8480393],[2.2759505,48.8484923],[2.2790664,48.8509214]]}},
{"type":"Feature","properties":{"bikenet_hierarchy":"primary","road_hierarchy":"primary","length":852.27995876658883},"geometry":{"type":"LineString","coordinates":[[2.2867276,48.8566741],[2.2852621,48.8554638],[2.2829607,48.8537773],[2.2821111,48.8531743],[2.2814427,48.8527668],[2.2790664,48.8509214]]}},
{"type":"Feature","properties":{"bikenet_hierarchy":"secondary","road_hierarchy":"tertiary","length":311.01589687911036},"geometry":{"type":"LineString","coordinates":[[2.3786357,48.8603111],[2.3786908,48.8602429],[2.3794213,48.8592418],[2.3794926,48.8591522],[2.3795564,48.8590672],[2.3799825,48.858478],[2.3800503,48.8583808],[2.3802976,48.8580642],[2.3803171,48.8577681]]}},
{"type":"Feature","properties":{"bikenet_hierarchy":"primary","road_hierarchy":"primary","length":320.02851060656474},"geometry":{"type":"LineString","coordinates":[[2.3200389,48.8746485],[2.3192528,48.8747999],[2.3184838,48.8749058],[2.3183747,48.8749217],[2.3166101,48.8751458],[2.3163469,48.8751913],[2.3159253,48.8752744],[2.3157936,48.8753008]]}},
{"type":"Feature","properties":{"bikenet_hierarchy":"secondary","road_hierarchy":"quaternary","length":714.31026332872659},"geometry":{"type":"LineString","coordinates":[[2.3874768,48.8629727],[2.3867945,48.8627221],[2.3860347,48.8625154],[2.3855171,48.8623778],[2.385392,48.8623432],[2.3852205,48.8623021],[2.3851342,48.8622856],[2.3845377,48.862163],[2.3842257,48.8621018],[2.3840962,48.8620764],[2.3834277,48.8618608],[2.3833633,48.8618389],[2.3826752,48.8616023],[2.3825816,48.8615702],[2.3824612,48.8615306],[2.381233,48.8611258],[2.3811478,48.8611032],[2.3810545,48.8610711],[2.3805423,48.8609055],[2.3803974,48.8608609],[2.3800049,48.8607377],[2.3798581,48.8606913],[2.3787939,48.8603623],[2.3786357,48.8603111]]}},
{"type":"Feature","properties":{"bikenet_hierarchy":"primary","road_hierarchy":"tertiary","length":486.42371731045131},"geometry":{"type":"LineString","coordinates":[[2.3725767,48.8622984],[2.3726314,48.8621872],[2.3726694,48.8621068],[2.3726834,48.8620747],[2.3727462,48.8619114],[2.3726925,48.860348],[2.3726196,48.8601714],[2.3725734,48.8600659],[2.3717285,48.8581869],[2.3716585,48.8580393]]}},
{"type":"Feature","properties":{"bikenet_hierarchy":"secondary","road_hierarchy":"quaternary","length":345.64880010751966},"geometry":{"type":"LineString","coordinates":[[2.264134,48.8479827],[2.2639353,48.8477033],[2.2619793,48.8453151],[2.2619205,48.8452396]]}},
{"type":"Feature","properties":{"bikenet_hierarchy":"secondary","road_hierarchy":"quaternary","length":264.04396064281116},"geometry":{"type":"LineString","coordinates":[[2.2602036,48.8431532],[2.2602912,48.8432688],[2.2618405,48.8451526],[2.2619205,48.8452396]]}},
{"type":"Feature","properties":{"bikenet_hierarchy":"primary","road_hierarchy":"secondary","length":266.42262490549859},"geometry":{"type":"LineString","coordinates":[[2.311115,48.845109],[2.3111718,48.845035],[2.3114748,48.8446426],[2.3115386,48.8445577],[2.3117501,48.8442922],[2.3121636,48.8437795],[2.3122514,48.8436707],[2.312517,48.8433415],[2.3127292,48.8430785],[2.3127708,48.8430269],[2.3128002,48.8429871]]}},
{"type":"Feature","properties":{"bikenet_hierarchy":"primary","road_hierarchy":"secondary","length":690.80449322672325},"geometry":{"type":"LineString","coordinates":[[2.304262,48.8403778],[2.3043744,48.8404108],[2.3048885,48.8405711],[2.3050711,48.840645],[2.3054536,48.8407603],[2.3058929,48.8408896],[2.3059953,48.8409207],[2.3064894,48.8410557],[2.3066782,48.8411072],[2.30676,48.8411317],[2.3072001,48.8412593],[2.3078491,48.8414541],[2.3079317,48.8414778],[2.3080907,48.8415268],[2.3091474,48.841855],[2.3092584,48.8418894],[2.3104523,48.8422598],[2.3105739,48.8422975],[2.3109628,48.8424181],[2.3110668,48.8424504],[2.311624,48.8426233],[2.3117015,48.8426473],[2.3122655,48.8428144],[2.3123472,48.8428428],[2.3124837,48.8428865],[2.3127133,48.8429604],[2.3128002,48.8429871]]}},
{"type":"Feature","properties":{"bikenet_hierarchy":"primary","road_hierarchy":"secondary","length":193.36542106399264},"geometry":{"type":"LineString","coordinates":[[2.3151948,48.8437119],[2.3151073,48.843686],[2.3146651,48.8435548],[2.3145868,48.8435307],[2.3140583,48.8433651],[2.3136653,48.8432461],[2.3135842,48.8432229],[2.3129206,48.8430214],[2.3128002,48.8429871]]}},
{"type":"Feature","properties":{"bikenet_hierarchy":"primary","road_hierarchy":"primary","length":763.36479570147355},"geometry":{"type":"LineString","coordinates":[[2.3445831,48.8194899],[2.3478236,48.8201683],[2.3479885,48.8202122],[2.348178,48.8202644],[2.3492462,48.8205616],[2.3492816,48.8205716],[2.3494722,48.8206231],[2.3497118,48.8206898],[2.3505595,48.8209189],[2.3506899,48.8209547],[2.3507858,48.8209779],[2.3510183,48.8209992],[2.3510565,48.8210013],[2.3513118,48.8210378],[2.3541837,48.8210433],[2.3545602,48.8209934]]}},
{"type":"Feature","properties":{"bikenet_hierarchy":"primary","road_hierarchy":"primary","length":354.75633846405816},"geometry":{"type":"LineString","coordinates":[[2.2778072,48.8361159],[2.2745449,48.8368732],[2.2743471,48.836927],[2.2742142,48.8369645],[2.2740975,48.8369992],[2.2733014,48.8372591]]}},
{"type":"Feature","properties":{"bikenet_hierarchy":"primary","road_hierarchy":"quaternary","length":283.74024973350686},"geometry":{"type":"LineString","coordinates":[[2.3676207,48.8688224],[2.3677481,48.8688742],[2.3679342,48.8689498],[2.3693541,48.8694654],[2.3694215,48.8694886],[2.36997,48.8696718],[2.3700576,48.8697011],[2.3709231,48.8699671],[2.3710483,48.8700004]]}},
{"type":"Feature","properties":{"bikenet_hierarchy":"primary","road_hierarchy":"quaternary","length":264.01287090024829},"geometry":{"type":"LineString","coordinates":[[2.3397096,48.8388881],[2.3396546,48.8388062],[2.3395875,48.8387062],[2.3393438,48.838342],[2.3391028,48.8380121],[2.3390214,48.8379003],[2.3389001,48.8377141],[2.3388552,48.8376457],[2.3386966,48.8373864],[2.3383129,48.8367799],[2.3382689,48.8367133]]}},
{"type":"Feature","properties":{"bikenet_hierarchy":"primary","road_hierarchy":"primary","length":405.03214027237311},"geometry":{"type":"LineString","coordinates":[[2.3392213,48.8203046],[2.341462,48.8198333],[2.3445831,48.8194899]]}},
{"type":"Feature","properties":{"bikenet_hierarchy":"secondary","road_hierarchy":"tertiary","length":268.71341068975335},"geometry":{"type":"LineString","coordinates":[[2.3430028,48.8215577],[2.3429802,48.8210416],[2.343303,48.8208138],[2.3437652,48.8204659],[2.3438258,48.8204011],[2.3439355,48.8202751],[2.3441309,48.8200606],[2.3441627,48.8200264],[2.3443847,48.8197753],[2.3445664,48.8195894],[2.3445866,48.8195421],[2.3445831,48.8194899]]}},
{"type":"Feature","properties":{"bikenet_hierarchy":"primary","road_hierarchy":"primary","length":834.54454051651783},"geometry":{"type":"LineString","coordinates":[[2.3439822,48.8980382],[2.3445134,48.8977867],[2.344702,48.8975494],[2.3448383,48.8973802],[2.345662,48.8964152],[2.3459487,48.8960748],[2.3463293,48.8956182],[2.3463631,48.8955778],[2.3465173,48.8953886],[2.3465922,48.8952957],[2.3469414,48.8948759],[2.3470996,48.8946836],[2.3472306,48.894524],[2.3473421,48.8943849],[2.3473723,48.8943472],[2.347779,48.89387],[2.3479475,48.8936558],[2.3480564,48.8935307],[2.3480881,48.8934943],[2.348693,48.8927849],[2.3488082,48.8926537],[2.3490444,48.8923624],[2.3490996,48.892293],[2.349262,48.892102],[2.349517,48.8918013],[2.349577,48.8916826],[2.3496036,48.8915703]]}},
{"type":"Feature","properties":{"bikenet_hierarchy":"primary","road_hierarchy":"primary","length":118.36381660682366},"geometry":{"type":"LineString","coordinates":[[2.3495966,48.8905059],[2.3495961,48.8906057],[2.3496024,48.891359],[2.3496036,48.8915703]]}},
{"type":"Feature","properties":{"bikenet_hierarchy":"primary","road_hierarchy":"primary","length":547.56717674402512},"geometry":{"type":"LineString","coordinates":[[2.3255843,48.823027],[2.3255848,48.8234486],[2.3256776,48.8238483],[2.3256899,48.8238967],[2.3257108,48.8239781],[2.3257459,48.8241147],[2.3258275,48.8244328],[2.3258621,48.8245729],[2.3259044,48.8247504],[2.3259428,48.8249008],[2.326118,48.8255839],[2.3261531,48.8257183],[2.3264231,48.8267054],[2.3264581,48.8268089],[2.3264964,48.8269198],[2.3267104,48.8275552],[2.3268388,48.8278722]]}},
{"type":"Feature","properties":{"bikenet_hierarchy":"primary","road_hierarchy":"primary","length":298.84671321047369},"geometry":{"type":"LineString","coordinates":[[2.4047861,48.8646694],[2.4054598,48.8646436],[2.4056007,48.8646382],[2.4058698,48.8646279],[2.406161,48.8646167],[2.4071334,48.8645794],[2.4072487,48.8645749],[2.4083238,48.8645458],[2.4088495,48.8644984]]}},
{"type":"Feature","properties":{"bikenet_hierarchy":"primary","road_hierarchy":"primary","length":929.8557606676452},"geometry":{"type":"LineString","coordinates":[[2.4086339,48.8728382],[2.4086473,48.8727584],[2.4087108,48.8723332],[2.4087595,48.8721016],[2.4087801,48.8719431],[2.4088364,48.8715083],[2.4089288,48.8707],[2.4089443,48.870591],[2.4089502,48.8704337],[2.4089698,48.8698095],[2.4090342,48.869214],[2.4090477,48.8690984],[2.4091291,48.8680585],[2.4091543,48.8679397],[2.409145,48.8677989],[2.4090911,48.8672396],[2.4090377,48.8670655],[2.4089819,48.8663519],[2.4088804,48.8648016],[2.4088495,48.8644984]]}},
{"type":"Feature","properties":{"bikenet_hierarchy":"primary","road_hierarchy":"primary","length":969.33784906205256},"geometry":{"type":"LineString","coordinates":[[2.2676367,48.8396621],[2.2727753,48.8451898],[2.2745382,48.8470941]]}},
{"type":"Feature","properties":{"bikenet_hierarchy":"secondary","road_hierarchy":"secondary","length":211.33692417832182},"geometry":{"type":"LineString","coordinates":[[2.2769661,48.8460724],[2.2768361,48.8461317],[2.2766374,48.8462147],[2.2745382,48.8470941]]}},
{"type":"Feature","properties":{"bikenet_hierarchy":"primary","road_hierarchy":"secondary","length":266.86499366427864},"geometry":{"type":"LineString","coordinates":[[2.3657877,48.8816108],[2.3653557,48.8814835],[2.3649154,48.8813604],[2.3647882,48.8813213],[2.3647367,48.8813073],[2.3646378,48.8812797],[2.3627105,48.8807682],[2.362561,48.8807292],[2.3624256,48.8806939]]}},
{"type":"Feature","properties":{"bikenet_hierarchy":"primary","road_hierarchy":"quaternary","length":454.81748773274217},"geometry":{"type":"LineString","coordinates":[[2.3648038,48.8844652],[2.3642975,48.8837865],[2.3642336,48.8836873],[2.363867,48.8831547],[2.3638124,48.8830657],[2.3632745,48.8822432],[2.363215,48.8821731],[2.3630516,48.8818179],[2.362868,48.881504],[2.3626803,48.8811769],[2.362513,48.8808437],[2.3624256,48.8806939]]}},
{"type":"Feature","properties":{"bikenet_hierarchy":"secondary","road_hierarchy":"quaternary","length":76.50163567138344},"geometry":{"type":"LineString","coordinates":[[2.3732318,48.8812558],[2.3738777,48.881796]]}},
{"type":"Feature","properties":{"bikenet_hierarchy":"secondary","road_hierarchy":"secondary","length":342.45165387079436},"geometry":{"type":"LineString","coordinates":[[2.3742541,48.878409],[2.3742861,48.8785301],[2.3743483,48.8788867],[2.3743839,48.8792851],[2.3743736,48.8795726],[2.3743683,48.8796451],[2.3743535,48.8797706],[2.3741569,48.880409],[2.3740339,48.8806059],[2.3738404,48.8808501],[2.3733308,48.8812126],[2.3732318,48.8812558]]}},
{"type":"Feature","properties":{"bikenet_hierarchy":"secondary","road_hierarchy":"quaternary","length":282.75594238024996},"geometry":{"type":"LineString","coordinates":[[2.3713347,48.8790526],[2.372178,48.8799101],[2.3722121,48.8799478],[2.3727903,48.8806172],[2.3728116,48.8806736],[2.3728694,48.880807],[2.373148,48.8811785],[2.3732318,48.8812558]]}},
{"type":"Feature","properties":{"bikenet_hierarchy":"secondary","road_hierarchy":"secondary","length":281.08350080092418},"geometry":{"type":"LineString","coordinates":[[2.3700464,48.8826611],[2.3721553,48.8817163],[2.3723258,48.8816421],[2.3731263,48.881298],[2.3732318,48.8812558]]}},
{"type":"Feature","properties":{"bikenet_hierarchy":"secondary","road_hierarchy":"quaternary","length":171.71072102868416},"geometry":{"type":"LineString","coordinates":[[2.3756503,48.882802],[2.3754845,48.8827194],[2.3750673,48.8824936],[2.3745156,48.8821993],[2.3744371,48.882159],[2.3738777,48.881796]]}},
{"type":"Feature","properties":{"bikenet_hierarchy":"secondary","road_hierarchy":"tertiary","length":250.81742136795083},"geometry":{"type":"LineString","coordinates":[[2.3958606,48.8882821],[2.3956944,48.888237],[2.3953825,48.8880605],[2.3951424,48.8877825],[2.3947458,48.8873277],[2.3944607,48.8870042],[2.3943012,48.8868168],[2.3941351,48.8866422],[2.3939571,48.8864488]]}},
{"type":"Feature","properties":{"bikenet_hierarchy":"secondary","road_hierarchy":"quaternary","length":1049.9830813905839},"geometry":{"type":"LineString","coordinates":[[2.3796716,48.8763188],[2.3782758,48.8779174],[2.3782657,48.8780227],[2.3782584,48.8780986],[2.3783395,48.8785802],[2.3783691,48.8786618],[2.3784426,48.8787696],[2.3786215,48.8790995],[2.3795585,48.8803345],[2.3796165,48.8804083],[2.3806509,48.8813566],[2.3807175,48.8814131],[2.3810614,48.8816864],[2.381712,48.8821275],[2.3819455,48.882249],[2.3821616,48.8823266],[2.382638,48.882481],[2.3828387,48.8825382],[2.3852612,48.8829658],[2.3853522,48.8829751],[2.3855547,48.8830059]]}},
{"type":"Feature","properties":{"bikenet_hierarchy":"secondary","road_hierarchy":"secondary","length":582.41641562332666},"geometry":{"type":"LineString","coordinates":[[2.3742541,48.878409],[2.3742334,48.8783174],[2.3741111,48.8779013],[2.3740943,48.8778429],[2.3740783,48.8777729],[2.3741784,48.877158],[2.374219,48.8770936],[2.3744158,48.8768592],[2.3744679,48.8768128],[2.3748173,48.8765939],[2.3760497,48.8763433],[2.3765952,48.8764102],[2.3768709,48.8764414],[2.377099,48.876456],[2.3780506,48.876463],[2.3782006,48.8764555],[2.3795073,48.8763329],[2.3796716,48.8763188]]}},
{"type":"Feature","properties":{"bikenet_hierarchy":"secondary","road_hierarchy":"quaternary","length":338.02829783193619},"geometry":{"type":"LineString","coordinates":[[2.4086339,48.8728382],[2.4083823,48.8728224],[2.4082925,48.8728166],[2.4080292,48.8727595],[2.4061645,48.8722196],[2.4059699,48.8721636],[2.4059225,48.87215],[2.4045075,48.8717368],[2.4043688,48.8717235]]}},
{"type":"Feature","properties":{"bikenet_hierarchy":"secondary","road_hierarchy":"secondary","length":873.11479186139252},"geometry":{"type":"LineString","coordinates":[[2.3984735,48.8649052],[2.3986724,48.8651371],[2.3987278,48.8652011],[2.3989183,48.8653979],[2.3990695,48.8655649],[2.3993431,48.8658904],[2.3995625,48.8661539],[2.3996257,48.866233],[2.3998115,48.8664411],[2.3998851,48.8665197],[2.3999631,48.8665978],[2.4004368,48.8671672],[2.4007115,48.8674787],[2.4008476,48.8676419],[2.4013483,48.8682184],[2.4014206,48.8683061],[2.4015273,48.8684219],[2.4019927,48.8689509],[2.4020658,48.8690335],[2.4025603,48.8695981],[2.4026394,48.8696895],[2.4028003,48.8698744],[2.4030663,48.8701802],[2.4038564,48.8710885],[2.4039617,48.8712096],[2.4040599,48.8713206],[2.4042342,48.8715224],[2.4043228,48.8716554],[2.4043688,48.8717235]]}},
{"type":"Feature","properties":{"bikenet_hierarchy":"secondary","road_hierarchy":"secondary","length":267.29952594793809},"geometry":{"type":"LineString","coordinates":[[2.3615419,48.8667295],[2.361135,48.8660723],[2.3609411,48.8658879],[2.3608948,48.8658418],[2.3608264,48.8657746],[2.360439,48.8653993],[2.3602308,48.8651867],[2.3598057,48.8647738],[2.3596902,48.8646724]]}},
{"type":"Feature","properties":{"bikenet_hierarchy":"primary","road_hierarchy":"quaternary","length":1179.2749214304881},"geometry":{"type":"LineString","coordinates":[[2.3700464,48.8826611],[2.3681063,48.8795699],[2.3680526,48.8795072],[2.3657509,48.8772545],[2.365651,48.8771453],[2.3648819,48.8762542],[2.3646286,48.8759695],[2.3642464,48.8755408],[2.3635398,48.8740589],[2.3636326,48.8739331],[2.3641428,48.8732815],[2.3641902,48.873226]]}},
{"type":"Feature","properties":{"bikenet_hierarchy":"primary","road_hierarchy":"quaternary","length":550.57089865515752},"geometry":{"type":"LineString","coordinates":[[2.3676207,48.8688224],[2.3675256,48.8689458],[2.3667823,48.8698928],[2.3663405,48.8704692],[2.3659874,48.8709291],[2.3659208,48.871015],[2.3658752,48.8710763],[2.3653832,48.8716924],[2.3653116,48.8717862],[2.3649927,48.8721957],[2.3645808,48.8727245],[2.3641902,48.873226]]}},
{"type":"Feature","properties":{"bikenet_hierarchy":"primary","road_hierarchy":"primary","length":348.3677570240759},"geometry":{"type":"LineString","coordinates":[[2.3542978,48.8693188],[2.3543838,48.8694703],[2.3549565,48.8705197],[2.3549955,48.8705922],[2.355038,48.8706685],[2.3552372,48.8710254],[2.3552759,48.8710947],[2.3556203,48.8717118],[2.3558903,48.8721956],[2.3559271,48.8722614]]}},
{"type":"Feature","properties":{"bikenet_hierarchy":"secondary","road_hierarchy":"quaternary","length":612.88218642599679},"geometry":{"type":"LineString","coordinates":[[2.3625752,48.8689409],[2.3617435,48.8693116],[2.3608218,48.8698133],[2.3607266,48.8698647],[2.360608,48.8699293],[2.3600501,48.8702331],[2.3595534,48.8705005],[2.3594914,48.8705348],[2.3594198,48.8705728],[2.3588573,48.8708592],[2.3587927,48.8708931],[2.3582449,48.8711991],[2.3581712,48.8712403],[2.3578893,48.8714013],[2.3578365,48.8714322],[2.3572321,48.8717447],[2.3571452,48.8717748],[2.3570435,48.8718056],[2.3560531,48.872213],[2.3559271,48.8722614]]}},
{"type":"Feature","properties":{"bikenet_hierarchy":"secondary","road_hierarchy":"quaternary","length":625.55948171098453},"geometry":{"type":"LineString","coordinates":[[2.3479115,48.8740226],[2.3480448,48.8740128],[2.3504036,48.8738423],[2.3559271,48.8722614]]}},
{"type":"Feature","properties":{"bikenet_hierarchy":"secondary","road_hierarchy":"quaternary","length":407.61011797565152},"geometry":{"type":"LineString","coordinates":[[2.3423548,48.8740484],[2.3424836,48.8740459],[2.3442656,48.8740367],[2.3447448,48.8740358],[2.3448957,48.8740354],[2.3450201,48.8740349],[2.3452234,48.8740341],[2.3453266,48.8740337],[2.3454081,48.8740336],[2.3464302,48.8740297],[2.3465179,48.8740294],[2.3469919,48.8740269],[2.3472723,48.8740278],[2.3478145,48.8740234],[2.3479115,48.8740226]]}},
{"type":"Feature","properties":{"bikenet_hierarchy":"secondary","road_hierarchy":"quaternary","length":357.99406465423687},"geometry":{"type":"LineString","coordinates":[[2.3423548,48.8740484],[2.3422299,48.8740513],[2.3408213,48.8740799],[2.3407263,48.8740824],[2.3406358,48.8740848],[2.3398284,48.874105],[2.339759,48.8741082],[2.3396499,48.8741113],[2.3392197,48.8741239],[2.3390091,48.8741298],[2.3381763,48.8741497],[2.3374774,48.8741607]]}},
{"type":"Feature","properties":{"bikenet_hierarchy":"primary","road_hierarchy":"secondary","length":279.39828765066363},"geometry":{"type":"LineString","coordinates":[[2.3410134,48.8750946],[2.3408645,48.8750543],[2.3407685,48.8750291],[2.3405482,48.8749713],[2.3402896,48.8749034],[2.3397892,48.8747721],[2.339653,48.8747368],[2.3393436,48.8746592],[2.3391704,48.8746106],[2.3383028,48.8743831],[2.3381496,48.8743413],[2.3380465,48.8743125],[2.3376023,48.8741941],[2.3374774,48.8741607]]}},
{"type":"Feature","properties":{"bikenet_hierarchy":"primary","road_hierarchy":"secondary","length":626.65191421762381},"geometry":{"type":"LineString","coordinates":[[2.3410134,48.8750946],[2.3411427,48.8751312],[2.3415066,48.8752261],[2.3416876,48.8752728],[2.3424153,48.8754674],[2.342717,48.8755467],[2.3429918,48.8756216],[2.3431438,48.8756596],[2.3434517,48.8757366],[2.3436186,48.8757784],[2.3436988,48.8757984],[2.3439191,48.8758527],[2.3445309,48.8760136],[2.3448868,48.8760968],[2.3454548,48.8762448],[2.3455746,48.8762768],[2.3459997,48.8763886],[2.3461845,48.8764347],[2.3466109,48.8765429],[2.3467874,48.8765896],[2.3471857,48.8766973],[2.3473087,48.8767302],[2.347431,48.8767612],[2.3487928,48.8771254],[2.3489568,48.8771681]]}},
{"type":"Feature","properties":{"bikenet_hierarchy":"primary","road_hierarchy":"primary","length":398.04705680843853},"geometry":{"type":"LineString","coordinates":[[2.3593856,48.8842935],[2.3645232,48.8844836],[2.3646963,48.8844719],[2.3648038,48.8844652]]}},
{"type":"Feature","properties":{"bikenet_hierarchy":"primary","road_hierarchy":"primary","length":281.47251348281304},"geometry":{"type":"LineString","coordinates":[[2.3686164,48.8841815],[2.3684609,48.8842044],[2.3667834,48.8843403],[2.3649794,48.8844534],[2.3648038,48.8844652]]}},
{"type":"Feature","properties":{"bikenet_hierarchy":"primary","road_hierarchy":"tertiary","length":634.61616879063945},"geometry":{"type":"LineString","coordinates":[[2.3681174,48.889688],[2.368083,48.8896539],[2.3680447,48.8896062],[2.367699,48.8889094],[2.3675539,48.8885941],[2.3675134,48.8885104],[2.3674212,48.8882808],[2.3670952,48.8874183],[2.3670592,48.8873252],[2.3670148,48.8872331],[2.3668865,48.8869252],[2.3668427,48.8868516],[2.3668088,48.8867944],[2.3665488,48.8863999],[2.3662422,48.8860129],[2.3658707,48.8856185],[2.3658175,48.8855454],[2.3657669,48.8854918],[2.3654976,48.8852062],[2.3648748,48.8845346],[2.3648038,48.8844652]]}},
{"type":"Feature","properties":{"bikenet_hierarchy":"secondary","road_hierarchy":"quaternary","length":410.10940071373278},"geometry":{"type":"LineString","coordinates":[[2.379248,48.8885769],[2.3760416,48.8880292],[2.3742385,48.888335],[2.3738691,48.8884648]]}},
{"type":"Feature","properties":{"bikenet_hierarchy":"primary","road_hierarchy":"primary","length":612.66421000075832},"geometry":{"type":"LineString","coordinates":[[2.3686164,48.8841815],[2.3687881,48.8843208],[2.3689748,48.8844707],[2.3691285,48.8845989],[2.369887,48.8852036],[2.3705098,48.885708],[2.3706416,48.8858084],[2.3707879,48.8859239],[2.3710389,48.886131],[2.3715539,48.8865488],[2.3721333,48.8870478],[2.3724846,48.887338],[2.372735,48.887544],[2.3730198,48.8877785],[2.3731364,48.887871],[2.3731819,48.8879074],[2.3737549,48.8883578],[2.3738691,48.8884648]]}},
{"type":"Feature","properties":{"bikenet_hierarchy":"secondary","road_hierarchy":"tertiary","length":204.11778162085062},"geometry":{"type":"LineString","coordinates":[[2.3713476,48.8892377],[2.3715879,48.8891845],[2.3719306,48.8890846],[2.3724566,48.8889312],[2.3725758,48.8888955],[2.3732438,48.8886864],[2.3733415,48.8886518],[2.3738691,48.8884648]]}},
{"type":"Feature","properties":{"bikenet_hierarchy":"secondary","road_hierarchy":"secondary","length":345.30906189396433},"geometry":{"type":"LineString","coordinates":[[2.311115,48.845109],[2.3112329,48.8451474],[2.3116442,48.8452815],[2.311964,48.8453929],[2.312517,48.8455617],[2.3126329,48.8455971],[2.313382,48.8458265],[2.313558,48.8458808],[2.3138936,48.8459809],[2.3142378,48.8460883],[2.3143354,48.8461185],[2.3153669,48.8464376]]}},
{"type":"Feature","properties":{"bikenet_hierarchy":"secondary","road_hierarchy":"quaternary","length":253.80372461872048},"geometry":{"type":"LineString","coordinates":[[2.3704737,48.8780206],[2.3697301,48.8773851],[2.3696976,48.877351],[2.3685908,48.8762267],[2.3685092,48.8761438]]}},
{"type":"Feature","properties":{"bikenet_hierarchy":"secondary","road_hierarchy":"quaternary","length":130.98952593698058},"geometry":{"type":"LineString","coordinates":[[2.3704737,48.8780206],[2.3713347,48.8790526]]}},
{"type":"Feature","properties":{"bikenet_hierarchy":"primary","road_hierarchy":"primary","length":817.11875285676774},"geometry":{"type":"LineString","coordinates":[[2.3770084,48.8721037],[2.3762196,48.8725629],[2.3761107,48.8726637],[2.3751319,48.8735532],[2.3750557,48.8736186],[2.3750385,48.8736325],[2.3749027,48.8737479],[2.3742565,48.8743087],[2.374193,48.8743644],[2.3741205,48.8744242],[2.3736011,48.87489],[2.3735303,48.8749539],[2.3732219,48.8752168],[2.3731121,48.8753175],[2.3721286,48.8761746],[2.3720363,48.8762543],[2.3704737,48.8780206]]}},
{"type":"Feature","properties":{"bikenet_hierarchy":"primary","road_hierarchy":"primary","length":518.6554431466443},"geometry":{"type":"LineString","coordinates":[[2.3700464,48.8826611],[2.3704,48.8814913],[2.3704033,48.8813948],[2.3704182,48.8807493],[2.3704177,48.8807311],[2.3704178,48.8803605],[2.3704165,48.8799303],[2.3704441,48.8785351],[2.3704737,48.8780206]]}},
{"type":"Feature","properties":{"bikenet_hierarchy":"primary","road_hierarchy":"primary","length":365.57472721985806},"geometry":{"type":"LineString","coordinates":[[2.3255843,48.823027],[2.3257718,48.8229847],[2.3265969,48.8227929],[2.3267854,48.8227844],[2.327953,48.8226417],[2.3289317,48.8224136],[2.3291395,48.8223821],[2.3303979,48.8222335]]}},
{"type":"Feature","properties":{"bikenet_hierarchy":"primary","road_hierarchy":"primary","length":206.39683706066103},"geometry":{"type":"LineString","coordinates":[[2.3330695,48.8216566],[2.3305807,48.8221923],[2.3303979,48.8222335]]}},
{"type":"Feature","properties":{"bikenet_hierarchy":"primary","road_hierarchy":"secondary","length":1280.9833420967175},"geometry":{"type":"LineString","coordinates":[[2.304262,48.8403778],[2.3027442,48.8399808],[2.3025357,48.8399296],[2.3021857,48.8398413],[2.3019972,48.8397861],[2.3015874,48.8396445],[2.301524,48.83962],[2.3013309,48.839551],[2.3008585,48.8393895],[2.3004276,48.8392434],[2.3003426,48.8392095],[2.3000875,48.8390988],[2.3000119,48.8390657],[2.2993974,48.8387647],[2.2992896,48.8387099],[2.2991891,48.8386568],[2.298562,48.8383344],[2.2984157,48.8382579],[2.297859,48.8379639],[2.297758,48.8379106],[2.2976739,48.8378688],[2.2974244,48.8377321],[2.2973619,48.8376966],[2.2968558,48.8374092],[2.2967653,48.8373633],[2.2964732,48.8372138],[2.2963664,48.8371639],[2.2959008,48.836927],[2.2957886,48.8368713],[2.2952005,48.8366083],[2.2950204,48.8365294],[2.2944605,48.8362837],[2.2943721,48.8362481],[2.2940728,48.8361114],[2.2939812,48.8360768],[2.2938357,48.8360097],[2.2937106,48.8359552],[2.2936213,48.8359095],[2.2927903,48.8354868],[2.2927155,48.8354414],[2.2918113,48.8348927],[2.291729,48.8348392],[2.2905465,48.8341018],[2.2904987,48.8340714],[2.2903151,48.833953],[2.2902177,48.8338911],[2.2900887,48.8338085]]}},
{"type":"Feature","properties":{"bikenet_hierarchy":"primary","road_hierarchy":"primary","length":202.59617131928906},"geometry":{"type":"LineString","coordinates":[[2.3700464,48.8826611],[2.3693383,48.8831366],[2.3689685,48.8835207],[2.3686164,48.8841815]]}},
{"type":"Feature","properties":{"bikenet_hierarchy":"primary","road_hierarchy":"secondary","length":69.444572888879932},"geometry":{"type":"LineString","coordinates":[[2.369142,48.8824833],[2.3697075,48.8825685],[2.3700464,48.8826611]]}},
{"type":"Feature","properties":{"bikenet_hierarchy":"primary","road_hierarchy":"primary","length":963.41095727028164},"geometry":{"type":"LineString","coordinates":[[2.3821616,48.885967],[2.382015,48.8859323],[2.3810071,48.8856692],[2.3799949,48.8854023],[2.3795309,48.8852836],[2.3793668,48.8851697],[2.3791698,48.8851208],[2.3787888,48.8850262],[2.3786265,48.8849875],[2.3771149,48.8845963],[2.376924,48.884545],[2.3760905,48.884324],[2.3758926,48.8842703],[2.3757074,48.8842205],[2.375242,48.8840994],[2.3743083,48.8838492],[2.3735554,48.8836476],[2.3733657,48.8835967],[2.3731852,48.8835494],[2.3714466,48.883094],[2.3709805,48.8829437],[2.3705449,48.8828322],[2.3704023,48.8827846],[2.3700464,48.8826611]]}},
{"type":"Feature","properties":{"bikenet_hierarchy":"primary","road_hierarchy":"quaternary","length":951.57407956769214},"geometry":{"type":"LineString","coordinates":[[2.379248,48.8885769],[2.3771403,48.886521],[2.3770622,48.8864799],[2.3765201,48.886213],[2.3755687,48.8857408],[2.3754368,48.8856753],[2.3741846,48.8850539],[2.3741067,48.8850152],[2.3736498,48.8847864],[2.3733937,48.8846592],[2.3728752,48.8844016],[2.372441,48.8841853],[2.3700464,48.8826611]]}},
{"type":"Feature","properties":{"bikenet_hierarchy":"primary","road_hierarchy":"primary","length":544.45496171631294},"geometry":{"type":"LineString","coordinates":[[2.3874768,48.8629727],[2.3872416,48.8632036],[2.3862127,48.864097],[2.3861398,48.8641627],[2.386076,48.8642253],[2.3856851,48.8645599],[2.3850128,48.8651526],[2.3849576,48.8652002],[2.3848456,48.8652973],[2.3836628,48.8663659],[2.3833537,48.8670053]]}},
{"type":"Feature","properties":{"bikenet_hierarchy":"primary","road_hierarchy":"primary","length":734.30661962483691},"geometry":{"type":"LineString","coordinates":[[2.3770084,48.8721037],[2.3771153,48.8720008],[2.3772356,48.8718843],[2.3776654,48.8714724],[2.3777514,48.8713867],[2.3783319,48.8708763],[2.3792445,48.8701584],[2.3793172,48.8701026],[2.3793919,48.8700428],[2.3796505,48.8698435],[2.3799936,48.8695739],[2.3800968,48.8694919],[2.3805711,48.8691179],[2.3806526,48.8690531],[2.3807017,48.8690046],[2.3807671,48.8689466],[2.3828715,48.8674056],[2.3833537,48.8670053]]}},
{"type":"Feature","properties":{"bikenet_hierarchy":"primary","road_hierarchy":"primary","length":405.891536992206},"geometry":{"type":"LineString","coordinates":[[2.336172,48.8333259],[2.3412729,48.8319178]]}},
{"type":"Feature","properties":{"bikenet_hierarchy":"primary","road_hierarchy":"primary","length":941.24432399934221},"geometry":{"type":"LineString","coordinates":[[2.3003607,48.8286924],[2.2997924,48.8288476],[2.2991035,48.8289903],[2.2989501,48.8290201],[2.2987906,48.8290553],[2.297146,48.8294284],[2.2959859,48.8296572],[2.2957325,48.8297236],[2.2955396,48.8297775],[2.2953715,48.8298315],[2.2932767,48.8305216],[2.2925581,48.8307524],[2.2923989,48.8308097],[2.2922137,48.8308803],[2.2920583,48.8309392],[2.2889775,48.8324327]]}},
{"type":"Feature","properties":{"bikenet_hierarchy":"primary","road_hierarchy":"primary","length":1362.3550053761817},"geometry":{"type":"LineString","coordinates":[[2.3863031,48.8982643],[2.3883721,48.8976196],[2.3890562,48.8976134],[2.3924099,48.8969996],[2.3925207,48.8969461],[2.3926489,48.896875],[2.3927047,48.8968442],[2.393198,48.8964943],[2.394116,48.895349],[2.3941589,48.8952584],[2.3945887,48.8937897],[2.3948149,48.8926998],[2.3948694,48.8925133],[2.3954917,48.8904566],[2.3956711,48.8898867],[2.3956907,48.8897971],[2.3957351,48.8896335],[2.3958112,48.8894839]]}},
{"type":"Feature","properties":{"bikenet_hierarchy":"primary","road_hierarchy":"primary","length":1075.4259582111038},"geometry":{"type":"LineString","coordinates":[[2.3821616,48.885967],[2.3823359,48.8860143],[2.3829012,48.8861678],[2.3831766,48.8862407],[2.3844299,48.8865726],[2.3847051,48.8865915],[2.3848173,48.8866197],[2.3850725,48.8866861],[2.3862149,48.8869814],[2.386346,48.8870153],[2.3867853,48.8871288],[2.3870331,48.8871928],[2.3871604,48.8872257],[2.3885172,48.8875764],[2.3886567,48.8876125],[2.3891037,48.887728],[2.3892753,48.8877726],[2.3894119,48.887809],[2.3907195,48.888158],[2.3908379,48.8881897],[2.3917613,48.888436],[2.3919268,48.8884801],[2.3926728,48.8886791],[2.3929563,48.8887547],[2.3931079,48.8887952],[2.3937221,48.8889597],[2.3953808,48.8893681],[2.3958112,48.8894839]]}},
{"type":"Feature","properties":{"bikenet_hierarchy":"primary","road_hierarchy":"primary","length":135.64513891822995},"geometry":{"type":"LineString","coordinates":[[2.3958606,48.8882821],[2.3959584,48.8885608],[2.3959761,48.8889213],[2.3958577,48.8893427],[2.3958457,48.889381],[2.3958112,48.8894839]]}},
{"type":"Feature","properties":{"bikenet_hierarchy":"primary","road_hierarchy":"primary","length":226.7194428562031},"geometry":{"type":"LineString","coordinates":[[2.2695351,48.8387987],[2.2712243,48.8402545],[2.2715161,48.8403249]]}},
{"type":"Feature","properties":{"bikenet_hierarchy":"primary","road_hierarchy":"primary","length":141.21621570650942},"geometry":{"type":"LineString","coordinates":[[2.2769661,48.8460724],[2.2767571,48.8458969],[2.2758765,48.8450264]]}},
{"type":"Feature","properties":{"bikenet_hierarchy":"primary","road_hierarchy":"primary","length":848.02125931368789},"geometry":{"type":"LineString","coordinates":[[2.3874768,48.8629727],[2.3876093,48.8629914],[2.3879032,48.8630355],[2.3880531,48.8630691],[2.3884593,48.8631509],[2.3890314,48.8632847],[2.3896167,48.8634355],[2.3911144,48.8638213],[2.3916417,48.863956],[2.3917598,48.8639853],[2.3922558,48.8641129],[2.3923663,48.8641412],[2.3945071,48.8646879],[2.3946801,48.8647302],[2.3951415,48.8648432],[2.3955474,48.8649662],[2.3956577,48.8649867],[2.3961221,48.8649894],[2.3970445,48.864958],[2.3972656,48.8649508],[2.3974684,48.8649455],[2.3979613,48.8649311],[2.3980751,48.8649292],[2.3984735,48.8649052]]}},
{"type":"Feature","properties":{"bikenet_hierarchy":"primary","road_hierarchy":"primary","length":463.94420414698743},"geometry":{"type":"LineString","coordinates":[[2.4047861,48.8646694],[2.4046592,48.8646743],[2.4041582,48.8646874],[2.4040128,48.864694],[2.4032519,48.8647284],[2.4031011,48.8647341],[2.4027167,48.8647536],[2.4014782,48.8648004],[2.4013042,48.864807],[2.4011247,48.8648141],[2.4003796,48.8648443],[2.4001479,48.8648536],[2.3998594,48.864869],[2.3996819,48.8648756],[2.399015,48.8649015],[2.3988697,48.8649056],[2.3984735,48.8649052]]}},
{"type":"Feature","properties":{"bikenet_hierarchy":"secondary","road_hierarchy":"quaternary","length":617.15837990335979},"geometry":{"type":"LineString","coordinates":[[2.2602036,48.8431532],[2.2600878,48.8430151],[2.2600185,48.8429335],[2.2590517,48.8417471],[2.2590192,48.8417042],[2.2589657,48.8416339],[2.2584701,48.8408726],[2.2584272,48.8407996],[2.2583793,48.8407137],[2.2581908,48.8403435],[2.2580857,48.8401705],[2.2573909,48.8384858],[2.2573644,48.8384251],[2.257041,48.8380401]]}},
{"type":"Feature","properties":{"bikenet_hierarchy":"primary","road_hierarchy":"primary","length":838.33309045493843},"geometry":{"type":"LineString","coordinates":[[2.2575733,48.8453547],[2.2575049,48.8452101],[2.2571453,48.8444731],[2.257105,48.8444011],[2.2570086,48.84423],[2.2564598,48.8431587],[2.2563656,48.8430058],[2.256327,48.8429154],[2.2561782,48.8425945],[2.2561354,48.8424645],[2.2561074,48.8423722],[2.256133,48.8415884],[2.2561477,48.8414708],[2.2561682,48.8413492],[2.2563369,48.8401656],[2.2563507,48.8400045],[2.2564061,48.8398524],[2.2565504,48.8395175],[2.2565954,48.8394201],[2.2568989,48.8387643],[2.2569645,48.8386225],[2.2569522,48.8385202],[2.257041,48.8380401]]}},
{"type":"Feature","properties":{"bikenet_hierarchy":"primary","road_hierarchy":"primary","length":1104.8347313894965},"geometry":{"type":"LineString","coordinates":[[2.3439822,48.8980382],[2.3483746,48.8982812],[2.3495637,48.8983362],[2.3511988,48.8984186],[2.3521504,48.8984406],[2.3524852,48.898445],[2.3526965,48.8984477],[2.3533971,48.8984569],[2.3559989,48.8984987],[2.3566192,48.8985352],[2.3587002,48.8986926],[2.3588723,48.8986934],[2.3590108,48.8986953]]}},
{"type":"Feature","properties":{"bikenet_hierarchy":"primary","road_hierarchy":"primary","length":266.39382051010193},"geometry":{"type":"LineString","coordinates":[[2.3683608,48.8452284],[2.3707442,48.8434217]]}},
{"type":"Feature","properties":{"bikenet_hierarchy":"secondary","road_hierarchy":"secondary","length":280.89372772460786},"geometry":{"type":"LineString","coordinates":[[2.3725055,48.8456577],[2.3709673,48.8435981],[2.3707442,48.8434217]]}},
{"type":"Feature","properties":{"bikenet_hierarchy":"primary","road_hierarchy":"tertiary","length":50.654999654140582},"geometry":{"type":"LineString","coordinates":[[2.3271295,48.8737473],[2.3270654,48.8738887],[2.3269246,48.8741823]]}},
{"type":"Feature","properties":{"bikenet_hierarchy":"primary","road_hierarchy":"secondary","length":739.54506813232206},"geometry":{"type":"LineString","coordinates":[[2.3115462,48.8327363],[2.3114415,48.8326714],[2.3105335,48.8321425],[2.3104588,48.8320976],[2.3097083,48.8316659],[2.3093736,48.831476],[2.3093016,48.8314307],[2.3069351,48.8296166],[2.3065891,48.8292814],[2.3051252,48.827674]]}},
{"type":"Feature","properties":{"bikenet_hierarchy":"primary","road_hierarchy":"primary","length":882.36295538388049},"geometry":{"type":"LineString","coordinates":[[2.31254,48.8808513],[2.3127336,48.8807044],[2.3129576,48.8805238],[2.3134691,48.8801024],[2.3135966,48.8799975],[2.313955,48.8797029],[2.3141418,48.8795501],[2.3142755,48.8794399],[2.3144089,48.8793344],[2.3148101,48.8790076],[2.3153028,48.8786004],[2.3153888,48.8785263],[2.3156537,48.8783098],[2.315761,48.8782228],[2.3161135,48.8779396],[2.3163068,48.8777862],[2.3164914,48.8776315],[2.3175564,48.8767518],[2.3176896,48.8766419],[2.317836,48.8765249],[2.3187959,48.8757395],[2.3189069,48.8756483],[2.3191555,48.8754473],[2.3193118,48.8753152],[2.3200389,48.8746485]]}},
{"type":"Feature","properties":{"bikenet_hierarchy":"primary","road_hierarchy":"primary","length":574.38264381687156},"geometry":{"type":"LineString","coordinates":[[2.3233484,48.8699684],[2.3232566,48.8701014],[2.3230265,48.8704319],[2.3228927,48.8706215],[2.3228292,48.8707142],[2.3226649,48.8709396],[2.3224943,48.871151],[2.3221656,48.8716134],[2.3220943,48.871718],[2.3217869,48.8721437],[2.3217242,48.8722336],[2.3216166,48.8723874],[2.3215143,48.8725274],[2.3209779,48.8732912],[2.3208954,48.8734005],[2.3208299,48.8735071],[2.3206392,48.8738005],[2.3205681,48.8738852],[2.3201058,48.8745518],[2.3200389,48.8746485]]}},
{"type":"Feature","properties":{"bikenet_hierarchy":"primary","road_hierarchy":"secondary","length":361.50445303167317},"geometry":{"type":"LineString","coordinates":[[2.3271295,48.8737473],[2.3268759,48.8733947],[2.3267505,48.8732178],[2.3266763,48.8731014],[2.326473,48.8728058],[2.3259804,48.872139],[2.3259287,48.8720758],[2.3252387,48.8707509]]}},
{"type":"Feature","properties":{"bikenet_hierarchy":"primary","road_hierarchy":"primary","length":438.1068687879249},"geometry":{"type":"LineString","coordinates":[[2.2638326,48.8366326],[2.2648269,48.8373866],[2.2657724,48.8382765],[2.2676367,48.8396621]]}},
{"type":"Feature","properties":{"bikenet_hierarchy":"primary","road_hierarchy":"tertiary","length":701.793490662257},"geometry":{"type":"LineString","coordinates":[[2.3681174,48.889688],[2.3685179,48.8905192],[2.3688175,48.8911759],[2.3688321,48.8912126],[2.3690238,48.8916597],[2.3695144,48.8928108],[2.3695496,48.8928976],[2.3695985,48.8930181],[2.3697819,48.8934265],[2.3698665,48.8936192],[2.3698832,48.8936571],[2.3701647,48.8941769],[2.3702211,48.894237],[2.3705585,48.8944912],[2.3707678,48.8945765],[2.3717796,48.8952214],[2.3718607,48.8952538],[2.3719452,48.8952791]]}},
{"type":"Feature","properties":{"bikenet_hierarchy":"primary","road_hierarchy":"secondary","length":68.56515775708219},"geometry":{"type":"LineString","coordinates":[[2.2629142,48.8367011],[2.2630789,48.8366829],[2.2635997,48.8366114],[2.2638326,48.8366326]]}},
{"type":"Feature","properties":{"bikenet_hierarchy":"primary","road_hierarchy":"primary","length":74.391052637240904},"geometry":{"type":"LineString","coordinates":[[2.3165985,48.8468182],[2.3165061,48.8469531],[2.3164868,48.8469953],[2.3164517,48.847107],[2.3162823,48.8473474],[2.3162327,48.8474394]]}},
{"type":"Feature","properties":{"bikenet_hierarchy":"secondary","road_hierarchy":"quaternary","length":596.89700196390027},"geometry":{"type":"LineString","coordinates":[[2.3927553,48.8402876],[2.3927568,48.8403984],[2.400641,48.8411413]]}},
{"type":"Feature","properties":{"bikenet_hierarchy":"secondary","road_hierarchy":"quaternary","length":299.216838202551},"geometry":{"type":"LineString","coordinates":[[2.4046965,48.8408911],[2.4045745,48.8409022],[2.4023096,48.8410892],[2.4022122,48.8410973],[2.400641,48.8411413]]}},
{"type":"Feature","properties":{"bikenet_hierarchy":"primary","road_hierarchy":"primary","length":150.97988193433872},"geometry":{"type":"LineString","coordinates":[[2.3668468,48.8464299],[2.3666168,48.8465932],[2.3655296,48.8474723]]}},
{"type":"Feature","properties":{"bikenet_hierarchy":"primary","road_hierarchy":"primary","length":87.611616737567715},"geometry":{"type":"LineString","coordinates":[[2.3676049,48.8458256],[2.3674655,48.8459191],[2.3669326,48.8463219],[2.3668468,48.8464299]]}},
{"type":"Feature","properties":{"bikenet_hierarchy":"primary","road_hierarchy":"primary","length":113.09551311445512},"geometry":{"type":"LineString","coordinates":[[2.3367591,48.8396872],[2.3367426,48.8396064],[2.3367149,48.8394788],[2.3366624,48.8392582],[2.3365912,48.8386768]]}},
{"type":"Feature","properties":{"bikenet_hierarchy":"primary","road_hierarchy":"tertiary","length":236.5216580952592},"geometry":{"type":"LineString","coordinates":[[2.3711594,48.8642025],[2.3712481,48.86413],[2.3724493,48.8625655],[2.3725244,48.8624063],[2.3725767,48.8622984]]}},
{"type":"Feature","properties":{"bikenet_hierarchy":"secondary","road_hierarchy":"tertiary","length":354.66318606727231},"geometry":{"type":"LineString","coordinates":[[2.3091097,48.8337655],[2.3084308,48.8345042],[2.3078714,48.8350662],[2.3077904,48.8351503],[2.3077547,48.8351862],[2.306727,48.8362261],[2.3064794,48.8364393]]}},
{"type":"Feature","properties":{"bikenet_hierarchy":"primary","road_hierarchy":"primary","length":236.46479997078779},"geometry":{"type":"LineString","coordinates":[[2.3345708,48.8213003],[2.334674,48.8212722],[2.334734,48.8212537],[2.3371523,48.8207249],[2.337405,48.820688],[2.3376342,48.8206504]]}},
{"type":"Feature","properties":{"bikenet_hierarchy":"primary","road_hierarchy":"primary","length":117.16909170640017},"geometry":{"type":"LineString","coordinates":[[2.3330695,48.8216566],[2.3337456,48.8215041],[2.3338421,48.8214804],[2.3339662,48.8214478],[2.3343712,48.8213523],[2.3344671,48.8213293],[2.3345708,48.8213003]]}},
{"type":"Feature","properties":{"bikenet_hierarchy":"primary","road_hierarchy":"primary","length":122.72239158370753},"geometry":{"type":"LineString","coordinates":[[2.3376342,48.8206504],[2.3392213,48.8203046]]}},
{"type":"Feature","properties":{"bikenet_hierarchy":"secondary","road_hierarchy":"tertiary","length":158.9606732174035},"geometry":{"type":"LineString","coordinates":[[2.3309072,48.8854991],[2.3324554,48.8864996]]}},
{"type":"Feature","properties":{"bikenet_hierarchy":"secondary","road_hierarchy":"quaternary","length":335.64658294357764},"geometry":{"type":"LineString","coordinates":[[2.4092444,48.8406356],[2.4088728,48.8406627],[2.4081248,48.8406557],[2.4075367,48.8406552],[2.4073794,48.8406684],[2.4064728,48.8407454],[2.4061408,48.8407736],[2.4058587,48.8407975],[2.4048249,48.8408843],[2.4046965,48.8408911]]}},
{"type":"Feature","properties":{"bikenet_hierarchy":"primary","road_hierarchy":"primary","length":255.89649207163069},"geometry":{"type":"LineString","coordinates":[[2.3691785,48.821508],[2.368846,48.8214626],[2.3687733,48.8214418],[2.3662523,48.8206142],[2.3660278,48.8205404]]}},
{"type":"Feature","properties":{"bikenet_hierarchy":"primary","road_hierarchy":"primary","length":229.11297326022594},"geometry":{"type":"LineString","coordinates":[[2.2602036,48.8431532],[2.261551,48.8424944],[2.2616836,48.8424295],[2.2626793,48.841899]]}},
{"type":"Feature","properties":{"bikenet_hierarchy":"primary","road_hierarchy":"primary","length":538.95268904182512},"geometry":{"type":"LineString","coordinates":[[2.3274004,48.8930045],[2.3274695,48.8932121],[2.3275346,48.8934086],[2.3277613,48.8940875],[2.3280284,48.8948665],[2.328062,48.8949673],[2.3280828,48.8950246],[2.3281557,48.8952372],[2.3282421,48.8954955],[2.3282614,48.8955559],[2.3283339,48.895769],[2.3283574,48.8958007],[2.328399,48.8959069],[2.3284925,48.8961912],[2.3286388,48.8966173],[2.3287329,48.896845],[2.3287611,48.8969642],[2.3289174,48.8974603],[2.3289366,48.897549],[2.3290141,48.8977307]]}},
{"type":"Feature","properties":{"bikenet_hierarchy":"primary","road_hierarchy":"primary","length":1245.4661408082295},"geometry":{"type":"LineString","coordinates":[[2.3132514,48.8943572],[2.3134699,48.8944566],[2.3158227,48.8952939],[2.3159097,48.8953232],[2.3181908,48.8961824],[2.3183066,48.8962305],[2.3183678,48.896256],[2.3191065,48.8965382],[2.3192069,48.8965748],[2.3225282,48.8975772],[2.3228787,48.8975836],[2.3229146,48.8975842],[2.3232121,48.8975872],[2.3239411,48.8976076],[2.324143,48.8976174],[2.3244305,48.8976353],[2.3247848,48.8976405],[2.3253223,48.8976491],[2.3262477,48.8976535],[2.3265454,48.8976579],[2.3267734,48.8976625],[2.3287343,48.8977052],[2.3290141,48.8977307]]}},
{"type":"Feature","properties":{"bikenet_hierarchy":"primary","road_hierarchy":"primary","length":613.34131349504071},"geometry":{"type":"LineString","coordinates":[[2.3373736,48.8978898],[2.3371303,48.8978735],[2.3363592,48.8978489],[2.3357306,48.8978412],[2.3354846,48.8978385],[2.3349931,48.8978256],[2.3343497,48.8978094],[2.3339202,48.8978136],[2.3334852,48.897798],[2.3301932,48.8977678],[2.3293098,48.8977509],[2.3290141,48.8977307]]}},
{"type":"Feature","properties":{"bikenet_hierarchy":"primary","road_hierarchy":"primary","length":603.08371101774594},"geometry":{"type":"LineString","coordinates":[[2.4092444,48.8406356],[2.4091215,48.840178],[2.4089013,48.8395087],[2.4087148,48.8389994],[2.4086818,48.838893],[2.408641,48.8387631],[2.4084292,48.8381861],[2.4082845,48.837729],[2.4081688,48.8373638],[2.4080772,48.8369949],[2.4078262,48.8364456],[2.4066376,48.8356364]]}},
{"type":"Feature","properties":{"bikenet_hierarchy":"primary","road_hierarchy":"primary","length":86.602018823137286},"geometry":{"type":"LineString","coordinates":[[2.3676049,48.8458256],[2.3677154,48.8457547],[2.3683608,48.8452284]]}},
{"type":"Feature","properties":{"bikenet_hierarchy":"secondary","road_hierarchy":"tertiary","length":361.03815034139683},"geometry":{"type":"LineString","coordinates":[[2.3821616,48.885967],[2.3816239,48.8864354],[2.3814168,48.8866266],[2.3812515,48.8867673],[2.3811903,48.8868205],[2.3811034,48.8868878],[2.3807846,48.8871707],[2.3807374,48.8872099],[2.3803214,48.8875716],[2.3802472,48.8876409],[2.3800011,48.8878452],[2.3799292,48.88791],[2.3795802,48.8883266],[2.379248,48.8885769]]}},
{"type":"Feature","properties":{"bikenet_hierarchy":"primary","road_hierarchy":"quaternary","length":1052.2616851524842},"geometry":{"type":"LineString","coordinates":[[2.3835867,48.8958185],[2.3836281,48.8957236],[2.3843002,48.8946045],[2.384354,48.8945188],[2.3847433,48.8939044],[2.384889,48.8936746],[2.3849367,48.8935934],[2.3851938,48.8931736],[2.3854952,48.8924161],[2.385432,48.8923408],[2.3853551,48.89222],[2.3852208,48.8915454],[2.3848768,48.8913718],[2.3847466,48.8913072],[2.3838773,48.8908791],[2.3837433,48.8908108],[2.3831484,48.890513],[2.3830035,48.8904419],[2.3822139,48.8900473],[2.3809452,48.8894061],[2.3808186,48.8893436],[2.3796973,48.8887873],[2.3793165,48.8886089],[2.379248,48.8885769]]}},
{"type":"Feature","properties":{"bikenet_hierarchy":"secondary","road_hierarchy":"secondary","length":212.96765797052387},"geometry":{"type":"LineString","coordinates":[[2.3091097,48.8337655],[2.3098061,48.8333941],[2.3098941,48.8333602],[2.3102162,48.8332327],[2.3108875,48.8329681],[2.3114072,48.8327852],[2.3115462,48.8327363]]}},
{"type":"Feature","properties":{"bikenet_hierarchy":"secondary","road_hierarchy":"tertiary","length":135.77826488080888},"geometry":{"type":"LineString","coordinates":[[2.383273,48.8849907],[2.3831988,48.8850581],[2.382271,48.8858802],[2.3822135,48.8859232],[2.3821616,48.885967]]}},
{"type":"Feature","properties":{"bikenet_hierarchy":"primary","road_hierarchy":"primary","length":93.301734654394963},"geometry":{"type":"LineString","coordinates":[[2.3990573,48.8480393],[2.3990792,48.848166],[2.3992443,48.8483831],[2.3992564,48.8484508],[2.3993259,48.8488486]]}},
{"type":"Feature","properties":{"bikenet_hierarchy":"primary","road_hierarchy":"primary","length":1873.0025706507954},"geometry":{"type":"LineString","coordinates":[[2.3874768,48.8629727],[2.3875535,48.862859],[2.3895707,48.8586987],[2.3895957,48.8586512],[2.3896646,48.8585477],[2.3898461,48.8584578],[2.3900359,48.8584006],[2.3901909,48.8583528],[2.3918889,48.8578383],[2.3923895,48.8576575],[2.3934124,48.8571222],[2.3943564,48.8566354],[2.3944695,48.8565569],[2.3945358,48.8564541],[2.3954,48.8553247],[2.3960758,48.8544418],[2.3961334,48.8543665],[2.3961921,48.8542894],[2.3964363,48.853969],[2.3964822,48.8539119],[2.3965388,48.8538387],[2.3971329,48.8530973],[2.3971848,48.853035],[2.3972321,48.8529751],[2.3979118,48.8521104],[2.3984435,48.851435],[2.3985298,48.8513376],[2.3986116,48.8512264],[2.3987497,48.8508719],[2.3987915,48.8507473],[2.3988227,48.8506674],[2.3989158,48.8503628],[2.3989357,48.8502784],[2.3991097,48.8497997],[2.3993259,48.8488486]]}},
{"type":"Feature","properties":{"bikenet_hierarchy":"primary","road_hierarchy":"quaternary","length":605.25793120294816},"geometry":{"type":"LineString","coordinates":[[2.3482331,48.858543],[2.348075,48.8585942],[2.3476747,48.8587265],[2.3475725,48.8587601],[2.3474363,48.8588062],[2.3472627,48.8588616],[2.3465987,48.859072],[2.3464519,48.8591205],[2.3457676,48.8593446],[2.3456953,48.8593685],[2.3451817,48.8595305],[2.3449274,48.8596118],[2.3448375,48.8596426],[2.3441511,48.8598723],[2.3440055,48.8599197],[2.3438487,48.8599707],[2.3434274,48.8601044],[2.3433372,48.8601329],[2.3425016,48.8604063],[2.3423505,48.8604573],[2.3421428,48.8605209],[2.3420298,48.8605557],[2.3412773,48.8607949],[2.3412118,48.8608158],[2.3410482,48.8608778],[2.3408451,48.8609613]]}},
{"type":"Feature","properties":{"bikenet_hierarchy":"primary","road_hierarchy":"primary","length":529.30373390492559},"geometry":{"type":"LineString","coordinates":[[2.4062071,48.8474149],[2.40602,48.8474312],[2.4036221,48.847641],[2.402448,48.8477437],[2.4009516,48.8478746],[2.3994048,48.8480099],[2.3990573,48.8480393]]}},
{"type":"Feature","properties":{"bikenet_hierarchy":"primary","road_hierarchy":"primary","length":358.56902029971707},"geometry":{"type":"LineString","coordinates":[[2.4110388,48.8469598],[2.4106932,48.8470309],[2.4088462,48.84719],[2.4078211,48.8472753],[2.4066653,48.8473734],[2.4063818,48.8473996],[2.4062071,48.8474149]]}},
{"type":"Feature","properties":{"bikenet_hierarchy":"secondary","road_hierarchy":"quaternary","length":194.40967804063555},"geometry":{"type":"LineString","coordinates":[[2.392682,48.8771655],[2.3947808,48.8760978]]}},
{"type":"Feature","properties":{"bikenet_hierarchy":"primary","road_hierarchy":"quaternary","length":117.79706332214245},"geometry":{"type":"LineString","coordinates":[[2.3496749,48.8580771],[2.3491132,48.8582586],[2.348399,48.8584893],[2.3482331,48.858543]]}},
{"type":"Feature","properties":{"bikenet_hierarchy":"primary","road_hierarchy":"secondary","length":699.20184606991052},"geometry":{"type":"LineString","coordinates":[[2.3515433,48.8644389],[2.3515061,48.8643816],[2.3513847,48.8641531],[2.3513508,48.8640922],[2.3510433,48.8635388],[2.3509663,48.8634024],[2.3509205,48.8633147],[2.3507108,48.86293],[2.3504405,48.86245],[2.3502025,48.8620331],[2.3501758,48.8619861],[2.3497438,48.8612171],[2.3495605,48.8608903],[2.3493634,48.8605389],[2.3490979,48.8600657],[2.3490568,48.8599923],[2.3487895,48.8595159],[2.348762,48.8594668],[2.3483496,48.8587317],[2.3482985,48.858645],[2.3482331,48.858543]]}},
{"type":"Feature","properties":{"bikenet_hierarchy":"primary","road_hierarchy":"primary","length":371.36481247717995},"geometry":{"type":"LineString","coordinates":[[2.2575733,48.8453547],[2.2576471,48.8454837],[2.258508,48.847191],[2.2588433,48.8477659],[2.2588602,48.8477926],[2.258934,48.8485484]]}},
{"type":"Feature","properties":{"bikenet_hierarchy":"primary","road_hierarchy":"primary","length":1098.6711288539816},"geometry":{"type":"LineString","coordinates":[[2.2636333,48.8576342],[2.2622062,48.8555655],[2.2614981,48.8544934],[2.2607999,48.8533954],[2.2607738,48.8533537],[2.2602369,48.8525291],[2.2599627,48.8521012],[2.259696,48.851666],[2.259428,48.8512421],[2.2593988,48.8511959],[2.2591346,48.8507979],[2.2588575,48.8503792],[2.2585716,48.8499295],[2.258349,48.8494653],[2.258934,48.8485484]]}},
{"type":"Feature","properties":{"bikenet_hierarchy":"secondary","road_hierarchy":"secondary","length":809.70580164029604},"geometry":{"type":"LineString","coordinates":[[2.3518495,48.836787],[2.3521802,48.8369335],[2.3527005,48.837098],[2.3527733,48.8371229],[2.352994,48.8371933],[2.3532109,48.8372594],[2.3542105,48.8375751],[2.3543789,48.83763],[2.355231,48.837903],[2.3557098,48.8380564],[2.3559244,48.838127],[2.3561042,48.8381847],[2.3567698,48.8383967],[2.3570473,48.8384835],[2.3572117,48.8385351],[2.3577637,48.8387118],[2.3581267,48.8388264],[2.3585651,48.8389649],[2.3593321,48.8392099],[2.3608249,48.8396826],[2.3613152,48.8398437],[2.3617567,48.8399826]]}},
{"type":"Feature","properties":{"bikenet_hierarchy":"primary","road_hierarchy":"secondary","length":771.17918926192419},"geometry":{"type":"LineString","coordinates":[[2.3016514,48.8480224],[2.3018554,48.8479609],[2.3020026,48.8479167],[2.3024106,48.8477985],[2.3024779,48.847779],[2.3029495,48.8476425],[2.3029858,48.8476325],[2.3050602,48.8470312],[2.3052215,48.8469845],[2.3053761,48.8469396],[2.3061292,48.8467055],[2.3062174,48.846678],[2.3063478,48.8466425],[2.3083839,48.8460617],[2.3085582,48.8460095],[2.3087365,48.8459574],[2.3095954,48.8457294],[2.3099166,48.8456411],[2.3100809,48.845595],[2.3103365,48.8455258],[2.3107661,48.8454021],[2.311115,48.845109]]}},
{"type":"Feature","properties":{"bikenet_hierarchy":"secondary","road_hierarchy":"tertiary","length":242.14811869390138},"geometry":{"type":"LineString","coordinates":[[2.3713476,48.8892377],[2.3712147,48.8892617],[2.3710895,48.8892814],[2.3682051,48.889671],[2.3681174,48.889688]]}},
{"type":"Feature","properties":{"bikenet_hierarchy":"primary","road_hierarchy":"secondary","length":264.47362068684919},"geometry":{"type":"LineString","coordinates":[[2.369142,48.8824833],[2.3688675,48.8824024],[2.3672422,48.8819797],[2.3670233,48.8819228],[2.3662319,48.8817215],[2.3657877,48.8816108]]}},
{"type":"Feature","properties":{"bikenet_hierarchy":"primary","road_hierarchy":"primary","length":1055.0844687641393},"geometry":{"type":"LineString","coordinates":[[2.3820771,48.8256681],[2.3818262,48.8255863],[2.3805111,48.8251471],[2.3772596,48.824117],[2.3766135,48.823928],[2.3750215,48.8233992],[2.3748142,48.8233279],[2.3731465,48.8227768],[2.3728423,48.8226681],[2.372637,48.8226002],[2.3718203,48.8223414],[2.37165,48.8222851],[2.3715367,48.8222478],[2.3715015,48.8222362],[2.371165,48.8221221],[2.3704392,48.8218553],[2.3697732,48.8216379],[2.3694127,48.8215302],[2.3691785,48.821508]]}},
{"type":"Feature","properties":{"bikenet_hierarchy":"primary","road_hierarchy":"secondary","length":322.29017975032451},"geometry":{"type":"LineString","coordinates":[[2.3657501,48.8233085],[2.3657881,48.8232895],[2.3663662,48.8230021],[2.3664634,48.8229528],[2.3668653,48.8227523],[2.3670128,48.8226788],[2.3672759,48.8225453],[2.3673827,48.8224909],[2.3685026,48.8219205],[2.3689342,48.8217014],[2.3691785,48.821508]]}},
{"type":"Feature","properties":{"bikenet_hierarchy":"secondary","road_hierarchy":"tertiary","length":260.81638072927916},"geometry":{"type":"LineString","coordinates":[[2.3430028,48.8215577],[2.3431798,48.8215664],[2.3434471,48.8216167],[2.3460886,48.8221056],[2.3463889,48.8222284]]}},
{"type":"Feature","properties":{"bikenet_hierarchy":"secondary","road_hierarchy":"tertiary","length":668.93029431966886},"geometry":{"type":"LineString","coordinates":[[2.3820771,48.8256681],[2.3810709,48.8262216],[2.3809001,48.8263032],[2.3808035,48.8263926],[2.380137,48.8270905],[2.3800496,48.8271852],[2.3799677,48.8272707],[2.3796421,48.8276138],[2.3793866,48.8278796],[2.3792864,48.8279787],[2.3792176,48.8280472],[2.3788799,48.8284098],[2.3787908,48.8284983],[2.3787182,48.8285742],[2.3782442,48.8290771],[2.3781615,48.829168],[2.3780743,48.8292537],[2.3776703,48.8296801],[2.3774157,48.8299529],[2.3773512,48.8300214],[2.3769149,48.8304789],[2.3768511,48.8305417]]}},
{"type":"Feature","properties":{"bikenet_hierarchy":"primary","road_hierarchy":"primary","length":557.9664249234429},"geometry":{"type":"LineString","coordinates":[[2.2976438,48.887283],[2.3010658,48.8887709],[2.3011076,48.8887907],[2.3012834,48.8888883],[2.3019886,48.8892256],[2.3027693,48.8896114],[2.3028829,48.8896637],[2.3034776,48.8899574],[2.3037068,48.8900591],[2.3038881,48.8901461]]}},
{"type":"Feature","properties":{"bikenet_hierarchy":"primary","road_hierarchy":"primary","length":831.47046440571637},"geometry":{"type":"LineString","coordinates":[[2.3132514,48.8943572],[2.3130825,48.8942883],[2.3118809,48.8937931],[2.311775,48.8937535],[2.3116171,48.8936855],[2.3114825,48.8936339],[2.3091051,48.8926238],[2.3066293,48.8914308],[2.3062588,48.89126],[2.3049975,48.8906702],[2.3040768,48.890228],[2.3040433,48.8902141],[2.3038881,48.8901461]]}},
{"type":"Feature","properties":{"bikenet_hierarchy":"secondary","road_hierarchy":"secondary","length":561.1256490856224},"geometry":{"type":"LineString","coordinates":[[2.2706024,48.8583577],[2.2703433,48.858353],[2.2702369,48.8583202],[2.2700438,48.8582523],[2.2667489,48.8570635],[2.2665471,48.8570207],[2.2663668,48.8569991],[2.2648185,48.8573108],[2.2646623,48.8573541],[2.2644816,48.8574046],[2.2636333,48.8576342]]}},
{"type":"Feature","properties":{"bikenet_hierarchy":"primary","road_hierarchy":"primary","length":484.94004975454459},"geometry":{"type":"LineString","coordinates":[[2.3439822,48.8980382],[2.3424191,48.8979846],[2.3408592,48.897961],[2.3406721,48.8979536],[2.3393418,48.8979206],[2.3386839,48.8979308],[2.3383874,48.8979238],[2.337684,48.8979069],[2.3373736,48.8978898]]}},
{"type":"Feature","properties":{"bikenet_hierarchy":"primary","road_hierarchy":"tertiary","length":694.99016841237301},"geometry":{"type":"LineString","coordinates":[[2.3320454,48.8638185],[2.3260393,48.8657646],[2.3251585,48.8660523],[2.3250682,48.8660804],[2.3241906,48.8663538],[2.3237541,48.866444],[2.3234877,48.8664109]]}}
]
}
