{
"type": "FeatureCollection",
"name": "paris_fr-from_2026-random",
"features": [
{"type":"Feature","properties":{"ordering":1,"bikenet_hierarchy":"primary","road_hierarchy":"primary","length":312.82563907362305,"total_length":200212.36362167107,"total_coverage":85289804.829112008,"total_directness":0.60483430766773172},"geometry":{"type":"LineString","coordinates":[[2.3165985,48.8468182],[2.3167018,48.8467508],[2.3168226,48.8466958],[2.3170255,48.8466204],[2.3175416,48.846348],[2.3178973,48.8461639],[2.3180114,48.8461051],[2.3183076,48.8459587],[2.3189797,48.845609],[2.3191514,48.8455173],[2.3193206,48.8454275],[2.3199774,48.8451079]]}},
{"type":"Feature","properties":{"ordering":2,"bikenet_hierarchy":"secondary","road_hierarchy":"secondary","length":752.21799480092761,"total_length":200964.58161647199,"total_coverage":85379728.783718288,"total_directness":0.60507030911913173},"geometry":{"type":"LineString","coordinates":[[2.2980745,48.8777857],[2.2976127,48.8778789],[2.2974447,48.8779128],[2.2969823,48.8780166],[2.2958045,48.878283],[2.2957174,48.8783022],[2.295589,48.8783331],[2.2954402,48.8783689],[2.2944841,48.8785857],[2.2942209,48.8786461],[2.2940448,48.8786867],[2.2934539,48.8788207],[2.2928433,48.8789684],[2.2927515,48.8789893],[2.2921322,48.8791307],[2.2916822,48.8792345],[2.2915456,48.879266],[2.2912946,48.8793238],[2.2909388,48.8794059],[2.2908525,48.8794268],[2.2907695,48.8794449],[2.2896455,48.8797041],[2.2893496,48.8797723],[2.2885009,48.879968],[2.2883819,48.8799954]]}},
{"type":"Feature","properties":{"ordering":3,"bikenet_hierarchy":"secondary","road_hierarchy":"quaternary","length":297.21934392288597,"total_length":201261.80096039487,"total_coverage":85391335.719279096,"total_directness":0.60449441778451274},"geometry":{"type":"LineString","coordinates":[[2.3105047,48.8514584],[2.3107385,48.8514789],[2.3117411,48.8515684],[2.3118745,48.8515823],[2.3124276,48.8516295],[2.3126206,48.8516466],[2.3136982,48.8517426],[2.3138661,48.8517574],[2.3140502,48.8517742],[2.3143649,48.8518019],[2.3145185,48.8518154]]}},
{"type":"Feature","properties":{"ordering":4,"bikenet_hierarchy":"secondary","road_hierarchy":"primary","length":350.19583789588597,"total_length":201611.99679829075,"total_coverage":85391380.704103187,"total_directness":0.60472933861537947},"geometry":{"type":"LineString","coordinates":[[2.3199774,48.8451079],[2.3204003,48.8450172],[2.3205046,48.8449822],[2.3242703,48.8437403]]}},
{"type":"Feature","properties":{"ordering":5,"bikenet_hierarchy":"secondary","road_hierarchy":"tertiary","length":298.62385271167125,"total_length":201910.62065100245,"total_coverage":85391380.704103142,"total_directness":0.6069118605815188},"geometry":{"type":"LineString","coordinates":[[2.3423548,48.8740484],[2.3425765,48.8738385],[2.3430104,48.8731929],[2.3430485,48.8730775],[2.3430825,48.8729531],[2.343092,48.8729059],[2.3431257,48.8726897],[2.343139,48.8726066],[2.3431767,48.8720074],[2.3430818,48.8715519],[2.3430679,48.8714816]]}},
{"type":"Feature","properties":{"ordering":6,"bikenet_hierarchy":"secondary","road_hierarchy":"secondary","length":176.08006001096095,"total_length":202086.7007110134,"total_coverage":85391380.704102889,"total_directness":0.60775949982606015},"geometry":{"type":"LineString","coordinates":[[2.329285,48.8595512],[2.3294262,48.8596091],[2.3295809,48.8596719],[2.3302619,48.8605863],[2.3301951,48.8607123],[2.3300717,48.8608967]]}},
{"type":"Feature","properties":{"ordering":7,"bikenet_hierarchy":"secondary","road_hierarchy":"secondary","length":387.04606601217671,"total_length":202473.74677702558,"total_coverage":85693928.637673169,"total_directness":0.60631799641156625},"geometry":{"type":"LineString","coordinates":[[2.3269322,48.8515056],[2.3269753,48.8513132],[2.3271311,48.8507419],[2.3273031,48.8502143],[2.3273262,48.8501437],[2.3273494,48.8500564],[2.3278871,48.8482391],[2.3279334,48.8480887]]}},
{"type":"Feature","properties":{"ordering":8,"bikenet_hierarchy":"primary","road_hierarchy":"tertiary","length":383.36919755142497,"total_length":202857.115974577,"total_coverage":85904918.905896857,"total_directness":0.6047565127001806},"geometry":{"type":"LineString","coordinates":[[2.3269322,48.8515056],[2.3270469,48.8515577],[2.3272613,48.8516499],[2.3278801,48.8517474],[2.3283165,48.8518199],[2.3284839,48.8518461],[2.3286248,48.8518682],[2.3288348,48.8519015],[2.329883,48.8520856],[2.3302135,48.852151],[2.3317198,48.8524225],[2.3319308,48.8524605]]}},
{"type":"Feature","properties":{"ordering":9,"bikenet_hierarchy":"secondary","road_hierarchy":"secondary","length":366.45849492279154,"total_length":203223.57446949978,"total_coverage":85914440.60686636,"total_directness":0.61089592266603199},"geometry":{"type":"LineString","coordinates":[[2.3214504,48.8411134],[2.3222992,48.8418018],[2.3224073,48.84189],[2.3224657,48.8419334],[2.3226592,48.842088],[2.3227073,48.8421273],[2.3236479,48.842896],[2.3242612,48.8433561],[2.3242705,48.843471],[2.3242703,48.8437403]]}},
{"type":"Feature","properties":{"ordering":10,"bikenet_hierarchy":"secondary","road_hierarchy":"quaternary","length":913.31387816722884,"total_length":204136.88834766703,"total_coverage":86018017.740610376,"total_directness":0.61127551880688125},"geometry":{"type":"LineString","coordinates":[[2.3269322,48.8515056],[2.3250246,48.8517133],[2.3249024,48.8517138],[2.3248052,48.8517125],[2.324343,48.8517052],[2.3236573,48.8516989],[2.3235499,48.8516985],[2.3234462,48.8516967],[2.3203766,48.8516906],[2.3191437,48.8516941],[2.3190314,48.8516952],[2.3189477,48.8516973],[2.3172001,48.8517693],[2.3170063,48.8517753],[2.3161917,48.8517893],[2.316085,48.8517926],[2.315775,48.8518002],[2.3147836,48.8518241],[2.3146952,48.8518261],[2.3145185,48.8518154]]}},
{"type":"Feature","properties":{"ordering":11,"bikenet_hierarchy":"secondary","road_hierarchy":"tertiary","length":1327.5219715514384,"total_length":205464.41031921847,"total_coverage":86196805.014138222,"total_directness":0.61204367821918182},"geometry":{"type":"LineString","coordinates":[[2.2859894,48.8465574],[2.2861357,48.8464677],[2.2864838,48.8462607],[2.2873659,48.8458936],[2.2879072,48.8456783],[2.2879873,48.8456473],[2.2880573,48.8456197],[2.2893993,48.8450998],[2.289527,48.8450444],[2.2895936,48.8450154],[2.2901704,48.8447825],[2.2902812,48.8447397],[2.2904878,48.8446599],[2.290728,48.8445671],[2.2908156,48.8445322],[2.2911074,48.8444202],[2.2923075,48.8439552],[2.2926099,48.8438369],[2.2928056,48.8437601],[2.293009,48.8436769],[2.2931814,48.8436064],[2.3026724,48.8426289]]}},
{"type":"Feature","properties":{"ordering":12,"bikenet_hierarchy":"primary","road_hierarchy":"primary","length":71.992879534227058,"total_length":205536.4031987527,"total_coverage":86196805.014138117,"total_directness":0.61177967461976257},"geometry":{"type":"LineString","coordinates":[[2.3668914,48.862463],[2.3667787,48.8629381],[2.3667404,48.8631027]]}},
{"type":"Feature","properties":{"ordering":13,"bikenet_hierarchy":"primary","road_hierarchy":"primary","length":621.95326383533813,"total_length":206158.35646258801,"total_coverage":86197714.824636608,"total_directness":0.61115641468619197},"geometry":{"type":"LineString","coordinates":[[2.3682239,48.8569397],[2.3681754,48.8571418],[2.3680679,48.8575873],[2.3680332,48.8577232],[2.3680016,48.8578373],[2.3679812,48.857916],[2.3678557,48.8584632],[2.3678345,48.8585562],[2.3678178,48.8586165],[2.3677801,48.8587837],[2.367673,48.8592518],[2.3676342,48.8593891],[2.3676106,48.8594854],[2.367516,48.8598738],[2.3674803,48.860037],[2.3674601,48.8601154],[2.3673565,48.8605601],[2.3673264,48.8606816],[2.3672519,48.8610027],[2.367233,48.861077],[2.3671652,48.861355],[2.3671199,48.8615409],[2.3669139,48.8623817],[2.3668914,48.862463]]}},
{"type":"Feature","properties":{"ordering":14,"bikenet_hierarchy":"secondary","road_hierarchy":"secondary","length":520.12062147541246,"total_length":206678.47708406343,"total_coverage":86307763.205630869,"total_directness":0.61021781016825916},"geometry":{"type":"LineString","coordinates":[[2.3269322,48.8515056],[2.3268728,48.8516864],[2.3268355,48.8518063],[2.3267433,48.852217],[2.3267204,48.8522948],[2.326681,48.8524284],[2.3266578,48.8525063],[2.3264272,48.8532903],[2.3264058,48.853362],[2.3263696,48.8534803],[2.32616,48.8542256],[2.3261255,48.8543438],[2.3260465,48.8546151],[2.326004,48.8547488],[2.3257181,48.8557397],[2.3257283,48.8558337],[2.3258444,48.8560961]]}},
{"type":"Feature","properties":{"ordering":15,"bikenet_hierarchy":"secondary","road_hierarchy":"tertiary","length":475.89135293861506,"total_length":207154.36843700206,"total_coverage":86413936.691171139,"total_directness":0.60976563425150909},"geometry":{"type":"LineString","coordinates":[[2.3107374,48.8728365],[2.310169,48.8726308],[2.3100745,48.872596],[2.3098783,48.8725016],[2.3096408,48.8723985],[2.3091177,48.8721782],[2.3073942,48.8714491],[2.3072245,48.8713769],[2.3056605,48.8707157],[2.3055276,48.8706496],[2.3052862,48.8705216]]}},
{"type":"Feature","properties":{"ordering":16,"bikenet_hierarchy":"primary","road_hierarchy":"primary","length":440.77808039742337,"total_length":207595.14651739947,"total_coverage":86413936.691171199,"total_directness":0.64324538038035073},"geometry":{"type":"LineString","coordinates":[[2.2626793,48.841899],[2.2636585,48.8414625],[2.2653548,48.8406867],[2.2665139,48.8401683],[2.2676367,48.8396621]]}},
{"type":"Feature","properties":{"ordering":17,"bikenet_hierarchy":"secondary","road_hierarchy":"tertiary","length":539.42853904229912,"total_length":208134.57505644177,"total_coverage":86413936.691171125,"total_directness":0.64338221917630478},"geometry":{"type":"LineString","coordinates":[[2.2894161,48.8385974],[2.2893557,48.8385016],[2.2892639,48.8383485],[2.2894051,48.8374234],[2.2894094,48.8373627],[2.2894216,48.8372997],[2.2895759,48.8365008],[2.2896988,48.8358091],[2.2897118,48.8357349],[2.2897192,48.8356959],[2.2897432,48.8355574],[2.2899441,48.8343989],[2.289962,48.834296],[2.2899883,48.8341103],[2.2900017,48.8339103],[2.2900887,48.8338085]]}},
{"type":"Feature","properties":{"ordering":18,"bikenet_hierarchy":"secondary","road_hierarchy":"tertiary","length":53.102248510445293,"total_length":208187.67730495223,"total_coverage":86413936.691171318,"total_directness":0.64430542315491479},"geometry":{"type":"LineString","coordinates":[[2.3469958,48.8224872],[2.3467963,48.822414],[2.3463889,48.8222284]]}},
{"type":"Feature","properties":{"ordering":19,"bikenet_hierarchy":"secondary","road_hierarchy":"primary","length":81.832101168480094,"total_length":208269.50940612069,"total_coverage":86418029.10587278,"total_directness":0.64457381930653557},"geometry":{"type":"LineString","coordinates":[[2.3232462,48.8368222],[2.3230033,48.8373985],[2.3229328,48.8375281]]}},
{"type":"Feature","properties":{"ordering":20,"bikenet_hierarchy":"primary","road_hierarchy":"primary","length":404.99515323347839,"total_length":208674.50455935419,"total_coverage":86431951.921330884,"total_directness":0.64470411650755755},"geometry":{"type":"LineString","coordinates":[[2.3646698,48.8200999],[2.3644995,48.8200514],[2.3626572,48.8194579],[2.3622214,48.8192984],[2.3620697,48.8192178],[2.3618335,48.8191694],[2.3609639,48.8190702],[2.3598075,48.8188997],[2.3597535,48.8188953],[2.3595373,48.8188776]]}},
{"type":"Feature","properties":{"ordering":21,"bikenet_hierarchy":"primary","road_hierarchy":"primary","length":568.81331263631637,"total_length":209243.3178719905,"total_coverage":86453057.725174621,"total_directness":0.65295829629624336},"geometry":{"type":"LineString","coordinates":[[2.2654044,48.8626141],[2.2636333,48.8576342]]}},
{"type":"Feature","properties":{"ordering":22,"bikenet_hierarchy":"secondary","road_hierarchy":"quaternary","length":99.81189280833361,"total_length":209343.12976479882,"total_coverage":86526791.69664529,"total_directness":0.64924868416579251},"geometry":{"type":"LineString","coordinates":[[2.3947808,48.8760978],[2.3948164,48.8760316],[2.3948461,48.8759757],[2.3950101,48.8756689],[2.395103,48.8754667],[2.3952005,48.8752443]]}},
{"type":"Feature","properties":{"ordering":23,"bikenet_hierarchy":"primary","road_hierarchy":"primary","length":130.15793706791013,"total_length":209473.28770186674,"total_coverage":86526791.696645185,"total_directness":0.65334995499900794},"geometry":{"type":"LineString","coordinates":[[2.3542978,48.8693188],[2.3541414,48.8693553],[2.3539985,48.8693882],[2.3535523,48.8694858],[2.3530027,48.8695996],[2.3528363,48.8696353],[2.3526101,48.8696795]]}},
{"type":"Feature","properties":{"ordering":24,"bikenet_hierarchy":"secondary","road_hierarchy":"tertiary","length":357.97208564830947,"total_length":209831.25978751504,"total_coverage":86527975.20331423,"total_directness":0.6605832304079543},"geometry":{"type":"LineString","coordinates":[[2.3435923,48.8412715],[2.343505,48.8414055],[2.3433174,48.8417748],[2.3429147,48.8425748],[2.3428681,48.8426615],[2.3426118,48.8431564],[2.3425464,48.8432786],[2.3423099,48.8437841],[2.3421386,48.844138],[2.342042,48.8443229]]}},
{"type":"Feature","properties":{"ordering":25,"bikenet_hierarchy":"secondary","road_hierarchy":"quaternary","length":426.86646855700099,"total_length":210258.12625607205,"total_coverage":86527975.203314215,"total_directness":0.66065778931353203},"geometry":{"type":"LineString","coordinates":[[2.4046965,48.8408911],[2.4047198,48.8409776],[2.4048219,48.8413509],[2.4048824,48.8415726],[2.4050816,48.8423025],[2.4051734,48.8426389],[2.4051949,48.8427179],[2.4052536,48.8429327],[2.4053499,48.8433303],[2.405365,48.8433846],[2.4055415,48.8440051],[2.4056994,48.8445621],[2.4057273,48.8446689]]}},
{"type":"Feature","properties":{"ordering":26,"bikenet_hierarchy":"primary","road_hierarchy":"primary","length":295.43134838419309,"total_length":210553.55760445623,"total_coverage":86534104.151394904,"total_directness":0.66373637157262},"geometry":{"type":"LineString","coordinates":[[2.2721948,48.8696574],[2.2734617,48.8707166],[2.2742127,48.8711784],[2.2748982,48.8716174]]}},
{"type":"Feature","properties":{"ordering":27,"bikenet_hierarchy":"secondary","road_hierarchy":"quaternary","length":276.46160942407209,"total_length":210830.01921388032,"total_coverage":86534104.151394874,"total_directness":0.66432767206637289},"geometry":{"type":"LineString","coordinates":[[2.3470718,48.8330011],[2.3463372,48.8314639],[2.3461285,48.8310274],[2.345988,48.8307316],[2.345941,48.8306297]]}},
{"type":"Feature","properties":{"ordering":28,"bikenet_hierarchy":"secondary","road_hierarchy":"primary","length":1029.803075469403,"total_length":211859.82228934971,"total_coverage":86537274.517663494,"total_directness":0.66523786354464443},"geometry":{"type":"LineString","coordinates":[[2.3268388,48.8278722],[2.326761,48.8281677],[2.3264017,48.829042],[2.326313,48.829255],[2.326127,48.8297152],[2.3259736,48.8300822],[2.3258997,48.8302624],[2.3258624,48.8303533],[2.3258011,48.8305028],[2.3254047,48.8314632],[2.3253155,48.8316518],[2.3252469,48.8318296],[2.3250789,48.8322351],[2.3250068,48.8324586],[2.3249093,48.8326864],[2.3248584,48.8328218],[2.3247449,48.8330957],[2.3247108,48.833181],[2.3246147,48.8334165],[2.3244723,48.833765],[2.3243448,48.8340841],[2.3241832,48.8344911],[2.3240049,48.834929],[2.3239317,48.8351053],[2.3238012,48.8354195],[2.3237679,48.8354988],[2.3237337,48.8355845],[2.3235883,48.8359588],[2.3234901,48.8362216],[2.3232782,48.8367428],[2.3232462,48.8368222]]}},
{"type":"Feature","properties":{"ordering":29,"bikenet_hierarchy":"secondary","road_hierarchy":"secondary","length":353.79725434113914,"total_length":212213.61954369085,"total_coverage":86537274.517663628,"total_directness":0.66553150967116259},"geometry":{"type":"LineString","coordinates":[[2.3657877,48.8816108],[2.3659189,48.8817119],[2.3660171,48.8817841],[2.3668475,48.8824651],[2.3669277,48.8825278],[2.3669864,48.8825752],[2.3681276,48.883634],[2.3686164,48.8841815]]}},
{"type":"Feature","properties":{"ordering":30,"bikenet_hierarchy":"secondary","road_hierarchy":"secondary","length":389.04964323232355,"total_length":212602.66918692319,"total_coverage":86537288.205683693,"total_directness":0.66771068708265213},"geometry":{"type":"LineString","coordinates":[[2.3317833,48.8764552],[2.3307378,48.8766179],[2.3295645,48.8770023],[2.327177,48.8777794],[2.3269497,48.8778593]]}},
{"type":"Feature","properties":{"ordering":31,"bikenet_hierarchy":"secondary","road_hierarchy":"secondary","length":234.61099117406846,"total_length":212837.28017809725,"total_coverage":86537288.205683798,"total_directness":0.67118539736003002},"geometry":{"type":"LineString","coordinates":[[2.2854013,48.880739],[2.2855063,48.8807164],[2.2857692,48.8805922],[2.2863484,48.8804604],[2.2867074,48.8803788],[2.2867948,48.880357],[2.2877962,48.8801305],[2.2879032,48.8801058],[2.2883819,48.8799954]]}},
{"type":"Feature","properties":{"ordering":32,"bikenet_hierarchy":"secondary","road_hierarchy":"tertiary","length":372.32719388318424,"total_length":213209.60737198044,"total_coverage":86537288.205683649,"total_directness":0.67124550471537536},"geometry":{"type":"LineString","coordinates":[[2.3479115,48.8740226],[2.347911,48.8739685],[2.3479066,48.8734427],[2.3479068,48.8730563],[2.3479041,48.8725003],[2.3479039,48.8724568],[2.3479023,48.8720523],[2.3479005,48.8720024],[2.3478878,48.8711705],[2.3478824,48.8708215],[2.3479102,48.8706756]]}},
{"type":"Feature","properties":{"ordering":33,"bikenet_hierarchy":"primary","road_hierarchy":"primary","length":53.643989404062047,"total_length":213263.25136138449,"total_coverage":86537511.071813717,"total_directness":0.67855231410112127},"geometry":{"type":"LineString","coordinates":[[2.2778072,48.8361159],[2.2783463,48.8361634],[2.2785235,48.8361242]]}},
{"type":"Feature","properties":{"ordering":34,"bikenet_hierarchy":"primary","road_hierarchy":"primary","length":392.63600325613578,"total_length":213655.88736464063,"total_coverage":86537511.071813628,"total_directness":0.69693306378069042},"geometry":{"type":"LineString","coordinates":[[2.3234877,48.8664109],[2.3210108,48.8658508],[2.3209619,48.8657855],[2.3208526,48.8656393],[2.3207689,48.8655275],[2.3206749,48.8654018],[2.3206209,48.8653297],[2.3204798,48.8646721],[2.3204539,48.8643204],[2.320409,48.8642542],[2.3203099,48.8641378]]}},
{"type":"Feature","properties":{"ordering":35,"bikenet_hierarchy":"primary","road_hierarchy":"primary","length":327.65205411424824,"total_length":213983.53941875487,"total_coverage":86537511.071813539,"total_directness":0.69643659890560983},"geometry":{"type":"LineString","coordinates":[[2.3528558,48.8552984],[2.3526612,48.855401],[2.3524608,48.8554593],[2.3521892,48.8555147],[2.3511341,48.8559154],[2.3509517,48.855987],[2.3507047,48.8560699],[2.3505661,48.8561145],[2.3494889,48.8565204],[2.3493795,48.8565603],[2.348955,48.8567171]]}},
{"type":"Feature","properties":{"ordering":36,"bikenet_hierarchy":"secondary","road_hierarchy":"tertiary","length":922.45137612232713,"total_length":214905.9907948772,"total_coverage":86541623.418494448,"total_directness":0.6982352737087627},"geometry":{"type":"LineString","coordinates":[[2.2619205,48.8452396],[2.2620168,48.8452369],[2.2634767,48.8451941],[2.2640837,48.8451794],[2.264191,48.8451755],[2.2643804,48.8451709],[2.2651716,48.8451416],[2.2669108,48.8452554],[2.2672964,48.8454344],[2.2673922,48.8454671],[2.2675598,48.8455254],[2.2686462,48.8458547],[2.2704636,48.8464235],[2.2706081,48.8464704],[2.2707224,48.8465048],[2.271006,48.8465869],[2.2711016,48.8466147],[2.2720086,48.8468965],[2.2732253,48.8472748],[2.2737147,48.8474292]]}},
{"type":"Feature","properties":{"ordering":37,"bikenet_hierarchy":"secondary","road_hierarchy":"secondary","length":415.96420858406981,"total_length":215321.95500346128,"total_coverage":86541623.418494523,"total_directness":0.69808579877092225},"geometry":{"type":"LineString","coordinates":[[2.3269497,48.8778593],[2.32679,48.8779103],[2.3263088,48.8780634],[2.3237393,48.878905],[2.3235604,48.8789733],[2.3230263,48.8791224],[2.3220188,48.8794369],[2.3218476,48.8794904]]}},
{"type":"Feature","properties":{"ordering":38,"bikenet_hierarchy":"secondary","road_hierarchy":"tertiary","length":927.91715499339762,"total_length":216249.87215845467,"total_coverage":86541623.418494374,"total_directness":0.69903685839083729},"geometry":{"type":"LineString","coordinates":[[2.3704737,48.8780206],[2.3702926,48.8776034],[2.3702899,48.8775276],[2.3702856,48.8771983],[2.3702846,48.8771406],[2.3703063,48.8762078],[2.3703055,48.8761314],[2.3703046,48.876048],[2.370313,48.8753018],[2.3703124,48.875217],[2.3703117,48.8751467],[2.3703278,48.874173],[2.3703376,48.8740377],[2.3703431,48.8737628],[2.370237,48.8735377],[2.3700367,48.8731032],[2.3698396,48.8726374],[2.3696114,48.8721469],[2.3695465,48.8720371],[2.3695866,48.87197],[2.3697807,48.8717024],[2.3698294,48.8716367],[2.3700774,48.8713015],[2.3701205,48.8712438],[2.3704611,48.8707815],[2.3705113,48.8707169],[2.3709911,48.8700728],[2.3710483,48.8700004]]}},
{"type":"Feature","properties":{"ordering":39,"bikenet_hierarchy":"primary","road_hierarchy":"primary","length":1038.6280870846849,"total_length":217288.50024553936,"total_coverage":86662946.987419471,"total_directness":0.69947286368903916},"geometry":{"type":"LineString","coordinates":[[2.2937434,48.8646295],[2.2943109,48.865372],[2.2953095,48.8671007],[2.2953643,48.8671955],[2.2954036,48.8672635],[2.2955624,48.8674799],[2.2957138,48.8679213],[2.2957137,48.8681836],[2.2957135,48.8686428],[2.2957156,48.8687422],[2.2957398,48.8694361],[2.2957432,48.8695337],[2.2957337,48.8696335],[2.2956377,48.870118],[2.2955747,48.8705071],[2.2955549,48.8706273],[2.2954709,48.8711503],[2.295363,48.8717923],[2.2953323,48.8719688],[2.2952868,48.872199],[2.2949802,48.8736815]]}},
{"type":"Feature","properties":{"ordering":40,"bikenet_hierarchy":"primary","road_hierarchy":"primary","length":509.93184537124114,"total_length":217798.43209091059,"total_coverage":86662946.987419307,"total_directness":0.70565840800426027},"geometry":{"type":"LineString","coordinates":[[2.2980745,48.8777857],[2.29718,48.8767306],[2.2969281,48.8763899],[2.2968738,48.8763148],[2.2968292,48.8762526],[2.2966395,48.875988],[2.2965695,48.8758928],[2.2965316,48.8758402],[2.2962423,48.8754383],[2.2961769,48.8753505],[2.2949802,48.8736815]]}},
{"type":"Feature","properties":{"ordering":41,"bikenet_hierarchy":"primary","road_hierarchy":"secondary","length":768.78204309507532,"total_length":218567.21413400568,"total_coverage":86955845.014050484,"total_directness":0.70168813771680727},"geometry":{"type":"LineString","coordinates":[[2.3952005,48.8752443],[2.3949479,48.8752458],[2.3948043,48.8752527],[2.3939587,48.8753053],[2.3939172,48.8753071],[2.3935606,48.8753222],[2.3927021,48.8754075],[2.3924919,48.8754339],[2.3922838,48.8754525],[2.3920852,48.8754712],[2.3920014,48.8754693],[2.3897184,48.8753104],[2.3895122,48.8752334],[2.389291,48.875108],[2.3889231,48.8749359],[2.3877743,48.8746856],[2.3874522,48.8746703],[2.387361,48.8746653],[2.3863646,48.8744368],[2.3862848,48.8744031],[2.3857475,48.874124],[2.3855247,48.8740004],[2.3853197,48.8739244]]}},
{"type":"Feature","properties":{"ordering":42,"bikenet_hierarchy":"primary","road_hierarchy":"primary","length":111.10513274776896,"total_length":218678.31926675345,"total_coverage":86956032.515439644,"total_directness":0.70227653307467675},"geometry":{"type":"LineString","coordinates":[[2.3646698,48.8200999],[2.3648139,48.8201443],[2.3648749,48.8201653],[2.3657635,48.8204536],[2.3660278,48.8205404]]}},
{"type":"Feature","properties":{"ordering":43,"bikenet_hierarchy":"secondary","road_hierarchy":"secondary","length":454.18983346701134,"total_length":219132.50910022046,"total_coverage":86956032.5154396,"total_directness":0.70269694388530946},"geometry":{"type":"LineString","coordinates":[[2.316377,48.8813903],[2.3167937,48.8811727],[2.3169325,48.8811265],[2.3170091,48.8811011],[2.3175733,48.8809132],[2.3183579,48.880651],[2.3190616,48.8804178],[2.3191845,48.8803774],[2.3193576,48.8803215],[2.319906,48.8801368],[2.3204307,48.8799621],[2.3206912,48.8798796],[2.3209531,48.8797882],[2.3215757,48.8795809],[2.3218476,48.8794904]]}},
{"type":"Feature","properties":{"ordering":44,"bikenet_hierarchy":"primary","road_hierarchy":"tertiary","length":496.49003652928849,"total_length":219628.99913674974,"total_coverage":86956032.51543963,"total_directness":0.7031388297394966},"geometry":{"type":"LineString","coordinates":[[2.3770084,48.8721037],[2.376876,48.8720452],[2.376804,48.8720138],[2.3767071,48.8719728],[2.3760161,48.8717202],[2.3758813,48.8716752],[2.3757002,48.871611],[2.3752067,48.8714281],[2.3750754,48.8713818],[2.3746999,48.8712562],[2.3746456,48.8712369],[2.3745371,48.8711995],[2.3741203,48.8710389],[2.3739418,48.8709568],[2.3735065,48.8707721],[2.373,48.8706021],[2.3728843,48.8705636],[2.3727993,48.8705352],[2.3716798,48.8701989],[2.3715364,48.870153],[2.3711454,48.8700319],[2.3710483,48.8700004]]}},
{"type":"Feature","properties":{"ordering":45,"bikenet_hierarchy":"secondary","road_hierarchy":"tertiary","length":238.14797617452896,"total_length":219867.14711292426,"total_coverage":86956032.51543954,"total_directness":0.703660160364453},"geometry":{"type":"LineString","coordinates":[[2.2619205,48.8452396],[2.2617548,48.8452425],[2.2606399,48.8452657],[2.2604653,48.8452715],[2.2603147,48.8452909],[2.2589915,48.845318],[2.2587948,48.8453255],[2.2586805,48.8453291]]}},
{"type":"Feature","properties":{"ordering":46,"bikenet_hierarchy":"secondary","road_hierarchy":"primary","length":229.57258266014657,"total_length":220096.71969558441,"total_coverage":86958577.082569286,"total_directness":0.7024695589127028},"geometry":{"type":"LineString","coordinates":[[2.3258444,48.8560961],[2.3257491,48.8561408],[2.3253757,48.8563955],[2.3245982,48.8569724],[2.323896,48.857698]]}},
{"type":"Feature","properties":{"ordering":47,"bikenet_hierarchy":"secondary","road_hierarchy":"secondary","length":195.86750375642532,"total_length":220292.58719934084,"total_coverage":86958577.934200689,"total_directness":0.70386141313563355},"geometry":{"type":"LineString","coordinates":[[2.3518495,48.836787],[2.3517443,48.8369633],[2.3515019,48.8372922],[2.3512624,48.8376436],[2.3512193,48.8377068],[2.3511214,48.8378594],[2.3510175,48.8380175],[2.3508166,48.8384091]]}},
{"type":"Feature","properties":{"ordering":48,"bikenet_hierarchy":"secondary","road_hierarchy":"quaternary","length":521.88589973330079,"total_length":220814.47309907415,"total_coverage":86958577.934200689,"total_directness":0.7048631173251394},"geometry":{"type":"LineString","coordinates":[[2.3303979,48.8222335],[2.3304315,48.8223154],[2.3304658,48.8223988],[2.3307267,48.8230956],[2.3308838,48.8235327],[2.3309091,48.8236428],[2.3309215,48.8236975],[2.3310007,48.8240001],[2.3310097,48.8240245],[2.3311309,48.8243716],[2.3311495,48.8244291],[2.3312462,48.8246859],[2.331264,48.8247495],[2.3312878,48.8248143],[2.3314751,48.8253432],[2.3315847,48.8256532],[2.3316641,48.8258735],[2.3316904,48.8259438],[2.3317236,48.8260274],[2.3318364,48.8262836],[2.3320606,48.826794]]}},
{"type":"Feature","properties":{"ordering":49,"bikenet_hierarchy":"secondary","road_hierarchy":"primary","length":569.21193944311221,"total_length":221383.68503851726,"total_coverage":86972971.320089906,"total_directness":0.70454805976908497},"geometry":{"type":"LineString","coordinates":[[2.3358949,48.8531684],[2.3369006,48.8529231],[2.3369916,48.852902],[2.3371046,48.8528749],[2.3377361,48.8527246],[2.3378252,48.8527035],[2.3386295,48.852505],[2.3387535,48.8524745],[2.3389515,48.8524265],[2.3392548,48.8523571],[2.3399448,48.852191],[2.3402953,48.852103],[2.3414433,48.8518287],[2.3419567,48.851698],[2.3429952,48.8514416],[2.3431724,48.8513977]]}},
{"type":"Feature","properties":{"ordering":50,"bikenet_hierarchy":"secondary","road_hierarchy":"primary","length":199.88714161274157,"total_length":221583.57218013,"total_coverage":86972971.320089862,"total_directness":0.70412437064906408},"geometry":{"type":"LineString","coordinates":[[2.3358949,48.8531684],[2.3355934,48.8532469],[2.3355212,48.8532648],[2.3353518,48.8533073],[2.3346609,48.8534747],[2.3341985,48.8535865],[2.3337081,48.8537056],[2.3333421,48.8537953]]}},
{"type":"Feature","properties":{"ordering":51,"bikenet_hierarchy":"secondary","road_hierarchy":"tertiary","length":412.38670490559048,"total_length":221995.95888503559,"total_coverage":86972971.320089877,"total_directness":0.70417481675638582},"geometry":{"type":"LineString","coordinates":[[2.3912033,48.8373028],[2.3913058,48.8373595],[2.3914856,48.8374899],[2.3956167,48.8395932]]}},
{"type":"Feature","properties":{"ordering":52,"bikenet_hierarchy":"secondary","road_hierarchy":"primary","length":326.25606974129977,"total_length":222322.21495477689,"total_coverage":86974050.356239408,"total_directness":0.70378011897135051},"geometry":{"type":"LineString","coordinates":[[2.3102995,48.853913],[2.3112254,48.8538672],[2.3114414,48.8538564],[2.314733,48.8536931]]}},
{"type":"Feature","properties":{"ordering":53,"bikenet_hierarchy":"secondary","road_hierarchy":"secondary","length":357.68972962663145,"total_length":222679.9046844035,"total_coverage":86974050.356239304,"total_directness":0.70413203332896834},"geometry":{"type":"LineString","coordinates":[[2.3320454,48.8638185],[2.3320515,48.8637024],[2.3309105,48.8621439],[2.3301721,48.8611229],[2.3300977,48.8610184],[2.3300717,48.8608967]]}},
{"type":"Feature","properties":{"ordering":54,"bikenet_hierarchy":"secondary","road_hierarchy":"quaternary","length":324.77478437003111,"total_length":223004.67946877354,"total_coverage":86974050.356239393,"total_directness":0.70368422703805433},"geometry":{"type":"LineString","coordinates":[[2.3105047,48.8514584],[2.3094086,48.8513068],[2.3093253,48.8512997],[2.3086874,48.8512423],[2.3072096,48.8511103],[2.3070227,48.8510936],[2.3068195,48.8510786],[2.306469,48.8510533],[2.3061301,48.8510287]]}},
{"type":"Feature","properties":{"ordering":55,"bikenet_hierarchy":"secondary","road_hierarchy":"tertiary","length":258.36556180107573,"total_length":223263.04503057463,"total_coverage":86974050.356239289,"total_directness":0.70294666385594862},"geometry":{"type":"LineString","coordinates":[[2.3085681,48.8527049],[2.308412,48.8525977],[2.3075854,48.8520289],[2.3067694,48.8514698],[2.3066597,48.8513939],[2.3061301,48.8510287]]}},
{"type":"Feature","properties":{"ordering":56,"bikenet_hierarchy":"secondary","road_hierarchy":"quaternary","length":451.67899741094669,"total_length":223714.72402798556,"total_coverage":86974050.356239438,"total_directness":0.70441940886528964},"geometry":{"type":"LineString","coordinates":[[2.3549444,48.8543758],[2.3548277,48.8542555],[2.3548027,48.8542288],[2.354059,48.8534679],[2.3513621,48.8512262],[2.3513069,48.851112]]}},
{"type":"Feature","properties":{"ordering":57,"bikenet_hierarchy":"primary","road_hierarchy":"secondary","length":1491.5425513124046,"total_length":225206.26657929798,"total_coverage":87232436.650189415,"total_directness":0.70554539255502802},"geometry":{"type":"LineString","coordinates":[[2.2949802,48.8736815],[2.2926917,48.8735747],[2.2924658,48.873552],[2.2876019,48.8730147],[2.2847565,48.8727016],[2.2845692,48.8726811],[2.2843746,48.8726596],[2.2837951,48.8725959],[2.283004,48.8725089],[2.2796714,48.8721428],[2.2767446,48.8718261],[2.2765302,48.8718025],[2.2748982,48.8716174]]}},
{"type":"Feature","properties":{"ordering":58,"bikenet_hierarchy":"primary","road_hierarchy":"primary","length":332.11640367174448,"total_length":225538.38298296972,"total_coverage":87377957.602965355,"total_directness":0.70489380038549265},"geometry":{"type":"LineString","coordinates":[[2.3038881,48.8901461],[2.3040371,48.8898754],[2.3042426,48.8891166],[2.3042699,48.8890266],[2.3043223,48.8888535],[2.3043499,48.8887622],[2.3049444,48.8872456]]}},
{"type":"Feature","properties":{"ordering":59,"bikenet_hierarchy":"secondary","road_hierarchy":"tertiary","length":308.44664300443856,"total_length":225846.82962597415,"total_coverage":87377957.602965191,"total_directness":0.70499559579705906},"geometry":{"type":"LineString","coordinates":[[2.4062071,48.8474149],[2.4061884,48.8472361],[2.4062327,48.8471481],[2.4062134,48.8470932],[2.406053,48.8462847],[2.4060253,48.8461452],[2.4057687,48.8448544],[2.4057386,48.8447221],[2.4057273,48.8446689]]}},
{"type":"Feature","properties":{"ordering":60,"bikenet_hierarchy":"primary","road_hierarchy":"quaternary","length":260.0537964658875,"total_length":226106.88342244003,"total_coverage":87377957.602965266,"total_directness":0.70607493946031419},"geometry":{"type":"LineString","coordinates":[[2.3265939,48.8755725],[2.3267263,48.8756559],[2.3267672,48.8756971],[2.326879,48.8761678],[2.3269162,48.87711],[2.3269186,48.8771636],[2.3269423,48.8777006],[2.3269464,48.8777905],[2.3269497,48.8778593]]}},
{"type":"Feature","properties":{"ordering":61,"bikenet_hierarchy":"secondary","road_hierarchy":"secondary","length":840.1225922366408,"total_length":226947.00601467668,"total_coverage":87390240.966251671,"total_directness":0.70802642478539213},"geometry":{"type":"LineString","coordinates":[[2.3436015,48.8681507],[2.343656,48.8680467],[2.3437648,48.8677839],[2.3439549,48.8673275],[2.3439373,48.8672526],[2.3438568,48.8668406],[2.3438436,48.866764],[2.3438029,48.8666722],[2.34333,48.8657781],[2.3433102,48.8657386],[2.3431283,48.86538],[2.343086,48.8652925],[2.3430429,48.8652102],[2.3427051,48.8645721],[2.342661,48.8644887],[2.3425585,48.864284],[2.3424101,48.8639994],[2.3423575,48.863896],[2.3422933,48.8637699],[2.3419685,48.8631537],[2.3419462,48.8631096],[2.3418744,48.8629684],[2.3418404,48.8629013],[2.3417048,48.8626344],[2.3415931,48.8624179],[2.3415369,48.8623157],[2.3412504,48.8617628],[2.3411846,48.8616369],[2.3409318,48.8611339],[2.3408793,48.8610294],[2.3408451,48.8609613]]}},
{"type":"Feature","properties":{"ordering":62,"bikenet_hierarchy":"secondary","road_hierarchy":"tertiary","length":90.925188958071956,"total_length":227037.93120363477,"total_coverage":87390240.966251791,"total_directness":0.70811163129638022},"geometry":{"type":"LineString","coordinates":[[2.3711594,48.8642025],[2.3710606,48.8641603],[2.3708154,48.8640531],[2.3706775,48.8639984],[2.3705945,48.8639652],[2.3702574,48.8638256],[2.3701149,48.8637626]]}},
{"type":"Feature","properties":{"ordering":63,"bikenet_hierarchy":"secondary","road_hierarchy":"primary","length":294.59927905958807,"total_length":227332.53048269436,"total_coverage":87392111.65158084,"total_directness":0.70939307859288758},"geometry":{"type":"LineString","coordinates":[[2.3062968,48.8541144],[2.3066252,48.8541062],[2.3069236,48.8540882],[2.3072109,48.8540736],[2.3074151,48.8540632],[2.3084536,48.85401],[2.3085403,48.8540057],[2.309409,48.8539614],[2.309542,48.8539546],[2.309693,48.8539452],[2.3102995,48.853913]]}},
{"type":"Feature","properties":{"ordering":64,"bikenet_hierarchy":"secondary","road_hierarchy":"tertiary","length":469.44126667293256,"total_length":227801.97174936728,"total_coverage":87392124.330429643,"total_directness":0.71151439257144611},"geometry":{"type":"LineString","coordinates":[[2.3016514,48.8480224],[2.3017816,48.8481016],[2.301929,48.8481541],[2.3023805,48.8484647],[2.3024605,48.8485204],[2.3025757,48.8486001],[2.3036025,48.8493155],[2.3037705,48.8494246],[2.3038685,48.8494901],[2.3039435,48.8495402],[2.3051463,48.8503458],[2.305252,48.8504243],[2.3057915,48.8508044],[2.3061301,48.8510287]]}},
{"type":"Feature","properties":{"ordering":65,"bikenet_hierarchy":"secondary","road_hierarchy":"quaternary","length":454.09584406695723,"total_length":228256.06759343424,"total_coverage":87392124.330429599,"total_directness":0.71173446475161772},"geometry":{"type":"LineString","coordinates":[[2.3685092,48.8761438],[2.3683492,48.8760046],[2.368126,48.8758107],[2.3678047,48.8755561],[2.3675548,48.875404],[2.3671888,48.8751669],[2.3670319,48.8750624],[2.3667833,48.8749025],[2.3663589,48.8746327],[2.3662509,48.8745681],[2.3657309,48.8742346],[2.364984,48.8737573],[2.3649045,48.8737069],[2.3648042,48.873641],[2.3642659,48.8732799],[2.3641902,48.873226]]}},
{"type":"Feature","properties":{"ordering":66,"bikenet_hierarchy":"primary","road_hierarchy":"quaternary","length":311.77822134275374,"total_length":228567.84581477699,"total_coverage":87392124.330429673,"total_directness":0.71349131521766307},"geometry":{"type":"LineString","coordinates":[[2.3638296,48.8675553],[2.3676207,48.8688224]]}},
{"type":"Feature","properties":{"ordering":67,"bikenet_hierarchy":"secondary","road_hierarchy":"tertiary","length":302.7728214143915,"total_length":228870.61863619139,"total_coverage":87392124.330429643,"total_directness":0.71326510780513452},"geometry":{"type":"LineString","coordinates":[[2.3424643,48.8584826],[2.3423422,48.8583329],[2.3415203,48.8573177],[2.3413568,48.8571372],[2.3411859,48.856958],[2.3410051,48.8567498],[2.3405335,48.8562136],[2.3404015,48.8561313]]}},
{"type":"Feature","properties":{"ordering":68,"bikenet_hierarchy":"secondary","road_hierarchy":"secondary","length":795.13779256956241,"total_length":229665.75642876094,"total_coverage":87511696.416094318,"total_directness":0.71319104877218553},"geometry":{"type":"LineString","coordinates":[[2.3026608,48.8842578],[2.3025318,48.8840781],[2.3020099,48.8833643],[2.3019395,48.8832695],[2.3018769,48.883182],[2.3011631,48.8821905],[2.3011185,48.8821356],[2.3010616,48.8820505],[2.3008715,48.8817888],[2.3007775,48.8816628],[2.3006962,48.8815548],[2.3006296,48.8814602],[2.3002774,48.8809783],[2.3002268,48.880911],[2.3000972,48.8807325],[2.2998096,48.8803514],[2.2997095,48.8802133],[2.2994052,48.8797931],[2.2993092,48.8796593],[2.2985995,48.8786858],[2.2985472,48.8785076],[2.2980745,48.8777857]]}},
{"type":"Feature","properties":{"ordering":69,"bikenet_hierarchy":"secondary","road_hierarchy":"secondary","length":387.27713786306958,"total_length":230053.03356662401,"total_coverage":87517546.582569286,"total_directness":0.71307140243716982},"geometry":{"type":"LineString","coordinates":[[2.3026608,48.8842578],[2.3023494,48.8843006],[2.3012307,48.8844401],[2.3011045,48.8844558],[2.300987,48.884472],[2.2992842,48.8846904],[2.2991911,48.8847009],[2.2988234,48.8847445],[2.2983127,48.8848444],[2.2974925,48.8849649]]}},
{"type":"Feature","properties":{"ordering":70,"bikenet_hierarchy":"primary","road_hierarchy":"primary","length":515.75165057641698,"total_length":230568.78521720043,"total_coverage":87520332.694777206,"total_directness":0.71644734739198168},"geometry":{"type":"LineString","coordinates":[[2.3617567,48.8399826],[2.3619839,48.840258],[2.3621238,48.8404222],[2.3624516,48.8408645],[2.3631949,48.841856],[2.3632809,48.8419749],[2.3635401,48.8423212],[2.3636584,48.8424708],[2.3638588,48.8427499],[2.3640696,48.8430559],[2.364167,48.843199],[2.3642587,48.8433098],[2.3643628,48.8434335],[2.364668,48.8436927],[2.364813,48.8438738],[2.3649801,48.8440958]]}},
{"type":"Feature","properties":{"ordering":71,"bikenet_hierarchy":"secondary","road_hierarchy":"secondary","length":789.07026203398459,"total_length":231357.85547923442,"total_coverage":87520958.88157323,"total_directness":0.71656353398613448},"geometry":{"type":"LineString","coordinates":[[2.3803171,48.8577681],[2.3800457,48.8576494],[2.3799868,48.8576273],[2.3796975,48.85745],[2.3795879,48.85725],[2.3795528,48.8571879],[2.3792492,48.856658],[2.3788173,48.8559181],[2.3787055,48.8557065],[2.3785909,48.85552],[2.378178,48.8548168],[2.3781359,48.8547443],[2.3779848,48.8544776],[2.3779125,48.8543465],[2.3775807,48.8537774],[2.3773735,48.8534219],[2.3772848,48.8532731],[2.3772195,48.8531559],[2.3768757,48.85257],[2.3768457,48.8525185],[2.3761958,48.8514042],[2.3761436,48.8513069]]}},
{"type":"Feature","properties":{"ordering":72,"bikenet_hierarchy":"primary","road_hierarchy":"secondary","length":384.22739972128005,"total_length":231742.0828789557,"total_coverage":87520958.88157329,"total_directness":0.71797564417739757},"geometry":{"type":"LineString","coordinates":[[2.3151948,48.8437119],[2.3153234,48.84375],[2.3161474,48.8440008],[2.3175929,48.8444027],[2.3176931,48.8444207],[2.3178453,48.8444471],[2.3183532,48.8445884],[2.3188066,48.8447147],[2.3199774,48.8451079]]}},
{"type":"Feature","properties":{"ordering":73,"bikenet_hierarchy":"secondary","road_hierarchy":"tertiary","length":840.51120593584801,"total_length":232582.59408489155,"total_coverage":87598576.88011992,"total_directness":0.7317375966986136},"geometry":{"type":"LineString","coordinates":[[2.392682,48.8771655],[2.3925065,48.8771914],[2.3921526,48.877288],[2.3919364,48.8774528],[2.39173,48.8776235],[2.3911838,48.8780927],[2.3911048,48.8781637],[2.391001,48.8782501],[2.3899326,48.8791886],[2.3896539,48.8794483],[2.3896059,48.8794893],[2.3895182,48.8795803],[2.3894025,48.8796642],[2.3883189,48.8805928],[2.3882544,48.8806553],[2.3881518,48.8807405],[2.3871752,48.8815913],[2.3863485,48.882316],[2.3856428,48.8829321],[2.3855547,48.8830059]]}},
{"type":"Feature","properties":{"ordering":74,"bikenet_hierarchy":"secondary","road_hierarchy":"secondary","length":382.93847788568542,"total_length":232965.53256277723,"total_coverage":87598576.88011995,"total_directness":0.73191247192820408},"geometry":{"type":"LineString","coordinates":[[2.3452101,48.8259416],[2.3453558,48.825934],[2.3464545,48.8257768],[2.3465869,48.825757],[2.3467259,48.8257348],[2.3471195,48.8256688],[2.3472127,48.8256558],[2.3473105,48.8256515],[2.3478873,48.8256771],[2.3480276,48.8256859],[2.3481416,48.8256913],[2.3483503,48.8257013],[2.3484296,48.8257058],[2.3485368,48.8257113],[2.3502053,48.8257987],[2.3503663,48.8258178]]}},
{"type":"Feature","properties":{"ordering":75,"bikenet_hierarchy":"secondary","road_hierarchy":"primary","length":307.59330746999314,"total_length":233273.12587024723,"total_coverage":87598576.880119845,"total_directness":0.73207504690970793},"geometry":{"type":"LineString","coordinates":[[2.3139627,48.867754],[2.3139768,48.8676308],[2.3139898,48.867517],[2.3139457,48.8671384],[2.3138968,48.866707],[2.3138518,48.8663393],[2.3137948,48.8658218],[2.3137166,48.8650906],[2.3137066,48.8649955]]}},
{"type":"Feature","properties":{"ordering":76,"bikenet_hierarchy":"secondary","road_hierarchy":"secondary","length":567.82422260208739,"total_length":233840.95009284932,"total_coverage":87617713.672382995,"total_directness":0.73213885336347218},"geometry":{"type":"LineString","coordinates":[[2.3319308,48.8524605],[2.3317176,48.8522325],[2.331184,48.8516615],[2.3311169,48.8515902],[2.3310516,48.8515198],[2.3307239,48.8511475],[2.330543,48.8509525],[2.3300189,48.8503835],[2.3299153,48.8502713],[2.3297737,48.8501089],[2.329638,48.8499652],[2.3288474,48.8490965],[2.3287367,48.8489755],[2.3286317,48.8488596],[2.3281041,48.8482804],[2.3279334,48.8480887]]}},
{"type":"Feature","properties":{"ordering":77,"bikenet_hierarchy":"secondary","road_hierarchy":"secondary","length":867.13516986218724,"total_length":234708.08526271151,"total_coverage":87617713.672382981,"total_directness":0.73218671171870808},"geometry":{"type":"LineString","coordinates":[[2.2974925,48.8849649],[2.2936761,48.8828531],[2.2920321,48.8819624],[2.291911,48.881894],[2.2913748,48.8816083],[2.2912713,48.8815502],[2.290018,48.8808771],[2.2898906,48.8808079],[2.2892063,48.8804517],[2.2885692,48.8800941],[2.288498,48.8800599],[2.2883819,48.8799954]]}},
{"type":"Feature","properties":{"ordering":78,"bikenet_hierarchy":"secondary","road_hierarchy":"tertiary","length":152.67089847670817,"total_length":234860.75616118821,"total_coverage":87617713.672383085,"total_directness":0.73270674977043837},"geometry":{"type":"LineString","coordinates":[[2.3410134,48.8750946],[2.3410623,48.8750366],[2.3411224,48.8749751],[2.3413623,48.8747698],[2.3422351,48.8741342],[2.3423548,48.8740484]]}},
{"type":"Feature","properties":{"ordering":79,"bikenet_hierarchy":"secondary","road_hierarchy":"tertiary","length":284.16518396986248,"total_length":235144.92134515807,"total_coverage":87617713.67238304,"total_directness":0.73355144240617587},"geometry":{"type":"LineString","coordinates":[[2.3495234,48.8796827],[2.3493228,48.8791539],[2.3491191,48.8774595],[2.3491,48.8774234],[2.3490335,48.8772917],[2.3489568,48.8771681]]}},
{"type":"Feature","properties":{"ordering":80,"bikenet_hierarchy":"primary","road_hierarchy":"primary","length":540.02802867031983,"total_length":235684.94937382839,"total_coverage":87617713.672383025,"total_directness":0.73588109064633822},"geometry":{"type":"LineString","coordinates":[[2.3667404,48.8631027],[2.3666536,48.8632523],[2.3663736,48.8637244],[2.3663347,48.8637853],[2.3659175,48.8644668],[2.3657985,48.864674],[2.3656493,48.8649241],[2.3654431,48.8652571],[2.3653774,48.8653705],[2.3650601,48.8658648],[2.3647708,48.8664006],[2.3638296,48.8675553]]}},
{"type":"Feature","properties":{"ordering":81,"bikenet_hierarchy":"secondary","road_hierarchy":"tertiary","length":1160.3711911162281,"total_length":236845.32056494462,"total_coverage":87620379.053349584,"total_directness":0.7362813214849615},"geometry":{"type":"LineString","coordinates":[[2.3107374,48.8728365],[2.3109066,48.8727789],[2.3122448,48.8723184],[2.3125564,48.8722245],[2.3127813,48.8721564],[2.313062,48.8720793],[2.3140577,48.8717992],[2.3141902,48.8717654],[2.3142904,48.8717342],[2.3153915,48.8714298],[2.3157095,48.8713388],[2.3160445,48.8712256],[2.3161218,48.8711995],[2.3162915,48.8711168],[2.3174674,48.8704592],[2.3176551,48.8703495],[2.3177214,48.8703134],[2.3184181,48.8699336],[2.319034,48.8696233],[2.3199307,48.869305],[2.3200441,48.8692678],[2.3204101,48.8691491],[2.3217621,48.8688027],[2.3219081,48.8687766],[2.3245898,48.8679458]]}},
{"type":"Feature","properties":{"ordering":82,"bikenet_hierarchy":"primary","road_hierarchy":"primary","length":518.04883090206374,"total_length":237363.36939584668,"total_coverage":87620965.211625069,"total_directness":0.73743108532496771},"geometry":{"type":"LineString","coordinates":[[2.2867276,48.8566741],[2.2880303,48.8577643],[2.2882895,48.8580452],[2.2890041,48.8586131],[2.2906557,48.8598986],[2.290717,48.859948],[2.2907772,48.8599964],[2.2911506,48.8603008]]}},
{"type":"Feature","properties":{"ordering":83,"bikenet_hierarchy":"primary","road_hierarchy":"primary","length":169.84458061173601,"total_length":237533.21397645841,"total_coverage":87620965.21162498,"total_directness":0.74608372032622761},"geometry":{"type":"LineString","coordinates":[[2.3252387,48.8707509],[2.3254358,48.8706983],[2.3255925,48.8706339],[2.325189,48.8693969]]}},
{"type":"Feature","properties":{"ordering":84,"bikenet_hierarchy":"secondary","road_hierarchy":"tertiary","length":132.46957796419414,"total_length":237665.68355442261,"total_coverage":87620965.21162498,"total_directness":0.74845597354757654},"geometry":{"type":"LineString","coordinates":[[2.329653,48.8846418],[2.3309072,48.8854991]]}},
{"type":"Feature","properties":{"ordering":85,"bikenet_hierarchy":"secondary","road_hierarchy":"tertiary","length":414.55142414134724,"total_length":238080.23497856397,"total_coverage":87658635.652915612,"total_directness":0.74831073292110495},"geometry":{"type":"LineString","coordinates":[[2.305963,48.8748165],[2.3060408,48.874761],[2.3073281,48.8742394],[2.3074361,48.8742061],[2.3075276,48.8741757],[2.3084496,48.8738273],[2.3085548,48.8737798],[2.309147,48.8734934],[2.3098205,48.873192],[2.3100236,48.8730914],[2.3101758,48.8730274],[2.3104895,48.8729207],[2.3105486,48.8729006],[2.3107374,48.8728365]]}},
{"type":"Feature","properties":{"ordering":86,"bikenet_hierarchy":"secondary","road_hierarchy":"tertiary","length":198.55413345286883,"total_length":238278.78911201682,"total_coverage":87658635.652915552,"total_directness":0.74851957305106409},"geometry":{"type":"LineString","coordinates":[[2.3105047,48.8514584],[2.3102845,48.8515946],[2.3101975,48.8516493],[2.3100583,48.8517413],[2.3099219,48.8518312],[2.3098675,48.8518658],[2.3087309,48.8525885],[2.3085681,48.8527049]]}},
{"type":"Feature","properties":{"ordering":87,"bikenet_hierarchy":"secondary","road_hierarchy":"tertiary","length":1391.8953136594419,"total_length":239670.68442567627,"total_coverage":88070612.922471404,"total_directness":0.74742237794374611},"geometry":{"type":"LineString","coordinates":[[2.264134,48.8479827],[2.2666761,48.8497726],[2.2671474,48.8506179],[2.2672014,48.8507148],[2.267311,48.8509147],[2.2674004,48.8510771],[2.2676071,48.8514515],[2.268086,48.8523289],[2.2681401,48.8524277],[2.2681888,48.8525165],[2.2682341,48.8526079],[2.2682629,48.8526528],[2.2684446,48.8529833],[2.2687231,48.8534915],[2.2689467,48.8538994],[2.2689868,48.8539726],[2.2692852,48.8545266],[2.2693711,48.8546787],[2.2694134,48.854729],[2.270173,48.8555065],[2.2702205,48.855554],[2.2703708,48.855649],[2.2715465,48.856377],[2.2717321,48.85649],[2.2718977,48.8565946],[2.2720813,48.8567087],[2.2729596,48.8572506],[2.2730326,48.857301],[2.2731342,48.857357],[2.2735843,48.8576482],[2.2744027,48.8581737]]}},
{"type":"Feature","properties":{"ordering":88,"bikenet_hierarchy":"secondary","road_hierarchy":"quaternary","length":72.128816747816941,"total_length":239742.81324242408,"total_coverage":88070612.922471523,"total_directness":0.74748969588710701},"geometry":{"type":"LineString","coordinates":[[2.3240066,48.8372329],[2.3239245,48.837185],[2.3235206,48.8369706],[2.3233979,48.8369051],[2.3232462,48.8368222]]}},
{"type":"Feature","properties":{"ordering":89,"bikenet_hierarchy":"primary","road_hierarchy":"primary","length":252.96059594987921,"total_length":239995.77383837398,"total_coverage":88086104.845883846,"total_directness":0.74772840966978205},"geometry":{"type":"LineString","coordinates":[[2.3103841,48.8826266],[2.3106695,48.8823941],[2.3111858,48.8819735],[2.311275,48.8818973],[2.3113748,48.8818075],[2.3121491,48.8811844],[2.3123644,48.881006],[2.31254,48.8808513]]}},
{"type":"Feature","properties":{"ordering":90,"bikenet_hierarchy":"primary","road_hierarchy":"quaternary","length":160.26537727957395,"total_length":240156.03921565352,"total_coverage":88086104.845883772,"total_directness":0.74871300379557926},"geometry":{"type":"LineString","coordinates":[[2.3496749,48.8580771],[2.3496061,48.8579777],[2.3492899,48.8573958],[2.348955,48.8567171]]}},
{"type":"Feature","properties":{"ordering":91,"bikenet_hierarchy":"secondary","road_hierarchy":"quaternary","length":635.01888901264317,"total_length":240791.05810466618,"total_coverage":88086104.845883712,"total_directness":0.74926924455862265},"geometry":{"type":"LineString","coordinates":[[2.383273,48.8849907],[2.3831858,48.8849698],[2.382578,48.8848787],[2.3824996,48.8848733],[2.3819704,48.8848321],[2.3814052,48.8847889],[2.381267,48.8847847],[2.3811819,48.884782],[2.3799734,48.8846937],[2.3798078,48.8846821],[2.3796744,48.8846703],[2.3790169,48.8846264],[2.3788438,48.8845615],[2.3787553,48.8845175],[2.377859,48.8840301],[2.377811,48.8840029],[2.3777106,48.8839487],[2.3770347,48.8835687],[2.3769401,48.883517],[2.3767665,48.8834209],[2.3766931,48.8833809],[2.3758385,48.8829006],[2.3756503,48.882802]]}},
{"type":"Feature","properties":{"ordering":92,"bikenet_hierarchy":"secondary","road_hierarchy":"tertiary","length":436.22609507206005,"total_length":241227.28419973823,"total_coverage":88086104.845883757,"total_directness":0.75017848043186108},"geometry":{"type":"LineString","coordinates":[[2.2838259,48.8774748],[2.2858955,48.8786661],[2.2874476,48.8794944],[2.2881924,48.8798904],[2.2882643,48.8799313],[2.2883819,48.8799954]]}},
{"type":"Feature","properties":{"ordering":93,"bikenet_hierarchy":"secondary","road_hierarchy":"primary","length":387.48630060807199,"total_length":241614.77050034632,"total_coverage":88092112.355577245,"total_directness":0.75033820389448036},"geometry":{"type":"LineString","coordinates":[[2.2843728,48.8810299],[2.2840496,48.8807719],[2.2823817,48.8794106],[2.2822886,48.8793429],[2.2818972,48.8791066],[2.2809704,48.8783686]]}},
{"type":"Feature","properties":{"ordering":94,"bikenet_hierarchy":"secondary","road_hierarchy":"secondary","length":99.812140804385919,"total_length":241714.58264115069,"total_coverage":88092112.35557729,"total_directness":0.75242379332076448},"geometry":{"type":"LineString","coordinates":[[2.3165985,48.8468182],[2.3164798,48.8467819],[2.3163907,48.846752],[2.3154674,48.8464687],[2.3153669,48.8464376]]}},
{"type":"Feature","properties":{"ordering":95,"bikenet_hierarchy":"primary","road_hierarchy":"primary","length":523.07702231158214,"total_length":242237.65966346228,"total_coverage":88092112.355577067,"total_directness":0.75944619561898852},"geometry":{"type":"LineString","coordinates":[[2.325189,48.8693969],[2.3252945,48.8694174],[2.3258699,48.8695736],[2.3264385,48.8696689],[2.326647,48.869703],[2.327658,48.8698739],[2.3279903,48.8699258],[2.3282322,48.8699589],[2.3290503,48.8700956],[2.3297848,48.8702203],[2.3300447,48.8702725],[2.3302957,48.8703198],[2.3318339,48.8705865],[2.3320659,48.8706246]]}},
{"type":"Feature","properties":{"ordering":96,"bikenet_hierarchy":"secondary","road_hierarchy":"tertiary","length":467.31888079183511,"total_length":242704.97854425412,"total_coverage":88092126.49211134,"total_directness":0.76011424102326675},"geometry":{"type":"LineString","coordinates":[[2.304262,48.8403778],[2.3048714,48.8393138],[2.3049039,48.8392569],[2.3049446,48.8391978],[2.305221,48.8387197],[2.3052683,48.8386397],[2.3053172,48.8385519],[2.3055066,48.8382104],[2.3059499,48.8374364],[2.3060695,48.8372276],[2.3062932,48.836822],[2.306345,48.8367284],[2.3064361,48.8365276],[2.3064794,48.8364393]]}},
{"type":"Feature","properties":{"ordering":97,"bikenet_hierarchy":"secondary","road_hierarchy":"secondary","length":270.54587482254459,"total_length":242975.52441907665,"total_coverage":88092126.492111161,"total_directness":0.76124623618112364},"geometry":{"type":"LineString","coordinates":[[2.3436015,48.8681507],[2.3434408,48.8681901],[2.342131,48.8684887],[2.3419889,48.8685199],[2.341904,48.868537],[2.3417962,48.8685583],[2.341335,48.86865],[2.3402135,48.8688769],[2.3400936,48.8688999]]}},
{"type":"Feature","properties":{"ordering":98,"bikenet_hierarchy":"primary","road_hierarchy":"primary","length":448.25063464522515,"total_length":243423.77505372188,"total_coverage":88092126.492111206,"total_directness":0.7613468428798934},"geometry":{"type":"LineString","coordinates":[[2.3341638,48.8709692],[2.3346225,48.8710504],[2.3347861,48.8710793],[2.3349511,48.8711081],[2.3359218,48.8712754],[2.3360463,48.8712963],[2.3367342,48.8714117],[2.3368838,48.8714373],[2.3371106,48.8714762],[2.3373097,48.8715107],[2.3377446,48.8715849],[2.3380395,48.8716381],[2.3380716,48.8716437],[2.3382629,48.8716742],[2.3384141,48.8717007],[2.3391706,48.8718305],[2.3392667,48.8718408],[2.3394545,48.8718601],[2.3398474,48.8719035],[2.3400527,48.8719982]]}},
{"type":"Feature","properties":{"ordering":99,"bikenet_hierarchy":"primary","road_hierarchy":"primary","length":613.16833591099635,"total_length":244036.94338963288,"total_coverage":88115697.447313368,"total_directness":0.76970852833518832},"geometry":{"type":"LineString","coordinates":[[2.2715161,48.8403249],[2.2715495,48.8403862],[2.2715936,48.8404251],[2.2758765,48.8450264]]}},
{"type":"Feature","properties":{"ordering":100,"bikenet_hierarchy":"primary","road_hierarchy":"secondary","length":923.18325154663432,"total_length":244960.12664117952,"total_coverage":88115697.447313681,"total_directness":0.76982946933272767},"geometry":{"type":"LineString","coordinates":[[2.3269322,48.8515056],[2.32663,48.8512664],[2.3255151,48.8508029],[2.3252847,48.8507068],[2.3251913,48.8506673],[2.3247133,48.8504734],[2.3246062,48.850432],[2.3242882,48.8502959],[2.32414,48.8502335],[2.3240412,48.8501839],[2.3232862,48.8498252],[2.3232213,48.8497927],[2.3220512,48.8492015],[2.321505,48.8489209],[2.3212457,48.8487846],[2.3206532,48.848481],[2.3205421,48.8484202],[2.3202916,48.8482905],[2.3201774,48.8482314],[2.3201147,48.8482012],[2.3197385,48.8480204],[2.3196976,48.8480001],[2.3194152,48.8478724],[2.3192905,48.847822],[2.3190811,48.847737],[2.3182773,48.847427],[2.3170315,48.8469779],[2.3169497,48.8469482],[2.3168275,48.8469032],[2.3165985,48.8468182]]}},
{"type":"Feature","properties":{"ordering":101,"bikenet_hierarchy":"secondary","road_hierarchy":"secondary","length":174.58160081374868,"total_length":245134.70824199327,"total_coverage":88115697.447313562,"total_directness":0.76992296523852777},"geometry":{"type":"LineString","coordinates":[[2.4062071,48.8474149],[2.4062537,48.847646],[2.4062759,48.8477702],[2.4063015,48.8478536],[2.4064197,48.847985],[2.4064675,48.8482278],[2.4065751,48.8488436],[2.4065708,48.8489527]]}},
{"type":"Feature","properties":{"ordering":102,"bikenet_hierarchy":"secondary","road_hierarchy":"tertiary","length":280.18605859875333,"total_length":245414.89430059202,"total_coverage":88115697.447313517,"total_directness":0.77048241791263783},"geometry":{"type":"LineString","coordinates":[[2.3682239,48.8569397],[2.3683941,48.8569872],[2.3687735,48.857094],[2.3689377,48.857144],[2.3697644,48.8574187],[2.3698374,48.8574425],[2.3716585,48.8580393]]}},
{"type":"Feature","properties":{"ordering":103,"bikenet_hierarchy":"secondary","road_hierarchy":"primary","length":291.13578271253238,"total_length":245706.03008330456,"total_coverage":88134955.638656154,"total_directness":0.7701631269815471},"geometry":{"type":"LineString","coordinates":[[2.3492339,48.8499302],[2.3491057,48.8499613],[2.3490046,48.849986],[2.3487445,48.8500494],[2.3484114,48.850132],[2.3481297,48.8502017],[2.3480124,48.8502317],[2.3475535,48.8503468],[2.3474562,48.8503716],[2.3473064,48.8504099],[2.3464294,48.8506265],[2.345937,48.8507461],[2.3456517,48.8508125],[2.3455155,48.8508423]]}},
{"type":"Feature","properties":{"ordering":104,"bikenet_hierarchy":"secondary","road_hierarchy":"secondary","length":279.88582045091738,"total_length":245985.91590375546,"total_coverage":88134967.099262148,"total_directness":0.77051736343023747},"geometry":{"type":"LineString","coordinates":[[2.2706024,48.8583577],[2.2726456,48.858296],[2.272881,48.8582891],[2.2737091,48.8582029],[2.2742983,48.858175],[2.2744027,48.8581737]]}},
{"type":"Feature","properties":{"ordering":105,"bikenet_hierarchy":"primary","road_hierarchy":"primary","length":327.51386539669869,"total_length":246313.42976915216,"total_coverage":88137590.436696097,"total_directness":0.77191307827361089},"geometry":{"type":"LineString","coordinates":[[2.2695351,48.8387987],[2.2698952,48.8385457],[2.2701423,48.8384304],[2.2705807,48.8382312],[2.27065,48.8381854],[2.2707627,48.8381329],[2.2715241,48.8378347],[2.2733014,48.8372591]]}},
{"type":"Feature","properties":{"ordering":106,"bikenet_hierarchy":"primary","road_hierarchy":"primary","length":418.88490318611122,"total_length":246732.31467233828,"total_coverage":88137590.436696246,"total_directness":0.77322839016185774},"geometry":{"type":"LineString","coordinates":[[2.3682239,48.8569397],[2.368236,48.8568863],[2.3683392,48.8564544],[2.3684419,48.8560246],[2.3684648,48.855943],[2.3684984,48.8558253],[2.3685253,48.8557101],[2.3687021,48.8549511],[2.3687336,48.8548148],[2.3688961,48.854164],[2.3689521,48.8540242],[2.3690327,48.8537704],[2.3690863,48.8532196]]}},
{"type":"Feature","properties":{"ordering":107,"bikenet_hierarchy":"primary","road_hierarchy":"primary","length":279.60121243281384,"total_length":247011.91588477109,"total_coverage":88137590.436696276,"total_directness":0.77779611953842409},"geometry":{"type":"LineString","coordinates":[[2.3676049,48.8458256],[2.3650856,48.8444364],[2.3649801,48.8440958]]}},
{"type":"Feature","properties":{"ordering":108,"bikenet_hierarchy":"secondary","road_hierarchy":"secondary","length":156.35406552981195,"total_length":247168.26995030089,"total_coverage":88137590.436696187,"total_directness":0.77894323068563398},"geometry":{"type":"LineString","coordinates":[[2.2673419,48.8637319],[2.2676584,48.8634034],[2.2682626,48.8632055],[2.268433,48.8631767],[2.269039,48.8629581]]}},
{"type":"Feature","properties":{"ordering":109,"bikenet_hierarchy":"secondary","road_hierarchy":"secondary","length":594.81079092838195,"total_length":247763.08074122929,"total_coverage":88137590.436696112,"total_directness":0.77991920274509485},"geometry":{"type":"LineString","coordinates":[[2.3103841,48.8826266],[2.3099462,48.8827182],[2.3098814,48.8827317],[2.3092065,48.8828729],[2.3090567,48.8829027],[2.3088686,48.882939],[2.3083266,48.8830575],[2.3074019,48.8832578],[2.307265,48.8832876],[2.3070305,48.8833353],[2.3060266,48.8835478],[2.3058121,48.8835944],[2.3049609,48.8837833],[2.3047736,48.8838166],[2.3044967,48.8838739],[2.3029742,48.8842019],[2.3026608,48.8842578]]}},
{"type":"Feature","properties":{"ordering":110,"bikenet_hierarchy":"secondary","road_hierarchy":"secondary","length":495.12557213598376,"total_length":248258.20631336526,"total_coverage":88137590.436696246,"total_directness":0.78033784579221166},"geometry":{"type":"LineString","coordinates":[[2.3386333,48.8269153],[2.3387642,48.826896],[2.3394824,48.8267905],[2.3414326,48.8265024],[2.3415849,48.8264727],[2.3419078,48.8264044],[2.3421815,48.8263814],[2.3439411,48.8261296],[2.3440471,48.8261143],[2.3441533,48.8260992],[2.3451002,48.8259516],[2.3452101,48.8259416]]}},
{"type":"Feature","properties":{"ordering":111,"bikenet_hierarchy":"secondary","road_hierarchy":"secondary","length":507.87568832952974,"total_length":248766.0820016948,"total_coverage":88137590.436695978,"total_directness":0.78047203952975719},"geometry":{"type":"LineString","coordinates":[[2.3503663,48.8258178],[2.3506241,48.8258244],[2.352744,48.8259409],[2.3535389,48.8259843],[2.353653,48.8259905],[2.3537682,48.8259964],[2.3543948,48.8260291],[2.3551352,48.8260703],[2.3553091,48.8260801],[2.3560257,48.8261206],[2.3570596,48.8261788],[2.3571435,48.8261807],[2.3572608,48.8261825]]}},
{"type":"Feature","properties":{"ordering":112,"bikenet_hierarchy":"primary","road_hierarchy":"primary","length":158.69314988365875,"total_length":248924.77515157845,"total_coverage":88137590.436696127,"total_directness":0.78214937333668966},"geometry":{"type":"LineString","coordinates":[[2.3341638,48.8709692],[2.3339982,48.8709399],[2.3327897,48.8707208],[2.3325479,48.8706941],[2.3320659,48.8706246]]}},
{"type":"Feature","properties":{"ordering":113,"bikenet_hierarchy":"secondary","road_hierarchy":"secondary","length":82.649158720318482,"total_length":249007.42431029878,"total_coverage":88137590.436696216,"total_directness":0.78221643725132195},"geometry":{"type":"LineString","coordinates":[[2.2843728,48.8810299],[2.2846965,48.8808933],[2.2854013,48.880739]]}},
{"type":"Feature","properties":{"ordering":114,"bikenet_hierarchy":"secondary","road_hierarchy":"secondary","length":608.22315528306683,"total_length":249615.64746558183,"total_coverage":88137590.436696157,"total_directness":0.78365426936795379},"geometry":{"type":"LineString","coordinates":[[2.2974925,48.8849649],[2.2980495,48.8851914],[2.2984706,48.8854029],[2.2987184,48.8855351],[2.2996704,48.8859639],[2.3005606,48.8862959],[2.3006822,48.8863366],[2.3049444,48.8872456]]}},
{"type":"Feature","properties":{"ordering":115,"bikenet_hierarchy":"secondary","road_hierarchy":"tertiary","length":677.93060754956036,"total_length":250293.57807313142,"total_coverage":88137593.229393095,"total_directness":0.78384635840295236},"geometry":{"type":"LineString","coordinates":[[2.3833537,48.8670053],[2.3827269,48.8669729],[2.3817382,48.866723],[2.3813804,48.8666328],[2.381284,48.8666087],[2.3805674,48.8664304],[2.3804832,48.8664096],[2.3802491,48.866354],[2.3800622,48.8663097],[2.3793595,48.8661427],[2.3791913,48.8661028],[2.378537,48.8659474],[2.3780126,48.8658228],[2.3774082,48.8656793],[2.3773308,48.8656609],[2.3746278,48.8650427]]}},
{"type":"Feature","properties":{"ordering":116,"bikenet_hierarchy":"primary","road_hierarchy":"primary","length":261.3700178411151,"total_length":250554.94809097252,"total_coverage":88137593.229392946,"total_directness":0.78418056209173626},"geometry":{"type":"LineString","coordinates":[[2.3654854,48.8520542],[2.3638187,48.85155],[2.3636908,48.8515096],[2.3635642,48.8514729],[2.3627799,48.8512349],[2.3626857,48.8512052],[2.3626122,48.8511828],[2.36225,48.8510716]]}},
{"type":"Feature","properties":{"ordering":117,"bikenet_hierarchy":"secondary","road_hierarchy":"secondary","length":1498.1649850393162,"total_length":252053.11307601182,"total_coverage":88382911.509502307,"total_directness":0.78493207742997151},"geometry":{"type":"LineString","coordinates":[[2.3984735,48.8649052],[2.398294,48.8651425],[2.39823,48.8652202],[2.3980439,48.8654461],[2.3979922,48.8655087],[2.3979486,48.8655616],[2.3977521,48.8658107],[2.3971534,48.8665896],[2.3970953,48.8666633],[2.3970612,48.8667178],[2.3964909,48.8674506],[2.3964113,48.8675475],[2.3962193,48.8677927],[2.3961136,48.8679275],[2.3953406,48.8689148],[2.3953063,48.8689605],[2.3945914,48.8698689],[2.3945024,48.8699679],[2.3943967,48.8700644],[2.3942851,48.8701487],[2.3940387,48.8703237],[2.3933293,48.8708628],[2.3932506,48.8709227],[2.3930125,48.8711041],[2.3925713,48.8714297],[2.3922292,48.8717066],[2.3919561,48.8719107],[2.3918768,48.8719777],[2.3908701,48.8727378],[2.3900893,48.8733271],[2.3900409,48.8733643],[2.3896563,48.873656],[2.389542,48.873712],[2.3893446,48.8737449],[2.3884486,48.8737837],[2.3883151,48.8737892],[2.3881159,48.8737996],[2.3880252,48.8738054],[2.3878578,48.8738155],[2.3856985,48.8739234],[2.3853197,48.8739244]]}},
{"type":"Feature","properties":{"ordering":118,"bikenet_hierarchy":"secondary","road_hierarchy":"primary","length":609.25283227238242,"total_length":252662.36590828421,"total_coverage":88382911.509502292,"total_directness":0.78994993389316093},"geometry":{"type":"LineString","coordinates":[[2.3258444,48.8560961],[2.3259635,48.8560436],[2.3260829,48.8559938],[2.3267782,48.85567],[2.3268412,48.855643],[2.3269745,48.8555828],[2.3290584,48.8548824],[2.3292236,48.854835],[2.3293061,48.8548124],[2.3303461,48.8545114],[2.3304737,48.8544757],[2.3310462,48.8543418],[2.3315266,48.8542297],[2.3316483,48.8542019],[2.3321848,48.8540775],[2.3327145,48.8539513],[2.3331257,48.8538491],[2.3333421,48.8537953]]}},
{"type":"Feature","properties":{"ordering":119,"bikenet_hierarchy":"secondary","road_hierarchy":"secondary","length":628.44557342378118,"total_length":253290.81148170799,"total_coverage":88390893.918423951,"total_directness":0.79006035588753742},"geometry":{"type":"LineString","coordinates":[[2.4043688,48.8717235],[2.4044724,48.8719754],[2.4048503,48.8729135],[2.4048783,48.8729884],[2.4050028,48.8733057],[2.4050899,48.8735225],[2.4051492,48.873674],[2.4051809,48.8737502],[2.4052881,48.8740057],[2.4054425,48.8744101],[2.4056195,48.874853],[2.4056537,48.8749289],[2.4056924,48.8750266],[2.4057168,48.8750872],[2.4057893,48.8752015],[2.4059895,48.8757039],[2.4064493,48.8768706],[2.4064808,48.8769961],[2.4065457,48.8771874]]}},
{"type":"Feature","properties":{"ordering":120,"bikenet_hierarchy":"secondary","road_hierarchy":"tertiary","length":702.80077253978868,"total_length":253993.6122542478,"total_coverage":88390894.306274876,"total_directness":0.79015824065358531},"geometry":{"type":"LineString","coordinates":[[2.3125631,48.8260188],[2.3128124,48.826192],[2.3128474,48.8262144],[2.3130444,48.8263443],[2.3135616,48.826696],[2.3138134,48.8268672],[2.314035,48.8270147],[2.3140797,48.8270444],[2.3143215,48.8272053],[2.3144229,48.8272732],[2.3146971,48.8274585],[2.3148219,48.8275428],[2.3148784,48.8275809],[2.3150165,48.8276742],[2.3152029,48.8278033],[2.3154935,48.8279964],[2.315562,48.8280426],[2.3156286,48.8280875],[2.315721,48.8281501],[2.3159274,48.8282895],[2.3160628,48.8283807],[2.3161767,48.8284577],[2.3162904,48.8285352],[2.3163735,48.8285906],[2.3166149,48.8287536],[2.3167062,48.8288149],[2.3172393,48.8291752],[2.3173866,48.8292747],[2.3179081,48.8296269],[2.3180492,48.829722],[2.3191755,48.8304744],[2.319263,48.8305326]]}},
{"type":"Feature","properties":{"ordering":121,"bikenet_hierarchy":"secondary","road_hierarchy":"secondary","length":736.75268636984765,"total_length":254730.36494061764,"total_coverage":88391651.684008271,"total_directness":0.79356326590049919},"geometry":{"type":"LineString","coordinates":[[2.3203489,48.8822056],[2.3201856,48.8823608],[2.3192678,48.8832876],[2.3192025,48.883351],[2.3185056,48.8840198],[2.3184562,48.8840665],[2.3178587,48.8846512],[2.3168788,48.8856223],[2.3168245,48.8856689],[2.3167618,48.885718],[2.3142599,48.8872991],[2.3141215,48.8873505]]}},
{"type":"Feature","properties":{"ordering":122,"bikenet_hierarchy":"secondary","road_hierarchy":"secondary","length":307.9890504090564,"total_length":255038.3539910267,"total_coverage":88391651.684008345,"total_directness":0.79366945358563601},"geometry":{"type":"LineString","coordinates":[[2.3683608,48.8452284],[2.3714786,48.8455256],[2.3719899,48.8455907],[2.3721003,48.8456047],[2.3723958,48.8456429],[2.3725055,48.8456577]]}},
{"type":"Feature","properties":{"ordering":123,"bikenet_hierarchy":"secondary","road_hierarchy":"secondary","length":205.58223066259586,"total_length":255243.93622168928,"total_coverage":88391651.6840083,"total_directness":0.79370923921847314},"geometry":{"type":"LineString","coordinates":[[2.348955,48.8567171],[2.3499114,48.8571985],[2.3509644,48.8574855],[2.3511806,48.8575191],[2.351417,48.8575338]]}},
{"type":"Feature","properties":{"ordering":124,"bikenet_hierarchy":"primary","road_hierarchy":"secondary","length":466.34659665350011,"total_length":255710.28281834279,"total_coverage":88415753.485810831,"total_directness":0.79375589782547928},"geometry":{"type":"LineString","coordinates":[[2.2629142,48.8367011],[2.2627335,48.8367247],[2.2618391,48.8368521],[2.2617371,48.8368706],[2.2615353,48.8369],[2.26141,48.8369193],[2.2613547,48.8369266],[2.2604436,48.8370613],[2.2603018,48.8370823],[2.2601349,48.8371058],[2.2597911,48.837161],[2.259752,48.8371672],[2.2595867,48.8371916],[2.2594647,48.8372099],[2.2583508,48.8373906],[2.2582683,48.8374113],[2.2577475,48.8375572],[2.257041,48.8380401]]}},
{"type":"Feature","properties":{"ordering":125,"bikenet_hierarchy":"primary","road_hierarchy":"primary","length":132.5888475486087,"total_length":255842.87166589141,"total_coverage":88415753.485810921,"total_directness":0.79420962608951551},"geometry":{"type":"LineString","coordinates":[[2.3472924,48.857184],[2.3476393,48.857088],[2.348243,48.8569211],[2.3487701,48.8567689],[2.3488661,48.8567418],[2.348955,48.8567171]]}},
{"type":"Feature","properties":{"ordering":126,"bikenet_hierarchy":"secondary","road_hierarchy":"secondary","length":1088.1888337388432,"total_length":256931.06049963023,"total_coverage":88468095.576501697,"total_directness":0.79607107363258411},"geometry":{"type":"LineString","coordinates":[[2.2744027,48.8581737],[2.2746896,48.8582672],[2.2749515,48.8583314],[2.2751454,48.8583993],[2.2769246,48.8590726],[2.2771288,48.8591515],[2.2773991,48.8592556],[2.2774908,48.85929],[2.2788289,48.8596874],[2.278985,48.8597253],[2.2792762,48.8597944],[2.2794812,48.8598454],[2.2797243,48.8599026],[2.2798889,48.8599422],[2.2809338,48.8601974],[2.2810674,48.8602372],[2.2811981,48.8602797],[2.2822646,48.8606362],[2.2823908,48.860678],[2.2833258,48.8609873],[2.283391,48.8610077],[2.2835518,48.861061],[2.2840925,48.861234],[2.2842303,48.8612767],[2.2849576,48.8615245],[2.2850664,48.8615614],[2.2857642,48.8617974],[2.2861161,48.8619097],[2.2863149,48.8620274],[2.2865273,48.862162],[2.2867418,48.8623323],[2.2871137,48.8628752]]}},
{"type":"Feature","properties":{"ordering":127,"bikenet_hierarchy":"secondary","road_hierarchy":"quaternary","length":1070.7807215107239,"total_length":258001.84122114096,"total_coverage":88468095.576501667,"total_directness":0.79621254844217948},"geometry":{"type":"LineString","coordinates":[[2.2937434,48.8646295],[2.2944202,48.8650051],[2.2947251,48.8651548],[2.2947923,48.8651891],[2.2956569,48.8656293],[2.2957985,48.8657014],[2.2962057,48.8659106],[2.2965826,48.8661005],[2.2969606,48.866293],[2.2971144,48.8663712],[2.2982054,48.8669223],[2.2983049,48.8669726],[2.2983884,48.8670153],[2.298984,48.8673193],[2.2990947,48.8673758],[2.2992472,48.8674536],[2.2993815,48.8675226],[2.2994692,48.8675671],[2.300212,48.8679423],[2.3009229,48.8683078],[2.3011386,48.8684196],[2.30136,48.8685293],[2.3017278,48.8687147],[2.3026645,48.8691899],[2.3027694,48.8692431],[2.3028742,48.8692944],[2.3037264,48.8697219],[2.3047159,48.8702153],[2.304931,48.8703315],[2.305053,48.8703955],[2.3051436,48.8704451],[2.3052862,48.8705216]]}},
{"type":"Feature","properties":{"ordering":128,"bikenet_hierarchy":"primary","road_hierarchy":"primary","length":158.94754318109483,"total_length":258160.78876432206,"total_coverage":88468095.576501787,"total_directness":0.79764840349713029},"geometry":{"type":"LineString","coordinates":[[2.3315679,48.8332806],[2.3316202,48.8333423],[2.3326202,48.8345298]]}},
{"type":"Feature","properties":{"ordering":129,"bikenet_hierarchy":"primary","road_hierarchy":"primary","length":169.22382957233611,"total_length":258330.01259389438,"total_coverage":88468095.576501772,"total_directness":0.79969313494035488},"geometry":{"type":"LineString","coordinates":[[2.2676367,48.8396621],[2.2694779,48.8388248],[2.2695086,48.8388108],[2.2695351,48.8387987]]}},
{"type":"Feature","properties":{"ordering":130,"bikenet_hierarchy":"secondary","road_hierarchy":"tertiary","length":184.94737092220436,"total_length":258514.9599648166,"total_coverage":88468095.576501831,"total_directness":0.79992228993904435},"geometry":{"type":"LineString","coordinates":[[2.3102995,48.853913],[2.3101352,48.8537879],[2.3098096,48.8535525],[2.3097623,48.8535185],[2.3095449,48.8533773],[2.3094137,48.8532872],[2.3088779,48.8529188],[2.3087147,48.8528061],[2.3085681,48.8527049]]}},
{"type":"Feature","properties":{"ordering":131,"bikenet_hierarchy":"primary","road_hierarchy":"primary","length":950.03380751948805,"total_length":259464.99377233608,"total_coverage":88468095.576501697,"total_directness":0.8000355745663611},"geometry":{"type":"LineString","coordinates":[[2.3424643,48.8584826],[2.3422416,48.8585372],[2.3421693,48.8585521],[2.341743,48.8586297],[2.3416031,48.8586555],[2.339848,48.8589898],[2.3396374,48.8590244],[2.3379752,48.859246],[2.335264,48.8596779],[2.3336949,48.8600329],[2.3335066,48.8600752],[2.3333562,48.8601072],[2.3331957,48.8601451],[2.3330178,48.8601846],[2.3315459,48.8604984],[2.3307369,48.8606732],[2.3300717,48.8608967]]}},
{"type":"Feature","properties":{"ordering":132,"bikenet_hierarchy":"secondary","road_hierarchy":"secondary","length":286.5883848346885,"total_length":259751.58215717078,"total_coverage":88468095.576501682,"total_directness":0.80007989336399077},"geometry":{"type":"LineString","coordinates":[[2.3768511,48.8305417],[2.3769553,48.8306208],[2.3775446,48.8309457],[2.3776075,48.8310044],[2.3777316,48.8310772],[2.3779028,48.8312101],[2.378168,48.8313535],[2.3781972,48.8313691],[2.3790924,48.8318615],[2.37966,48.8321751],[2.3797778,48.8322388]]}},
{"type":"Feature","properties":{"ordering":133,"bikenet_hierarchy":"secondary","road_hierarchy":"tertiary","length":308.46499017700182,"total_length":260060.04714734777,"total_coverage":88468095.576501757,"total_directness":0.80142266449464217},"geometry":{"type":"LineString","coordinates":[[2.3406328,48.8469298],[2.3407529,48.8468163],[2.3408288,48.8467085],[2.3410836,48.8462295],[2.3411616,48.8460884],[2.3412166,48.8459728],[2.3412811,48.8458461],[2.3419307,48.8445273],[2.342042,48.8443229]]}},
{"type":"Feature","properties":{"ordering":134,"bikenet_hierarchy":"secondary","road_hierarchy":"secondary","length":505.14750675188679,"total_length":260565.19465409967,"total_coverage":88468107.145352677,"total_directness":0.80210817835857451},"geometry":{"type":"LineString","coordinates":[[2.3853197,48.8739244],[2.3850184,48.8739375],[2.3823811,48.8751692],[2.3823005,48.8752366],[2.3819393,48.875532],[2.3817917,48.8756612],[2.3813181,48.8759806],[2.3809728,48.8760669],[2.3796716,48.8763188]]}},
{"type":"Feature","properties":{"ordering":135,"bikenet_hierarchy":"primary","road_hierarchy":"primary","length":724.74473854292228,"total_length":261289.93939264258,"total_coverage":88468107.145352647,"total_directness":0.80241354865649583},"geometry":{"type":"LineString","coordinates":[[2.305963,48.8748165],[2.3062745,48.8748719],[2.3065696,48.8749503],[2.30824,48.8750024],[2.3084234,48.8750095],[2.3086667,48.8750189],[2.3090032,48.8750318],[2.3091801,48.8750387],[2.3093811,48.8750464],[2.3098454,48.8750579],[2.3101202,48.8750688],[2.3119349,48.8751409],[2.3126946,48.875173],[2.3128296,48.8751798],[2.3140106,48.8752239],[2.3143628,48.8752402],[2.3148059,48.8752583],[2.3155357,48.8752957],[2.3156846,48.8752998],[2.3157936,48.8753008]]}},
{"type":"Feature","properties":{"ordering":136,"bikenet_hierarchy":"secondary","road_hierarchy":"tertiary","length":668.6687361669857,"total_length":261958.60812880957,"total_coverage":88468107.145352617,"total_directness":0.80332390005874577},"geometry":{"type":"LineString","coordinates":[[2.305963,48.8748165],[2.3053004,48.8750035],[2.30523,48.875027],[2.304969,48.8751378],[2.3046492,48.8752754],[2.3043232,48.8754107],[2.3038171,48.8756268],[2.3037661,48.8756487],[2.3033393,48.8758321],[2.3031535,48.8759119],[2.3018765,48.8764719],[2.3017005,48.876553],[2.301519,48.8766278],[2.3014661,48.8766514],[2.3004761,48.8770803],[2.3003255,48.8771461],[2.3002347,48.8771797],[2.3001041,48.8772263],[2.2992885,48.8774743],[2.298469,48.8776905],[2.2980745,48.8777857]]}},
{"type":"Feature","properties":{"ordering":137,"bikenet_hierarchy":"secondary","road_hierarchy":"quaternary","length":1128.0296145754796,"total_length":263086.63774338504,"total_coverage":88491392.687919319,"total_directness":0.80358138026265968},"geometry":{"type":"LineString","coordinates":[[2.3001306,48.8576576],[2.3003926,48.8577392],[2.3013479,48.8580922],[2.301447,48.8581288],[2.3019379,48.858304],[2.3020207,48.8583335],[2.3022738,48.8584255],[2.3023984,48.8584708],[2.3031619,48.8587135],[2.3032337,48.8587353],[2.3033707,48.8587715],[2.3034962,48.858808],[2.3036594,48.8588554],[2.3037348,48.8588809],[2.3042558,48.8590406],[2.3043216,48.8590587],[2.3049329,48.8591877],[2.3050768,48.8592153],[2.3052154,48.8592447],[2.3057338,48.8593552],[2.3062227,48.8594596],[2.3063854,48.8594935],[2.3072878,48.8596387],[2.3074458,48.8596631],[2.3076362,48.8596922],[2.3078844,48.8597291],[2.3087895,48.8598238],[2.3096309,48.8598943],[2.309716,48.8599012],[2.3100354,48.8599265],[2.3101795,48.8599384],[2.3103142,48.8599388],[2.3112699,48.8599461],[2.3114777,48.8599472],[2.3128304,48.8599537],[2.3131081,48.8599548],[2.3134192,48.8599568],[2.3147218,48.8599656],[2.3148267,48.8599663]]}},
{"type":"Feature","properties":{"ordering":138,"bikenet_hierarchy":"secondary","road_hierarchy":"tertiary","length":81.317352839006048,"total_length":263167.95509622403,"total_coverage":88491394.743976668,"total_directness":0.80393346410261313},"geometry":{"type":"LineString","coordinates":[[2.2575733,48.8453547],[2.2578115,48.8453472],[2.2582769,48.8453345],[2.2586805,48.8453291]]}},
{"type":"Feature","properties":{"ordering":139,"bikenet_hierarchy":"secondary","road_hierarchy":"primary","length":182.71302913167082,"total_length":263350.66812535573,"total_coverage":88491394.743976817,"total_directness":0.80422880654793349},"geometry":{"type":"LineString","coordinates":[[2.3455155,48.8508423],[2.3453828,48.8508749],[2.3449502,48.8509748],[2.3444781,48.8510869],[2.3435505,48.8513123],[2.3431724,48.8513977]]}},
{"type":"Feature","properties":{"ordering":140,"bikenet_hierarchy":"primary","road_hierarchy":"secondary","length":1167.6712806004227,"total_length":264518.33940595615,"total_coverage":88491394.743976787,"total_directness":0.80467179296848967},"geometry":{"type":"LineString","coordinates":[[2.2859894,48.8465574],[2.2863422,48.8465708],[2.2879242,48.8466492],[2.2879909,48.8466525],[2.2887438,48.8466865],[2.2888818,48.8466943],[2.2891315,48.8467086],[2.2921797,48.846861],[2.2924171,48.8468728],[2.2926105,48.8468825],[2.2931875,48.8469112],[2.2932732,48.8469155],[2.2936115,48.8469325],[2.293741,48.8469388],[2.2944399,48.8469724],[2.295605,48.8470338],[2.2958266,48.8470539],[2.2959441,48.8470781],[2.2961134,48.8471054],[2.2964685,48.8471617],[2.2974881,48.8473071],[2.2976499,48.8473301],[2.2979298,48.8473656],[2.2981161,48.8473939],[2.2996532,48.8476165],[2.3011578,48.847821],[2.3012277,48.8478285],[2.3016514,48.8480224]]}},
{"type":"Feature","properties":{"ordering":141,"bikenet_hierarchy":"secondary","road_hierarchy":"primary","length":653.09381869067374,"total_length":265171.43322464684,"total_coverage":88491394.743976653,"total_directness":0.80786282747751692},"geometry":{"type":"LineString","coordinates":[[2.3190488,48.862616],[2.3198749,48.8619493],[2.320334,48.8614958],[2.320413,48.8614174],[2.3205467,48.8612737],[2.3206172,48.8611997],[2.3207802,48.8610167],[2.3214723,48.8602584],[2.3217179,48.8599923],[2.3220001,48.8597005],[2.322562,48.8591218],[2.3226542,48.8590281],[2.322741,48.8589336],[2.3230882,48.8585551],[2.3231292,48.8585104],[2.3231904,48.8584455],[2.3234902,48.8581279],[2.3236171,48.8579936],[2.323896,48.857698]]}},
{"type":"Feature","properties":{"ordering":142,"bikenet_hierarchy":"secondary","road_hierarchy":"tertiary","length":414.15912771153262,"total_length":265585.59235235833,"total_coverage":88491394.743976742,"total_directness":0.8073276672387063},"geometry":{"type":"LineString","coordinates":[[2.3341693,48.866312],[2.3342193,48.8661965],[2.3346957,48.8650799],[2.3347533,48.8649497],[2.3348502,48.8647317],[2.3348951,48.8646265],[2.3349652,48.8644608],[2.3350148,48.864344],[2.3351461,48.8640417],[2.3353779,48.8635093],[2.3355165,48.862704]]}},
{"type":"Feature","properties":{"ordering":143,"bikenet_hierarchy":"secondary","road_hierarchy":"secondary","length":686.26441876510034,"total_length":266271.85677112348,"total_coverage":88491394.743976727,"total_directness":0.80794509464385666},"geometry":{"type":"LineString","coordinates":[[2.3049444,48.8872456],[2.3073806,48.88752],[2.3074847,48.8875336],[2.3092214,48.8877483],[2.3103508,48.8878335],[2.3107953,48.8878454],[2.3108951,48.887845],[2.3110955,48.8878424],[2.3113089,48.8878326],[2.3114015,48.8878281],[2.3123124,48.8877383],[2.3125633,48.8876994],[2.312757,48.8876665],[2.313728,48.8874483],[2.3141215,48.8873505]]}},
{"type":"Feature","properties":{"ordering":144,"bikenet_hierarchy":"secondary","road_hierarchy":"secondary","length":163.66076288179025,"total_length":266435.51753400522,"total_coverage":88491394.743976787,"total_directness":0.80873203397261662},"geometry":{"type":"LineString","coordinates":[[2.3757231,48.8507046],[2.3754095,48.8506177],[2.3753918,48.8506031],[2.3748007,48.8500703],[2.3742867,48.8496144]]}},
{"type":"Feature","properties":{"ordering":145,"bikenet_hierarchy":"primary","road_hierarchy":"primary","length":644.60649611471877,"total_length":267080.12403011997,"total_coverage":88491394.743976668,"total_directness":0.80922787852746625},"geometry":{"type":"LineString","coordinates":[[2.3707442,48.8434217],[2.3737358,48.8406081],[2.3751394,48.8391933],[2.3755956,48.8387756],[2.375658,48.8387248],[2.3757348,48.838653]]}},
{"type":"Feature","properties":{"ordering":146,"bikenet_hierarchy":"secondary","road_hierarchy":"secondary","length":373.14177821133325,"total_length":267453.26580833131,"total_coverage":88491394.743976772,"total_directness":0.81016001152431583},"geometry":{"type":"LineString","coordinates":[[2.3026608,48.8842578],[2.3027662,48.884398],[2.3032463,48.8850605],[2.3033979,48.8852049],[2.3034889,48.885381],[2.3038636,48.8859041],[2.3039271,48.8859929],[2.3045983,48.8869248],[2.3046499,48.8869919],[2.3049444,48.8872456]]}},
{"type":"Feature","properties":{"ordering":147,"bikenet_hierarchy":"secondary","road_hierarchy":"quaternary","length":928.85718896814706,"total_length":268382.12299729942,"total_coverage":88495393.173855633,"total_directness":0.8108676928826134},"geometry":{"type":"LineString","coordinates":[[2.2744027,48.8581737],[2.2747465,48.8576481],[2.2747329,48.8571999],[2.2747195,48.8570512],[2.2746963,48.8566016],[2.2746919,48.8564627],[2.2747988,48.8562365],[2.2750331,48.8556518],[2.2750872,48.8555309],[2.275228,48.8551923],[2.2755037,48.8543023],[2.2755291,48.8542033],[2.2755566,48.8540891],[2.2758048,48.8530599],[2.275815,48.8529741],[2.2758367,48.8528615],[2.2758633,48.8527583],[2.2760592,48.8526232],[2.276803,48.8521933],[2.2776135,48.8517728],[2.2780955,48.8515404],[2.2790664,48.8509214]]}},
{"type":"Feature","properties":{"ordering":148,"bikenet_hierarchy":"primary","road_hierarchy":"primary","length":816.99587039959169,"total_length":269199.11886769906,"total_coverage":88495393.173855692,"total_directness":0.81124003245998488},"geometry":{"type":"LineString","coordinates":[[2.305963,48.8748165],[2.305452,48.874777],[2.3052059,48.8747806],[2.3050074,48.8747909],[2.3046341,48.8748072],[2.3034439,48.8746664],[2.3032714,48.8746462],[2.3030794,48.8746251],[2.302779,48.8745865],[2.3021932,48.8745231],[2.3016684,48.8744652],[2.3014519,48.8744387],[2.3013676,48.8744301],[2.3010558,48.8743984],[2.3008107,48.8743691],[2.299561,48.8742297],[2.2995154,48.874225],[2.2990109,48.874171],[2.2983294,48.8740954],[2.2981687,48.8740764],[2.2974259,48.8739918],[2.2949802,48.8736815]]}},
{"type":"Feature","properties":{"ordering":149,"bikenet_hierarchy":"secondary","road_hierarchy":"secondary","length":640.48010075168054,"total_length":269839.59896845074,"total_coverage":88495393.173855498,"total_directness":0.81223471732327912},"geometry":{"type":"LineString","coordinates":[[2.3274004,48.8930045],[2.3272237,48.8929641],[2.327014,48.8929217],[2.3269437,48.8929062],[2.3249451,48.8924786],[2.3248241,48.8924533],[2.3247008,48.8924269],[2.3237538,48.8922326],[2.323503,48.8921828],[2.3223704,48.8919567],[2.3221009,48.891896],[2.321851,48.8918462],[2.3213784,48.8917442],[2.3212138,48.8917095],[2.3210949,48.8916805],[2.3204958,48.891551],[2.3204321,48.891536],[2.3202794,48.8915021],[2.3201242,48.8914677],[2.319264,48.8912768],[2.3190875,48.8912377]]}},
{"type":"Feature","properties":{"ordering":150,"bikenet_hierarchy":"secondary","road_hierarchy":"secondary","length":268.14126857162125,"total_length":270107.74023702234,"total_coverage":88495407.303559408,"total_directness":0.81228321511051604},"geometry":{"type":"LineString","coordinates":[[2.3797778,48.8322388],[2.3799272,48.8323148],[2.3819808,48.8334453],[2.3821039,48.8335121],[2.3824814,48.833722],[2.3825872,48.8337796]]}},
{"type":"Feature","properties":{"ordering":151,"bikenet_hierarchy":"secondary","road_hierarchy":"secondary","length":321.6408858208182,"total_length":270429.38112284319,"total_coverage":88495407.303559467,"total_directness":0.81244953307402001},"geometry":{"type":"LineString","coordinates":[[2.3320454,48.8638185],[2.3320785,48.8638745],[2.3322871,48.8640136],[2.3326606,48.8645193],[2.3326949,48.8645633],[2.3327383,48.864618],[2.3330452,48.8650325],[2.3335071,48.8656526],[2.3335858,48.8657588],[2.3338206,48.8660684],[2.3339845,48.8662451],[2.3341693,48.866312]]}},
{"type":"Feature","properties":{"ordering":152,"bikenet_hierarchy":"secondary","road_hierarchy":"tertiary","length":1289.4719499775038,"total_length":271718.85307282064,"total_coverage":88495407.303559572,"total_directness":0.81251973351675433},"geometry":{"type":"LineString","coordinates":[[2.2744027,48.8581737],[2.2748549,48.8581705],[2.2751057,48.8581494],[2.2751968,48.8581421],[2.2759051,48.858086],[2.2767295,48.8580206],[2.2768551,48.8580106],[2.2774333,48.8579629],[2.2775222,48.8579544],[2.2779615,48.8579131],[2.2796724,48.8577386],[2.2799205,48.8577401],[2.2800714,48.8577656],[2.28018,48.8577839],[2.2807719,48.8578979],[2.280991,48.8579387],[2.2810799,48.8579552],[2.2816238,48.8580652],[2.2823912,48.8581902],[2.2825877,48.8582222],[2.2831594,48.8583095],[2.284234,48.8584737],[2.2843163,48.8584862],[2.284405,48.8584998],[2.2848511,48.8586021],[2.284957,48.8586158],[2.2868046,48.8590181],[2.2868769,48.8590666],[2.2875495,48.8595178],[2.2911506,48.8603008]]}},
{"type":"Feature","properties":{"ordering":153,"bikenet_hierarchy":"secondary","road_hierarchy":"secondary","length":470.25416677832715,"total_length":272189.10723959899,"total_coverage":88495407.303559631,"total_directness":0.813454305989326},"geometry":{"type":"LineString","coordinates":[[2.329285,48.8595512],[2.3292364,48.8594876],[2.3287489,48.8588006],[2.3287186,48.858758],[2.3283712,48.8582746],[2.3283161,48.8581935],[2.3280134,48.8577654],[2.3279733,48.857709],[2.3275542,48.8570524],[2.3268459,48.8566066],[2.3258444,48.8560961]]}},
{"type":"Feature","properties":{"ordering":154,"bikenet_hierarchy":"secondary","road_hierarchy":"secondary","length":1369.2012361818133,"total_length":273558.30847578082,"total_coverage":88744518.020560071,"total_directness":0.81347990158241568},"geometry":{"type":"LineString","coordinates":[[2.3768511,48.8305417],[2.3767956,48.830516],[2.3765852,48.830483],[2.3764953,48.8304347],[2.3758495,48.8300846],[2.3755968,48.8299376],[2.3753496,48.8297938],[2.3747255,48.8294598],[2.3745786,48.8293812],[2.3742163,48.8291873],[2.3736876,48.828893],[2.373003,48.8285119],[2.3729331,48.8284757],[2.3728647,48.8284407],[2.372257,48.8281295],[2.3715005,48.8277393],[2.3713592,48.8276787],[2.3711956,48.8276564],[2.3708858,48.8276142],[2.370778,48.8275995],[2.3703669,48.8275435],[2.3701573,48.827515],[2.3697797,48.8274635],[2.3694204,48.8274146],[2.3692767,48.8273951],[2.3691247,48.8273743],[2.3686012,48.827303],[2.3685052,48.8272904],[2.3684034,48.8272766],[2.3671311,48.8271052],[2.3665892,48.8270319],[2.3663945,48.8270063],[2.3655193,48.8268868],[2.3650356,48.8268211],[2.3642249,48.8267099],[2.3639601,48.826674],[2.363724,48.8266453],[2.3635598,48.8266251],[2.3633827,48.8266007],[2.3618586,48.8263893],[2.3614982,48.8263456],[2.3602855,48.8261849],[2.3599616,48.8261632]]}},
{"type":"Feature","properties":{"ordering":155,"bikenet_hierarchy":"secondary","road_hierarchy":"secondary","length":404.35610674502243,"total_length":273962.66458252585,"total_coverage":88744518.020560116,"total_directness":0.81399456788864077},"geometry":{"type":"LineString","coordinates":[[2.347326,48.867349],[2.3474149,48.8673298],[2.3476296,48.8672836],[2.3492768,48.866929],[2.3494542,48.8668908],[2.3504825,48.8666659],[2.3510619,48.8665387],[2.3511943,48.8665098],[2.3520232,48.8663289],[2.3523575,48.8662558],[2.3525614,48.8662121]]}},
{"type":"Feature","properties":{"ordering":156,"bikenet_hierarchy":"secondary","road_hierarchy":"quaternary","length":585.5046257868305,"total_length":274548.16920831264,"total_coverage":88744518.020560339,"total_directness":0.81504794534948932},"geometry":{"type":"LineString","coordinates":[[2.3593856,48.8842935],[2.3593825,48.8842167],[2.3593723,48.8841512],[2.3592812,48.8840311],[2.3591011,48.8830329],[2.3590873,48.882958],[2.3590344,48.8828527],[2.3589897,48.8827836],[2.3585148,48.8819936],[2.3583554,48.8817085],[2.3582171,48.8814609],[2.3581743,48.8813843],[2.358115,48.8812781],[2.3580575,48.8811754],[2.3577976,48.8806954],[2.3577004,48.8805137],[2.357665,48.8804293],[2.3572361,48.8796133],[2.3571878,48.879524],[2.3570708,48.8792848]]}},
{"type":"Feature","properties":{"ordering":157,"bikenet_hierarchy":"secondary","road_hierarchy":"tertiary","length":228.95969345704134,"total_length":274777.1289017697,"total_coverage":88744518.020560265,"total_directness":0.81521549479278044},"geometry":{"type":"LineString","coordinates":[[2.3062968,48.8541144],[2.3065062,48.8540008],[2.3066589,48.8539261],[2.3067954,48.8538401],[2.3082854,48.8528808],[2.3084204,48.8527974],[2.3085681,48.8527049]]}},
{"type":"Feature","properties":{"ordering":158,"bikenet_hierarchy":"secondary","road_hierarchy":"tertiary","length":1183.9893640746736,"total_length":275961.11826584436,"total_coverage":88760548.775273472,"total_directness":0.81614303915312336},"geometry":{"type":"LineString","coordinates":[[2.3410134,48.8750946],[2.3409391,48.8751836],[2.3404147,48.8757766],[2.3403708,48.875827],[2.3403372,48.8758681],[2.3402936,48.8759192],[2.3402286,48.8759809],[2.3401769,48.876034],[2.3400864,48.8761227],[2.3395819,48.8766008],[2.3395123,48.8766664],[2.3393963,48.8767051],[2.3392274,48.8767703],[2.3390877,48.8768748],[2.3380593,48.8778994],[2.3380239,48.8779358],[2.3374484,48.8784912],[2.3370284,48.8788344],[2.3369316,48.878924],[2.3368475,48.8790016],[2.336736,48.8790877],[2.3353983,48.8801831],[2.3353247,48.8802554],[2.3352587,48.8803063],[2.3351209,48.8804026],[2.3350612,48.8804462],[2.3350016,48.8805358],[2.3339229,48.8819021],[2.3337329,48.8821363],[2.333598,48.8823096],[2.3334015,48.8825539],[2.3332382,48.8827642],[2.3326406,48.8835385],[2.3323444,48.8839958]]}},
{"type":"Feature","properties":{"ordering":159,"bikenet_hierarchy":"secondary","road_hierarchy":"quaternary","length":801.88825129326233,"total_length":276763.00651713763,"total_coverage":88760548.775273532,"total_directness":0.81666173084462645},"geometry":{"type":"LineString","coordinates":[[2.383273,48.8849907],[2.3834309,48.8850231],[2.3836761,48.8850687],[2.3837725,48.8850957],[2.3839065,48.8851204],[2.3844607,48.8852176],[2.3845844,48.8852393],[2.3847269,48.8852623],[2.3850833,48.8853231],[2.3854229,48.88539],[2.3867225,48.8856459],[2.3868666,48.8856742],[2.387033,48.8856941],[2.3877558,48.8857981],[2.3878456,48.8858109],[2.3891545,48.8860082],[2.3892875,48.8860268],[2.3897105,48.8860792],[2.3898544,48.8860911],[2.3900199,48.8861049],[2.3914678,48.8862363],[2.3926926,48.8863401],[2.3928484,48.8863547],[2.3934894,48.8864092],[2.3938266,48.8864386],[2.3939571,48.8864488]]}},
{"type":"Feature","properties":{"ordering":160,"bikenet_hierarchy":"secondary","road_hierarchy":"tertiary","length":712.41784435246836,"total_length":277475.42436149012,"total_coverage":88760548.775273517,"total_directness":0.8177303329880935},"geometry":{"type":"LineString","coordinates":[[2.3107374,48.8728365],[2.3109059,48.8728874],[2.3115136,48.8730772],[2.3143358,48.873658],[2.3145271,48.8736923],[2.3146354,48.8737118],[2.3148933,48.8737536],[2.3157944,48.8739015],[2.3160024,48.8739376],[2.3174069,48.8741805],[2.3175277,48.8741994],[2.3176112,48.8742138],[2.3186082,48.8743845],[2.3187204,48.8744039],[2.3192071,48.874488],[2.3194385,48.874528],[2.3195571,48.8745485],[2.3198772,48.8746147],[2.3200389,48.8746485]]}},
{"type":"Feature","properties":{"ordering":161,"bikenet_hierarchy":"secondary","road_hierarchy":"quaternary","length":764.27320155019606,"total_length":278239.6975630403,"total_coverage":88760548.775273532,"total_directness":0.81776500781121397},"geometry":{"type":"LineString","coordinates":[[2.3855547,48.8830059],[2.3856899,48.8830203],[2.3876918,48.883193],[2.3879237,48.8832128],[2.3881209,48.8832309],[2.3883399,48.8832661],[2.3903242,48.8839607],[2.3904674,48.884018],[2.3906328,48.8840862],[2.3912631,48.884346],[2.3914728,48.8844263],[2.3920583,48.8846787],[2.3921649,48.884729],[2.3922877,48.884797],[2.3938246,48.8862165],[2.3938479,48.8862679],[2.3939571,48.8864488]]}},
{"type":"Feature","properties":{"ordering":162,"bikenet_hierarchy":"primary","road_hierarchy":"primary","length":650.60624254867855,"total_length":278890.30380558898,"total_coverage":88760548.775273487,"total_directness":0.81829351654571858},"geometry":{"type":"LineString","coordinates":[[2.3103841,48.8826266],[2.3100569,48.8828964],[2.3096108,48.8832596],[2.3094959,48.8833547],[2.3093164,48.883503],[2.3090706,48.8837056],[2.3087958,48.8839321],[2.3087032,48.8840092],[2.3086204,48.8840752],[2.3080592,48.8845266],[2.3079711,48.8845987],[2.3078193,48.8847222],[2.3073578,48.8851094],[2.3072141,48.8852235],[2.3070332,48.8853655],[2.306489,48.8858191],[2.3064298,48.8858694],[2.3049444,48.8872456]]}},
{"type":"Feature","properties":{"ordering":163,"bikenet_hierarchy":"secondary","road_hierarchy":"secondary","length":435.1033587903998,"total_length":279325.40716437937,"total_coverage":88760548.775273457,"total_directness":0.81888960094542851},"geometry":{"type":"LineString","coordinates":[[2.348955,48.8567171],[2.3483752,48.8557133],[2.3482964,48.8555958],[2.3477572,48.8546935],[2.3474794,48.8542268],[2.3474392,48.8541568],[2.3473873,48.8540695],[2.3471139,48.8535923],[2.3470489,48.8534759],[2.3468608,48.8531428],[2.3468007,48.8530729]]}},
{"type":"Feature","properties":{"ordering":164,"bikenet_hierarchy":"secondary","road_hierarchy":"secondary","length":1348.5250891298565,"total_length":280673.93225350924,"total_coverage":89042496.710154638,"total_directness":0.8190762771467458},"geometry":{"type":"LineString","coordinates":[[2.3492339,48.8499302],[2.3491789,48.8497754],[2.3492248,48.8497168],[2.3497079,48.8491101],[2.349835,48.8489335],[2.349949,48.8487795],[2.3501263,48.8485526],[2.3503018,48.8483258],[2.3505051,48.8480778],[2.3506787,48.8478545],[2.3512394,48.8471299],[2.3515537,48.8467132],[2.3516349,48.8466037],[2.3517202,48.8463956],[2.3517646,48.846278],[2.3523711,48.844585],[2.3524085,48.8444763],[2.3523246,48.8438686],[2.3523169,48.8437934],[2.3523051,48.8437151],[2.3522268,48.8432399],[2.352217,48.8431755],[2.3521888,48.8430041],[2.3521533,48.8427807],[2.3521371,48.8426898],[2.3521205,48.8426101],[2.3520533,48.8421701],[2.3520414,48.8420918],[2.3519864,48.841717],[2.3519793,48.84166],[2.3519674,48.8415773],[2.3518751,48.8409692],[2.3518601,48.8408346],[2.3518466,48.8407663],[2.35171,48.8404698],[2.3516566,48.8403633],[2.3515365,48.8401448],[2.3514625,48.8400123],[2.3513606,48.8398456],[2.3512679,48.8396902],[2.3512188,48.839593],[2.3509804,48.8391479],[2.3508248,48.8388718],[2.3507797,48.8387449],[2.3507331,48.8385884],[2.3507814,48.8384832],[2.3508166,48.8384091]]}},
{"type":"Feature","properties":{"ordering":165,"bikenet_hierarchy":"primary","road_hierarchy":"primary","length":382.59052304316299,"total_length":281056.52277655242,"total_coverage":89042496.710154578,"total_directness":0.82111832543971919},"geometry":{"type":"LineString","coordinates":[[2.3424643,48.8584826],[2.3428375,48.8583818],[2.3433672,48.8582382],[2.3443842,48.8579631],[2.3453065,48.8577167],[2.3454202,48.8576865],[2.3456514,48.8576193],[2.3458282,48.8575675],[2.3467217,48.8573375],[2.346921,48.8572843],[2.3471157,48.8572328],[2.3472924,48.857184]]}},
{"type":"Feature","properties":{"ordering":166,"bikenet_hierarchy":"primary","road_hierarchy":"primary","length":415.98093625126921,"total_length":281472.50371280365,"total_coverage":89042496.710154608,"total_directness":0.82299045327344977},"geometry":{"type":"LineString","coordinates":[[2.3597592,48.8683311],[2.3559689,48.8689248],[2.3558546,48.8689505],[2.3557506,48.8689741],[2.3555838,48.8690106],[2.3553409,48.8690705],[2.3551669,48.869114],[2.3544299,48.8692884],[2.3542978,48.8693188]]}},
{"type":"Feature","properties":{"ordering":167,"bikenet_hierarchy":"secondary","road_hierarchy":"quaternary","length":555.88779890301669,"total_length":282028.39151170669,"total_coverage":89042496.710154504,"total_directness":0.82328071504309941},"geometry":{"type":"LineString","coordinates":[[2.3690863,48.8532196],[2.3723092,48.8513165],[2.3729419,48.8507738],[2.3731217,48.8506157],[2.373279,48.8504797],[2.3736755,48.850133],[2.3737545,48.850062],[2.3738048,48.8500165],[2.3741938,48.8496948],[2.3742867,48.8496144]]}},
{"type":"Feature","properties":{"ordering":168,"bikenet_hierarchy":"secondary","road_hierarchy":"primary","length":241.0901536086439,"total_length":282269.48166531534,"total_coverage":89042496.710154757,"total_directness":0.82380038860463412},"geometry":{"type":"LineString","coordinates":[[2.3134495,48.8628341],[2.3134671,48.8630054],[2.3136512,48.8645404],[2.3136679,48.8646741],[2.3137066,48.8649955]]}},
{"type":"Feature","properties":{"ordering":169,"bikenet_hierarchy":"secondary","road_hierarchy":"tertiary","length":610.95344381283064,"total_length":282880.43510912813,"total_coverage":89042496.710154608,"total_directness":0.82409522599766893},"geometry":{"type":"LineString","coordinates":[[2.3710483,48.8700004],[2.3711101,48.8699067],[2.3715376,48.8693078],[2.3717415,48.8690301],[2.3719866,48.8686986],[2.3720388,48.8686276],[2.3722559,48.8683331],[2.3724162,48.8681156],[2.3725408,48.8679723],[2.3733039,48.8669361],[2.3733491,48.8668735],[2.3734571,48.8667251],[2.373501,48.8666653],[2.3735495,48.8665949],[2.3742304,48.8656536],[2.3743462,48.8654237],[2.3743983,48.8653469],[2.3744427,48.8652885],[2.3744928,48.8652229],[2.374593,48.8650972],[2.3746278,48.8650427]]}},
{"type":"Feature","properties":{"ordering":170,"bikenet_hierarchy":"primary","road_hierarchy":"secondary","length":868.50815129119871,"total_length":283748.94326041936,"total_coverage":89042684.484066188,"total_directness":0.82441771688701659},"geometry":{"type":"LineString","coordinates":[[2.3952005,48.8752443],[2.3953549,48.8752544],[2.3954748,48.87526],[2.3956495,48.8752744],[2.3975739,48.875434],[2.3977781,48.8754448],[2.3979279,48.8754535],[2.3980642,48.8754603],[2.398798,48.8754832],[2.398969,48.8754962],[2.3992279,48.8755492],[2.399321,48.8755625],[2.4009371,48.8757735],[2.4019775,48.8759187],[2.4024435,48.8759749],[2.4025455,48.8759896],[2.4026345,48.8760098],[2.403552,48.8762698],[2.4036404,48.876295],[2.4037287,48.8763207],[2.4045672,48.8765685],[2.4052522,48.8767881],[2.4055082,48.8768647],[2.4060096,48.8770133],[2.4061693,48.8770583],[2.4063761,48.8771403],[2.4065457,48.8771874]]}},
{"type":"Feature","properties":{"ordering":171,"bikenet_hierarchy":"secondary","road_hierarchy":"tertiary","length":137.83862852175841,"total_length":283886.78188894113,"total_coverage":89042684.484066218,"total_directness":0.82422135455771728},"geometry":{"type":"LineString","coordinates":[[2.3218458,48.8359965],[2.3219513,48.8360599],[2.3221818,48.8361984],[2.3230687,48.8367208],[2.3232462,48.8368222]]}},
{"type":"Feature","properties":{"ordering":172,"bikenet_hierarchy":"secondary","road_hierarchy":"quaternary","length":727.71175477587531,"total_length":284614.49364371697,"total_coverage":89042684.484066412,"total_directness":0.82444008898415233},"geometry":{"type":"LineString","coordinates":[[2.3148267,48.8599663],[2.3149526,48.8599651],[2.3155523,48.8599516],[2.31709,48.8599114],[2.3180787,48.8598094],[2.3181564,48.8597994],[2.3182457,48.8597832],[2.3194802,48.8594043],[2.3195587,48.8593763],[2.3197,48.8593262],[2.3200338,48.8592005],[2.3202091,48.85914],[2.3202852,48.8591122],[2.321415,48.8586997],[2.322741,48.8581804],[2.3227975,48.8581579],[2.3228797,48.8581233],[2.3234872,48.8578727],[2.323896,48.857698]]}},
{"type":"Feature","properties":{"ordering":173,"bikenet_hierarchy":"secondary","road_hierarchy":"primary","length":559.64232480773626,"total_length":285174.13596852473,"total_coverage":89042684.484066173,"total_directness":0.8251811727195999},"geometry":{"type":"LineString","coordinates":[[2.3492339,48.8499302],[2.3494152,48.8498863],[2.3502764,48.8496709],[2.3503668,48.8496447],[2.3504847,48.8496209],[2.3508713,48.8496017],[2.3515678,48.8495732],[2.3517628,48.8495653],[2.3518749,48.8495607],[2.3524513,48.8495374],[2.3527055,48.8495271],[2.3528725,48.8495203],[2.3530383,48.8495136],[2.3542647,48.8494607],[2.3544142,48.8494481],[2.3547371,48.8494199],[2.3556979,48.8493783],[2.355779,48.8493752],[2.355946,48.8493764],[2.3561257,48.8493781],[2.3563214,48.8493852],[2.3567581,48.8494121]]}},
{"type":"Feature","properties":{"ordering":174,"bikenet_hierarchy":"secondary","road_hierarchy":"tertiary","length":277.22548121476268,"total_length":285451.36144973949,"total_coverage":89042684.484066322,"total_directness":0.82579965999805005},"geometry":{"type":"LineString","coordinates":[[2.3668914,48.862463],[2.3672215,48.8626091],[2.3673118,48.8626491],[2.3673895,48.862683],[2.3681499,48.86298],[2.3692452,48.863407],[2.3699682,48.8636986],[2.3700404,48.863729],[2.3701149,48.8637626]]}},
{"type":"Feature","properties":{"ordering":175,"bikenet_hierarchy":"secondary","road_hierarchy":"secondary","length":198.32932120788774,"total_length":285649.69077094737,"total_coverage":89042684.484066218,"total_directness":0.82627212059480537},"geometry":{"type":"LineString","coordinates":[[2.3599616,48.8261632],[2.3596842,48.826162],[2.3586162,48.8261615],[2.3574726,48.8261808],[2.3573891,48.826182],[2.3572608,48.8261825]]}},
{"type":"Feature","properties":{"ordering":176,"bikenet_hierarchy":"secondary","road_hierarchy":"tertiary","length":786.25238215240188,"total_length":286435.9431530998,"total_coverage":89042684.484066144,"total_directness":0.83325815531435776},"geometry":{"type":"LineString","coordinates":[[2.4088495,48.8644984],[2.4083439,48.864376],[2.4081859,48.8642632],[2.4076857,48.8637383],[2.4076191,48.8636708],[2.4066628,48.8626891],[2.4063925,48.8624131],[2.4063301,48.8623494],[2.4062713,48.8622793],[2.4058805,48.8618681],[2.4058065,48.8617912],[2.4057264,48.8616977],[2.4048631,48.8608541],[2.4046723,48.8606789],[2.4042189,48.8602598],[2.404163,48.860222],[2.4039374,48.860098],[2.4033703,48.8598151],[2.4031528,48.8597022],[2.4030888,48.859666],[2.4022651,48.859233],[2.4021238,48.8591448]]}},
{"type":"Feature","properties":{"ordering":177,"bikenet_hierarchy":"primary","road_hierarchy":"tertiary","length":644.1650610422397,"total_length":287080.10821414203,"total_coverage":89042684.484066308,"total_directness":0.83568380650944252},"geometry":{"type":"LineString","coordinates":[[2.3770084,48.8721037],[2.3770556,48.8721249],[2.3771612,48.8721674],[2.3776304,48.8722965],[2.3778926,48.8723669],[2.378,48.8723948],[2.3780826,48.8724161],[2.378536,48.8725312],[2.3786726,48.872567],[2.3797125,48.8728231],[2.3798396,48.8728451],[2.3799446,48.8728605],[2.3812171,48.8731156],[2.3817971,48.8732367],[2.3819084,48.8732585],[2.3820791,48.8732936],[2.3825202,48.8733773],[2.3825972,48.8733922],[2.3829558,48.8734598],[2.3831002,48.8734835],[2.3832397,48.8735048],[2.385132,48.8738409],[2.3853197,48.8739244]]}},
{"type":"Feature","properties":{"ordering":178,"bikenet_hierarchy":"secondary","road_hierarchy":"secondary","length":460.93220839263739,"total_length":287541.04042253463,"total_coverage":89042684.484066248,"total_directness":0.83576220564059411},"geometry":{"type":"LineString","coordinates":[[2.3103841,48.8826266],[2.3108102,48.8825363],[2.3108881,48.8825198],[2.311613,48.882366],[2.311735,48.8823395],[2.3118739,48.8823098],[2.3131276,48.8820438],[2.3136713,48.8819269],[2.3143416,48.8817811],[2.3144698,48.8817542],[2.3147089,48.8817032],[2.3149102,48.8816592],[2.3152851,48.8816252],[2.3156937,48.8815356],[2.3159287,48.8814864],[2.3160093,48.8814701],[2.3162481,48.8814183],[2.316377,48.8813903]]}},
{"type":"Feature","properties":{"ordering":179,"bikenet_hierarchy":"primary","road_hierarchy":"secondary","length":664.49862692638658,"total_length":288205.53904946102,"total_coverage":89068684.618624538,"total_directness":0.83650351599160111},"geometry":{"type":"LineString","coordinates":[[2.2859894,48.8465574],[2.2855633,48.8465356],[2.2854223,48.8465276],[2.2851806,48.8465149],[2.2833341,48.846416],[2.2831384,48.8464042],[2.2830006,48.8463956],[2.2818065,48.8463346],[2.281628,48.8463259],[2.2811218,48.8463065],[2.2809153,48.8462968],[2.280623,48.8462857],[2.2804004,48.8462757],[2.2798086,48.8462467],[2.2796544,48.8462399],[2.2795896,48.8462359],[2.2794162,48.8462261],[2.2792161,48.8462149],[2.2785634,48.8461767],[2.2783785,48.8461677],[2.2782478,48.8461595],[2.2780662,48.8461462],[2.2776501,48.8461235],[2.2775817,48.8461198],[2.2769661,48.8460724]]}},
{"type":"Feature","properties":{"ordering":180,"bikenet_hierarchy":"secondary","road_hierarchy":"secondary","length":1550.7228741479005,"total_length":289756.26192360895,"total_coverage":89230568.78343156,"total_directness":0.83914340826436307},"geometry":{"type":"LineString","coordinates":[[2.3279334,48.8480887],[2.3279675,48.8479674],[2.3281032,48.8474733],[2.328122,48.8474056],[2.328147,48.8473287],[2.3282956,48.8468062],[2.3283357,48.8466882],[2.3286252,48.8456779],[2.3286455,48.8455879],[2.3286747,48.8454878],[2.3287651,48.8451738],[2.3287967,48.8450593],[2.3288523,48.8448709],[2.3289695,48.8444731],[2.3289981,48.8443695],[2.3290141,48.8443076],[2.3291522,48.8438016],[2.3293296,48.8431859],[2.3293512,48.8431186],[2.3293752,48.8430373],[2.3295047,48.8425993],[2.3295551,48.8424288],[2.3296404,48.8421366],[2.329669,48.8420367],[2.3296979,48.841956],[2.3297256,48.8418681],[2.3297168,48.8417786],[2.3297042,48.8416499],[2.3297751,48.8414875],[2.3300632,48.8407179],[2.3301216,48.8405618],[2.330493,48.839578],[2.3305503,48.8393924],[2.3306436,48.8391429],[2.3307722,48.838795],[2.3308195,48.8386726],[2.3308331,48.8386364],[2.330972,48.838265],[2.3311354,48.8378342],[2.3311741,48.8377249],[2.3313221,48.837329],[2.331406,48.8371047],[2.3314555,48.8369723],[2.3315298,48.8367737],[2.3315534,48.8367105],[2.332081,48.8353],[2.3321361,48.8351526],[2.3321509,48.8351131],[2.3326202,48.8345298]]}},
{"type":"Feature","properties":{"ordering":181,"bikenet_hierarchy":"secondary","road_hierarchy":"secondary","length":321.41532520603789,"total_length":290077.67724881496,"total_coverage":89230568.783431679,"total_directness":0.84007341034475569},"geometry":{"type":"LineString","coordinates":[[2.3218476,48.8794904],[2.3217657,48.8796459],[2.3215751,48.8800082],[2.3213323,48.880461],[2.3210639,48.8809591],[2.3205888,48.8818397],[2.3204994,48.8819839],[2.3204121,48.8821103],[2.3203489,48.8822056]]}},
{"type":"Feature","properties":{"ordering":182,"bikenet_hierarchy":"secondary","road_hierarchy":"secondary","length":287.42495783018234,"total_length":290365.10220664518,"total_coverage":89230568.783431441,"total_directness":0.84066147795194157},"geometry":{"type":"LineString","coordinates":[[2.347326,48.867349],[2.3471926,48.8673777],[2.3465022,48.8675263],[2.3463375,48.8675618],[2.346113,48.8676101],[2.3456561,48.8677085],[2.3454721,48.8677528],[2.3453397,48.8677785],[2.345211,48.8678043],[2.3437344,48.8681221],[2.3436015,48.8681507]]}},
{"type":"Feature","properties":{"ordering":183,"bikenet_hierarchy":"secondary","road_hierarchy":"secondary","length":183.16141153801328,"total_length":290548.26361818315,"total_coverage":89230568.783431441,"total_directness":0.84658908182696602},"geometry":{"type":"LineString","coordinates":[[2.3319308,48.8524605],[2.3320497,48.852592],[2.3324834,48.8530714],[2.3325907,48.8531901],[2.3328743,48.8535037],[2.3329811,48.8536218],[2.3333421,48.8537953]]}},
{"type":"Feature","properties":{"ordering":184,"bikenet_hierarchy":"secondary","road_hierarchy":"secondary","length":1333.1215928566942,"total_length":291881.38521103986,"total_coverage":89336760.889856845,"total_directness":0.84688266409329482},"geometry":{"type":"LineString","coordinates":[[2.2949802,48.8736815],[2.2939872,48.8723327],[2.2938963,48.8722131],[2.2935679,48.871788],[2.2934166,48.871582],[2.2932877,48.8714033],[2.2932078,48.8712924],[2.2919467,48.8695436],[2.2917578,48.8692799],[2.2916437,48.8691209],[2.2915527,48.8689952],[2.2914977,48.8689189],[2.2914369,48.8688345],[2.291311,48.8686709],[2.2911733,48.8684734],[2.2910578,48.8683056],[2.2907004,48.8678188],[2.29045,48.8674754],[2.2903925,48.8673964],[2.2902912,48.8672623],[2.2900419,48.8669052],[2.289968,48.8668087],[2.289912,48.8667298],[2.2896651,48.8663815],[2.289533,48.8661934],[2.2894862,48.8661243],[2.2888145,48.8651981],[2.2886674,48.8649948],[2.2885258,48.8647999],[2.2884641,48.8647172],[2.288077,48.8641782],[2.2877412,48.8637215],[2.2876976,48.8636616],[2.2876017,48.8635274],[2.2871137,48.8628752]]}},
{"type":"Feature","properties":{"ordering":185,"bikenet_hierarchy":"secondary","road_hierarchy":"tertiary","length":605.83425828036081,"total_length":292487.2194693202,"total_coverage":89336760.889857084,"total_directness":0.84716957681934302},"geometry":{"type":"LineString","coordinates":[[2.3016514,48.8480224],[2.3015811,48.8476491],[2.30159,48.8476148],[2.3017993,48.8466008],[2.301822,48.8464821],[2.3018613,48.8462957],[2.3018754,48.8462241],[2.3019435,48.8458773],[2.3019817,48.8456828],[2.3020342,48.8454541],[2.3020551,48.8453668],[2.3022022,48.8446844],[2.3024068,48.8437358],[2.3024197,48.8436626],[2.3026724,48.8426289]]}},
{"type":"Feature","properties":{"ordering":186,"bikenet_hierarchy":"primary","road_hierarchy":"primary","length":443.3390215498477,"total_length":292930.55849087005,"total_coverage":89336760.889856845,"total_directness":0.84912324017661611},"geometry":{"type":"LineString","coordinates":[[2.36225,48.8510716],[2.3620716,48.8510159],[2.3615935,48.8508756],[2.3614314,48.850828],[2.3613142,48.8507828],[2.361205,48.8507485],[2.3602186,48.8504563],[2.3601009,48.8504233],[2.3599825,48.8503884],[2.3590562,48.8501126],[2.3588237,48.8500386],[2.3567581,48.8494121]]}},
{"type":"Feature","properties":{"ordering":187,"bikenet_hierarchy":"secondary","road_hierarchy":"secondary","length":655.5657577050473,"total_length":293586.12424857513,"total_coverage":89336760.889857054,"total_directness":0.8502574222197774},"geometry":{"type":"LineString","coordinates":[[2.3518495,48.836787],[2.3519319,48.8366702],[2.3519581,48.8366318],[2.3522217,48.8362502],[2.3524499,48.8359369],[2.3525166,48.8358433],[2.3525661,48.8357744],[2.3527808,48.8354649],[2.3529245,48.8352603],[2.3530821,48.8350318],[2.3531912,48.8348738],[2.3533409,48.8346586],[2.3534744,48.8344723],[2.3535549,48.8343587],[2.3536201,48.834265],[2.3538424,48.8339453],[2.3541505,48.8334903],[2.3542155,48.8334002],[2.3542978,48.8332807],[2.3546065,48.8328495],[2.3547462,48.8326496],[2.354982,48.8322936],[2.3550299,48.8322202],[2.3550993,48.8321213],[2.355186,48.831995],[2.3555034,48.8314103]]}},
{"type":"Feature","properties":{"ordering":188,"bikenet_hierarchy":"secondary","road_hierarchy":"quaternary","length":648.98972053683087,"total_length":294235.11396911193,"total_coverage":89336760.889856964,"total_directness":0.85039159444289536},"geometry":{"type":"LineString","coordinates":[[2.3218458,48.8359965],[2.3218186,48.8351692],[2.3217778,48.8345196],[2.3217889,48.8343836],[2.3217784,48.8342491],[2.3217086,48.8339691],[2.3216224,48.8338641],[2.3215669,48.8337933],[2.3208964,48.8329865],[2.3206072,48.8325253],[2.3205525,48.8324437],[2.3204382,48.8322792],[2.320375,48.8321802],[2.3201725,48.8318526],[2.3201293,48.8317685],[2.320077,48.8316853],[2.3200412,48.8316272],[2.3198832,48.8314079],[2.3198354,48.8313378],[2.3194202,48.8306837],[2.319263,48.8305326]]}},
{"type":"Feature","properties":{"ordering":189,"bikenet_hierarchy":"secondary","road_hierarchy":"tertiary","length":360.05452160652112,"total_length":294595.16849071847,"total_coverage":89336760.88985686,"total_directness":0.85085264871650457},"geometry":{"type":"LineString","coordinates":[[2.3489568,48.8771681],[2.3489168,48.8770577],[2.34868,48.8766355],[2.3486453,48.8765706],[2.3486204,48.8765239],[2.3482616,48.8758402],[2.3480527,48.8748515],[2.3479115,48.8740226]]}},
{"type":"Feature","properties":{"ordering":190,"bikenet_hierarchy":"secondary","road_hierarchy":"primary","length":871.45562348588521,"total_length":295466.62411420437,"total_coverage":89336760.889857188,"total_directness":0.85232590672034925},"geometry":{"type":"LineString","coordinates":[[2.3199774,48.8451079],[2.3201472,48.8442311],[2.3201792,48.8441497],[2.3202154,48.8440574],[2.320629,48.8431812],[2.3224821,48.8386171],[2.3226752,48.8382319],[2.3227253,48.8381322],[2.3228623,48.8377092],[2.3228821,48.8376453],[2.3229328,48.8375281]]}},
{"type":"Feature","properties":{"ordering":191,"bikenet_hierarchy":"secondary","road_hierarchy":"secondary","length":702.97392076151391,"total_length":296169.59803496586,"total_coverage":89346567.106915519,"total_directness":0.85317947270825956},"geometry":{"type":"LineString","coordinates":[[2.3984735,48.8649052],[2.3986709,48.864672],[2.3987209,48.8645982],[2.3990765,48.8641542],[2.3991513,48.8640573],[2.3992305,48.8639502],[2.3995172,48.8635627],[2.3996122,48.8634342],[2.399714,48.8632967],[2.3997675,48.863159],[2.4001651,48.8618153],[2.4002005,48.8616259],[2.4010433,48.8601118],[2.4020355,48.8592241],[2.4021238,48.8591448]]}},
{"type":"Feature","properties":{"ordering":192,"bikenet_hierarchy":"primary","road_hierarchy":"primary","length":526.66944914241731,"total_length":296696.26748410828,"total_coverage":89346567.106915727,"total_directness":0.85454641419145205},"geometry":{"type":"LineString","coordinates":[[2.2937434,48.8646295],[2.2935607,48.8644148],[2.2933846,48.8642981],[2.2933074,48.8641681],[2.2932242,48.8640868],[2.293069,48.863949],[2.2928991,48.863793],[2.2927732,48.8636786],[2.2926533,48.8635616],[2.2922294,48.8631576],[2.2921755,48.8631045],[2.2920987,48.8629417],[2.2918806,48.8624754],[2.2914134,48.8611118],[2.2913295,48.8608833],[2.2911506,48.8603008]]}},
{"type":"Feature","properties":{"ordering":193,"bikenet_hierarchy":"secondary","road_hierarchy":"secondary","length":1206.451616378698,"total_length":297902.71910048701,"total_coverage":89400184.14240095,"total_directness":0.85494405162764908},"geometry":{"type":"LineString","coordinates":[[2.4021238,48.8591448],[2.4022011,48.8590808],[2.4032734,48.8581957],[2.4033753,48.8581074],[2.4038067,48.8577055],[2.4038934,48.8576312],[2.403946,48.857564],[2.4041157,48.8573775],[2.4048464,48.8563544],[2.4048898,48.85629],[2.404943,48.856194],[2.4049987,48.8560885],[2.4052825,48.8554109],[2.4052986,48.8553612],[2.4057041,48.8540382],[2.4057184,48.8539904],[2.4058563,48.8535461],[2.405892,48.8534257],[2.4060812,48.8527867],[2.4061085,48.8526951],[2.4061213,48.8526039],[2.4061353,48.8524639],[2.4061369,48.8524404],[2.4062794,48.8515796],[2.4062921,48.8515042],[2.4063061,48.8513871],[2.4063934,48.8505822],[2.4064033,48.8504998],[2.4064145,48.8503959],[2.4065187,48.8494575],[2.4065522,48.8490661],[2.4065708,48.8489527]]}},
{"type":"Feature","properties":{"ordering":194,"bikenet_hierarchy":"secondary","road_hierarchy":"tertiary","length":449.44004637449393,"total_length":298352.15914686146,"total_coverage":89400184.14240092,"total_directness":0.85511857280128434},"geometry":{"type":"LineString","coordinates":[[2.3105047,48.8514584],[2.3106175,48.8513853],[2.3107002,48.8513316],[2.3115398,48.8507902],[2.3116435,48.8507199],[2.311744,48.8506094],[2.3122379,48.8502907],[2.312368,48.8502504],[2.3125433,48.8501377],[2.3126897,48.8500413],[2.3129954,48.8498425],[2.3139147,48.8492631],[2.3140369,48.8491836],[2.3141534,48.8492097],[2.3149254,48.8493836],[2.3150403,48.8494125],[2.3151445,48.8494407]]}},
{"type":"Feature","properties":{"ordering":195,"bikenet_hierarchy":"secondary","road_hierarchy":"tertiary","length":250.93094398275178,"total_length":298603.09009084426,"total_coverage":89400184.142400995,"total_directness":0.85560050125796516},"geometry":{"type":"LineString","coordinates":[[2.2790664,48.8509214],[2.2812503,48.8495635],[2.2814716,48.8494405],[2.2815634,48.8493803]]}},
{"type":"Feature","properties":{"ordering":196,"bikenet_hierarchy":"secondary","road_hierarchy":"secondary","length":446.52370548575425,"total_length":299049.61379633,"total_coverage":89400184.142400965,"total_directness":0.85591920090660745},"geometry":{"type":"LineString","coordinates":[[2.2974925,48.8849649],[2.2955626,48.8851632],[2.2937574,48.8853848],[2.2936887,48.8853932],[2.2915029,48.885683]]}},
{"type":"Feature","properties":{"ordering":197,"bikenet_hierarchy":"primary","road_hierarchy":"primary","length":367.75817329874195,"total_length":299417.37196962873,"total_coverage":89405711.295905709,"total_directness":0.85810937234907114},"geometry":{"type":"LineString","coordinates":[[2.3051252,48.827674],[2.3049782,48.8277067],[2.3046791,48.8277764],[2.3032736,48.8280662],[2.302808,48.8281665],[2.3015713,48.8284431],[2.3013615,48.8284779],[2.3011642,48.8285145],[2.3006078,48.8286358],[2.3003607,48.8286924]]}},
{"type":"Feature","properties":{"ordering":198,"bikenet_hierarchy":"secondary","road_hierarchy":"secondary","length":366.909231044244,"total_length":299784.28120067297,"total_coverage":89405711.295905709,"total_directness":0.85869218864741814},"geometry":{"type":"LineString","coordinates":[[2.3725055,48.8456577],[2.3741947,48.8458546],[2.3743596,48.8459127],[2.3755724,48.8460612],[2.3756897,48.8460755],[2.375803,48.8460894],[2.3759881,48.8461121],[2.3762661,48.8461463],[2.3771787,48.8462527],[2.3774063,48.8462793]]}},
{"type":"Feature","properties":{"ordering":199,"bikenet_hierarchy":"secondary","road_hierarchy":"secondary","length":504.51224457407682,"total_length":300288.79344524705,"total_coverage":89405711.295905694,"total_directness":0.8605545871204352},"geometry":{"type":"LineString","coordinates":[[2.3341693,48.866312],[2.3341297,48.866404],[2.3340942,48.8664866],[2.3340417,48.8666086],[2.3339876,48.8667345],[2.3338158,48.8671305],[2.3337715,48.8672304],[2.3336619,48.8675112],[2.3335525,48.8677459],[2.3328635,48.8693521],[2.3320659,48.8706246]]}},
{"type":"Feature","properties":{"ordering":200,"bikenet_hierarchy":"secondary","road_hierarchy":"tertiary","length":276.21702407028073,"total_length":300565.01046931732,"total_coverage":89405711.295905784,"total_directness":0.86153919148664049},"geometry":{"type":"LineString","coordinates":[[2.304262,48.8403778],[2.3041939,48.84049],[2.3032947,48.8417733],[2.3032242,48.8418731],[2.3030653,48.8421016],[2.3027582,48.8425123],[2.3026988,48.8425933],[2.3026724,48.8426289]]}},
{"type":"Feature","properties":{"ordering":201,"bikenet_hierarchy":"primary","road_hierarchy":"tertiary","length":304.5083384130204,"total_length":300869.51880773035,"total_coverage":89406189.403661251,"total_directness":0.86267880176672251},"geometry":{"type":"LineString","coordinates":[[2.3319308,48.8524605],[2.3323042,48.8525179],[2.3330353,48.852636],[2.3331658,48.8526541],[2.3333125,48.8526536],[2.3336923,48.8526627],[2.3339259,48.8526973],[2.3340614,48.8527187],[2.3344423,48.852775],[2.3350553,48.8528931],[2.3351632,48.8529196],[2.3355965,48.853026],[2.3358949,48.8531684]]}}
]
}
