{
"type": "FeatureCollection",
"name": "paris_fr-from_2021-directness",
"features": [
{"type":"Feature","properties":{"ordering":1,"bikenet_hierarchy":"secondary","road_hierarchy":"secondary","length":357.68972962663145,"total_length":124658.24342047374,"total_coverage":73217424.265240461,"total_directness":0.40148063865069855},"geometry":{"type":"LineString","coordinates":[[2.3320454,48.8638185],[2.3320515,48.8637024],[2.3309105,48.8621439],[2.3301721,48.8611229],[2.3300977,48.8610184],[2.3300717,48.8608967]]}},
{"type":"Feature","properties":{"ordering":2,"bikenet_hierarchy":"primary","road_hierarchy":"primary","length":515.75165057641698,"total_length":125173.99507105014,"total_coverage":73220210.37744835,"total_directness":0.43195642518338179},"geometry":{"type":"LineString","coordinates":[[2.3617567,48.8399826],[2.3619839,48.840258],[2.3621238,48.8404222],[2.3624516,48.8408645],[2.3631949,48.841856],[2.3632809,48.8419749],[2.3635401,48.8423212],[2.3636584,48.8424708],[2.3638588,48.8427499],[2.3640696,48.8430559],[2.364167,48.843199],[2.3642587,48.8433098],[2.3643628,48.8434335],[2.364668,48.8436927],[2.364813,48.8438738],[2.3649801,48.8440958]]}},
{"type":"Feature","properties":{"ordering":3,"bikenet_hierarchy":"primary","road_hierarchy":"secondary","length":344.01298966162096,"total_length":125518.00806071177,"total_coverage":73229960.953659564,"total_directness":0.45883849500802776},"geometry":{"type":"LineString","coordinates":[[2.3183027,48.8372291],[2.3189602,48.8372577],[2.3194541,48.8373328],[2.3195665,48.8373478],[2.3202317,48.8374697],[2.3203788,48.837487],[2.321089,48.8375256],[2.3222512,48.837587],[2.3223081,48.8375851],[2.3224122,48.8375752],[2.3226084,48.8375569],[2.322687,48.8375474],[2.3229328,48.8375281]]}},
{"type":"Feature","properties":{"ordering":4,"bikenet_hierarchy":"primary","road_hierarchy":"primary","length":440.77808039742337,"total_length":125958.78614110919,"total_coverage":73229964.276221275,"total_directness":0.4836454376155101},"geometry":{"type":"LineString","coordinates":[[2.2626793,48.841899],[2.2636585,48.8414625],[2.2653548,48.8406867],[2.2665139,48.8401683],[2.2676367,48.8396621]]}},
{"type":"Feature","properties":{"ordering":5,"bikenet_hierarchy":"secondary","road_hierarchy":"secondary","length":176.08006001096095,"total_length":126134.86620112015,"total_coverage":73229964.276221409,"total_directness":0.50683436716894781},"geometry":{"type":"LineString","coordinates":[[2.329285,48.8595512],[2.3294262,48.8596091],[2.3295809,48.8596719],[2.3302619,48.8605863],[2.3301951,48.8607123],[2.3300717,48.8608967]]}},
{"type":"Feature","properties":{"ordering":6,"bikenet_hierarchy":"primary","road_hierarchy":"primary","length":448.58126148535393,"total_length":126583.4474626055,"total_coverage":73250474.189580962,"total_directness":0.52077753082686451},"geometry":{"type":"LineString","coordinates":[[2.3545602,48.8209934],[2.3557802,48.8205377],[2.3560392,48.8203647],[2.3563785,48.820099],[2.3567241,48.8198371],[2.3575753,48.819265],[2.3579745,48.8190989],[2.3593009,48.8188936],[2.3595373,48.8188776]]}},
{"type":"Feature","properties":{"ordering":7,"bikenet_hierarchy":"primary","road_hierarchy":"primary","length":568.81331263631637,"total_length":127152.26077524183,"total_coverage":73271579.993424758,"total_directness":0.53274733094005911},"geometry":{"type":"LineString","coordinates":[[2.2654044,48.8626141],[2.2636333,48.8576342]]}},
{"type":"Feature","properties":{"ordering":8,"bikenet_hierarchy":"primary","road_hierarchy":"primary","length":202.59617131928906,"total_length":127354.85694656111,"total_coverage":73271579.993424952,"total_directness":0.54390426641437284},"geometry":{"type":"LineString","coordinates":[[2.3700464,48.8826611],[2.3693383,48.8831366],[2.3689685,48.8835207],[2.3686164,48.8841815]]}},
{"type":"Feature","properties":{"ordering":9,"bikenet_hierarchy":"secondary","road_hierarchy":"secondary","length":404.35610674502243,"total_length":127759.21305330613,"total_coverage":73271584.491220132,"total_directness":0.55419124764254257},"geometry":{"type":"LineString","coordinates":[[2.347326,48.867349],[2.3474149,48.8673298],[2.3476296,48.8672836],[2.3492768,48.866929],[2.3494542,48.8668908],[2.3504825,48.8666659],[2.3510619,48.8665387],[2.3511943,48.8665098],[2.3520232,48.8663289],[2.3523575,48.8662558],[2.3525614,48.8662121]]}},
{"type":"Feature","properties":{"ordering":10,"bikenet_hierarchy":"secondary","road_hierarchy":"secondary","length":287.42495783018234,"total_length":128046.63801113631,"total_coverage":73274232.050576299,"total_directness":0.56430260398708276},"geometry":{"type":"LineString","coordinates":[[2.347326,48.867349],[2.3471926,48.8673777],[2.3465022,48.8675263],[2.3463375,48.8675618],[2.346113,48.8676101],[2.3456561,48.8677085],[2.3454721,48.8677528],[2.3453397,48.8677785],[2.345211,48.8678043],[2.3437344,48.8681221],[2.3436015,48.8681507]]}},
{"type":"Feature","properties":{"ordering":11,"bikenet_hierarchy":"secondary","road_hierarchy":"secondary","length":1333.1215928566942,"total_length":129379.75960399301,"total_coverage":73687117.65093416,"total_directness":0.57403200465888071},"geometry":{"type":"LineString","coordinates":[[2.2949802,48.8736815],[2.2939872,48.8723327],[2.2938963,48.8722131],[2.2935679,48.871788],[2.2934166,48.871582],[2.2932877,48.8714033],[2.2932078,48.8712924],[2.2919467,48.8695436],[2.2917578,48.8692799],[2.2916437,48.8691209],[2.2915527,48.8689952],[2.2914977,48.8689189],[2.2914369,48.8688345],[2.291311,48.8686709],[2.2911733,48.8684734],[2.2910578,48.8683056],[2.2907004,48.8678188],[2.29045,48.8674754],[2.2903925,48.8673964],[2.2902912,48.8672623],[2.2900419,48.8669052],[2.289968,48.8668087],[2.289912,48.8667298],[2.2896651,48.8663815],[2.289533,48.8661934],[2.2894862,48.8661243],[2.2888145,48.8651981],[2.2886674,48.8649948],[2.2885258,48.8647999],[2.2884641,48.8647172],[2.288077,48.8641782],[2.2877412,48.8637215],[2.2876976,48.8636616],[2.2876017,48.8635274],[2.2871137,48.8628752]]}},
{"type":"Feature","properties":{"ordering":12,"bikenet_hierarchy":"primary","road_hierarchy":"primary","length":367.75817329874195,"total_length":129747.51777729175,"total_coverage":73692644.804438725,"total_directness":0.58371458572058021},"geometry":{"type":"LineString","coordinates":[[2.3051252,48.827674],[2.3049782,48.8277067],[2.3046791,48.8277764],[2.3032736,48.8280662],[2.302808,48.8281665],[2.3015713,48.8284431],[2.3013615,48.8284779],[2.3011642,48.8285145],[2.3006078,48.8286358],[2.3003607,48.8286924]]}},
{"type":"Feature","properties":{"ordering":13,"bikenet_hierarchy":"secondary","road_hierarchy":"quaternary","length":1128.0296145754796,"total_length":130875.54739186724,"total_coverage":73718897.243081957,"total_directness":0.59339953121972733},"geometry":{"type":"LineString","coordinates":[[2.3001306,48.8576576],[2.3003926,48.8577392],[2.3013479,48.8580922],[2.301447,48.8581288],[2.3019379,48.858304],[2.3020207,48.8583335],[2.3022738,48.8584255],[2.3023984,48.8584708],[2.3031619,48.8587135],[2.3032337,48.8587353],[2.3033707,48.8587715],[2.3034962,48.858808],[2.3036594,48.8588554],[2.3037348,48.8588809],[2.3042558,48.8590406],[2.3043216,48.8590587],[2.3049329,48.8591877],[2.3050768,48.8592153],[2.3052154,48.8592447],[2.3057338,48.8593552],[2.3062227,48.8594596],[2.3063854,48.8594935],[2.3072878,48.8596387],[2.3074458,48.8596631],[2.3076362,48.8596922],[2.3078844,48.8597291],[2.3087895,48.8598238],[2.3096309,48.8598943],[2.309716,48.8599012],[2.3100354,48.8599265],[2.3101795,48.8599384],[2.3103142,48.8599388],[2.3112699,48.8599461],[2.3114777,48.8599472],[2.3128304,48.8599537],[2.3131081,48.8599548],[2.3134192,48.8599568],[2.3147218,48.8599656],[2.3148267,48.8599663]]}},
{"type":"Feature","properties":{"ordering":14,"bikenet_hierarchy":"primary","road_hierarchy":"primary","length":122.72239158370753,"total_length":130998.26978345095,"total_coverage":73719352.451127142,"total_directness":0.60279583840607409},"geometry":{"type":"LineString","coordinates":[[2.3376342,48.8206504],[2.3392213,48.8203046]]}},
{"type":"Feature","properties":{"ordering":15,"bikenet_hierarchy":"primary","road_hierarchy":"primary","length":53.643989404062047,"total_length":131051.913772855,"total_coverage":73719575.317257136,"total_directness":0.61146683570818949},"geometry":{"type":"LineString","coordinates":[[2.2778072,48.8361159],[2.2783463,48.8361634],[2.2785235,48.8361242]]}},
{"type":"Feature","properties":{"ordering":16,"bikenet_hierarchy":"primary","road_hierarchy":"primary","length":834.54454051651783,"total_length":131886.45831337152,"total_coverage":73724860.681208223,"total_directness":0.61859256884600511},"geometry":{"type":"LineString","coordinates":[[2.3439822,48.8980382],[2.3445134,48.8977867],[2.344702,48.8975494],[2.3448383,48.8973802],[2.345662,48.8964152],[2.3459487,48.8960748],[2.3463293,48.8956182],[2.3463631,48.8955778],[2.3465173,48.8953886],[2.3465922,48.8952957],[2.3469414,48.8948759],[2.3470996,48.8946836],[2.3472306,48.894524],[2.3473421,48.8943849],[2.3473723,48.8943472],[2.347779,48.89387],[2.3479475,48.8936558],[2.3480564,48.8935307],[2.3480881,48.8934943],[2.348693,48.8927849],[2.3488082,48.8926537],[2.3490444,48.8923624],[2.3490996,48.892293],[2.349262,48.892102],[2.349517,48.8918013],[2.349577,48.8916826],[2.3496036,48.8915703]]}},
{"type":"Feature","properties":{"ordering":17,"bikenet_hierarchy":"primary","road_hierarchy":"primary","length":262.89671896016546,"total_length":132149.35503233169,"total_coverage":73724860.681208119,"total_directness":0.62521996764434173},"geometry":{"type":"LineString","coordinates":[[2.3990573,48.8480393],[2.3989684,48.848046],[2.3988177,48.848057],[2.3984064,48.8480893],[2.3976661,48.8481495],[2.3974603,48.8481116],[2.3972735,48.8481307],[2.3955513,48.8484231]]}},
{"type":"Feature","properties":{"ordering":18,"bikenet_hierarchy":"secondary","road_hierarchy":"secondary","length":156.35406552981195,"total_length":132305.70909786149,"total_coverage":73724860.681208253,"total_directness":0.63081718236648221},"geometry":{"type":"LineString","coordinates":[[2.2673419,48.8637319],[2.2676584,48.8634034],[2.2682626,48.8632055],[2.268433,48.8631767],[2.269039,48.8629581]]}},
{"type":"Feature","properties":{"ordering":19,"bikenet_hierarchy":"primary","road_hierarchy":"primary","length":438.23596626683263,"total_length":132743.94506412832,"total_coverage":73724860.681208357,"total_directness":0.63625671112075144},"geometry":{"type":"LineString","coordinates":[[2.3472924,48.857184],[2.3465822,48.8562364],[2.3460946,48.8555692],[2.3460252,48.8554715],[2.3459241,48.8553552],[2.3459053,48.8553295],[2.3458498,48.8552653],[2.3449997,48.8544187],[2.3449201,48.8543358],[2.3448485,48.8542668],[2.3444383,48.8538542],[2.3443404,48.8537679]]}},
{"type":"Feature","properties":{"ordering":20,"bikenet_hierarchy":"primary","road_hierarchy":"primary","length":117.16909170640017,"total_length":132861.11415583474,"total_coverage":73725287.193035528,"total_directness":0.64035506667722675},"geometry":{"type":"LineString","coordinates":[[2.3330695,48.8216566],[2.3337456,48.8215041],[2.3338421,48.8214804],[2.3339662,48.8214478],[2.3343712,48.8213523],[2.3344671,48.8213293],[2.3345708,48.8213003]]}},
{"type":"Feature","properties":{"ordering":21,"bikenet_hierarchy":"secondary","road_hierarchy":"quaternary","length":249.70548178710837,"total_length":133110.81963762184,"total_coverage":73725287.193035781,"total_directness":0.64382181329931176},"geometry":{"type":"LineString","coordinates":[[2.3549444,48.8543758],[2.3550402,48.8544766],[2.3551596,48.8546024],[2.3552117,48.8546518],[2.3557715,48.8552177],[2.3557996,48.855247],[2.3563084,48.8557742],[2.3563573,48.8558238],[2.3563896,48.8558788],[2.3565579,48.8562056],[2.356584,48.8562566],[2.3565953,48.8562782],[2.3566154,48.8563185]]}},
{"type":"Feature","properties":{"ordering":22,"bikenet_hierarchy":"primary","road_hierarchy":"primary","length":1058.4024355185722,"total_length":134169.22207314041,"total_coverage":73725287.193035692,"total_directness":0.64703521885048287},"geometry":{"type":"LineString","coordinates":[[2.3617567,48.8399826],[2.3616937,48.8398476],[2.3616137,48.8396947],[2.3610159,48.8388852],[2.3608958,48.838729],[2.360867,48.8386914],[2.3607912,48.8385924],[2.3605612,48.8382708],[2.3603922,48.8380321],[2.3594234,48.8367493],[2.3593702,48.8366735],[2.3592953,48.8365766],[2.3591426,48.8363716],[2.3588916,48.8360344],[2.3587506,48.8358449],[2.3586399,48.8356963],[2.358565,48.8355956],[2.358301,48.8352352],[2.3581216,48.8349951],[2.3578519,48.8346276],[2.3578062,48.8345654],[2.3575646,48.8342519],[2.357045,48.8335539],[2.3569207,48.833379],[2.356823,48.833254],[2.3567612,48.8331727],[2.3565498,48.8328817],[2.3564892,48.8328074],[2.3564189,48.8327058],[2.3561819,48.8323822],[2.3560637,48.8322167],[2.3555034,48.8314103]]}},
{"type":"Feature","properties":{"ordering":23,"bikenet_hierarchy":"primary","road_hierarchy":"primary","length":279.60121243281384,"total_length":134448.82328557322,"total_coverage":73725287.193035603,"total_directness":0.65227666464052869},"geometry":{"type":"LineString","coordinates":[[2.3676049,48.8458256],[2.3650856,48.8444364],[2.3649801,48.8440958]]}},
{"type":"Feature","properties":{"ordering":24,"bikenet_hierarchy":"secondary","road_hierarchy":"secondary","length":366.909231044244,"total_length":134815.73251661746,"total_coverage":73725287.193035692,"total_directness":0.65502872090674136},"geometry":{"type":"LineString","coordinates":[[2.3725055,48.8456577],[2.3741947,48.8458546],[2.3743596,48.8459127],[2.3755724,48.8460612],[2.3756897,48.8460755],[2.375803,48.8460894],[2.3759881,48.8461121],[2.3762661,48.8461463],[2.3771787,48.8462527],[2.3774063,48.8462793]]}},
{"type":"Feature","properties":{"ordering":25,"bikenet_hierarchy":"secondary","road_hierarchy":"tertiary","length":605.83425828036081,"total_length":135421.56677489783,"total_coverage":73730283.657769799,"total_directness":0.65739626513630711},"geometry":{"type":"LineString","coordinates":[[2.3016514,48.8480224],[2.3015811,48.8476491],[2.30159,48.8476148],[2.3017993,48.8466008],[2.301822,48.8464821],[2.3018613,48.8462957],[2.3018754,48.8462241],[2.3019435,48.8458773],[2.3019817,48.8456828],[2.3020342,48.8454541],[2.3020551,48.8453668],[2.3022022,48.8446844],[2.3024068,48.8437358],[2.3024197,48.8436626],[2.3026724,48.8426289]]}},
{"type":"Feature","properties":{"ordering":26,"bikenet_hierarchy":"primary","road_hierarchy":"quaternary","length":311.77822134275374,"total_length":135733.34499624057,"total_coverage":73730283.657769859,"total_directness":0.65968142928290163},"geometry":{"type":"LineString","coordinates":[[2.3638296,48.8675553],[2.3676207,48.8688224]]}},
{"type":"Feature","properties":{"ordering":27,"bikenet_hierarchy":"primary","road_hierarchy":"primary","length":518.04883090206374,"total_length":136251.39382714266,"total_coverage":73730869.816045299,"total_directness":0.66191512630140581},"geometry":{"type":"LineString","coordinates":[[2.2867276,48.8566741],[2.2880303,48.8577643],[2.2882895,48.8580452],[2.2890041,48.8586131],[2.2906557,48.8598986],[2.290717,48.859948],[2.2907772,48.8599964],[2.2911506,48.8603008]]}},
{"type":"Feature","properties":{"ordering":28,"bikenet_hierarchy":"secondary","road_hierarchy":"secondary","length":307.9890504090564,"total_length":136559.38287755172,"total_coverage":73730869.816045314,"total_directness":0.66373736455100174},"geometry":{"type":"LineString","coordinates":[[2.3683608,48.8452284],[2.3714786,48.8455256],[2.3719899,48.8455907],[2.3721003,48.8456047],[2.3723958,48.8456429],[2.3725055,48.8456577]]}},
{"type":"Feature","properties":{"ordering":29,"bikenet_hierarchy":"primary","road_hierarchy":"primary","length":83.818452683474675,"total_length":136643.20133023517,"total_coverage":73730872.859794855,"total_directness":0.66501038531492995},"geometry":{"type":"LineString","coordinates":[[2.3863031,48.8982643],[2.3861034,48.898015],[2.3857252,48.8976145]]}},
{"type":"Feature","properties":{"ordering":30,"bikenet_hierarchy":"secondary","road_hierarchy":"secondary","length":840.1225922366408,"total_length":137483.32392247181,"total_coverage":73752784.018410295,"total_directness":0.66622091985016441},"geometry":{"type":"LineString","coordinates":[[2.3436015,48.8681507],[2.343656,48.8680467],[2.3437648,48.8677839],[2.3439549,48.8673275],[2.3439373,48.8672526],[2.3438568,48.8668406],[2.3438436,48.866764],[2.3438029,48.8666722],[2.34333,48.8657781],[2.3433102,48.8657386],[2.3431283,48.86538],[2.343086,48.8652925],[2.3430429,48.8652102],[2.3427051,48.8645721],[2.342661,48.8644887],[2.3425585,48.864284],[2.3424101,48.8639994],[2.3423575,48.863896],[2.3422933,48.8637699],[2.3419685,48.8631537],[2.3419462,48.8631096],[2.3418744,48.8629684],[2.3418404,48.8629013],[2.3417048,48.8626344],[2.3415931,48.8624179],[2.3415369,48.8623157],[2.3412504,48.8617628],[2.3411846,48.8616369],[2.3409318,48.8611339],[2.3408793,48.8610294],[2.3408451,48.8609613]]}},
{"type":"Feature","properties":{"ordering":31,"bikenet_hierarchy":"primary","road_hierarchy":"primary","length":529.30373390492559,"total_length":138012.62765637675,"total_coverage":73752784.018410295,"total_directness":0.66737992149852032},"geometry":{"type":"LineString","coordinates":[[2.4062071,48.8474149],[2.40602,48.8474312],[2.4036221,48.847641],[2.402448,48.8477437],[2.4009516,48.8478746],[2.3994048,48.8480099],[2.3990573,48.8480393]]}},
{"type":"Feature","properties":{"ordering":32,"bikenet_hierarchy":"primary","road_hierarchy":"primary","length":195.15200536748011,"total_length":138207.77966174422,"total_coverage":73752784.018410489,"total_directness":0.66837550007961632},"geometry":{"type":"LineString","coordinates":[[2.3190488,48.862616],[2.3191234,48.8627412],[2.3191283,48.862748],[2.3191561,48.8627872],[2.3196122,48.8634034],[2.3199728,48.8638906],[2.3199751,48.8638938],[2.3200297,48.863968],[2.32004,48.8639821],[2.3200487,48.863994],[2.3200548,48.8640023],[2.3200652,48.864016],[2.3203099,48.8641378]]}},
{"type":"Feature","properties":{"ordering":33,"bikenet_hierarchy":"primary","road_hierarchy":"primary","length":392.63600325613578,"total_length":138600.41566500036,"total_coverage":73752784.018410444,"total_directness":0.66997853361251591},"geometry":{"type":"LineString","coordinates":[[2.3234877,48.8664109],[2.3210108,48.8658508],[2.3209619,48.8657855],[2.3208526,48.8656393],[2.3207689,48.8655275],[2.3206749,48.8654018],[2.3206209,48.8653297],[2.3204798,48.8646721],[2.3204539,48.8643204],[2.320409,48.8642542],[2.3203099,48.8641378]]}},
{"type":"Feature","properties":{"ordering":34,"bikenet_hierarchy":"primary","road_hierarchy":"primary","length":1463.652916790345,"total_length":140064.06858179069,"total_coverage":73769538.485732421,"total_directness":0.67105807582774024},"geometry":{"type":"LineString","coordinates":[[2.3955513,48.8484231],[2.3943563,48.8486112],[2.3942381,48.8486275],[2.392957,48.8488235],[2.3923278,48.8489191],[2.3920084,48.8489668],[2.3917469,48.8490061],[2.3902908,48.8492269],[2.3900855,48.8492586],[2.3894914,48.8493481],[2.3885108,48.8494968],[2.3875256,48.8496457],[2.3873276,48.8496757],[2.3849553,48.8500355],[2.384689,48.8500842],[2.384451,48.8501233],[2.3843637,48.8501404],[2.3842019,48.8501672],[2.3830749,48.8502592],[2.3828212,48.8502791],[2.3819569,48.8503608],[2.3817896,48.8503773],[2.3815323,48.8503933],[2.3814094,48.8504064],[2.3812488,48.8504193],[2.3801261,48.850478],[2.379613,48.8505381],[2.3794048,48.8505762],[2.3789489,48.8506408],[2.3788135,48.8506622],[2.378518,48.8507241],[2.3784043,48.8507565],[2.3777953,48.850907],[2.3776975,48.8509304],[2.3773957,48.8510053],[2.37722,48.8510452],[2.3768189,48.8511414],[2.3767637,48.8511553],[2.376415,48.8512402],[2.3761436,48.8513069]]}},
{"type":"Feature","properties":{"ordering":35,"bikenet_hierarchy":"primary","road_hierarchy":"primary","length":644.60649611471877,"total_length":140708.67507790541,"total_coverage":73769538.485732242,"total_directness":0.67192437841120123},"geometry":{"type":"LineString","coordinates":[[2.3707442,48.8434217],[2.3737358,48.8406081],[2.3751394,48.8391933],[2.3755956,48.8387756],[2.375658,48.8387248],[2.3757348,48.838653]]}},
{"type":"Feature","properties":{"ordering":36,"bikenet_hierarchy":"secondary","road_hierarchy":"secondary","length":655.5657577050473,"total_length":141364.24083561049,"total_coverage":73769538.485732481,"total_directness":0.67271244295832555},"geometry":{"type":"LineString","coordinates":[[2.3518495,48.836787],[2.3519319,48.8366702],[2.3519581,48.8366318],[2.3522217,48.8362502],[2.3524499,48.8359369],[2.3525166,48.8358433],[2.3525661,48.8357744],[2.3527808,48.8354649],[2.3529245,48.8352603],[2.3530821,48.8350318],[2.3531912,48.8348738],[2.3533409,48.8346586],[2.3534744,48.8344723],[2.3535549,48.8343587],[2.3536201,48.834265],[2.3538424,48.8339453],[2.3541505,48.8334903],[2.3542155,48.8334002],[2.3542978,48.8332807],[2.3546065,48.8328495],[2.3547462,48.8326496],[2.354982,48.8322936],[2.3550299,48.8322202],[2.3550993,48.8321213],[2.355186,48.831995],[2.3555034,48.8314103]]}},
{"type":"Feature","properties":{"ordering":37,"bikenet_hierarchy":"secondary","road_hierarchy":"tertiary","length":204.11778162085062,"total_length":141568.35861723131,"total_coverage":73769538.485732302,"total_directness":0.67345838959726922},"geometry":{"type":"LineString","coordinates":[[2.3713476,48.8892377],[2.3715879,48.8891845],[2.3719306,48.8890846],[2.3724566,48.8889312],[2.3725758,48.8888955],[2.3732438,48.8886864],[2.3733415,48.8886518],[2.3738691,48.8884648]]}},
{"type":"Feature","properties":{"ordering":38,"bikenet_hierarchy":"secondary","road_hierarchy":"quaternary","length":410.10940071373278,"total_length":141978.46801794507,"total_coverage":73769538.485732287,"total_directness":0.67449861198937822},"geometry":{"type":"LineString","coordinates":[[2.379248,48.8885769],[2.3760416,48.8880292],[2.3742385,48.888335],[2.3738691,48.8884648]]}},
{"type":"Feature","properties":{"ordering":39,"bikenet_hierarchy":"secondary","road_hierarchy":"quaternary","length":425.86085342007732,"total_length":142404.32887136514,"total_coverage":73769538.488893881,"total_directness":0.67522911165491029},"geometry":{"type":"LineString","coordinates":[[2.3716585,48.8580393],[2.371789,48.8580839],[2.3719546,48.8581403],[2.3720413,48.8581643],[2.3731158,48.8585407],[2.3734803,48.8586633],[2.3737956,48.8587694],[2.3738931,48.8588008],[2.3750108,48.8591595],[2.3757827,48.8594149],[2.3759309,48.8594622],[2.376691,48.859702],[2.3767685,48.8597254],[2.3768495,48.8597509]]}},
{"type":"Feature","properties":{"ordering":40,"bikenet_hierarchy":"secondary","road_hierarchy":"quaternary","length":145.13509780850882,"total_length":142549.46396917364,"total_coverage":73788668.159285977,"total_directness":0.67603105974894806},"geometry":{"type":"LineString","coordinates":[[2.3786357,48.8603111],[2.3785561,48.8602808],[2.3784863,48.8602574],[2.3770159,48.8598026],[2.3768495,48.8597509]]}},
{"type":"Feature","properties":{"ordering":41,"bikenet_hierarchy":"secondary","road_hierarchy":"quaternary","length":714.31026332872659,"total_length":143263.77423250236,"total_coverage":73793343.582844734,"total_directness":0.67889982426165518},"geometry":{"type":"LineString","coordinates":[[2.3874768,48.8629727],[2.3867945,48.8627221],[2.3860347,48.8625154],[2.3855171,48.8623778],[2.385392,48.8623432],[2.3852205,48.8623021],[2.3851342,48.8622856],[2.3845377,48.862163],[2.3842257,48.8621018],[2.3840962,48.8620764],[2.3834277,48.8618608],[2.3833633,48.8618389],[2.3826752,48.8616023],[2.3825816,48.8615702],[2.3824612,48.8615306],[2.381233,48.8611258],[2.3811478,48.8611032],[2.3810545,48.8610711],[2.3805423,48.8609055],[2.3803974,48.8608609],[2.3800049,48.8607377],[2.3798581,48.8606913],[2.3787939,48.8603623],[2.3786357,48.8603111]]}},
{"type":"Feature","properties":{"ordering":42,"bikenet_hierarchy":"secondary","road_hierarchy":"secondary","length":475.22208945257654,"total_length":143738.99632195494,"total_coverage":73793547.556152031,"total_directness":0.6795677069808167},"geometry":{"type":"LineString","coordinates":[[2.3001306,48.8576576],[2.2999202,48.8577859],[2.2986661,48.8585893],[2.2985733,48.8586493],[2.297829,48.8591254],[2.2976695,48.8592284],[2.2974678,48.8593576],[2.2973508,48.8594326],[2.2967372,48.8598262],[2.2966247,48.8598976],[2.2957321,48.8604697],[2.2956191,48.8605421],[2.2954805,48.8606322]]}},
{"type":"Feature","properties":{"ordering":43,"bikenet_hierarchy":"primary","road_hierarchy":"secondary","length":69.444572888879932,"total_length":143808.44089484384,"total_coverage":73793547.55615221,"total_directness":0.68022152529269642},"geometry":{"type":"LineString","coordinates":[[2.369142,48.8824833],[2.3697075,48.8825685],[2.3700464,48.8826611]]}},
{"type":"Feature","properties":{"ordering":44,"bikenet_hierarchy":"primary","road_hierarchy":"primary","length":848.02125931368789,"total_length":144656.46215415752,"total_coverage":74413343.509261876,"total_directness":0.68082979189318493},"geometry":{"type":"LineString","coordinates":[[2.3874768,48.8629727],[2.3876093,48.8629914],[2.3879032,48.8630355],[2.3880531,48.8630691],[2.3884593,48.8631509],[2.3890314,48.8632847],[2.3896167,48.8634355],[2.3911144,48.8638213],[2.3916417,48.863956],[2.3917598,48.8639853],[2.3922558,48.8641129],[2.3923663,48.8641412],[2.3945071,48.8646879],[2.3946801,48.8647302],[2.3951415,48.8648432],[2.3955474,48.8649662],[2.3956577,48.8649867],[2.3961221,48.8649894],[2.3970445,48.864958],[2.3972656,48.8649508],[2.3974684,48.8649455],[2.3979613,48.8649311],[2.3980751,48.8649292],[2.3984735,48.8649052]]}},
{"type":"Feature","properties":{"ordering":45,"bikenet_hierarchy":"primary","road_hierarchy":"quaternary","length":283.74024973350686,"total_length":144940.20240389102,"total_coverage":74417674.665866941,"total_directness":0.681424710290082},"geometry":{"type":"LineString","coordinates":[[2.3676207,48.8688224],[2.3677481,48.8688742],[2.3679342,48.8689498],[2.3693541,48.8694654],[2.3694215,48.8694886],[2.36997,48.8696718],[2.3700576,48.8697011],[2.3709231,48.8699671],[2.3710483,48.8700004]]}},
{"type":"Feature","properties":{"ordering":46,"bikenet_hierarchy":"primary","road_hierarchy":"tertiary","length":496.49003652928849,"total_length":145436.6924404203,"total_coverage":74419122.403653085,"total_directness":0.68315234476997466},"geometry":{"type":"LineString","coordinates":[[2.3770084,48.8721037],[2.376876,48.8720452],[2.376804,48.8720138],[2.3767071,48.8719728],[2.3760161,48.8717202],[2.3758813,48.8716752],[2.3757002,48.871611],[2.3752067,48.8714281],[2.3750754,48.8713818],[2.3746999,48.8712562],[2.3746456,48.8712369],[2.3745371,48.8711995],[2.3741203,48.8710389],[2.3739418,48.8709568],[2.3735065,48.8707721],[2.373,48.8706021],[2.3728843,48.8705636],[2.3727993,48.8705352],[2.3716798,48.8701989],[2.3715364,48.870153],[2.3711454,48.8700319],[2.3710483,48.8700004]]}},
{"type":"Feature","properties":{"ordering":47,"bikenet_hierarchy":"secondary","road_hierarchy":"secondary","length":270.01647252068994,"total_length":145706.70891294099,"total_coverage":74419122.403653115,"total_directness":0.6837816501629258},"geometry":{"type":"LineString","coordinates":[[2.3560623,48.8654632],[2.3558237,48.8655138],[2.3557364,48.8655323],[2.3556321,48.8655562],[2.3555365,48.8655754],[2.3539493,48.8659183],[2.3537722,48.8659588],[2.3536473,48.8659836],[2.3535662,48.8659997],[2.353439,48.866025],[2.3526862,48.8661848],[2.3525614,48.8662121]]}},
{"type":"Feature","properties":{"ordering":48,"bikenet_hierarchy":"secondary","road_hierarchy":"quaternary","length":801.88825129326233,"total_length":146508.59716423426,"total_coverage":74439966.57744965,"total_directness":0.68435448205633309},"geometry":{"type":"LineString","coordinates":[[2.383273,48.8849907],[2.3834309,48.8850231],[2.3836761,48.8850687],[2.3837725,48.8850957],[2.3839065,48.8851204],[2.3844607,48.8852176],[2.3845844,48.8852393],[2.3847269,48.8852623],[2.3850833,48.8853231],[2.3854229,48.88539],[2.3867225,48.8856459],[2.3868666,48.8856742],[2.387033,48.8856941],[2.3877558,48.8857981],[2.3878456,48.8858109],[2.3891545,48.8860082],[2.3892875,48.8860268],[2.3897105,48.8860792],[2.3898544,48.8860911],[2.3900199,48.8861049],[2.3914678,48.8862363],[2.3926926,48.8863401],[2.3928484,48.8863547],[2.3934894,48.8864092],[2.3938266,48.8864386],[2.3939571,48.8864488]]}},
{"type":"Feature","properties":{"ordering":49,"bikenet_hierarchy":"primary","road_hierarchy":"primary","length":118.53371142761601,"total_length":146627.13087566188,"total_coverage":74491124.967446208,"total_directness":0.68492224933965884},"geometry":{"type":"LineString","coordinates":[[2.3443404,48.8537679],[2.3441309,48.8533927],[2.3438219,48.8527586]]}},
{"type":"Feature","properties":{"ordering":50,"bikenet_hierarchy":"secondary","road_hierarchy":"quaternary","length":451.67899741094669,"total_length":147078.80987307281,"total_coverage":74491124.967446044,"total_directness":0.68547161588599015},"geometry":{"type":"LineString","coordinates":[[2.3549444,48.8543758],[2.3548277,48.8542555],[2.3548027,48.8542288],[2.354059,48.8534679],[2.3513621,48.8512262],[2.3513069,48.851112]]}},
{"type":"Feature","properties":{"ordering":51,"bikenet_hierarchy":"primary","road_hierarchy":"primary","length":463.94420414698743,"total_length":147542.75407721981,"total_coverage":74547489.148701519,"total_directness":0.68600359986467985},"geometry":{"type":"LineString","coordinates":[[2.4047861,48.8646694],[2.4046592,48.8646743],[2.4041582,48.8646874],[2.4040128,48.864694],[2.4032519,48.8647284],[2.4031011,48.8647341],[2.4027167,48.8647536],[2.4014782,48.8648004],[2.4013042,48.864807],[2.4011247,48.8648141],[2.4003796,48.8648443],[2.4001479,48.8648536],[2.3998594,48.864869],[2.3996819,48.8648756],[2.399015,48.8649015],[2.3988697,48.8649056],[2.3984735,48.8649052]]}},
{"type":"Feature","properties":{"ordering":52,"bikenet_hierarchy":"primary","road_hierarchy":"primary","length":298.84671321047369,"total_length":147841.6007904303,"total_coverage":74547489.148701385,"total_directness":0.68844039849045191},"geometry":{"type":"LineString","coordinates":[[2.4047861,48.8646694],[2.4054598,48.8646436],[2.4056007,48.8646382],[2.4058698,48.8646279],[2.406161,48.8646167],[2.4071334,48.8645794],[2.4072487,48.8645749],[2.4083238,48.8645458],[2.4088495,48.8644984]]}},
{"type":"Feature","properties":{"ordering":53,"bikenet_hierarchy":"primary","road_hierarchy":"primary","length":358.56902029971707,"total_length":148200.16981073,"total_coverage":74547489.14870134,"total_directness":0.6889263277570975},"geometry":{"type":"LineString","coordinates":[[2.4110388,48.8469598],[2.4106932,48.8470309],[2.4088462,48.84719],[2.4078211,48.8472753],[2.4066653,48.8473734],[2.4063818,48.8473996],[2.4062071,48.8474149]]}},
{"type":"Feature","properties":{"ordering":54,"bikenet_hierarchy":"secondary","road_hierarchy":"tertiary","length":372.32719388318424,"total_length":148572.49700461319,"total_coverage":74547506.34882611,"total_directness":0.68939260278940739},"geometry":{"type":"LineString","coordinates":[[2.3479115,48.8740226],[2.347911,48.8739685],[2.3479066,48.8734427],[2.3479068,48.8730563],[2.3479041,48.8725003],[2.3479039,48.8724568],[2.3479023,48.8720523],[2.3479005,48.8720024],[2.3478878,48.8711705],[2.3478824,48.8708215],[2.3479102,48.8706756]]}},
{"type":"Feature","properties":{"ordering":55,"bikenet_hierarchy":"primary","road_hierarchy":"tertiary","length":644.1650610422397,"total_length":149216.66206565543,"total_coverage":74929343.897548005,"total_directness":0.68984513456122298},"geometry":{"type":"LineString","coordinates":[[2.3770084,48.8721037],[2.3770556,48.8721249],[2.3771612,48.8721674],[2.3776304,48.8722965],[2.3778926,48.8723669],[2.378,48.8723948],[2.3780826,48.8724161],[2.378536,48.8725312],[2.3786726,48.872567],[2.3797125,48.8728231],[2.3798396,48.8728451],[2.3799446,48.8728605],[2.3812171,48.8731156],[2.3817971,48.8732367],[2.3819084,48.8732585],[2.3820791,48.8732936],[2.3825202,48.8733773],[2.3825972,48.8733922],[2.3829558,48.8734598],[2.3831002,48.8734835],[2.3832397,48.8735048],[2.385132,48.8738409],[2.3853197,48.8739244]]}},
{"type":"Feature","properties":{"ordering":56,"bikenet_hierarchy":"secondary","road_hierarchy":"tertiary","length":345.14343922283223,"total_length":149561.80550487826,"total_coverage":74929343.897547886,"total_directness":0.69027129716777824},"geometry":{"type":"LineString","coordinates":[[2.3869707,48.8416955],[2.3870007,48.8415276],[2.3872522,48.8412831],[2.3873751,48.8411563],[2.3876246,48.8408866],[2.3876593,48.8408486],[2.3878906,48.8405943],[2.3881563,48.8403023],[2.3882091,48.8402413],[2.3888201,48.8395359],[2.3890067,48.8393179],[2.3891336,48.8391576],[2.3892105,48.8390459],[2.3892503,48.8389984]]}},
{"type":"Feature","properties":{"ordering":57,"bikenet_hierarchy":"secondary","road_hierarchy":"tertiary","length":237.20107724671388,"total_length":149799.00658212497,"total_coverage":75012398.811910927,"total_directness":0.69101258354256467},"geometry":{"type":"LineString","coordinates":[[2.3892503,48.8389984],[2.3893064,48.8389195],[2.3895741,48.838654],[2.3896299,48.8386086],[2.3903277,48.8380319],[2.3910478,48.8374378],[2.3912033,48.8373028]]}},
{"type":"Feature","properties":{"ordering":58,"bikenet_hierarchy":"secondary","road_hierarchy":"secondary","length":782.6464351037713,"total_length":150581.65301722873,"total_coverage":75027588.275316313,"total_directness":0.69173848711018426},"geometry":{"type":"LineString","coordinates":[[2.3976809,48.8318076],[2.3972957,48.832078],[2.397217,48.8321286],[2.3969724,48.8322858],[2.3965729,48.8325455],[2.3957294,48.8330847],[2.3949516,48.8335854],[2.3948298,48.8336632],[2.3943224,48.8339741],[2.394246,48.8340211],[2.3937465,48.8344473],[2.3928968,48.8352261],[2.3927333,48.835335],[2.3923694,48.8358184],[2.3922031,48.8360241],[2.392115,48.8361391],[2.3915692,48.8368551],[2.3915328,48.8369553],[2.391483,48.8370207],[2.3912843,48.83722],[2.3912033,48.8373028]]}},
{"type":"Feature","properties":{"ordering":59,"bikenet_hierarchy":"secondary","road_hierarchy":"tertiary","length":927.91715499339762,"total_length":151509.57017222213,"total_coverage":75027588.275316164,"total_directness":0.69216549473108058},"geometry":{"type":"LineString","coordinates":[[2.3704737,48.8780206],[2.3702926,48.8776034],[2.3702899,48.8775276],[2.3702856,48.8771983],[2.3702846,48.8771406],[2.3703063,48.8762078],[2.3703055,48.8761314],[2.3703046,48.876048],[2.370313,48.8753018],[2.3703124,48.875217],[2.3703117,48.8751467],[2.3703278,48.874173],[2.3703376,48.8740377],[2.3703431,48.8737628],[2.370237,48.8735377],[2.3700367,48.8731032],[2.3698396,48.8726374],[2.3696114,48.8721469],[2.3695465,48.8720371],[2.3695866,48.87197],[2.3697807,48.8717024],[2.3698294,48.8716367],[2.3700774,48.8713015],[2.3701205,48.8712438],[2.3704611,48.8707815],[2.3705113,48.8707169],[2.3709911,48.8700728],[2.3710483,48.8700004]]}},
{"type":"Feature","properties":{"ordering":60,"bikenet_hierarchy":"secondary","road_hierarchy":"quaternary","length":130.98952593698058,"total_length":151640.55969815911,"total_coverage":75039662.910248876,"total_directness":0.69264481774454023},"geometry":{"type":"LineString","coordinates":[[2.3704737,48.8780206],[2.3713347,48.8790526]]}},
{"type":"Feature","properties":{"ordering":61,"bikenet_hierarchy":"secondary","road_hierarchy":"secondary","length":948.20821185603529,"total_length":152588.76791001516,"total_coverage":75099489.861882851,"total_directness":0.69306487970807462},"geometry":{"type":"LineString","coordinates":[[2.3560623,48.8654632],[2.3553769,48.8647277],[2.3551553,48.8643308],[2.3551316,48.8642822],[2.3548818,48.8638185],[2.3548523,48.8637677],[2.3545772,48.8632717],[2.3545514,48.8632266],[2.3543134,48.8627917],[2.3542782,48.8627221],[2.3539076,48.8620246],[2.3537691,48.8617623],[2.3536897,48.8616118],[2.3536058,48.8614526],[2.353513,48.8612774],[2.3534869,48.8612278],[2.353436,48.8611338],[2.3532738,48.8608786],[2.3530538,48.8604126],[2.3529854,48.8602873],[2.3527596,48.8598814],[2.3525924,48.8596361],[2.3521364,48.8587685],[2.3520991,48.8586982],[2.3519395,48.8584075],[2.351908,48.8583518],[2.3518793,48.8582959],[2.3515061,48.8575921],[2.351417,48.8575338]]}},
{"type":"Feature","properties":{"ordering":62,"bikenet_hierarchy":"primary","road_hierarchy":"primary","length":294.44008857732399,"total_length":152883.20799859249,"total_coverage":75099489.861882776,"total_directness":0.6934685436737319},"geometry":{"type":"LineString","coordinates":[[2.3690863,48.8532196],[2.3673524,48.8526154],[2.3670578,48.8525252],[2.3668395,48.8524602],[2.3666589,48.8524037],[2.3662856,48.8522925],[2.3661048,48.8522386],[2.3659486,48.8521921],[2.3655421,48.8520711],[2.3654854,48.8520542]]}},
{"type":"Feature","properties":{"ordering":63,"bikenet_hierarchy":"primary","road_hierarchy":"primary","length":261.3700178411151,"total_length":153144.5780164336,"total_coverage":75099489.861882687,"total_directness":0.69401993583851485},"geometry":{"type":"LineString","coordinates":[[2.3654854,48.8520542],[2.3638187,48.85155],[2.3636908,48.8515096],[2.3635642,48.8514729],[2.3627799,48.8512349],[2.3626857,48.8512052],[2.3626122,48.8511828],[2.36225,48.8510716]]}},
{"type":"Feature","properties":{"ordering":64,"bikenet_hierarchy":"primary","road_hierarchy":"primary","length":443.3390215498477,"total_length":153587.91703798345,"total_coverage":75099489.861882731,"total_directness":0.69503226208357838},"geometry":{"type":"LineString","coordinates":[[2.36225,48.8510716],[2.3620716,48.8510159],[2.3615935,48.8508756],[2.3614314,48.850828],[2.3613142,48.8507828],[2.361205,48.8507485],[2.3602186,48.8504563],[2.3601009,48.8504233],[2.3599825,48.8503884],[2.3590562,48.8501126],[2.3588237,48.8500386],[2.3567581,48.8494121]]}},
{"type":"Feature","properties":{"ordering":65,"bikenet_hierarchy":"primary","road_hierarchy":"primary","length":158.66455672704063,"total_length":153746.58159471047,"total_coverage":75206826.370370552,"total_directness":0.69544960202823525},"geometry":{"type":"LineString","coordinates":[[2.3438219,48.8527586],[2.3437924,48.8526969],[2.3433796,48.8518427],[2.3433408,48.8517626],[2.3431724,48.8513977]]}},
{"type":"Feature","properties":{"ordering":66,"bikenet_hierarchy":"secondary","road_hierarchy":"secondary","length":168.80874542058734,"total_length":153915.39034013107,"total_coverage":75206826.370370492,"total_directness":0.6958593958084095},"geometry":{"type":"LineString","coordinates":[[2.3742867,48.8496144],[2.3741787,48.8495532],[2.3726875,48.8487143],[2.3725375,48.8486286]]}},
{"type":"Feature","properties":{"ordering":67,"bikenet_hierarchy":"secondary","road_hierarchy":"secondary","length":371.50790657332374,"total_length":154286.8982467044,"total_coverage":75206826.370370716,"total_directness":0.69626822720478942},"geometry":{"type":"LineString","coordinates":[[2.3676049,48.8458256],[2.3677414,48.8459115],[2.3681984,48.84616],[2.3694048,48.8468478],[2.3695051,48.8469036],[2.3712663,48.8478985],[2.3714459,48.8480012]]}},
{"type":"Feature","properties":{"ordering":68,"bikenet_hierarchy":"secondary","road_hierarchy":"secondary","length":106.24922953305038,"total_length":154393.14747623744,"total_coverage":75206826.37037079,"total_directness":0.69669929615267112},"geometry":{"type":"LineString","coordinates":[[2.3725375,48.8486286],[2.3724614,48.8485882],[2.371587,48.848077],[2.3714459,48.8480012]]}},
{"type":"Feature","properties":{"ordering":69,"bikenet_hierarchy":"secondary","road_hierarchy":"secondary","length":163.66076288179025,"total_length":154556.80823911924,"total_coverage":75206826.370370775,"total_directness":0.69712215566726476},"geometry":{"type":"LineString","coordinates":[[2.3757231,48.8507046],[2.3754095,48.8506177],[2.3753918,48.8506031],[2.3748007,48.8500703],[2.3742867,48.8496144]]}},
{"type":"Feature","properties":{"ordering":70,"bikenet_hierarchy":"secondary","road_hierarchy":"secondary","length":74.054919966967333,"total_length":154630.86315908621,"total_coverage":75206826.370370731,"total_directness":0.69795099898385116},"geometry":{"type":"LineString","coordinates":[[2.3757231,48.8507046],[2.3758381,48.8508158],[2.3760488,48.8511796],[2.37606,48.8511962],[2.3761436,48.8513069]]}},
{"type":"Feature","properties":{"ordering":71,"bikenet_hierarchy":"secondary","road_hierarchy":"secondary","length":789.07026203398459,"total_length":155419.93342112019,"total_coverage":75207452.557166964,"total_directness":0.69848753290603216},"geometry":{"type":"LineString","coordinates":[[2.3803171,48.8577681],[2.3800457,48.8576494],[2.3799868,48.8576273],[2.3796975,48.85745],[2.3795879,48.85725],[2.3795528,48.8571879],[2.3792492,48.856658],[2.3788173,48.8559181],[2.3787055,48.8557065],[2.3785909,48.85552],[2.378178,48.8548168],[2.3781359,48.8547443],[2.3779848,48.8544776],[2.3779125,48.8543465],[2.3775807,48.8537774],[2.3773735,48.8534219],[2.3772848,48.8532731],[2.3772195,48.8531559],[2.3768757,48.85257],[2.3768457,48.8525185],[2.3761958,48.8514042],[2.3761436,48.8513069]]}},
{"type":"Feature","properties":{"ordering":72,"bikenet_hierarchy":"secondary","road_hierarchy":"quaternary","length":271.07294862666168,"total_length":155691.00636974684,"total_coverage":75246972.83513844,"total_directness":0.69884685851018358},"geometry":{"type":"LineString","coordinates":[[2.3711594,48.8642025],[2.3746278,48.8650427]]}},
{"type":"Feature","properties":{"ordering":73,"bikenet_hierarchy":"primary","road_hierarchy":"primary","length":453.10554053680261,"total_length":156144.11191028365,"total_coverage":75246972.835138395,"total_directness":0.69925556853643933},"geometry":{"type":"LineString","coordinates":[[2.3638296,48.8675553],[2.3666512,48.8667633],[2.3667964,48.8667352],[2.3671954,48.8666578],[2.3673384,48.8666302],[2.3680497,48.866493],[2.3681911,48.8664665],[2.3685446,48.866394],[2.3688858,48.866331],[2.3689638,48.8663167],[2.3692418,48.8662682],[2.3695385,48.8662153],[2.3696404,48.866198]]}},
{"type":"Feature","properties":{"ordering":74,"bikenet_hierarchy":"primary","road_hierarchy":"primary","length":973.96375610132418,"total_length":157118.07566638498,"total_coverage":75246972.835138321,"total_directness":0.69958838956142466},"geometry":{"type":"LineString","coordinates":[[2.3874768,48.8629727],[2.3868198,48.8629291],[2.3856846,48.8631471],[2.3856002,48.8631627],[2.3850021,48.8632782],[2.3848651,48.8633047],[2.3834831,48.8635714],[2.3832821,48.8636101],[2.3822735,48.8638047],[2.3813285,48.8639706],[2.3812767,48.8639809],[2.3811529,48.8640055],[2.3810181,48.8640313],[2.380231,48.8641782],[2.3782608,48.8645546],[2.3780418,48.8645947],[2.3746278,48.8650427]]}},
{"type":"Feature","properties":{"ordering":75,"bikenet_hierarchy":"secondary","road_hierarchy":"primary","length":307.59330746999314,"total_length":157425.66897385498,"total_coverage":75246972.835138425,"total_directness":0.69991586200796951},"geometry":{"type":"LineString","coordinates":[[2.3139627,48.867754],[2.3139768,48.8676308],[2.3139898,48.867517],[2.3139457,48.8671384],[2.3138968,48.866707],[2.3138518,48.8663393],[2.3137948,48.8658218],[2.3137166,48.8650906],[2.3137066,48.8649955]]}},
{"type":"Feature","properties":{"ordering":76,"bikenet_hierarchy":"secondary","road_hierarchy":"primary","length":241.0901536086439,"total_length":157666.75912746362,"total_coverage":75246972.83513853,"total_directness":0.70037373573556549},"geometry":{"type":"LineString","coordinates":[[2.3134495,48.8628341],[2.3134671,48.8630054],[2.3136512,48.8645404],[2.3136679,48.8646741],[2.3137066,48.8649955]]}},
{"type":"Feature","properties":{"ordering":77,"bikenet_hierarchy":"primary","road_hierarchy":"primary","length":388.66186165313604,"total_length":158055.42098911674,"total_coverage":75246972.83513847,"total_directness":0.70069480762631009},"geometry":{"type":"LineString","coordinates":[[2.3746278,48.8650427],[2.3724182,48.8656748],[2.3721847,48.8657187],[2.3715638,48.8658357],[2.3711382,48.865912],[2.3708611,48.865967],[2.3707114,48.8659979],[2.3705215,48.8660405],[2.370282,48.8660826],[2.370087,48.8661189],[2.3699046,48.8661537],[2.3696404,48.866198]]}},
{"type":"Feature","properties":{"ordering":78,"bikenet_hierarchy":"secondary","road_hierarchy":"secondary","length":873.11479186139252,"total_length":158928.53578097813,"total_coverage":75508637.149494335,"total_directness":0.70103905444005321},"geometry":{"type":"LineString","coordinates":[[2.3984735,48.8649052],[2.3986724,48.8651371],[2.3987278,48.8652011],[2.3989183,48.8653979],[2.3990695,48.8655649],[2.3993431,48.8658904],[2.3995625,48.8661539],[2.3996257,48.866233],[2.3998115,48.8664411],[2.3998851,48.8665197],[2.3999631,48.8665978],[2.4004368,48.8671672],[2.4007115,48.8674787],[2.4008476,48.8676419],[2.4013483,48.8682184],[2.4014206,48.8683061],[2.4015273,48.8684219],[2.4019927,48.8689509],[2.4020658,48.8690335],[2.4025603,48.8695981],[2.4026394,48.8696895],[2.4028003,48.8698744],[2.4030663,48.8701802],[2.4038564,48.8710885],[2.4039617,48.8712096],[2.4040599,48.8713206],[2.4042342,48.8715224],[2.4043228,48.8716554],[2.4043688,48.8717235]]}},
{"type":"Feature","properties":{"ordering":79,"bikenet_hierarchy":"secondary","road_hierarchy":"quaternary","length":338.02829783193619,"total_length":159266.56407881007,"total_coverage":75508663.587679252,"total_directness":0.70191207354359275},"geometry":{"type":"LineString","coordinates":[[2.4086339,48.8728382],[2.4083823,48.8728224],[2.4082925,48.8728166],[2.4080292,48.8727595],[2.4061645,48.8722196],[2.4059699,48.8721636],[2.4059225,48.87215],[2.4045075,48.8717368],[2.4043688,48.8717235]]}},
{"type":"Feature","properties":{"ordering":80,"bikenet_hierarchy":"primary","road_hierarchy":"quaternary","length":160.26537727957395,"total_length":159426.82945608965,"total_coverage":75508663.587678969,"total_directness":0.70221717302308673},"geometry":{"type":"LineString","coordinates":[[2.3496749,48.8580771],[2.3496061,48.8579777],[2.3492899,48.8573958],[2.348955,48.8567171]]}},
{"type":"Feature","properties":{"ordering":81,"bikenet_hierarchy":"primary","road_hierarchy":"primary","length":327.65205411424824,"total_length":159754.48151020388,"total_coverage":75508663.587679073,"total_directness":0.703049464428114},"geometry":{"type":"LineString","coordinates":[[2.3528558,48.8552984],[2.3526612,48.855401],[2.3524608,48.8554593],[2.3521892,48.8555147],[2.3511341,48.8559154],[2.3509517,48.855987],[2.3507047,48.8560699],[2.3505661,48.8561145],[2.3494889,48.8565204],[2.3493795,48.8565603],[2.348955,48.8567171]]}},
{"type":"Feature","properties":{"ordering":82,"bikenet_hierarchy":"secondary","road_hierarchy":"secondary","length":435.1033587903998,"total_length":160189.58486899431,"total_coverage":75508663.587679252,"total_directness":0.70340585009845003},"geometry":{"type":"LineString","coordinates":[[2.348955,48.8567171],[2.3483752,48.8557133],[2.3482964,48.8555958],[2.3477572,48.8546935],[2.3474794,48.8542268],[2.3474392,48.8541568],[2.3473873,48.8540695],[2.3471139,48.8535923],[2.3470489,48.8534759],[2.3468608,48.8531428],[2.3468007,48.8530729]]}},
{"type":"Feature","properties":{"ordering":83,"bikenet_hierarchy":"primary","road_hierarchy":"secondary","length":265.38941452473847,"total_length":160454.97428351903,"total_coverage":75542602.223320559,"total_directness":0.70371969737270557},"geometry":{"type":"LineString","coordinates":[[2.3455155,48.8508423],[2.3455998,48.8509961],[2.3456369,48.8510639],[2.3458171,48.8513927],[2.3462784,48.852176],[2.3463051,48.8522182],[2.3466149,48.8527633],[2.3466559,48.8528336],[2.3467438,48.8529809],[2.3468007,48.8530729]]}},
{"type":"Feature","properties":{"ordering":84,"bikenet_hierarchy":"secondary","road_hierarchy":"tertiary","length":311.01589687911036,"total_length":160765.99018039813,"total_coverage":75542602.223320529,"total_directness":0.70400315786855538},"geometry":{"type":"LineString","coordinates":[[2.3786357,48.8603111],[2.3786908,48.8602429],[2.3794213,48.8592418],[2.3794926,48.8591522],[2.3795564,48.8590672],[2.3799825,48.858478],[2.3800503,48.8583808],[2.3802976,48.8580642],[2.3803171,48.8577681]]}},
{"type":"Feature","properties":{"ordering":85,"bikenet_hierarchy":"secondary","road_hierarchy":"tertiary","length":677.93060754956036,"total_length":161443.92078794772,"total_coverage":75542605.016017184,"total_directness":0.70426336233445186},"geometry":{"type":"LineString","coordinates":[[2.3833537,48.8670053],[2.3827269,48.8669729],[2.3817382,48.866723],[2.3813804,48.8666328],[2.381284,48.8666087],[2.3805674,48.8664304],[2.3804832,48.8664096],[2.3802491,48.866354],[2.3800622,48.8663097],[2.3793595,48.8661427],[2.3791913,48.8661028],[2.378537,48.8659474],[2.3780126,48.8658228],[2.3774082,48.8656793],[2.3773308,48.8656609],[2.3746278,48.8650427]]}},
{"type":"Feature","properties":{"ordering":86,"bikenet_hierarchy":"secondary","road_hierarchy":"quaternary","length":282.75594238024996,"total_length":161726.67673032795,"total_coverage":75571153.831687957,"total_directness":0.70449517144943086},"geometry":{"type":"LineString","coordinates":[[2.3713347,48.8790526],[2.372178,48.8799101],[2.3722121,48.8799478],[2.3727903,48.8806172],[2.3728116,48.8806736],[2.3728694,48.880807],[2.373148,48.8811785],[2.3732318,48.8812558]]}},
{"type":"Feature","properties":{"ordering":87,"bikenet_hierarchy":"secondary","road_hierarchy":"secondary","length":281.08350080092418,"total_length":162007.76023112889,"total_coverage":75571170.596151814,"total_directness":0.70487857052958292},"geometry":{"type":"LineString","coordinates":[[2.3700464,48.8826611],[2.3721553,48.8817163],[2.3723258,48.8816421],[2.3731263,48.881298],[2.3732318,48.8812558]]}},
{"type":"Feature","properties":{"ordering":88,"bikenet_hierarchy":"secondary","road_hierarchy":"quaternary","length":76.50163567138344,"total_length":162084.26186680025,"total_coverage":75576136.255281657,"total_directness":0.70538239683835946},"geometry":{"type":"LineString","coordinates":[[2.3732318,48.8812558],[2.3738777,48.881796]]}},
{"type":"Feature","properties":{"ordering":89,"bikenet_hierarchy":"secondary","road_hierarchy":"quaternary","length":171.71072102868416,"total_length":162255.97258782896,"total_coverage":75588955.032688141,"total_directness":0.7057829904978089},"geometry":{"type":"LineString","coordinates":[[2.3756503,48.882802],[2.3754845,48.8827194],[2.3750673,48.8824936],[2.3745156,48.8821993],[2.3744371,48.882159],[2.3738777,48.881796]]}},
{"type":"Feature","properties":{"ordering":90,"bikenet_hierarchy":"secondary","road_hierarchy":"quaternary","length":635.01888901264317,"total_length":162890.99147684159,"total_coverage":75592101.877481386,"total_directness":0.70690721424127034},"geometry":{"type":"LineString","coordinates":[[2.383273,48.8849907],[2.3831858,48.8849698],[2.382578,48.8848787],[2.3824996,48.8848733],[2.3819704,48.8848321],[2.3814052,48.8847889],[2.381267,48.8847847],[2.3811819,48.884782],[2.3799734,48.8846937],[2.3798078,48.8846821],[2.3796744,48.8846703],[2.3790169,48.8846264],[2.3788438,48.8845615],[2.3787553,48.8845175],[2.377859,48.8840301],[2.377811,48.8840029],[2.3777106,48.8839487],[2.3770347,48.8835687],[2.3769401,48.883517],[2.3767665,48.8834209],[2.3766931,48.8833809],[2.3758385,48.8829006],[2.3756503,48.882802]]}},
{"type":"Feature","properties":{"ordering":91,"bikenet_hierarchy":"secondary","road_hierarchy":"quaternary","length":475.25736393668001,"total_length":163366.24884077828,"total_coverage":75592101.87748149,"total_directness":0.70713352893182568},"geometry":{"type":"LineString","coordinates":[[2.4046965,48.8408911],[2.4046677,48.8407953],[2.4044974,48.8401806],[2.4044722,48.8400886],[2.4043743,48.8397599],[2.4043407,48.8396383],[2.4041113,48.8388081],[2.4038308,48.8377928],[2.4038122,48.8376805],[2.4035656,48.8368314],[2.4034859,48.8366955]]}},
{"type":"Feature","properties":{"ordering":92,"bikenet_hierarchy":"primary","road_hierarchy":"primary","length":665.43559583209912,"total_length":164031.68443661038,"total_coverage":75592106.366543606,"total_directness":0.70735586064137135},"geometry":{"type":"LineString","coordinates":[[2.3593856,48.8842935],[2.3593397,48.8847833],[2.3593604,48.8849133],[2.3593699,48.8849744],[2.3594893,48.8860172],[2.3595031,48.8860937],[2.3596291,48.8866639],[2.3596569,48.8867731],[2.3596722,48.8868333],[2.3596851,48.8869011],[2.3597486,48.8872004],[2.3598733,48.8878435],[2.3598889,48.8880285],[2.3598999,48.8881876],[2.3599034,48.8884758],[2.359929,48.888949],[2.3599289,48.889057],[2.3599328,48.8891413],[2.3599548,48.8897751],[2.3599643,48.8901125],[2.3599651,48.890163],[2.3599658,48.890254]]}},
{"type":"Feature","properties":{"ordering":93,"bikenet_hierarchy":"primary","road_hierarchy":"primary","length":15.19922564980631,"total_length":164046.88366226017,"total_coverage":75595354.600896731,"total_directness":0.70759994389670933},"geometry":{"type":"LineString","coordinates":[[2.3599586,48.8903906],[2.3599658,48.890254]]}},
{"type":"Feature","properties":{"ordering":94,"bikenet_hierarchy":"primary","road_hierarchy":"primary","length":926.85627957110421,"total_length":164973.73994183127,"total_coverage":75695162.795770794,"total_directness":0.70811619808152515},"geometry":{"type":"LineString","coordinates":[[2.3590108,48.8986953],[2.3591995,48.8972145],[2.3592054,48.8971075],[2.3592164,48.8970198],[2.3592591,48.8964508],[2.3592809,48.8961167],[2.3593338,48.8954487],[2.3593522,48.8954181],[2.3593761,48.8953221],[2.35939,48.8951501],[2.359377,48.8950442],[2.3594889,48.8942528],[2.359517,48.8940728],[2.359589,48.8936115],[2.3596025,48.8935255],[2.3596168,48.8934338],[2.3596361,48.89331],[2.3596535,48.893222],[2.3597508,48.892703],[2.3597622,48.8926322],[2.359843,48.8921242],[2.3598612,48.8920171],[2.3598652,48.8919474],[2.3598943,48.8915262],[2.3599387,48.8910784],[2.3599422,48.8910317],[2.3599466,48.890841],[2.3599478,48.8907502],[2.3599561,48.890542],[2.3599586,48.8903906]]}},
{"type":"Feature","properties":{"ordering":95,"bikenet_hierarchy":"secondary","road_hierarchy":"secondary","length":628.44557342378118,"total_length":165602.18551525506,"total_coverage":75712959.476612821,"total_directness":0.70832859134980264},"geometry":{"type":"LineString","coordinates":[[2.4043688,48.8717235],[2.4044724,48.8719754],[2.4048503,48.8729135],[2.4048783,48.8729884],[2.4050028,48.8733057],[2.4050899,48.8735225],[2.4051492,48.873674],[2.4051809,48.8737502],[2.4052881,48.8740057],[2.4054425,48.8744101],[2.4056195,48.874853],[2.4056537,48.8749289],[2.4056924,48.8750266],[2.4057168,48.8750872],[2.4057893,48.8752015],[2.4059895,48.8757039],[2.4064493,48.8768706],[2.4064808,48.8769961],[2.4065457,48.8771874]]}},
{"type":"Feature","properties":{"ordering":96,"bikenet_hierarchy":"secondary","road_hierarchy":"quaternary","length":555.88779890301669,"total_length":166158.07331415807,"total_coverage":75712959.476612851,"total_directness":0.70852343184403277},"geometry":{"type":"LineString","coordinates":[[2.3690863,48.8532196],[2.3723092,48.8513165],[2.3729419,48.8507738],[2.3731217,48.8506157],[2.373279,48.8504797],[2.3736755,48.850133],[2.3737545,48.850062],[2.3738048,48.8500165],[2.3741938,48.8496948],[2.3742867,48.8496144]]}},
{"type":"Feature","properties":{"ordering":97,"bikenet_hierarchy":"primary","road_hierarchy":"primary","length":538.95268904182512,"total_length":166697.02600319989,"total_coverage":75712991.719556615,"total_directness":0.70870511634728817},"geometry":{"type":"LineString","coordinates":[[2.3274004,48.8930045],[2.3274695,48.8932121],[2.3275346,48.8934086],[2.3277613,48.8940875],[2.3280284,48.8948665],[2.328062,48.8949673],[2.3280828,48.8950246],[2.3281557,48.8952372],[2.3282421,48.8954955],[2.3282614,48.8955559],[2.3283339,48.895769],[2.3283574,48.8958007],[2.328399,48.8959069],[2.3284925,48.8961912],[2.3286388,48.8966173],[2.3287329,48.896845],[2.3287611,48.8969642],[2.3289174,48.8974603],[2.3289366,48.897549],[2.3290141,48.8977307]]}},
{"type":"Feature","properties":{"ordering":98,"bikenet_hierarchy":"primary","road_hierarchy":"primary","length":1076.3809556050589,"total_length":167773.40695880496,"total_coverage":75868773.90820463,"total_directness":0.70920149988989667},"geometry":{"type":"LineString","coordinates":[[2.3274004,48.8930045],[2.3273644,48.8929189],[2.3269331,48.8917008],[2.3269122,48.8916195],[2.3268169,48.8913391],[2.3267902,48.891258],[2.3266229,48.89075],[2.3265942,48.8906625],[2.3265735,48.8905997],[2.3265568,48.890549],[2.3265276,48.8904603],[2.3262943,48.8897519],[2.3262465,48.8896067],[2.3262066,48.8894856],[2.3259333,48.8886553],[2.3258944,48.8885372],[2.3258288,48.8883382],[2.3257377,48.8880614],[2.3256111,48.8876769],[2.3255533,48.8875012],[2.3256027,48.8873694],[2.3257016,48.8871536],[2.3258496,48.8868369],[2.3258879,48.8867474],[2.3259493,48.8865978],[2.3259614,48.8865662],[2.3260986,48.8862797],[2.3262509,48.8859337],[2.326316,48.8857925],[2.326348,48.8857227],[2.3265853,48.8852257],[2.32664,48.8851446],[2.3266889,48.8850362],[2.3267309,48.8849361],[2.3269302,48.8845404],[2.3269495,48.8844981],[2.3272268,48.8836164]]}},
{"type":"Feature","properties":{"ordering":99,"bikenet_hierarchy":"primary","road_hierarchy":"secondary","length":670.96967003838836,"total_length":168444.37662884334,"total_coverage":75963333.607082412,"total_directness":0.70937575318699475},"geometry":{"type":"LineString","coordinates":[[2.3555034,48.8314103],[2.3562429,48.8308426],[2.3563461,48.8307039],[2.356401,48.8306359],[2.3570818,48.8297754],[2.357159,48.8296811],[2.3573883,48.8293834],[2.3575628,48.8291614],[2.3576716,48.8290196],[2.3577119,48.8289721],[2.3580286,48.8285732],[2.3581077,48.8284715],[2.3581617,48.8284027],[2.3583851,48.8281055],[2.3587575,48.8276494],[2.3590173,48.8273385],[2.3590682,48.8272672],[2.3598216,48.826327],[2.3598605,48.826274],[2.3599616,48.8261632]]}},
{"type":"Feature","properties":{"ordering":100,"bikenet_hierarchy":"primary","road_hierarchy":"primary","length":311.7234004685306,"total_length":168756.10002931187,"total_coverage":75963333.607082695,"total_directness":0.70954492804952773},"geometry":{"type":"LineString","coordinates":[[2.3597592,48.8683311],[2.361148,48.8681406],[2.3621662,48.8679809],[2.3638296,48.8675553]]}},
{"type":"Feature","properties":{"ordering":101,"bikenet_hierarchy":"primary","road_hierarchy":"primary","length":415.98093625126921,"total_length":169172.08096556316,"total_coverage":75963333.607082739,"total_directness":0.7099600909810766},"geometry":{"type":"LineString","coordinates":[[2.3597592,48.8683311],[2.3559689,48.8689248],[2.3558546,48.8689505],[2.3557506,48.8689741],[2.3555838,48.8690106],[2.3553409,48.8690705],[2.3551669,48.869114],[2.3544299,48.8692884],[2.3542978,48.8693188]]}},
{"type":"Feature","properties":{"ordering":102,"bikenet_hierarchy":"primary","road_hierarchy":"primary","length":130.15793706791013,"total_length":169302.23890263107,"total_coverage":75963333.607082605,"total_directness":0.71024781199126874},"geometry":{"type":"LineString","coordinates":[[2.3542978,48.8693188],[2.3541414,48.8693553],[2.3539985,48.8693882],[2.3535523,48.8694858],[2.3530027,48.8695996],[2.3528363,48.8696353],[2.3526101,48.8696795]]}},
{"type":"Feature","properties":{"ordering":103,"bikenet_hierarchy":"primary","road_hierarchy":"primary","length":362.19914874010436,"total_length":169664.43805137117,"total_coverage":75963333.607082456,"total_directness":0.71059448105010115},"geometry":{"type":"LineString","coordinates":[[2.3479102,48.8706756],[2.3480575,48.8706528],[2.3482803,48.8706045],[2.3487034,48.8705196],[2.3488393,48.8704924],[2.349095,48.870441],[2.3495659,48.8703465],[2.3497521,48.8703078],[2.3500525,48.8702435],[2.3505114,48.8701459],[2.3507308,48.8700967],[2.3509547,48.8700498],[2.3517563,48.8698692],[2.3522815,48.8697507],[2.3523687,48.8697317],[2.3526101,48.8696795]]}},
{"type":"Feature","properties":{"ordering":104,"bikenet_hierarchy":"primary","road_hierarchy":"primary","length":366.3505403943895,"total_length":170030.78859176557,"total_coverage":75963361.327406764,"total_directness":0.7109326334413788},"geometry":{"type":"LineString","coordinates":[[2.3430679,48.8714816],[2.3432194,48.8714565],[2.3456021,48.8710616],[2.345716,48.8710427],[2.3459797,48.8709989],[2.346097,48.8709795],[2.3468154,48.8708604],[2.3477049,48.870713],[2.3479102,48.8706756]]}},
{"type":"Feature","properties":{"ordering":105,"bikenet_hierarchy":"secondary","road_hierarchy":"secondary","length":205.58223066259586,"total_length":170236.37082242814,"total_coverage":75963361.327406749,"total_directness":0.711095148972959},"geometry":{"type":"LineString","coordinates":[[2.348955,48.8567171],[2.3499114,48.8571985],[2.3509644,48.8574855],[2.3511806,48.8575191],[2.351417,48.8575338]]}},
{"type":"Feature","properties":{"ordering":106,"bikenet_hierarchy":"primary","road_hierarchy":"primary","length":132.5888475486087,"total_length":170368.95966997676,"total_coverage":75963361.327406779,"total_directness":0.71128583062289807},"geometry":{"type":"LineString","coordinates":[[2.3472924,48.857184],[2.3476393,48.857088],[2.348243,48.8569211],[2.3487701,48.8567689],[2.3488661,48.8567418],[2.348955,48.8567171]]}},
{"type":"Feature","properties":{"ordering":107,"bikenet_hierarchy":"secondary","road_hierarchy":"tertiary","length":90.925188958071956,"total_length":170459.88485893482,"total_coverage":75963361.327406809,"total_directness":0.7114463673687762},"geometry":{"type":"LineString","coordinates":[[2.3711594,48.8642025],[2.3710606,48.8641603],[2.3708154,48.8640531],[2.3706775,48.8639984],[2.3705945,48.8639652],[2.3702574,48.8638256],[2.3701149,48.8637626]]}},
{"type":"Feature","properties":{"ordering":108,"bikenet_hierarchy":"secondary","road_hierarchy":"secondary","length":615.18714593918992,"total_length":171075.07200487403,"total_coverage":75963361.327406675,"total_directness":0.71160013385474563},"geometry":{"type":"LineString","coordinates":[[2.3719452,48.8952791],[2.3720165,48.8951671],[2.3731442,48.893937],[2.3732252,48.8938485],[2.3733249,48.8937485],[2.3734262,48.8936497],[2.3734757,48.893603],[2.3741827,48.892972],[2.3742727,48.8928917],[2.374611,48.8925964],[2.3749698,48.8922581],[2.3750776,48.8921563],[2.3751769,48.892066],[2.3760026,48.8913185],[2.376586,48.8907896],[2.3766683,48.8907149]]}},
{"type":"Feature","properties":{"ordering":109,"bikenet_hierarchy":"secondary","road_hierarchy":"tertiary","length":303.91479489395152,"total_length":171378.98679976797,"total_coverage":75963361.327406645,"total_directness":0.71178729640754457},"geometry":{"type":"LineString","coordinates":[[2.379248,48.8885769],[2.3785597,48.8891094],[2.3780629,48.8895276],[2.3776954,48.8898495],[2.3773667,48.8901373],[2.3772914,48.8902037],[2.3769369,48.8904891],[2.3768534,48.8905562],[2.3768149,48.8905868],[2.3766683,48.8907149]]}},
{"type":"Feature","properties":{"ordering":110,"bikenet_hierarchy":"secondary","road_hierarchy":"tertiary","length":161.55650167049535,"total_length":171540.54330143848,"total_coverage":76063700.494954184,"total_directness":0.71196643778805391},"geometry":{"type":"LineString","coordinates":[[2.3855547,48.8830059],[2.3853971,48.8831469],[2.3843473,48.8841091],[2.3842587,48.8841805]]}},
{"type":"Feature","properties":{"ordering":111,"bikenet_hierarchy":"secondary","road_hierarchy":"tertiary","length":840.51120593584801,"total_length":172381.05450737433,"total_coverage":76170665.789262474,"total_directness":0.72247434396457433},"geometry":{"type":"LineString","coordinates":[[2.392682,48.8771655],[2.3925065,48.8771914],[2.3921526,48.877288],[2.3919364,48.8774528],[2.39173,48.8776235],[2.3911838,48.8780927],[2.3911048,48.8781637],[2.391001,48.8782501],[2.3899326,48.8791886],[2.3896539,48.8794483],[2.3896059,48.8794893],[2.3895182,48.8795803],[2.3894025,48.8796642],[2.3883189,48.8805928],[2.3882544,48.8806553],[2.3881518,48.8807405],[2.3871752,48.8815913],[2.3863485,48.882316],[2.3856428,48.8829321],[2.3855547,48.8830059]]}},
{"type":"Feature","properties":{"ordering":112,"bikenet_hierarchy":"secondary","road_hierarchy":"tertiary","length":610.95344381283064,"total_length":172992.00795118714,"total_coverage":76170665.789262488,"total_directness":0.72262785474559599},"geometry":{"type":"LineString","coordinates":[[2.3710483,48.8700004],[2.3711101,48.8699067],[2.3715376,48.8693078],[2.3717415,48.8690301],[2.3719866,48.8686986],[2.3720388,48.8686276],[2.3722559,48.8683331],[2.3724162,48.8681156],[2.3725408,48.8679723],[2.3733039,48.8669361],[2.3733491,48.8668735],[2.3734571,48.8667251],[2.373501,48.8666653],[2.3735495,48.8665949],[2.3742304,48.8656536],[2.3743462,48.8654237],[2.3743983,48.8653469],[2.3744427,48.8652885],[2.3744928,48.8652229],[2.374593,48.8650972],[2.3746278,48.8650427]]}},
{"type":"Feature","properties":{"ordering":113,"bikenet_hierarchy":"secondary","road_hierarchy":"tertiary","length":603.92347621164117,"total_length":173595.93142739878,"total_coverage":76170665.789262459,"total_directness":0.72320573867861004},"geometry":{"type":"LineString","coordinates":[[2.3786357,48.8603111],[2.3785838,48.8603741],[2.3783091,48.8606491],[2.3778149,48.8611468],[2.3777309,48.8612331],[2.3774019,48.8615685],[2.3773387,48.8616422],[2.3770458,48.861936],[2.3769795,48.8619968],[2.3769001,48.8620785],[2.3765392,48.8625744],[2.3764949,48.862632],[2.376163,48.8630703],[2.3761179,48.8631324],[2.3755118,48.8639498],[2.3754713,48.8640065],[2.3749306,48.8647375],[2.3747085,48.8649697],[2.3746278,48.8650427]]}},
{"type":"Feature","properties":{"ordering":114,"bikenet_hierarchy":"secondary","road_hierarchy":"quaternary","length":492.29450515340989,"total_length":174088.22593255219,"total_coverage":76170665.789262474,"total_directness":0.7233526473242764},"geometry":{"type":"LineString","coordinates":[[2.3789541,48.8464578],[2.3788092,48.8465435],[2.3777304,48.8473185],[2.3776513,48.847372],[2.3770166,48.8477539],[2.3767074,48.847933],[2.3766167,48.8479867],[2.376098,48.8482955],[2.3760085,48.84835],[2.3758601,48.8484333],[2.3757308,48.8485054],[2.3748258,48.8490869],[2.3747732,48.8491608],[2.3743585,48.8495519],[2.3742867,48.8496144]]}},
{"type":"Feature","properties":{"ordering":115,"bikenet_hierarchy":"secondary","road_hierarchy":"quaternary","length":815.31495179434091,"total_length":174903.54088434653,"total_coverage":76170665.789262459,"total_directness":0.72366252328854241},"geometry":{"type":"LineString","coordinates":[[2.3789541,48.8464578],[2.3790847,48.8463682],[2.3804082,48.8455759],[2.3809299,48.8453689],[2.3810129,48.8453347],[2.3811149,48.8452899],[2.3820907,48.8450194],[2.382747,48.8448674],[2.3829124,48.8448235],[2.3830331,48.8447892],[2.3834286,48.8447544],[2.3839227,48.8444174],[2.3839401,48.8444021],[2.3842491,48.8441565],[2.3843653,48.8440595],[2.384507,48.8439309],[2.384835,48.8436644],[2.3852904,48.8432855],[2.3853415,48.8432427],[2.3869707,48.8416955]]}},
{"type":"Feature","properties":{"ordering":116,"bikenet_hierarchy":"primary","road_hierarchy":"primary","length":216.13532504774392,"total_length":175119.6762093943,"total_coverage":76170670.671869859,"total_directness":0.72379246547712628},"geometry":{"type":"LineString","coordinates":[[2.301606,48.8643535],[2.3017883,48.8640837],[2.3017904,48.8640649],[2.3017924,48.864046],[2.3019096,48.8628286],[2.3019125,48.8628101],[2.3019229,48.8626931],[2.301937,48.8625863],[2.3019454,48.8624388]]}},
{"type":"Feature","properties":{"ordering":117,"bikenet_hierarchy":"secondary","road_hierarchy":"tertiary","length":412.38670490559048,"total_length":175532.06291429987,"total_coverage":76170670.671869829,"total_directness":0.72391692105787986},"geometry":{"type":"LineString","coordinates":[[2.3912033,48.8373028],[2.3913058,48.8373595],[2.3914856,48.8374899],[2.3956167,48.8395932]]}},
{"type":"Feature","properties":{"ordering":118,"bikenet_hierarchy":"secondary","road_hierarchy":"quaternary","length":426.86646855700099,"total_length":175958.92938285688,"total_coverage":76170670.671870053,"total_directness":0.72402000908881603},"geometry":{"type":"LineString","coordinates":[[2.4046965,48.8408911],[2.4047198,48.8409776],[2.4048219,48.8413509],[2.4048824,48.8415726],[2.4050816,48.8423025],[2.4051734,48.8426389],[2.4051949,48.8427179],[2.4052536,48.8429327],[2.4053499,48.8433303],[2.405365,48.8433846],[2.4055415,48.8440051],[2.4056994,48.8445621],[2.4057273,48.8446689]]}},
{"type":"Feature","properties":{"ordering":119,"bikenet_hierarchy":"secondary","road_hierarchy":"tertiary","length":308.44664300443856,"total_length":176267.3760258613,"total_coverage":76170670.671869978,"total_directness":0.72412900742841657},"geometry":{"type":"LineString","coordinates":[[2.4062071,48.8474149],[2.4061884,48.8472361],[2.4062327,48.8471481],[2.4062134,48.8470932],[2.406053,48.8462847],[2.4060253,48.8461452],[2.4057687,48.8448544],[2.4057386,48.8447221],[2.4057273,48.8446689]]}},
{"type":"Feature","properties":{"ordering":120,"bikenet_hierarchy":"secondary","road_hierarchy":"secondary","length":174.58160081374868,"total_length":176441.95762667505,"total_coverage":76170670.671869725,"total_directness":0.72427837348701241},"geometry":{"type":"LineString","coordinates":[[2.4062071,48.8474149],[2.4062537,48.847646],[2.4062759,48.8477702],[2.4063015,48.8478536],[2.4064197,48.847985],[2.4064675,48.8482278],[2.4065751,48.8488436],[2.4065708,48.8489527]]}},
{"type":"Feature","properties":{"ordering":121,"bikenet_hierarchy":"secondary","road_hierarchy":"quaternary","length":694.17544690708257,"total_length":177136.13307358214,"total_coverage":76170671.145974338,"total_directness":0.7244129026183993},"geometry":{"type":"LineString","coordinates":[[2.3976809,48.8318076],[2.3989427,48.8332681],[2.3990563,48.8333531],[2.3999939,48.8340545],[2.4006348,48.8345334],[2.4008465,48.8346842],[2.4008915,48.8347016],[2.4016285,48.835259],[2.4022714,48.8357466],[2.4028479,48.8361717],[2.4029174,48.8362214],[2.403002,48.8362817],[2.4034033,48.8365804],[2.4034859,48.8366955]]}},
{"type":"Feature","properties":{"ordering":122,"bikenet_hierarchy":"secondary","road_hierarchy":"secondary","length":198.32932120788774,"total_length":177334.46239479003,"total_coverage":76170727.420499444,"total_directness":0.7245077383161922},"geometry":{"type":"LineString","coordinates":[[2.3599616,48.8261632],[2.3596842,48.826162],[2.3586162,48.8261615],[2.3574726,48.8261808],[2.3573891,48.826182],[2.3572608,48.8261825]]}},
{"type":"Feature","properties":{"ordering":123,"bikenet_hierarchy":"secondary","road_hierarchy":"secondary","length":1369.2012361818133,"total_length":178703.66363097186,"total_coverage":76497655.437423423,"total_directness":0.72480076838901608},"geometry":{"type":"LineString","coordinates":[[2.3768511,48.8305417],[2.3767956,48.830516],[2.3765852,48.830483],[2.3764953,48.8304347],[2.3758495,48.8300846],[2.3755968,48.8299376],[2.3753496,48.8297938],[2.3747255,48.8294598],[2.3745786,48.8293812],[2.3742163,48.8291873],[2.3736876,48.828893],[2.373003,48.8285119],[2.3729331,48.8284757],[2.3728647,48.8284407],[2.372257,48.8281295],[2.3715005,48.8277393],[2.3713592,48.8276787],[2.3711956,48.8276564],[2.3708858,48.8276142],[2.370778,48.8275995],[2.3703669,48.8275435],[2.3701573,48.827515],[2.3697797,48.8274635],[2.3694204,48.8274146],[2.3692767,48.8273951],[2.3691247,48.8273743],[2.3686012,48.827303],[2.3685052,48.8272904],[2.3684034,48.8272766],[2.3671311,48.8271052],[2.3665892,48.8270319],[2.3663945,48.8270063],[2.3655193,48.8268868],[2.3650356,48.8268211],[2.3642249,48.8267099],[2.3639601,48.826674],[2.363724,48.8266453],[2.3635598,48.8266251],[2.3633827,48.8266007],[2.3618586,48.8263893],[2.3614982,48.8263456],[2.3602855,48.8261849],[2.3599616,48.8261632]]}},
{"type":"Feature","properties":{"ordering":124,"bikenet_hierarchy":"secondary","road_hierarchy":"secondary","length":507.87568832952974,"total_length":179211.53931930137,"total_coverage":76497655.437423214,"total_directness":0.72495545128146299},"geometry":{"type":"LineString","coordinates":[[2.3503663,48.8258178],[2.3506241,48.8258244],[2.352744,48.8259409],[2.3535389,48.8259843],[2.353653,48.8259905],[2.3537682,48.8259964],[2.3543948,48.8260291],[2.3551352,48.8260703],[2.3553091,48.8260801],[2.3560257,48.8261206],[2.3570596,48.8261788],[2.3571435,48.8261807],[2.3572608,48.8261825]]}},
{"type":"Feature","properties":{"ordering":125,"bikenet_hierarchy":"secondary","road_hierarchy":"secondary","length":286.5883848346885,"total_length":179498.12770413607,"total_coverage":76497655.437423497,"total_directness":0.72511393731005691},"geometry":{"type":"LineString","coordinates":[[2.3768511,48.8305417],[2.3769553,48.8306208],[2.3775446,48.8309457],[2.3776075,48.8310044],[2.3777316,48.8310772],[2.3779028,48.8312101],[2.378168,48.8313535],[2.3781972,48.8313691],[2.3790924,48.8318615],[2.37966,48.8321751],[2.3797778,48.8322388]]}},
{"type":"Feature","properties":{"ordering":126,"bikenet_hierarchy":"primary","road_hierarchy":"secondary","length":757.956435786567,"total_length":180256.08413992263,"total_coverage":76508135.75178948,"total_directness":0.72527703252176323},"geometry":{"type":"LineString","coordinates":[[2.3646698,48.8200999],[2.3645816,48.8202162],[2.3643862,48.820479],[2.3642305,48.8206786],[2.3640202,48.8209493],[2.3638904,48.8211153],[2.3638353,48.8211856],[2.3637231,48.8213244],[2.3634406,48.8216875],[2.3633951,48.8217452],[2.3633358,48.8218222],[2.3631982,48.8219995],[2.3631192,48.8220991],[2.3627994,48.822501],[2.3627659,48.8225434],[2.3627126,48.8226114],[2.362419,48.8229849],[2.3623268,48.823103],[2.3622417,48.8232122],[2.3618793,48.8236767],[2.3617851,48.8237969],[2.3607821,48.8250764],[2.3607198,48.8251537],[2.3601676,48.8258606],[2.3600026,48.8260658],[2.3599616,48.8261632]]}},
{"type":"Feature","properties":{"ordering":127,"bikenet_hierarchy":"primary","road_hierarchy":"primary","length":111.10513274776896,"total_length":180367.1892726704,"total_coverage":76508353.205995649,"total_directness":0.72642360228286029},"geometry":{"type":"LineString","coordinates":[[2.3646698,48.8200999],[2.3648139,48.8201443],[2.3648749,48.8201653],[2.3657635,48.8204536],[2.3660278,48.8205404]]}},
{"type":"Feature","properties":{"ordering":128,"bikenet_hierarchy":"primary","road_hierarchy":"primary","length":404.99515323347839,"total_length":180772.18442590389,"total_coverage":76522246.068636432,"total_directness":0.72762271492015351},"geometry":{"type":"LineString","coordinates":[[2.3646698,48.8200999],[2.3644995,48.8200514],[2.3626572,48.8194579],[2.3622214,48.8192984],[2.3620697,48.8192178],[2.3618335,48.8191694],[2.3609639,48.8190702],[2.3598075,48.8188997],[2.3597535,48.8188953],[2.3595373,48.8188776]]}},
{"type":"Feature","properties":{"ordering":129,"bikenet_hierarchy":"secondary","road_hierarchy":"secondary","length":268.14126857162125,"total_length":181040.3256944755,"total_coverage":76522260.198340386,"total_directness":0.72779069052932066},"geometry":{"type":"LineString","coordinates":[[2.3797778,48.8322388],[2.3799272,48.8323148],[2.3819808,48.8334453],[2.3821039,48.8335121],[2.3824814,48.833722],[2.3825872,48.8337796]]}},
{"type":"Feature","properties":{"ordering":130,"bikenet_hierarchy":"secondary","road_hierarchy":"tertiary","length":53.102248510445293,"total_length":181093.42794298596,"total_coverage":76526100.702188179,"total_directness":0.72791397053784035},"geometry":{"type":"LineString","coordinates":[[2.3469958,48.8224872],[2.3467963,48.822414],[2.3463889,48.8222284]]}},
{"type":"Feature","properties":{"ordering":131,"bikenet_hierarchy":"secondary","road_hierarchy":"quaternary","length":764.27320155019606,"total_length":181857.70114453614,"total_coverage":76526101.53043361,"total_directness":0.72798520684587831},"geometry":{"type":"LineString","coordinates":[[2.3855547,48.8830059],[2.3856899,48.8830203],[2.3876918,48.883193],[2.3879237,48.8832128],[2.3881209,48.8832309],[2.3883399,48.8832661],[2.3903242,48.8839607],[2.3904674,48.884018],[2.3906328,48.8840862],[2.3912631,48.884346],[2.3914728,48.8844263],[2.3920583,48.8846787],[2.3921649,48.884729],[2.3922877,48.884797],[2.3938246,48.8862165],[2.3938479,48.8862679],[2.3939571,48.8864488]]}},
{"type":"Feature","properties":{"ordering":132,"bikenet_hierarchy":"secondary","road_hierarchy":"secondary","length":1498.1649850393162,"total_length":183355.86612957547,"total_coverage":76843901.256570682,"total_directness":0.72805274681191057},"geometry":{"type":"LineString","coordinates":[[2.3984735,48.8649052],[2.398294,48.8651425],[2.39823,48.8652202],[2.3980439,48.8654461],[2.3979922,48.8655087],[2.3979486,48.8655616],[2.3977521,48.8658107],[2.3971534,48.8665896],[2.3970953,48.8666633],[2.3970612,48.8667178],[2.3964909,48.8674506],[2.3964113,48.8675475],[2.3962193,48.8677927],[2.3961136,48.8679275],[2.3953406,48.8689148],[2.3953063,48.8689605],[2.3945914,48.8698689],[2.3945024,48.8699679],[2.3943967,48.8700644],[2.3942851,48.8701487],[2.3940387,48.8703237],[2.3933293,48.8708628],[2.3932506,48.8709227],[2.3930125,48.8711041],[2.3925713,48.8714297],[2.3922292,48.8717066],[2.3919561,48.8719107],[2.3918768,48.8719777],[2.3908701,48.8727378],[2.3900893,48.8733271],[2.3900409,48.8733643],[2.3896563,48.873656],[2.389542,48.873712],[2.3893446,48.8737449],[2.3884486,48.8737837],[2.3883151,48.8737892],[2.3881159,48.8737996],[2.3880252,48.8738054],[2.3878578,48.8738155],[2.3856985,48.8739234],[2.3853197,48.8739244]]}},
{"type":"Feature","properties":{"ordering":133,"bikenet_hierarchy":"secondary","road_hierarchy":"tertiary","length":280.18605859875333,"total_length":183636.05218817422,"total_coverage":76885079.408562064,"total_directness":0.7281102194795781},"geometry":{"type":"LineString","coordinates":[[2.3682239,48.8569397],[2.3683941,48.8569872],[2.3687735,48.857094],[2.3689377,48.857144],[2.3697644,48.8574187],[2.3698374,48.8574425],[2.3716585,48.8580393]]}},
{"type":"Feature","properties":{"ordering":134,"bikenet_hierarchy":"primary","road_hierarchy":"primary","length":418.88490318611122,"total_length":184054.93709136033,"total_coverage":76885111.949757397,"total_directness":0.72856961754868965},"geometry":{"type":"LineString","coordinates":[[2.3682239,48.8569397],[2.368236,48.8568863],[2.3683392,48.8564544],[2.3684419,48.8560246],[2.3684648,48.855943],[2.3684984,48.8558253],[2.3685253,48.8557101],[2.3687021,48.8549511],[2.3687336,48.8548148],[2.3688961,48.854164],[2.3689521,48.8540242],[2.3690327,48.8537704],[2.3690863,48.8532196]]}},
{"type":"Feature","properties":{"ordering":135,"bikenet_hierarchy":"secondary","road_hierarchy":"quaternary","length":339.02708263353497,"total_length":184393.96417399385,"total_coverage":76885111.949757203,"total_directness":0.72862258245061529},"geometry":{"type":"LineString","coordinates":[[2.3559263,48.8763358],[2.3564392,48.877985],[2.3564586,48.8780443],[2.35667,48.8784749],[2.3567114,48.8785555],[2.3570391,48.8792193],[2.3570708,48.8792848]]}},
{"type":"Feature","properties":{"ordering":136,"bikenet_hierarchy":"secondary","road_hierarchy":"quaternary","length":585.5046257868305,"total_length":184979.46879978068,"total_coverage":76885111.949757263,"total_directness":0.73048130030129232},"geometry":{"type":"LineString","coordinates":[[2.3593856,48.8842935],[2.3593825,48.8842167],[2.3593723,48.8841512],[2.3592812,48.8840311],[2.3591011,48.8830329],[2.3590873,48.882958],[2.3590344,48.8828527],[2.3589897,48.8827836],[2.3585148,48.8819936],[2.3583554,48.8817085],[2.3582171,48.8814609],[2.3581743,48.8813843],[2.358115,48.8812781],[2.3580575,48.8811754],[2.3577976,48.8806954],[2.3577004,48.8805137],[2.357665,48.8804293],[2.3572361,48.8796133],[2.3571878,48.879524],[2.3570708,48.8792848]]}},
{"type":"Feature","properties":{"ordering":137,"bikenet_hierarchy":"primary","road_hierarchy":"secondary","length":235.87852269724891,"total_length":185215.34732247793,"total_coverage":76885111.949757278,"total_directness":0.73067999516880222},"geometry":{"type":"LineString","coordinates":[[2.3570708,48.8792848],[2.3568633,48.8792399],[2.3558929,48.8789801],[2.3557547,48.8789429],[2.3555722,48.8788943],[2.3543409,48.878578],[2.3540762,48.8785122]]}},
{"type":"Feature","properties":{"ordering":138,"bikenet_hierarchy":"primary","road_hierarchy":"secondary","length":423.01532854634041,"total_length":185638.36265102428,"total_coverage":76885111.949757323,"total_directness":0.7308574702452546},"geometry":{"type":"LineString","coordinates":[[2.3624256,48.8806939],[2.3622162,48.880641],[2.3620077,48.8805878],[2.3619086,48.8805625],[2.3588067,48.8797587],[2.358688,48.8797288],[2.3585401,48.8796904],[2.3581108,48.8795819],[2.3578259,48.8794827],[2.3577218,48.8794553],[2.3572435,48.8793227],[2.3570708,48.8792848]]}},
{"type":"Feature","properties":{"ordering":139,"bikenet_hierarchy":"secondary","road_hierarchy":"primary","length":182.71302913167082,"total_length":185821.07568015595,"total_coverage":76885882.446193606,"total_directness":0.73090940609259925},"geometry":{"type":"LineString","coordinates":[[2.3455155,48.8508423],[2.3453828,48.8508749],[2.3449502,48.8509748],[2.3444781,48.8510869],[2.3435505,48.8513123],[2.3431724,48.8513977]]}},
{"type":"Feature","properties":{"ordering":140,"bikenet_hierarchy":"secondary","road_hierarchy":"tertiary","length":250.93094398275178,"total_length":186072.00662413871,"total_coverage":76885882.44619365,"total_directness":0.7309601237171871},"geometry":{"type":"LineString","coordinates":[[2.2790664,48.8509214],[2.2812503,48.8495635],[2.2814716,48.8494405],[2.2815634,48.8493803]]}},
{"type":"Feature","properties":{"ordering":141,"bikenet_hierarchy":"primary","road_hierarchy":"primary","length":382.59052304316299,"total_length":186454.59714718186,"total_coverage":76885882.44619377,"total_directness":0.73099355238670705},"geometry":{"type":"LineString","coordinates":[[2.3424643,48.8584826],[2.3428375,48.8583818],[2.3433672,48.8582382],[2.3443842,48.8579631],[2.3453065,48.8577167],[2.3454202,48.8576865],[2.3456514,48.8576193],[2.3458282,48.8575675],[2.3467217,48.8573375],[2.346921,48.8572843],[2.3471157,48.8572328],[2.3472924,48.857184]]}},
{"type":"Feature","properties":{"ordering":142,"bikenet_hierarchy":"primary","road_hierarchy":"primary","length":950.03380751948805,"total_length":187404.63095470134,"total_coverage":76885882.446193799,"total_directness":0.73393977710317071},"geometry":{"type":"LineString","coordinates":[[2.3424643,48.8584826],[2.3422416,48.8585372],[2.3421693,48.8585521],[2.341743,48.8586297],[2.3416031,48.8586555],[2.339848,48.8589898],[2.3396374,48.8590244],[2.3379752,48.859246],[2.335264,48.8596779],[2.3336949,48.8600329],[2.3335066,48.8600752],[2.3333562,48.8601072],[2.3331957,48.8601451],[2.3330178,48.8601846],[2.3315459,48.8604984],[2.3307369,48.8606732],[2.3300717,48.8608967]]}},
{"type":"Feature","properties":{"ordering":143,"bikenet_hierarchy":"secondary","road_hierarchy":"tertiary","length":302.7728214143915,"total_length":187707.40377611574,"total_coverage":76885882.446193755,"total_directness":0.73409090198315896},"geometry":{"type":"LineString","coordinates":[[2.3424643,48.8584826],[2.3423422,48.8583329],[2.3415203,48.8573177],[2.3413568,48.8571372],[2.3411859,48.856958],[2.3410051,48.8567498],[2.3405335,48.8562136],[2.3404015,48.8561313]]}},
{"type":"Feature","properties":{"ordering":144,"bikenet_hierarchy":"primary","road_hierarchy":"secondary","length":768.78204309507532,"total_length":188476.1858192108,"total_coverage":76903580.499477401,"total_directness":0.73410892796689986},"geometry":{"type":"LineString","coordinates":[[2.3952005,48.8752443],[2.3949479,48.8752458],[2.3948043,48.8752527],[2.3939587,48.8753053],[2.3939172,48.8753071],[2.3935606,48.8753222],[2.3927021,48.8754075],[2.3924919,48.8754339],[2.3922838,48.8754525],[2.3920852,48.8754712],[2.3920014,48.8754693],[2.3897184,48.8753104],[2.3895122,48.8752334],[2.389291,48.875108],[2.3889231,48.8749359],[2.3877743,48.8746856],[2.3874522,48.8746703],[2.387361,48.8746653],[2.3863646,48.8744368],[2.3862848,48.8744031],[2.3857475,48.874124],[2.3855247,48.8740004],[2.3853197,48.8739244]]}},
{"type":"Feature","properties":{"ordering":145,"bikenet_hierarchy":"secondary","road_hierarchy":"quaternary","length":99.81189280833361,"total_length":188575.99771201916,"total_coverage":76903580.998584434,"total_directness":0.73631385386423243},"geometry":{"type":"LineString","coordinates":[[2.3947808,48.8760978],[2.3948164,48.8760316],[2.3948461,48.8759757],[2.3950101,48.8756689],[2.395103,48.8754667],[2.3952005,48.8752443]]}},
{"type":"Feature","properties":{"ordering":146,"bikenet_hierarchy":"primary","road_hierarchy":"secondary","length":868.50815129119871,"total_length":189444.50586331036,"total_coverage":76903768.772496,"total_directness":0.73714893670454851},"geometry":{"type":"LineString","coordinates":[[2.3952005,48.8752443],[2.3953549,48.8752544],[2.3954748,48.87526],[2.3956495,48.8752744],[2.3975739,48.875434],[2.3977781,48.8754448],[2.3979279,48.8754535],[2.3980642,48.8754603],[2.398798,48.8754832],[2.398969,48.8754962],[2.3992279,48.8755492],[2.399321,48.8755625],[2.4009371,48.8757735],[2.4019775,48.8759187],[2.4024435,48.8759749],[2.4025455,48.8759896],[2.4026345,48.8760098],[2.403552,48.8762698],[2.4036404,48.876295],[2.4037287,48.8763207],[2.4045672,48.8765685],[2.4052522,48.8767881],[2.4055082,48.8768647],[2.4060096,48.8770133],[2.4061693,48.8770583],[2.4063761,48.8771403],[2.4065457,48.8771874]]}},
{"type":"Feature","properties":{"ordering":147,"bikenet_hierarchy":"primary","road_hierarchy":"secondary","length":530.59895803430481,"total_length":189975.10482134466,"total_coverage":76903768.772495925,"total_directness":0.73714212376248145},"geometry":{"type":"LineString","coordinates":[[2.3657501,48.8233085],[2.3655985,48.8233841],[2.3652998,48.8235331],[2.3648405,48.8237622],[2.3639365,48.824213],[2.3637298,48.8243161],[2.3636943,48.8243338],[2.3625611,48.824899],[2.3624501,48.8249543],[2.3623476,48.8250056],[2.3610141,48.8256709],[2.360366,48.8259946],[2.3599616,48.8261632]]}},
{"type":"Feature","properties":{"ordering":148,"bikenet_hierarchy":"primary","road_hierarchy":"secondary","length":322.29017975032451,"total_length":190297.39500109499,"total_coverage":76903768.772496194,"total_directness":0.7375738427550298},"geometry":{"type":"LineString","coordinates":[[2.3657501,48.8233085],[2.3657881,48.8232895],[2.3663662,48.8230021],[2.3664634,48.8229528],[2.3668653,48.8227523],[2.3670128,48.8226788],[2.3672759,48.8225453],[2.3673827,48.8224909],[2.3685026,48.8219205],[2.3689342,48.8217014],[2.3691785,48.821508]]}},
{"type":"Feature","properties":{"ordering":149,"bikenet_hierarchy":"primary","road_hierarchy":"primary","length":231.87867602923237,"total_length":190529.27367712421,"total_coverage":77089251.128853217,"total_directness":0.73756463500890934},"geometry":{"type":"LineString","coordinates":[[2.2838259,48.8774748],[2.2837212,48.8775079],[2.2834776,48.8775851],[2.2814305,48.8782405],[2.2813416,48.8782675],[2.2811668,48.8783178],[2.2809704,48.8783686]]}},
{"type":"Feature","properties":{"ordering":150,"bikenet_hierarchy":"secondary","road_hierarchy":"tertiary","length":277.22548121476268,"total_length":190806.49915833896,"total_coverage":77186021.845248938,"total_directness":0.73755571436833212},"geometry":{"type":"LineString","coordinates":[[2.3668914,48.862463],[2.3672215,48.8626091],[2.3673118,48.8626491],[2.3673895,48.862683],[2.3681499,48.86298],[2.3692452,48.863407],[2.3699682,48.8636986],[2.3700404,48.863729],[2.3701149,48.8637626]]}},
{"type":"Feature","properties":{"ordering":151,"bikenet_hierarchy":"primary","road_hierarchy":"primary","length":621.95326383533813,"total_length":191428.4524221743,"total_coverage":77207079.340081424,"total_directness":0.73790201923972698},"geometry":{"type":"LineString","coordinates":[[2.3682239,48.8569397],[2.3681754,48.8571418],[2.3680679,48.8575873],[2.3680332,48.8577232],[2.3680016,48.8578373],[2.3679812,48.857916],[2.3678557,48.8584632],[2.3678345,48.8585562],[2.3678178,48.8586165],[2.3677801,48.8587837],[2.367673,48.8592518],[2.3676342,48.8593891],[2.3676106,48.8594854],[2.367516,48.8598738],[2.3674803,48.860037],[2.3674601,48.8601154],[2.3673565,48.8605601],[2.3673264,48.8606816],[2.3672519,48.8610027],[2.367233,48.861077],[2.3671652,48.861355],[2.3671199,48.8615409],[2.3669139,48.8623817],[2.3668914,48.862463]]}},
{"type":"Feature","properties":{"ordering":152,"bikenet_hierarchy":"primary","road_hierarchy":"primary","length":71.992879534227058,"total_length":191500.44530170853,"total_coverage":77207608.05313617,"total_directness":0.73805499634659399},"geometry":{"type":"LineString","coordinates":[[2.3668914,48.862463],[2.3667787,48.8629381],[2.3667404,48.8631027]]}},
{"type":"Feature","properties":{"ordering":153,"bikenet_hierarchy":"primary","road_hierarchy":"primary","length":540.02802867031983,"total_length":192040.47333037885,"total_coverage":77208297.123762339,"total_directness":0.74124205102096863},"geometry":{"type":"LineString","coordinates":[[2.3667404,48.8631027],[2.3666536,48.8632523],[2.3663736,48.8637244],[2.3663347,48.8637853],[2.3659175,48.8644668],[2.3657985,48.864674],[2.3656493,48.8649241],[2.3654431,48.8652571],[2.3653774,48.8653705],[2.3650601,48.8658648],[2.3647708,48.8664006],[2.3638296,48.8675553]]}},
{"type":"Feature","properties":{"ordering":154,"bikenet_hierarchy":"secondary","road_hierarchy":"tertiary","length":260.81638072927916,"total_length":192301.28971110814,"total_coverage":77231254.200478315,"total_directness":0.74121225477337049},"geometry":{"type":"LineString","coordinates":[[2.3430028,48.8215577],[2.3431798,48.8215664],[2.3434471,48.8216167],[2.3460886,48.8221056],[2.3463889,48.8222284]]}},
{"type":"Feature","properties":{"ordering":155,"bikenet_hierarchy":"secondary","road_hierarchy":"tertiary","length":268.71341068975335,"total_length":192570.0031217979,"total_coverage":77231274.92983079,"total_directness":0.74530315645549661},"geometry":{"type":"LineString","coordinates":[[2.3430028,48.8215577],[2.3429802,48.8210416],[2.343303,48.8208138],[2.3437652,48.8204659],[2.3438258,48.8204011],[2.3439355,48.8202751],[2.3441309,48.8200606],[2.3441627,48.8200264],[2.3443847,48.8197753],[2.3445664,48.8195894],[2.3445866,48.8195421],[2.3445831,48.8194899]]}},
{"type":"Feature","properties":{"ordering":156,"bikenet_hierarchy":"secondary","road_hierarchy":"secondary","length":267.29952594793809,"total_length":192837.30264774582,"total_coverage":77254424.145536125,"total_directness":0.74524449813532478},"geometry":{"type":"LineString","coordinates":[[2.3615419,48.8667295],[2.361135,48.8660723],[2.3609411,48.8658879],[2.3608948,48.8658418],[2.3608264,48.8657746],[2.360439,48.8653993],[2.3602308,48.8651867],[2.3598057,48.8647738],[2.3596902,48.8646724]]}},
{"type":"Feature","properties":{"ordering":157,"bikenet_hierarchy":"secondary","road_hierarchy":"secondary","length":280.34505440687462,"total_length":193117.6477021527,"total_coverage":77254428.069751516,"total_directness":0.74548617691704855},"geometry":{"type":"LineString","coordinates":[[2.3596902,48.8646724],[2.3595015,48.864705],[2.3583272,48.8649625],[2.3582579,48.8649787],[2.3572164,48.8652093],[2.3567266,48.8653162],[2.3566011,48.865344],[2.3563957,48.8653898],[2.3561665,48.8654414],[2.3560623,48.8654632]]}},
{"type":"Feature","properties":{"ordering":158,"bikenet_hierarchy":"primary","road_hierarchy":"secondary","length":266.86499366427864,"total_length":193384.51269581699,"total_coverage":77254428.069751501,"total_directness":0.74538135249988702},"geometry":{"type":"LineString","coordinates":[[2.3657877,48.8816108],[2.3653557,48.8814835],[2.3649154,48.8813604],[2.3647882,48.8813213],[2.3647367,48.8813073],[2.3646378,48.8812797],[2.3627105,48.8807682],[2.362561,48.8807292],[2.3624256,48.8806939]]}},
{"type":"Feature","properties":{"ordering":159,"bikenet_hierarchy":"primary","road_hierarchy":"secondary","length":264.47362068684919,"total_length":193648.98631650384,"total_coverage":77254428.069751695,"total_directness":0.74662206654262153},"geometry":{"type":"LineString","coordinates":[[2.369142,48.8824833],[2.3688675,48.8824024],[2.3672422,48.8819797],[2.3670233,48.8819228],[2.3662319,48.8817215],[2.3657877,48.8816108]]}},
{"type":"Feature","properties":{"ordering":160,"bikenet_hierarchy":"secondary","road_hierarchy":"secondary","length":353.79725434113914,"total_length":194002.78357084497,"total_coverage":77254428.069751427,"total_directness":0.74691349747574154},"geometry":{"type":"LineString","coordinates":[[2.3657877,48.8816108],[2.3659189,48.8817119],[2.3660171,48.8817841],[2.3668475,48.8824651],[2.3669277,48.8825278],[2.3669864,48.8825752],[2.3681276,48.883634],[2.3686164,48.8841815]]}},
{"type":"Feature","properties":{"ordering":161,"bikenet_hierarchy":"primary","road_hierarchy":"secondary","length":404.16098164265725,"total_length":194406.94455248764,"total_coverage":77327460.793205321,"total_directness":0.74682193999608648},"geometry":{"type":"LineString","coordinates":[[2.3489568,48.8771681],[2.3491513,48.8772198],[2.3496559,48.8773522],[2.3498805,48.8774056],[2.3511855,48.8777583],[2.3515598,48.8778535],[2.3516636,48.8778816],[2.3520887,48.8779932],[2.3522667,48.8780396],[2.3539042,48.8784673],[2.3540762,48.8785122]]}},
{"type":"Feature","properties":{"ordering":162,"bikenet_hierarchy":"secondary","road_hierarchy":"tertiary","length":360.05452160652112,"total_length":194766.99907409414,"total_coverage":77336469.321738675,"total_directness":0.74830806948247586},"geometry":{"type":"LineString","coordinates":[[2.3489568,48.8771681],[2.3489168,48.8770577],[2.34868,48.8766355],[2.3486453,48.8765706],[2.3486204,48.8765239],[2.3482616,48.8758402],[2.3480527,48.8748515],[2.3479115,48.8740226]]}},
{"type":"Feature","properties":{"ordering":163,"bikenet_hierarchy":"secondary","road_hierarchy":"tertiary","length":284.16518396986248,"total_length":195051.164258064,"total_coverage":77338882.428565025,"total_directness":0.74828386687287141},"geometry":{"type":"LineString","coordinates":[[2.3495234,48.8796827],[2.3493228,48.8791539],[2.3491191,48.8774595],[2.3491,48.8774234],[2.3490335,48.8772917],[2.3489568,48.8771681]]}},
{"type":"Feature","properties":{"ordering":164,"bikenet_hierarchy":"secondary","road_hierarchy":"quaternary","length":467.28098537253766,"total_length":195518.44524343655,"total_coverage":77338882.42856513,"total_directness":0.74917448379699159},"geometry":{"type":"LineString","coordinates":[[2.3495234,48.8796827],[2.3495632,48.8797748],[2.3498007,48.8804647],[2.3498182,48.8805184],[2.3494771,48.8838548]]}},
{"type":"Feature","properties":{"ordering":165,"bikenet_hierarchy":"primary","road_hierarchy":"primary","length":228.95783734613889,"total_length":195747.40308078268,"total_coverage":77373671.412824467,"total_directness":0.74912922814142846},"geometry":{"type":"LineString","coordinates":[[2.3430679,48.8714816],[2.3428801,48.8715079],[2.341866,48.8716726],[2.341604,48.871714],[2.3404076,48.8719069],[2.3402248,48.8719705],[2.3400527,48.8719982]]}},
{"type":"Feature","properties":{"ordering":166,"bikenet_hierarchy":"primary","road_hierarchy":"primary","length":509.40044597430801,"total_length":196256.80352675699,"total_coverage":77380301.166243598,"total_directness":0.77025072527453864},"geometry":{"type":"LineString","coordinates":[[2.3332569,48.8729396],[2.3334679,48.8729047],[2.3335577,48.8728919],[2.3351567,48.8726728],[2.3352712,48.8726583],[2.3357965,48.8725852],[2.3361214,48.8725406],[2.3373312,48.8723749],[2.3374236,48.8723622],[2.3375143,48.8723498],[2.3381936,48.8722568],[2.3383873,48.8722312],[2.3390781,48.872138],[2.3392101,48.8721203],[2.3395942,48.8720689],[2.3397808,48.8720412],[2.3398874,48.872024],[2.3400527,48.8719982]]}},
{"type":"Feature","properties":{"ordering":167,"bikenet_hierarchy":"primary","road_hierarchy":"primary","length":448.25063464522515,"total_length":196705.05416140222,"total_coverage":77383226.306978539,"total_directness":0.77061516777392902},"geometry":{"type":"LineString","coordinates":[[2.3341638,48.8709692],[2.3346225,48.8710504],[2.3347861,48.8710793],[2.3349511,48.8711081],[2.3359218,48.8712754],[2.3360463,48.8712963],[2.3367342,48.8714117],[2.3368838,48.8714373],[2.3371106,48.8714762],[2.3373097,48.8715107],[2.3377446,48.8715849],[2.3380395,48.8716381],[2.3380716,48.8716437],[2.3382629,48.8716742],[2.3384141,48.8717007],[2.3391706,48.8718305],[2.3392667,48.8718408],[2.3394545,48.8718601],[2.3398474,48.8719035],[2.3400527,48.8719982]]}},
{"type":"Feature","properties":{"ordering":168,"bikenet_hierarchy":"secondary","road_hierarchy":"secondary","length":702.97392076151391,"total_length":197408.02808216374,"total_coverage":77645747.434559315,"total_directness":0.77043105554373992},"geometry":{"type":"LineString","coordinates":[[2.3984735,48.8649052],[2.3986709,48.864672],[2.3987209,48.8645982],[2.3990765,48.8641542],[2.3991513,48.8640573],[2.3992305,48.8639502],[2.3995172,48.8635627],[2.3996122,48.8634342],[2.399714,48.8632967],[2.3997675,48.863159],[2.4001651,48.8618153],[2.4002005,48.8616259],[2.4010433,48.8601118],[2.4020355,48.8592241],[2.4021238,48.8591448]]}},
{"type":"Feature","properties":{"ordering":169,"bikenet_hierarchy":"secondary","road_hierarchy":"secondary","length":1206.451616378698,"total_length":198614.47969854245,"total_coverage":77713874.383002371,"total_directness":0.77098038563731508},"geometry":{"type":"LineString","coordinates":[[2.4021238,48.8591448],[2.4022011,48.8590808],[2.4032734,48.8581957],[2.4033753,48.8581074],[2.4038067,48.8577055],[2.4038934,48.8576312],[2.403946,48.857564],[2.4041157,48.8573775],[2.4048464,48.8563544],[2.4048898,48.85629],[2.404943,48.856194],[2.4049987,48.8560885],[2.4052825,48.8554109],[2.4052986,48.8553612],[2.4057041,48.8540382],[2.4057184,48.8539904],[2.4058563,48.8535461],[2.405892,48.8534257],[2.4060812,48.8527867],[2.4061085,48.8526951],[2.4061213,48.8526039],[2.4061353,48.8524639],[2.4061369,48.8524404],[2.4062794,48.8515796],[2.4062921,48.8515042],[2.4063061,48.8513871],[2.4063934,48.8505822],[2.4064033,48.8504998],[2.4064145,48.8503959],[2.4065187,48.8494575],[2.4065522,48.8490661],[2.4065708,48.8489527]]}},
{"type":"Feature","properties":{"ordering":170,"bikenet_hierarchy":"secondary","road_hierarchy":"tertiary","length":786.25238215240188,"total_length":199400.73208069484,"total_coverage":77713874.383002326,"total_directness":0.77102668012905962},"geometry":{"type":"LineString","coordinates":[[2.4088495,48.8644984],[2.4083439,48.864376],[2.4081859,48.8642632],[2.4076857,48.8637383],[2.4076191,48.8636708],[2.4066628,48.8626891],[2.4063925,48.8624131],[2.4063301,48.8623494],[2.4062713,48.8622793],[2.4058805,48.8618681],[2.4058065,48.8617912],[2.4057264,48.8616977],[2.4048631,48.8608541],[2.4046723,48.8606789],[2.4042189,48.8602598],[2.404163,48.860222],[2.4039374,48.860098],[2.4033703,48.8598151],[2.4031528,48.8597022],[2.4030888,48.859666],[2.4022651,48.859233],[2.4021238,48.8591448]]}},
{"type":"Feature","properties":{"ordering":171,"bikenet_hierarchy":"primary","road_hierarchy":"primary","length":483.2034951522715,"total_length":199883.93557584711,"total_coverage":78069789.452962309,"total_directness":0.77080347788722425},"geometry":{"type":"LineString","coordinates":[[2.3408546,48.8473329],[2.3408835,48.847388],[2.3409825,48.8475657],[2.3411007,48.847752],[2.3414722,48.8483709],[2.3416552,48.848669],[2.3417553,48.8488358],[2.341806,48.8489211],[2.3425633,48.8501668],[2.3426437,48.8503076],[2.3427069,48.8504256],[2.3428034,48.8506264],[2.3428346,48.8506915],[2.3431034,48.8512533],[2.3431452,48.8513432],[2.3431724,48.8513977]]}},
{"type":"Feature","properties":{"ordering":172,"bikenet_hierarchy":"secondary","road_hierarchy":"quaternary","length":407.61011797565152,"total_length":200291.54569382276,"total_coverage":78136892.719098344,"total_directness":0.77057848436645004},"geometry":{"type":"LineString","coordinates":[[2.3423548,48.8740484],[2.3424836,48.8740459],[2.3442656,48.8740367],[2.3447448,48.8740358],[2.3448957,48.8740354],[2.3450201,48.8740349],[2.3452234,48.8740341],[2.3453266,48.8740337],[2.3454081,48.8740336],[2.3464302,48.8740297],[2.3465179,48.8740294],[2.3469919,48.8740269],[2.3472723,48.8740278],[2.3478145,48.8740234],[2.3479115,48.8740226]]}},
{"type":"Feature","properties":{"ordering":173,"bikenet_hierarchy":"secondary","road_hierarchy":"tertiary","length":298.62385271167125,"total_length":200590.16954653442,"total_coverage":78136942.196604684,"total_directness":0.77092309933284175},"geometry":{"type":"LineString","coordinates":[[2.3423548,48.8740484],[2.3425765,48.8738385],[2.3430104,48.8731929],[2.3430485,48.8730775],[2.3430825,48.8729531],[2.343092,48.8729059],[2.3431257,48.8726897],[2.343139,48.8726066],[2.3431767,48.8720074],[2.3430818,48.8715519],[2.3430679,48.8714816]]}},
{"type":"Feature","properties":{"ordering":174,"bikenet_hierarchy":"secondary","road_hierarchy":"tertiary","length":152.67089847670817,"total_length":200742.84044501113,"total_coverage":78202414.492106482,"total_directness":0.77087391333342048},"geometry":{"type":"LineString","coordinates":[[2.3410134,48.8750946],[2.3410623,48.8750366],[2.3411224,48.8749751],[2.3413623,48.8747698],[2.3422351,48.8741342],[2.3423548,48.8740484]]}},
{"type":"Feature","properties":{"ordering":175,"bikenet_hierarchy":"secondary","road_hierarchy":"tertiary","length":1183.9893640746736,"total_length":201926.82980908582,"total_coverage":78239710.790889189,"total_directness":0.77396809164473945},"geometry":{"type":"LineString","coordinates":[[2.3410134,48.8750946],[2.3409391,48.8751836],[2.3404147,48.8757766],[2.3403708,48.875827],[2.3403372,48.8758681],[2.3402936,48.8759192],[2.3402286,48.8759809],[2.3401769,48.876034],[2.3400864,48.8761227],[2.3395819,48.8766008],[2.3395123,48.8766664],[2.3393963,48.8767051],[2.3392274,48.8767703],[2.3390877,48.8768748],[2.3380593,48.8778994],[2.3380239,48.8779358],[2.3374484,48.8784912],[2.3370284,48.8788344],[2.3369316,48.878924],[2.3368475,48.8790016],[2.336736,48.8790877],[2.3353983,48.8801831],[2.3353247,48.8802554],[2.3352587,48.8803063],[2.3351209,48.8804026],[2.3350612,48.8804462],[2.3350016,48.8805358],[2.3339229,48.8819021],[2.3337329,48.8821363],[2.333598,48.8823096],[2.3334015,48.8825539],[2.3332382,48.8827642],[2.3326406,48.8835385],[2.3323444,48.8839958]]}},
{"type":"Feature","properties":{"ordering":176,"bikenet_hierarchy":"primary","road_hierarchy":"secondary","length":626.65191421762381,"total_length":202553.48172330344,"total_coverage":78240176.441285715,"total_directness":0.7741071810445983},"geometry":{"type":"LineString","coordinates":[[2.3410134,48.8750946],[2.3411427,48.8751312],[2.3415066,48.8752261],[2.3416876,48.8752728],[2.3424153,48.8754674],[2.342717,48.8755467],[2.3429918,48.8756216],[2.3431438,48.8756596],[2.3434517,48.8757366],[2.3436186,48.8757784],[2.3436988,48.8757984],[2.3439191,48.8758527],[2.3445309,48.8760136],[2.3448868,48.8760968],[2.3454548,48.8762448],[2.3455746,48.8762768],[2.3459997,48.8763886],[2.3461845,48.8764347],[2.3466109,48.8765429],[2.3467874,48.8765896],[2.3471857,48.8766973],[2.3473087,48.8767302],[2.347431,48.8767612],[2.3487928,48.8771254],[2.3489568,48.8771681]]}},
{"type":"Feature","properties":{"ordering":177,"bikenet_hierarchy":"secondary","road_hierarchy":"tertiary","length":132.46957796419414,"total_length":202685.95130126763,"total_coverage":78261518.2722013,"total_directness":0.77393245099752961},"geometry":{"type":"LineString","coordinates":[[2.329653,48.8846418],[2.3309072,48.8854991]]}},
{"type":"Feature","properties":{"ordering":178,"bikenet_hierarchy":"primary","road_hierarchy":"secondary","length":279.39828765066363,"total_length":202965.3495889183,"total_coverage":78261518.272201031,"total_directness":0.773751352940656},"geometry":{"type":"LineString","coordinates":[[2.3410134,48.8750946],[2.3408645,48.8750543],[2.3407685,48.8750291],[2.3405482,48.8749713],[2.3402896,48.8749034],[2.3397892,48.8747721],[2.339653,48.8747368],[2.3393436,48.8746592],[2.3391704,48.8746106],[2.3383028,48.8743831],[2.3381496,48.8743413],[2.3380465,48.8743125],[2.3376023,48.8741941],[2.3374774,48.8741607]]}},
{"type":"Feature","properties":{"ordering":179,"bikenet_hierarchy":"primary","road_hierarchy":"secondary","length":342.26954418382638,"total_length":203307.61913310213,"total_coverage":78261518.272201225,"total_directness":0.77450523366540214},"geometry":{"type":"LineString","coordinates":[[2.3374774,48.8741607],[2.3373147,48.8741189],[2.337074,48.8740539],[2.3363115,48.8738551],[2.3361989,48.8738252],[2.3354635,48.8736337],[2.3353197,48.8735967],[2.3352026,48.8735645],[2.334404,48.8733546],[2.3335367,48.8731372],[2.3333856,48.8730926],[2.3332569,48.8729396]]}},
{"type":"Feature","properties":{"ordering":180,"bikenet_hierarchy":"secondary","road_hierarchy":"quaternary","length":350.06248800761705,"total_length":203657.68162110975,"total_coverage":78261518.272201091,"total_directness":0.77465825259516208},"geometry":{"type":"LineString","coordinates":[[2.3374774,48.8741607],[2.337041,48.8741904],[2.3353731,48.8742364],[2.3352163,48.874243],[2.3344515,48.8742646],[2.3342561,48.8742713],[2.3338672,48.8742811],[2.3327877,48.8743063],[2.3327513,48.8743033],[2.3327119,48.8742988]]}},
{"type":"Feature","properties":{"ordering":181,"bikenet_hierarchy":"secondary","road_hierarchy":"quaternary","length":357.99406465423687,"total_length":204015.67568576397,"total_coverage":78261518.272201121,"total_directness":0.77476094210149482},"geometry":{"type":"LineString","coordinates":[[2.3423548,48.8740484],[2.3422299,48.8740513],[2.3408213,48.8740799],[2.3407263,48.8740824],[2.3406358,48.8740848],[2.3398284,48.874105],[2.339759,48.8741082],[2.3396499,48.8741113],[2.3392197,48.8741239],[2.3390091,48.8741298],[2.3381763,48.8741497],[2.3374774,48.8741607]]}},
{"type":"Feature","properties":{"ordering":182,"bikenet_hierarchy":"primary","road_hierarchy":"primary","length":47.689368370840256,"total_length":204063.3650541348,"total_coverage":78299669.319587231,"total_directness":0.77453362216088928},"geometry":{"type":"LineString","coordinates":[[2.3406328,48.8469298],[2.3408546,48.8473329]]}},
{"type":"Feature","properties":{"ordering":183,"bikenet_hierarchy":"secondary","road_hierarchy":"secondary","length":270.54587482254459,"total_length":204333.91092895737,"total_coverage":78329447.997657001,"total_directness":0.77430432217659761},"geometry":{"type":"LineString","coordinates":[[2.3436015,48.8681507],[2.3434408,48.8681901],[2.342131,48.8684887],[2.3419889,48.8685199],[2.341904,48.868537],[2.3417962,48.8685583],[2.341335,48.86865],[2.3402135,48.8688769],[2.3400936,48.8688999]]}},
{"type":"Feature","properties":{"ordering":184,"bikenet_hierarchy":"secondary","road_hierarchy":"tertiary","length":294.27010854602679,"total_length":204628.18103750338,"total_coverage":78377606.738163173,"total_directness":0.77406129369410903},"geometry":{"type":"LineString","coordinates":[[2.3667404,48.8631027],[2.36657,48.863015],[2.3635946,48.8614611]]}},
{"type":"Feature","properties":{"ordering":185,"bikenet_hierarchy":"secondary","road_hierarchy":"quaternary","length":772.3696888666118,"total_length":205400.55072636998,"total_coverage":78378263.605180413,"total_directness":0.77561622593223079},"geometry":{"type":"LineString","coordinates":[[2.3635946,48.8614611],[2.363509,48.8614176],[2.3631411,48.8612282],[2.3630987,48.8612058],[2.3618489,48.8605524],[2.3617253,48.8604808],[2.3615361,48.8603714],[2.3608672,48.8599903],[2.3566154,48.8563185]]}},
{"type":"Feature","properties":{"ordering":186,"bikenet_hierarchy":"primary","road_hierarchy":"secondary","length":477.48363383205162,"total_length":205878.03436020206,"total_coverage":78480449.879152641,"total_directness":0.77537115016675673},"geometry":{"type":"LineString","coordinates":[[2.3433478,48.8467973],[2.3433664,48.8469096],[2.3435881,48.847311],[2.3436494,48.8474267],[2.3440081,48.8480868],[2.3443319,48.8486826],[2.3444639,48.8489254],[2.3447071,48.8493729],[2.3447884,48.8495226],[2.3448304,48.8495998],[2.3448795,48.849687],[2.3451546,48.8501758],[2.3451879,48.8502349],[2.3452285,48.8502962],[2.3454412,48.8507036],[2.3454775,48.8507755],[2.3455155,48.8508423]]}},
{"type":"Feature","properties":{"ordering":187,"bikenet_hierarchy":"secondary","road_hierarchy":"quaternary","length":146.22861490708308,"total_length":206024.26297510913,"total_coverage":78480449.879152536,"total_directness":0.77511309379219406},"geometry":{"type":"LineString","coordinates":[[2.3373736,48.8978898],[2.3375805,48.8976571],[2.3379558,48.8972753],[2.3382206,48.8969976],[2.338261,48.8969316],[2.3384095,48.8967675]]}},
{"type":"Feature","properties":{"ordering":188,"bikenet_hierarchy":"secondary","road_hierarchy":"quaternary","length":621.96797454536681,"total_length":206646.23094965451,"total_coverage":78480449.879152611,"total_directness":0.77516538669641122},"geometry":{"type":"LineString","coordinates":[[2.3384095,48.8967675],[2.3384573,48.8966705],[2.3384349,48.8965801],[2.3381191,48.8961111],[2.3379865,48.8959141],[2.3376448,48.8954067],[2.3375841,48.8953165],[2.3374965,48.8952176],[2.3367752,48.8942079],[2.336405,48.8937096],[2.33495,48.8916948]]}},
{"type":"Feature","properties":{"ordering":189,"bikenet_hierarchy":"secondary","road_hierarchy":"primary","length":598.65434737286898,"total_length":207244.88529702736,"total_coverage":78508860.720622927,"total_directness":0.77490196720209503},"geometry":{"type":"LineString","coordinates":[[2.301606,48.8643535],[2.3009175,48.8647096],[2.2998663,48.8649928],[2.2997242,48.8649854],[2.2990615,48.8649498],[2.2989438,48.8649407],[2.2972607,48.8648536],[2.2969462,48.8648368],[2.2966183,48.8648193],[2.2959947,48.864786],[2.2956645,48.8647684],[2.2945073,48.8647076],[2.2937434,48.8646295]]}},
{"type":"Feature","properties":{"ordering":190,"bikenet_hierarchy":"secondary","road_hierarchy":"secondary","length":524.25456856695314,"total_length":207769.13986559433,"total_coverage":78508860.720623061,"total_directness":0.77924051360367552},"geometry":{"type":"LineString","coordinates":[[2.2937434,48.8646295],[2.2928693,48.8643711],[2.290826,48.8638259],[2.2906444,48.8637789],[2.2905159,48.8637435],[2.2883728,48.8631753],[2.2881588,48.8631123],[2.2881095,48.8630977],[2.2871137,48.8628752]]}},
{"type":"Feature","properties":{"ordering":191,"bikenet_hierarchy":"primary","road_hierarchy":"primary","length":526.66944914241731,"total_length":208295.80931473675,"total_coverage":78508860.720622942,"total_directness":0.77973608180085507},"geometry":{"type":"LineString","coordinates":[[2.2937434,48.8646295],[2.2935607,48.8644148],[2.2933846,48.8642981],[2.2933074,48.8641681],[2.2932242,48.8640868],[2.293069,48.863949],[2.2928991,48.863793],[2.2927732,48.8636786],[2.2926533,48.8635616],[2.2922294,48.8631576],[2.2921755,48.8631045],[2.2920987,48.8629417],[2.2918806,48.8624754],[2.2914134,48.8611118],[2.2913295,48.8608833],[2.2911506,48.8603008]]}},
{"type":"Feature","properties":{"ordering":192,"bikenet_hierarchy":"primary","road_hierarchy":"primary","length":1038.6280870846849,"total_length":209334.43740182143,"total_coverage":78512378.640346542,"total_directness":0.78006171412190306},"geometry":{"type":"LineString","coordinates":[[2.2937434,48.8646295],[2.2943109,48.865372],[2.2953095,48.8671007],[2.2953643,48.8671955],[2.2954036,48.8672635],[2.2955624,48.8674799],[2.2957138,48.8679213],[2.2957137,48.8681836],[2.2957135,48.8686428],[2.2957156,48.8687422],[2.2957398,48.8694361],[2.2957432,48.8695337],[2.2957337,48.8696335],[2.2956377,48.870118],[2.2955747,48.8705071],[2.2955549,48.8706273],[2.2954709,48.8711503],[2.295363,48.8717923],[2.2953323,48.8719688],[2.2952868,48.872199],[2.2949802,48.8736815]]}},
{"type":"Feature","properties":{"ordering":193,"bikenet_hierarchy":"secondary","road_hierarchy":"quaternary","length":1070.7807215107239,"total_length":210405.21812333216,"total_coverage":78512378.640346512,"total_directness":0.78019612027635254},"geometry":{"type":"LineString","coordinates":[[2.2937434,48.8646295],[2.2944202,48.8650051],[2.2947251,48.8651548],[2.2947923,48.8651891],[2.2956569,48.8656293],[2.2957985,48.8657014],[2.2962057,48.8659106],[2.2965826,48.8661005],[2.2969606,48.866293],[2.2971144,48.8663712],[2.2982054,48.8669223],[2.2983049,48.8669726],[2.2983884,48.8670153],[2.298984,48.8673193],[2.2990947,48.8673758],[2.2992472,48.8674536],[2.2993815,48.8675226],[2.2994692,48.8675671],[2.300212,48.8679423],[2.3009229,48.8683078],[2.3011386,48.8684196],[2.30136,48.8685293],[2.3017278,48.8687147],[2.3026645,48.8691899],[2.3027694,48.8692431],[2.3028742,48.8692944],[2.3037264,48.8697219],[2.3047159,48.8702153],[2.304931,48.8703315],[2.305053,48.8703955],[2.3051436,48.8704451],[2.3052862,48.8705216]]}},
{"type":"Feature","properties":{"ordering":194,"bikenet_hierarchy":"primary","road_hierarchy":"secondary","length":68.56515775708219,"total_length":210473.78328108924,"total_coverage":78555696.080699295,"total_directness":0.77990838490296532},"geometry":{"type":"LineString","coordinates":[[2.2629142,48.8367011],[2.2630789,48.8366829],[2.2635997,48.8366114],[2.2638326,48.8366326]]}},
{"type":"Feature","properties":{"ordering":195,"bikenet_hierarchy":"secondary","road_hierarchy":"secondary","length":382.93847788568542,"total_length":210856.72175897492,"total_coverage":78647096.917833686,"total_directness":0.77960224890317731},"geometry":{"type":"LineString","coordinates":[[2.3452101,48.8259416],[2.3453558,48.825934],[2.3464545,48.8257768],[2.3465869,48.825757],[2.3467259,48.8257348],[2.3471195,48.8256688],[2.3472127,48.8256558],[2.3473105,48.8256515],[2.3478873,48.8256771],[2.3480276,48.8256859],[2.3481416,48.8256913],[2.3483503,48.8257013],[2.3484296,48.8257058],[2.3485368,48.8257113],[2.3502053,48.8257987],[2.3503663,48.8258178]]}},
{"type":"Feature","properties":{"ordering":196,"bikenet_hierarchy":"secondary","road_hierarchy":"quaternary","length":524.43343768457453,"total_length":211381.1551966595,"total_coverage":78650745.464350879,"total_directness":0.77971736466033681},"geometry":{"type":"LineString","coordinates":[[2.345941,48.8306297],[2.345881,48.8302713],[2.3458605,48.8300526],[2.3458511,48.8299519],[2.3458435,48.8298712],[2.3456468,48.8279518],[2.3456317,48.827895],[2.3456163,48.8278153],[2.3455717,48.8276099],[2.3454027,48.8268206],[2.3453196,48.8264332],[2.3452353,48.8260402],[2.3452101,48.8259416]]}},
{"type":"Feature","properties":{"ordering":197,"bikenet_hierarchy":"secondary","road_hierarchy":"quaternary","length":521.91864205268848,"total_length":211903.07383871218,"total_coverage":78659041.575707093,"total_directness":0.77988390833369969},"geometry":{"type":"LineString","coordinates":[[2.3430028,48.8215577],[2.3429912,48.8216389],[2.3439787,48.8225455],[2.3439814,48.8226206],[2.344018,48.8226766],[2.3441143,48.8228839],[2.344396,48.8236785],[2.3445029,48.8239808],[2.344545,48.8240912],[2.3445804,48.8241941],[2.3448361,48.8248801],[2.3449779,48.8252826],[2.3451066,48.825648],[2.3451846,48.825863],[2.3452101,48.8259416]]}},
{"type":"Feature","properties":{"ordering":198,"bikenet_hierarchy":"primary","road_hierarchy":"secondary","length":1491.5425513124046,"total_length":213394.61639002457,"total_coverage":79184572.753533319,"total_directness":0.77956913608747824},"geometry":{"type":"LineString","coordinates":[[2.2949802,48.8736815],[2.2926917,48.8735747],[2.2924658,48.873552],[2.2876019,48.8730147],[2.2847565,48.8727016],[2.2845692,48.8726811],[2.2843746,48.8726596],[2.2837951,48.8725959],[2.283004,48.8725089],[2.2796714,48.8721428],[2.2767446,48.8718261],[2.2765302,48.8718025],[2.2748982,48.8716174]]}},
{"type":"Feature","properties":{"ordering":199,"bikenet_hierarchy":"primary","road_hierarchy":"primary","length":295.43134838419309,"total_length":213690.04773840879,"total_coverage":79189744.442768246,"total_directness":0.78020998836612421},"geometry":{"type":"LineString","coordinates":[[2.2721948,48.8696574],[2.2734617,48.8707166],[2.2742127,48.8711784],[2.2748982,48.8716174]]}},
{"type":"Feature","properties":{"ordering":200,"bikenet_hierarchy":"primary","road_hierarchy":"primary","length":929.92473232837756,"total_length":214619.97247073715,"total_coverage":79245239.762391821,"total_directness":0.78039882575395048},"geometry":{"type":"LineString","coordinates":[[2.2838259,48.8774748],[2.278676,48.874771],[2.2786451,48.8747476],[2.278393,48.8744919],[2.2781145,48.8742708],[2.2775555,48.8737926],[2.2748982,48.8716174]]}},
{"type":"Feature","properties":{"ordering":201,"bikenet_hierarchy":"secondary","road_hierarchy":"quaternary","length":253.80372461872048,"total_length":214873.77619535587,"total_coverage":79245239.762391984,"total_directness":0.780066221837864},"geometry":{"type":"LineString","coordinates":[[2.3704737,48.8780206],[2.3697301,48.8773851],[2.3696976,48.877351],[2.3685908,48.8762267],[2.3685092,48.8761438]]}},
{"type":"Feature","properties":{"ordering":202,"bikenet_hierarchy":"secondary","road_hierarchy":"quaternary","length":454.09584406695723,"total_length":215327.87203942283,"total_coverage":79245239.762392104,"total_directness":0.78047719738212784},"geometry":{"type":"LineString","coordinates":[[2.3685092,48.8761438],[2.3683492,48.8760046],[2.368126,48.8758107],[2.3678047,48.8755561],[2.3675548,48.875404],[2.3671888,48.8751669],[2.3670319,48.8750624],[2.3667833,48.8749025],[2.3663589,48.8746327],[2.3662509,48.8745681],[2.3657309,48.8742346],[2.364984,48.8737573],[2.3649045,48.8737069],[2.3648042,48.873641],[2.3642659,48.8732799],[2.3641902,48.873226]]}},
{"type":"Feature","properties":{"ordering":203,"bikenet_hierarchy":"secondary","road_hierarchy":"primary","length":387.48630060807199,"total_length":215715.35834003091,"total_coverage":79496295.246441171,"total_directness":0.78014164407510544},"geometry":{"type":"LineString","coordinates":[[2.2843728,48.8810299],[2.2840496,48.8807719],[2.2823817,48.8794106],[2.2822886,48.8793429],[2.2818972,48.8791066],[2.2809704,48.8783686]]}},
{"type":"Feature","properties":{"ordering":204,"bikenet_hierarchy":"secondary","road_hierarchy":"secondary","length":342.45165387079436,"total_length":216057.8099939017,"total_coverage":79551190.583323956,"total_directness":0.77980625321127006},"geometry":{"type":"LineString","coordinates":[[2.3742541,48.878409],[2.3742861,48.8785301],[2.3743483,48.8788867],[2.3743839,48.8792851],[2.3743736,48.8795726],[2.3743683,48.8796451],[2.3743535,48.8797706],[2.3741569,48.880409],[2.3740339,48.8806059],[2.3738404,48.8808501],[2.3733308,48.8812126],[2.3732318,48.8812558]]}},
{"type":"Feature","properties":{"ordering":205,"bikenet_hierarchy":"secondary","road_hierarchy":"tertiary","length":1289.4719499775038,"total_length":217347.28194387921,"total_coverage":79787841.431836337,"total_directness":0.77946718315431573},"geometry":{"type":"LineString","coordinates":[[2.2744027,48.8581737],[2.2748549,48.8581705],[2.2751057,48.8581494],[2.2751968,48.8581421],[2.2759051,48.858086],[2.2767295,48.8580206],[2.2768551,48.8580106],[2.2774333,48.8579629],[2.2775222,48.8579544],[2.2779615,48.8579131],[2.2796724,48.8577386],[2.2799205,48.8577401],[2.2800714,48.8577656],[2.28018,48.8577839],[2.2807719,48.8578979],[2.280991,48.8579387],[2.2810799,48.8579552],[2.2816238,48.8580652],[2.2823912,48.8581902],[2.2825877,48.8582222],[2.2831594,48.8583095],[2.284234,48.8584737],[2.2843163,48.8584862],[2.284405,48.8584998],[2.2848511,48.8586021],[2.284957,48.8586158],[2.2868046,48.8590181],[2.2868769,48.8590666],[2.2875495,48.8595178],[2.2911506,48.8603008]]}},
{"type":"Feature","properties":{"ordering":206,"bikenet_hierarchy":"secondary","road_hierarchy":"secondary","length":279.88582045091738,"total_length":217627.16776433011,"total_coverage":79789283.771412,"total_directness":0.78092003224596329},"geometry":{"type":"LineString","coordinates":[[2.2706024,48.8583577],[2.2726456,48.858296],[2.272881,48.8582891],[2.2737091,48.8582029],[2.2742983,48.858175],[2.2744027,48.8581737]]}},
{"type":"Feature","properties":{"ordering":207,"bikenet_hierarchy":"secondary","road_hierarchy":"quaternary","length":928.85718896814706,"total_length":218556.02495329827,"total_coverage":79903829.162891239,"total_directness":0.78125334422436454},"geometry":{"type":"LineString","coordinates":[[2.2744027,48.8581737],[2.2747465,48.8576481],[2.2747329,48.8571999],[2.2747195,48.8570512],[2.2746963,48.8566016],[2.2746919,48.8564627],[2.2747988,48.8562365],[2.2750331,48.8556518],[2.2750872,48.8555309],[2.275228,48.8551923],[2.2755037,48.8543023],[2.2755291,48.8542033],[2.2755566,48.8540891],[2.2758048,48.8530599],[2.275815,48.8529741],[2.2758367,48.8528615],[2.2758633,48.8527583],[2.2760592,48.8526232],[2.276803,48.8521933],[2.2776135,48.8517728],[2.2780955,48.8515404],[2.2790664,48.8509214]]}},
{"type":"Feature","properties":{"ordering":208,"bikenet_hierarchy":"secondary","road_hierarchy":"secondary","length":1088.1888337388432,"total_length":219644.21378703712,"total_coverage":79903829.162891403,"total_directness":0.78133817861938182},"geometry":{"type":"LineString","coordinates":[[2.2744027,48.8581737],[2.2746896,48.8582672],[2.2749515,48.8583314],[2.2751454,48.8583993],[2.2769246,48.8590726],[2.2771288,48.8591515],[2.2773991,48.8592556],[2.2774908,48.85929],[2.2788289,48.8596874],[2.278985,48.8597253],[2.2792762,48.8597944],[2.2794812,48.8598454],[2.2797243,48.8599026],[2.2798889,48.8599422],[2.2809338,48.8601974],[2.2810674,48.8602372],[2.2811981,48.8602797],[2.2822646,48.8606362],[2.2823908,48.860678],[2.2833258,48.8609873],[2.283391,48.8610077],[2.2835518,48.861061],[2.2840925,48.861234],[2.2842303,48.8612767],[2.2849576,48.8615245],[2.2850664,48.8615614],[2.2857642,48.8617974],[2.2861161,48.8619097],[2.2863149,48.8620274],[2.2865273,48.862162],[2.2867418,48.8623323],[2.2871137,48.8628752]]}},
{"type":"Feature","properties":{"ordering":209,"bikenet_hierarchy":"secondary","road_hierarchy":"tertiary","length":922.45137612232713,"total_length":220566.66516315943,"total_coverage":80011083.740757525,"total_directness":0.78100809178514607},"geometry":{"type":"LineString","coordinates":[[2.2619205,48.8452396],[2.2620168,48.8452369],[2.2634767,48.8451941],[2.2640837,48.8451794],[2.264191,48.8451755],[2.2643804,48.8451709],[2.2651716,48.8451416],[2.2669108,48.8452554],[2.2672964,48.8454344],[2.2673922,48.8454671],[2.2675598,48.8455254],[2.2686462,48.8458547],[2.2704636,48.8464235],[2.2706081,48.8464704],[2.2707224,48.8465048],[2.271006,48.8465869],[2.2711016,48.8466147],[2.2720086,48.8468965],[2.2732253,48.8472748],[2.2737147,48.8474292]]}},
{"type":"Feature","properties":{"ordering":210,"bikenet_hierarchy":"secondary","road_hierarchy":"tertiary","length":238.14797617452896,"total_length":220804.81313933397,"total_coverage":80011083.740757316,"total_directness":0.78158402428126894},"geometry":{"type":"LineString","coordinates":[[2.2619205,48.8452396],[2.2617548,48.8452425],[2.2606399,48.8452657],[2.2604653,48.8452715],[2.2603147,48.8452909],[2.2589915,48.845318],[2.2587948,48.8453255],[2.2586805,48.8453291]]}},
{"type":"Feature","properties":{"ordering":211,"bikenet_hierarchy":"secondary","road_hierarchy":"quaternary","length":264.04396064281116,"total_length":221068.85709997677,"total_coverage":80011086.947708979,"total_directness":0.78176083559795873},"geometry":{"type":"LineString","coordinates":[[2.2602036,48.8431532],[2.2602912,48.8432688],[2.2618405,48.8451526],[2.2619205,48.8452396]]}},
{"type":"Feature","properties":{"ordering":212,"bikenet_hierarchy":"secondary","road_hierarchy":"tertiary","length":81.317352839006048,"total_length":221150.17445281579,"total_coverage":80048626.21630545,"total_directness":0.78166099895744001},"geometry":{"type":"LineString","coordinates":[[2.2575733,48.8453547],[2.2578115,48.8453472],[2.2582769,48.8453345],[2.2586805,48.8453291]]}},
{"type":"Feature","properties":{"ordering":213,"bikenet_hierarchy":"primary","road_hierarchy":"primary","length":371.36481247717995,"total_length":221521.53926529296,"total_coverage":80050995.042948961,"total_directness":0.78167632166805567},"geometry":{"type":"LineString","coordinates":[[2.2575733,48.8453547],[2.2576471,48.8454837],[2.258508,48.847191],[2.2588433,48.8477659],[2.2588602,48.8477926],[2.258934,48.8485484]]}},
{"type":"Feature","properties":{"ordering":214,"bikenet_hierarchy":"secondary","road_hierarchy":"quaternary","length":617.15837990335979,"total_length":222138.69764519631,"total_coverage":80355510.642097279,"total_directness":0.78142360888110673},"geometry":{"type":"LineString","coordinates":[[2.2602036,48.8431532],[2.2600878,48.8430151],[2.2600185,48.8429335],[2.2590517,48.8417471],[2.2590192,48.8417042],[2.2589657,48.8416339],[2.2584701,48.8408726],[2.2584272,48.8407996],[2.2583793,48.8407137],[2.2581908,48.8403435],[2.2580857,48.8401705],[2.2573909,48.8384858],[2.2573644,48.8384251],[2.257041,48.8380401]]}},
{"type":"Feature","properties":{"ordering":215,"bikenet_hierarchy":"primary","road_hierarchy":"secondary","length":466.34659665350011,"total_length":222605.04424184983,"total_coverage":80379664.807058498,"total_directness":0.78147353046457424},"geometry":{"type":"LineString","coordinates":[[2.2629142,48.8367011],[2.2627335,48.8367247],[2.2618391,48.8368521],[2.2617371,48.8368706],[2.2615353,48.8369],[2.26141,48.8369193],[2.2613547,48.8369266],[2.2604436,48.8370613],[2.2603018,48.8370823],[2.2601349,48.8371058],[2.2597911,48.837161],[2.259752,48.8371672],[2.2595867,48.8371916],[2.2594647,48.8372099],[2.2583508,48.8373906],[2.2582683,48.8374113],[2.2577475,48.8375572],[2.257041,48.8380401]]}},
{"type":"Feature","properties":{"ordering":216,"bikenet_hierarchy":"primary","road_hierarchy":"primary","length":838.33309045493843,"total_length":223443.37733230475,"total_coverage":80474164.155466139,"total_directness":0.78149128530467382},"geometry":{"type":"LineString","coordinates":[[2.2575733,48.8453547],[2.2575049,48.8452101],[2.2571453,48.8444731],[2.257105,48.8444011],[2.2570086,48.84423],[2.2564598,48.8431587],[2.2563656,48.8430058],[2.256327,48.8429154],[2.2561782,48.8425945],[2.2561354,48.8424645],[2.2561074,48.8423722],[2.256133,48.8415884],[2.2561477,48.8414708],[2.2561682,48.8413492],[2.2563369,48.8401656],[2.2563507,48.8400045],[2.2564061,48.8398524],[2.2565504,48.8395175],[2.2565954,48.8394201],[2.2568989,48.8387643],[2.2569645,48.8386225],[2.2569522,48.8385202],[2.257041,48.8380401]]}},
{"type":"Feature","properties":{"ordering":217,"bikenet_hierarchy":"primary","road_hierarchy":"quaternary","length":291.54894831207514,"total_length":223734.92628061684,"total_coverage":80659477.599540323,"total_directness":0.78113585500581872},"geometry":{"type":"LineString","coordinates":[[2.3433478,48.8467973],[2.3433164,48.8467028],[2.3430082,48.8461621],[2.34297,48.8461056],[2.3426844,48.8455995],[2.3423361,48.8449154],[2.3421719,48.8446137],[2.3421167,48.8444902],[2.342042,48.8443229]]}},
{"type":"Feature","properties":{"ordering":218,"bikenet_hierarchy":"secondary","road_hierarchy":"tertiary","length":308.46499017700182,"total_length":224043.39127079383,"total_coverage":80662086.446541578,"total_directness":0.78122102588256259},"geometry":{"type":"LineString","coordinates":[[2.3406328,48.8469298],[2.3407529,48.8468163],[2.3408288,48.8467085],[2.3410836,48.8462295],[2.3411616,48.8460884],[2.3412166,48.8459728],[2.3412811,48.8458461],[2.3419307,48.8445273],[2.342042,48.8443229]]}},
{"type":"Feature","properties":{"ordering":219,"bikenet_hierarchy":"primary","road_hierarchy":"quaternary","length":182.97730405093935,"total_length":224226.36857484479,"total_coverage":80806415.320382297,"total_directness":0.78088642362011551},"geometry":{"type":"LineString","coordinates":[[2.3413564,48.8427433],[2.3415171,48.8432606],[2.3415917,48.8434202],[2.3419495,48.8441323],[2.342042,48.8443229]]}},
{"type":"Feature","properties":{"ordering":220,"bikenet_hierarchy":"secondary","road_hierarchy":"tertiary","length":158.9606732174035,"total_length":224385.32924806219,"total_coverage":80829469.493945748,"total_directness":0.78053907750066609},"geometry":{"type":"LineString","coordinates":[[2.3309072,48.8854991],[2.3324554,48.8864996]]}},
{"type":"Feature","properties":{"ordering":221,"bikenet_hierarchy":"secondary","road_hierarchy":"tertiary","length":609.63895638407723,"total_length":224994.96820444625,"total_coverage":80833066.609404221,"total_directness":0.78125642306373766},"geometry":{"type":"LineString","coordinates":[[2.3324554,48.8864996],[2.3327184,48.8878739],[2.3327427,48.8879391],[2.3342749,48.8904869],[2.3343112,48.8905574],[2.3343548,48.890625],[2.3349364,48.8916278],[2.33495,48.8916948]]}},
{"type":"Feature","properties":{"ordering":222,"bikenet_hierarchy":"primary","road_hierarchy":"primary","length":458.48132136535037,"total_length":225453.44952581162,"total_coverage":80965783.543063298,"total_directness":0.78090222497474304},"geometry":{"type":"LineString","coordinates":[[2.3271295,48.8737473],[2.3272269,48.8737347],[2.327381,48.8737143],[2.327667,48.873676],[2.3277688,48.8736637],[2.3283475,48.8735856],[2.3284629,48.8735702],[2.329538,48.8734274],[2.3297058,48.8734051],[2.3297476,48.8733995],[2.3302226,48.8733528],[2.330906,48.8732639],[2.3310197,48.8732469],[2.3311953,48.8732235],[2.3313947,48.873198],[2.331769,48.8731474],[2.3329351,48.8729972],[2.3330174,48.8729871],[2.3332569,48.8729396]]}},
{"type":"Feature","properties":{"ordering":223,"bikenet_hierarchy":"secondary","road_hierarchy":"primary","length":291.13578271253238,"total_length":225744.58530852414,"total_coverage":80985041.734406054,"total_directness":0.78054624948234319},"geometry":{"type":"LineString","coordinates":[[2.3492339,48.8499302],[2.3491057,48.8499613],[2.3490046,48.849986],[2.3487445,48.8500494],[2.3484114,48.850132],[2.3481297,48.8502017],[2.3480124,48.8502317],[2.3475535,48.8503468],[2.3474562,48.8503716],[2.3473064,48.8504099],[2.3464294,48.8506265],[2.345937,48.8507461],[2.3456517,48.8508125],[2.3455155,48.8508423]]}},
{"type":"Feature","properties":{"ordering":224,"bikenet_hierarchy":"secondary","road_hierarchy":"primary","length":559.64232480773626,"total_length":226304.22763333187,"total_coverage":81009322.427694336,"total_directness":0.78164865668176986},"geometry":{"type":"LineString","coordinates":[[2.3492339,48.8499302],[2.3494152,48.8498863],[2.3502764,48.8496709],[2.3503668,48.8496447],[2.3504847,48.8496209],[2.3508713,48.8496017],[2.3515678,48.8495732],[2.3517628,48.8495653],[2.3518749,48.8495607],[2.3524513,48.8495374],[2.3527055,48.8495271],[2.3528725,48.8495203],[2.3530383,48.8495136],[2.3542647,48.8494607],[2.3544142,48.8494481],[2.3547371,48.8494199],[2.3556979,48.8493783],[2.355779,48.8493752],[2.355946,48.8493764],[2.3561257,48.8493781],[2.3563214,48.8493852],[2.3567581,48.8494121]]}},
{"type":"Feature","properties":{"ordering":225,"bikenet_hierarchy":"primary","road_hierarchy":"primary","length":524.00275521397805,"total_length":226828.23038854587,"total_coverage":81187883.526584283,"total_directness":0.78130648235027178},"geometry":{"type":"LineString","coordinates":[[2.3381994,48.8425],[2.3385995,48.8432108],[2.3386855,48.8433633],[2.3388852,48.8437288],[2.3389998,48.8439455],[2.3390422,48.8440268],[2.3402538,48.8462773],[2.3405046,48.8467149],[2.3405335,48.846763],[2.3406328,48.8469298]]}},
{"type":"Feature","properties":{"ordering":226,"bikenet_hierarchy":"primary","road_hierarchy":"quaternary","length":188.88339205262648,"total_length":227017.11378059848,"total_coverage":81187883.526584253,"total_directness":0.78094276336028023},"geometry":{"type":"LineString","coordinates":[[2.3234877,48.8664109],[2.3235671,48.8665084],[2.3245514,48.8678879],[2.3245898,48.8679458]]}},
{"type":"Feature","properties":{"ordering":227,"bikenet_hierarchy":"secondary","road_hierarchy":"primary","length":569.21193944311221,"total_length":227586.32572004158,"total_coverage":81416416.257968038,"total_directness":0.78057131866759677},"geometry":{"type":"LineString","coordinates":[[2.3358949,48.8531684],[2.3369006,48.8529231],[2.3369916,48.852902],[2.3371046,48.8528749],[2.3377361,48.8527246],[2.3378252,48.8527035],[2.3386295,48.852505],[2.3387535,48.8524745],[2.3389515,48.8524265],[2.3392548,48.8523571],[2.3399448,48.852191],[2.3402953,48.852103],[2.3414433,48.8518287],[2.3419567,48.851698],[2.3429952,48.8514416],[2.3431724,48.8513977]]}},
{"type":"Feature","properties":{"ordering":228,"bikenet_hierarchy":"primary","road_hierarchy":"quaternary","length":450.77172912924499,"total_length":228037.09744917083,"total_coverage":81515824.53480196,"total_directness":0.78019958930595212},"geometry":{"type":"LineString","coordinates":[[2.3397096,48.8388881],[2.3397485,48.8389549],[2.3399688,48.8392956],[2.3407962,48.8405596],[2.3409849,48.8408498],[2.3411463,48.8411542],[2.3412765,48.8420726],[2.3412898,48.842123],[2.341313,48.8421872],[2.3413564,48.8427433]]}},
{"type":"Feature","properties":{"ordering":229,"bikenet_hierarchy":"primary","road_hierarchy":"primary","length":100.23584662661777,"total_length":228137.33329579746,"total_coverage":81569542.85930258,"total_directness":0.77981861402161678},"geometry":{"type":"LineString","coordinates":[[2.3271295,48.8737473],[2.3270296,48.873761],[2.3268814,48.8737844],[2.3267096,48.8738094],[2.3260885,48.8738881],[2.3257905,48.8739267]]}},
{"type":"Feature","properties":{"ordering":230,"bikenet_hierarchy":"secondary","road_hierarchy":"tertiary","length":357.97208564830947,"total_length":228495.30538144577,"total_coverage":81644537.592697904,"total_directness":0.77943886098522452},"geometry":{"type":"LineString","coordinates":[[2.3435923,48.8412715],[2.343505,48.8414055],[2.3433174,48.8417748],[2.3429147,48.8425748],[2.3428681,48.8426615],[2.3426118,48.8431564],[2.3425464,48.8432786],[2.3423099,48.8437841],[2.3421386,48.844138],[2.342042,48.8443229]]}},
{"type":"Feature","properties":{"ordering":231,"bikenet_hierarchy":"primary","road_hierarchy":"tertiary","length":50.654999654140582,"total_length":228545.9603810999,"total_coverage":81647030.236988589,"total_directness":0.77905988021685324},"geometry":{"type":"LineString","coordinates":[[2.3271295,48.8737473],[2.3270654,48.8738887],[2.3269246,48.8741823]]}},
{"type":"Feature","properties":{"ordering":232,"bikenet_hierarchy":"secondary","road_hierarchy":"quaternary","length":424.70579408631863,"total_length":228970.66617518623,"total_coverage":81647042.553624406,"total_directness":0.77911674753798077},"geometry":{"type":"LineString","coordinates":[[2.3269246,48.8741823],[2.3327119,48.8742988]]}},
{"type":"Feature","properties":{"ordering":233,"bikenet_hierarchy":"secondary","road_hierarchy":"quaternary","length":99.483465040849438,"total_length":229070.14964022709,"total_coverage":81652693.729690865,"total_directness":0.77913732930804513},"geometry":{"type":"LineString","coordinates":[[2.3269246,48.8741823],[2.3259693,48.8741631],[2.3257905,48.8739267]]}},
{"type":"Feature","properties":{"ordering":234,"bikenet_hierarchy":"primary","road_hierarchy":"primary","length":114.70416725320207,"total_length":229184.85380748028,"total_coverage":81743771.802123263,"total_directness":0.77874935204695361},"geometry":{"type":"LineString","coordinates":[[2.2843728,48.8810299],[2.2851241,48.8816381],[2.2852531,48.8817193],[2.2853551,48.881784],[2.2853945,48.881809]]}},
{"type":"Feature","properties":{"ordering":235,"bikenet_hierarchy":"primary","road_hierarchy":"primary","length":509.93184537124114,"total_length":229694.78565285151,"total_coverage":82075308.907876104,"total_directness":0.77835592285727684},"geometry":{"type":"LineString","coordinates":[[2.2980745,48.8777857],[2.29718,48.8767306],[2.2969281,48.8763899],[2.2968738,48.8763148],[2.2968292,48.8762526],[2.2966395,48.875988],[2.2965695,48.8758928],[2.2965316,48.8758402],[2.2962423,48.8754383],[2.2961769,48.8753505],[2.2949802,48.8736815]]}},
{"type":"Feature","properties":{"ordering":236,"bikenet_hierarchy":"primary","road_hierarchy":"primary","length":1118.6452641523058,"total_length":230813.43091700383,"total_coverage":82465892.316388398,"total_directness":0.78683837366023246},"geometry":{"type":"LineString","coordinates":[[2.31254,48.8808513],[2.3123213,48.8808246],[2.3122281,48.8808132],[2.3120295,48.8807876],[2.3099245,48.8805305],[2.3097804,48.8805088],[2.3094281,48.8804527],[2.3092078,48.8804206],[2.30909,48.8804037],[2.3089612,48.8803834],[2.3088528,48.8803677],[2.308573,48.8803252],[2.3084804,48.8803055],[2.3082802,48.8802629],[2.3073265,48.8800561],[2.3053546,48.8796286],[2.3051039,48.8795755],[2.3049802,48.8795492],[2.304871,48.8795256],[2.3033557,48.8791982],[2.3031146,48.8791465],[2.3029892,48.8791189],[2.3024076,48.8789953],[2.3018509,48.8788745],[2.3017712,48.8788572],[2.3010258,48.8786981],[2.300823,48.8786534],[2.3006431,48.8786158],[2.3004704,48.8785777],[2.2980745,48.8777857]]}},
{"type":"Feature","properties":{"ordering":237,"bikenet_hierarchy":"secondary","road_hierarchy":"secondary","length":752.21799480092761,"total_length":231565.64891180475,"total_coverage":82605650.193039745,"total_directness":0.78689473758322925},"geometry":{"type":"LineString","coordinates":[[2.2980745,48.8777857],[2.2976127,48.8778789],[2.2974447,48.8779128],[2.2969823,48.8780166],[2.2958045,48.878283],[2.2957174,48.8783022],[2.295589,48.8783331],[2.2954402,48.8783689],[2.2944841,48.8785857],[2.2942209,48.8786461],[2.2940448,48.8786867],[2.2934539,48.8788207],[2.2928433,48.8789684],[2.2927515,48.8789893],[2.2921322,48.8791307],[2.2916822,48.8792345],[2.2915456,48.879266],[2.2912946,48.8793238],[2.2909388,48.8794059],[2.2908525,48.8794268],[2.2907695,48.8794449],[2.2896455,48.8797041],[2.2893496,48.8797723],[2.2885009,48.879968],[2.2883819,48.8799954]]}},
{"type":"Feature","properties":{"ordering":238,"bikenet_hierarchy":"secondary","road_hierarchy":"tertiary","length":436.22609507206005,"total_length":232001.8750068768,"total_coverage":82605650.193039581,"total_directness":0.7872480369846131},"geometry":{"type":"LineString","coordinates":[[2.2838259,48.8774748],[2.2858955,48.8786661],[2.2874476,48.8794944],[2.2881924,48.8798904],[2.2882643,48.8799313],[2.2883819,48.8799954]]}},
{"type":"Feature","properties":{"ordering":239,"bikenet_hierarchy":"secondary","road_hierarchy":"secondary","length":234.61099117406846,"total_length":232236.48599805089,"total_coverage":82605650.193039596,"total_directness":0.7873789094815975},"geometry":{"type":"LineString","coordinates":[[2.2854013,48.880739],[2.2855063,48.8807164],[2.2857692,48.8805922],[2.2863484,48.8804604],[2.2867074,48.8803788],[2.2867948,48.880357],[2.2877962,48.8801305],[2.2879032,48.8801058],[2.2883819,48.8799954]]}},
{"type":"Feature","properties":{"ordering":240,"bikenet_hierarchy":"secondary","road_hierarchy":"secondary","length":82.649158720318482,"total_length":232319.1351567712,"total_coverage":82605650.193039775,"total_directness":0.78788451964173611},"geometry":{"type":"LineString","coordinates":[[2.2843728,48.8810299],[2.2846965,48.8808933],[2.2854013,48.880739]]}},
{"type":"Feature","properties":{"ordering":241,"bikenet_hierarchy":"primary","road_hierarchy":"quaternary","length":120.08115636202173,"total_length":232439.21631313322,"total_coverage":82605718.086674288,"total_directness":0.78793987268206211},"geometry":{"type":"LineString","coordinates":[[2.2854013,48.880739],[2.2854167,48.8807662],[2.2854726,48.8808656],[2.2853945,48.881809]]}},
{"type":"Feature","properties":{"ordering":242,"bikenet_hierarchy":"primary","road_hierarchy":"primary","length":252.96059594987921,"total_length":232692.17690908309,"total_coverage":82722714.313300952,"total_directness":0.78771688272600082},"geometry":{"type":"LineString","coordinates":[[2.3103841,48.8826266],[2.3106695,48.8823941],[2.3111858,48.8819735],[2.311275,48.8818973],[2.3113748,48.8818075],[2.3121491,48.8811844],[2.3123644,48.881006],[2.31254,48.8808513]]}},
{"type":"Feature","properties":{"ordering":243,"bikenet_hierarchy":"secondary","road_hierarchy":"secondary","length":460.93220839263739,"total_length":233153.10911747575,"total_coverage":82731452.449704334,"total_directness":0.78777873593411496},"geometry":{"type":"LineString","coordinates":[[2.3103841,48.8826266],[2.3108102,48.8825363],[2.3108881,48.8825198],[2.311613,48.882366],[2.311735,48.8823395],[2.3118739,48.8823098],[2.3131276,48.8820438],[2.3136713,48.8819269],[2.3143416,48.8817811],[2.3144698,48.8817542],[2.3147089,48.8817032],[2.3149102,48.8816592],[2.3152851,48.8816252],[2.3156937,48.8815356],[2.3159287,48.8814864],[2.3160093,48.8814701],[2.3162481,48.8814183],[2.316377,48.8813903]]}},
{"type":"Feature","properties":{"ordering":244,"bikenet_hierarchy":"primary","road_hierarchy":"primary","length":650.60624254867855,"total_length":233803.71536002442,"total_coverage":82903763.274019718,"total_directness":0.78754605924164545},"geometry":{"type":"LineString","coordinates":[[2.3103841,48.8826266],[2.3100569,48.8828964],[2.3096108,48.8832596],[2.3094959,48.8833547],[2.3093164,48.883503],[2.3090706,48.8837056],[2.3087958,48.8839321],[2.3087032,48.8840092],[2.3086204,48.8840752],[2.3080592,48.8845266],[2.3079711,48.8845987],[2.3078193,48.8847222],[2.3073578,48.8851094],[2.3072141,48.8852235],[2.3070332,48.8853655],[2.306489,48.8858191],[2.3064298,48.8858694],[2.3049444,48.8872456]]}},
{"type":"Feature","properties":{"ordering":245,"bikenet_hierarchy":"primary","road_hierarchy":"primary","length":332.11640367174448,"total_length":234135.83176369616,"total_coverage":82903763.274019778,"total_directness":0.7899200284417458},"geometry":{"type":"LineString","coordinates":[[2.3038881,48.8901461],[2.3040371,48.8898754],[2.3042426,48.8891166],[2.3042699,48.8890266],[2.3043223,48.8888535],[2.3043499,48.8887622],[2.3049444,48.8872456]]}},
{"type":"Feature","properties":{"ordering":246,"bikenet_hierarchy":"secondary","road_hierarchy":"secondary","length":594.81079092838195,"total_length":234730.64255462453,"total_coverage":82969177.369526416,"total_directness":0.78965396900212015},"geometry":{"type":"LineString","coordinates":[[2.3103841,48.8826266],[2.3099462,48.8827182],[2.3098814,48.8827317],[2.3092065,48.8828729],[2.3090567,48.8829027],[2.3088686,48.882939],[2.3083266,48.8830575],[2.3074019,48.8832578],[2.307265,48.8832876],[2.3070305,48.8833353],[2.3060266,48.8835478],[2.3058121,48.8835944],[2.3049609,48.8837833],[2.3047736,48.8838166],[2.3044967,48.8838739],[2.3029742,48.8842019],[2.3026608,48.8842578]]}},
{"type":"Feature","properties":{"ordering":247,"bikenet_hierarchy":"secondary","road_hierarchy":"secondary","length":795.13779256956241,"total_length":235525.78034719412,"total_coverage":83001037.420466378,"total_directness":0.79001556531541561},"geometry":{"type":"LineString","coordinates":[[2.3026608,48.8842578],[2.3025318,48.8840781],[2.3020099,48.8833643],[2.3019395,48.8832695],[2.3018769,48.883182],[2.3011631,48.8821905],[2.3011185,48.8821356],[2.3010616,48.8820505],[2.3008715,48.8817888],[2.3007775,48.8816628],[2.3006962,48.8815548],[2.3006296,48.8814602],[2.3002774,48.8809783],[2.3002268,48.880911],[2.3000972,48.8807325],[2.2998096,48.8803514],[2.2997095,48.8802133],[2.2994052,48.8797931],[2.2993092,48.8796593],[2.2985995,48.8786858],[2.2985472,48.8785076],[2.2980745,48.8777857]]}},
{"type":"Feature","properties":{"ordering":248,"bikenet_hierarchy":"secondary","road_hierarchy":"secondary","length":373.14177821133325,"total_length":235898.92212540543,"total_coverage":83001037.420466602,"total_directness":0.79113839743279157},"geometry":{"type":"LineString","coordinates":[[2.3026608,48.8842578],[2.3027662,48.884398],[2.3032463,48.8850605],[2.3033979,48.8852049],[2.3034889,48.885381],[2.3038636,48.8859041],[2.3039271,48.8859929],[2.3045983,48.8869248],[2.3046499,48.8869919],[2.3049444,48.8872456]]}},
{"type":"Feature","properties":{"ordering":249,"bikenet_hierarchy":"secondary","road_hierarchy":"secondary","length":387.27713786306958,"total_length":236286.1992632685,"total_coverage":83063908.146238178,"total_directness":0.79116203136123153},"geometry":{"type":"LineString","coordinates":[[2.3026608,48.8842578],[2.3023494,48.8843006],[2.3012307,48.8844401],[2.3011045,48.8844558],[2.300987,48.884472],[2.2992842,48.8846904],[2.2991911,48.8847009],[2.2988234,48.8847445],[2.2983127,48.8848444],[2.2974925,48.8849649]]}},
{"type":"Feature","properties":{"ordering":250,"bikenet_hierarchy":"secondary","road_hierarchy":"secondary","length":867.13516986218724,"total_length":237153.33443313069,"total_coverage":83129486.272196516,"total_directness":0.79143108283033392},"geometry":{"type":"LineString","coordinates":[[2.2974925,48.8849649],[2.2936761,48.8828531],[2.2920321,48.8819624],[2.291911,48.881894],[2.2913748,48.8816083],[2.2912713,48.8815502],[2.290018,48.8808771],[2.2898906,48.8808079],[2.2892063,48.8804517],[2.2885692,48.8800941],[2.288498,48.8800599],[2.2883819,48.8799954]]}},
{"type":"Feature","properties":{"ordering":251,"bikenet_hierarchy":"secondary","road_hierarchy":"secondary","length":608.22315528306683,"total_length":237761.55758841377,"total_coverage":83129486.272196546,"total_directness":0.79154799126167541},"geometry":{"type":"LineString","coordinates":[[2.2974925,48.8849649],[2.2980495,48.8851914],[2.2984706,48.8854029],[2.2987184,48.8855351],[2.2996704,48.8859639],[2.3005606,48.8862959],[2.3006822,48.8863366],[2.3049444,48.8872456]]}},
{"type":"Feature","properties":{"ordering":252,"bikenet_hierarchy":"secondary","road_hierarchy":"secondary","length":446.52370548575425,"total_length":238208.08129389951,"total_coverage":83289326.837435275,"total_directness":0.79157575376529321},"geometry":{"type":"LineString","coordinates":[[2.2974925,48.8849649],[2.2955626,48.8851632],[2.2937574,48.8853848],[2.2936887,48.8853932],[2.2915029,48.885683]]}},
{"type":"Feature","properties":{"ordering":253,"bikenet_hierarchy":"primary","road_hierarchy":"primary","length":621.61448863354383,"total_length":238829.69578253306,"total_coverage":83318140.000752881,"total_directness":0.79166899460245099},"geometry":{"type":"LineString","coordinates":[[2.2915029,48.885683],[2.2912157,48.8854955],[2.2911569,48.8854559],[2.2906789,48.8851505],[2.2906399,48.8851256],[2.2894669,48.8843964],[2.2890014,48.8841034],[2.2889422,48.884068],[2.2881312,48.8835641],[2.2880687,48.8835257],[2.2875722,48.8832158],[2.2874275,48.883126],[2.2872774,48.8830329],[2.2862464,48.8823871],[2.2862077,48.8823632],[2.2860644,48.8822538],[2.2853945,48.881809]]}},
{"type":"Feature","properties":{"ordering":254,"bikenet_hierarchy":"primary","road_hierarchy":"primary","length":542.80439748035667,"total_length":239372.50018001342,"total_coverage":83377877.339207962,"total_directness":0.79185323804743935},"geometry":{"type":"LineString","coordinates":[[2.2976438,48.887283],[2.2974025,48.8873152],[2.2973545,48.8873271],[2.2967123,48.8875144],[2.2959282,48.8877432],[2.2944577,48.8874795],[2.2944199,48.8874564],[2.2939327,48.8871567],[2.2937114,48.8870216],[2.292844,48.8864869],[2.2924922,48.8862814],[2.2921175,48.8860795],[2.2916588,48.8857968],[2.2915029,48.885683]]}},
{"type":"Feature","properties":{"ordering":255,"bikenet_hierarchy":"primary","road_hierarchy":"quaternary","length":199.94721974584681,"total_length":239572.44739975926,"total_coverage":83377877.339208037,"total_directness":0.79157979211494267},"geometry":{"type":"LineString","coordinates":[[2.2911506,48.8603008],[2.2931353,48.8590687]]}},
{"type":"Feature","properties":{"ordering":256,"bikenet_hierarchy":"secondary","road_hierarchy":"secondary","length":736.75268636984765,"total_length":240309.2000861291,"total_coverage":83396830.960697919,"total_directness":0.79129009881512968},"geometry":{"type":"LineString","coordinates":[[2.3203489,48.8822056],[2.3201856,48.8823608],[2.3192678,48.8832876],[2.3192025,48.883351],[2.3185056,48.8840198],[2.3184562,48.8840665],[2.3178587,48.8846512],[2.3168788,48.8856223],[2.3168245,48.8856689],[2.3167618,48.885718],[2.3142599,48.8872991],[2.3141215,48.8873505]]}},
{"type":"Feature","properties":{"ordering":257,"bikenet_hierarchy":"secondary","road_hierarchy":"secondary","length":244.08686409618389,"total_length":240553.2869502253,"total_coverage":83396830.960697979,"total_directness":0.79281223496823894},"geometry":{"type":"LineString","coordinates":[[2.3161046,48.8890963],[2.3157531,48.8887284],[2.3156467,48.8886128],[2.3155646,48.8885179],[2.3149002,48.8878508],[2.3142676,48.8874284],[2.3141215,48.8873505]]}},
{"type":"Feature","properties":{"ordering":258,"bikenet_hierarchy":"secondary","road_hierarchy":"secondary","length":686.26441876510034,"total_length":241239.55136899039,"total_coverage":83396830.960697889,"total_directness":0.79328307655430308},"geometry":{"type":"LineString","coordinates":[[2.3049444,48.8872456],[2.3073806,48.88752],[2.3074847,48.8875336],[2.3092214,48.8877483],[2.3103508,48.8878335],[2.3107953,48.8878454],[2.3108951,48.887845],[2.3110955,48.8878424],[2.3113089,48.8878326],[2.3114015,48.8878281],[2.3123124,48.8877383],[2.3125633,48.8876994],[2.312757,48.8876665],[2.313728,48.8874483],[2.3141215,48.8873505]]}},
{"type":"Feature","properties":{"ordering":259,"bikenet_hierarchy":"primary","road_hierarchy":"primary","length":169.22382957233611,"total_length":241408.77519856274,"total_coverage":83396830.960697636,"total_directness":0.79297442121331796},"geometry":{"type":"LineString","coordinates":[[2.2676367,48.8396621],[2.2694779,48.8388248],[2.2695086,48.8388108],[2.2695351,48.8387987]]}},
{"type":"Feature","properties":{"ordering":260,"bikenet_hierarchy":"primary","road_hierarchy":"primary","length":327.51386539669869,"total_length":241736.28906395944,"total_coverage":83399550.3139247,"total_directness":0.79582775576917841},"geometry":{"type":"LineString","coordinates":[[2.2695351,48.8387987],[2.2698952,48.8385457],[2.2701423,48.8384304],[2.2705807,48.8382312],[2.27065,48.8381854],[2.2707627,48.8381329],[2.2715241,48.8378347],[2.2733014,48.8372591]]}},
{"type":"Feature","properties":{"ordering":261,"bikenet_hierarchy":"secondary","road_hierarchy":"tertiary","length":1391.8953136594419,"total_length":243128.18437761886,"total_coverage":83570402.178595677,"total_directness":0.79548973857942473},"geometry":{"type":"LineString","coordinates":[[2.264134,48.8479827],[2.2666761,48.8497726],[2.2671474,48.8506179],[2.2672014,48.8507148],[2.267311,48.8509147],[2.2674004,48.8510771],[2.2676071,48.8514515],[2.268086,48.8523289],[2.2681401,48.8524277],[2.2681888,48.8525165],[2.2682341,48.8526079],[2.2682629,48.8526528],[2.2684446,48.8529833],[2.2687231,48.8534915],[2.2689467,48.8538994],[2.2689868,48.8539726],[2.2692852,48.8545266],[2.2693711,48.8546787],[2.2694134,48.854729],[2.270173,48.8555065],[2.2702205,48.855554],[2.2703708,48.855649],[2.2715465,48.856377],[2.2717321,48.85649],[2.2718977,48.8565946],[2.2720813,48.8567087],[2.2729596,48.8572506],[2.2730326,48.857301],[2.2731342,48.857357],[2.2735843,48.8576482],[2.2744027,48.8581737]]}},
{"type":"Feature","properties":{"ordering":262,"bikenet_hierarchy":"secondary","road_hierarchy":"quaternary","length":345.64880010751966,"total_length":243473.8331777264,"total_coverage":83570402.178595513,"total_directness":0.79598226953820694},"geometry":{"type":"LineString","coordinates":[[2.264134,48.8479827],[2.2639353,48.8477033],[2.2619793,48.8453151],[2.2619205,48.8452396]]}},
{"type":"Feature","properties":{"ordering":263,"bikenet_hierarchy":"primary","road_hierarchy":"primary","length":613.16833591099635,"total_length":244087.0015136374,"total_coverage":83607732.42979306,"total_directness":0.79563071389843032},"geometry":{"type":"LineString","coordinates":[[2.2715161,48.8403249],[2.2715495,48.8403862],[2.2715936,48.8404251],[2.2758765,48.8450264]]}},
{"type":"Feature","properties":{"ordering":264,"bikenet_hierarchy":"primary","road_hierarchy":"primary","length":226.7194428562031,"total_length":244313.72095649358,"total_coverage":83607732.429793015,"total_directness":0.79639907370120189},"geometry":{"type":"LineString","coordinates":[[2.2695351,48.8387987],[2.2712243,48.8402545],[2.2715161,48.8403249]]}},
{"type":"Feature","properties":{"ordering":265,"bikenet_hierarchy":"primary","road_hierarchy":"secondary","length":57.260787036772562,"total_length":244370.98174353037,"total_coverage":83607732.429793105,"total_directness":0.79600831614892564},"geometry":{"type":"LineString","coordinates":[[2.3184769,48.8915587],[2.3185981,48.891495],[2.3190875,48.8912377]]}},
{"type":"Feature","properties":{"ordering":266,"bikenet_hierarchy":"secondary","road_hierarchy":"secondary","length":640.48010075168054,"total_length":245011.46184428205,"total_coverage":83607732.429792821,"total_directness":0.7970125033682276},"geometry":{"type":"LineString","coordinates":[[2.3274004,48.8930045],[2.3272237,48.8929641],[2.327014,48.8929217],[2.3269437,48.8929062],[2.3249451,48.8924786],[2.3248241,48.8924533],[2.3247008,48.8924269],[2.3237538,48.8922326],[2.323503,48.8921828],[2.3223704,48.8919567],[2.3221009,48.891896],[2.321851,48.8918462],[2.3213784,48.8917442],[2.3212138,48.8917095],[2.3210949,48.8916805],[2.3204958,48.891551],[2.3204321,48.891536],[2.3202794,48.8915021],[2.3201242,48.8914677],[2.319264,48.8912768],[2.3190875,48.8912377]]}},
{"type":"Feature","properties":{"ordering":267,"bikenet_hierarchy":"primary","road_hierarchy":"quaternary","length":264.01287090024829,"total_length":245275.4747151823,"total_coverage":83614842.158593506,"total_directness":0.79653031063151469},"geometry":{"type":"LineString","coordinates":[[2.3397096,48.8388881],[2.3396546,48.8388062],[2.3395875,48.8387062],[2.3393438,48.838342],[2.3391028,48.8380121],[2.3390214,48.8379003],[2.3389001,48.8377141],[2.3388552,48.8376457],[2.3386966,48.8373864],[2.3383129,48.8367799],[2.3382689,48.8367133]]}},
{"type":"Feature","properties":{"ordering":268,"bikenet_hierarchy":"secondary","road_hierarchy":"quaternary","length":253.04364840393274,"total_length":245528.51836358622,"total_coverage":83614842.15859364,"total_directness":0.80288254760203259},"geometry":{"type":"LineString","coordinates":[[2.3382689,48.8367133],[2.3377393,48.8358753],[2.3377089,48.8358209],[2.3370693,48.8347633],[2.3370374,48.8347155],[2.336965,48.834607]]}},
{"type":"Feature","properties":{"ordering":269,"bikenet_hierarchy":"secondary","road_hierarchy":"secondary","length":153.90981698368162,"total_length":245682.4281805699,"total_coverage":83645158.435841262,"total_directness":0.80278200692023782},"geometry":{"type":"LineString","coordinates":[[2.336172,48.8333259],[2.3362258,48.8334095],[2.336377,48.8336512],[2.33659,48.8340029],[2.336669,48.8341408],[2.3369156,48.834535],[2.336965,48.834607]]}},
{"type":"Feature","properties":{"ordering":270,"bikenet_hierarchy":"primary","road_hierarchy":"primary","length":405.891536992206,"total_length":246088.31971756212,"total_coverage":83652563.253572091,"total_directness":0.80591516822113107},"geometry":{"type":"LineString","coordinates":[[2.336172,48.8333259],[2.3412729,48.8319178]]}},
{"type":"Feature","properties":{"ordering":271,"bikenet_hierarchy":"primary","road_hierarchy":"primary","length":293.1020292434817,"total_length":246381.4217468056,"total_coverage":83655196.392643079,"total_directness":0.80609300405228079},"geometry":{"type":"LineString","coordinates":[[2.3326202,48.8345298],[2.336172,48.8333259]]}},
{"type":"Feature","properties":{"ordering":272,"bikenet_hierarchy":"secondary","road_hierarchy":"quaternary","length":670.0881515636521,"total_length":247051.50989836926,"total_coverage":84058162.727534682,"total_directness":0.80595031804306494},"geometry":{"type":"LineString","coordinates":[[2.336172,48.8333259],[2.3359255,48.8329348],[2.3353577,48.8320689],[2.3351811,48.8317885],[2.3350241,48.8315428],[2.3348347,48.8312674],[2.3346502,48.8309959],[2.3344955,48.8307601],[2.3344319,48.830663],[2.3342175,48.8303403],[2.3338836,48.8297529],[2.3337774,48.8296785],[2.3332645,48.8289491],[2.3331543,48.8288295],[2.3328792,48.8284438],[2.3325321,48.8278109]]}},
{"type":"Feature","properties":{"ordering":273,"bikenet_hierarchy":"secondary","road_hierarchy":"quaternary","length":118.26065791625763,"total_length":247169.77055628551,"total_coverage":84070529.084347799,"total_directness":0.80579740255802146},"geometry":{"type":"LineString","coordinates":[[2.3320606,48.826794],[2.3325321,48.8278109]]}},
{"type":"Feature","properties":{"ordering":274,"bikenet_hierarchy":"secondary","road_hierarchy":"quaternary","length":521.88589973330079,"total_length":247691.6564560188,"total_coverage":84072725.336313561,"total_directness":0.80942198225104833},"geometry":{"type":"LineString","coordinates":[[2.3303979,48.8222335],[2.3304315,48.8223154],[2.3304658,48.8223988],[2.3307267,48.8230956],[2.3308838,48.8235327],[2.3309091,48.8236428],[2.3309215,48.8236975],[2.3310007,48.8240001],[2.3310097,48.8240245],[2.3311309,48.8243716],[2.3311495,48.8244291],[2.3312462,48.8246859],[2.331264,48.8247495],[2.3312878,48.8248143],[2.3314751,48.8253432],[2.3315847,48.8256532],[2.3316641,48.8258735],[2.3316904,48.8259438],[2.3317236,48.8260274],[2.3318364,48.8262836],[2.3320606,48.826794]]}},
{"type":"Feature","properties":{"ordering":275,"bikenet_hierarchy":"primary","road_hierarchy":"primary","length":158.94754318109483,"total_length":247850.6039991999,"total_coverage":84090696.378701195,"total_directness":0.80922628887673709},"geometry":{"type":"LineString","coordinates":[[2.3315679,48.8332806],[2.3316202,48.8333423],[2.3326202,48.8345298]]}},
{"type":"Feature","properties":{"ordering":276,"bikenet_hierarchy":"secondary","road_hierarchy":"secondary","length":418.33734211389435,"total_length":248268.9413413138,"total_coverage":84260710.440351531,"total_directness":0.8089122042300837},"geometry":{"type":"LineString","coordinates":[[2.3268388,48.8278722],[2.3272128,48.8278351],[2.3287672,48.8278249],[2.3289891,48.8278242],[2.329137,48.8278237],[2.3295631,48.8278229],[2.3299332,48.8278225],[2.3301792,48.8278217],[2.3303239,48.8278209],[2.3304569,48.8278211],[2.3323288,48.8278167],[2.3325321,48.8278109]]}},
{"type":"Feature","properties":{"ordering":277,"bikenet_hierarchy":"primary","road_hierarchy":"primary","length":547.56717674402512,"total_length":248816.50851805782,"total_coverage":84261165.148858786,"total_directness":0.80900629542860825},"geometry":{"type":"LineString","coordinates":[[2.3255843,48.823027],[2.3255848,48.8234486],[2.3256776,48.8238483],[2.3256899,48.8238967],[2.3257108,48.8239781],[2.3257459,48.8241147],[2.3258275,48.8244328],[2.3258621,48.8245729],[2.3259044,48.8247504],[2.3259428,48.8249008],[2.326118,48.8255839],[2.3261531,48.8257183],[2.3264231,48.8267054],[2.3264581,48.8268089],[2.3264964,48.8269198],[2.3267104,48.8275552],[2.3268388,48.8278722]]}},
{"type":"Feature","properties":{"ordering":278,"bikenet_hierarchy":"primary","road_hierarchy":"primary","length":694.69525969131769,"total_length":249511.20377774915,"total_coverage":84290351.660964906,"total_directness":0.80919413156304054},"geometry":{"type":"LineString","coordinates":[[2.3268388,48.8278722],[2.3270939,48.8281011],[2.3277034,48.8287805],[2.3277897,48.8288803],[2.3278244,48.8289204],[2.3280427,48.8291683],[2.3283764,48.8295583],[2.3284044,48.8295906],[2.3285361,48.829743],[2.3288176,48.8300689],[2.3289559,48.8302272],[2.3293161,48.8306419],[2.3293867,48.8307231],[2.3294579,48.8308049],[2.3297339,48.8311226],[2.3298011,48.8311999],[2.3299898,48.831416],[2.3303344,48.8318143],[2.3306008,48.8321141],[2.330682,48.8322136],[2.3307265,48.8322667],[2.3308801,48.832443],[2.3314562,48.8331363],[2.3315679,48.8332806]]}},
{"type":"Feature","properties":{"ordering":279,"bikenet_hierarchy":"primary","road_hierarchy":"primary","length":331.74721434286147,"total_length":249842.950992092,"total_coverage":84355644.928929329,"total_directness":0.80869198889826199},"geometry":{"type":"LineString","coordinates":[[2.3367591,48.8396872],[2.3367568,48.8398221],[2.3368114,48.8400684],[2.3369429,48.8403244],[2.3369992,48.8404065],[2.3370757,48.8405261],[2.3371838,48.8406894],[2.3373138,48.8409292],[2.337536,48.8413071],[2.3377545,48.8416774],[2.3377951,48.8417443],[2.3378291,48.8418005],[2.3381451,48.8424007],[2.3381994,48.8425]]}},
{"type":"Feature","properties":{"ordering":280,"bikenet_hierarchy":"secondary","road_hierarchy":"secondary","length":470.25416677832715,"total_length":250313.20515887032,"total_coverage":84651072.826101214,"total_directness":0.80818038029479433},"geometry":{"type":"LineString","coordinates":[[2.329285,48.8595512],[2.3292364,48.8594876],[2.3287489,48.8588006],[2.3287186,48.858758],[2.3283712,48.8582746],[2.3283161,48.8581935],[2.3280134,48.8577654],[2.3279733,48.857709],[2.3275542,48.8570524],[2.3268459,48.8566066],[2.3258444,48.8560961]]}},
{"type":"Feature","properties":{"ordering":281,"bikenet_hierarchy":"primary","road_hierarchy":"quaternary","length":353.39887732333341,"total_length":250666.60403619366,"total_coverage":84726813.241126433,"total_directness":0.80766207481234498},"geometry":{"type":"LineString","coordinates":[[2.3272268,48.8836164],[2.3271703,48.8832321],[2.327085,48.881351],[2.3270821,48.8812695],[2.3270669,48.880903],[2.327062,48.880807],[2.3270443,48.8805367],[2.3270422,48.8804415]]}},
{"type":"Feature","properties":{"ordering":282,"bikenet_hierarchy":"primary","road_hierarchy":"primary","length":113.09551311445512,"total_length":250779.6995493081,"total_coverage":84728223.563479483,"total_directness":0.80713954577332381},"geometry":{"type":"LineString","coordinates":[[2.3367591,48.8396872],[2.3367426,48.8396064],[2.3367149,48.8394788],[2.3366624,48.8392582],[2.3365912,48.8386768]]}},
{"type":"Feature","properties":{"ordering":283,"bikenet_hierarchy":"primary","road_hierarchy":"primary","length":545.72675795278735,"total_length":251325.4263072609,"total_coverage":84731133.387871221,"total_directness":0.80888338671579174},"geometry":{"type":"LineString","coordinates":[[2.3365912,48.8386768],[2.3363273,48.8383916],[2.3356713,48.8377298],[2.3356024,48.8376632],[2.3355257,48.8375864],[2.3353905,48.8374509],[2.33478,48.8368396],[2.3342675,48.8363127],[2.334032,48.8360677],[2.333139,48.8351012],[2.3330713,48.8350099],[2.3327936,48.8346955],[2.3326202,48.8345298]]}},
{"type":"Feature","properties":{"ordering":284,"bikenet_hierarchy":"secondary","road_hierarchy":"quaternary","length":72.128816747816941,"total_length":251397.55512400871,"total_coverage":84740792.339100346,"total_directness":0.80835075001699375},"geometry":{"type":"LineString","coordinates":[[2.3240066,48.8372329],[2.3239245,48.837185],[2.3235206,48.8369706],[2.3233979,48.8369051],[2.3232462,48.8368222]]}},
{"type":"Feature","properties":{"ordering":285,"bikenet_hierarchy":"secondary","road_hierarchy":"primary","length":1029.803075469403,"total_length":252427.35819947813,"total_coverage":84869444.825060919,"total_directness":0.80844230190529354},"geometry":{"type":"LineString","coordinates":[[2.3268388,48.8278722],[2.326761,48.8281677],[2.3264017,48.829042],[2.326313,48.829255],[2.326127,48.8297152],[2.3259736,48.8300822],[2.3258997,48.8302624],[2.3258624,48.8303533],[2.3258011,48.8305028],[2.3254047,48.8314632],[2.3253155,48.8316518],[2.3252469,48.8318296],[2.3250789,48.8322351],[2.3250068,48.8324586],[2.3249093,48.8326864],[2.3248584,48.8328218],[2.3247449,48.8330957],[2.3247108,48.833181],[2.3246147,48.8334165],[2.3244723,48.833765],[2.3243448,48.8340841],[2.3241832,48.8344911],[2.3240049,48.834929],[2.3239317,48.8351053],[2.3238012,48.8354195],[2.3237679,48.8354988],[2.3237337,48.8355845],[2.3235883,48.8359588],[2.3234901,48.8362216],[2.3232782,48.8367428],[2.3232462,48.8368222]]}},
{"type":"Feature","properties":{"ordering":286,"bikenet_hierarchy":"secondary","road_hierarchy":"primary","length":81.832101168480094,"total_length":252509.19030064659,"total_coverage":84869444.825060904,"total_directness":0.80847004899241559},"geometry":{"type":"LineString","coordinates":[[2.3232462,48.8368222],[2.3230033,48.8373985],[2.3229328,48.8375281]]}},
{"type":"Feature","properties":{"ordering":287,"bikenet_hierarchy":"secondary","road_hierarchy":"tertiary","length":137.83862852175841,"total_length":252647.02892916836,"total_coverage":84869445.225657567,"total_directness":0.80794607762850956},"geometry":{"type":"LineString","coordinates":[[2.3218458,48.8359965],[2.3219513,48.8360599],[2.3221818,48.8361984],[2.3230687,48.8367208],[2.3232462,48.8368222]]}},
{"type":"Feature","properties":{"ordering":288,"bikenet_hierarchy":"secondary","road_hierarchy":"secondary","length":458.90964408551849,"total_length":253105.93857325386,"total_coverage":84938193.20164986,"total_directness":0.8074258076378138},"geometry":{"type":"LineString","coordinates":[[2.3386333,48.8269153],[2.3384489,48.8269427],[2.3382167,48.826977],[2.33671,48.8272003],[2.3355134,48.8273727],[2.3352,48.8274178],[2.3351116,48.8274313],[2.3349672,48.8274532],[2.3347291,48.8274892],[2.3326864,48.8277935],[2.3325321,48.8278109]]}},
{"type":"Feature","properties":{"ordering":289,"bikenet_hierarchy":"secondary","road_hierarchy":"secondary","length":495.12557213598376,"total_length":253601.06414538986,"total_coverage":84938193.201649755,"total_directness":0.80795729977395592},"geometry":{"type":"LineString","coordinates":[[2.3386333,48.8269153],[2.3387642,48.826896],[2.3394824,48.8267905],[2.3414326,48.8265024],[2.3415849,48.8264727],[2.3419078,48.8264044],[2.3421815,48.8263814],[2.3439411,48.8261296],[2.3440471,48.8261143],[2.3441533,48.8260992],[2.3451002,48.8259516],[2.3452101,48.8259416]]}},
{"type":"Feature","properties":{"ordering":290,"bikenet_hierarchy":"secondary","road_hierarchy":"secondary","length":630.97017676940857,"total_length":254232.03432215928,"total_coverage":85067937.867397726,"total_directness":0.80746098918974341},"geometry":{"type":"LineString","coordinates":[[2.3268388,48.8278722],[2.3265091,48.8279192],[2.3264231,48.8279519],[2.3242922,48.82872],[2.3241994,48.8287522],[2.3227353,48.8292688],[2.322569,48.8293291],[2.3211682,48.829835],[2.3204813,48.8300848],[2.3203081,48.8301463],[2.3200615,48.8302368],[2.3196756,48.8303799],[2.3195303,48.8304332],[2.319263,48.8305326]]}},
{"type":"Feature","properties":{"ordering":291,"bikenet_hierarchy":"secondary","road_hierarchy":"tertiary","length":702.80077253978868,"total_length":254934.83509469905,"total_coverage":85067938.255248562,"total_directness":0.80767565899161553},"geometry":{"type":"LineString","coordinates":[[2.3125631,48.8260188],[2.3128124,48.826192],[2.3128474,48.8262144],[2.3130444,48.8263443],[2.3135616,48.826696],[2.3138134,48.8268672],[2.314035,48.8270147],[2.3140797,48.8270444],[2.3143215,48.8272053],[2.3144229,48.8272732],[2.3146971,48.8274585],[2.3148219,48.8275428],[2.3148784,48.8275809],[2.3150165,48.8276742],[2.3152029,48.8278033],[2.3154935,48.8279964],[2.315562,48.8280426],[2.3156286,48.8280875],[2.315721,48.8281501],[2.3159274,48.8282895],[2.3160628,48.8283807],[2.3161767,48.8284577],[2.3162904,48.8285352],[2.3163735,48.8285906],[2.3166149,48.8287536],[2.3167062,48.8288149],[2.3172393,48.8291752],[2.3173866,48.8292747],[2.3179081,48.8296269],[2.3180492,48.829722],[2.3191755,48.8304744],[2.319263,48.8305326]]}},
{"type":"Feature","properties":{"ordering":292,"bikenet_hierarchy":"secondary","road_hierarchy":"secondary","length":619.19229107544641,"total_length":255554.02738577451,"total_coverage":85067938.255248502,"total_directness":0.80778819220477927},"geometry":{"type":"LineString","coordinates":[[2.3115462,48.8327363],[2.311668,48.8326891],[2.3127872,48.8322571],[2.3128614,48.8322287],[2.3129457,48.832197],[2.3130854,48.8321446],[2.3135538,48.8319688],[2.3140387,48.831843],[2.3141451,48.8318162],[2.3143238,48.8317753],[2.3151988,48.8315861],[2.3153589,48.8315526],[2.3156255,48.8314908],[2.3160437,48.831394],[2.3171503,48.8311355],[2.3174929,48.8310473],[2.3189281,48.8306353],[2.3191282,48.830574],[2.319263,48.8305326]]}},
{"type":"Feature","properties":{"ordering":293,"bikenet_hierarchy":"secondary","road_hierarchy":"quaternary","length":648.98972053683087,"total_length":256203.01710631134,"total_coverage":85067938.255248517,"total_directness":0.80786119121574618},"geometry":{"type":"LineString","coordinates":[[2.3218458,48.8359965],[2.3218186,48.8351692],[2.3217778,48.8345196],[2.3217889,48.8343836],[2.3217784,48.8342491],[2.3217086,48.8339691],[2.3216224,48.8338641],[2.3215669,48.8337933],[2.3208964,48.8329865],[2.3206072,48.8325253],[2.3205525,48.8324437],[2.3204382,48.8322792],[2.320375,48.8321802],[2.3201725,48.8318526],[2.3201293,48.8317685],[2.320077,48.8316853],[2.3200412,48.8316272],[2.3198832,48.8314079],[2.3198354,48.8313378],[2.3194202,48.8306837],[2.319263,48.8305326]]}},
{"type":"Feature","properties":{"ordering":294,"bikenet_hierarchy":"secondary","road_hierarchy":"quaternary","length":309.28619867374056,"total_length":256512.30330498508,"total_coverage":85067938.255248517,"total_directness":0.80733123967331666},"geometry":{"type":"LineString","coordinates":[[2.3470718,48.8330011],[2.3472369,48.8333532],[2.3475346,48.8339883],[2.3475538,48.8340294],[2.3479902,48.8349592],[2.3482081,48.8354212],[2.3482584,48.8355271],[2.3483188,48.8356578]]}},
{"type":"Feature","properties":{"ordering":295,"bikenet_hierarchy":"secondary","road_hierarchy":"quaternary","length":276.46160942407209,"total_length":256788.76491440914,"total_coverage":85067938.255248621,"total_directness":0.80760980262484172},"geometry":{"type":"LineString","coordinates":[[2.3470718,48.8330011],[2.3463372,48.8314639],[2.3461285,48.8310274],[2.345988,48.8307316],[2.345941,48.8306297]]}},
{"type":"Feature","properties":{"ordering":296,"bikenet_hierarchy":"secondary","road_hierarchy":"tertiary","length":414.15912771153262,"total_length":257202.92404212069,"total_coverage":85073626.616209164,"total_directness":0.80708218909199658},"geometry":{"type":"LineString","coordinates":[[2.3341693,48.866312],[2.3342193,48.8661965],[2.3346957,48.8650799],[2.3347533,48.8649497],[2.3348502,48.8647317],[2.3348951,48.8646265],[2.3349652,48.8644608],[2.3350148,48.864344],[2.3351461,48.8640417],[2.3353779,48.8635093],[2.3355165,48.862704]]}},
{"type":"Feature","properties":{"ordering":297,"bikenet_hierarchy":"secondary","road_hierarchy":"secondary","length":321.6408858208182,"total_length":257524.56492794151,"total_coverage":85073626.616208941,"total_directness":0.80720243717168561},"geometry":{"type":"LineString","coordinates":[[2.3320454,48.8638185],[2.3320785,48.8638745],[2.3322871,48.8640136],[2.3326606,48.8645193],[2.3326949,48.8645633],[2.3327383,48.864618],[2.3330452,48.8650325],[2.3335071,48.8656526],[2.3335858,48.8657588],[2.3338206,48.8660684],[2.3339845,48.8662451],[2.3341693,48.866312]]}},
{"type":"Feature","properties":{"ordering":298,"bikenet_hierarchy":"primary","road_hierarchy":"primary","length":158.69314988365875,"total_length":257683.25807782516,"total_coverage":85073626.616209075,"total_directness":0.80666307186839037},"geometry":{"type":"LineString","coordinates":[[2.3341638,48.8709692],[2.3339982,48.8709399],[2.3327897,48.8707208],[2.3325479,48.8706941],[2.3320659,48.8706246]]}},
{"type":"Feature","properties":{"ordering":299,"bikenet_hierarchy":"primary","road_hierarchy":"primary","length":523.07702231158214,"total_length":258206.33510013673,"total_coverage":85073626.616209149,"total_directness":0.81488868338377951},"geometry":{"type":"LineString","coordinates":[[2.325189,48.8693969],[2.3252945,48.8694174],[2.3258699,48.8695736],[2.3264385,48.8696689],[2.326647,48.869703],[2.327658,48.8698739],[2.3279903,48.8699258],[2.3282322,48.8699589],[2.3290503,48.8700956],[2.3297848,48.8702203],[2.3300447,48.8702725],[2.3302957,48.8703198],[2.3318339,48.8705865],[2.3320659,48.8706246]]}},
{"type":"Feature","properties":{"ordering":300,"bikenet_hierarchy":"secondary","road_hierarchy":"secondary","length":504.51224457407682,"total_length":258710.84734471081,"total_coverage":85073626.61620906,"total_directness":0.82003925792064047},"geometry":{"type":"LineString","coordinates":[[2.3341693,48.866312],[2.3341297,48.866404],[2.3340942,48.8664866],[2.3340417,48.8666086],[2.3339876,48.8667345],[2.3338158,48.8671305],[2.3337715,48.8672304],[2.3336619,48.8675112],[2.3335525,48.8677459],[2.3328635,48.8693521],[2.3320659,48.8706246]]}},
{"type":"Feature","properties":{"ordering":301,"bikenet_hierarchy":"secondary","road_hierarchy":"secondary","length":621.26137631116228,"total_length":259332.10872102197,"total_coverage":85073626.616209149,"total_directness":0.82021597699060866},"geometry":{"type":"LineString","coordinates":[[2.3400936,48.8688999],[2.3399339,48.8689297],[2.339659,48.868981],[2.3394481,48.8690204],[2.3393116,48.869046],[2.3388092,48.8691398],[2.3386843,48.8691631],[2.3385912,48.8691808],[2.3378741,48.8693172],[2.3374423,48.8693993],[2.3368818,48.8695059],[2.3367803,48.8695252],[2.3360707,48.8696558],[2.335967,48.8696749],[2.33582,48.869702],[2.3348962,48.8698718],[2.3348127,48.8698874],[2.3342155,48.8699973],[2.3340731,48.8700235],[2.3339656,48.8700436],[2.3338759,48.8700598],[2.3337033,48.8700916],[2.3335998,48.8701099],[2.3320659,48.8706246]]}},
{"type":"Feature","properties":{"ordering":302,"bikenet_hierarchy":"primary","road_hierarchy":"secondary","length":156.50695783219933,"total_length":259488.61567885417,"total_coverage":85088901.795820937,"total_directness":0.81979360356831021},"geometry":{"type":"LineString","coordinates":[[2.3269246,48.8741823],[2.3269056,48.8742582],[2.3267713,48.8748291],[2.326646,48.875299],[2.3265939,48.8755725]]}},
{"type":"Feature","properties":{"ordering":303,"bikenet_hierarchy":"secondary","road_hierarchy":"secondary","length":389.04964323232355,"total_length":259877.66532208651,"total_coverage":85098893.330512658,"total_directness":0.81935149633393112},"geometry":{"type":"LineString","coordinates":[[2.3317833,48.8764552],[2.3307378,48.8766179],[2.3295645,48.8770023],[2.327177,48.8777794],[2.3269497,48.8778593]]}},
{"type":"Feature","properties":{"ordering":304,"bikenet_hierarchy":"primary","road_hierarchy":"quaternary","length":287.22834430390185,"total_length":260164.89366639042,"total_coverage":85099175.176504001,"total_directness":0.82163972620035952},"geometry":{"type":"LineString","coordinates":[[2.3270422,48.8804415],[2.327022,48.8798283],[2.3270201,48.8796544],[2.3270187,48.8795707],[2.326984,48.8787895],[2.326981,48.8787234],[2.3269546,48.8779961],[2.3269497,48.8778593]]}},
{"type":"Feature","properties":{"ordering":305,"bikenet_hierarchy":"primary","road_hierarchy":"quaternary","length":260.0537964658875,"total_length":260424.9474628563,"total_coverage":85099846.60143064,"total_directness":0.82219077003203112},"geometry":{"type":"LineString","coordinates":[[2.3265939,48.8755725],[2.3267263,48.8756559],[2.3267672,48.8756971],[2.326879,48.8761678],[2.3269162,48.87711],[2.3269186,48.8771636],[2.3269423,48.8777006],[2.3269464,48.8777905],[2.3269497,48.8778593]]}},
{"type":"Feature","properties":{"ordering":306,"bikenet_hierarchy":"secondary","road_hierarchy":"secondary","length":415.96420858406981,"total_length":260840.91167144035,"total_coverage":85162210.645094186,"total_directness":0.82187497044975455},"geometry":{"type":"LineString","coordinates":[[2.3269497,48.8778593],[2.32679,48.8779103],[2.3263088,48.8780634],[2.3237393,48.878905],[2.3235604,48.8789733],[2.3230263,48.8791224],[2.3220188,48.8794369],[2.3218476,48.8794904]]}},
{"type":"Feature","properties":{"ordering":307,"bikenet_hierarchy":"secondary","road_hierarchy":"secondary","length":454.18983346701134,"total_length":261295.10150490736,"total_coverage":85170393.82147339,"total_directness":0.82496575826111651},"geometry":{"type":"LineString","coordinates":[[2.316377,48.8813903],[2.3167937,48.8811727],[2.3169325,48.8811265],[2.3170091,48.8811011],[2.3175733,48.8809132],[2.3183579,48.880651],[2.3190616,48.8804178],[2.3191845,48.8803774],[2.3193576,48.8803215],[2.319906,48.8801368],[2.3204307,48.8799621],[2.3206912,48.8798796],[2.3209531,48.8797882],[2.3215757,48.8795809],[2.3218476,48.8794904]]}},
{"type":"Feature","properties":{"ordering":308,"bikenet_hierarchy":"secondary","road_hierarchy":"secondary","length":321.41532520603789,"total_length":261616.5168301134,"total_coverage":85170394.301660523,"total_directness":0.82588260991637685},"geometry":{"type":"LineString","coordinates":[[2.3218476,48.8794904],[2.3217657,48.8796459],[2.3215751,48.8800082],[2.3213323,48.880461],[2.3210639,48.8809591],[2.3205888,48.8818397],[2.3204994,48.8819839],[2.3204121,48.8821103],[2.3203489,48.8822056]]}},
{"type":"Feature","properties":{"ordering":309,"bikenet_hierarchy":"primary","road_hierarchy":"primary","length":430.36826674614917,"total_length":262046.88509685957,"total_coverage":85380141.687213272,"total_directness":0.82552069571089992},"geometry":{"type":"LineString","coordinates":[[2.3200389,48.8746485],[2.3202189,48.874666],[2.3204968,48.8746509],[2.3226194,48.874365],[2.3227384,48.8743505],[2.3228374,48.8743364],[2.3237808,48.8742065],[2.3239231,48.8741867],[2.324027,48.8741721],[2.324496,48.8741068],[2.324604,48.8740924],[2.3247085,48.8740772],[2.3256627,48.8739445],[2.3257905,48.8739267]]}},
{"type":"Feature","properties":{"ordering":310,"bikenet_hierarchy":"primary","road_hierarchy":"primary","length":882.36295538388049,"total_length":262929.24805224343,"total_coverage":85465073.981306985,"total_directness":0.82598171964608946},"geometry":{"type":"LineString","coordinates":[[2.31254,48.8808513],[2.3127336,48.8807044],[2.3129576,48.8805238],[2.3134691,48.8801024],[2.3135966,48.8799975],[2.313955,48.8797029],[2.3141418,48.8795501],[2.3142755,48.8794399],[2.3144089,48.8793344],[2.3148101,48.8790076],[2.3153028,48.8786004],[2.3153888,48.8785263],[2.3156537,48.8783098],[2.315761,48.8782228],[2.3161135,48.8779396],[2.3163068,48.8777862],[2.3164914,48.8776315],[2.3175564,48.8767518],[2.3176896,48.8766419],[2.317836,48.8765249],[2.3187959,48.8757395],[2.3189069,48.8756483],[2.3191555,48.8754473],[2.3193118,48.8753152],[2.3200389,48.8746485]]}},
{"type":"Feature","properties":{"ordering":311,"bikenet_hierarchy":"primary","road_hierarchy":"primary","length":574.38264381687156,"total_length":263503.63069606031,"total_coverage":85479773.929764882,"total_directness":0.82648310642549716},"geometry":{"type":"LineString","coordinates":[[2.3233484,48.8699684],[2.3232566,48.8701014],[2.3230265,48.8704319],[2.3228927,48.8706215],[2.3228292,48.8707142],[2.3226649,48.8709396],[2.3224943,48.871151],[2.3221656,48.8716134],[2.3220943,48.871718],[2.3217869,48.8721437],[2.3217242,48.8722336],[2.3216166,48.8723874],[2.3215143,48.8725274],[2.3209779,48.8732912],[2.3208954,48.8734005],[2.3208299,48.8735071],[2.3206392,48.8738005],[2.3205681,48.8738852],[2.3201058,48.8745518],[2.3200389,48.8746485]]}},
{"type":"Feature","properties":{"ordering":312,"bikenet_hierarchy":"primary","road_hierarchy":"primary","length":320.02851060656474,"total_length":263823.65920666687,"total_coverage":85577201.365026087,"total_directness":0.82621890303878442},"geometry":{"type":"LineString","coordinates":[[2.3200389,48.8746485],[2.3192528,48.8747999],[2.3184838,48.8749058],[2.3183747,48.8749217],[2.3166101,48.8751458],[2.3163469,48.8751913],[2.3159253,48.8752744],[2.3157936,48.8753008]]}},
{"type":"Feature","properties":{"ordering":313,"bikenet_hierarchy":"primary","road_hierarchy":"quaternary","length":50.284876403624708,"total_length":263873.9440830705,"total_coverage":85577201.365026146,"total_directness":0.82585496069263165},"geometry":{"type":"LineString","coordinates":[[2.3253406,48.8689559],[2.325189,48.8693969]]}},
{"type":"Feature","properties":{"ordering":314,"bikenet_hierarchy":"primary","road_hierarchy":"quaternary","length":125.94259264089045,"total_length":263999.88667571137,"total_coverage":85577201.365026131,"total_directness":0.83288283963001408},"geometry":{"type":"LineString","coordinates":[[2.3253406,48.8689559],[2.325259,48.8689146],[2.3246249,48.8680035],[2.3245898,48.8679458]]}},
{"type":"Feature","properties":{"ordering":315,"bikenet_hierarchy":"primary","road_hierarchy":"primary","length":169.84458061173601,"total_length":264169.73125632311,"total_coverage":85577201.365026101,"total_directness":0.83267062692567906},"geometry":{"type":"LineString","coordinates":[[2.3252387,48.8707509],[2.3254358,48.8706983],[2.3255925,48.8706339],[2.325189,48.8693969]]}},
{"type":"Feature","properties":{"ordering":316,"bikenet_hierarchy":"primary","road_hierarchy":"secondary","length":361.50445303167317,"total_length":264531.23570935481,"total_coverage":85577201.365026012,"total_directness":0.83428944209260814},"geometry":{"type":"LineString","coordinates":[[2.3271295,48.8737473],[2.3268759,48.8733947],[2.3267505,48.8732178],[2.3266763,48.8731014],[2.326473,48.8728058],[2.3259804,48.872139],[2.3259287,48.8720758],[2.3252387,48.8707509]]}},
{"type":"Feature","properties":{"ordering":317,"bikenet_hierarchy":"secondary","road_hierarchy":"tertiary","length":712.41784435246836,"total_length":265243.65355370729,"total_coverage":85681528.307197437,"total_directness":0.83384916587301816},"geometry":{"type":"LineString","coordinates":[[2.3107374,48.8728365],[2.3109059,48.8728874],[2.3115136,48.8730772],[2.3143358,48.873658],[2.3145271,48.8736923],[2.3146354,48.8737118],[2.3148933,48.8737536],[2.3157944,48.8739015],[2.3160024,48.8739376],[2.3174069,48.8741805],[2.3175277,48.8741994],[2.3176112,48.8742138],[2.3186082,48.8743845],[2.3187204,48.8744039],[2.3192071,48.874488],[2.3194385,48.874528],[2.3195571,48.8745485],[2.3198772,48.8746147],[2.3200389,48.8746485]]}},
{"type":"Feature","properties":{"ordering":318,"bikenet_hierarchy":"secondary","road_hierarchy":"tertiary","length":475.89135293861506,"total_length":265719.5449066459,"total_coverage":85687748.762745485,"total_directness":0.83605419919742407},"geometry":{"type":"LineString","coordinates":[[2.3107374,48.8728365],[2.310169,48.8726308],[2.3100745,48.872596],[2.3098783,48.8725016],[2.3096408,48.8723985],[2.3091177,48.8721782],[2.3073942,48.8714491],[2.3072245,48.8713769],[2.3056605,48.8707157],[2.3055276,48.8706496],[2.3052862,48.8705216]]}},
{"type":"Feature","properties":{"ordering":319,"bikenet_hierarchy":"secondary","road_hierarchy":"tertiary","length":1160.3711911162281,"total_length":266879.91609776212,"total_coverage":85687748.76274541,"total_directness":0.83620588926144757},"geometry":{"type":"LineString","coordinates":[[2.3107374,48.8728365],[2.3109066,48.8727789],[2.3122448,48.8723184],[2.3125564,48.8722245],[2.3127813,48.8721564],[2.313062,48.8720793],[2.3140577,48.8717992],[2.3141902,48.8717654],[2.3142904,48.8717342],[2.3153915,48.8714298],[2.3157095,48.8713388],[2.3160445,48.8712256],[2.3161218,48.8711995],[2.3162915,48.8711168],[2.3174674,48.8704592],[2.3176551,48.8703495],[2.3177214,48.8703134],[2.3184181,48.8699336],[2.319034,48.8696233],[2.3199307,48.869305],[2.3200441,48.8692678],[2.3204101,48.8691491],[2.3217621,48.8688027],[2.3219081,48.8687766],[2.3245898,48.8679458]]}},
{"type":"Feature","properties":{"ordering":320,"bikenet_hierarchy":"secondary","road_hierarchy":"tertiary","length":414.55142414134724,"total_length":267294.46752190345,"total_coverage":85723710.672823593,"total_directness":0.83609022922859488},"geometry":{"type":"LineString","coordinates":[[2.305963,48.8748165],[2.3060408,48.874761],[2.3073281,48.8742394],[2.3074361,48.8742061],[2.3075276,48.8741757],[2.3084496,48.8738273],[2.3085548,48.8737798],[2.309147,48.8734934],[2.3098205,48.873192],[2.3100236,48.8730914],[2.3101758,48.8730274],[2.3104895,48.8729207],[2.3105486,48.8729006],[2.3107374,48.8728365]]}},
{"type":"Feature","properties":{"ordering":321,"bikenet_hierarchy":"secondary","road_hierarchy":"tertiary","length":668.6687361669857,"total_length":267963.13625807047,"total_coverage":85723710.672823429,"total_directness":0.83671980354113329},"geometry":{"type":"LineString","coordinates":[[2.305963,48.8748165],[2.3053004,48.8750035],[2.30523,48.875027],[2.304969,48.8751378],[2.3046492,48.8752754],[2.3043232,48.8754107],[2.3038171,48.8756268],[2.3037661,48.8756487],[2.3033393,48.8758321],[2.3031535,48.8759119],[2.3018765,48.8764719],[2.3017005,48.876553],[2.301519,48.8766278],[2.3014661,48.8766514],[2.3004761,48.8770803],[2.3003255,48.8771461],[2.3002347,48.8771797],[2.3001041,48.8772263],[2.2992885,48.8774743],[2.298469,48.8776905],[2.2980745,48.8777857]]}},
{"type":"Feature","properties":{"ordering":322,"bikenet_hierarchy":"primary","road_hierarchy":"primary","length":724.74473854292228,"total_length":268687.88099661336,"total_coverage":85723710.672823593,"total_directness":0.83689829815180938},"geometry":{"type":"LineString","coordinates":[[2.305963,48.8748165],[2.3062745,48.8748719],[2.3065696,48.8749503],[2.30824,48.8750024],[2.3084234,48.8750095],[2.3086667,48.8750189],[2.3090032,48.8750318],[2.3091801,48.8750387],[2.3093811,48.8750464],[2.3098454,48.8750579],[2.3101202,48.8750688],[2.3119349,48.8751409],[2.3126946,48.875173],[2.3128296,48.8751798],[2.3140106,48.8752239],[2.3143628,48.8752402],[2.3148059,48.8752583],[2.3155357,48.8752957],[2.3156846,48.8752998],[2.3157936,48.8753008]]}},
{"type":"Feature","properties":{"ordering":323,"bikenet_hierarchy":"primary","road_hierarchy":"primary","length":816.99587039959169,"total_length":269504.87686701294,"total_coverage":85723710.672823548,"total_directness":0.83713671125551592},"geometry":{"type":"LineString","coordinates":[[2.305963,48.8748165],[2.305452,48.874777],[2.3052059,48.8747806],[2.3050074,48.8747909],[2.3046341,48.8748072],[2.3034439,48.8746664],[2.3032714,48.8746462],[2.3030794,48.8746251],[2.302779,48.8745865],[2.3021932,48.8745231],[2.3016684,48.8744652],[2.3014519,48.8744387],[2.3013676,48.8744301],[2.3010558,48.8743984],[2.3008107,48.8743691],[2.299561,48.8742297],[2.2995154,48.874225],[2.2990109,48.874171],[2.2983294,48.8740954],[2.2981687,48.8740764],[2.2974259,48.8739918],[2.2949802,48.8736815]]}},
{"type":"Feature","properties":{"ordering":324,"bikenet_hierarchy":"secondary","road_hierarchy":"secondary","length":505.14750675188679,"total_length":270010.02437376487,"total_coverage":85815207.357829541,"total_directness":0.83647115541236183},"geometry":{"type":"LineString","coordinates":[[2.3853197,48.8739244],[2.3850184,48.8739375],[2.3823811,48.8751692],[2.3823005,48.8752366],[2.3819393,48.875532],[2.3817917,48.8756612],[2.3813181,48.8759806],[2.3809728,48.8760669],[2.3796716,48.8763188]]}},
{"type":"Feature","properties":{"ordering":325,"bikenet_hierarchy":"secondary","road_hierarchy":"secondary","length":582.41641562332666,"total_length":270592.44078938814,"total_coverage":85815265.600926444,"total_directness":0.83696444786312241},"geometry":{"type":"LineString","coordinates":[[2.3742541,48.878409],[2.3742334,48.8783174],[2.3741111,48.8779013],[2.3740943,48.8778429],[2.3740783,48.8777729],[2.3741784,48.877158],[2.374219,48.8770936],[2.3744158,48.8768592],[2.3744679,48.8768128],[2.3748173,48.8765939],[2.3760497,48.8763433],[2.3765952,48.8764102],[2.3768709,48.8764414],[2.377099,48.876456],[2.3780506,48.876463],[2.3782006,48.8764555],[2.3795073,48.8763329],[2.3796716,48.8763188]]}},
{"type":"Feature","properties":{"ordering":326,"bikenet_hierarchy":"secondary","road_hierarchy":"quaternary","length":1049.9830813905839,"total_length":271642.42387077876,"total_coverage":85832518.534513891,"total_directness":0.83707120293534443},"geometry":{"type":"LineString","coordinates":[[2.3796716,48.8763188],[2.3782758,48.8779174],[2.3782657,48.8780227],[2.3782584,48.8780986],[2.3783395,48.8785802],[2.3783691,48.8786618],[2.3784426,48.8787696],[2.3786215,48.8790995],[2.3795585,48.8803345],[2.3796165,48.8804083],[2.3806509,48.8813566],[2.3807175,48.8814131],[2.3810614,48.8816864],[2.381712,48.8821275],[2.3819455,48.882249],[2.3821616,48.8823266],[2.382638,48.882481],[2.3828387,48.8825382],[2.3852612,48.8829658],[2.3853522,48.8829751],[2.3855547,48.8830059]]}},
{"type":"Feature","properties":{"ordering":327,"bikenet_hierarchy":"primary","road_hierarchy":"secondary","length":230.10024981397981,"total_length":271872.52412059275,"total_coverage":85976389.677890182,"total_directness":0.83639927670633363},"geometry":{"type":"LineString","coordinates":[[2.3147001,48.8580396],[2.3151979,48.8578579],[2.3151196,48.8570602],[2.3150905,48.8567765],[2.3150381,48.856279],[2.3150233,48.856168]]}},
{"type":"Feature","properties":{"ordering":328,"bikenet_hierarchy":"secondary","road_hierarchy":"tertiary","length":451.82864942205072,"total_length":272324.35277001478,"total_coverage":86240225.086099282,"total_directness":0.83572116554663367},"geometry":{"type":"LineString","coordinates":[[2.2859894,48.8465574],[2.2857549,48.8466985],[2.2856499,48.8467633],[2.2855101,48.8468488],[2.284261,48.8476048],[2.2841351,48.8476848],[2.2840075,48.8477619],[2.2829937,48.8484395],[2.2828808,48.8485141],[2.2827652,48.8485905],[2.2820056,48.8490903],[2.2819074,48.8491547],[2.2815634,48.8493803]]}},
{"type":"Feature","properties":{"ordering":329,"bikenet_hierarchy":"primary","road_hierarchy":"secondary","length":1167.6712806004227,"total_length":273492.0240506152,"total_coverage":86374123.307710618,"total_directness":0.8358204676800528},"geometry":{"type":"LineString","coordinates":[[2.2859894,48.8465574],[2.2863422,48.8465708],[2.2879242,48.8466492],[2.2879909,48.8466525],[2.2887438,48.8466865],[2.2888818,48.8466943],[2.2891315,48.8467086],[2.2921797,48.846861],[2.2924171,48.8468728],[2.2926105,48.8468825],[2.2931875,48.8469112],[2.2932732,48.8469155],[2.2936115,48.8469325],[2.293741,48.8469388],[2.2944399,48.8469724],[2.295605,48.8470338],[2.2958266,48.8470539],[2.2959441,48.8470781],[2.2961134,48.8471054],[2.2964685,48.8471617],[2.2974881,48.8473071],[2.2976499,48.8473301],[2.2979298,48.8473656],[2.2981161,48.8473939],[2.2996532,48.8476165],[2.3011578,48.847821],[2.3012277,48.8478285],[2.3016514,48.8480224]]}},
{"type":"Feature","properties":{"ordering":330,"bikenet_hierarchy":"primary","road_hierarchy":"secondary","length":664.49862692638658,"total_length":274156.52267754159,"total_coverage":86403224.522660136,"total_directness":0.83591338058989129},"geometry":{"type":"LineString","coordinates":[[2.2859894,48.8465574],[2.2855633,48.8465356],[2.2854223,48.8465276],[2.2851806,48.8465149],[2.2833341,48.846416],[2.2831384,48.8464042],[2.2830006,48.8463956],[2.2818065,48.8463346],[2.281628,48.8463259],[2.2811218,48.8463065],[2.2809153,48.8462968],[2.280623,48.8462857],[2.2804004,48.8462757],[2.2798086,48.8462467],[2.2796544,48.8462399],[2.2795896,48.8462359],[2.2794162,48.8462261],[2.2792161,48.8462149],[2.2785634,48.8461767],[2.2783785,48.8461677],[2.2782478,48.8461595],[2.2780662,48.8461462],[2.2776501,48.8461235],[2.2775817,48.8461198],[2.2769661,48.8460724]]}},
{"type":"Feature","properties":{"ordering":331,"bikenet_hierarchy":"secondary","road_hierarchy":"tertiary","length":1327.5219715514384,"total_length":275484.04464909306,"total_coverage":86440016.029451221,"total_directness":0.83595974855532451},"geometry":{"type":"LineString","coordinates":[[2.2859894,48.8465574],[2.2861357,48.8464677],[2.2864838,48.8462607],[2.2873659,48.8458936],[2.2879072,48.8456783],[2.2879873,48.8456473],[2.2880573,48.8456197],[2.2893993,48.8450998],[2.289527,48.8450444],[2.2895936,48.8450154],[2.2901704,48.8447825],[2.2902812,48.8447397],[2.2904878,48.8446599],[2.290728,48.8445671],[2.2908156,48.8445322],[2.2911074,48.8444202],[2.2923075,48.8439552],[2.2926099,48.8438369],[2.2928056,48.8437601],[2.293009,48.8436769],[2.2931814,48.8436064],[2.3026724,48.8426289]]}},
{"type":"Feature","properties":{"ordering":332,"bikenet_hierarchy":"secondary","road_hierarchy":"primary","length":229.57258266014657,"total_length":275713.61723175319,"total_coverage":86446752.988566846,"total_directness":0.83526645326580418},"geometry":{"type":"LineString","coordinates":[[2.3258444,48.8560961],[2.3257491,48.8561408],[2.3253757,48.8563955],[2.3245982,48.8569724],[2.323896,48.857698]]}},
{"type":"Feature","properties":{"ordering":333,"bikenet_hierarchy":"secondary","road_hierarchy":"primary","length":653.09381869067374,"total_length":276366.71105044388,"total_coverage":86446752.988566712,"total_directness":0.83568508182247891},"geometry":{"type":"LineString","coordinates":[[2.3190488,48.862616],[2.3198749,48.8619493],[2.320334,48.8614958],[2.320413,48.8614174],[2.3205467,48.8612737],[2.3206172,48.8611997],[2.3207802,48.8610167],[2.3214723,48.8602584],[2.3217179,48.8599923],[2.3220001,48.8597005],[2.322562,48.8591218],[2.3226542,48.8590281],[2.322741,48.8589336],[2.3230882,48.8585551],[2.3231292,48.8585104],[2.3231904,48.8584455],[2.3234902,48.8581279],[2.3236171,48.8579936],[2.323896,48.857698]]}},
{"type":"Feature","properties":{"ordering":334,"bikenet_hierarchy":"secondary","road_hierarchy":"quaternary","length":727.71175477587531,"total_length":277094.42280521971,"total_coverage":86446752.988566533,"total_directness":0.83575625204189408},"geometry":{"type":"LineString","coordinates":[[2.3148267,48.8599663],[2.3149526,48.8599651],[2.3155523,48.8599516],[2.31709,48.8599114],[2.3180787,48.8598094],[2.3181564,48.8597994],[2.3182457,48.8597832],[2.3194802,48.8594043],[2.3195587,48.8593763],[2.3197,48.8593262],[2.3200338,48.8592005],[2.3202091,48.85914],[2.3202852,48.8591122],[2.321415,48.8586997],[2.322741,48.8581804],[2.3227975,48.8581579],[2.3228797,48.8581233],[2.3234872,48.8578727],[2.323896,48.857698]]}},
{"type":"Feature","properties":{"ordering":335,"bikenet_hierarchy":"secondary","road_hierarchy":"secondary","length":520.12062147541246,"total_length":277614.54342669516,"total_coverage":86811347.397183865,"total_directness":0.83506269065038741},"geometry":{"type":"LineString","coordinates":[[2.3269322,48.8515056],[2.3268728,48.8516864],[2.3268355,48.8518063],[2.3267433,48.852217],[2.3267204,48.8522948],[2.326681,48.8524284],[2.3266578,48.8525063],[2.3264272,48.8532903],[2.3264058,48.853362],[2.3263696,48.8534803],[2.32616,48.8542256],[2.3261255,48.8543438],[2.3260465,48.8546151],[2.326004,48.8547488],[2.3257181,48.8557397],[2.3257283,48.8558337],[2.3258444,48.8560961]]}},
{"type":"Feature","properties":{"ordering":336,"bikenet_hierarchy":"secondary","road_hierarchy":"primary","length":199.88714161274157,"total_length":277814.43056830787,"total_coverage":86812868.671429202,"total_directness":0.83435926756482059},"geometry":{"type":"LineString","coordinates":[[2.3358949,48.8531684],[2.3355934,48.8532469],[2.3355212,48.8532648],[2.3353518,48.8533073],[2.3346609,48.8534747],[2.3341985,48.8535865],[2.3337081,48.8537056],[2.3333421,48.8537953]]}},
{"type":"Feature","properties":{"ordering":337,"bikenet_hierarchy":"secondary","road_hierarchy":"primary","length":609.25283227238242,"total_length":278423.68340058025,"total_coverage":86812868.671429127,"total_directness":0.83702849461886397},"geometry":{"type":"LineString","coordinates":[[2.3258444,48.8560961],[2.3259635,48.8560436],[2.3260829,48.8559938],[2.3267782,48.85567],[2.3268412,48.855643],[2.3269745,48.8555828],[2.3290584,48.8548824],[2.3292236,48.854835],[2.3293061,48.8548124],[2.3303461,48.8545114],[2.3304737,48.8544757],[2.3310462,48.8543418],[2.3315266,48.8542297],[2.3316483,48.8542019],[2.3321848,48.8540775],[2.3327145,48.8539513],[2.3331257,48.8538491],[2.3333421,48.8537953]]}},
{"type":"Feature","properties":{"ordering":338,"bikenet_hierarchy":"secondary","road_hierarchy":"secondary","length":183.16141153801328,"total_length":278606.84481211827,"total_coverage":86839551.024836794,"total_directness":0.83665458956912175},"geometry":{"type":"LineString","coordinates":[[2.3319308,48.8524605],[2.3320497,48.852592],[2.3324834,48.8530714],[2.3325907,48.8531901],[2.3328743,48.8535037],[2.3329811,48.8536218],[2.3333421,48.8537953]]}},
{"type":"Feature","properties":{"ordering":339,"bikenet_hierarchy":"primary","road_hierarchy":"tertiary","length":383.36919755142497,"total_length":278990.21400966973,"total_coverage":86844813.837494597,"total_directness":0.83693867435334968},"geometry":{"type":"LineString","coordinates":[[2.3269322,48.8515056],[2.3270469,48.8515577],[2.3272613,48.8516499],[2.3278801,48.8517474],[2.3283165,48.8518199],[2.3284839,48.8518461],[2.3286248,48.8518682],[2.3288348,48.8519015],[2.329883,48.8520856],[2.3302135,48.852151],[2.3317198,48.8524225],[2.3319308,48.8524605]]}},
{"type":"Feature","properties":{"ordering":340,"bikenet_hierarchy":"primary","road_hierarchy":"tertiary","length":304.5083384130204,"total_length":279294.72234808275,"total_coverage":86847948.571082056,"total_directness":0.8370559368967645},"geometry":{"type":"LineString","coordinates":[[2.3319308,48.8524605],[2.3323042,48.8525179],[2.3330353,48.852636],[2.3331658,48.8526541],[2.3333125,48.8526536],[2.3336923,48.8526627],[2.3339259,48.8526973],[2.3340614,48.8527187],[2.3344423,48.852775],[2.3350553,48.8528931],[2.3351632,48.8529196],[2.3355965,48.853026],[2.3358949,48.8531684]]}},
{"type":"Feature","properties":{"ordering":341,"bikenet_hierarchy":"secondary","road_hierarchy":"secondary","length":387.04606601217671,"total_length":279681.76841409493,"total_coverage":87130816.205908373,"total_directness":0.83651391438350742},"geometry":{"type":"LineString","coordinates":[[2.3269322,48.8515056],[2.3269753,48.8513132],[2.3271311,48.8507419],[2.3273031,48.8502143],[2.3273262,48.8501437],[2.3273494,48.8500564],[2.3278871,48.8482391],[2.3279334,48.8480887]]}},
{"type":"Feature","properties":{"ordering":342,"bikenet_hierarchy":"secondary","road_hierarchy":"secondary","length":1550.7228741479005,"total_length":281232.4912882428,"total_coverage":87501831.404035255,"total_directness":0.84223120925550066},"geometry":{"type":"LineString","coordinates":[[2.3279334,48.8480887],[2.3279675,48.8479674],[2.3281032,48.8474733],[2.328122,48.8474056],[2.328147,48.8473287],[2.3282956,48.8468062],[2.3283357,48.8466882],[2.3286252,48.8456779],[2.3286455,48.8455879],[2.3286747,48.8454878],[2.3287651,48.8451738],[2.3287967,48.8450593],[2.3288523,48.8448709],[2.3289695,48.8444731],[2.3289981,48.8443695],[2.3290141,48.8443076],[2.3291522,48.8438016],[2.3293296,48.8431859],[2.3293512,48.8431186],[2.3293752,48.8430373],[2.3295047,48.8425993],[2.3295551,48.8424288],[2.3296404,48.8421366],[2.329669,48.8420367],[2.3296979,48.841956],[2.3297256,48.8418681],[2.3297168,48.8417786],[2.3297042,48.8416499],[2.3297751,48.8414875],[2.3300632,48.8407179],[2.3301216,48.8405618],[2.330493,48.839578],[2.3305503,48.8393924],[2.3306436,48.8391429],[2.3307722,48.838795],[2.3308195,48.8386726],[2.3308331,48.8386364],[2.330972,48.838265],[2.3311354,48.8378342],[2.3311741,48.8377249],[2.3313221,48.837329],[2.331406,48.8371047],[2.3314555,48.8369723],[2.3315298,48.8367737],[2.3315534,48.8367105],[2.332081,48.8353],[2.3321361,48.8351526],[2.3321509,48.8351131],[2.3326202,48.8345298]]}},
{"type":"Feature","properties":{"ordering":343,"bikenet_hierarchy":"secondary","road_hierarchy":"secondary","length":567.82422260208739,"total_length":281800.31551084487,"total_coverage":87515599.349356756,"total_directness":0.84240471267352535},"geometry":{"type":"LineString","coordinates":[[2.3319308,48.8524605],[2.3317176,48.8522325],[2.331184,48.8516615],[2.3311169,48.8515902],[2.3310516,48.8515198],[2.3307239,48.8511475],[2.330543,48.8509525],[2.3300189,48.8503835],[2.3299153,48.8502713],[2.3297737,48.8501089],[2.329638,48.8499652],[2.3288474,48.8490965],[2.3287367,48.8489755],[2.3286317,48.8488596],[2.3281041,48.8482804],[2.3279334,48.8480887]]}},
{"type":"Feature","properties":{"ordering":344,"bikenet_hierarchy":"secondary","road_hierarchy":"secondary","length":149.49575666821363,"total_length":281949.81126751308,"total_coverage":87551853.541048646,"total_directness":0.84209524433746019},"geometry":{"type":"LineString","coordinates":[[2.326866,48.846944],[2.3269885,48.8470673],[2.3271826,48.8472657],[2.3272675,48.8473617],[2.327616,48.8477321],[2.3277692,48.8478991],[2.3279334,48.8480887]]}},
{"type":"Feature","properties":{"ordering":345,"bikenet_hierarchy":"secondary","road_hierarchy":"secondary","length":415.26526062590517,"total_length":282365.076528139,"total_coverage":87735463.62116155,"total_directness":0.84159390819899582},"geometry":{"type":"LineString","coordinates":[[2.326866,48.846944],[2.3267538,48.8468308],[2.326139,48.8461989],[2.3256576,48.8457055],[2.325529,48.8455729],[2.3251192,48.8451538],[2.3246103,48.8446307],[2.3245446,48.8445656],[2.3242048,48.8442164],[2.3241659,48.8441726],[2.3242471,48.8439562],[2.3242703,48.8437403]]}},
{"type":"Feature","properties":{"ordering":346,"bikenet_hierarchy":"primary","road_hierarchy":"secondary","length":923.18325154663432,"total_length":283288.25977968564,"total_coverage":88104613.065746054,"total_directness":0.84104961674812817},"geometry":{"type":"LineString","coordinates":[[2.3269322,48.8515056],[2.32663,48.8512664],[2.3255151,48.8508029],[2.3252847,48.8507068],[2.3251913,48.8506673],[2.3247133,48.8504734],[2.3246062,48.850432],[2.3242882,48.8502959],[2.32414,48.8502335],[2.3240412,48.8501839],[2.3232862,48.8498252],[2.3232213,48.8497927],[2.3220512,48.8492015],[2.321505,48.8489209],[2.3212457,48.8487846],[2.3206532,48.848481],[2.3205421,48.8484202],[2.3202916,48.8482905],[2.3201774,48.8482314],[2.3201147,48.8482012],[2.3197385,48.8480204],[2.3196976,48.8480001],[2.3194152,48.8478724],[2.3192905,48.847822],[2.3190811,48.847737],[2.3182773,48.847427],[2.3170315,48.8469779],[2.3169497,48.8469482],[2.3168275,48.8469032],[2.3165985,48.8468182]]}},
{"type":"Feature","properties":{"ordering":347,"bikenet_hierarchy":"secondary","road_hierarchy":"secondary","length":548.79592127270257,"total_length":283837.05570095836,"total_coverage":88142615.684767634,"total_directness":0.84049332647472674},"geometry":{"type":"LineString","coordinates":[[2.326866,48.846944],[2.3267251,48.8469667],[2.326646,48.8469795],[2.3261393,48.8468104],[2.3260177,48.846775],[2.3243021,48.8462646],[2.3242208,48.8462411],[2.3241434,48.846221],[2.3237336,48.8461082],[2.3236565,48.8460873],[2.3221368,48.8456488],[2.3217623,48.8455408],[2.3216451,48.8455069],[2.3204596,48.8452241],[2.3199774,48.8451079]]}},
{"type":"Feature","properties":{"ordering":348,"bikenet_hierarchy":"secondary","road_hierarchy":"primary","length":871.45562348588521,"total_length":284708.5113244442,"total_coverage":88183959.114170209,"total_directness":0.84236902816306769},"geometry":{"type":"LineString","coordinates":[[2.3199774,48.8451079],[2.3201472,48.8442311],[2.3201792,48.8441497],[2.3202154,48.8440574],[2.320629,48.8431812],[2.3224821,48.8386171],[2.3226752,48.8382319],[2.3227253,48.8381322],[2.3228623,48.8377092],[2.3228821,48.8376453],[2.3229328,48.8375281]]}},
{"type":"Feature","properties":{"ordering":349,"bikenet_hierarchy":"primary","road_hierarchy":"primary","length":312.82563907362305,"total_length":285021.33696351788,"total_coverage":88183969.277412489,"total_directness":0.84258906501644826},"geometry":{"type":"LineString","coordinates":[[2.3165985,48.8468182],[2.3167018,48.8467508],[2.3168226,48.8466958],[2.3170255,48.8466204],[2.3175416,48.846348],[2.3178973,48.8461639],[2.3180114,48.8461051],[2.3183076,48.8459587],[2.3189797,48.845609],[2.3191514,48.8455173],[2.3193206,48.8454275],[2.3199774,48.8451079]]}},
{"type":"Feature","properties":{"ordering":350,"bikenet_hierarchy":"secondary","road_hierarchy":"primary","length":350.19583789588597,"total_length":285371.53280141373,"total_coverage":88183969.277412638,"total_directness":0.84265941328609173},"geometry":{"type":"LineString","coordinates":[[2.3199774,48.8451079],[2.3204003,48.8450172],[2.3205046,48.8449822],[2.3242703,48.8437403]]}},
{"type":"Feature","properties":{"ordering":351,"bikenet_hierarchy":"secondary","road_hierarchy":"secondary","length":99.812140804385919,"total_length":285471.3449422181,"total_coverage":88187383.901806504,"total_directness":0.84230467683299937},"geometry":{"type":"LineString","coordinates":[[2.3165985,48.8468182],[2.3164798,48.8467819],[2.3163907,48.846752],[2.3154674,48.8464687],[2.3153669,48.8464376]]}},
{"type":"Feature","properties":{"ordering":352,"bikenet_hierarchy":"secondary","road_hierarchy":"secondary","length":345.30906189396433,"total_length":285816.65400411206,"total_coverage":88189740.509355947,"total_directness":0.85757186552799181},"geometry":{"type":"LineString","coordinates":[[2.311115,48.845109],[2.3112329,48.8451474],[2.3116442,48.8452815],[2.311964,48.8453929],[2.312517,48.8455617],[2.3126329,48.8455971],[2.313382,48.8458265],[2.313558,48.8458808],[2.3138936,48.8459809],[2.3142378,48.8460883],[2.3143354,48.8461185],[2.3153669,48.8464376]]}},
{"type":"Feature","properties":{"ordering":353,"bikenet_hierarchy":"primary","road_hierarchy":"primary","length":74.391052637240904,"total_length":285891.04505674931,"total_coverage":88210868.111826897,"total_directness":0.85734978726727318},"geometry":{"type":"LineString","coordinates":[[2.3165985,48.8468182],[2.3165061,48.8469531],[2.3164868,48.8469953],[2.3164517,48.847107],[2.3162823,48.8473474],[2.3162327,48.8474394]]}},
{"type":"Feature","properties":{"ordering":354,"bikenet_hierarchy":"secondary","road_hierarchy":"tertiary","length":276.21702407028073,"total_length":286167.26208081964,"total_coverage":88364336.755921483,"total_directness":0.85695686137138727},"geometry":{"type":"LineString","coordinates":[[2.304262,48.8403778],[2.3041939,48.84049],[2.3032947,48.8417733],[2.3032242,48.8418731],[2.3030653,48.8421016],[2.3027582,48.8425123],[2.3026988,48.8425933],[2.3026724,48.8426289]]}},
{"type":"Feature","properties":{"ordering":355,"bikenet_hierarchy":"primary","road_hierarchy":"secondary","length":384.22739972128005,"total_length":286551.48948054091,"total_coverage":88412932.022126883,"total_directness":0.85655159046865792},"geometry":{"type":"LineString","coordinates":[[2.3151948,48.8437119],[2.3153234,48.84375],[2.3161474,48.8440008],[2.3175929,48.8444027],[2.3176931,48.8444207],[2.3178453,48.8444471],[2.3183532,48.8445884],[2.3188066,48.8447147],[2.3199774,48.8451079]]}},
{"type":"Feature","properties":{"ordering":356,"bikenet_hierarchy":"primary","road_hierarchy":"secondary","length":266.42262490549859,"total_length":286817.91210544639,"total_coverage":88449850.529236346,"total_directness":0.85610887418817949},"geometry":{"type":"LineString","coordinates":[[2.311115,48.845109],[2.3111718,48.845035],[2.3114748,48.8446426],[2.3115386,48.8445577],[2.3117501,48.8442922],[2.3121636,48.8437795],[2.3122514,48.8436707],[2.312517,48.8433415],[2.3127292,48.8430785],[2.3127708,48.8430269],[2.3128002,48.8429871]]}},
{"type":"Feature","properties":{"ordering":357,"bikenet_hierarchy":"primary","road_hierarchy":"secondary","length":758.81717685742353,"total_length":287576.72928230383,"total_coverage":88469694.375208527,"total_directness":0.85772461651885101},"geometry":{"type":"LineString","coordinates":[[2.3128002,48.8429871],[2.3128329,48.8429384],[2.3133244,48.8423151],[2.3133626,48.842267],[2.3134072,48.8422104],[2.3138269,48.84171],[2.313929,48.8416124],[2.3140103,48.8415355],[2.3141551,48.8414039],[2.3144396,48.8411429],[2.3145408,48.8410501],[2.3148859,48.8407176],[2.3149593,48.8406014],[2.3150844,48.8404347],[2.3152055,48.8403101],[2.3153997,48.8401357],[2.31624,48.8393862],[2.3165067,48.8390085],[2.3165618,48.8389565],[2.3166465,48.8388773],[2.3169076,48.8386142],[2.317736,48.8377811],[2.3179813,48.837539],[2.3183027,48.8372291]]}},
{"type":"Feature","properties":{"ordering":358,"bikenet_hierarchy":"primary","road_hierarchy":"secondary","length":193.36542106399264,"total_length":287770.09470336779,"total_coverage":88469694.375208631,"total_directness":0.85794405890452574},"geometry":{"type":"LineString","coordinates":[[2.3151948,48.8437119],[2.3151073,48.843686],[2.3146651,48.8435548],[2.3145868,48.8435307],[2.3140583,48.8433651],[2.3136653,48.8432461],[2.3135842,48.8432229],[2.3129206,48.8430214],[2.3128002,48.8429871]]}},
{"type":"Feature","properties":{"ordering":359,"bikenet_hierarchy":"primary","road_hierarchy":"secondary","length":690.80449322672325,"total_length":288460.89919659455,"total_coverage":88485512.695355669,"total_directness":0.85811927644500297},"geometry":{"type":"LineString","coordinates":[[2.304262,48.8403778],[2.3043744,48.8404108],[2.3048885,48.8405711],[2.3050711,48.840645],[2.3054536,48.8407603],[2.3058929,48.8408896],[2.3059953,48.8409207],[2.3064894,48.8410557],[2.3066782,48.8411072],[2.30676,48.8411317],[2.3072001,48.8412593],[2.3078491,48.8414541],[2.3079317,48.8414778],[2.3080907,48.8415268],[2.3091474,48.841855],[2.3092584,48.8418894],[2.3104523,48.8422598],[2.3105739,48.8422975],[2.3109628,48.8424181],[2.3110668,48.8424504],[2.311624,48.8426233],[2.3117015,48.8426473],[2.3122655,48.8428144],[2.3123472,48.8428428],[2.3124837,48.8428865],[2.3127133,48.8429604],[2.3128002,48.8429871]]}},
{"type":"Feature","properties":{"ordering":360,"bikenet_hierarchy":"primary","road_hierarchy":"secondary","length":1280.9833420967175,"total_length":289741.88253869122,"total_coverage":88706221.18398577,"total_directness":0.85771978918331815},"geometry":{"type":"LineString","coordinates":[[2.304262,48.8403778],[2.3027442,48.8399808],[2.3025357,48.8399296],[2.3021857,48.8398413],[2.3019972,48.8397861],[2.3015874,48.8396445],[2.301524,48.83962],[2.3013309,48.839551],[2.3008585,48.8393895],[2.3004276,48.8392434],[2.3003426,48.8392095],[2.3000875,48.8390988],[2.3000119,48.8390657],[2.2993974,48.8387647],[2.2992896,48.8387099],[2.2991891,48.8386568],[2.298562,48.8383344],[2.2984157,48.8382579],[2.297859,48.8379639],[2.297758,48.8379106],[2.2976739,48.8378688],[2.2974244,48.8377321],[2.2973619,48.8376966],[2.2968558,48.8374092],[2.2967653,48.8373633],[2.2964732,48.8372138],[2.2963664,48.8371639],[2.2959008,48.836927],[2.2957886,48.8368713],[2.2952005,48.8366083],[2.2950204,48.8365294],[2.2944605,48.8362837],[2.2943721,48.8362481],[2.2940728,48.8361114],[2.2939812,48.8360768],[2.2938357,48.8360097],[2.2937106,48.8359552],[2.2936213,48.8359095],[2.2927903,48.8354868],[2.2927155,48.8354414],[2.2918113,48.8348927],[2.291729,48.8348392],[2.2905465,48.8341018],[2.2904987,48.8340714],[2.2903151,48.833953],[2.2902177,48.8338911],[2.2900887,48.8338085]]}},
{"type":"Feature","properties":{"ordering":361,"bikenet_hierarchy":"secondary","road_hierarchy":"tertiary","length":539.42853904229912,"total_length":290281.31107773352,"total_coverage":88706221.183985919,"total_directness":0.85782407895176982},"geometry":{"type":"LineString","coordinates":[[2.2894161,48.8385974],[2.2893557,48.8385016],[2.2892639,48.8383485],[2.2894051,48.8374234],[2.2894094,48.8373627],[2.2894216,48.8372997],[2.2895759,48.8365008],[2.2896988,48.8358091],[2.2897118,48.8357349],[2.2897192,48.8356959],[2.2897432,48.8355574],[2.2899441,48.8343989],[2.289962,48.834296],[2.2899883,48.8341103],[2.2900017,48.8339103],[2.2900887,48.8338085]]}},
{"type":"Feature","properties":{"ordering":362,"bikenet_hierarchy":"primary","road_hierarchy":"secondary","length":178.8043394726042,"total_length":290460.11541720614,"total_coverage":88706598.367232665,"total_directness":0.85751655623783862},"geometry":{"type":"LineString","coordinates":[[2.2900887,48.8338085],[2.2899146,48.8336959],[2.2898308,48.8336407],[2.2894533,48.8333957],[2.2894048,48.8333632],[2.2885118,48.8327704],[2.2883696,48.8326696]]}},
{"type":"Feature","properties":{"ordering":363,"bikenet_hierarchy":"primary","road_hierarchy":"primary","length":51.836738091328805,"total_length":290511.95215529751,"total_coverage":88706637.871794984,"total_directness":0.85915260648281655},"geometry":{"type":"LineString","coordinates":[[2.2889775,48.8324327],[2.288558,48.8325904],[2.2883696,48.8326696]]}},
{"type":"Feature","properties":{"ordering":364,"bikenet_hierarchy":"primary","road_hierarchy":"primary","length":84.485121553326621,"total_length":290596.4372768508,"total_coverage":88706756.963323921,"total_directness":0.86106451781183702},"geometry":{"type":"LineString","coordinates":[[2.2874255,48.8331028],[2.2876831,48.8329858],[2.2877939,48.8329364],[2.2879558,48.8328471],[2.2883696,48.8326696]]}},
{"type":"Feature","properties":{"ordering":365,"bikenet_hierarchy":"secondary","road_hierarchy":"secondary","length":212.96765797052387,"total_length":290809.4049348213,"total_coverage":88803044.674788848,"total_directness":0.86060398727140419},"geometry":{"type":"LineString","coordinates":[[2.3091097,48.8337655],[2.3098061,48.8333941],[2.3098941,48.8333602],[2.3102162,48.8332327],[2.3108875,48.8329681],[2.3114072,48.8327852],[2.3115462,48.8327363]]}},
{"type":"Feature","properties":{"ordering":366,"bikenet_hierarchy":"primary","road_hierarchy":"primary","length":236.46398384298658,"total_length":291045.86891866429,"total_coverage":88935252.895632371,"total_directness":0.86010999288664414},"geometry":{"type":"LineString","coordinates":[[2.3162327,48.8474394],[2.3161951,48.8475168],[2.3159813,48.8479377],[2.3158304,48.8482098],[2.3157894,48.8482836],[2.3157376,48.8483759],[2.3151445,48.8494407]]}},
{"type":"Feature","properties":{"ordering":367,"bikenet_hierarchy":"secondary","road_hierarchy":"secondary","length":366.45849492279154,"total_length":291412.32741358713,"total_coverage":88935252.895632342,"total_directness":0.85961827050429385},"geometry":{"type":"LineString","coordinates":[[2.3214504,48.8411134],[2.3222992,48.8418018],[2.3224073,48.84189],[2.3224657,48.8419334],[2.3226592,48.842088],[2.3227073,48.8421273],[2.3236479,48.842896],[2.3242612,48.8433561],[2.3242705,48.843471],[2.3242703,48.8437403]]}},
{"type":"Feature","properties":{"ordering":368,"bikenet_hierarchy":"secondary","road_hierarchy":"quaternary","length":491.22257508272696,"total_length":291903.54998866981,"total_coverage":88935252.895632192,"total_directness":0.86053840871812337},"geometry":{"type":"LineString","coordinates":[[2.3214504,48.8411134],[2.3187069,48.8375296],[2.3186604,48.8374884],[2.3183027,48.8372291]]}},
{"type":"Feature","properties":{"ordering":369,"bikenet_hierarchy":"secondary","road_hierarchy":"tertiary","length":467.31888079183511,"total_length":292370.86886946164,"total_coverage":88999804.403128073,"total_directness":0.86003314723673985},"geometry":{"type":"LineString","coordinates":[[2.304262,48.8403778],[2.3048714,48.8393138],[2.3049039,48.8392569],[2.3049446,48.8391978],[2.305221,48.8387197],[2.3052683,48.8386397],[2.3053172,48.8385519],[2.3055066,48.8382104],[2.3059499,48.8374364],[2.3060695,48.8372276],[2.3062932,48.836822],[2.306345,48.8367284],[2.3064361,48.8365276],[2.3064794,48.8364393]]}},
{"type":"Feature","properties":{"ordering":370,"bikenet_hierarchy":"secondary","road_hierarchy":"tertiary","length":354.66318606727231,"total_length":292725.53205552895,"total_coverage":89003500.471420765,"total_directness":0.86104726841197665},"geometry":{"type":"LineString","coordinates":[[2.3091097,48.8337655],[2.3084308,48.8345042],[2.3078714,48.8350662],[2.3077904,48.8351503],[2.3077547,48.8351862],[2.306727,48.8362261],[2.3064794,48.8364393]]}},
{"type":"Feature","properties":{"ordering":371,"bikenet_hierarchy":"secondary","road_hierarchy":"secondary","length":195.86750375642532,"total_length":292921.39955928538,"total_coverage":89051349.779983759,"total_directness":0.86041599313723705},"geometry":{"type":"LineString","coordinates":[[2.3518495,48.836787],[2.3517443,48.8369633],[2.3515019,48.8372922],[2.3512624,48.8376436],[2.3512193,48.8377068],[2.3511214,48.8378594],[2.3510175,48.8380175],[2.3508166,48.8384091]]}},
{"type":"Feature","properties":{"ordering":372,"bikenet_hierarchy":"secondary","road_hierarchy":"tertiary","length":619.49280092105448,"total_length":293540.8923602064,"total_coverage":89075581.594405279,"total_directness":0.86232563422165298},"geometry":{"type":"LineString","coordinates":[[2.3435923,48.8412715],[2.3436822,48.8411978],[2.3450805,48.8406608],[2.3451887,48.8406183],[2.3459022,48.8403381],[2.3460023,48.8402803],[2.3461324,48.8402253],[2.3464776,48.8400902],[2.3470437,48.8398642],[2.3472111,48.8397983],[2.3473788,48.8397362],[2.3491377,48.8390483],[2.3492159,48.8390159],[2.3498009,48.8388039],[2.349896,48.8387648],[2.3501568,48.8386566],[2.3503947,48.8385483],[2.3508166,48.8384091]]}},
{"type":"Feature","properties":{"ordering":373,"bikenet_hierarchy":"secondary","road_hierarchy":"secondary","length":1348.5250891298565,"total_length":294889.41744933627,"total_coverage":89333248.835997939,"total_directness":0.86261120020474946},"geometry":{"type":"LineString","coordinates":[[2.3492339,48.8499302],[2.3491789,48.8497754],[2.3492248,48.8497168],[2.3497079,48.8491101],[2.349835,48.8489335],[2.349949,48.8487795],[2.3501263,48.8485526],[2.3503018,48.8483258],[2.3505051,48.8480778],[2.3506787,48.8478545],[2.3512394,48.8471299],[2.3515537,48.8467132],[2.3516349,48.8466037],[2.3517202,48.8463956],[2.3517646,48.846278],[2.3523711,48.844585],[2.3524085,48.8444763],[2.3523246,48.8438686],[2.3523169,48.8437934],[2.3523051,48.8437151],[2.3522268,48.8432399],[2.352217,48.8431755],[2.3521888,48.8430041],[2.3521533,48.8427807],[2.3521371,48.8426898],[2.3521205,48.8426101],[2.3520533,48.8421701],[2.3520414,48.8420918],[2.3519864,48.841717],[2.3519793,48.84166],[2.3519674,48.8415773],[2.3518751,48.8409692],[2.3518601,48.8408346],[2.3518466,48.8407663],[2.35171,48.8404698],[2.3516566,48.8403633],[2.3515365,48.8401448],[2.3514625,48.8400123],[2.3513606,48.8398456],[2.3512679,48.8396902],[2.3512188,48.839593],[2.3509804,48.8391479],[2.3508248,48.8388718],[2.3507797,48.8387449],[2.3507331,48.8385884],[2.3507814,48.8384832],[2.3508166,48.8384091]]}},
{"type":"Feature","properties":{"ordering":374,"bikenet_hierarchy":"secondary","road_hierarchy":"quaternary","length":913.31387816722884,"total_length":295802.73132750351,"total_coverage":89390050.686837152,"total_directness":0.86192603331747686},"geometry":{"type":"LineString","coordinates":[[2.3269322,48.8515056],[2.3250246,48.8517133],[2.3249024,48.8517138],[2.3248052,48.8517125],[2.324343,48.8517052],[2.3236573,48.8516989],[2.3235499,48.8516985],[2.3234462,48.8516967],[2.3203766,48.8516906],[2.3191437,48.8516941],[2.3190314,48.8516952],[2.3189477,48.8516973],[2.3172001,48.8517693],[2.3170063,48.8517753],[2.3161917,48.8517893],[2.316085,48.8517926],[2.315775,48.8518002],[2.3147836,48.8518241],[2.3146952,48.8518261],[2.3145185,48.8518154]]}},
{"type":"Feature","properties":{"ordering":375,"bikenet_hierarchy":"primary","road_hierarchy":"primary","length":271.91145817130268,"total_length":296074.64278567483,"total_coverage":89394569.789251551,"total_directness":0.86223537183248899},"geometry":{"type":"LineString","coordinates":[[2.3151445,48.8494407],[2.3150993,48.8495244],[2.3147924,48.850079],[2.3145951,48.8504433],[2.314539,48.8505392],[2.3145185,48.8518154]]}},
{"type":"Feature","properties":{"ordering":376,"bikenet_hierarchy":"secondary","road_hierarchy":"quaternary","length":297.21934392288597,"total_length":296371.86212959769,"total_coverage":89406176.724812359,"total_directness":0.86168768840101106},"geometry":{"type":"LineString","coordinates":[[2.3105047,48.8514584],[2.3107385,48.8514789],[2.3117411,48.8515684],[2.3118745,48.8515823],[2.3124276,48.8516295],[2.3126206,48.8516466],[2.3136982,48.8517426],[2.3138661,48.8517574],[2.3140502,48.8517742],[2.3143649,48.8518019],[2.3145185,48.8518154]]}},
{"type":"Feature","properties":{"ordering":377,"bikenet_hierarchy":"secondary","road_hierarchy":"tertiary","length":449.44004637449393,"total_length":296821.3021759722,"total_coverage":89406176.724812359,"total_directness":0.8617353449870544},"geometry":{"type":"LineString","coordinates":[[2.3105047,48.8514584],[2.3106175,48.8513853],[2.3107002,48.8513316],[2.3115398,48.8507902],[2.3116435,48.8507199],[2.311744,48.8506094],[2.3122379,48.8502907],[2.312368,48.8502504],[2.3125433,48.8501377],[2.3126897,48.8500413],[2.3129954,48.8498425],[2.3139147,48.8492631],[2.3140369,48.8491836],[2.3141534,48.8492097],[2.3149254,48.8493836],[2.3150403,48.8494125],[2.3151445,48.8494407]]}},
{"type":"Feature","properties":{"ordering":378,"bikenet_hierarchy":"secondary","road_hierarchy":"quaternary","length":324.77478437003111,"total_length":297146.07696034224,"total_coverage":89406176.724812523,"total_directness":0.86113175829861011},"geometry":{"type":"LineString","coordinates":[[2.3105047,48.8514584],[2.3094086,48.8513068],[2.3093253,48.8512997],[2.3086874,48.8512423],[2.3072096,48.8511103],[2.3070227,48.8510936],[2.3068195,48.8510786],[2.306469,48.8510533],[2.3061301,48.8510287]]}},
{"type":"Feature","properties":{"ordering":379,"bikenet_hierarchy":"secondary","road_hierarchy":"tertiary","length":469.44126667293256,"total_length":297615.51822701516,"total_coverage":89406189.403661206,"total_directness":0.86204087570771526},"geometry":{"type":"LineString","coordinates":[[2.3016514,48.8480224],[2.3017816,48.8481016],[2.301929,48.8481541],[2.3023805,48.8484647],[2.3024605,48.8485204],[2.3025757,48.8486001],[2.3036025,48.8493155],[2.3037705,48.8494246],[2.3038685,48.8494901],[2.3039435,48.8495402],[2.3051463,48.8503458],[2.305252,48.8504243],[2.3057915,48.8508044],[2.3061301,48.8510287]]}},
{"type":"Feature","properties":{"ordering":380,"bikenet_hierarchy":"secondary","road_hierarchy":"tertiary","length":198.55413345286883,"total_length":297814.07236046804,"total_coverage":89406189.403661147,"total_directness":0.8615619113151346},"geometry":{"type":"LineString","coordinates":[[2.3105047,48.8514584],[2.3102845,48.8515946],[2.3101975,48.8516493],[2.3100583,48.8517413],[2.3099219,48.8518312],[2.3098675,48.8518658],[2.3087309,48.8525885],[2.3085681,48.8527049]]}},
{"type":"Feature","properties":{"ordering":381,"bikenet_hierarchy":"secondary","road_hierarchy":"tertiary","length":228.95969345704134,"total_length":298043.03205392504,"total_coverage":89406189.403661191,"total_directness":0.86283053163520218},"geometry":{"type":"LineString","coordinates":[[2.3062968,48.8541144],[2.3065062,48.8540008],[2.3066589,48.8539261],[2.3067954,48.8538401],[2.3082854,48.8528808],[2.3084204,48.8527974],[2.3085681,48.8527049]]}},
{"type":"Feature","properties":{"ordering":382,"bikenet_hierarchy":"secondary","road_hierarchy":"tertiary","length":258.36556180107573,"total_length":298301.39761572616,"total_coverage":89406189.403661177,"total_directness":0.86299537738769727},"geometry":{"type":"LineString","coordinates":[[2.3085681,48.8527049],[2.308412,48.8525977],[2.3075854,48.8520289],[2.3067694,48.8514698],[2.3066597,48.8513939],[2.3061301,48.8510287]]}},
{"type":"Feature","properties":{"ordering":383,"bikenet_hierarchy":"primary","road_hierarchy":"secondary","length":209.40165526607626,"total_length":298510.79927099223,"total_coverage":89406189.403661102,"total_directness":0.86246543041436796},"geometry":{"type":"LineString","coordinates":[[2.3145185,48.8518154],[2.3145223,48.851888],[2.3145816,48.852401],[2.3146505,48.8529886],[2.3147065,48.8534665],[2.3147133,48.8535252],[2.3147189,48.8535726],[2.314733,48.8536931]]}},
{"type":"Feature","properties":{"ordering":384,"bikenet_hierarchy":"primary","road_hierarchy":"secondary","length":276.03516346326177,"total_length":298786.83443445549,"total_coverage":89406189.403661266,"total_directness":0.86480974220089424},"geometry":{"type":"LineString","coordinates":[[2.3150233,48.856168],[2.3149969,48.8559349],[2.314934,48.855413],[2.3148565,48.8547466],[2.3148479,48.8546683],[2.31484,48.8545955],[2.3147553,48.8538831],[2.314733,48.8536931]]}},
{"type":"Feature","properties":{"ordering":385,"bikenet_hierarchy":"secondary","road_hierarchy":"primary","length":326.25606974129977,"total_length":299113.09050419676,"total_coverage":89406189.403661117,"total_directness":0.86434952041665447},"geometry":{"type":"LineString","coordinates":[[2.3102995,48.853913],[2.3112254,48.8538672],[2.3114414,48.8538564],[2.314733,48.8536931]]}},
{"type":"Feature","properties":{"ordering":386,"bikenet_hierarchy":"secondary","road_hierarchy":"tertiary","length":184.94737092220436,"total_length":299298.03787511896,"total_coverage":89406189.403661177,"total_directness":0.8647248477627113},"geometry":{"type":"LineString","coordinates":[[2.3102995,48.853913],[2.3101352,48.8537879],[2.3098096,48.8535525],[2.3097623,48.8535185],[2.3095449,48.8533773],[2.3094137,48.8532872],[2.3088779,48.8529188],[2.3087147,48.8528061],[2.3085681,48.8527049]]}},
{"type":"Feature","properties":{"ordering":387,"bikenet_hierarchy":"secondary","road_hierarchy":"primary","length":294.59927905958807,"total_length":299592.63715417858,"total_coverage":89406189.403661072,"total_directness":0.86477136160454782},"geometry":{"type":"LineString","coordinates":[[2.3062968,48.8541144],[2.3066252,48.8541062],[2.3069236,48.8540882],[2.3072109,48.8540736],[2.3074151,48.8540632],[2.3084536,48.85401],[2.3085403,48.8540057],[2.309409,48.8539614],[2.309542,48.8539546],[2.309693,48.8539452],[2.3102995,48.853913]]}},
{"type":"Feature","properties":{"ordering":388,"bikenet_hierarchy":"secondary","road_hierarchy":"quaternary","length":649.11942921719208,"total_length":300241.75658339576,"total_coverage":89406189.403661251,"total_directness":0.86375479290384127},"geometry":{"type":"LineString","coordinates":[[2.3944873,48.8565607],[2.3945253,48.8565688],[2.3946745,48.8565972],[2.395633,48.8567299],[2.3958477,48.8567446],[2.3959959,48.8567474],[2.3961369,48.8567493],[2.3968854,48.8568123],[2.3970511,48.8568294],[2.3971578,48.8568431],[2.3973759,48.8568722],[2.3978412,48.8569735],[2.3980368,48.8570297],[2.3981396,48.8570603],[2.3982227,48.857084],[2.3983865,48.857138],[2.399244,48.8575292],[2.3993345,48.8575829],[2.3994234,48.857629],[2.4003808,48.8581736],[2.4004869,48.8582359],[2.4007114,48.8583657],[2.4010242,48.8585458],[2.4011473,48.8586145],[2.4012557,48.8586748],[2.4016451,48.8588896],[2.4020488,48.8590965],[2.4021238,48.8591448]]}},
{"type":"Feature","properties":{"ordering":389,"bikenet_hierarchy":"primary","road_hierarchy":"quaternary","length":627.76222433459316,"total_length":300869.51880773035,"total_coverage":89406189.403661132,"total_directness":0.86267880176672251},"geometry":{"type":"LineString","coordinates":[[2.3255268,48.8875181],[2.3253658,48.8876217],[2.3246826,48.8880056],[2.324631,48.8880352],[2.3241668,48.8883034],[2.3236952,48.8885758],[2.3236273,48.888615],[2.3234181,48.8887359],[2.3233198,48.8887927],[2.3228057,48.8890897],[2.3226803,48.8891622],[2.3223785,48.8893365],[2.322327,48.8893662],[2.3220009,48.8895547],[2.3217965,48.8896727],[2.3217264,48.8897132],[2.3212536,48.8899864],[2.3211802,48.8900288],[2.3208353,48.890228],[2.3207713,48.890265],[2.3206801,48.8903177],[2.3203414,48.8905135],[2.3202143,48.8905867],[2.3201162,48.8906425],[2.3199302,48.8907509],[2.3197409,48.8908602],[2.3193354,48.8910945],[2.3190875,48.8912377]]}}
]
}
