{
"type": "FeatureCollection",
"name": "bratislava-random-rail",
"crs": { "type": "name", "properties": { "name": "urn:ogc:def:crs:EPSG::3857" } },
"features": [
{ "type": "Feature", "properties": { "source": 301351968, "target": 5347998233, "ordering_random": 0, "length": 13525, "length_cumulative": 13525 }, "geometry": { "type": "LineString", "coordinates": [ [ 1898106.0, 6137571.0 ], [ 1898187.0, 6137512.0 ], [ 1898201.0, 6137502.0 ], [ 1898214.0, 6137492.0 ], [ 1898240.0, 6137473.0 ], [ 1898269.0, 6137451.0 ], [ 1898346.0, 6137385.0 ], [ 1898415.0, 6137324.0 ], [ 1898475.0, 6137270.0 ], [ 1898498.0, 6137250.0 ], [ 1898525.0, 6137226.0 ], [ 1898541.0, 6137211.0 ], [ 1898574.0, 6137178.0 ], [ 1898580.0, 6137173.0 ], [ 1898610.0, 6137150.0 ], [ 1898621.0, 6137142.0 ], [ 1898665.0, 6137109.0 ], [ 1898694.0, 6137087.0 ], [ 1898741.0, 6137057.0 ], [ 1898820.0, 6137005.0 ], [ 1898875.0, 6136965.0 ], [ 1898945.0, 6136915.0 ], [ 1898970.0, 6136898.0 ], [ 1899022.0, 6136860.0 ], [ 1899074.0, 6136823.0 ], [ 1899107.0, 6136797.0 ], [ 1899162.0, 6136748.0 ], [ 1899201.0, 6136707.0 ], [ 1899239.0, 6136661.0 ], [ 1899262.0, 6136634.0 ], [ 1899273.0, 6136619.0 ], [ 1899314.0, 6136558.0 ], [ 1899327.0, 6136539.0 ], [ 1899339.0, 6136518.0 ], [ 1899376.0, 6136455.0 ], [ 1899422.0, 6136370.0 ], [ 1899487.0, 6136253.0 ], [ 1899516.0, 6136206.0 ], [ 1899538.0, 6136172.0 ], [ 1899559.0, 6136143.0 ], [ 1899567.0, 6136134.0 ], [ 1899588.0, 6136107.0 ], [ 1899614.0, 6136075.0 ], [ 1899630.0, 6136059.0 ], [ 1899647.0, 6136042.0 ], [ 1899705.0, 6135991.0 ], [ 1899748.0, 6135958.0 ], [ 1899823.0, 6135903.0 ], [ 1899970.0, 6135781.0 ], [ 1900015.0, 6135744.0 ], [ 1900029.0, 6135733.0 ], [ 1900056.0, 6135711.0 ], [ 1900100.0, 6135675.0 ], [ 1900136.0, 6135645.0 ], [ 1900246.0, 6135554.0 ], [ 1900292.0, 6135516.0 ], [ 1900372.0, 6135451.0 ], [ 1900439.0, 6135394.0 ], [ 1900483.0, 6135356.0 ], [ 1900512.0, 6135331.0 ], [ 1900571.0, 6135281.0 ], [ 1900611.0, 6135247.0 ], [ 1900630.0, 6135213.0 ], [ 1900674.0, 6135175.0 ], [ 1900766.0, 6135098.0 ], [ 1900822.0, 6135076.0 ], [ 1900906.0, 6135004.0 ], [ 1900914.0, 6134997.0 ], [ 1900922.0, 6134990.0 ], [ 1900929.0, 6134983.0 ], [ 1900936.0, 6134977.0 ], [ 1900950.0, 6134963.0 ], [ 1900956.0, 6134957.0 ], [ 1900963.0, 6134949.0 ], [ 1900969.0, 6134942.0 ], [ 1900975.0, 6134935.0 ], [ 1901005.0, 6134897.0 ], [ 1901024.0, 6134873.0 ], [ 1901068.0, 6134816.0 ], [ 1901106.0, 6134767.0 ], [ 1901110.0, 6134738.0 ], [ 1901111.0, 6134731.0 ], [ 1901117.0, 6134727.0 ], [ 1901123.0, 6134724.0 ], [ 1901128.0, 6134716.0 ], [ 1901136.0, 6134708.0 ], [ 1901140.0, 6134702.0 ], [ 1901140.0, 6134697.0 ], [ 1901140.0, 6134691.0 ], [ 1901158.0, 6134688.0 ], [ 1901179.0, 6134674.0 ], [ 1901261.0, 6134618.0 ], [ 1901274.0, 6134609.0 ], [ 1901300.0, 6134593.0 ], [ 1901309.0, 6134562.0 ], [ 1901316.0, 6134536.0 ], [ 1901339.0, 6134454.0 ], [ 1901365.0, 6134390.0 ], [ 1901367.0, 6134384.0 ], [ 1901369.0, 6134381.0 ], [ 1901393.0, 6134326.0 ], [ 1901387.0, 6134323.0 ], [ 1901422.0, 6134243.0 ], [ 1901428.0, 6134230.0 ], [ 1901462.0, 6134160.0 ], [ 1901485.0, 6134103.0 ], [ 1901495.0, 6134080.0 ], [ 1901499.0, 6134070.0 ], [ 1901509.0, 6134048.0 ], [ 1901540.0, 6133977.0 ], [ 1901543.0, 6133972.0 ], [ 1901551.0, 6133959.0 ], [ 1901565.0, 6133939.0 ], [ 1901578.0, 6133926.0 ], [ 1901589.0, 6133914.0 ], [ 1901599.0, 6133905.0 ], [ 1901678.0, 6133849.0 ], [ 1901697.0, 6133833.0 ], [ 1901717.0, 6133815.0 ], [ 1901805.0, 6133727.0 ], [ 1901931.0, 6133601.0 ], [ 1901960.0, 6133572.0 ], [ 1901991.0, 6133541.0 ], [ 1901999.0, 6133533.0 ], [ 1902007.0, 6133525.0 ], [ 1902052.0, 6133479.0 ], [ 1902084.0, 6133446.0 ], [ 1902109.0, 6133414.0 ], [ 1902120.0, 6133386.0 ], [ 1902123.0, 6133379.0 ], [ 1902134.0, 6133340.0 ], [ 1902191.0, 6133140.0 ], [ 1902193.0, 6133132.0 ], [ 1902232.0, 6132995.0 ], [ 1902234.0, 6132988.0 ], [ 1902242.0, 6132960.0 ], [ 1902263.0, 6132902.0 ], [ 1902270.0, 6132883.0 ], [ 1902288.0, 6132845.0 ], [ 1902345.0, 6132719.0 ], [ 1902354.0, 6132701.0 ], [ 1902359.0, 6132693.0 ], [ 1902364.0, 6132686.0 ], [ 1902381.0, 6132661.0 ], [ 1902403.0, 6132629.0 ], [ 1902422.0, 6132603.0 ], [ 1902489.0, 6132510.0 ], [ 1902527.0, 6132451.0 ], [ 1902541.0, 6132430.0 ], [ 1902551.0, 6132416.0 ], [ 1902561.0, 6132404.0 ], [ 1902590.0, 6132372.0 ], [ 1902616.0, 6132344.0 ], [ 1902629.0, 6132346.0 ], [ 1902636.0, 6132343.0 ], [ 1902641.0, 6132339.0 ], [ 1902643.0, 6132333.0 ], [ 1902644.0, 6132327.0 ], [ 1902644.0, 6132321.0 ], [ 1902642.0, 6132304.0 ], [ 1902651.0, 6132284.0 ], [ 1902657.0, 6132284.0 ], [ 1902666.0, 6132282.0 ], [ 1902680.0, 6132280.0 ], [ 1902684.0, 6132274.0 ], [ 1902688.0, 6132269.0 ], [ 1902705.0, 6132251.0 ], [ 1902738.0, 6132220.0 ], [ 1902811.0, 6132166.0 ], [ 1902818.0, 6132161.0 ], [ 1902842.0, 6132155.0 ], [ 1902851.0, 6132152.0 ], [ 1902857.0, 6132149.0 ], [ 1902863.0, 6132146.0 ], [ 1902869.0, 6132142.0 ], [ 1902874.0, 6132138.0 ], [ 1902963.0, 6132046.0 ], [ 1902996.0, 6132018.0 ], [ 1903064.0, 6131983.0 ], [ 1903099.0, 6131967.0 ], [ 1903107.0, 6131962.0 ], [ 1903110.0, 6131961.0 ], [ 1903112.0, 6131960.0 ], [ 1903113.0, 6131958.0 ], [ 1903114.0, 6131957.0 ], [ 1903116.0, 6131955.0 ], [ 1903118.0, 6131951.0 ], [ 1903139.0, 6131907.0 ], [ 1903152.0, 6131888.0 ], [ 1903182.0, 6131849.0 ], [ 1903224.0, 6131802.0 ], [ 1903251.0, 6131763.0 ], [ 1903337.0, 6131660.0 ], [ 1903381.0, 6131629.0 ], [ 1903391.0, 6131623.0 ], [ 1903409.0, 6131610.0 ], [ 1903433.0, 6131593.0 ], [ 1903558.0, 6131535.0 ], [ 1903588.0, 6131521.0 ], [ 1903615.0, 6131509.0 ], [ 1903636.0, 6131501.0 ], [ 1903644.0, 6131493.0 ], [ 1903707.0, 6131441.0 ], [ 1903768.0, 6131390.0 ], [ 1903772.0, 6131386.0 ], [ 1903777.0, 6131381.0 ], [ 1903837.0, 6131325.0 ], [ 1903882.0, 6131282.0 ], [ 1903994.0, 6131179.0 ], [ 1903999.0, 6131174.0 ], [ 1903965.0, 6131128.0 ], [ 1903963.0, 6131123.0 ], [ 1903912.0, 6131008.0 ], [ 1903920.0, 6131016.0 ], [ 1903923.0, 6131019.0 ], [ 1903927.0, 6131021.0 ], [ 1903932.0, 6131024.0 ], [ 1903935.0, 6131025.0 ], [ 1903938.0, 6131026.0 ], [ 1903945.0, 6131025.0 ], [ 1903949.0, 6131025.0 ], [ 1903952.0, 6131024.0 ], [ 1903955.0, 6131023.0 ], [ 1903958.0, 6131022.0 ], [ 1903960.0, 6131020.0 ], [ 1903962.0, 6131018.0 ], [ 1903964.0, 6131015.0 ], [ 1903967.0, 6131012.0 ], [ 1903968.0, 6131008.0 ], [ 1903969.0, 6131004.0 ], [ 1903973.0, 6130966.0 ], [ 1903983.0, 6130937.0 ], [ 1903985.0, 6130899.0 ], [ 1903988.0, 6130861.0 ], [ 1903993.0, 6130815.0 ], [ 1904002.0, 6130748.0 ], [ 1904007.0, 6130704.0 ], [ 1904017.0, 6130633.0 ], [ 1904022.0, 6130611.0 ], [ 1904031.0, 6130552.0 ], [ 1904036.0, 6130515.0 ], [ 1904042.0, 6130460.0 ], [ 1904044.0, 6130418.0 ], [ 1904051.0, 6130192.0 ], [ 1904052.0, 6130182.0 ], [ 1904054.0, 6130107.0 ], [ 1904068.0, 6129673.0 ], [ 1904069.0, 6129636.0 ], [ 1904073.0, 6129539.0 ], [ 1904078.0, 6129384.0 ], [ 1904078.0, 6129348.0 ], [ 1904080.0, 6129301.0 ], [ 1904081.0, 6129227.0 ], [ 1904083.0, 6129176.0 ], [ 1904083.0, 6129144.0 ], [ 1904083.0, 6129110.0 ], [ 1904085.0, 6129038.0 ], [ 1904087.0, 6128933.0 ], [ 1904089.0, 6128893.0 ], [ 1904092.0, 6128793.0 ], [ 1904095.0, 6128698.0 ], [ 1904096.0, 6128661.0 ], [ 1904099.0, 6128594.0 ], [ 1904101.0, 6128530.0 ], [ 1904104.0, 6128417.0 ], [ 1904106.0, 6128337.0 ], [ 1904109.0, 6128227.0 ], [ 1904113.0, 6128092.0 ], [ 1904114.0, 6128060.0 ], [ 1904114.0, 6128029.0 ], [ 1904112.0, 6127989.0 ], [ 1904110.0, 6127969.0 ], [ 1904108.0, 6127951.0 ], [ 1904105.0, 6127934.0 ], [ 1904102.0, 6127917.0 ], [ 1904095.0, 6127886.0 ], [ 1904090.0, 6127867.0 ], [ 1904086.0, 6127850.0 ], [ 1904079.0, 6127828.0 ], [ 1904071.0, 6127805.0 ], [ 1904039.0, 6127737.0 ], [ 1904023.0, 6127705.0 ], [ 1903991.0, 6127648.0 ], [ 1903930.0, 6127546.0 ], [ 1903893.0, 6127482.0 ], [ 1903855.0, 6127420.0 ], [ 1903833.0, 6127383.0 ], [ 1903812.0, 6127347.0 ], [ 1903749.0, 6127241.0 ], [ 1903718.0, 6127189.0 ], [ 1903714.0, 6127191.0 ], [ 1903704.0, 6127197.0 ], [ 1903699.0, 6127185.0 ], [ 1903686.0, 6127162.0 ], [ 1903649.0, 6127095.0 ], [ 1903608.0, 6127026.0 ], [ 1903603.0, 6127012.0 ], [ 1903589.0, 6126988.0 ], [ 1903587.0, 6126989.0 ], [ 1903585.0, 6126990.0 ], [ 1903594.0, 6127006.0 ], [ 1903596.0, 6127009.0 ], [ 1903593.0, 6127010.0 ], [ 1903507.0, 6127061.0 ] ] } },
{ "type": "Feature", "properties": { "source": 4031514486, "target": 9695187439, "ordering_random": 1, "length": 6652, "length_cumulative": 20177 }, "geometry": { "type": "LineString", "coordinates": [ [ 1907301.0, 6137990.0 ], [ 1907303.0, 6137984.0 ], [ 1907304.0, 6137981.0 ], [ 1907320.0, 6137987.0 ], [ 1907323.0, 6137976.0 ], [ 1907327.0, 6137959.0 ], [ 1907330.0, 6137943.0 ], [ 1907331.0, 6137935.0 ], [ 1907333.0, 6137915.0 ], [ 1907333.0, 6137893.0 ], [ 1907329.0, 6137885.0 ], [ 1907326.0, 6137881.0 ], [ 1907320.0, 6137871.0 ], [ 1907316.0, 6137866.0 ], [ 1907315.0, 6137864.0 ], [ 1907307.0, 6137852.0 ], [ 1907308.0, 6137851.0 ], [ 1907310.0, 6137850.0 ], [ 1907315.0, 6137847.0 ], [ 1907316.0, 6137846.0 ], [ 1907318.0, 6137845.0 ], [ 1907320.0, 6137844.0 ], [ 1907327.0, 6137840.0 ], [ 1907321.0, 6137830.0 ], [ 1907315.0, 6137820.0 ], [ 1907302.0, 6137800.0 ], [ 1907292.0, 6137786.0 ], [ 1907267.0, 6137750.0 ], [ 1907248.0, 6137724.0 ], [ 1907244.0, 6137718.0 ], [ 1907239.0, 6137712.0 ], [ 1907235.0, 6137707.0 ], [ 1907231.0, 6137702.0 ], [ 1907221.0, 6137692.0 ], [ 1907213.0, 6137683.0 ], [ 1907206.0, 6137675.0 ], [ 1907196.0, 6137662.0 ], [ 1907085.0, 6137512.0 ], [ 1907007.0, 6137406.0 ], [ 1906979.0, 6137370.0 ], [ 1906943.0, 6137322.0 ], [ 1906928.0, 6137301.0 ], [ 1906862.0, 6137212.0 ], [ 1906859.0, 6137208.0 ], [ 1906855.0, 6137203.0 ], [ 1906848.0, 6137191.0 ], [ 1906839.0, 6137176.0 ], [ 1906833.0, 6137165.0 ], [ 1906828.0, 6137153.0 ], [ 1906823.0, 6137142.0 ], [ 1906819.0, 6137130.0 ], [ 1906817.0, 6137123.0 ], [ 1906815.0, 6137116.0 ], [ 1906812.0, 6137106.0 ], [ 1906809.0, 6137095.0 ], [ 1906783.0, 6136970.0 ], [ 1906750.0, 6136810.0 ], [ 1906744.0, 6136783.0 ], [ 1906728.0, 6136705.0 ], [ 1906707.0, 6136601.0 ], [ 1906700.0, 6136569.0 ], [ 1906688.0, 6136516.0 ], [ 1906677.0, 6136464.0 ], [ 1906669.0, 6136409.0 ], [ 1906668.0, 6136398.0 ], [ 1906667.0, 6136374.0 ], [ 1906666.0, 6136363.0 ], [ 1906664.0, 6136351.0 ], [ 1906663.0, 6136345.0 ], [ 1906657.0, 6136297.0 ], [ 1906654.0, 6136271.0 ], [ 1906644.0, 6136187.0 ], [ 1906630.0, 6136081.0 ], [ 1906620.0, 6136012.0 ], [ 1906604.0, 6135874.0 ], [ 1906594.0, 6135808.0 ], [ 1906581.0, 6135714.0 ], [ 1906578.0, 6135671.0 ], [ 1906570.0, 6135602.0 ], [ 1906564.0, 6135554.0 ], [ 1906557.0, 6135474.0 ], [ 1906556.0, 6135462.0 ], [ 1906546.0, 6135460.0 ], [ 1906535.0, 6135440.0 ], [ 1906528.0, 6135427.0 ], [ 1906545.0, 6135254.0 ], [ 1906563.0, 6135092.0 ], [ 1906565.0, 6135089.0 ], [ 1906565.0, 6135079.0 ], [ 1906575.0, 6134989.0 ], [ 1906576.0, 6134976.0 ], [ 1906577.0, 6134971.0 ], [ 1906407.0, 6134953.0 ], [ 1906389.0, 6134949.0 ], [ 1906359.0, 6134944.0 ], [ 1906351.0, 6134942.0 ], [ 1906310.0, 6134931.0 ], [ 1906309.0, 6134923.0 ], [ 1906274.0, 6134912.0 ], [ 1906244.0, 6134900.0 ], [ 1906216.0, 6134886.0 ], [ 1906191.0, 6134870.0 ], [ 1906167.0, 6134852.0 ], [ 1906152.0, 6134841.0 ], [ 1906139.0, 6134829.0 ], [ 1906114.0, 6134805.0 ], [ 1906090.0, 6134777.0 ], [ 1906068.0, 6134747.0 ], [ 1906036.0, 6134695.0 ], [ 1906021.0, 6134668.0 ], [ 1905949.0, 6134538.0 ], [ 1905885.0, 6134425.0 ], [ 1905875.0, 6134408.0 ], [ 1905848.0, 6134358.0 ], [ 1905796.0, 6134263.0 ], [ 1905692.0, 6134077.0 ], [ 1905672.0, 6134041.0 ], [ 1905638.0, 6133980.0 ], [ 1905610.0, 6133929.0 ], [ 1905575.0, 6133866.0 ], [ 1905538.0, 6133799.0 ], [ 1905483.0, 6133699.0 ], [ 1905471.0, 6133678.0 ], [ 1905465.0, 6133667.0 ], [ 1905458.0, 6133657.0 ], [ 1905443.0, 6133636.0 ], [ 1905427.0, 6133615.0 ], [ 1905418.0, 6133604.0 ], [ 1905410.0, 6133594.0 ], [ 1905405.0, 6133589.0 ], [ 1905401.0, 6133584.0 ], [ 1905392.0, 6133575.0 ], [ 1905345.0, 6133532.0 ], [ 1905323.0, 6133514.0 ], [ 1905311.0, 6133505.0 ], [ 1905299.0, 6133496.0 ], [ 1905286.0, 6133488.0 ], [ 1905290.0, 6133483.0 ], [ 1905279.0, 6133476.0 ], [ 1905263.0, 6133467.0 ], [ 1905233.0, 6133450.0 ], [ 1905221.0, 6133443.0 ], [ 1905205.0, 6133434.0 ], [ 1905204.0, 6133434.0 ], [ 1905197.0, 6133429.0 ], [ 1905183.0, 6133417.0 ], [ 1905154.0, 6133394.0 ], [ 1905122.0, 6133367.0 ], [ 1905120.0, 6133357.0 ], [ 1905114.0, 6133358.0 ], [ 1905110.0, 6133341.0 ], [ 1905102.0, 6133337.0 ], [ 1905087.0, 6133327.0 ], [ 1905007.0, 6133276.0 ], [ 1905000.0, 6133273.0 ], [ 1904945.0, 6133246.0 ], [ 1904917.0, 6133251.0 ], [ 1904908.0, 6133253.0 ], [ 1904894.0, 6133222.0 ], [ 1904885.0, 6133219.0 ], [ 1904644.0, 6133163.0 ], [ 1904638.0, 6133152.0 ], [ 1904630.0, 6133156.0 ], [ 1904622.0, 6133155.0 ], [ 1904612.0, 6133157.0 ], [ 1904550.0, 6133181.0 ], [ 1904546.0, 6133184.0 ], [ 1904546.0, 6133206.0 ], [ 1904539.0, 6133207.0 ], [ 1904529.0, 6133210.0 ], [ 1904524.0, 6133208.0 ], [ 1904487.0, 6133212.0 ], [ 1904453.0, 6133217.0 ], [ 1904435.0, 6133219.0 ], [ 1904423.0, 6133220.0 ], [ 1904427.0, 6133245.0 ], [ 1904427.0, 6133249.0 ], [ 1904407.0, 6133253.0 ], [ 1904347.0, 6133267.0 ], [ 1904336.0, 6133274.0 ], [ 1904292.0, 6133300.0 ], [ 1904280.0, 6133307.0 ], [ 1904270.0, 6133314.0 ], [ 1904251.0, 6133327.0 ], [ 1904250.0, 6133326.0 ], [ 1904249.0, 6133326.0 ], [ 1904262.0, 6133345.0 ], [ 1904281.0, 6133375.0 ], [ 1904283.0, 6133374.0 ] ] } },
{ "type": "Feature", "properties": { "source": 9340979004, "target": 9695187439, "ordering_random": 2, "length": 5047, "length_cumulative": 25225 }, "geometry": { "type": "MultiLineString", "coordinates": [ [ [ 1904250.0, 6133328.0 ], [ 1904241.0, 6133335.0 ], [ 1904227.0, 6133344.0 ], [ 1904153.0, 6133397.0 ], [ 1904150.0, 6133399.0 ], [ 1904137.0, 6133383.0 ], [ 1904138.0, 6133379.0 ], [ 1904135.0, 6133378.0 ], [ 1904129.0, 6133375.0 ], [ 1904127.0, 6133374.0 ], [ 1904120.0, 6133371.0 ], [ 1904114.0, 6133368.0 ], [ 1904111.0, 6133366.0 ], [ 1904105.0, 6133360.0 ], [ 1904091.0, 6133355.0 ], [ 1904083.0, 6133352.0 ], [ 1904055.0, 6133421.0 ], [ 1904018.0, 6133491.0 ], [ 1904013.0, 6133488.0 ], [ 1904005.0, 6133484.0 ], [ 1903997.0, 6133480.0 ], [ 1903974.0, 6133513.0 ], [ 1903963.0, 6133529.0 ], [ 1903950.0, 6133545.0 ], [ 1903936.0, 6133560.0 ], [ 1903911.0, 6133586.0 ], [ 1903890.0, 6133607.0 ], [ 1903876.0, 6133620.0 ], [ 1903859.0, 6133635.0 ], [ 1903842.0, 6133650.0 ], [ 1903819.0, 6133670.0 ], [ 1903786.0, 6133695.0 ], [ 1903751.0, 6133719.0 ], [ 1903718.0, 6133740.0 ], [ 1903685.0, 6133761.0 ], [ 1903646.0, 6133782.0 ], [ 1903613.0, 6133799.0 ], [ 1903586.0, 6133811.0 ], [ 1903554.0, 6133825.0 ], [ 1903516.0, 6133840.0 ], [ 1903471.0, 6133856.0 ], [ 1903432.0, 6133870.0 ], [ 1903363.0, 6133894.0 ], [ 1903324.0, 6133909.0 ], [ 1903305.0, 6133916.0 ], [ 1903286.0, 6133924.0 ], [ 1903231.0, 6133948.0 ], [ 1903159.0, 6133982.0 ], [ 1903135.0, 6133993.0 ], [ 1903104.0, 6134005.0 ], [ 1903075.0, 6134014.0 ], [ 1903052.0, 6134022.0 ], [ 1903020.0, 6134029.0 ], [ 1902987.0, 6134036.0 ], [ 1902956.0, 6134041.0 ], [ 1902922.0, 6134045.0 ], [ 1902887.0, 6134047.0 ], [ 1902854.0, 6134048.0 ], [ 1902755.0, 6134048.0 ], [ 1902735.0, 6134048.0 ], [ 1902708.0, 6134049.0 ], [ 1902681.0, 6134050.0 ], [ 1902648.0, 6134053.0 ], [ 1902612.0, 6134057.0 ], [ 1902576.0, 6134062.0 ], [ 1902526.0, 6134071.0 ], [ 1902493.0, 6134078.0 ], [ 1902459.0, 6134086.0 ], [ 1902402.0, 6134101.0 ], [ 1902354.0, 6134114.0 ], [ 1902305.0, 6134128.0 ], [ 1902235.0, 6134151.0 ], [ 1902200.0, 6134163.0 ], [ 1902159.0, 6134177.0 ], [ 1902101.0, 6134199.0 ], [ 1902039.0, 6134224.0 ], [ 1901992.0, 6134244.0 ], [ 1901946.0, 6134264.0 ], [ 1901893.0, 6134288.0 ], [ 1901849.0, 6134309.0 ], [ 1901803.0, 6134333.0 ], [ 1901766.0, 6134352.0 ], [ 1901730.0, 6134372.0 ], [ 1901696.0, 6134391.0 ], [ 1901646.0, 6134420.0 ], [ 1901636.0, 6134426.0 ], [ 1901632.0, 6134428.0 ], [ 1901597.0, 6134451.0 ], [ 1901580.0, 6134462.0 ], [ 1901567.0, 6134472.0 ], [ 1901536.0, 6134530.0 ], [ 1901510.0, 6134565.0 ], [ 1901496.0, 6134582.0 ], [ 1901476.0, 6134601.0 ], [ 1901463.0, 6134612.0 ], [ 1901416.0, 6134648.0 ], [ 1901412.0, 6134652.0 ], [ 1901384.0, 6134672.0 ], [ 1901354.0, 6134700.0 ], [ 1901339.0, 6134715.0 ], [ 1901323.0, 6134732.0 ], [ 1901310.0, 6134751.0 ], [ 1901300.0, 6134768.0 ], [ 1901294.0, 6134777.0 ], [ 1901291.0, 6134782.0 ], [ 1901289.0, 6134787.0 ], [ 1901281.0, 6134805.0 ], [ 1901277.0, 6134813.0 ], [ 1901269.0, 6134826.0 ], [ 1901254.0, 6134851.0 ], [ 1901250.0, 6134858.0 ], [ 1901192.0, 6134946.0 ], [ 1901184.0, 6134957.0 ], [ 1901167.0, 6134980.0 ], [ 1901039.0, 6135163.0 ], [ 1900982.0, 6135246.0 ], [ 1900970.0, 6135274.0 ], [ 1900953.0, 6135317.0 ], [ 1900939.0, 6135341.0 ], [ 1900918.0, 6135360.0 ], [ 1900893.0, 6135371.0 ], [ 1900888.0, 6135374.0 ], [ 1900885.0, 6135375.0 ], [ 1900859.0, 6135387.0 ], [ 1900855.0, 6135389.0 ], [ 1900832.0, 6135400.0 ], [ 1900825.0, 6135404.0 ], [ 1900814.0, 6135409.0 ], [ 1900809.0, 6135412.0 ], [ 1900798.0, 6135419.0 ], [ 1900723.0, 6135467.0 ], [ 1900707.0, 6135481.0 ], [ 1900702.0, 6135484.0 ], [ 1900689.0, 6135493.0 ], [ 1900690.0, 6135498.0 ], [ 1900689.0, 6135503.0 ], [ 1900687.0, 6135507.0 ], [ 1900684.0, 6135510.0 ], [ 1900680.0, 6135512.0 ], [ 1900676.0, 6135513.0 ], [ 1900676.0, 6135545.0 ], [ 1900676.0, 6135553.0 ], [ 1900676.0, 6135604.0 ], [ 1900675.0, 6135676.0 ], [ 1900674.0, 6135697.0 ], [ 1900671.0, 6135776.0 ], [ 1900671.0, 6135795.0 ], [ 1900665.0, 6135797.0 ], [ 1900663.0, 6135819.0 ], [ 1900658.0, 6135868.0 ], [ 1900651.0, 6135913.0 ], [ 1900640.0, 6135915.0 ], [ 1900619.0, 6135936.0 ], [ 1900601.0, 6135975.0 ], [ 1900593.0, 6135985.0 ], [ 1900587.0, 6135993.0 ], [ 1900565.0, 6135962.0 ], [ 1900547.0, 6135950.0 ] ], [ [ 1904251.0, 6133327.0 ], [ 1904250.0, 6133328.0 ] ] ] } },
{ "type": "Feature", "properties": { "source": 5376708631, "target": 301351968, "ordering_random": 3, "length": 11214, "length_cumulative": 36439 }, "geometry": { "type": "LineString", "coordinates": [ [ 1903589.0, 6126988.0 ], [ 1903584.0, 6126980.0 ], [ 1903586.0, 6126979.0 ], [ 1903593.0, 6126975.0 ], [ 1903600.0, 6126971.0 ], [ 1903604.0, 6126968.0 ], [ 1903613.0, 6126963.0 ], [ 1903633.0, 6127000.0 ], [ 1903691.0, 6127097.0 ], [ 1903729.0, 6127161.0 ], [ 1903748.0, 6127195.0 ], [ 1903776.0, 6127242.0 ], [ 1903804.0, 6127290.0 ], [ 1903819.0, 6127314.0 ], [ 1903856.0, 6127377.0 ], [ 1903907.0, 6127463.0 ], [ 1903921.0, 6127487.0 ], [ 1903998.0, 6127618.0 ], [ 1904047.0, 6127703.0 ], [ 1904068.0, 6127745.0 ], [ 1904091.0, 6127798.0 ], [ 1904100.0, 6127823.0 ], [ 1904107.0, 6127847.0 ], [ 1904116.0, 6127882.0 ], [ 1904123.0, 6127914.0 ], [ 1904125.0, 6127930.0 ], [ 1904128.0, 6127946.0 ], [ 1904130.0, 6127963.0 ], [ 1904132.0, 6127978.0 ], [ 1904133.0, 6127993.0 ], [ 1904134.0, 6128008.0 ], [ 1904135.0, 6128029.0 ], [ 1904136.0, 6128050.0 ], [ 1904136.0, 6128091.0 ], [ 1904130.0, 6128268.0 ], [ 1904129.0, 6128293.0 ], [ 1904126.0, 6128413.0 ], [ 1904125.0, 6128414.0 ], [ 1904122.0, 6128527.0 ], [ 1904119.0, 6128596.0 ], [ 1904118.0, 6128641.0 ], [ 1904116.0, 6128698.0 ], [ 1904114.0, 6128772.0 ], [ 1904111.0, 6128855.0 ], [ 1904110.0, 6128893.0 ], [ 1904109.0, 6128925.0 ], [ 1904107.0, 6128982.0 ], [ 1904104.0, 6129075.0 ], [ 1904103.0, 6129111.0 ], [ 1904101.0, 6129149.0 ], [ 1904099.0, 6129195.0 ], [ 1904091.0, 6129385.0 ], [ 1904083.0, 6129638.0 ], [ 1904082.0, 6129672.0 ], [ 1904069.0, 6130107.0 ], [ 1904067.0, 6130173.0 ], [ 1904066.0, 6130193.0 ], [ 1904066.0, 6130213.0 ], [ 1904058.0, 6130418.0 ], [ 1904054.0, 6130462.0 ], [ 1904053.0, 6130473.0 ], [ 1904049.0, 6130503.0 ], [ 1904044.0, 6130539.0 ], [ 1904048.0, 6130539.0 ], [ 1904068.0, 6130542.0 ], [ 1904071.0, 6130541.0 ], [ 1904137.0, 6130550.0 ], [ 1904139.0, 6130560.0 ], [ 1904139.0, 6130586.0 ], [ 1904140.0, 6130598.0 ], [ 1904140.0, 6130608.0 ], [ 1904142.0, 6130691.0 ], [ 1904234.0, 6130716.0 ], [ 1904288.0, 6130728.0 ], [ 1904289.0, 6130777.0 ], [ 1904293.0, 6130812.0 ], [ 1904296.0, 6130829.0 ], [ 1904303.0, 6130879.0 ], [ 1904306.0, 6130892.0 ], [ 1904308.0, 6130911.0 ], [ 1904309.0, 6130929.0 ], [ 1904310.0, 6130940.0 ], [ 1904311.0, 6130949.0 ], [ 1904312.0, 6130955.0 ], [ 1904312.0, 6130958.0 ], [ 1904313.0, 6130967.0 ], [ 1904315.0, 6130999.0 ], [ 1904316.0, 6131017.0 ], [ 1904318.0, 6131027.0 ], [ 1904316.0, 6131033.0 ], [ 1904313.0, 6131039.0 ], [ 1904306.0, 6131058.0 ], [ 1904304.0, 6131062.0 ], [ 1904301.0, 6131072.0 ], [ 1904300.0, 6131078.0 ], [ 1904302.0, 6131082.0 ], [ 1904311.0, 6131086.0 ], [ 1904313.0, 6131088.0 ], [ 1904325.0, 6131095.0 ], [ 1904327.0, 6131096.0 ], [ 1904357.0, 6131111.0 ], [ 1904366.0, 6131122.0 ], [ 1904371.0, 6131134.0 ], [ 1904394.0, 6131138.0 ], [ 1904397.0, 6131141.0 ], [ 1904400.0, 6131146.0 ], [ 1904404.0, 6131151.0 ], [ 1904406.0, 6131154.0 ], [ 1904414.0, 6131168.0 ], [ 1904428.0, 6131168.0 ], [ 1904438.0, 6131168.0 ], [ 1904442.0, 6131168.0 ], [ 1904440.0, 6131174.0 ], [ 1904447.0, 6131185.0 ], [ 1904454.0, 6131198.0 ], [ 1904470.0, 6131224.0 ], [ 1904499.0, 6131252.0 ], [ 1904512.0, 6131264.0 ], [ 1904539.0, 6131285.0 ], [ 1904601.0, 6131334.0 ], [ 1904643.0, 6131365.0 ], [ 1904655.0, 6131374.0 ], [ 1904692.0, 6131401.0 ], [ 1904708.0, 6131413.0 ], [ 1904732.0, 6131431.0 ], [ 1904772.0, 6131461.0 ], [ 1904893.0, 6131550.0 ], [ 1904922.0, 6131571.0 ], [ 1904971.0, 6131608.0 ], [ 1904998.0, 6131627.0 ], [ 1905013.0, 6131638.0 ], [ 1905061.0, 6131674.0 ], [ 1905065.0, 6131677.0 ], [ 1905069.0, 6131681.0 ], [ 1905087.0, 6131694.0 ], [ 1905131.0, 6131723.0 ], [ 1905136.0, 6131726.0 ], [ 1905145.0, 6131732.0 ], [ 1905145.0, 6131733.0 ], [ 1905143.0, 6131735.0 ], [ 1905227.0, 6131794.0 ], [ 1905237.0, 6131801.0 ], [ 1905266.0, 6131819.0 ], [ 1905271.0, 6131823.0 ], [ 1905316.0, 6131849.0 ], [ 1905324.0, 6131853.0 ], [ 1905345.0, 6131865.0 ], [ 1905365.0, 6131875.0 ], [ 1905422.0, 6131904.0 ], [ 1905470.0, 6131928.0 ], [ 1905483.0, 6131933.0 ], [ 1905495.0, 6131938.0 ], [ 1905507.0, 6131946.0 ], [ 1905550.0, 6131979.0 ], [ 1905555.0, 6131981.0 ], [ 1905558.0, 6131983.0 ], [ 1905570.0, 6131990.0 ], [ 1905599.0, 6132009.0 ], [ 1905665.0, 6132053.0 ], [ 1905668.0, 6132056.0 ], [ 1905672.0, 6132058.0 ], [ 1905674.0, 6132061.0 ], [ 1905680.0, 6132066.0 ], [ 1905689.0, 6132074.0 ], [ 1905726.0, 6132108.0 ], [ 1905745.0, 6132115.0 ], [ 1905753.0, 6132117.0 ], [ 1905772.0, 6132138.0 ], [ 1905782.0, 6132149.0 ], [ 1905837.0, 6132214.0 ], [ 1905853.0, 6132232.0 ], [ 1905877.0, 6132259.0 ], [ 1905887.0, 6132262.0 ], [ 1905995.0, 6132385.0 ], [ 1906024.0, 6132419.0 ], [ 1906063.0, 6132463.0 ], [ 1906110.0, 6132516.0 ], [ 1906180.0, 6132597.0 ], [ 1906255.0, 6132677.0 ], [ 1906274.0, 6132701.0 ], [ 1906287.0, 6132715.0 ], [ 1906305.0, 6132736.0 ], [ 1906329.0, 6132764.0 ], [ 1906341.0, 6132779.0 ], [ 1906356.0, 6132796.0 ], [ 1906370.0, 6132811.0 ], [ 1906410.0, 6132859.0 ], [ 1906514.0, 6132978.0 ], [ 1906551.0, 6133022.0 ], [ 1906561.0, 6133034.0 ], [ 1906572.0, 6133047.0 ], [ 1906578.0, 6133054.0 ], [ 1906598.0, 6133076.0 ], [ 1906673.0, 6133168.0 ], [ 1906683.0, 6133179.0 ], [ 1906687.0, 6133185.0 ], [ 1906696.0, 6133199.0 ], [ 1906715.0, 6133225.0 ], [ 1906740.0, 6133266.0 ], [ 1906751.0, 6133282.0 ], [ 1906815.0, 6133387.0 ], [ 1906837.0, 6133422.0 ], [ 1906849.0, 6133440.0 ], [ 1906859.0, 6133457.0 ], [ 1906868.0, 6133470.0 ], [ 1906967.0, 6133626.0 ], [ 1906977.0, 6133643.0 ], [ 1907011.0, 6133696.0 ], [ 1907058.0, 6133765.0 ], [ 1907094.0, 6133814.0 ], [ 1907117.0, 6133852.0 ], [ 1907132.0, 6133880.0 ], [ 1907261.0, 6134080.0 ], [ 1907292.0, 6134128.0 ], [ 1907304.0, 6134146.0 ], [ 1907364.0, 6134239.0 ], [ 1907388.0, 6134276.0 ], [ 1907420.0, 6134326.0 ], [ 1907435.0, 6134348.0 ], [ 1907439.0, 6134354.0 ], [ 1907492.0, 6134439.0 ], [ 1907501.0, 6134454.0 ], [ 1907517.0, 6134478.0 ], [ 1907637.0, 6134664.0 ], [ 1907689.0, 6134745.0 ], [ 1907720.0, 6134793.0 ], [ 1907734.0, 6134816.0 ], [ 1907753.0, 6134844.0 ], [ 1907785.0, 6134892.0 ], [ 1907788.0, 6134896.0 ], [ 1907800.0, 6134914.0 ], [ 1907840.0, 6134976.0 ], [ 1907905.0, 6135078.0 ], [ 1907909.0, 6135084.0 ], [ 1907918.0, 6135099.0 ], [ 1907985.0, 6135205.0 ], [ 1908012.0, 6135249.0 ], [ 1908020.0, 6135261.0 ], [ 1908028.0, 6135273.0 ], [ 1908036.0, 6135286.0 ], [ 1908053.0, 6135312.0 ], [ 1908105.0, 6135393.0 ], [ 1908144.0, 6135451.0 ], [ 1908172.0, 6135494.0 ], [ 1908184.0, 6135512.0 ], [ 1908196.0, 6135518.0 ], [ 1908199.0, 6135520.0 ], [ 1908202.0, 6135521.0 ], [ 1908205.0, 6135522.0 ], [ 1908208.0, 6135523.0 ], [ 1908210.0, 6135524.0 ], [ 1908213.0, 6135524.0 ], [ 1908215.0, 6135525.0 ], [ 1908217.0, 6135525.0 ], [ 1908221.0, 6135525.0 ], [ 1908228.0, 6135524.0 ], [ 1908235.0, 6135524.0 ], [ 1908288.0, 6135489.0 ], [ 1908330.0, 6135461.0 ], [ 1908391.0, 6135423.0 ], [ 1908401.0, 6135427.0 ], [ 1908407.0, 6135430.0 ], [ 1908417.0, 6135433.0 ], [ 1908419.0, 6135436.0 ], [ 1908423.0, 6135444.0 ], [ 1908430.0, 6135440.0 ], [ 1908437.0, 6135438.0 ], [ 1908440.0, 6135437.0 ], [ 1908446.0, 6135428.0 ], [ 1908516.0, 6135379.0 ], [ 1908520.0, 6135376.0 ], [ 1908525.0, 6135372.0 ], [ 1908538.0, 6135370.0 ], [ 1908576.0, 6135397.0 ], [ 1908611.0, 6135421.0 ], [ 1908635.0, 6135431.0 ], [ 1908679.0, 6135429.0 ], [ 1908690.0, 6135434.0 ], [ 1908693.0, 6135433.0 ], [ 1908697.0, 6135432.0 ], [ 1908707.0, 6135428.0 ], [ 1908734.0, 6135467.0 ], [ 1908740.0, 6135463.0 ], [ 1908761.0, 6135494.0 ], [ 1908752.0, 6135500.0 ], [ 1908754.0, 6135504.0 ] ] } },
{ "type": "Feature", "properties": { "source": 1349059659, "target": 8014058036, "ordering_random": 4, "length": 5808, "length_cumulative": 42248 }, "geometry": { "type": "LineString", "coordinates": [ [ 1910339.0, 6141659.0 ], [ 1910322.0, 6141635.0 ], [ 1910291.0, 6141658.0 ], [ 1910283.0, 6141664.0 ], [ 1910286.0, 6141669.0 ], [ 1910295.0, 6141662.0 ], [ 1910298.0, 6141665.0 ], [ 1910295.0, 6141666.0 ], [ 1910285.0, 6141674.0 ], [ 1910281.0, 6141678.0 ], [ 1910278.0, 6141688.0 ], [ 1910259.0, 6141719.0 ], [ 1910204.0, 6141647.0 ], [ 1910226.0, 6141629.0 ], [ 1910228.0, 6141627.0 ], [ 1910228.0, 6141626.0 ], [ 1910228.0, 6141624.0 ], [ 1910229.0, 6141622.0 ], [ 1910229.0, 6141621.0 ], [ 1910228.0, 6141620.0 ], [ 1910228.0, 6141619.0 ], [ 1910228.0, 6141618.0 ], [ 1910227.0, 6141617.0 ], [ 1910166.0, 6141540.0 ], [ 1910144.0, 6141512.0 ], [ 1910093.0, 6141445.0 ], [ 1910019.0, 6141346.0 ], [ 1909996.0, 6141312.0 ], [ 1910020.0, 6141293.0 ], [ 1910027.0, 6141288.0 ], [ 1910030.0, 6141286.0 ], [ 1910035.0, 6141281.0 ], [ 1910038.0, 6141279.0 ], [ 1910041.0, 6141277.0 ], [ 1910047.0, 6141273.0 ], [ 1910059.0, 6141264.0 ], [ 1910032.0, 6141229.0 ], [ 1909997.0, 6141183.0 ], [ 1909957.0, 6141114.0 ], [ 1909939.0, 6141080.0 ], [ 1909921.0, 6141049.0 ], [ 1909908.0, 6141021.0 ], [ 1909900.0, 6141001.0 ], [ 1909896.0, 6140990.0 ], [ 1909875.0, 6140903.0 ], [ 1909867.0, 6140869.0 ], [ 1909860.0, 6140833.0 ], [ 1909857.0, 6140760.0 ], [ 1909858.0, 6140730.0 ], [ 1909860.0, 6140702.0 ], [ 1909867.0, 6140639.0 ], [ 1909857.0, 6140637.0 ], [ 1909849.0, 6140636.0 ], [ 1909843.0, 6140635.0 ], [ 1909794.0, 6140625.0 ], [ 1909710.0, 6140559.0 ], [ 1909645.0, 6140479.0 ], [ 1909617.0, 6140448.0 ], [ 1909606.0, 6140440.0 ], [ 1909554.0, 6140422.0 ], [ 1909545.0, 6140409.0 ], [ 1909545.0, 6140402.0 ], [ 1909548.0, 6140386.0 ], [ 1909543.0, 6140349.0 ], [ 1909545.0, 6140329.0 ], [ 1909545.0, 6140317.0 ], [ 1909546.0, 6140310.0 ], [ 1909546.0, 6140298.0 ], [ 1909547.0, 6140275.0 ], [ 1909511.0, 6140266.0 ], [ 1909486.0, 6140259.0 ], [ 1909411.0, 6140229.0 ], [ 1909350.0, 6140199.0 ], [ 1909298.0, 6140156.0 ], [ 1909266.0, 6140129.0 ], [ 1909257.0, 6140124.0 ], [ 1909248.0, 6140121.0 ], [ 1909234.0, 6140116.0 ], [ 1909222.0, 6140112.0 ], [ 1909193.0, 6140099.0 ], [ 1909161.0, 6140077.0 ], [ 1909132.0, 6140039.0 ], [ 1909112.0, 6140007.0 ], [ 1908856.0, 6139652.0 ], [ 1908834.0, 6139604.0 ], [ 1908804.0, 6139510.0 ], [ 1908812.0, 6139489.0 ], [ 1908838.0, 6139457.0 ], [ 1908842.0, 6139446.0 ], [ 1908842.0, 6139439.0 ], [ 1908839.0, 6139430.0 ], [ 1908803.0, 6139386.0 ], [ 1908761.0, 6139325.0 ], [ 1908754.0, 6139320.0 ], [ 1908746.0, 6139317.0 ], [ 1908738.0, 6139317.0 ], [ 1908731.0, 6139320.0 ], [ 1908710.0, 6139336.0 ], [ 1908697.0, 6139344.0 ], [ 1908683.0, 6139350.0 ], [ 1908671.0, 6139354.0 ], [ 1908669.0, 6139354.0 ], [ 1908659.0, 6139354.0 ], [ 1908647.0, 6139352.0 ], [ 1908634.0, 6139347.0 ], [ 1908628.0, 6139344.0 ], [ 1908620.0, 6139338.0 ], [ 1908608.0, 6139324.0 ], [ 1908595.0, 6139307.0 ], [ 1908587.0, 6139293.0 ], [ 1908582.0, 6139281.0 ], [ 1908574.0, 6139266.0 ], [ 1908564.0, 6139252.0 ], [ 1908555.0, 6139238.0 ], [ 1908544.0, 6139223.0 ], [ 1908534.0, 6139206.0 ], [ 1908514.0, 6139178.0 ], [ 1908494.0, 6139147.0 ], [ 1908470.0, 6139106.0 ], [ 1908450.0, 6139062.0 ], [ 1908440.0, 6139039.0 ], [ 1908434.0, 6139022.0 ], [ 1908430.0, 6139005.0 ], [ 1908422.0, 6138981.0 ], [ 1908413.0, 6138959.0 ], [ 1908406.0, 6138946.0 ], [ 1908372.0, 6138926.0 ], [ 1908364.0, 6138922.0 ], [ 1908358.0, 6138918.0 ], [ 1908345.0, 6138905.0 ], [ 1908338.0, 6138897.0 ], [ 1908331.0, 6138885.0 ], [ 1908326.0, 6138874.0 ], [ 1908295.0, 6138787.0 ], [ 1908241.0, 6138643.0 ], [ 1908223.0, 6138596.0 ], [ 1908207.0, 6138555.0 ], [ 1908181.0, 6138472.0 ], [ 1908171.0, 6138445.0 ], [ 1908168.0, 6138435.0 ], [ 1908165.0, 6138426.0 ], [ 1908164.0, 6138414.0 ], [ 1908163.0, 6138405.0 ], [ 1908164.0, 6138400.0 ], [ 1908170.0, 6138385.0 ], [ 1908179.0, 6138372.0 ], [ 1908182.0, 6138355.0 ], [ 1908041.0, 6138334.0 ], [ 1907918.0, 6138318.0 ], [ 1907878.0, 6138287.0 ], [ 1907828.0, 6138244.0 ], [ 1907795.0, 6138208.0 ], [ 1907782.0, 6138191.0 ], [ 1907776.0, 6138182.0 ], [ 1907761.0, 6138162.0 ], [ 1907757.0, 6138153.0 ], [ 1907756.0, 6138145.0 ], [ 1907756.0, 6138137.0 ], [ 1907759.0, 6138131.0 ], [ 1907764.0, 6138128.0 ], [ 1907761.0, 6138126.0 ], [ 1907758.0, 6138125.0 ], [ 1907746.0, 6138122.0 ], [ 1907733.0, 6138121.0 ], [ 1907728.0, 6138119.0 ], [ 1907727.0, 6138115.0 ], [ 1907726.0, 6138108.0 ], [ 1907725.0, 6138103.0 ], [ 1907723.0, 6138098.0 ], [ 1907719.0, 6138093.0 ], [ 1907709.0, 6138089.0 ], [ 1907696.0, 6138083.0 ], [ 1907689.0, 6138074.0 ], [ 1907680.0, 6138060.0 ], [ 1907652.0, 6138010.0 ], [ 1907630.0, 6137968.0 ], [ 1907625.0, 6137954.0 ], [ 1907619.0, 6137942.0 ], [ 1907614.0, 6137934.0 ], [ 1907619.0, 6137931.0 ], [ 1907617.0, 6137925.0 ], [ 1907671.0, 6137887.0 ], [ 1907674.0, 6137885.0 ], [ 1907683.0, 6137880.0 ], [ 1907696.0, 6137870.0 ], [ 1907702.0, 6137864.0 ], [ 1907708.0, 6137854.0 ], [ 1907710.0, 6137834.0 ], [ 1907713.0, 6137819.0 ], [ 1907692.0, 6137765.0 ], [ 1907678.0, 6137770.0 ], [ 1907620.0, 6137788.0 ], [ 1907599.0, 6137794.0 ], [ 1907590.0, 6137789.0 ], [ 1907575.0, 6137773.0 ], [ 1907533.0, 6137702.0 ] ] } },
{ "type": "Feature", "properties": { "source": 5376708631, "target": 1349059659, "ordering_random": 5, "length": 6971, "length_cumulative": 49219 }, "geometry": { "type": "LineString", "coordinates": [ [ 1909867.0, 6140639.0 ], [ 1909871.0, 6140597.0 ], [ 1909874.0, 6140578.0 ], [ 1909879.0, 6140559.0 ], [ 1909890.0, 6140524.0 ], [ 1909911.0, 6140470.0 ], [ 1909921.0, 6140444.0 ], [ 1909933.0, 6140418.0 ], [ 1909945.0, 6140397.0 ], [ 1909944.0, 6140396.0 ], [ 1909942.0, 6140395.0 ], [ 1909936.0, 6140392.0 ], [ 1909930.0, 6140389.0 ], [ 1909925.0, 6140386.0 ], [ 1909916.0, 6140383.0 ], [ 1909908.0, 6140380.0 ], [ 1909898.0, 6140368.0 ], [ 1909884.0, 6140336.0 ], [ 1909868.0, 6140309.0 ], [ 1909862.0, 6140287.0 ], [ 1909861.0, 6140282.0 ], [ 1909859.0, 6140274.0 ], [ 1909857.0, 6140266.0 ], [ 1909856.0, 6140259.0 ], [ 1909854.0, 6140252.0 ], [ 1909845.0, 6140240.0 ], [ 1909838.0, 6140226.0 ], [ 1909834.0, 6140221.0 ], [ 1909838.0, 6140217.0 ], [ 1909841.0, 6140208.0 ], [ 1909841.0, 6140199.0 ], [ 1909840.0, 6140188.0 ], [ 1909837.0, 6140178.0 ], [ 1909785.0, 6140090.0 ], [ 1909784.0, 6140088.0 ], [ 1909767.0, 6140080.0 ], [ 1909735.0, 6140029.0 ], [ 1909691.0, 6139962.0 ], [ 1909670.0, 6139937.0 ], [ 1909655.0, 6139914.0 ], [ 1909641.0, 6139882.0 ], [ 1909607.0, 6139820.0 ], [ 1909748.0, 6139694.0 ], [ 1909792.0, 6139655.0 ], [ 1909857.0, 6139597.0 ], [ 1909861.0, 6139595.0 ], [ 1909866.0, 6139593.0 ], [ 1909866.0, 6139586.0 ], [ 1909867.0, 6139575.0 ], [ 1909884.0, 6139475.0 ], [ 1909904.0, 6139353.0 ], [ 1909906.0, 6139343.0 ], [ 1909928.0, 6139211.0 ], [ 1909934.0, 6139176.0 ], [ 1909938.0, 6139154.0 ], [ 1909938.0, 6139153.0 ], [ 1909961.0, 6139017.0 ], [ 1909977.0, 6138926.0 ], [ 1909997.0, 6138803.0 ], [ 1910005.0, 6138756.0 ], [ 1910031.0, 6138602.0 ], [ 1910048.0, 6138506.0 ], [ 1910051.0, 6138486.0 ], [ 1910080.0, 6138313.0 ], [ 1910083.0, 6138298.0 ], [ 1910084.0, 6138289.0 ], [ 1910086.0, 6138281.0 ], [ 1910089.0, 6138274.0 ], [ 1910125.0, 6138200.0 ], [ 1910172.0, 6138107.0 ], [ 1910205.0, 6138040.0 ], [ 1910231.0, 6137987.0 ], [ 1910365.0, 6137710.0 ], [ 1910442.0, 6137552.0 ], [ 1910455.0, 6137527.0 ], [ 1910471.0, 6137497.0 ], [ 1910489.0, 6137465.0 ], [ 1910501.0, 6137431.0 ], [ 1910541.0, 6137349.0 ], [ 1910534.0, 6137326.0 ], [ 1910523.0, 6137304.0 ], [ 1910479.0, 6137281.0 ], [ 1910457.0, 6137269.0 ], [ 1910408.0, 6137240.0 ], [ 1910393.0, 6137233.0 ], [ 1910331.0, 6137201.0 ], [ 1910268.0, 6137169.0 ], [ 1910269.0, 6137161.0 ], [ 1910270.0, 6137155.0 ], [ 1910272.0, 6137147.0 ], [ 1910185.0, 6137103.0 ], [ 1909925.0, 6136970.0 ], [ 1909920.0, 6136967.0 ], [ 1909830.0, 6136921.0 ], [ 1909692.0, 6136851.0 ], [ 1909544.0, 6136776.0 ], [ 1909536.0, 6136771.0 ], [ 1909528.0, 6136768.0 ], [ 1909409.0, 6136708.0 ], [ 1909383.0, 6136696.0 ], [ 1909303.0, 6136656.0 ], [ 1909306.0, 6136649.0 ], [ 1909169.0, 6136579.0 ], [ 1909164.0, 6136576.0 ], [ 1909159.0, 6136574.0 ], [ 1909100.0, 6136544.0 ], [ 1908967.0, 6136476.0 ], [ 1908916.0, 6136443.0 ], [ 1908903.0, 6136435.0 ], [ 1908873.0, 6136415.0 ], [ 1908831.0, 6136382.0 ], [ 1908787.0, 6136348.0 ], [ 1908749.0, 6136314.0 ], [ 1908722.0, 6136287.0 ], [ 1908675.0, 6136237.0 ], [ 1908668.0, 6136229.0 ], [ 1908658.0, 6136218.0 ], [ 1908653.0, 6136214.0 ], [ 1908621.0, 6136172.0 ], [ 1908588.0, 6136126.0 ], [ 1908565.0, 6136093.0 ], [ 1908515.0, 6136017.0 ], [ 1908507.0, 6136004.0 ], [ 1908498.0, 6135990.0 ], [ 1908423.0, 6135875.0 ], [ 1908420.0, 6135864.0 ], [ 1908419.0, 6135857.0 ], [ 1908402.0, 6135831.0 ], [ 1908382.0, 6135809.0 ], [ 1908348.0, 6135757.0 ], [ 1908336.0, 6135738.0 ], [ 1908335.0, 6135734.0 ], [ 1908332.0, 6135724.0 ], [ 1908361.0, 6135715.0 ], [ 1908370.0, 6135712.0 ], [ 1908379.0, 6135709.0 ], [ 1908388.0, 6135705.0 ], [ 1908395.0, 6135700.0 ], [ 1908403.0, 6135692.0 ], [ 1908419.0, 6135682.0 ], [ 1908430.0, 6135675.0 ], [ 1908436.0, 6135671.0 ], [ 1908442.0, 6135664.0 ], [ 1908459.0, 6135651.0 ], [ 1908479.0, 6135636.0 ], [ 1908495.0, 6135624.0 ], [ 1908511.0, 6135613.0 ], [ 1908520.0, 6135605.0 ], [ 1908529.0, 6135596.0 ], [ 1908540.0, 6135586.0 ], [ 1908547.0, 6135576.0 ], [ 1908552.0, 6135568.0 ], [ 1908559.0, 6135551.0 ], [ 1908564.0, 6135543.0 ], [ 1908569.0, 6135535.0 ], [ 1908575.0, 6135533.0 ], [ 1908582.0, 6135528.0 ], [ 1908592.0, 6135521.0 ], [ 1908602.0, 6135521.0 ], [ 1908624.0, 6135512.0 ], [ 1908643.0, 6135482.0 ], [ 1908665.0, 6135463.0 ], [ 1908679.0, 6135429.0 ] ] } },
{ "type": "Feature", "properties": { "source": 4031514486, "target": 5347998233, "ordering_random": 6, "length": 11619, "length_cumulative": 60839 }, "geometry": { "type": "LineString", "coordinates": [ [ 1898240.0, 6137473.0 ], [ 1898244.0, 6137477.0 ], [ 1898273.0, 6137457.0 ], [ 1898371.0, 6137370.0 ], [ 1898493.0, 6137259.0 ], [ 1898538.0, 6137218.0 ], [ 1898552.0, 6137208.0 ], [ 1898556.0, 6137206.0 ], [ 1898606.0, 6137178.0 ], [ 1898752.0, 6137077.0 ], [ 1898825.0, 6137033.0 ], [ 1898893.0, 6136991.0 ], [ 1898922.0, 6136978.0 ], [ 1898968.0, 6136945.0 ], [ 1898976.0, 6136944.0 ], [ 1898981.0, 6136944.0 ], [ 1898985.0, 6136946.0 ], [ 1898991.0, 6136952.0 ], [ 1899021.0, 6137006.0 ], [ 1899025.0, 6137016.0 ], [ 1899024.0, 6137017.0 ], [ 1899019.0, 6137020.0 ], [ 1899017.0, 6137022.0 ], [ 1899017.0, 6137025.0 ], [ 1899019.0, 6137028.0 ], [ 1899023.0, 6137034.0 ], [ 1899028.0, 6137042.0 ], [ 1899115.0, 6136981.0 ], [ 1899157.0, 6136939.0 ], [ 1899265.0, 6136852.0 ], [ 1899384.0, 6136766.0 ], [ 1899456.0, 6136718.0 ], [ 1899497.0, 6136677.0 ], [ 1899594.0, 6136608.0 ], [ 1899602.0, 6136602.0 ], [ 1899961.0, 6136358.0 ], [ 1900002.0, 6136334.0 ], [ 1900021.0, 6136327.0 ], [ 1900027.0, 6136324.0 ], [ 1900071.0, 6136322.0 ], [ 1900247.0, 6136315.0 ], [ 1900381.0, 6136277.0 ], [ 1900391.0, 6136274.0 ], [ 1900406.0, 6136274.0 ], [ 1900420.0, 6136264.0 ], [ 1900437.0, 6136252.0 ], [ 1900451.0, 6136251.0 ], [ 1900472.0, 6136247.0 ], [ 1900483.0, 6136247.0 ], [ 1900499.0, 6136243.0 ], [ 1900528.0, 6136234.0 ], [ 1900555.0, 6136230.0 ], [ 1900556.0, 6136222.0 ], [ 1900592.0, 6136216.0 ], [ 1900596.0, 6136197.0 ], [ 1900600.0, 6136198.0 ], [ 1900606.0, 6136197.0 ], [ 1900603.0, 6136210.0 ], [ 1900623.0, 6136249.0 ], [ 1900624.0, 6136257.0 ], [ 1900636.0, 6136258.0 ], [ 1900646.0, 6136259.0 ], [ 1900657.0, 6136262.0 ], [ 1900661.0, 6136265.0 ], [ 1900672.0, 6136265.0 ], [ 1900690.0, 6136262.0 ], [ 1900702.0, 6136262.0 ], [ 1900708.0, 6136263.0 ], [ 1900736.0, 6136268.0 ], [ 1900741.0, 6136239.0 ], [ 1900771.0, 6136241.0 ], [ 1900822.0, 6136245.0 ], [ 1900860.0, 6136247.0 ], [ 1900905.0, 6136250.0 ], [ 1900961.0, 6136255.0 ], [ 1901013.0, 6136283.0 ], [ 1901053.0, 6136303.0 ], [ 1901084.0, 6136315.0 ], [ 1901100.0, 6136316.0 ], [ 1901143.0, 6136303.0 ], [ 1901187.0, 6136295.0 ], [ 1901297.0, 6136278.0 ], [ 1901332.0, 6136253.0 ], [ 1901384.0, 6136221.0 ], [ 1901438.0, 6136188.0 ], [ 1901479.0, 6136167.0 ], [ 1901498.0, 6136159.0 ], [ 1901512.0, 6136157.0 ], [ 1901518.0, 6136181.0 ], [ 1901524.0, 6136195.0 ], [ 1901553.0, 6136253.0 ], [ 1901571.0, 6136284.0 ], [ 1901580.0, 6136302.0 ], [ 1901601.0, 6136344.0 ], [ 1901612.0, 6136364.0 ], [ 1901618.0, 6136371.0 ], [ 1901632.0, 6136394.0 ], [ 1901641.0, 6136405.0 ], [ 1901647.0, 6136411.0 ], [ 1901657.0, 6136418.0 ], [ 1901671.0, 6136427.0 ], [ 1901687.0, 6136436.0 ], [ 1901694.0, 6136441.0 ], [ 1901698.0, 6136444.0 ], [ 1901703.0, 6136450.0 ], [ 1901719.0, 6136471.0 ], [ 1901736.0, 6136490.0 ], [ 1901754.0, 6136512.0 ], [ 1901773.0, 6136533.0 ], [ 1901797.0, 6136557.0 ], [ 1901806.0, 6136569.0 ], [ 1901815.0, 6136579.0 ], [ 1901822.0, 6136584.0 ], [ 1901829.0, 6136588.0 ], [ 1901837.0, 6136591.0 ], [ 1901846.0, 6136592.0 ], [ 1901855.0, 6136593.0 ], [ 1901864.0, 6136596.0 ], [ 1901884.0, 6136605.0 ], [ 1901907.0, 6136613.0 ], [ 1901918.0, 6136618.0 ], [ 1901930.0, 6136624.0 ], [ 1901956.0, 6136634.0 ], [ 1901967.0, 6136639.0 ], [ 1901975.0, 6136644.0 ], [ 1901983.0, 6136649.0 ], [ 1901992.0, 6136659.0 ], [ 1902023.0, 6136703.0 ], [ 1902033.0, 6136718.0 ], [ 1902044.0, 6136736.0 ], [ 1902058.0, 6136761.0 ], [ 1902066.0, 6136771.0 ], [ 1902090.0, 6136803.0 ], [ 1902094.0, 6136805.0 ], [ 1902111.0, 6136814.0 ], [ 1902135.0, 6136826.0 ], [ 1902153.0, 6136833.0 ], [ 1902194.0, 6136845.0 ], [ 1902217.0, 6136856.0 ], [ 1902248.0, 6136874.0 ], [ 1902257.0, 6136878.0 ], [ 1902269.0, 6136880.0 ], [ 1902274.0, 6136880.0 ], [ 1902283.0, 6136880.0 ], [ 1902293.0, 6136878.0 ], [ 1902302.0, 6136878.0 ], [ 1902309.0, 6136880.0 ], [ 1902317.0, 6136884.0 ], [ 1902324.0, 6136892.0 ], [ 1902328.0, 6136899.0 ], [ 1902335.0, 6136920.0 ], [ 1902338.0, 6136930.0 ], [ 1902343.0, 6136937.0 ], [ 1902349.0, 6136942.0 ], [ 1902365.0, 6136950.0 ], [ 1902384.0, 6136958.0 ], [ 1902418.0, 6136969.0 ], [ 1902437.0, 6136973.0 ], [ 1902454.0, 6136974.0 ], [ 1902475.0, 6136976.0 ], [ 1902488.0, 6136978.0 ], [ 1902501.0, 6136984.0 ], [ 1902512.0, 6136991.0 ], [ 1902522.0, 6137000.0 ], [ 1902540.0, 6137021.0 ], [ 1902554.0, 6137035.0 ], [ 1902577.0, 6137042.0 ], [ 1902600.0, 6137044.0 ], [ 1902618.0, 6137041.0 ], [ 1902647.0, 6137030.0 ], [ 1902684.0, 6136999.0 ], [ 1902719.0, 6136978.0 ], [ 1902774.0, 6136960.0 ], [ 1902824.0, 6136936.0 ], [ 1902857.0, 6136932.0 ], [ 1902873.0, 6136939.0 ], [ 1902893.0, 6136976.0 ], [ 1902928.0, 6137026.0 ], [ 1902963.0, 6137061.0 ], [ 1903010.0, 6137096.0 ], [ 1903049.0, 6137120.0 ], [ 1903084.0, 6137137.0 ], [ 1903126.0, 6137148.0 ], [ 1903180.0, 6137156.0 ], [ 1903199.0, 6137157.0 ], [ 1903266.0, 6137149.0 ], [ 1903291.0, 6137144.0 ], [ 1903292.0, 6137134.0 ], [ 1903304.0, 6137151.0 ], [ 1903315.0, 6137162.0 ], [ 1903319.0, 6137168.0 ], [ 1903323.0, 6137170.0 ], [ 1903327.0, 6137168.0 ], [ 1903334.0, 6137163.0 ], [ 1903356.0, 6137168.0 ], [ 1903372.0, 6137170.0 ], [ 1903370.0, 6137160.0 ], [ 1903366.0, 6137147.0 ], [ 1903371.0, 6137145.0 ], [ 1903376.0, 6137142.0 ], [ 1903383.0, 6137162.0 ], [ 1903460.0, 6137164.0 ], [ 1903518.0, 6137168.0 ], [ 1903542.0, 6137162.0 ], [ 1903558.0, 6137159.0 ], [ 1903565.0, 6137157.0 ], [ 1903579.0, 6137154.0 ], [ 1903629.0, 6137149.0 ], [ 1903679.0, 6137150.0 ], [ 1903745.0, 6137166.0 ], [ 1903838.0, 6137188.0 ], [ 1903872.0, 6137207.0 ], [ 1903892.0, 6137220.0 ], [ 1903925.0, 6137234.0 ], [ 1903941.0, 6137232.0 ], [ 1903956.0, 6137228.0 ], [ 1903972.0, 6137221.0 ], [ 1903992.0, 6137212.0 ], [ 1903999.0, 6137211.0 ], [ 1904009.0, 6137213.0 ], [ 1904029.0, 6137218.0 ], [ 1904046.0, 6137218.0 ], [ 1904056.0, 6137216.0 ], [ 1904078.0, 6137210.0 ], [ 1904086.0, 6137205.0 ], [ 1904096.0, 6137200.0 ], [ 1904117.0, 6137192.0 ], [ 1904140.0, 6137188.0 ], [ 1904161.0, 6137176.0 ], [ 1904174.0, 6137171.0 ], [ 1904196.0, 6137167.0 ], [ 1904207.0, 6137167.0 ], [ 1904215.0, 6137169.0 ], [ 1904225.0, 6137175.0 ], [ 1904240.0, 6137188.0 ], [ 1904286.0, 6137219.0 ], [ 1904302.0, 6137227.0 ], [ 1904311.0, 6137235.0 ], [ 1904321.0, 6137248.0 ], [ 1904357.0, 6137301.0 ], [ 1904377.0, 6137324.0 ], [ 1904387.0, 6137336.0 ], [ 1904398.0, 6137344.0 ], [ 1904407.0, 6137350.0 ], [ 1904417.0, 6137355.0 ], [ 1904431.0, 6137359.0 ], [ 1904468.0, 6137369.0 ], [ 1904485.0, 6137373.0 ], [ 1904495.0, 6137377.0 ], [ 1904509.0, 6137387.0 ], [ 1904536.0, 6137412.0 ], [ 1904545.0, 6137418.0 ], [ 1904557.0, 6137423.0 ], [ 1904574.0, 6137424.0 ], [ 1904585.0, 6137421.0 ], [ 1904603.0, 6137412.0 ], [ 1904648.0, 6137388.0 ], [ 1904673.0, 6137380.0 ], [ 1904719.0, 6137364.0 ], [ 1904775.0, 6137354.0 ], [ 1904795.0, 6137352.0 ], [ 1904803.0, 6137351.0 ], [ 1904813.0, 6137347.0 ], [ 1904818.0, 6137342.0 ], [ 1904831.0, 6137343.0 ], [ 1904846.0, 6137342.0 ], [ 1904886.0, 6137341.0 ], [ 1904910.0, 6137342.0 ], [ 1904954.0, 6137349.0 ], [ 1904975.0, 6137354.0 ], [ 1905004.0, 6137345.0 ], [ 1905031.0, 6137337.0 ], [ 1905078.0, 6137306.0 ], [ 1905107.0, 6137285.0 ], [ 1905137.0, 6137280.0 ], [ 1905185.0, 6137282.0 ], [ 1905231.0, 6137282.0 ], [ 1905279.0, 6137263.0 ], [ 1905329.0, 6137242.0 ], [ 1905381.0, 6137211.0 ], [ 1905394.0, 6137201.0 ], [ 1905413.0, 6137186.0 ], [ 1905451.0, 6137197.0 ], [ 1905499.0, 6137200.0 ], [ 1905529.0, 6137217.0 ], [ 1905544.0, 6137232.0 ], [ 1905554.0, 6137242.0 ], [ 1905561.0, 6137245.0 ], [ 1905568.0, 6137245.0 ], [ 1905582.0, 6137243.0 ], [ 1905602.0, 6137241.0 ], [ 1905615.0, 6137242.0 ], [ 1905673.0, 6137242.0 ], [ 1905732.0, 6137238.0 ], [ 1905739.0, 6137235.0 ], [ 1905764.0, 6137207.0 ], [ 1905797.0, 6137173.0 ], [ 1905803.0, 6137165.0 ], [ 1905820.0, 6137187.0 ], [ 1905831.0, 6137235.0 ], [ 1905837.0, 6137327.0 ], [ 1905838.0, 6137328.0 ], [ 1905839.0, 6137330.0 ], [ 1905840.0, 6137332.0 ], [ 1905845.0, 6137436.0 ], [ 1905846.0, 6137473.0 ], [ 1905843.0, 6137506.0 ], [ 1905846.0, 6137514.0 ], [ 1905847.0, 6137520.0 ], [ 1905851.0, 6137529.0 ], [ 1905857.0, 6137537.0 ], [ 1905866.0, 6137544.0 ], [ 1905888.0, 6137551.0 ], [ 1905901.0, 6137551.0 ], [ 1905910.0, 6137550.0 ], [ 1905929.0, 6137548.0 ], [ 1905944.0, 6137544.0 ], [ 1905964.0, 6137541.0 ], [ 1905980.0, 6137536.0 ], [ 1905994.0, 6137526.0 ], [ 1906002.0, 6137521.0 ], [ 1906011.0, 6137519.0 ], [ 1906021.0, 6137519.0 ], [ 1906044.0, 6137528.0 ], [ 1906062.0, 6137526.0 ], [ 1906081.0, 6137522.0 ], [ 1906100.0, 6137516.0 ], [ 1906118.0, 6137510.0 ], [ 1906162.0, 6137493.0 ], [ 1906182.0, 6137484.0 ], [ 1906202.0, 6137473.0 ], [ 1906210.0, 6137468.0 ], [ 1906224.0, 6137459.0 ], [ 1906249.0, 6137438.0 ], [ 1906270.0, 6137422.0 ], [ 1906281.0, 6137413.0 ], [ 1906293.0, 6137406.0 ], [ 1906299.0, 6137403.0 ], [ 1906307.0, 6137401.0 ], [ 1906333.0, 6137398.0 ], [ 1906340.0, 6137397.0 ], [ 1906347.0, 6137395.0 ], [ 1906350.0, 6137390.0 ], [ 1906352.0, 6137385.0 ], [ 1906354.0, 6137376.0 ], [ 1906357.0, 6137368.0 ], [ 1906364.0, 6137362.0 ], [ 1906370.0, 6137356.0 ], [ 1906382.0, 6137343.0 ], [ 1906408.0, 6137387.0 ], [ 1906411.0, 6137396.0 ], [ 1906409.0, 6137406.0 ], [ 1906407.0, 6137422.0 ], [ 1906408.0, 6137431.0 ], [ 1906411.0, 6137437.0 ], [ 1906414.0, 6137443.0 ], [ 1906419.0, 6137446.0 ], [ 1906445.0, 6137464.0 ], [ 1906453.0, 6137471.0 ], [ 1906458.0, 6137479.0 ], [ 1906459.0, 6137483.0 ], [ 1906458.0, 6137486.0 ], [ 1906487.0, 6137506.0 ], [ 1906510.0, 6137523.0 ], [ 1906527.0, 6137541.0 ], [ 1906571.0, 6137587.0 ], [ 1906615.0, 6137631.0 ], [ 1906638.0, 6137653.0 ], [ 1906661.0, 6137672.0 ], [ 1906708.0, 6137711.0 ], [ 1906741.0, 6137739.0 ], [ 1906761.0, 6137757.0 ], [ 1906770.0, 6137771.0 ], [ 1906833.0, 6137813.0 ], [ 1906897.0, 6137854.0 ], [ 1906990.0, 6137898.0 ], [ 1907072.0, 6137938.0 ], [ 1907131.0, 6137966.0 ], [ 1907148.0, 6137975.0 ], [ 1907181.0, 6137992.0 ], [ 1907283.0, 6138046.0 ], [ 1907294.0, 6138055.0 ], [ 1907304.0, 6138065.0 ], [ 1907312.0, 6138075.0 ], [ 1907316.0, 6138081.0 ], [ 1907348.0, 6138135.0 ], [ 1907352.0, 6138140.0 ], [ 1907355.0, 6138144.0 ], [ 1907436.0, 6138098.0 ], [ 1907420.0, 6138066.0 ], [ 1907404.0, 6138032.0 ], [ 1907365.0, 6138011.0 ], [ 1907353.0, 6138007.0 ], [ 1907351.0, 6138006.0 ], [ 1907338.0, 6138001.0 ], [ 1907334.0, 6137999.0 ], [ 1907333.0, 6138003.0 ], [ 1907320.0, 6137998.0 ], [ 1907301.0, 6137990.0 ] ] } },
{ "type": "Feature", "properties": { "source": 13064805799, "target": 301351968, "ordering_random": 7, "length": 16468, "length_cumulative": 77307 }, "geometry": { "type": "MultiLineString", "coordinates": [ [ [ 1906871.0, 6128387.0 ], [ 1906868.0, 6128355.0 ], [ 1906865.0, 6128344.0 ], [ 1906856.0, 6128298.0 ], [ 1906846.0, 6128211.0 ], [ 1906835.0, 6128182.0 ], [ 1906817.0, 6128155.0 ], [ 1906796.0, 6128135.0 ], [ 1906761.0, 6128120.0 ], [ 1906733.0, 6128118.0 ], [ 1906655.0, 6128121.0 ], [ 1906509.0, 6128128.0 ], [ 1906500.0, 6128130.0 ], [ 1906499.0, 6128115.0 ], [ 1906431.0, 6128120.0 ], [ 1906318.0, 6128126.0 ], [ 1906299.0, 6128127.0 ], [ 1906280.0, 6128128.0 ], [ 1906176.0, 6128133.0 ], [ 1906046.0, 6128138.0 ], [ 1906046.0, 6128129.0 ], [ 1906045.0, 6128110.0 ], [ 1905983.0, 6128113.0 ], [ 1905955.0, 6128114.0 ], [ 1905919.0, 6128116.0 ], [ 1905911.0, 6128116.0 ], [ 1905907.0, 6128117.0 ], [ 1905847.0, 6128120.0 ], [ 1905810.0, 6128122.0 ], [ 1905783.0, 6128113.0 ], [ 1905754.0, 6128115.0 ], [ 1905748.0, 6128115.0 ], [ 1905740.0, 6128116.0 ], [ 1905696.0, 6128118.0 ], [ 1905696.0, 6128103.0 ], [ 1905687.0, 6128096.0 ], [ 1905661.0, 6128079.0 ], [ 1905660.0, 6128076.0 ], [ 1905657.0, 6128072.0 ], [ 1905645.0, 6128074.0 ], [ 1905553.0, 6127939.0 ], [ 1905375.0, 6127660.0 ], [ 1905240.0, 6127445.0 ], [ 1905231.0, 6127433.0 ], [ 1905219.0, 6127424.0 ], [ 1905207.0, 6127418.0 ], [ 1905168.0, 6127405.0 ], [ 1905167.0, 6127410.0 ], [ 1905129.0, 6127399.0 ], [ 1905119.0, 6127395.0 ], [ 1905114.0, 6127398.0 ], [ 1905110.0, 6127401.0 ], [ 1905105.0, 6127404.0 ], [ 1905102.0, 6127406.0 ], [ 1905099.0, 6127408.0 ], [ 1905089.0, 6127407.0 ], [ 1905081.0, 6127406.0 ], [ 1905073.0, 6127406.0 ], [ 1905066.0, 6127410.0 ], [ 1905055.0, 6127417.0 ], [ 1905052.0, 6127426.0 ], [ 1905042.0, 6127424.0 ], [ 1905012.0, 6127425.0 ], [ 1904988.0, 6127433.0 ], [ 1904962.0, 6127443.0 ], [ 1904927.0, 6127451.0 ], [ 1904896.0, 6127456.0 ], [ 1904854.0, 6127459.0 ], [ 1904827.0, 6127461.0 ], [ 1904810.0, 6127466.0 ], [ 1904801.0, 6127467.0 ], [ 1904767.0, 6127469.0 ], [ 1904746.0, 6127466.0 ], [ 1904733.0, 6127467.0 ], [ 1904706.0, 6127468.0 ], [ 1904463.0, 6127481.0 ], [ 1904425.0, 6127475.0 ], [ 1904388.0, 6127476.0 ], [ 1904322.0, 6127477.0 ], [ 1904298.0, 6127479.0 ], [ 1904281.0, 6127480.0 ], [ 1904266.0, 6127481.0 ], [ 1904232.0, 6127485.0 ], [ 1904231.0, 6127473.0 ], [ 1904208.0, 6127470.0 ], [ 1904121.0, 6127468.0 ], [ 1903960.0, 6127465.0 ], [ 1903923.0, 6127465.0 ], [ 1903920.0, 6127459.0 ], [ 1903912.0, 6127447.0 ], [ 1903842.0, 6127329.0 ], [ 1903828.0, 6127304.0 ], [ 1903826.0, 6127293.0 ], [ 1903804.0, 6127290.0 ] ], [ [ 1906871.0, 6128387.0 ], [ 1906871.0, 6128388.0 ], [ 1906857.0, 6128388.0 ], [ 1906855.0, 6128356.0 ], [ 1906857.0, 6128356.0 ], [ 1906858.0, 6128356.0 ], [ 1906860.0, 6128356.0 ], [ 1906861.0, 6128381.0 ], [ 1906861.0, 6128388.0 ], [ 1906871.0, 6128387.0 ] ], [ [ 1908784.0, 6130078.0 ], [ 1908763.0, 6130065.0 ], [ 1908727.0, 6130044.0 ], [ 1908705.0, 6130028.0 ], [ 1908678.0, 6130009.0 ], [ 1908635.0, 6129968.0 ], [ 1908599.0, 6129928.0 ], [ 1907807.0, 6129040.0 ], [ 1907492.0, 6128688.0 ], [ 1907469.0, 6128669.0 ], [ 1907461.0, 6128662.0 ], [ 1907450.0, 6128658.0 ], [ 1907438.0, 6128653.0 ], [ 1907431.0, 6128655.0 ], [ 1907418.0, 6128670.0 ], [ 1907410.0, 6128673.0 ], [ 1907395.0, 6128666.0 ], [ 1907312.0, 6128624.0 ], [ 1907160.0, 6128565.0 ], [ 1907161.0, 6128558.0 ], [ 1907150.0, 6128533.0 ], [ 1907113.0, 6128527.0 ], [ 1907054.0, 6128518.0 ], [ 1907010.0, 6128513.0 ], [ 1907002.0, 6128507.0 ], [ 1906994.0, 6128496.0 ], [ 1906986.0, 6128473.0 ], [ 1906978.0, 6128461.0 ], [ 1906961.0, 6128441.0 ], [ 1906953.0, 6128434.0 ], [ 1906938.0, 6128429.0 ], [ 1906933.0, 6128427.0 ], [ 1906926.0, 6128419.0 ], [ 1906924.0, 6128401.0 ], [ 1906925.0, 6128382.0 ], [ 1906937.0, 6128381.0 ], [ 1906933.0, 6128345.0 ], [ 1906932.0, 6128345.0 ], [ 1906931.0, 6128345.0 ], [ 1906929.0, 6128345.0 ], [ 1906931.0, 6128373.0 ], [ 1906932.0, 6128380.0 ], [ 1906871.0, 6128387.0 ] ], [ [ 1908784.0, 6130078.0 ], [ 1908781.0, 6130071.0 ], [ 1908780.0, 6130066.0 ], [ 1908781.0, 6130055.0 ], [ 1908791.0, 6130043.0 ], [ 1908802.0, 6130039.0 ], [ 1908813.0, 6130042.0 ], [ 1908822.0, 6130050.0 ], [ 1908824.0, 6130061.0 ], [ 1908820.0, 6130070.0 ], [ 1908814.0, 6130078.0 ], [ 1908808.0, 6130082.0 ], [ 1908800.0, 6130083.0 ], [ 1908791.0, 6130082.0 ], [ 1908784.0, 6130078.0 ] ], [ [ 1917002.0, 6128718.0 ], [ 1917004.0, 6128711.0 ], [ 1916973.0, 6128701.0 ], [ 1916985.0, 6128662.0 ], [ 1916992.0, 6128639.0 ], [ 1916984.0, 6128636.0 ], [ 1916962.0, 6128626.0 ], [ 1916960.0, 6128626.0 ], [ 1916957.0, 6128627.0 ], [ 1916947.0, 6128618.0 ], [ 1916938.0, 6128610.0 ], [ 1916932.0, 6128605.0 ], [ 1916906.0, 6128588.0 ], [ 1916899.0, 6128584.0 ], [ 1916894.0, 6128581.0 ], [ 1916866.0, 6128563.0 ], [ 1916783.0, 6128510.0 ], [ 1916778.0, 6128507.0 ], [ 1916772.0, 6128503.0 ], [ 1916604.0, 6128395.0 ], [ 1916598.0, 6128391.0 ], [ 1916592.0, 6128387.0 ], [ 1916485.0, 6128318.0 ], [ 1916469.0, 6128308.0 ], [ 1916451.0, 6128297.0 ], [ 1916413.0, 6128272.0 ], [ 1916407.0, 6128268.0 ], [ 1916401.0, 6128264.0 ], [ 1916262.0, 6128175.0 ], [ 1916210.0, 6128142.0 ], [ 1916205.0, 6128138.0 ], [ 1916200.0, 6128134.0 ], [ 1916147.0, 6128099.0 ], [ 1916108.0, 6128074.0 ], [ 1916071.0, 6128050.0 ], [ 1916068.0, 6128053.0 ], [ 1916061.0, 6128049.0 ], [ 1916053.0, 6128045.0 ], [ 1916037.0, 6128062.0 ], [ 1916016.0, 6128080.0 ], [ 1915960.0, 6128116.0 ], [ 1915902.0, 6128147.0 ], [ 1915839.0, 6128180.0 ], [ 1915807.0, 6128196.0 ], [ 1915727.0, 6128234.0 ], [ 1915659.0, 6128268.0 ], [ 1915641.0, 6128277.0 ], [ 1915635.0, 6128279.0 ], [ 1915615.0, 6128290.0 ], [ 1915606.0, 6128295.0 ], [ 1915592.0, 6128303.0 ], [ 1915572.0, 6128315.0 ], [ 1915554.0, 6128326.0 ], [ 1915508.0, 6128356.0 ], [ 1915492.0, 6128366.0 ], [ 1915453.0, 6128390.0 ], [ 1915406.0, 6128415.0 ], [ 1915359.0, 6128444.0 ], [ 1915319.0, 6128477.0 ], [ 1915311.0, 6128484.0 ], [ 1915305.0, 6128480.0 ], [ 1915294.0, 6128473.0 ], [ 1915242.0, 6128439.0 ], [ 1915226.0, 6128428.0 ], [ 1915223.0, 6128425.0 ], [ 1915219.0, 6128429.0 ], [ 1915203.0, 6128414.0 ], [ 1915180.0, 6128403.0 ], [ 1915176.0, 6128401.0 ], [ 1915173.0, 6128408.0 ], [ 1915151.0, 6128401.0 ], [ 1915130.0, 6128398.0 ], [ 1915099.0, 6128392.0 ], [ 1915078.0, 6128389.0 ], [ 1915070.0, 6128387.0 ], [ 1915040.0, 6128376.0 ], [ 1914983.0, 6128357.0 ], [ 1914980.0, 6128356.0 ], [ 1914951.0, 6128346.0 ], [ 1914921.0, 6128339.0 ], [ 1914909.0, 6128336.0 ], [ 1914901.0, 6128335.0 ], [ 1914896.0, 6128334.0 ], [ 1914853.0, 6128326.0 ], [ 1914785.0, 6128314.0 ], [ 1914758.0, 6128309.0 ], [ 1914749.0, 6128308.0 ], [ 1914732.0, 6128327.0 ], [ 1914725.0, 6128336.0 ], [ 1914722.0, 6128334.0 ], [ 1914719.0, 6128332.0 ], [ 1914712.0, 6128341.0 ], [ 1914667.0, 6128393.0 ], [ 1914615.0, 6128447.0 ], [ 1914553.0, 6128513.0 ], [ 1914526.0, 6128544.0 ], [ 1914508.0, 6128562.0 ], [ 1914489.0, 6128581.0 ], [ 1914468.0, 6128603.0 ], [ 1914447.0, 6128618.0 ], [ 1914435.0, 6128626.0 ], [ 1914420.0, 6128636.0 ], [ 1914414.0, 6128639.0 ], [ 1914394.0, 6128646.0 ], [ 1914379.0, 6128646.0 ], [ 1914358.0, 6128645.0 ], [ 1914351.0, 6128655.0 ], [ 1914301.0, 6128649.0 ], [ 1914263.0, 6128646.0 ], [ 1914185.0, 6128640.0 ], [ 1914075.0, 6128633.0 ], [ 1914034.0, 6128637.0 ], [ 1914021.0, 6128636.0 ], [ 1914016.0, 6128636.0 ], [ 1913988.0, 6128634.0 ], [ 1913827.0, 6128622.0 ], [ 1913764.0, 6128617.0 ], [ 1913678.0, 6128611.0 ], [ 1913656.0, 6128609.0 ], [ 1913648.0, 6128609.0 ], [ 1913636.0, 6128608.0 ], [ 1913603.0, 6128605.0 ], [ 1913591.0, 6128604.0 ], [ 1913527.0, 6128600.0 ], [ 1913490.0, 6128597.0 ], [ 1913453.0, 6128593.0 ], [ 1913422.0, 6128589.0 ], [ 1913399.0, 6128585.0 ], [ 1913386.0, 6128582.0 ], [ 1913375.0, 6128578.0 ], [ 1913355.0, 6128571.0 ], [ 1913348.0, 6128568.0 ], [ 1913332.0, 6128562.0 ], [ 1913290.0, 6128546.0 ], [ 1913246.0, 6128531.0 ], [ 1913239.0, 6128528.0 ], [ 1913210.0, 6128519.0 ], [ 1913163.0, 6128505.0 ], [ 1913152.0, 6128502.0 ], [ 1913113.0, 6128491.0 ], [ 1913092.0, 6128486.0 ], [ 1913071.0, 6128482.0 ], [ 1912974.0, 6128466.0 ], [ 1912876.0, 6128451.0 ], [ 1912858.0, 6128448.0 ], [ 1912794.0, 6128436.0 ], [ 1912711.0, 6128421.0 ], [ 1912619.0, 6128406.0 ], [ 1912552.0, 6128399.0 ], [ 1912529.0, 6128398.0 ], [ 1912441.0, 6128400.0 ], [ 1912370.0, 6128404.0 ], [ 1912329.0, 6128405.0 ], [ 1912284.0, 6128405.0 ], [ 1912264.0, 6128406.0 ], [ 1912216.0, 6128407.0 ], [ 1912159.0, 6128410.0 ], [ 1912122.0, 6128412.0 ], [ 1912106.0, 6128413.0 ], [ 1912054.0, 6128416.0 ], [ 1912020.0, 6128418.0 ], [ 1912004.0, 6128419.0 ], [ 1911988.0, 6128421.0 ], [ 1911982.0, 6128423.0 ], [ 1911976.0, 6128424.0 ], [ 1911969.0, 6128426.0 ], [ 1911962.0, 6128428.0 ], [ 1911955.0, 6128432.0 ], [ 1911938.0, 6128438.0 ], [ 1911923.0, 6128445.0 ], [ 1911912.0, 6128452.0 ], [ 1911901.0, 6128459.0 ], [ 1911890.0, 6128467.0 ], [ 1911880.0, 6128476.0 ], [ 1911868.0, 6128485.0 ], [ 1911858.0, 6128496.0 ], [ 1911848.0, 6128507.0 ], [ 1911839.0, 6128519.0 ], [ 1911818.0, 6128545.0 ], [ 1911753.0, 6128641.0 ], [ 1911735.0, 6128667.0 ], [ 1911690.0, 6128729.0 ], [ 1911658.0, 6128774.0 ], [ 1911568.0, 6128903.0 ], [ 1911561.0, 6128913.0 ], [ 1911554.0, 6128923.0 ], [ 1911537.0, 6128944.0 ], [ 1911520.0, 6128965.0 ], [ 1911509.0, 6128977.0 ], [ 1911499.0, 6128987.0 ], [ 1911489.0, 6128997.0 ], [ 1911479.0, 6129006.0 ], [ 1911462.0, 6129021.0 ], [ 1911448.0, 6129031.0 ], [ 1911435.0, 6129041.0 ], [ 1911408.0, 6129057.0 ], [ 1911395.0, 6129065.0 ], [ 1911389.0, 6129068.0 ], [ 1911382.0, 6129071.0 ], [ 1911365.0, 6129080.0 ], [ 1911349.0, 6129087.0 ], [ 1911340.0, 6129091.0 ], [ 1911332.0, 6129094.0 ], [ 1911314.0, 6129100.0 ], [ 1910879.0, 6129232.0 ], [ 1910705.0, 6129284.0 ], [ 1910685.0, 6129305.0 ], [ 1910669.0, 6129315.0 ], [ 1910651.0, 6129321.0 ], [ 1910624.0, 6129323.0 ], [ 1910612.0, 6129325.0 ], [ 1910590.0, 6129321.0 ], [ 1910572.0, 6129326.0 ], [ 1910531.0, 6129346.0 ], [ 1910425.0, 6129379.0 ], [ 1910422.0, 6129380.0 ], [ 1910359.0, 6129400.0 ], [ 1910271.0, 6129435.0 ], [ 1910262.0, 6129437.0 ], [ 1910253.0, 6129439.0 ], [ 1910245.0, 6129443.0 ], [ 1910237.0, 6129448.0 ], [ 1910231.0, 6129454.0 ], [ 1910227.0, 6129458.0 ], [ 1910223.0, 6129462.0 ], [ 1910220.0, 6129466.0 ], [ 1910218.0, 6129471.0 ], [ 1910218.0, 6129475.0 ], [ 1910216.0, 6129479.0 ], [ 1910213.0, 6129485.0 ], [ 1910209.0, 6129490.0 ], [ 1910204.0, 6129495.0 ], [ 1910198.0, 6129499.0 ], [ 1910192.0, 6129501.0 ], [ 1910185.0, 6129503.0 ], [ 1910179.0, 6129503.0 ], [ 1910170.0, 6129502.0 ], [ 1910164.0, 6129500.0 ], [ 1910158.0, 6129496.0 ], [ 1910152.0, 6129493.0 ], [ 1910141.0, 6129491.0 ], [ 1910133.0, 6129490.0 ], [ 1910126.0, 6129490.0 ], [ 1910118.0, 6129492.0 ], [ 1910104.0, 6129497.0 ], [ 1910084.0, 6129504.0 ], [ 1910028.0, 6129521.0 ], [ 1910009.0, 6129525.0 ], [ 1909994.0, 6129528.0 ], [ 1909983.0, 6129530.0 ], [ 1909960.0, 6129531.0 ], [ 1909951.0, 6129531.0 ], [ 1909942.0, 6129530.0 ], [ 1909924.0, 6129527.0 ], [ 1909892.0, 6129521.0 ], [ 1909844.0, 6129501.0 ], [ 1909830.0, 6129493.0 ], [ 1909800.0, 6129478.0 ], [ 1909780.0, 6129467.0 ], [ 1909757.0, 6129457.0 ], [ 1909738.0, 6129448.0 ], [ 1909720.0, 6129441.0 ], [ 1909700.0, 6129435.0 ], [ 1909683.0, 6129431.0 ], [ 1909676.0, 6129429.0 ], [ 1909664.0, 6129432.0 ], [ 1909654.0, 6129433.0 ], [ 1909644.0, 6129433.0 ], [ 1909636.0, 6129434.0 ], [ 1909626.0, 6129436.0 ], [ 1909618.0, 6129439.0 ], [ 1909609.0, 6129444.0 ], [ 1909603.0, 6129449.0 ], [ 1909596.0, 6129453.0 ], [ 1909589.0, 6129455.0 ], [ 1909582.0, 6129459.0 ], [ 1909576.0, 6129462.0 ], [ 1909570.0, 6129467.0 ], [ 1909563.0, 6129475.0 ], [ 1909554.0, 6129483.0 ], [ 1909444.0, 6129700.0 ], [ 1909401.0, 6129790.0 ], [ 1909389.0, 6129814.0 ], [ 1909370.0, 6129805.0 ], [ 1909362.0, 6129821.0 ], [ 1909356.0, 6129819.0 ], [ 1909353.0, 6129817.0 ], [ 1909350.0, 6129817.0 ], [ 1909346.0, 6129817.0 ], [ 1909341.0, 6129818.0 ], [ 1909327.0, 6129819.0 ], [ 1909327.0, 6129838.0 ], [ 1909306.0, 6129891.0 ], [ 1909294.0, 6129910.0 ], [ 1909281.0, 6129931.0 ], [ 1909264.0, 6129952.0 ], [ 1909261.0, 6129965.0 ], [ 1909231.0, 6129991.0 ], [ 1909207.0, 6129999.0 ], [ 1909184.0, 6130011.0 ], [ 1909160.0, 6130020.0 ], [ 1909135.0, 6130028.0 ], [ 1909080.0, 6130042.0 ], [ 1909017.0, 6130055.0 ], [ 1908987.0, 6130062.0 ], [ 1908965.0, 6130067.0 ], [ 1908940.0, 6130058.0 ], [ 1908930.0, 6130059.0 ], [ 1908920.0, 6130064.0 ], [ 1908906.0, 6130072.0 ], [ 1908864.0, 6130097.0 ], [ 1908860.0, 6130103.0 ], [ 1908859.0, 6130106.0 ], [ 1908845.0, 6130102.0 ], [ 1908816.0, 6130097.0 ], [ 1908788.0, 6130086.0 ], [ 1908784.0, 6130078.0 ] ] ] } },
{ "type": "Feature", "properties": { "source": 12473812040, "target": 1349059659, "ordering_random": 8, "length": 29396, "length_cumulative": 106704 }, "geometry": { "type": "LineString", "coordinates": [ [ 1888087.0, 6148627.0 ], [ 1888069.0, 6148626.0 ], [ 1888071.0, 6148600.0 ], [ 1888047.0, 6148599.0 ], [ 1888047.0, 6148593.0 ], [ 1888025.0, 6148591.0 ], [ 1887981.0, 6148589.0 ], [ 1887967.0, 6148714.0 ], [ 1887953.0, 6148847.0 ], [ 1887909.0, 6149084.0 ], [ 1887898.0, 6149143.0 ], [ 1887896.0, 6149163.0 ], [ 1887895.0, 6149184.0 ], [ 1887903.0, 6149322.0 ], [ 1887904.0, 6149334.0 ], [ 1887906.0, 6149369.0 ], [ 1887972.0, 6149369.0 ], [ 1888028.0, 6149374.0 ], [ 1888038.0, 6149376.0 ], [ 1888044.0, 6149376.0 ], [ 1888062.0, 6149378.0 ], [ 1888068.0, 6149350.0 ], [ 1888071.0, 6149289.0 ], [ 1888088.0, 6149170.0 ], [ 1888107.0, 6149104.0 ], [ 1888115.0, 6149077.0 ], [ 1888121.0, 6149053.0 ], [ 1888126.0, 6149013.0 ], [ 1888133.0, 6148912.0 ], [ 1888126.0, 6148864.0 ], [ 1888122.0, 6148845.0 ], [ 1888118.0, 6148824.0 ], [ 1888117.0, 6148804.0 ], [ 1888119.0, 6148762.0 ], [ 1888121.0, 6148740.0 ], [ 1888123.0, 6148703.0 ], [ 1888130.0, 6148632.0 ], [ 1888141.0, 6148558.0 ], [ 1888149.0, 6148511.0 ], [ 1888154.0, 6148470.0 ], [ 1888153.0, 6148375.0 ], [ 1888155.0, 6148296.0 ], [ 1888155.0, 6148265.0 ], [ 1888157.0, 6148228.0 ], [ 1888156.0, 6148210.0 ], [ 1888155.0, 6148192.0 ], [ 1888155.0, 6148177.0 ], [ 1888157.0, 6148162.0 ], [ 1888162.0, 6148147.0 ], [ 1888174.0, 6148128.0 ], [ 1888184.0, 6148105.0 ], [ 1888195.0, 6148073.0 ], [ 1888201.0, 6148050.0 ], [ 1888212.0, 6147999.0 ], [ 1888237.0, 6147885.0 ], [ 1888244.0, 6147852.0 ], [ 1888250.0, 6147818.0 ], [ 1888255.0, 6147781.0 ], [ 1888257.0, 6147762.0 ], [ 1888256.0, 6147731.0 ], [ 1888257.0, 6147713.0 ], [ 1888256.0, 6147690.0 ], [ 1888259.0, 6147664.0 ], [ 1888265.0, 6147633.0 ], [ 1888272.0, 6147602.0 ], [ 1888288.0, 6147547.0 ], [ 1888295.0, 6147517.0 ], [ 1888321.0, 6147414.0 ], [ 1888331.0, 6147379.0 ], [ 1888338.0, 6147355.0 ], [ 1888340.0, 6147345.0 ], [ 1888342.0, 6147328.0 ], [ 1888351.0, 6147233.0 ], [ 1888356.0, 6147210.0 ], [ 1888363.0, 6147185.0 ], [ 1888380.0, 6147138.0 ], [ 1888383.0, 6147126.0 ], [ 1888386.0, 6147102.0 ], [ 1888390.0, 6147036.0 ], [ 1888390.0, 6147018.0 ], [ 1888391.0, 6147002.0 ], [ 1888396.0, 6146985.0 ], [ 1888399.0, 6146977.0 ], [ 1888402.0, 6146972.0 ], [ 1888419.0, 6146952.0 ], [ 1888432.0, 6146938.0 ], [ 1888440.0, 6146927.0 ], [ 1888443.0, 6146916.0 ], [ 1888446.0, 6146897.0 ], [ 1888450.0, 6146869.0 ], [ 1888455.0, 6146840.0 ], [ 1888464.0, 6146799.0 ], [ 1888475.0, 6146752.0 ], [ 1888481.0, 6146718.0 ], [ 1888487.0, 6146684.0 ], [ 1888495.0, 6146657.0 ], [ 1888500.0, 6146634.0 ], [ 1888502.0, 6146621.0 ], [ 1888503.0, 6146607.0 ], [ 1888504.0, 6146582.0 ], [ 1888507.0, 6146562.0 ], [ 1888517.0, 6146505.0 ], [ 1888530.0, 6146444.0 ], [ 1888543.0, 6146382.0 ], [ 1888559.0, 6146313.0 ], [ 1888572.0, 6146267.0 ], [ 1888587.0, 6146219.0 ], [ 1888598.0, 6146185.0 ], [ 1888603.0, 6146165.0 ], [ 1888608.0, 6146134.0 ], [ 1888614.0, 6146109.0 ], [ 1888622.0, 6146081.0 ], [ 1888631.0, 6146048.0 ], [ 1888640.0, 6146025.0 ], [ 1888645.0, 6146027.0 ], [ 1888651.0, 6146028.0 ], [ 1888664.0, 6146026.0 ], [ 1888680.0, 6146016.0 ], [ 1888705.0, 6146001.0 ], [ 1888718.0, 6145999.0 ], [ 1888728.0, 6145999.0 ], [ 1888741.0, 6146002.0 ], [ 1888777.0, 6146014.0 ], [ 1888809.0, 6146029.0 ], [ 1888832.0, 6146044.0 ], [ 1888976.0, 6146156.0 ], [ 1889093.0, 6146262.0 ], [ 1889158.0, 6146311.0 ], [ 1889217.0, 6146372.0 ], [ 1889312.0, 6146440.0 ], [ 1889738.0, 6146711.0 ], [ 1889913.0, 6146833.0 ], [ 1890005.0, 6146902.0 ], [ 1890142.0, 6146995.0 ], [ 1890239.0, 6147061.0 ], [ 1890274.0, 6147081.0 ], [ 1890286.0, 6147089.0 ], [ 1890292.0, 6147089.0 ], [ 1890298.0, 6147091.0 ], [ 1890719.0, 6147380.0 ], [ 1890723.0, 6147385.0 ], [ 1890727.0, 6147394.0 ], [ 1890732.0, 6147401.0 ], [ 1890741.0, 6147410.0 ], [ 1890753.0, 6147421.0 ], [ 1890774.0, 6147433.0 ], [ 1890887.0, 6147497.0 ], [ 1890902.0, 6147507.0 ], [ 1890910.0, 6147517.0 ], [ 1890915.0, 6147531.0 ], [ 1890938.0, 6147605.0 ], [ 1890981.0, 6147736.0 ], [ 1891011.0, 6147819.0 ], [ 1891020.0, 6147844.0 ], [ 1891031.0, 6147866.0 ], [ 1891042.0, 6147886.0 ], [ 1891057.0, 6147907.0 ], [ 1891073.0, 6147928.0 ], [ 1891091.0, 6147948.0 ], [ 1891107.0, 6147963.0 ], [ 1891126.0, 6147980.0 ], [ 1891142.0, 6147992.0 ], [ 1891163.0, 6148007.0 ], [ 1891185.0, 6148020.0 ], [ 1891204.0, 6148029.0 ], [ 1891219.0, 6148035.0 ], [ 1891227.0, 6148035.0 ], [ 1891241.0, 6148028.0 ], [ 1891257.0, 6148037.0 ], [ 1891279.0, 6148049.0 ], [ 1891302.0, 6148058.0 ], [ 1891323.0, 6148065.0 ], [ 1891349.0, 6148073.0 ], [ 1891422.0, 6148093.0 ], [ 1891494.0, 6148110.0 ], [ 1891537.0, 6148121.0 ], [ 1891554.0, 6148124.0 ], [ 1891574.0, 6148127.0 ], [ 1891596.0, 6148129.0 ], [ 1891619.0, 6148130.0 ], [ 1891642.0, 6148130.0 ], [ 1891672.0, 6148129.0 ], [ 1891702.0, 6148128.0 ], [ 1891728.0, 6148126.0 ], [ 1891783.0, 6148121.0 ], [ 1891827.0, 6148117.0 ], [ 1891879.0, 6148111.0 ], [ 1891927.0, 6148106.0 ], [ 1891970.0, 6148102.0 ], [ 1892002.0, 6148099.0 ], [ 1892034.0, 6148097.0 ], [ 1892059.0, 6148098.0 ], [ 1892081.0, 6148098.0 ], [ 1892099.0, 6148092.0 ], [ 1892111.0, 6148090.0 ], [ 1892158.0, 6148085.0 ], [ 1892169.0, 6148084.0 ], [ 1892205.0, 6148079.0 ], [ 1892286.0, 6148069.0 ], [ 1892323.0, 6148065.0 ], [ 1892372.0, 6148056.0 ], [ 1892418.0, 6148040.0 ], [ 1892455.0, 6148018.0 ], [ 1892482.0, 6147999.0 ], [ 1892522.0, 6147970.0 ], [ 1892557.0, 6147952.0 ], [ 1892589.0, 6147940.0 ], [ 1892643.0, 6147934.0 ], [ 1892733.0, 6147936.0 ], [ 1892800.0, 6147932.0 ], [ 1892912.0, 6147916.0 ], [ 1893078.0, 6147876.0 ], [ 1893504.0, 6147763.0 ], [ 1893591.0, 6147748.0 ], [ 1893669.0, 6147743.0 ], [ 1893811.0, 6147734.0 ], [ 1894007.0, 6147690.0 ], [ 1894094.0, 6147670.0 ], [ 1894402.0, 6147602.0 ], [ 1894431.0, 6147594.0 ], [ 1894446.0, 6147592.0 ], [ 1894519.0, 6147582.0 ], [ 1894552.0, 6147571.0 ], [ 1894585.0, 6147555.0 ], [ 1894615.0, 6147529.0 ], [ 1894645.0, 6147490.0 ], [ 1894748.0, 6147328.0 ], [ 1894763.0, 6147308.0 ], [ 1894774.0, 6147297.0 ], [ 1894788.0, 6147288.0 ], [ 1894803.0, 6147283.0 ], [ 1894819.0, 6147280.0 ], [ 1894851.0, 6147283.0 ], [ 1894905.0, 6147290.0 ], [ 1894941.0, 6147292.0 ], [ 1894965.0, 6147290.0 ], [ 1894987.0, 6147287.0 ], [ 1895023.0, 6147275.0 ], [ 1895081.0, 6147256.0 ], [ 1895159.0, 6147229.0 ], [ 1895193.0, 6147219.0 ], [ 1895229.0, 6147211.0 ], [ 1895263.0, 6147207.0 ], [ 1895299.0, 6147205.0 ], [ 1895340.0, 6147205.0 ], [ 1895433.0, 6147209.0 ], [ 1895489.0, 6147214.0 ], [ 1895547.0, 6147218.0 ], [ 1895564.0, 6147218.0 ], [ 1895705.0, 6147198.0 ], [ 1895798.0, 6147177.0 ], [ 1895875.0, 6147152.0 ], [ 1896034.0, 6147124.0 ], [ 1896047.0, 6147122.0 ], [ 1896113.0, 6147119.0 ], [ 1896120.0, 6147118.0 ], [ 1896230.0, 6147123.0 ], [ 1896257.0, 6147122.0 ], [ 1896273.0, 6147122.0 ], [ 1896318.0, 6147117.0 ], [ 1896332.0, 6147118.0 ], [ 1896349.0, 6147119.0 ], [ 1896390.0, 6147122.0 ], [ 1896455.0, 6147124.0 ], [ 1896487.0, 6147125.0 ], [ 1896509.0, 6147125.0 ], [ 1896530.0, 6147125.0 ], [ 1896643.0, 6147117.0 ], [ 1896660.0, 6147104.0 ], [ 1896686.0, 6147101.0 ], [ 1896711.0, 6147099.0 ], [ 1896722.0, 6147098.0 ], [ 1896748.0, 6147091.0 ], [ 1896792.0, 6147077.0 ], [ 1896832.0, 6147073.0 ], [ 1896875.0, 6147077.0 ], [ 1896880.0, 6147078.0 ], [ 1896938.0, 6147077.0 ], [ 1896998.0, 6147069.0 ], [ 1897023.0, 6147064.0 ], [ 1897042.0, 6147061.0 ], [ 1897053.0, 6147063.0 ], [ 1897075.0, 6147062.0 ], [ 1897105.0, 6147047.0 ], [ 1897139.0, 6147022.0 ], [ 1897219.0, 6146950.0 ], [ 1897273.0, 6146907.0 ], [ 1897303.0, 6146881.0 ], [ 1897318.0, 6146873.0 ], [ 1897378.0, 6146847.0 ], [ 1897423.0, 6146830.0 ], [ 1897437.0, 6146828.0 ], [ 1897447.0, 6146826.0 ], [ 1897488.0, 6146818.0 ], [ 1897501.0, 6146815.0 ], [ 1897561.0, 6146795.0 ], [ 1897601.0, 6146781.0 ], [ 1897642.0, 6146767.0 ], [ 1897666.0, 6146757.0 ], [ 1897685.0, 6146747.0 ], [ 1897699.0, 6146741.0 ], [ 1897717.0, 6146728.0 ], [ 1897730.0, 6146721.0 ], [ 1897774.0, 6146707.0 ], [ 1897789.0, 6146702.0 ], [ 1897804.0, 6146699.0 ], [ 1897826.0, 6146694.0 ], [ 1897915.0, 6146652.0 ], [ 1897925.0, 6146652.0 ], [ 1897978.0, 6146652.0 ], [ 1898048.0, 6146650.0 ], [ 1898080.0, 6146650.0 ], [ 1898220.0, 6146592.0 ], [ 1898292.0, 6146566.0 ], [ 1898393.0, 6146545.0 ], [ 1898530.0, 6146509.0 ], [ 1898593.0, 6146498.0 ], [ 1898646.0, 6146494.0 ], [ 1898742.0, 6146474.0 ], [ 1898758.0, 6146461.0 ], [ 1898783.0, 6146438.0 ], [ 1898803.0, 6146430.0 ], [ 1898826.0, 6146435.0 ], [ 1898827.0, 6146444.0 ], [ 1898836.0, 6146458.0 ], [ 1898857.0, 6146477.0 ], [ 1898886.0, 6146489.0 ], [ 1898932.0, 6146484.0 ], [ 1898973.0, 6146489.0 ], [ 1899110.0, 6146494.0 ], [ 1899204.0, 6146502.0 ], [ 1899370.0, 6146443.0 ], [ 1899453.0, 6146436.0 ], [ 1899563.0, 6146447.0 ], [ 1899661.0, 6146444.0 ], [ 1899753.0, 6146435.0 ], [ 1899802.0, 6146432.0 ], [ 1899984.0, 6146355.0 ], [ 1900057.0, 6146317.0 ], [ 1900063.0, 6146315.0 ], [ 1900160.0, 6146273.0 ], [ 1900234.0, 6146229.0 ], [ 1900346.0, 6146182.0 ], [ 1900410.0, 6146167.0 ], [ 1900462.0, 6146154.0 ], [ 1900523.0, 6146140.0 ], [ 1900589.0, 6146127.0 ], [ 1900615.0, 6146122.0 ], [ 1900635.0, 6146116.0 ], [ 1900650.0, 6146109.0 ], [ 1900661.0, 6146100.0 ], [ 1900804.0, 6145951.0 ], [ 1900822.0, 6145936.0 ], [ 1900840.0, 6145923.0 ], [ 1900885.0, 6145897.0 ], [ 1900903.0, 6145886.0 ], [ 1900922.0, 6145873.0 ], [ 1900938.0, 6145865.0 ], [ 1900958.0, 6145855.0 ], [ 1900969.0, 6145850.0 ], [ 1900983.0, 6145845.0 ], [ 1900995.0, 6145843.0 ], [ 1901006.0, 6145842.0 ], [ 1901025.0, 6145838.0 ], [ 1901052.0, 6145832.0 ], [ 1901078.0, 6145824.0 ], [ 1901113.0, 6145812.0 ], [ 1901130.0, 6145806.0 ], [ 1901151.0, 6145800.0 ], [ 1901170.0, 6145797.0 ], [ 1901187.0, 6145796.0 ], [ 1901281.0, 6145776.0 ], [ 1901317.0, 6145769.0 ], [ 1901343.0, 6145773.0 ], [ 1901388.0, 6145765.0 ], [ 1901417.0, 6145762.0 ], [ 1901444.0, 6145760.0 ], [ 1901471.0, 6145765.0 ], [ 1901595.0, 6145798.0 ], [ 1901627.0, 6145802.0 ], [ 1901675.0, 6145802.0 ], [ 1901765.0, 6145801.0 ], [ 1901808.0, 6145800.0 ], [ 1901846.0, 6145790.0 ], [ 1901908.0, 6145766.0 ], [ 1901951.0, 6145739.0 ], [ 1901986.0, 6145720.0 ], [ 1902012.0, 6145710.0 ], [ 1902042.0, 6145704.0 ], [ 1902131.0, 6145694.0 ], [ 1902159.0, 6145687.0 ], [ 1902288.0, 6145621.0 ], [ 1902314.0, 6145612.0 ], [ 1902338.0, 6145613.0 ], [ 1902390.0, 6145617.0 ], [ 1902449.0, 6145625.0 ], [ 1902509.0, 6145640.0 ], [ 1902559.0, 6145656.0 ], [ 1902596.0, 6145669.0 ], [ 1902638.0, 6145688.0 ], [ 1902680.0, 6145705.0 ], [ 1902717.0, 6145716.0 ], [ 1902756.0, 6145720.0 ], [ 1902795.0, 6145717.0 ], [ 1902846.0, 6145702.0 ], [ 1902915.0, 6145672.0 ], [ 1902976.0, 6145650.0 ], [ 1903061.0, 6145636.0 ], [ 1903113.0, 6145623.0 ], [ 1903142.0, 6145608.0 ], [ 1903178.0, 6145592.0 ], [ 1903207.0, 6145582.0 ], [ 1903230.0, 6145574.0 ], [ 1903270.0, 6145566.0 ], [ 1903304.0, 6145564.0 ], [ 1903328.0, 6145558.0 ], [ 1903350.0, 6145551.0 ], [ 1903394.0, 6145528.0 ], [ 1903434.0, 6145513.0 ], [ 1903469.0, 6145500.0 ], [ 1903518.0, 6145484.0 ], [ 1903542.0, 6145482.0 ], [ 1903570.0, 6145485.0 ], [ 1903680.0, 6145494.0 ], [ 1903770.0, 6145498.0 ], [ 1903799.0, 6145492.0 ], [ 1903825.0, 6145484.0 ], [ 1903846.0, 6145478.0 ], [ 1903867.0, 6145473.0 ], [ 1903881.0, 6145465.0 ], [ 1903893.0, 6145454.0 ], [ 1903908.0, 6145399.0 ], [ 1903924.0, 6145339.0 ], [ 1903943.0, 6145268.0 ], [ 1903964.0, 6145239.0 ], [ 1904000.0, 6145211.0 ], [ 1904032.0, 6145183.0 ], [ 1904078.0, 6145161.0 ], [ 1904112.0, 6145140.0 ], [ 1904141.0, 6145135.0 ], [ 1904175.0, 6145135.0 ], [ 1904214.0, 6145127.0 ], [ 1904282.0, 6145093.0 ], [ 1904369.0, 6145028.0 ], [ 1904440.0, 6144962.0 ], [ 1904487.0, 6144925.0 ], [ 1904566.0, 6144887.0 ], [ 1904627.0, 6144876.0 ], [ 1904646.0, 6144874.0 ], [ 1904653.0, 6144871.0 ], [ 1904656.0, 6144868.0 ], [ 1904659.0, 6144863.0 ], [ 1904658.0, 6144870.0 ], [ 1904660.0, 6144876.0 ], [ 1904664.0, 6144879.0 ], [ 1904668.0, 6144880.0 ], [ 1904672.0, 6144879.0 ], [ 1904673.0, 6144881.0 ], [ 1904678.0, 6144873.0 ], [ 1904683.0, 6144869.0 ], [ 1904691.0, 6144867.0 ], [ 1904702.0, 6144866.0 ], [ 1904710.0, 6144867.0 ], [ 1904722.0, 6144864.0 ], [ 1904739.0, 6144860.0 ], [ 1904811.0, 6144808.0 ], [ 1904830.0, 6144796.0 ], [ 1904840.0, 6144786.0 ], [ 1904845.0, 6144773.0 ], [ 1904849.0, 6144746.0 ], [ 1904858.0, 6144687.0 ], [ 1904863.0, 6144676.0 ], [ 1904870.0, 6144668.0 ], [ 1904878.0, 6144663.0 ], [ 1904898.0, 6144651.0 ], [ 1904919.0, 6144638.0 ], [ 1904937.0, 6144629.0 ], [ 1904967.0, 6144618.0 ], [ 1904987.0, 6144609.0 ], [ 1904999.0, 6144602.0 ], [ 1905008.0, 6144592.0 ], [ 1905026.0, 6144573.0 ], [ 1905048.0, 6144545.0 ], [ 1905069.0, 6144514.0 ], [ 1905083.0, 6144495.0 ], [ 1905101.0, 6144471.0 ], [ 1905115.0, 6144448.0 ], [ 1905122.0, 6144434.0 ], [ 1905129.0, 6144425.0 ], [ 1905139.0, 6144415.0 ], [ 1905153.0, 6144402.0 ], [ 1905164.0, 6144390.0 ], [ 1905171.0, 6144381.0 ], [ 1905178.0, 6144373.0 ], [ 1905183.0, 6144361.0 ], [ 1905189.0, 6144344.0 ], [ 1905192.0, 6144331.0 ], [ 1905194.0, 6144323.0 ], [ 1905197.0, 6144315.0 ], [ 1905200.0, 6144307.0 ], [ 1905211.0, 6144298.0 ], [ 1905225.0, 6144287.0 ], [ 1905227.0, 6144285.0 ], [ 1905242.0, 6144275.0 ], [ 1905256.0, 6144262.0 ], [ 1905267.0, 6144250.0 ], [ 1905272.0, 6144245.0 ], [ 1905278.0, 6144236.0 ], [ 1905286.0, 6144221.0 ], [ 1905294.0, 6144199.0 ], [ 1905313.0, 6144147.0 ], [ 1905319.0, 6144136.0 ], [ 1905329.0, 6144123.0 ], [ 1905340.0, 6144117.0 ], [ 1905351.0, 6144108.0 ], [ 1905361.0, 6144099.0 ], [ 1905372.0, 6144090.0 ], [ 1905383.0, 6144082.0 ], [ 1905404.0, 6144064.0 ], [ 1905422.0, 6144050.0 ], [ 1905448.0, 6144032.0 ], [ 1905467.0, 6144013.0 ], [ 1905491.0, 6143994.0 ], [ 1905537.0, 6143968.0 ], [ 1905561.0, 6143956.0 ], [ 1905602.0, 6143942.0 ], [ 1905618.0, 6143935.0 ], [ 1905631.0, 6143927.0 ], [ 1905644.0, 6143918.0 ], [ 1905661.0, 6143903.0 ], [ 1905679.0, 6143888.0 ], [ 1905693.0, 6143878.0 ], [ 1905711.0, 6143870.0 ], [ 1905725.0, 6143864.0 ], [ 1905743.0, 6143855.0 ], [ 1905766.0, 6143848.0 ], [ 1905782.0, 6143843.0 ], [ 1905813.0, 6143837.0 ], [ 1905837.0, 6143834.0 ], [ 1905843.0, 6143832.0 ], [ 1905856.0, 6143824.0 ], [ 1905879.0, 6143802.0 ], [ 1905912.0, 6143768.0 ], [ 1906030.0, 6143662.0 ], [ 1906058.0, 6143645.0 ], [ 1906075.0, 6143637.0 ], [ 1906098.0, 6143628.0 ], [ 1906116.0, 6143619.0 ], [ 1906127.0, 6143611.0 ], [ 1906151.0, 6143581.0 ], [ 1906175.0, 6143552.0 ], [ 1906199.0, 6143529.0 ], [ 1906225.0, 6143504.0 ], [ 1906257.0, 6143480.0 ], [ 1906284.0, 6143465.0 ], [ 1906305.0, 6143451.0 ], [ 1906347.0, 6143414.0 ], [ 1906399.0, 6143375.0 ], [ 1906422.0, 6143351.0 ], [ 1906462.0, 6143318.0 ], [ 1906497.0, 6143289.0 ], [ 1906528.0, 6143264.0 ], [ 1906571.0, 6143254.0 ], [ 1906627.0, 6143232.0 ], [ 1906714.0, 6143207.0 ], [ 1906747.0, 6143195.0 ], [ 1906777.0, 6143180.0 ], [ 1906811.0, 6143160.0 ], [ 1906821.0, 6143150.0 ], [ 1906835.0, 6143140.0 ], [ 1906839.0, 6143138.0 ], [ 1906849.0, 6143131.0 ], [ 1906864.0, 6143118.0 ], [ 1906882.0, 6143106.0 ], [ 1906898.0, 6143097.0 ], [ 1906910.0, 6143088.0 ], [ 1906920.0, 6143081.0 ], [ 1906932.0, 6143071.0 ], [ 1906941.0, 6143064.0 ], [ 1906951.0, 6143055.0 ], [ 1906971.0, 6143039.0 ], [ 1906984.0, 6143029.0 ], [ 1906994.0, 6143022.0 ], [ 1907000.0, 6143021.0 ], [ 1907006.0, 6143021.0 ], [ 1907016.0, 6143026.0 ], [ 1907025.0, 6143031.0 ], [ 1907031.0, 6143032.0 ], [ 1907051.0, 6143030.0 ], [ 1907070.0, 6143030.0 ], [ 1907083.0, 6143030.0 ], [ 1907096.0, 6143033.0 ], [ 1907130.0, 6143039.0 ], [ 1907164.0, 6143044.0 ], [ 1907203.0, 6143055.0 ], [ 1907232.0, 6143072.0 ], [ 1907262.0, 6143083.0 ], [ 1907310.0, 6143081.0 ], [ 1907332.0, 6143080.0 ], [ 1907364.0, 6143078.0 ], [ 1907414.0, 6143061.0 ], [ 1907464.0, 6143041.0 ], [ 1907482.0, 6143021.0 ], [ 1907501.0, 6143013.0 ], [ 1907530.0, 6142990.0 ], [ 1907554.0, 6142976.0 ], [ 1907574.0, 6142960.0 ], [ 1907588.0, 6142958.0 ], [ 1907606.0, 6142951.0 ], [ 1907628.0, 6142946.0 ], [ 1907667.0, 6142929.0 ], [ 1907737.0, 6142913.0 ], [ 1907768.0, 6142912.0 ], [ 1907781.0, 6142910.0 ], [ 1907809.0, 6142897.0 ], [ 1907837.0, 6142890.0 ], [ 1907868.0, 6142878.0 ], [ 1907887.0, 6142879.0 ], [ 1907941.0, 6142862.0 ], [ 1907992.0, 6142845.0 ], [ 1908037.0, 6142819.0 ], [ 1908077.0, 6142791.0 ], [ 1908124.0, 6142762.0 ], [ 1908146.0, 6142753.0 ], [ 1908167.0, 6142753.0 ], [ 1908191.0, 6142735.0 ], [ 1908214.0, 6142718.0 ], [ 1908249.0, 6142709.0 ], [ 1908270.0, 6142702.0 ], [ 1908274.0, 6142702.0 ], [ 1908290.0, 6142698.0 ], [ 1908304.0, 6142691.0 ], [ 1908315.0, 6142689.0 ], [ 1908333.0, 6142684.0 ], [ 1908350.0, 6142679.0 ], [ 1908358.0, 6142675.0 ], [ 1908375.0, 6142668.0 ], [ 1908388.0, 6142664.0 ], [ 1908398.0, 6142661.0 ], [ 1908414.0, 6142657.0 ], [ 1908435.0, 6142652.0 ], [ 1908452.0, 6142654.0 ], [ 1908467.0, 6142671.0 ], [ 1908508.0, 6142642.0 ], [ 1908601.0, 6142577.0 ], [ 1908615.0, 6142571.0 ], [ 1908625.0, 6142569.0 ], [ 1908635.0, 6142567.0 ], [ 1908645.0, 6142568.0 ], [ 1908654.0, 6142569.0 ], [ 1908666.0, 6142572.0 ], [ 1908688.0, 6142578.0 ], [ 1908702.0, 6142580.0 ], [ 1908715.0, 6142583.0 ], [ 1908730.0, 6142584.0 ], [ 1908747.0, 6142580.0 ], [ 1908770.0, 6142571.0 ], [ 1908792.0, 6142556.0 ], [ 1908830.0, 6142523.0 ], [ 1908849.0, 6142500.0 ], [ 1908861.0, 6142476.0 ], [ 1908869.0, 6142455.0 ], [ 1908878.0, 6142435.0 ], [ 1908888.0, 6142419.0 ], [ 1908900.0, 6142406.0 ], [ 1908989.0, 6142316.0 ], [ 1908993.0, 6142312.0 ], [ 1909001.0, 6142302.0 ], [ 1909013.0, 6142308.0 ], [ 1909040.0, 6142322.0 ], [ 1909085.0, 6142341.0 ], [ 1909102.0, 6142351.0 ], [ 1909134.0, 6142369.0 ], [ 1909185.0, 6142402.0 ], [ 1909235.0, 6142439.0 ], [ 1909264.0, 6142461.0 ], [ 1909295.0, 6142476.0 ], [ 1909298.0, 6142472.0 ], [ 1909302.0, 6142473.0 ], [ 1909306.0, 6142472.0 ], [ 1909311.0, 6142470.0 ], [ 1909317.0, 6142464.0 ], [ 1909325.0, 6142466.0 ], [ 1909337.0, 6142454.0 ], [ 1909346.0, 6142446.0 ], [ 1909390.0, 6142388.0 ], [ 1909407.0, 6142364.0 ], [ 1909442.0, 6142317.0 ], [ 1909462.0, 6142297.0 ], [ 1909534.0, 6142235.0 ], [ 1909586.0, 6142191.0 ], [ 1909599.0, 6142189.0 ], [ 1909604.0, 6142189.0 ], [ 1909606.0, 6142188.0 ], [ 1909609.0, 6142189.0 ], [ 1909621.0, 6142178.0 ], [ 1909633.0, 6142167.0 ], [ 1909637.0, 6142164.0 ], [ 1909639.0, 6142162.0 ], [ 1909674.0, 6142131.0 ], [ 1909693.0, 6142115.0 ], [ 1909703.0, 6142107.0 ], [ 1909712.0, 6142099.0 ], [ 1909821.0, 6142008.0 ], [ 1909861.0, 6141977.0 ], [ 1909903.0, 6141942.0 ], [ 1909911.0, 6141936.0 ], [ 1909917.0, 6141935.0 ], [ 1909922.0, 6141937.0 ], [ 1909928.0, 6141943.0 ], [ 1909933.0, 6141938.0 ], [ 1909945.0, 6141928.0 ], [ 1909956.0, 6141920.0 ], [ 1909971.0, 6141938.0 ], [ 1909978.0, 6141934.0 ], [ 1910078.0, 6141873.0 ], [ 1910137.0, 6141824.0 ], [ 1910257.0, 6141725.0 ], [ 1910261.0, 6141722.0 ], [ 1910259.0, 6141719.0 ] ] } },
{ "type": "Feature", "properties": { "source": 5376708631, "target": 9695187439, "ordering_random": 9, "length": 3033, "length_cumulative": 109737 }, "geometry": { "type": "LineString", "coordinates": [ [ 1907132.0, 6133880.0 ], [ 1907121.0, 6133880.0 ], [ 1907116.0, 6133879.0 ], [ 1907108.0, 6133877.0 ], [ 1907096.0, 6133866.0 ], [ 1907089.0, 6133854.0 ], [ 1907057.0, 6133805.0 ], [ 1907048.0, 6133790.0 ], [ 1907041.0, 6133777.0 ], [ 1907025.0, 6133746.0 ], [ 1906990.0, 6133692.0 ], [ 1906975.0, 6133669.0 ], [ 1906958.0, 6133642.0 ], [ 1906953.0, 6133636.0 ], [ 1906896.0, 6133544.0 ], [ 1906860.0, 6133493.0 ], [ 1906844.0, 6133468.0 ], [ 1906836.0, 6133459.0 ], [ 1906828.0, 6133447.0 ], [ 1906800.0, 6133403.0 ], [ 1906764.0, 6133348.0 ], [ 1906742.0, 6133315.0 ], [ 1906737.0, 6133308.0 ], [ 1906732.0, 6133301.0 ], [ 1906720.0, 6133286.0 ], [ 1906704.0, 6133265.0 ], [ 1906695.0, 6133253.0 ], [ 1906675.0, 6133227.0 ], [ 1906612.0, 6133223.0 ], [ 1906532.0, 6133215.0 ], [ 1906436.0, 6133204.0 ], [ 1906425.0, 6133203.0 ], [ 1906357.0, 6133196.0 ], [ 1906190.0, 6133179.0 ], [ 1906064.0, 6133166.0 ], [ 1905954.0, 6133157.0 ], [ 1905915.0, 6133149.0 ], [ 1905889.0, 6133146.0 ], [ 1905863.0, 6133146.0 ], [ 1905848.0, 6133145.0 ], [ 1905840.0, 6133146.0 ], [ 1905833.0, 6133146.0 ], [ 1905810.0, 6133147.0 ], [ 1905779.0, 6133146.0 ], [ 1905740.0, 6133142.0 ], [ 1905723.0, 6133139.0 ], [ 1905710.0, 6133135.0 ], [ 1905708.0, 6133135.0 ], [ 1905639.0, 6133115.0 ], [ 1905594.0, 6133102.0 ], [ 1905559.0, 6133092.0 ], [ 1905528.0, 6133083.0 ], [ 1905356.0, 6133034.0 ], [ 1905329.0, 6133027.0 ], [ 1905197.0, 6132988.0 ], [ 1905125.0, 6132968.0 ], [ 1905101.0, 6132961.0 ], [ 1905066.0, 6132951.0 ], [ 1905058.0, 6132955.0 ], [ 1905056.0, 6132956.0 ], [ 1905052.0, 6132958.0 ], [ 1905051.0, 6132960.0 ], [ 1905048.0, 6132962.0 ], [ 1905045.0, 6132966.0 ], [ 1905043.0, 6132970.0 ], [ 1905042.0, 6132973.0 ], [ 1905044.0, 6132983.0 ], [ 1905035.0, 6132986.0 ], [ 1904953.0, 6133018.0 ], [ 1904915.0, 6133033.0 ], [ 1904831.0, 6133065.0 ], [ 1904824.0, 6133067.0 ], [ 1904817.0, 6133070.0 ], [ 1904726.0, 6133107.0 ], [ 1904634.0, 6133144.0 ], [ 1904543.0, 6133179.0 ], [ 1904546.0, 6133184.0 ] ] } },
{ "type": "Feature", "properties": { "source": 9340979004, "target": 5347998233, "ordering_random": 10, "length": 356, "length_cumulative": 110094 }, "geometry": { "type": "LineString", "coordinates": [ [ 1900391.0, 6136274.0 ], [ 1900419.0, 6136163.0 ], [ 1900460.0, 6136108.0 ], [ 1900518.0, 6136057.0 ], [ 1900529.0, 6136049.0 ], [ 1900561.0, 6136030.0 ], [ 1900587.0, 6135993.0 ] ] } },
{ "type": "Feature", "properties": { "source": 13149734347, "target": 1349059659, "ordering_random": 11, "length": 6416, "length_cumulative": 116511 }, "geometry": { "type": "LineString", "coordinates": [ [ 1910059.0, 6141264.0 ], [ 1910109.0, 6141226.0 ], [ 1910139.0, 6141203.0 ], [ 1910164.0, 6141183.0 ], [ 1910173.0, 6141171.0 ], [ 1910176.0, 6141167.0 ], [ 1910179.0, 6141162.0 ], [ 1910182.0, 6141153.0 ], [ 1910185.0, 6141143.0 ], [ 1910210.0, 6140978.0 ], [ 1910219.0, 6140921.0 ], [ 1910222.0, 6140908.0 ], [ 1910224.0, 6140902.0 ], [ 1910227.0, 6140896.0 ], [ 1910229.0, 6140892.0 ], [ 1910232.0, 6140887.0 ], [ 1910235.0, 6140883.0 ], [ 1910238.0, 6140878.0 ], [ 1910242.0, 6140874.0 ], [ 1910245.0, 6140871.0 ], [ 1910254.0, 6140863.0 ], [ 1910287.0, 6140837.0 ], [ 1910318.0, 6140811.0 ], [ 1910374.0, 6140768.0 ], [ 1910411.0, 6140740.0 ], [ 1910464.0, 6140699.0 ], [ 1910515.0, 6140660.0 ], [ 1910531.0, 6140647.0 ], [ 1910559.0, 6140627.0 ], [ 1910584.0, 6140606.0 ], [ 1910601.0, 6140593.0 ], [ 1910619.0, 6140579.0 ], [ 1910669.0, 6140540.0 ], [ 1910690.0, 6140524.0 ], [ 1910694.0, 6140520.0 ], [ 1910697.0, 6140518.0 ], [ 1910747.0, 6140482.0 ], [ 1910818.0, 6140445.0 ], [ 1910821.0, 6140443.0 ], [ 1910848.0, 6140434.0 ], [ 1910872.0, 6140427.0 ], [ 1911053.0, 6140379.0 ], [ 1911044.0, 6140339.0 ], [ 1911034.0, 6140301.0 ], [ 1911028.0, 6140274.0 ], [ 1911082.0, 6140259.0 ], [ 1911090.0, 6140251.0 ], [ 1911093.0, 6140248.0 ], [ 1911095.0, 6140232.0 ], [ 1911090.0, 6140210.0 ], [ 1911087.0, 6140200.0 ], [ 1911089.0, 6140195.0 ], [ 1911095.0, 6140194.0 ], [ 1911094.0, 6140187.0 ], [ 1911097.0, 6140161.0 ], [ 1911100.0, 6140135.0 ], [ 1911103.0, 6140134.0 ], [ 1911110.0, 6140128.0 ], [ 1911144.0, 6140078.0 ], [ 1911140.0, 6140065.0 ], [ 1911230.0, 6140042.0 ], [ 1911241.0, 6140039.0 ], [ 1911241.0, 6140036.0 ], [ 1911240.0, 6140034.0 ], [ 1911260.0, 6140022.0 ], [ 1911270.0, 6140020.0 ], [ 1911273.0, 6140017.0 ], [ 1911274.0, 6140012.0 ], [ 1911269.0, 6139994.0 ], [ 1911272.0, 6139993.0 ], [ 1911277.0, 6139992.0 ], [ 1911281.0, 6139991.0 ], [ 1911285.0, 6139990.0 ], [ 1911287.0, 6139986.0 ], [ 1911290.0, 6139984.0 ], [ 1911352.0, 6139969.0 ], [ 1911454.0, 6139942.0 ], [ 1911510.0, 6139927.0 ], [ 1911525.0, 6139919.0 ], [ 1911532.0, 6139906.0 ], [ 1911539.0, 6139902.0 ], [ 1911565.0, 6139883.0 ], [ 1911614.0, 6139834.0 ], [ 1911620.0, 6139828.0 ], [ 1911641.0, 6139805.0 ], [ 1911670.0, 6139773.0 ], [ 1911679.0, 6139764.0 ], [ 1911695.0, 6139748.0 ], [ 1911707.0, 6139739.0 ], [ 1911723.0, 6139727.0 ], [ 1911728.0, 6139725.0 ], [ 1911741.0, 6139720.0 ], [ 1911785.0, 6139704.0 ], [ 1911991.0, 6139653.0 ], [ 1912308.0, 6139573.0 ], [ 1912344.0, 6139567.0 ], [ 1912367.0, 6139564.0 ], [ 1912401.0, 6139562.0 ], [ 1912432.0, 6139562.0 ], [ 1912465.0, 6139565.0 ], [ 1912562.0, 6139576.0 ], [ 1912605.0, 6139580.0 ], [ 1912639.0, 6139581.0 ], [ 1912679.0, 6139581.0 ], [ 1912715.0, 6139579.0 ], [ 1912752.0, 6139576.0 ], [ 1912778.0, 6139573.0 ], [ 1913230.0, 6139496.0 ], [ 1913312.0, 6139482.0 ], [ 1913343.0, 6139477.0 ], [ 1913415.0, 6139465.0 ], [ 1913475.0, 6139456.0 ], [ 1913490.0, 6139453.0 ], [ 1913548.0, 6139444.0 ], [ 1913627.0, 6139430.0 ], [ 1914067.0, 6139357.0 ], [ 1914186.0, 6139337.0 ], [ 1914278.0, 6139322.0 ], [ 1914280.0, 6139321.0 ], [ 1914333.0, 6139313.0 ], [ 1914349.0, 6139310.0 ], [ 1914406.0, 6139294.0 ], [ 1914442.0, 6139280.0 ], [ 1914471.0, 6139269.0 ], [ 1914493.0, 6139262.0 ], [ 1914519.0, 6139256.0 ], [ 1914543.0, 6139256.0 ], [ 1914556.0, 6139256.0 ], [ 1914599.0, 6139259.0 ], [ 1914607.0, 6139260.0 ], [ 1914618.0, 6139264.0 ], [ 1914621.0, 6139266.0 ], [ 1914626.0, 6139268.0 ], [ 1914661.0, 6139286.0 ], [ 1914664.0, 6139287.0 ], [ 1914677.0, 6139290.0 ], [ 1914708.0, 6139297.0 ], [ 1914840.0, 6139320.0 ], [ 1914912.0, 6139334.0 ], [ 1914946.0, 6139340.0 ], [ 1914965.0, 6139345.0 ], [ 1914984.0, 6139351.0 ], [ 1914988.0, 6139353.0 ], [ 1915033.0, 6139369.0 ], [ 1915084.0, 6139385.0 ], [ 1915103.0, 6139389.0 ], [ 1915121.0, 6139392.0 ], [ 1915166.0, 6139395.0 ], [ 1915197.0, 6139402.0 ], [ 1915204.0, 6139407.0 ], [ 1915215.0, 6139394.0 ], [ 1915228.0, 6139384.0 ], [ 1915242.0, 6139380.0 ], [ 1915261.0, 6139377.0 ], [ 1915281.0, 6139379.0 ], [ 1915302.0, 6139381.0 ], [ 1915315.0, 6139384.0 ], [ 1915329.0, 6139351.0 ], [ 1915383.0, 6139358.0 ], [ 1915414.0, 6139363.0 ], [ 1915436.0, 6139367.0 ], [ 1915437.0, 6139364.0 ], [ 1915438.0, 6139357.0 ], [ 1915439.0, 6139350.0 ], [ 1915441.0, 6139344.0 ], [ 1915442.0, 6139336.0 ], [ 1915443.0, 6139329.0 ], [ 1915445.0, 6139322.0 ], [ 1915445.0, 6139319.0 ], [ 1915446.0, 6139315.0 ], [ 1915466.0, 6139319.0 ] ] } },
{ "type": "Feature", "properties": { "source": 9695187439, "target": 8014058036, "ordering_random": 12, "length": 3527, "length_cumulative": 120038 }, "geometry": { "type": "LineString", "coordinates": [ [ 1907692.0, 6137765.0 ], [ 1907690.0, 6137760.0 ], [ 1907687.0, 6137751.0 ], [ 1907680.0, 6137730.0 ], [ 1907671.0, 6137701.0 ], [ 1907639.0, 6137590.0 ], [ 1907637.0, 6137581.0 ], [ 1907634.0, 6137571.0 ], [ 1907627.0, 6137544.0 ], [ 1907625.0, 6137536.0 ], [ 1907611.0, 6137486.0 ], [ 1907600.0, 6137469.0 ], [ 1907582.0, 6137438.0 ], [ 1907566.0, 6137412.0 ], [ 1907555.0, 6137394.0 ], [ 1907547.0, 6137383.0 ], [ 1907516.0, 6137333.0 ], [ 1907502.0, 6137310.0 ], [ 1907485.0, 6137282.0 ], [ 1907455.0, 6137235.0 ], [ 1907440.0, 6137210.0 ], [ 1907426.0, 6137188.0 ], [ 1907412.0, 6137168.0 ], [ 1907399.0, 6137147.0 ], [ 1907366.0, 6137093.0 ], [ 1907377.0, 6137086.0 ], [ 1907374.0, 6137079.0 ], [ 1907373.0, 6137075.0 ], [ 1907373.0, 6137070.0 ], [ 1907362.0, 6137059.0 ], [ 1907326.0, 6137000.0 ], [ 1907320.0, 6136992.0 ], [ 1907319.0, 6136990.0 ], [ 1907318.0, 6136988.0 ], [ 1907317.0, 6136985.0 ], [ 1907317.0, 6136984.0 ], [ 1907318.0, 6136979.0 ], [ 1907319.0, 6136973.0 ], [ 1907321.0, 6136967.0 ], [ 1907322.0, 6136964.0 ], [ 1907323.0, 6136962.0 ], [ 1907324.0, 6136960.0 ], [ 1907329.0, 6136955.0 ], [ 1907332.0, 6136953.0 ], [ 1907271.0, 6136855.0 ], [ 1907232.0, 6136794.0 ], [ 1907224.0, 6136788.0 ], [ 1907216.0, 6136785.0 ], [ 1907209.0, 6136787.0 ], [ 1907200.0, 6136791.0 ], [ 1907191.0, 6136797.0 ], [ 1907182.0, 6136801.0 ], [ 1907176.0, 6136802.0 ], [ 1907170.0, 6136805.0 ], [ 1907168.0, 6136805.0 ], [ 1907165.0, 6136805.0 ], [ 1907161.0, 6136805.0 ], [ 1907154.0, 6136798.0 ], [ 1907140.0, 6136789.0 ], [ 1907130.0, 6136783.0 ], [ 1907121.0, 6136775.0 ], [ 1907114.0, 6136768.0 ], [ 1907109.0, 6136765.0 ], [ 1907102.0, 6136760.0 ], [ 1907094.0, 6136752.0 ], [ 1907078.0, 6136748.0 ], [ 1907076.0, 6136748.0 ], [ 1907059.0, 6136695.0 ], [ 1907056.0, 6136693.0 ], [ 1907041.0, 6136648.0 ], [ 1907024.0, 6136594.0 ], [ 1907026.0, 6136584.0 ], [ 1907033.0, 6136579.0 ], [ 1907031.0, 6136573.0 ], [ 1907007.0, 6136493.0 ], [ 1906996.0, 6136448.0 ], [ 1906965.0, 6136344.0 ], [ 1906963.0, 6136338.0 ], [ 1906961.0, 6136331.0 ], [ 1906955.0, 6136309.0 ], [ 1906950.0, 6136288.0 ], [ 1906930.0, 6136205.0 ], [ 1906926.0, 6136188.0 ], [ 1906923.0, 6136174.0 ], [ 1906911.0, 6136129.0 ], [ 1906915.0, 6136116.0 ], [ 1906904.0, 6136075.0 ], [ 1906891.0, 6136025.0 ], [ 1906873.0, 6135940.0 ], [ 1906873.0, 6135938.0 ], [ 1906881.0, 6135923.0 ], [ 1906878.0, 6135920.0 ], [ 1906867.0, 6135862.0 ], [ 1906854.0, 6135788.0 ], [ 1906851.0, 6135768.0 ], [ 1906850.0, 6135762.0 ], [ 1906848.0, 6135749.0 ], [ 1906847.0, 6135744.0 ], [ 1906845.0, 6135733.0 ], [ 1906840.0, 6135708.0 ], [ 1906838.0, 6135694.0 ], [ 1906820.0, 6135585.0 ], [ 1906801.0, 6135470.0 ], [ 1906782.0, 6135353.0 ], [ 1906770.0, 6135281.0 ], [ 1906763.0, 6135237.0 ], [ 1906756.0, 6135196.0 ], [ 1906755.0, 6135187.0 ], [ 1906750.0, 6135188.0 ], [ 1906748.0, 6135188.0 ], [ 1906721.0, 6135040.0 ], [ 1906713.0, 6135002.0 ], [ 1906707.0, 6134996.0 ], [ 1906700.0, 6134988.0 ], [ 1906683.0, 6134988.0 ], [ 1906660.0, 6134987.0 ], [ 1906654.0, 6134987.0 ], [ 1906639.0, 6134992.0 ], [ 1906636.0, 6134988.0 ], [ 1906632.0, 6134983.0 ], [ 1906632.0, 6134975.0 ], [ 1906624.0, 6134974.0 ], [ 1906613.0, 6134970.0 ], [ 1906608.0, 6134969.0 ], [ 1906595.0, 6134963.0 ], [ 1906578.0, 6134961.0 ], [ 1906469.0, 6134950.0 ], [ 1906408.0, 6134944.0 ], [ 1906375.0, 6134939.0 ], [ 1906361.0, 6134936.0 ], [ 1906344.0, 6134933.0 ], [ 1906309.0, 6134923.0 ] ] } },
{ "type": "Feature", "properties": { "source": 13149734347, "target": 5376708631, "ordering_random": 13, "length": 5358, "length_cumulative": 125397 }, "geometry": { "type": "MultiLineString", "coordinates": [ [ [ 1914572.0, 6139257.0 ], [ 1914592.0, 6139146.0 ], [ 1914609.0, 6139038.0 ], [ 1914608.0, 6139035.0 ], [ 1914610.0, 6139006.0 ], [ 1914621.0, 6138939.0 ], [ 1914621.0, 6138904.0 ], [ 1914616.0, 6138890.0 ], [ 1914610.0, 6138884.0 ], [ 1914599.0, 6138876.0 ], [ 1914577.0, 6138872.0 ], [ 1914327.0, 6138828.0 ], [ 1914308.0, 6138821.0 ], [ 1914296.0, 6138808.0 ], [ 1914292.0, 6138800.0 ], [ 1914290.0, 6138788.0 ], [ 1914290.0, 6138773.0 ], [ 1914299.0, 6138708.0 ], [ 1914298.0, 6138702.0 ], [ 1914294.0, 6138695.0 ], [ 1914290.0, 6138693.0 ], [ 1914292.0, 6138678.0 ], [ 1914277.0, 6138679.0 ], [ 1914268.0, 6138678.0 ], [ 1914261.0, 6138677.0 ], [ 1914255.0, 6138674.0 ], [ 1914251.0, 6138672.0 ], [ 1914241.0, 6138666.0 ], [ 1914233.0, 6138659.0 ], [ 1914214.0, 6138645.0 ], [ 1914195.0, 6138631.0 ], [ 1914163.0, 6138609.0 ], [ 1914065.0, 6138540.0 ], [ 1914047.0, 6138535.0 ], [ 1914027.0, 6138532.0 ], [ 1913924.0, 6138526.0 ], [ 1913903.0, 6138524.0 ], [ 1913820.0, 6138518.0 ], [ 1913814.0, 6138518.0 ], [ 1913727.0, 6138511.0 ], [ 1913679.0, 6138507.0 ], [ 1913655.0, 6138505.0 ], [ 1913651.0, 6138458.0 ], [ 1913643.0, 6138442.0 ], [ 1913549.0, 6138438.0 ], [ 1913184.0, 6138413.0 ], [ 1913102.0, 6138408.0 ], [ 1913032.0, 6138403.0 ], [ 1912977.0, 6138400.0 ], [ 1912889.0, 6138395.0 ], [ 1912823.0, 6138391.0 ], [ 1912764.0, 6138385.0 ], [ 1912751.0, 6138383.0 ], [ 1912721.0, 6138378.0 ], [ 1912646.0, 6138365.0 ], [ 1912615.0, 6138359.0 ], [ 1912593.0, 6138354.0 ], [ 1912566.0, 6138347.0 ], [ 1912540.0, 6138339.0 ], [ 1912515.0, 6138332.0 ], [ 1912462.0, 6138315.0 ], [ 1912436.0, 6138306.0 ], [ 1912411.0, 6138297.0 ], [ 1912375.0, 6138283.0 ], [ 1912321.0, 6138260.0 ], [ 1912292.0, 6138247.0 ], [ 1912264.0, 6138233.0 ], [ 1912225.0, 6138214.0 ], [ 1912201.0, 6138202.0 ], [ 1912190.0, 6138196.0 ], [ 1912179.0, 6138190.0 ], [ 1912147.0, 6138171.0 ], [ 1912116.0, 6138152.0 ], [ 1912102.0, 6138143.0 ], [ 1912077.0, 6138125.0 ], [ 1912058.0, 6138114.0 ], [ 1912009.0, 6138086.0 ], [ 1911891.0, 6138022.0 ], [ 1911852.0, 6138000.0 ], [ 1911848.0, 6137999.0 ], [ 1911836.0, 6137994.0 ], [ 1911818.0, 6137985.0 ], [ 1911810.0, 6137980.0 ], [ 1911792.0, 6137970.0 ], [ 1911716.0, 6137930.0 ], [ 1911654.0, 6137886.0 ], [ 1911634.0, 6137871.0 ], [ 1911628.0, 6137865.0 ], [ 1911623.0, 6137856.0 ], [ 1911553.0, 6137819.0 ], [ 1911495.0, 6137788.0 ], [ 1911378.0, 6137724.0 ], [ 1911359.0, 6137714.0 ], [ 1911341.0, 6137706.0 ], [ 1911324.0, 6137698.0 ], [ 1911290.0, 6137679.0 ], [ 1911285.0, 6137677.0 ], [ 1911200.0, 6137632.0 ], [ 1910989.0, 6137520.0 ], [ 1910858.0, 6137450.0 ], [ 1910758.0, 6137397.0 ], [ 1910709.0, 6137370.0 ], [ 1910703.0, 6137367.0 ], [ 1910697.0, 6137362.0 ], [ 1910685.0, 6137355.0 ], [ 1910660.0, 6137340.0 ], [ 1910607.0, 6137312.0 ], [ 1910593.0, 6137305.0 ], [ 1910576.0, 6137297.0 ], [ 1910565.0, 6137292.0 ], [ 1910556.0, 6137287.0 ], [ 1910536.0, 6137277.0 ], [ 1910387.0, 6137203.0 ], [ 1910378.0, 6137199.0 ], [ 1910356.0, 6137188.0 ], [ 1910341.0, 6137182.0 ], [ 1910337.0, 6137180.0 ], [ 1910324.0, 6137174.0 ], [ 1910272.0, 6137147.0 ] ], [ [ 1914572.0, 6139257.0 ], [ 1914571.0, 6139267.0 ], [ 1914567.0, 6139287.0 ], [ 1914539.0, 6139280.0 ], [ 1914541.0, 6139271.0 ], [ 1914545.0, 6139266.0 ], [ 1914551.0, 6139260.0 ], [ 1914556.0, 6139256.0 ] ] ] } },
{ "type": "Feature", "properties": { "source": 9340979004, "target": 301351968, "ordering_random": 14, "length": 197, "length_cumulative": 125595 }, "geometry": { "type": "LineString", "coordinates": [ [ 1901254.0, 6134851.0 ], [ 1901254.0, 6134844.0 ], [ 1901253.0, 6134837.0 ], [ 1901252.0, 6134830.0 ], [ 1901249.0, 6134825.0 ], [ 1901245.0, 6134820.0 ], [ 1901233.0, 6134812.0 ], [ 1901221.0, 6134809.0 ], [ 1901213.0, 6134806.0 ], [ 1901203.0, 6134802.0 ], [ 1901187.0, 6134793.0 ], [ 1901180.0, 6134789.0 ], [ 1901174.0, 6134785.0 ], [ 1901170.0, 6134781.0 ], [ 1901158.0, 6134772.0 ], [ 1901138.0, 6134734.0 ], [ 1901128.0, 6134716.0 ] ] } },
{ "type": "Feature", "properties": { "source": 4031514486, "target": 9340979004, "ordering_random": 15, "length": 248, "length_cumulative": 125843 }, "geometry": { "type": "LineString", "coordinates": [ [ 1900587.0, 6135993.0 ], [ 1900598.0, 6135997.0 ], [ 1900622.0, 6136000.0 ], [ 1900583.0, 6136188.0 ], [ 1900582.0, 6136194.0 ], [ 1900596.0, 6136197.0 ] ] } },
{ "type": "Feature", "properties": { "source": 10093241284, "target": 301351968, "ordering_random": 16, "length": 15309, "length_cumulative": 141153 }, "geometry": { "type": "LineString", "coordinates": [ [ 1909219.0, 6114642.0 ], [ 1909221.0, 6114644.0 ], [ 1909223.0, 6114647.0 ], [ 1909214.0, 6114659.0 ], [ 1909231.0, 6114678.0 ], [ 1909282.0, 6114632.0 ], [ 1909299.0, 6114621.0 ], [ 1909313.0, 6114620.0 ], [ 1909321.0, 6114625.0 ], [ 1909333.0, 6114635.0 ], [ 1909340.0, 6114643.0 ], [ 1909348.0, 6114652.0 ], [ 1909358.0, 6114661.0 ], [ 1909367.0, 6114670.0 ], [ 1909378.0, 6114676.0 ], [ 1909386.0, 6114679.0 ], [ 1909380.0, 6114705.0 ], [ 1909368.0, 6114770.0 ], [ 1909355.0, 6114851.0 ], [ 1909340.0, 6114910.0 ], [ 1909328.0, 6114950.0 ], [ 1909295.0, 6115039.0 ], [ 1909284.0, 6115077.0 ], [ 1909280.0, 6115087.0 ], [ 1909263.0, 6115130.0 ], [ 1909258.0, 6115140.0 ], [ 1909228.0, 6115213.0 ], [ 1909203.0, 6115273.0 ], [ 1909187.0, 6115304.0 ], [ 1909183.0, 6115312.0 ], [ 1909172.0, 6115333.0 ], [ 1909154.0, 6115367.0 ], [ 1909139.0, 6115391.0 ], [ 1909116.0, 6115425.0 ], [ 1909107.0, 6115437.0 ], [ 1909022.0, 6115559.0 ], [ 1908985.0, 6115610.0 ], [ 1908960.0, 6115645.0 ], [ 1908924.0, 6115695.0 ], [ 1908887.0, 6115745.0 ], [ 1908824.0, 6115832.0 ], [ 1908805.0, 6115856.0 ], [ 1908794.0, 6115870.0 ], [ 1908769.0, 6115900.0 ], [ 1908707.0, 6115973.0 ], [ 1908661.0, 6116026.0 ], [ 1908631.0, 6116060.0 ], [ 1908627.0, 6116064.0 ], [ 1908619.0, 6116076.0 ], [ 1908611.0, 6116091.0 ], [ 1908605.0, 6116108.0 ], [ 1908601.0, 6116118.0 ], [ 1908599.0, 6116129.0 ], [ 1908597.0, 6116137.0 ], [ 1908597.0, 6116149.0 ], [ 1908597.0, 6116160.0 ], [ 1908597.0, 6116170.0 ], [ 1908599.0, 6116185.0 ], [ 1908601.0, 6116200.0 ], [ 1908605.0, 6116213.0 ], [ 1908612.0, 6116233.0 ], [ 1908628.0, 6116282.0 ], [ 1908635.0, 6116299.0 ], [ 1908660.0, 6116370.0 ], [ 1908690.0, 6116453.0 ], [ 1908708.0, 6116515.0 ], [ 1908711.0, 6116535.0 ], [ 1908713.0, 6116547.0 ], [ 1908715.0, 6116567.0 ], [ 1908716.0, 6116587.0 ], [ 1908717.0, 6116606.0 ], [ 1908718.0, 6116617.0 ], [ 1908717.0, 6116653.0 ], [ 1908713.0, 6116695.0 ], [ 1908707.0, 6116744.0 ], [ 1908689.0, 6116931.0 ], [ 1908683.0, 6117002.0 ], [ 1908682.0, 6117039.0 ], [ 1908682.0, 6117060.0 ], [ 1908683.0, 6117079.0 ], [ 1908686.0, 6117109.0 ], [ 1908688.0, 6117131.0 ], [ 1908691.0, 6117151.0 ], [ 1908695.0, 6117176.0 ], [ 1908701.0, 6117203.0 ], [ 1908707.0, 6117227.0 ], [ 1908713.0, 6117250.0 ], [ 1908726.0, 6117295.0 ], [ 1908752.0, 6117358.0 ], [ 1908768.0, 6117401.0 ], [ 1908785.0, 6117444.0 ], [ 1908792.0, 6117469.0 ], [ 1908797.0, 6117485.0 ], [ 1908801.0, 6117498.0 ], [ 1908806.0, 6117522.0 ], [ 1908808.0, 6117538.0 ], [ 1908810.0, 6117555.0 ], [ 1908811.0, 6117579.0 ], [ 1908811.0, 6117601.0 ], [ 1908810.0, 6117622.0 ], [ 1908809.0, 6117638.0 ], [ 1908808.0, 6117643.0 ], [ 1908806.0, 6117656.0 ], [ 1908803.0, 6117674.0 ], [ 1908798.0, 6117695.0 ], [ 1908795.0, 6117708.0 ], [ 1908792.0, 6117717.0 ], [ 1908789.0, 6117729.0 ], [ 1908785.0, 6117741.0 ], [ 1908782.0, 6117749.0 ], [ 1908778.0, 6117760.0 ], [ 1908772.0, 6117773.0 ], [ 1908767.0, 6117784.0 ], [ 1908762.0, 6117794.0 ], [ 1908756.0, 6117806.0 ], [ 1908742.0, 6117830.0 ], [ 1908734.0, 6117841.0 ], [ 1908725.0, 6117852.0 ], [ 1908716.0, 6117864.0 ], [ 1908709.0, 6117874.0 ], [ 1908698.0, 6117886.0 ], [ 1908689.0, 6117896.0 ], [ 1908675.0, 6117910.0 ], [ 1908663.0, 6117920.0 ], [ 1908653.0, 6117929.0 ], [ 1908644.0, 6117937.0 ], [ 1908625.0, 6117951.0 ], [ 1908590.0, 6117976.0 ], [ 1908550.0, 6118004.0 ], [ 1908511.0, 6118032.0 ], [ 1908491.0, 6118046.0 ], [ 1908474.0, 6118059.0 ], [ 1908456.0, 6118073.0 ], [ 1908439.0, 6118086.0 ], [ 1908421.0, 6118102.0 ], [ 1908402.0, 6118117.0 ], [ 1908387.0, 6118132.0 ], [ 1908367.0, 6118151.0 ], [ 1908347.0, 6118170.0 ], [ 1908329.0, 6118190.0 ], [ 1908303.0, 6118219.0 ], [ 1908288.0, 6118236.0 ], [ 1908278.0, 6118249.0 ], [ 1908262.0, 6118269.0 ], [ 1908252.0, 6118285.0 ], [ 1908229.0, 6118319.0 ], [ 1908219.0, 6118334.0 ], [ 1908211.0, 6118348.0 ], [ 1908204.0, 6118360.0 ], [ 1908196.0, 6118375.0 ], [ 1908181.0, 6118403.0 ], [ 1908166.0, 6118434.0 ], [ 1908155.0, 6118455.0 ], [ 1908146.0, 6118473.0 ], [ 1908136.0, 6118497.0 ], [ 1908124.0, 6118524.0 ], [ 1908087.0, 6118619.0 ], [ 1908066.0, 6118669.0 ], [ 1908056.0, 6118693.0 ], [ 1908021.0, 6118764.0 ], [ 1907981.0, 6118818.0 ], [ 1907946.0, 6118869.0 ], [ 1907909.0, 6118913.0 ], [ 1907872.0, 6118953.0 ], [ 1907827.0, 6118994.0 ], [ 1907780.0, 6119032.0 ], [ 1907726.0, 6119068.0 ], [ 1907697.0, 6119085.0 ], [ 1907673.0, 6119098.0 ], [ 1907639.0, 6119115.0 ], [ 1907601.0, 6119134.0 ], [ 1907558.0, 6119155.0 ], [ 1907516.0, 6119176.0 ], [ 1907459.0, 6119208.0 ], [ 1907427.0, 6119230.0 ], [ 1907407.0, 6119244.0 ], [ 1907391.0, 6119256.0 ], [ 1907354.0, 6119285.0 ], [ 1907319.0, 6119318.0 ], [ 1907254.0, 6119391.0 ], [ 1907221.0, 6119434.0 ], [ 1907187.0, 6119487.0 ], [ 1907137.0, 6119579.0 ], [ 1907100.0, 6119651.0 ], [ 1907066.0, 6119708.0 ], [ 1907041.0, 6119744.0 ], [ 1907013.0, 6119778.0 ], [ 1906979.0, 6119815.0 ], [ 1906951.0, 6119842.0 ], [ 1906891.0, 6119907.0 ], [ 1906840.0, 6119956.0 ], [ 1906750.0, 6120034.0 ], [ 1906727.0, 6120055.0 ], [ 1906701.0, 6120080.0 ], [ 1906688.0, 6120093.0 ], [ 1906640.0, 6120152.0 ], [ 1906604.0, 6120199.0 ], [ 1906559.0, 6120267.0 ], [ 1906527.0, 6120322.0 ], [ 1906504.0, 6120365.0 ], [ 1906483.0, 6120407.0 ], [ 1906464.0, 6120449.0 ], [ 1906445.0, 6120501.0 ], [ 1906426.0, 6120553.0 ], [ 1906412.0, 6120600.0 ], [ 1906397.0, 6120650.0 ], [ 1906374.0, 6120734.0 ], [ 1906353.0, 6120815.0 ], [ 1906347.0, 6120833.0 ], [ 1906342.0, 6120849.0 ], [ 1906337.0, 6120863.0 ], [ 1906332.0, 6120876.0 ], [ 1906308.0, 6120937.0 ], [ 1906302.0, 6120958.0 ], [ 1906300.0, 6120968.0 ], [ 1906297.0, 6120980.0 ], [ 1906293.0, 6121001.0 ], [ 1906287.0, 6121039.0 ], [ 1906276.0, 6121107.0 ], [ 1906264.0, 6121185.0 ], [ 1906253.0, 6121260.0 ], [ 1906240.0, 6121315.0 ], [ 1906238.0, 6121329.0 ], [ 1906233.0, 6121348.0 ], [ 1906224.0, 6121385.0 ], [ 1906213.0, 6121429.0 ], [ 1906202.0, 6121466.0 ], [ 1906191.0, 6121504.0 ], [ 1906180.0, 6121540.0 ], [ 1906173.0, 6121562.0 ], [ 1906163.0, 6121592.0 ], [ 1906153.0, 6121625.0 ], [ 1906118.0, 6121728.0 ], [ 1906092.0, 6121806.0 ], [ 1906084.0, 6121832.0 ], [ 1906075.0, 6121857.0 ], [ 1906039.0, 6121971.0 ], [ 1906017.0, 6122043.0 ], [ 1905976.0, 6122161.0 ], [ 1905976.0, 6122172.0 ], [ 1905978.0, 6122187.0 ], [ 1905981.0, 6122196.0 ], [ 1905994.0, 6122211.0 ], [ 1906000.0, 6122213.0 ], [ 1906006.0, 6122217.0 ], [ 1906011.0, 6122221.0 ], [ 1906016.0, 6122224.0 ], [ 1906020.0, 6122229.0 ], [ 1906024.0, 6122234.0 ], [ 1906027.0, 6122239.0 ], [ 1906030.0, 6122244.0 ], [ 1906032.0, 6122250.0 ], [ 1906033.0, 6122256.0 ], [ 1906035.0, 6122267.0 ], [ 1906034.0, 6122272.0 ], [ 1906034.0, 6122278.0 ], [ 1906031.0, 6122288.0 ], [ 1906030.0, 6122291.0 ], [ 1906026.0, 6122298.0 ], [ 1906023.0, 6122302.0 ], [ 1906016.0, 6122311.0 ], [ 1906013.0, 6122326.0 ], [ 1906014.0, 6122347.0 ], [ 1906014.0, 6122363.0 ], [ 1906013.0, 6122376.0 ], [ 1906012.0, 6122392.0 ], [ 1906010.0, 6122410.0 ], [ 1906006.0, 6122425.0 ], [ 1906000.0, 6122442.0 ], [ 1905993.0, 6122462.0 ], [ 1905987.0, 6122479.0 ], [ 1905976.0, 6122512.0 ], [ 1905968.0, 6122531.0 ], [ 1905962.0, 6122542.0 ], [ 1905949.0, 6122563.0 ], [ 1905933.0, 6122589.0 ], [ 1905905.0, 6122657.0 ], [ 1905895.0, 6122654.0 ], [ 1905884.0, 6122686.0 ], [ 1905883.0, 6122692.0 ], [ 1905881.0, 6122698.0 ], [ 1905880.0, 6122705.0 ], [ 1905879.0, 6122713.0 ], [ 1905878.0, 6122726.0 ], [ 1905877.0, 6122741.0 ], [ 1905883.0, 6122842.0 ], [ 1905886.0, 6122917.0 ], [ 1905890.0, 6122993.0 ], [ 1905891.0, 6123001.0 ], [ 1905896.0, 6123114.0 ], [ 1905900.0, 6123186.0 ], [ 1905907.0, 6123328.0 ], [ 1905910.0, 6123366.0 ], [ 1905913.0, 6123428.0 ], [ 1905917.0, 6123511.0 ], [ 1905920.0, 6123573.0 ], [ 1905922.0, 6123607.0 ], [ 1905915.0, 6123621.0 ], [ 1905909.0, 6123631.0 ], [ 1905910.0, 6123676.0 ], [ 1905910.0, 6123685.0 ], [ 1905918.0, 6123856.0 ], [ 1905929.0, 6124047.0 ], [ 1905940.0, 6124146.0 ], [ 1905947.0, 6124181.0 ], [ 1905954.0, 6124211.0 ], [ 1905977.0, 6124283.0 ], [ 1906001.0, 6124338.0 ], [ 1905972.0, 6124373.0 ], [ 1905960.0, 6124413.0 ], [ 1905948.0, 6124426.0 ], [ 1905934.0, 6124441.0 ], [ 1905895.0, 6124482.0 ], [ 1905768.0, 6124616.0 ], [ 1905760.0, 6124625.0 ], [ 1905700.0, 6124688.0 ], [ 1905623.0, 6124766.0 ], [ 1905535.0, 6124857.0 ], [ 1905518.0, 6124874.0 ], [ 1905498.0, 6124895.0 ], [ 1905439.0, 6124952.0 ], [ 1905422.0, 6124972.0 ], [ 1905402.0, 6124998.0 ], [ 1905382.0, 6125032.0 ], [ 1905369.0, 6125044.0 ], [ 1905269.0, 6125156.0 ], [ 1905236.0, 6125193.0 ], [ 1905226.0, 6125204.0 ], [ 1905209.0, 6125212.0 ], [ 1905186.0, 6125212.0 ], [ 1905134.0, 6125214.0 ], [ 1905067.0, 6125218.0 ], [ 1905045.0, 6125226.0 ], [ 1905022.0, 6125228.0 ], [ 1904973.0, 6125230.0 ], [ 1904948.0, 6125231.0 ], [ 1904928.0, 6125232.0 ], [ 1904912.0, 6125233.0 ], [ 1904894.0, 6125234.0 ], [ 1904889.0, 6125234.0 ], [ 1904847.0, 6125236.0 ], [ 1904811.0, 6125240.0 ], [ 1904774.0, 6125241.0 ], [ 1904763.0, 6125237.0 ], [ 1904752.0, 6125227.0 ], [ 1904751.0, 6125231.0 ], [ 1904737.0, 6125287.0 ], [ 1904714.0, 6125326.0 ], [ 1904666.0, 6125385.0 ], [ 1904653.0, 6125409.0 ], [ 1904554.0, 6125605.0 ], [ 1904518.0, 6125680.0 ], [ 1904495.0, 6125723.0 ], [ 1904486.0, 6125742.0 ], [ 1904433.0, 6125721.0 ], [ 1904408.0, 6125744.0 ], [ 1904399.0, 6125748.0 ], [ 1904361.0, 6125767.0 ], [ 1904298.0, 6125891.0 ], [ 1904273.0, 6125939.0 ], [ 1904203.0, 6126086.0 ], [ 1904205.0, 6126148.0 ], [ 1904205.0, 6126162.0 ], [ 1904206.0, 6126176.0 ], [ 1904212.0, 6126239.0 ], [ 1904215.0, 6126294.0 ], [ 1904198.0, 6126295.0 ], [ 1904179.0, 6126398.0 ], [ 1904176.0, 6126400.0 ], [ 1904176.0, 6126412.0 ], [ 1904176.0, 6126426.0 ], [ 1904176.0, 6126428.0 ], [ 1904178.0, 6126467.0 ], [ 1904179.0, 6126481.0 ], [ 1904181.0, 6126507.0 ], [ 1904182.0, 6126539.0 ], [ 1904182.0, 6126547.0 ], [ 1904183.0, 6126564.0 ], [ 1904183.0, 6126571.0 ], [ 1904184.0, 6126578.0 ], [ 1904186.0, 6126605.0 ], [ 1904187.0, 6126633.0 ], [ 1904189.0, 6126674.0 ], [ 1904189.0, 6126690.0 ], [ 1904167.0, 6126706.0 ], [ 1904048.0, 6126785.0 ], [ 1904043.0, 6126788.0 ], [ 1904021.0, 6126799.0 ], [ 1904022.0, 6126810.0 ], [ 1904026.0, 6126817.0 ], [ 1904023.0, 6126819.0 ], [ 1904008.0, 6126829.0 ], [ 1903973.0, 6126852.0 ], [ 1903968.0, 6126855.0 ], [ 1903963.0, 6126857.0 ], [ 1903957.0, 6126858.0 ], [ 1903951.0, 6126859.0 ], [ 1903867.0, 6126864.0 ], [ 1903829.0, 6126866.0 ], [ 1903825.0, 6126866.0 ], [ 1903819.0, 6126866.0 ], [ 1903808.0, 6126867.0 ], [ 1903794.0, 6126868.0 ], [ 1903765.0, 6126869.0 ], [ 1903742.0, 6126870.0 ], [ 1903722.0, 6126870.0 ], [ 1903714.0, 6126876.0 ], [ 1903699.0, 6126886.0 ], [ 1903702.0, 6126910.0 ], [ 1903676.0, 6126927.0 ], [ 1903666.0, 6126933.0 ], [ 1903654.0, 6126942.0 ], [ 1903626.0, 6126959.0 ], [ 1903621.0, 6126959.0 ], [ 1903619.0, 6126960.0 ], [ 1903613.0, 6126963.0 ] ] } },
{ "type": "Feature", "properties": { "source": 4031514486, "target": 1349059659, "ordering_random": 17, "length": 4486, "length_cumulative": 145639 }, "geometry": { "type": "LineString", "coordinates": [ [ 1907436.0, 6138098.0 ], [ 1907437.0, 6138099.0 ], [ 1907462.0, 6138150.0 ], [ 1907479.0, 6138181.0 ], [ 1907483.0, 6138189.0 ], [ 1907500.0, 6138221.0 ], [ 1907503.0, 6138228.0 ], [ 1907508.0, 6138227.0 ], [ 1907510.0, 6138227.0 ], [ 1907515.0, 6138226.0 ], [ 1907524.0, 6138222.0 ], [ 1907555.0, 6138233.0 ], [ 1907569.0, 6138254.0 ], [ 1907597.0, 6138285.0 ], [ 1907601.0, 6138289.0 ], [ 1907615.0, 6138306.0 ], [ 1907637.0, 6138328.0 ], [ 1907661.0, 6138354.0 ], [ 1907688.0, 6138384.0 ], [ 1907763.0, 6138465.0 ], [ 1907779.0, 6138483.0 ], [ 1907794.0, 6138501.0 ], [ 1907822.0, 6138536.0 ], [ 1907849.0, 6138571.0 ], [ 1907859.0, 6138586.0 ], [ 1907866.0, 6138595.0 ], [ 1907885.0, 6138622.0 ], [ 1907924.0, 6138673.0 ], [ 1907928.0, 6138679.0 ], [ 1907932.0, 6138684.0 ], [ 1907942.0, 6138698.0 ], [ 1908053.0, 6138849.0 ], [ 1908091.0, 6138904.0 ], [ 1908242.0, 6139125.0 ], [ 1908270.0, 6139166.0 ], [ 1908347.0, 6139272.0 ], [ 1908394.0, 6139338.0 ], [ 1908404.0, 6139355.0 ], [ 1908407.0, 6139358.0 ], [ 1908422.0, 6139381.0 ], [ 1908434.0, 6139398.0 ], [ 1908477.0, 6139460.0 ], [ 1908502.0, 6139498.0 ], [ 1908535.0, 6139546.0 ], [ 1908574.0, 6139603.0 ], [ 1908664.0, 6139736.0 ], [ 1908709.0, 6139801.0 ], [ 1908722.0, 6139821.0 ], [ 1908738.0, 6139844.0 ], [ 1908777.0, 6139905.0 ], [ 1908792.0, 6139929.0 ], [ 1908816.0, 6139972.0 ], [ 1908838.0, 6140012.0 ], [ 1908848.0, 6140032.0 ], [ 1908859.0, 6140052.0 ], [ 1908867.0, 6140069.0 ], [ 1908874.0, 6140086.0 ], [ 1908879.0, 6140097.0 ], [ 1908890.0, 6140120.0 ], [ 1908904.0, 6140153.0 ], [ 1908910.0, 6140150.0 ], [ 1908921.0, 6140176.0 ], [ 1908933.0, 6140205.0 ], [ 1908939.0, 6140222.0 ], [ 1908967.0, 6140303.0 ], [ 1908996.0, 6140384.0 ], [ 1909032.0, 6140487.0 ], [ 1909043.0, 6140516.0 ], [ 1909060.0, 6140562.0 ], [ 1909063.0, 6140564.0 ], [ 1909066.0, 6140566.0 ], [ 1909069.0, 6140574.0 ], [ 1909239.0, 6140498.0 ], [ 1909248.0, 6140494.0 ], [ 1909295.0, 6140603.0 ], [ 1909341.0, 6140714.0 ], [ 1909362.0, 6140761.0 ], [ 1909367.0, 6140771.0 ], [ 1909372.0, 6140779.0 ], [ 1909376.0, 6140785.0 ], [ 1909382.0, 6140793.0 ], [ 1909389.0, 6140800.0 ], [ 1909422.0, 6140832.0 ], [ 1909450.0, 6140857.0 ], [ 1909530.0, 6140953.0 ], [ 1909604.0, 6141046.0 ], [ 1909688.0, 6141154.0 ], [ 1909763.0, 6141243.0 ], [ 1909776.0, 6141228.0 ], [ 1909865.0, 6141143.0 ], [ 1909948.0, 6141251.0 ], [ 1909996.0, 6141312.0 ] ] } },
{ "type": "Feature", "properties": { "source": 5347998233, "target": 5108424159, "ordering_random": 18, "length": 11548, "length_cumulative": 157187 }, "geometry": { "type": "LineString", "coordinates": [ [ 1889866.0, 6143357.0 ], [ 1889872.0, 6143346.0 ], [ 1889878.0, 6143329.0 ], [ 1889878.0, 6143303.0 ], [ 1889912.0, 6143285.0 ], [ 1889915.0, 6143287.0 ], [ 1889929.0, 6143256.0 ], [ 1889935.0, 6143258.0 ], [ 1889939.0, 6143259.0 ], [ 1889955.0, 6143261.0 ], [ 1889976.0, 6143259.0 ], [ 1889984.0, 6143259.0 ], [ 1889988.0, 6143239.0 ], [ 1890004.0, 6143191.0 ], [ 1890015.0, 6143174.0 ], [ 1890029.0, 6143140.0 ], [ 1890029.0, 6143130.0 ], [ 1890028.0, 6143121.0 ], [ 1890026.0, 6143114.0 ], [ 1890046.0, 6143096.0 ], [ 1890052.0, 6143088.0 ], [ 1890059.0, 6143076.0 ], [ 1890075.0, 6143037.0 ], [ 1890078.0, 6143032.0 ], [ 1890091.0, 6143006.0 ], [ 1890137.0, 6142904.0 ], [ 1890165.0, 6142842.0 ], [ 1890230.0, 6142701.0 ], [ 1890257.0, 6142641.0 ], [ 1890264.0, 6142625.0 ], [ 1890374.0, 6142389.0 ], [ 1890392.0, 6142350.0 ], [ 1890441.0, 6142241.0 ], [ 1890490.0, 6142132.0 ], [ 1890542.0, 6142025.0 ], [ 1890570.0, 6141969.0 ], [ 1890607.0, 6141907.0 ], [ 1890663.0, 6141816.0 ], [ 1890689.0, 6141772.0 ], [ 1890699.0, 6141755.0 ], [ 1890758.0, 6141657.0 ], [ 1890799.0, 6141593.0 ], [ 1890815.0, 6141570.0 ], [ 1890827.0, 6141556.0 ], [ 1890847.0, 6141534.0 ], [ 1890874.0, 6141512.0 ], [ 1890941.0, 6141471.0 ], [ 1891001.0, 6141433.0 ], [ 1891082.0, 6141380.0 ], [ 1891133.0, 6141354.0 ], [ 1891206.0, 6141324.0 ], [ 1891357.0, 6141257.0 ], [ 1891401.0, 6141244.0 ], [ 1891450.0, 6141236.0 ], [ 1891620.0, 6141233.0 ], [ 1891686.0, 6141228.0 ], [ 1891741.0, 6141221.0 ], [ 1891969.0, 6141186.0 ], [ 1891998.0, 6141181.0 ], [ 1892188.0, 6141140.0 ], [ 1892362.0, 6141103.0 ], [ 1892431.0, 6141091.0 ], [ 1892501.0, 6141083.0 ], [ 1892546.0, 6141078.0 ], [ 1892607.0, 6141075.0 ], [ 1892757.0, 6141082.0 ], [ 1892833.0, 6141089.0 ], [ 1892943.0, 6141090.0 ], [ 1892989.0, 6141088.0 ], [ 1893131.0, 6141071.0 ], [ 1893192.0, 6141065.0 ], [ 1893298.0, 6141064.0 ], [ 1893381.0, 6141068.0 ], [ 1893468.0, 6141077.0 ], [ 1893570.0, 6141092.0 ], [ 1893851.0, 6141133.0 ], [ 1893879.0, 6141138.0 ], [ 1893903.0, 6141141.0 ], [ 1893961.0, 6141149.0 ], [ 1894049.0, 6141152.0 ], [ 1894206.0, 6141155.0 ], [ 1894237.0, 6141152.0 ], [ 1894275.0, 6141141.0 ], [ 1894312.0, 6141127.0 ], [ 1894335.0, 6141119.0 ], [ 1894345.0, 6141111.0 ], [ 1894360.0, 6141109.0 ], [ 1894369.0, 6141109.0 ], [ 1894396.0, 6141109.0 ], [ 1894413.0, 6141110.0 ], [ 1894432.0, 6141104.0 ], [ 1894447.0, 6141096.0 ], [ 1894469.0, 6141088.0 ], [ 1894540.0, 6141055.0 ], [ 1894568.0, 6141032.0 ], [ 1894585.0, 6141018.0 ], [ 1894602.0, 6140998.0 ], [ 1894616.0, 6140984.0 ], [ 1894618.0, 6140978.0 ], [ 1894622.0, 6140969.0 ], [ 1894646.0, 6140919.0 ], [ 1894656.0, 6140896.0 ], [ 1894663.0, 6140869.0 ], [ 1894664.0, 6140849.0 ], [ 1894668.0, 6140804.0 ], [ 1894665.0, 6140760.0 ], [ 1894664.0, 6140744.0 ], [ 1894669.0, 6140744.0 ], [ 1894750.0, 6140744.0 ], [ 1894774.0, 6140729.0 ], [ 1894790.0, 6140725.0 ], [ 1895130.0, 6140707.0 ], [ 1895141.0, 6140704.0 ], [ 1895144.0, 6140702.0 ], [ 1895153.0, 6140689.0 ], [ 1895159.0, 6140680.0 ], [ 1895169.0, 6140671.0 ], [ 1895189.0, 6140663.0 ], [ 1895248.0, 6140662.0 ], [ 1895305.0, 6140657.0 ], [ 1895349.0, 6140651.0 ], [ 1895370.0, 6140646.0 ], [ 1895402.0, 6140639.0 ], [ 1895424.0, 6140634.0 ], [ 1895442.0, 6140628.0 ], [ 1895522.0, 6140599.0 ], [ 1895539.0, 6140593.0 ], [ 1895575.0, 6140580.0 ], [ 1895622.0, 6140562.0 ], [ 1895653.0, 6140551.0 ], [ 1895744.0, 6140523.0 ], [ 1895793.0, 6140504.0 ], [ 1895937.0, 6140434.0 ], [ 1895946.0, 6140429.0 ], [ 1895954.0, 6140423.0 ], [ 1895960.0, 6140418.0 ], [ 1895963.0, 6140413.0 ], [ 1895966.0, 6140405.0 ], [ 1895992.0, 6140402.0 ], [ 1896042.0, 6140380.0 ], [ 1896104.0, 6140349.0 ], [ 1896128.0, 6140345.0 ], [ 1896140.0, 6140344.0 ], [ 1896173.0, 6140342.0 ], [ 1896190.0, 6140328.0 ], [ 1896209.0, 6140266.0 ], [ 1896224.0, 6140246.0 ], [ 1896246.0, 6140216.0 ], [ 1896310.0, 6140136.0 ], [ 1896357.0, 6140089.0 ], [ 1896389.0, 6140058.0 ], [ 1896407.0, 6140042.0 ], [ 1896410.0, 6140038.0 ], [ 1896459.0, 6139971.0 ], [ 1896474.0, 6139949.0 ], [ 1896548.0, 6139844.0 ], [ 1896551.0, 6139840.0 ], [ 1896583.0, 6139794.0 ], [ 1896607.0, 6139768.0 ], [ 1896653.0, 6139716.0 ], [ 1896700.0, 6139667.0 ], [ 1896712.0, 6139660.0 ], [ 1896833.0, 6139527.0 ], [ 1896867.0, 6139488.0 ], [ 1896876.0, 6139477.0 ], [ 1896879.0, 6139472.0 ], [ 1896928.0, 6139383.0 ], [ 1896933.0, 6139375.0 ], [ 1896977.0, 6139297.0 ], [ 1896982.0, 6139291.0 ], [ 1897001.0, 6139268.0 ], [ 1897003.0, 6139265.0 ], [ 1897013.0, 6139254.0 ], [ 1897091.0, 6139172.0 ], [ 1897261.0, 6138956.0 ], [ 1897267.0, 6138949.0 ], [ 1897281.0, 6138933.0 ], [ 1897289.0, 6138921.0 ], [ 1897299.0, 6138905.0 ], [ 1897305.0, 6138893.0 ], [ 1897311.0, 6138881.0 ], [ 1897347.0, 6138696.0 ], [ 1897369.0, 6138623.0 ], [ 1897372.0, 6138606.0 ], [ 1897378.0, 6138577.0 ], [ 1897403.0, 6138478.0 ], [ 1897445.0, 6138287.0 ], [ 1897467.0, 6138201.0 ], [ 1897497.0, 6138109.0 ], [ 1897538.0, 6138030.0 ], [ 1897554.0, 6137999.0 ], [ 1897584.0, 6137948.0 ], [ 1897627.0, 6137873.0 ], [ 1897645.0, 6137824.0 ], [ 1897647.0, 6137812.0 ], [ 1897648.0, 6137798.0 ], [ 1897644.0, 6137772.0 ], [ 1897643.0, 6137766.0 ], [ 1897638.0, 6137740.0 ], [ 1897637.0, 6137732.0 ], [ 1897637.0, 6137721.0 ], [ 1897641.0, 6137713.0 ], [ 1897654.0, 6137695.0 ], [ 1897663.0, 6137683.0 ], [ 1897673.0, 6137686.0 ], [ 1897685.0, 6137689.0 ], [ 1897702.0, 6137694.0 ], [ 1897721.0, 6137703.0 ], [ 1897798.0, 6137742.0 ], [ 1897839.0, 6137761.0 ], [ 1897853.0, 6137760.0 ], [ 1897869.0, 6137757.0 ], [ 1897879.0, 6137746.0 ], [ 1897889.0, 6137737.0 ], [ 1897903.0, 6137725.0 ], [ 1897932.0, 6137699.0 ], [ 1897949.0, 6137685.0 ], [ 1897958.0, 6137678.0 ], [ 1897964.0, 6137674.0 ], [ 1897983.0, 6137660.0 ], [ 1898018.0, 6137635.0 ], [ 1898051.0, 6137611.0 ], [ 1898071.0, 6137597.0 ], [ 1898106.0, 6137571.0 ] ] } },
{ "type": "Feature", "properties": { "source": 13694930386, "target": 301351968, "ordering_random": 19, "length": 16560, "length_cumulative": 173748 }, "geometry": { "type": "MultiLineString", "coordinates": [ [ [ 1903507.0, 6127061.0 ], [ 1903452.0, 6127096.0 ], [ 1903441.0, 6127103.0 ], [ 1903415.0, 6127118.0 ], [ 1903390.0, 6127132.0 ], [ 1903386.0, 6127134.0 ], [ 1903389.0, 6127139.0 ], [ 1903418.0, 6127193.0 ], [ 1903421.0, 6127197.0 ], [ 1903425.0, 6127202.0 ], [ 1903425.0, 6127209.0 ], [ 1903426.0, 6127216.0 ], [ 1903447.0, 6127252.0 ], [ 1903454.0, 6127265.0 ], [ 1903461.0, 6127270.0 ], [ 1903462.0, 6127272.0 ], [ 1903463.0, 6127280.0 ], [ 1903476.0, 6127279.0 ], [ 1903485.0, 6127279.0 ], [ 1903495.0, 6127280.0 ], [ 1903503.0, 6127282.0 ], [ 1903507.0, 6127283.0 ], [ 1903512.0, 6127285.0 ], [ 1903516.0, 6127286.0 ], [ 1903520.0, 6127289.0 ], [ 1903528.0, 6127294.0 ], [ 1903534.0, 6127301.0 ], [ 1903540.0, 6127307.0 ], [ 1903551.0, 6127321.0 ], [ 1903595.0, 6127382.0 ], [ 1903723.0, 6127555.0 ], [ 1903738.0, 6127577.0 ], [ 1903929.0, 6127897.0 ], [ 1903948.0, 6127928.0 ], [ 1903951.0, 6127932.0 ], [ 1903953.0, 6127937.0 ], [ 1903955.0, 6127942.0 ], [ 1903957.0, 6127948.0 ], [ 1903960.0, 6127954.0 ], [ 1903962.0, 6127960.0 ], [ 1903963.0, 6127966.0 ], [ 1903965.0, 6127972.0 ], [ 1903966.0, 6127977.0 ], [ 1903968.0, 6127983.0 ], [ 1903969.0, 6127988.0 ], [ 1903969.0, 6127992.0 ], [ 1903969.0, 6127994.0 ], [ 1903971.0, 6128038.0 ], [ 1903971.0, 6128048.0 ], [ 1904003.0, 6128047.0 ], [ 1904017.0, 6128046.0 ], [ 1904023.0, 6128048.0 ], [ 1904038.0, 6128075.0 ], [ 1904051.0, 6128136.0 ], [ 1904056.0, 6128154.0 ], [ 1904061.0, 6128156.0 ], [ 1904096.0, 6128167.0 ], [ 1904102.0, 6128173.0 ], [ 1904111.0, 6128183.0 ] ], [ [ 1904111.0, 6128183.0 ], [ 1904128.0, 6128202.0 ], [ 1904132.0, 6128208.0 ] ], [ [ 1904132.0, 6128208.0 ], [ 1904136.0, 6128215.0 ], [ 1904154.0, 6128242.0 ], [ 1904183.0, 6128290.0 ], [ 1904189.0, 6128311.0 ], [ 1904193.0, 6128317.0 ], [ 1904196.0, 6128323.0 ], [ 1904209.0, 6128338.0 ], [ 1904239.0, 6128372.0 ], [ 1904268.0, 6128401.0 ], [ 1904298.0, 6128428.0 ], [ 1904328.0, 6128454.0 ], [ 1904360.0, 6128478.0 ], [ 1904379.0, 6128492.0 ], [ 1904407.0, 6128509.0 ], [ 1904466.0, 6128547.0 ], [ 1904524.0, 6128577.0 ], [ 1904527.0, 6128578.0 ], [ 1904530.0, 6128580.0 ], [ 1904570.0, 6128596.0 ], [ 1904617.0, 6128613.0 ], [ 1904638.0, 6128620.0 ], [ 1904636.0, 6128632.0 ], [ 1904633.0, 6128638.0 ], [ 1904630.0, 6128647.0 ], [ 1904626.0, 6128657.0 ], [ 1904633.0, 6128662.0 ], [ 1904638.0, 6128668.0 ], [ 1904644.0, 6128679.0 ], [ 1904653.0, 6128695.0 ], [ 1904662.0, 6128710.0 ], [ 1904669.0, 6128715.0 ], [ 1904675.0, 6128720.0 ], [ 1904703.0, 6128730.0 ], [ 1904832.0, 6128723.0 ], [ 1904921.0, 6128718.0 ], [ 1905039.0, 6128712.0 ], [ 1905333.0, 6128696.0 ], [ 1905406.0, 6128693.0 ], [ 1905447.0, 6128690.0 ], [ 1905454.0, 6128690.0 ], [ 1905564.0, 6128683.0 ], [ 1905617.0, 6128680.0 ], [ 1905897.0, 6128663.0 ], [ 1905982.0, 6128658.0 ], [ 1906077.0, 6128653.0 ], [ 1906125.0, 6128650.0 ], [ 1906277.0, 6128635.0 ], [ 1906329.0, 6128631.0 ], [ 1906713.0, 6128610.0 ], [ 1906927.0, 6128600.0 ], [ 1906967.0, 6128600.0 ], [ 1907007.0, 6128601.0 ], [ 1907053.0, 6128604.0 ], [ 1907109.0, 6128611.0 ], [ 1907168.0, 6128622.0 ], [ 1907223.0, 6128636.0 ], [ 1907276.0, 6128653.0 ], [ 1907323.0, 6128671.0 ], [ 1907363.0, 6128688.0 ], [ 1907403.0, 6128707.0 ], [ 1907431.0, 6128722.0 ], [ 1907483.0, 6128753.0 ], [ 1907524.0, 6128785.0 ], [ 1907594.0, 6128858.0 ], [ 1907624.0, 6128881.0 ], [ 1907651.0, 6128902.0 ], [ 1907685.0, 6128933.0 ], [ 1907699.0, 6128945.0 ], [ 1907713.0, 6128959.0 ], [ 1907760.0, 6129007.0 ], [ 1907798.0, 6129049.0 ], [ 1908398.0, 6129721.0 ], [ 1908600.0, 6129948.0 ], [ 1908690.0, 6130050.0 ], [ 1908752.0, 6130119.0 ], [ 1908800.0, 6130172.0 ], [ 1908832.0, 6130205.0 ], [ 1908869.0, 6130239.0 ], [ 1908909.0, 6130274.0 ], [ 1908927.0, 6130288.0 ], [ 1908944.0, 6130301.0 ], [ 1908973.0, 6130321.0 ], [ 1909022.0, 6130353.0 ], [ 1909055.0, 6130371.0 ], [ 1909069.0, 6130378.0 ], [ 1909091.0, 6130389.0 ], [ 1909133.0, 6130409.0 ], [ 1909175.0, 6130426.0 ], [ 1909221.0, 6130442.0 ], [ 1909265.0, 6130455.0 ], [ 1909315.0, 6130466.0 ], [ 1909361.0, 6130475.0 ], [ 1909410.0, 6130482.0 ], [ 1909446.0, 6130485.0 ], [ 1909493.0, 6130488.0 ], [ 1909716.0, 6130493.0 ], [ 1909868.0, 6130497.0 ], [ 1909972.0, 6130500.0 ], [ 1910184.0, 6130506.0 ], [ 1910595.0, 6130516.0 ], [ 1911127.0, 6130529.0 ], [ 1911208.0, 6130531.0 ], [ 1911332.0, 6130534.0 ], [ 1911390.0, 6130537.0 ], [ 1911460.0, 6130542.0 ], [ 1911519.0, 6130549.0 ], [ 1911576.0, 6130558.0 ], [ 1911633.0, 6130570.0 ], [ 1911674.0, 6130580.0 ], [ 1911728.0, 6130596.0 ], [ 1911780.0, 6130614.0 ], [ 1911831.0, 6130635.0 ], [ 1911851.0, 6130626.0 ], [ 1911860.0, 6130621.0 ], [ 1911867.0, 6130614.0 ], [ 1911875.0, 6130603.0 ], [ 1911892.0, 6130555.0 ], [ 1911894.0, 6130555.0 ], [ 1911900.0, 6130556.0 ], [ 1912040.0, 6130573.0 ], [ 1912095.0, 6130579.0 ], [ 1912203.0, 6130594.0 ], [ 1912209.0, 6130595.0 ], [ 1912284.0, 6130604.0 ], [ 1912310.0, 6130607.0 ], [ 1912377.0, 6130615.0 ], [ 1912428.0, 6130621.0 ], [ 1912441.0, 6130622.0 ], [ 1912481.0, 6130627.0 ], [ 1912632.0, 6130645.0 ], [ 1912653.0, 6130647.0 ], [ 1912784.0, 6130662.0 ], [ 1912886.0, 6130676.0 ], [ 1912929.0, 6130681.0 ], [ 1912940.0, 6130681.0 ], [ 1912945.0, 6130683.0 ], [ 1912950.0, 6130686.0 ], [ 1912953.0, 6130689.0 ], [ 1912956.0, 6130693.0 ], [ 1912962.0, 6130708.0 ], [ 1912978.0, 6130755.0 ], [ 1913002.0, 6130825.0 ], [ 1913064.0, 6130866.0 ], [ 1913085.0, 6130880.0 ], [ 1913162.0, 6130935.0 ], [ 1913170.0, 6130941.0 ], [ 1913175.0, 6130939.0 ], [ 1913179.0, 6130944.0 ], [ 1913230.0, 6130927.0 ], [ 1913282.0, 6130915.0 ], [ 1913346.0, 6130896.0 ], [ 1913372.0, 6130887.0 ], [ 1913395.0, 6130876.0 ], [ 1913453.0, 6130853.0 ], [ 1913466.0, 6130845.0 ], [ 1913477.0, 6130836.0 ], [ 1913490.0, 6130826.0 ], [ 1913503.0, 6130816.0 ], [ 1913515.0, 6130806.0 ], [ 1913528.0, 6130793.0 ], [ 1913541.0, 6130779.0 ], [ 1913553.0, 6130764.0 ], [ 1913577.0, 6130732.0 ], [ 1913593.0, 6130708.0 ], [ 1913636.0, 6130637.0 ], [ 1913647.0, 6130643.0 ], [ 1913652.0, 6130634.0 ], [ 1913664.0, 6130641.0 ], [ 1913676.0, 6130622.0 ], [ 1913688.0, 6130620.0 ], [ 1913692.0, 6130619.0 ], [ 1913699.0, 6130620.0 ], [ 1913705.0, 6130625.0 ], [ 1913708.0, 6130619.0 ], [ 1913742.0, 6130563.0 ], [ 1913754.0, 6130570.0 ], [ 1913787.0, 6130517.0 ], [ 1913793.0, 6130520.0 ], [ 1913798.0, 6130514.0 ], [ 1913874.0, 6130438.0 ], [ 1913885.0, 6130422.0 ], [ 1913889.0, 6130417.0 ], [ 1913893.0, 6130415.0 ], [ 1913897.0, 6130415.0 ], [ 1913901.0, 6130417.0 ], [ 1914047.0, 6130562.0 ], [ 1914080.0, 6130586.0 ], [ 1914110.0, 6130607.0 ], [ 1914257.0, 6130724.0 ], [ 1914372.0, 6130813.0 ], [ 1914607.0, 6130971.0 ], [ 1914616.0, 6130953.0 ], [ 1914644.0, 6130904.0 ], [ 1914645.0, 6130903.0 ], [ 1914651.0, 6130892.0 ], [ 1914663.0, 6130868.0 ], [ 1914666.0, 6130865.0 ], [ 1914675.0, 6130859.0 ], [ 1914687.0, 6130855.0 ], [ 1914701.0, 6130855.0 ], [ 1914708.0, 6130859.0 ], [ 1914741.0, 6130887.0 ], [ 1914761.0, 6130903.0 ], [ 1914792.0, 6130924.0 ], [ 1914828.0, 6130945.0 ], [ 1914884.0, 6130976.0 ], [ 1914937.0, 6131007.0 ], [ 1915071.0, 6131084.0 ], [ 1915092.0, 6131096.0 ], [ 1915143.0, 6131131.0 ], [ 1915192.0, 6131181.0 ], [ 1915203.0, 6131201.0 ], [ 1915231.0, 6131233.0 ], [ 1915246.0, 6131245.0 ], [ 1915256.0, 6131256.0 ], [ 1915263.0, 6131250.0 ], [ 1915266.0, 6131253.0 ], [ 1915306.0, 6131296.0 ], [ 1915347.0, 6131324.0 ], [ 1915392.0, 6131360.0 ], [ 1915423.0, 6131380.0 ], [ 1915429.0, 6131384.0 ], [ 1915450.0, 6131397.0 ], [ 1915466.0, 6131409.0 ], [ 1915484.0, 6131419.0 ], [ 1915508.0, 6131429.0 ], [ 1915560.0, 6131445.0 ], [ 1915575.0, 6131448.0 ], [ 1915588.0, 6131450.0 ], [ 1915594.0, 6131450.0 ], [ 1915594.0, 6131454.0 ], [ 1915594.0, 6131459.0 ], [ 1915593.0, 6131464.0 ], [ 1915594.0, 6131468.0 ], [ 1915596.0, 6131477.0 ], [ 1915597.0, 6131484.0 ], [ 1915619.0, 6131480.0 ], [ 1915671.0, 6131475.0 ], [ 1915682.0, 6131472.0 ], [ 1915670.0, 6131499.0 ], [ 1915674.0, 6131500.0 ], [ 1915788.0, 6131541.0 ], [ 1915815.0, 6131535.0 ], [ 1915837.0, 6131543.0 ], [ 1915850.0, 6131552.0 ], [ 1915857.0, 6131556.0 ], [ 1915862.0, 6131558.0 ], [ 1915909.0, 6131565.0 ], [ 1915920.0, 6131564.0 ], [ 1915953.0, 6131574.0 ], [ 1916012.0, 6131592.0 ], [ 1916039.0, 6131601.0 ], [ 1916151.0, 6131637.0 ], [ 1916188.0, 6131649.0 ], [ 1916257.0, 6131672.0 ], [ 1916310.0, 6131689.0 ], [ 1916291.0, 6131515.0 ], [ 1916276.0, 6131357.0 ], [ 1916226.0, 6130899.0 ], [ 1916220.0, 6130877.0 ], [ 1916198.0, 6130882.0 ] ] ] } },
{ "type": "Feature", "properties": { "source": 13149734347, "target": 13064805799, "ordering_random": 20, "length": 13557, "length_cumulative": 187306 }, "geometry": { "type": "MultiLineString", "coordinates": [ [ [ 1916957.0, 6128627.0 ], [ 1916954.0, 6128629.0 ], [ 1916952.0, 6128633.0 ], [ 1916931.0, 6128698.0 ], [ 1916851.0, 6128955.0 ], [ 1916819.0, 6129059.0 ], [ 1916795.0, 6129138.0 ], [ 1916765.0, 6129235.0 ], [ 1916746.0, 6129297.0 ], [ 1916742.0, 6129313.0 ], [ 1916736.0, 6129334.0 ], [ 1916734.0, 6129339.0 ], [ 1916722.0, 6129382.0 ], [ 1916712.0, 6129411.0 ], [ 1916711.0, 6129414.0 ], [ 1916708.0, 6129423.0 ], [ 1916700.0, 6129420.0 ], [ 1916593.0, 6129757.0 ], [ 1916584.0, 6129785.0 ], [ 1916559.0, 6129860.0 ], [ 1916552.0, 6129883.0 ], [ 1916525.0, 6129966.0 ], [ 1916508.0, 6130018.0 ], [ 1916488.0, 6130083.0 ], [ 1916464.0, 6130148.0 ], [ 1916448.0, 6130191.0 ], [ 1916445.0, 6130199.0 ], [ 1916438.0, 6130216.0 ], [ 1916430.0, 6130232.0 ], [ 1916388.0, 6130315.0 ], [ 1916361.0, 6130368.0 ], [ 1916304.0, 6130477.0 ], [ 1916261.0, 6130561.0 ], [ 1916241.0, 6130602.0 ], [ 1916227.0, 6130629.0 ], [ 1916210.0, 6130661.0 ], [ 1916139.0, 6130802.0 ], [ 1916122.0, 6130836.0 ], [ 1916075.0, 6130932.0 ], [ 1916053.0, 6130975.0 ], [ 1916030.0, 6131018.0 ], [ 1916011.0, 6131051.0 ], [ 1915979.0, 6131115.0 ], [ 1915968.0, 6131134.0 ], [ 1915953.0, 6131165.0 ], [ 1915944.0, 6131182.0 ], [ 1915936.0, 6131198.0 ], [ 1915919.0, 6131228.0 ], [ 1915910.0, 6131245.0 ], [ 1915901.0, 6131260.0 ], [ 1915891.0, 6131276.0 ], [ 1915880.0, 6131291.0 ], [ 1915862.0, 6131315.0 ], [ 1915845.0, 6131338.0 ], [ 1915830.0, 6131356.0 ], [ 1915793.0, 6131400.0 ], [ 1915784.0, 6131407.0 ], [ 1915776.0, 6131415.0 ], [ 1915766.0, 6131424.0 ], [ 1915752.0, 6131431.0 ], [ 1915747.0, 6131434.0 ], [ 1915742.0, 6131437.0 ], [ 1915725.0, 6131444.0 ], [ 1915719.0, 6131447.0 ], [ 1915697.0, 6131460.0 ], [ 1915684.0, 6131464.0 ], [ 1915673.0, 6131467.0 ], [ 1915643.0, 6131471.0 ], [ 1915596.0, 6131477.0 ] ], [ [ 1915596.0, 6131477.0 ], [ 1915589.0, 6131479.0 ], [ 1915564.0, 6131485.0 ], [ 1915532.0, 6131496.0 ], [ 1915505.0, 6131507.0 ], [ 1915497.0, 6131512.0 ], [ 1915487.0, 6131522.0 ], [ 1915487.0, 6131525.0 ], [ 1915487.0, 6131528.0 ], [ 1915486.0, 6131531.0 ], [ 1915485.0, 6131534.0 ], [ 1915483.0, 6131537.0 ], [ 1915482.0, 6131540.0 ], [ 1915480.0, 6131542.0 ], [ 1915477.0, 6131544.0 ], [ 1915474.0, 6131547.0 ], [ 1915470.0, 6131549.0 ], [ 1915467.0, 6131550.0 ], [ 1915462.0, 6131551.0 ], [ 1915458.0, 6131551.0 ], [ 1915454.0, 6131550.0 ], [ 1915451.0, 6131550.0 ], [ 1915448.0, 6131548.0 ], [ 1915428.0, 6131551.0 ], [ 1915420.0, 6131551.0 ], [ 1915414.0, 6131555.0 ], [ 1915345.0, 6131597.0 ], [ 1915338.0, 6131601.0 ], [ 1915327.0, 6131609.0 ], [ 1915315.0, 6131617.0 ], [ 1915292.0, 6131633.0 ], [ 1915250.0, 6131668.0 ], [ 1915231.0, 6131689.0 ], [ 1915200.0, 6131724.0 ], [ 1915183.0, 6131745.0 ], [ 1915150.0, 6131789.0 ], [ 1915119.0, 6131832.0 ], [ 1915100.0, 6131859.0 ], [ 1915071.0, 6131900.0 ], [ 1914931.0, 6132002.0 ], [ 1914854.0, 6132055.0 ], [ 1914849.0, 6132059.0 ], [ 1914814.0, 6132086.0 ], [ 1914795.0, 6132100.0 ], [ 1914788.0, 6132104.0 ], [ 1914780.0, 6132110.0 ], [ 1914763.0, 6132122.0 ], [ 1914745.0, 6132134.0 ], [ 1914735.0, 6132142.0 ], [ 1914729.0, 6132146.0 ], [ 1914707.0, 6132162.0 ], [ 1914686.0, 6132176.0 ], [ 1914691.0, 6132185.0 ], [ 1914652.0, 6132212.0 ], [ 1914636.0, 6132224.0 ], [ 1914617.0, 6132238.0 ], [ 1914579.0, 6132265.0 ], [ 1914541.0, 6132292.0 ], [ 1914519.0, 6132308.0 ], [ 1914486.0, 6132332.0 ], [ 1914445.0, 6132360.0 ], [ 1914434.0, 6132368.0 ], [ 1914422.0, 6132377.0 ], [ 1914368.0, 6132415.0 ], [ 1914350.0, 6132428.0 ], [ 1914310.0, 6132458.0 ], [ 1914307.0, 6132460.0 ], [ 1914204.0, 6132532.0 ], [ 1914155.0, 6132573.0 ], [ 1914143.0, 6132583.0 ], [ 1914079.0, 6132644.0 ], [ 1914053.0, 6132669.0 ], [ 1914006.0, 6132712.0 ], [ 1913958.0, 6132756.0 ], [ 1913521.0, 6133167.0 ], [ 1913500.0, 6133187.0 ], [ 1913492.0, 6133201.0 ], [ 1913481.0, 6133212.0 ], [ 1913485.0, 6133220.0 ], [ 1913486.0, 6133228.0 ], [ 1913489.0, 6133231.0 ], [ 1913493.0, 6133235.0 ], [ 1913496.0, 6133237.0 ], [ 1913498.0, 6133239.0 ], [ 1913499.0, 6133245.0 ], [ 1913501.0, 6133248.0 ], [ 1913504.0, 6133254.0 ], [ 1913505.0, 6133261.0 ], [ 1913504.0, 6133276.0 ], [ 1913494.0, 6133296.0 ], [ 1913488.0, 6133313.0 ], [ 1913485.0, 6133323.0 ], [ 1913484.0, 6133330.0 ], [ 1913483.0, 6133337.0 ], [ 1913479.0, 6133342.0 ], [ 1913466.0, 6133356.0 ], [ 1913458.0, 6133370.0 ], [ 1913464.0, 6133371.0 ], [ 1913469.0, 6133373.0 ], [ 1913474.0, 6133377.0 ], [ 1913481.0, 6133382.0 ], [ 1913492.0, 6133392.0 ], [ 1913504.0, 6133404.0 ], [ 1913513.0, 6133416.0 ], [ 1913518.0, 6133426.0 ], [ 1913522.0, 6133435.0 ], [ 1913523.0, 6133445.0 ], [ 1913523.0, 6133454.0 ], [ 1913521.0, 6133462.0 ], [ 1913517.0, 6133474.0 ], [ 1913513.0, 6133481.0 ], [ 1913504.0, 6133491.0 ], [ 1913495.0, 6133500.0 ], [ 1913489.0, 6133505.0 ], [ 1913485.0, 6133510.0 ], [ 1913484.0, 6133515.0 ], [ 1913485.0, 6133518.0 ], [ 1913486.0, 6133523.0 ], [ 1913490.0, 6133529.0 ], [ 1913500.0, 6133548.0 ], [ 1913507.0, 6133563.0 ], [ 1913511.0, 6133601.0 ], [ 1913511.0, 6133612.0 ], [ 1913510.0, 6133628.0 ], [ 1913506.0, 6133630.0 ], [ 1913503.0, 6133633.0 ], [ 1913499.0, 6133637.0 ], [ 1913496.0, 6133642.0 ], [ 1913493.0, 6133647.0 ], [ 1913492.0, 6133653.0 ], [ 1913491.0, 6133658.0 ], [ 1913492.0, 6133664.0 ], [ 1913493.0, 6133669.0 ], [ 1913495.0, 6133674.0 ], [ 1913498.0, 6133678.0 ], [ 1913501.0, 6133682.0 ], [ 1913505.0, 6133686.0 ], [ 1913504.0, 6133694.0 ], [ 1913502.0, 6133701.0 ], [ 1913501.0, 6133707.0 ], [ 1913494.0, 6133727.0 ], [ 1913488.0, 6133760.0 ], [ 1913486.0, 6133764.0 ], [ 1913471.0, 6133802.0 ], [ 1913459.0, 6133834.0 ], [ 1913428.0, 6133911.0 ], [ 1913390.0, 6134006.0 ], [ 1913383.0, 6134022.0 ], [ 1913357.0, 6134091.0 ], [ 1913346.0, 6134124.0 ], [ 1913335.0, 6134153.0 ], [ 1913302.0, 6134239.0 ], [ 1913305.0, 6134257.0 ], [ 1913305.0, 6134267.0 ], [ 1913306.0, 6134277.0 ], [ 1913307.0, 6134285.0 ], [ 1913312.0, 6134292.0 ], [ 1913319.0, 6134299.0 ], [ 1913327.0, 6134305.0 ], [ 1913386.0, 6134328.0 ], [ 1913401.0, 6134335.0 ], [ 1913432.0, 6134350.0 ], [ 1913512.0, 6134376.0 ], [ 1913565.0, 6134392.0 ], [ 1913574.0, 6134394.0 ], [ 1913582.0, 6134397.0 ], [ 1913591.0, 6134403.0 ], [ 1913600.0, 6134410.0 ], [ 1913606.0, 6134417.0 ], [ 1913609.0, 6134425.0 ], [ 1913611.0, 6134434.0 ], [ 1913613.0, 6134442.0 ], [ 1913613.0, 6134455.0 ], [ 1913607.0, 6134535.0 ], [ 1913603.0, 6134587.0 ], [ 1913595.0, 6134683.0 ], [ 1913584.0, 6134804.0 ], [ 1913579.0, 6134857.0 ], [ 1913576.0, 6134897.0 ], [ 1913571.0, 6134936.0 ], [ 1913568.0, 6134958.0 ], [ 1913566.0, 6134975.0 ], [ 1913562.0, 6135000.0 ], [ 1913550.0, 6135080.0 ], [ 1913543.0, 6135130.0 ], [ 1913534.0, 6135191.0 ], [ 1913532.0, 6135199.0 ], [ 1913522.0, 6135267.0 ], [ 1913506.0, 6135369.0 ], [ 1913477.0, 6135365.0 ], [ 1913469.0, 6135366.0 ], [ 1913467.0, 6135374.0 ], [ 1913465.0, 6135385.0 ], [ 1913355.0, 6135367.0 ], [ 1913334.0, 6135371.0 ], [ 1913319.0, 6135377.0 ], [ 1913310.0, 6135384.0 ], [ 1913302.0, 6135394.0 ], [ 1913291.0, 6135417.0 ], [ 1913280.0, 6135441.0 ], [ 1913273.0, 6135483.0 ], [ 1913272.0, 6135491.0 ], [ 1913272.0, 6135499.0 ], [ 1913271.0, 6135508.0 ], [ 1913271.0, 6135514.0 ], [ 1913271.0, 6135524.0 ], [ 1913272.0, 6135533.0 ], [ 1913273.0, 6135543.0 ], [ 1913280.0, 6135580.0 ], [ 1913290.0, 6135607.0 ], [ 1913314.0, 6135666.0 ], [ 1913337.0, 6135724.0 ], [ 1913379.0, 6135813.0 ], [ 1913402.0, 6135864.0 ], [ 1913418.0, 6135890.0 ], [ 1913447.0, 6135951.0 ], [ 1913483.0, 6136028.0 ], [ 1913527.0, 6136112.0 ], [ 1913553.0, 6136159.0 ], [ 1913580.0, 6136198.0 ], [ 1913609.0, 6136243.0 ], [ 1913622.0, 6136268.0 ], [ 1913674.0, 6136355.0 ], [ 1913695.0, 6136389.0 ], [ 1913824.0, 6136598.0 ], [ 1913831.0, 6136624.0 ], [ 1913838.0, 6136645.0 ], [ 1913842.0, 6136659.0 ], [ 1913856.0, 6136696.0 ], [ 1913916.0, 6136781.0 ], [ 1913976.0, 6136862.0 ], [ 1914041.0, 6136944.0 ], [ 1914077.0, 6136990.0 ], [ 1914114.0, 6137035.0 ], [ 1914159.0, 6137091.0 ], [ 1914223.0, 6137167.0 ], [ 1914304.0, 6137259.0 ], [ 1914445.0, 6137407.0 ], [ 1914543.0, 6137506.0 ], [ 1914573.0, 6137520.0 ], [ 1914595.0, 6137537.0 ], [ 1914603.0, 6137543.0 ], [ 1914610.0, 6137547.0 ], [ 1914617.0, 6137551.0 ], [ 1914633.0, 6137559.0 ], [ 1914654.0, 6137566.0 ], [ 1914674.0, 6137573.0 ], [ 1914689.0, 6137575.0 ], [ 1914730.0, 6137577.0 ], [ 1914762.0, 6137576.0 ], [ 1914796.0, 6137576.0 ], [ 1914828.0, 6137580.0 ], [ 1914852.0, 6137590.0 ], [ 1914871.0, 6137602.0 ], [ 1914880.0, 6137609.0 ], [ 1914896.0, 6137623.0 ], [ 1914903.0, 6137633.0 ], [ 1914913.0, 6137651.0 ], [ 1914918.0, 6137665.0 ], [ 1914921.0, 6137675.0 ], [ 1914923.0, 6137685.0 ], [ 1914924.0, 6137700.0 ], [ 1914924.0, 6137713.0 ], [ 1914923.0, 6137725.0 ], [ 1914916.0, 6137748.0 ], [ 1914911.0, 6137765.0 ], [ 1914902.0, 6137786.0 ], [ 1914862.0, 6137869.0 ], [ 1914819.0, 6137959.0 ], [ 1914781.0, 6138047.0 ], [ 1914763.0, 6138096.0 ], [ 1914761.0, 6138115.0 ], [ 1914772.0, 6138116.0 ], [ 1914773.0, 6138117.0 ], [ 1914766.0, 6138172.0 ], [ 1914749.0, 6138308.0 ], [ 1914728.0, 6138427.0 ], [ 1914724.0, 6138448.0 ], [ 1914687.0, 6138672.0 ], [ 1914628.0, 6139034.0 ], [ 1914608.0, 6139148.0 ], [ 1914589.0, 6139258.0 ] ], [ [ 1914589.0, 6139258.0 ], [ 1914587.0, 6139269.0 ], [ 1914575.0, 6139352.0 ], [ 1914572.0, 6139366.0 ], [ 1914624.0, 6139272.0 ], [ 1914626.0, 6139268.0 ] ] ] } },
{ "type": "Feature", "properties": { "source": 13694930386, "target": 5376708631, "ordering_random": 21, "length": 7509, "length_cumulative": 194815 }, "geometry": { "type": "LineString", "coordinates": [ [ 1914686.0, 6132176.0 ], [ 1914673.0, 6132186.0 ], [ 1914630.0, 6132216.0 ], [ 1914611.0, 6132230.0 ], [ 1914573.0, 6132256.0 ], [ 1914535.0, 6132284.0 ], [ 1914530.0, 6132288.0 ], [ 1914513.0, 6132300.0 ], [ 1914503.0, 6132307.0 ], [ 1914480.0, 6132324.0 ], [ 1914440.0, 6132352.0 ], [ 1914429.0, 6132361.0 ], [ 1914417.0, 6132369.0 ], [ 1914380.0, 6132396.0 ], [ 1914362.0, 6132408.0 ], [ 1914322.0, 6132436.0 ], [ 1914304.0, 6132449.0 ], [ 1914192.0, 6132532.0 ], [ 1914149.0, 6132564.0 ], [ 1914136.0, 6132576.0 ], [ 1914133.0, 6132579.0 ], [ 1914107.0, 6132603.0 ], [ 1914068.0, 6132639.0 ], [ 1914045.0, 6132660.0 ], [ 1913993.0, 6132710.0 ], [ 1913962.0, 6132739.0 ], [ 1913830.0, 6132862.0 ], [ 1913763.0, 6132925.0 ], [ 1913694.0, 6132992.0 ], [ 1913580.0, 6133102.0 ], [ 1913573.0, 6133109.0 ], [ 1913516.0, 6133163.0 ], [ 1913485.0, 6133193.0 ], [ 1913466.0, 6133212.0 ], [ 1913295.0, 6133375.0 ], [ 1913266.0, 6133399.0 ], [ 1913238.0, 6133417.0 ], [ 1913222.0, 6133426.0 ], [ 1913215.0, 6133429.0 ], [ 1913208.0, 6133431.0 ], [ 1913199.0, 6133434.0 ], [ 1913193.0, 6133436.0 ], [ 1913179.0, 6133440.0 ], [ 1913165.0, 6133444.0 ], [ 1913148.0, 6133445.0 ], [ 1913110.0, 6133452.0 ], [ 1913082.0, 6133458.0 ], [ 1913062.0, 6133464.0 ], [ 1913035.0, 6133472.0 ], [ 1913010.0, 6133479.0 ], [ 1912989.0, 6133482.0 ], [ 1912970.0, 6133483.0 ], [ 1912828.0, 6133486.0 ], [ 1912754.0, 6133488.0 ], [ 1912687.0, 6133489.0 ], [ 1912649.0, 6133488.0 ], [ 1912617.0, 6133500.0 ], [ 1912505.0, 6133540.0 ], [ 1912485.0, 6133540.0 ], [ 1912475.0, 6133539.0 ], [ 1912464.0, 6133535.0 ], [ 1912449.0, 6133530.0 ], [ 1912435.0, 6133542.0 ], [ 1912414.0, 6133559.0 ], [ 1912344.0, 6133614.0 ], [ 1912275.0, 6133665.0 ], [ 1912254.0, 6133682.0 ], [ 1912224.0, 6133703.0 ], [ 1912172.0, 6133742.0 ], [ 1912103.0, 6133790.0 ], [ 1912095.0, 6133796.0 ], [ 1912073.0, 6133810.0 ], [ 1911987.0, 6133871.0 ], [ 1911919.0, 6133918.0 ], [ 1911865.0, 6133954.0 ], [ 1911722.0, 6134055.0 ], [ 1911678.0, 6134085.0 ], [ 1911584.0, 6134150.0 ], [ 1911499.0, 6134209.0 ], [ 1911485.0, 6134218.0 ], [ 1911462.0, 6134233.0 ], [ 1911454.0, 6134239.0 ], [ 1911419.0, 6134262.0 ], [ 1911400.0, 6134274.0 ], [ 1911383.0, 6134285.0 ], [ 1911367.0, 6134293.0 ], [ 1911352.0, 6134299.0 ], [ 1911339.0, 6134303.0 ], [ 1911327.0, 6134306.0 ], [ 1911315.0, 6134308.0 ], [ 1911302.0, 6134310.0 ], [ 1911287.0, 6134312.0 ], [ 1911222.0, 6134318.0 ], [ 1911195.0, 6134318.0 ], [ 1911033.0, 6134323.0 ], [ 1910848.0, 6134329.0 ], [ 1910806.0, 6134330.0 ], [ 1910774.0, 6134331.0 ], [ 1910741.0, 6134332.0 ], [ 1910651.0, 6134335.0 ], [ 1910589.0, 6134338.0 ], [ 1910527.0, 6134339.0 ], [ 1910480.0, 6134341.0 ], [ 1910460.0, 6134341.0 ], [ 1910319.0, 6134346.0 ], [ 1910266.0, 6134348.0 ], [ 1910216.0, 6134350.0 ], [ 1910185.0, 6134351.0 ], [ 1910162.0, 6134352.0 ], [ 1910158.0, 6134352.0 ], [ 1910049.0, 6134355.0 ], [ 1910037.0, 6134355.0 ], [ 1909998.0, 6134357.0 ], [ 1909982.0, 6134357.0 ], [ 1909861.0, 6134361.0 ], [ 1909810.0, 6134363.0 ], [ 1909785.0, 6134364.0 ], [ 1909767.0, 6134364.0 ], [ 1909749.0, 6134365.0 ], [ 1909739.0, 6134366.0 ], [ 1909733.0, 6134366.0 ], [ 1909707.0, 6134366.0 ], [ 1909655.0, 6134368.0 ], [ 1909524.0, 6134372.0 ], [ 1909512.0, 6134375.0 ], [ 1909501.0, 6134377.0 ], [ 1909491.0, 6134380.0 ], [ 1909481.0, 6134385.0 ], [ 1909471.0, 6134391.0 ], [ 1909462.0, 6134397.0 ], [ 1909454.0, 6134404.0 ], [ 1909445.0, 6134411.0 ], [ 1909427.0, 6134436.0 ], [ 1909420.0, 6134448.0 ], [ 1909405.0, 6134438.0 ], [ 1909398.0, 6134434.0 ], [ 1909375.0, 6134421.0 ], [ 1909356.0, 6134412.0 ], [ 1909328.0, 6134394.0 ], [ 1909319.0, 6134387.0 ], [ 1909253.0, 6134400.0 ], [ 1909249.0, 6134398.0 ], [ 1909246.0, 6134396.0 ], [ 1909243.0, 6134395.0 ], [ 1909237.0, 6134407.0 ], [ 1909233.0, 6134414.0 ], [ 1909229.0, 6134421.0 ], [ 1909225.0, 6134429.0 ], [ 1909220.0, 6134440.0 ], [ 1909213.0, 6134452.0 ], [ 1909211.0, 6134456.0 ], [ 1909205.0, 6134454.0 ], [ 1909195.0, 6134458.0 ], [ 1909190.0, 6134465.0 ], [ 1909171.0, 6134514.0 ], [ 1909164.0, 6134544.0 ], [ 1909154.0, 6134575.0 ], [ 1909151.0, 6134581.0 ], [ 1909128.0, 6134632.0 ], [ 1909125.0, 6134642.0 ], [ 1909118.0, 6134639.0 ], [ 1909080.0, 6134741.0 ], [ 1909068.0, 6134772.0 ], [ 1909056.0, 6134807.0 ], [ 1909050.0, 6134824.0 ], [ 1909037.0, 6134858.0 ], [ 1909019.0, 6134909.0 ], [ 1909013.0, 6134925.0 ], [ 1909007.0, 6134941.0 ], [ 1909001.0, 6134956.0 ], [ 1908994.0, 6134972.0 ], [ 1908990.0, 6134981.0 ], [ 1908986.0, 6134990.0 ], [ 1908984.0, 6134994.0 ], [ 1908975.0, 6135010.0 ], [ 1908969.0, 6135020.0 ], [ 1908955.0, 6135041.0 ], [ 1908948.0, 6135052.0 ], [ 1908930.0, 6135074.0 ], [ 1908913.0, 6135093.0 ], [ 1908904.0, 6135102.0 ], [ 1908895.0, 6135111.0 ], [ 1908877.0, 6135128.0 ], [ 1908860.0, 6135142.0 ], [ 1908853.0, 6135147.0 ], [ 1908846.0, 6135152.0 ], [ 1908839.0, 6135157.0 ], [ 1908833.0, 6135162.0 ], [ 1908771.0, 6135202.0 ], [ 1908774.0, 6135221.0 ], [ 1908779.0, 6135249.0 ], [ 1908789.0, 6135302.0 ], [ 1908790.0, 6135318.0 ], [ 1908789.0, 6135326.0 ], [ 1908787.0, 6135332.0 ], [ 1908783.0, 6135339.0 ], [ 1908779.0, 6135345.0 ], [ 1908784.0, 6135358.0 ], [ 1908779.0, 6135364.0 ], [ 1908763.0, 6135372.0 ], [ 1908758.0, 6135375.0 ], [ 1908734.0, 6135392.0 ], [ 1908739.0, 6135401.0 ], [ 1908731.0, 6135410.0 ], [ 1908729.0, 6135412.0 ], [ 1908726.0, 6135415.0 ], [ 1908720.0, 6135419.0 ], [ 1908738.0, 6135446.0 ], [ 1908746.0, 6135458.0 ], [ 1908740.0, 6135463.0 ] ] } },
{ "type": "Feature", "properties": { "source": 5347998233, "target": 1349059659, "ordering_random": 22, "length": 17346, "length_cumulative": 212162 }, "geometry": { "type": "LineString", "coordinates": [ [ 1898244.0, 6137477.0 ], [ 1898206.0, 6137502.0 ], [ 1898209.0, 6137505.0 ], [ 1898220.0, 6137497.0 ], [ 1898222.0, 6137500.0 ], [ 1898214.0, 6137506.0 ], [ 1898235.0, 6137532.0 ], [ 1898248.0, 6137525.0 ], [ 1898249.0, 6137527.0 ], [ 1898244.0, 6137532.0 ], [ 1898263.0, 6137557.0 ], [ 1898275.0, 6137566.0 ], [ 1898402.0, 6137748.0 ], [ 1898375.0, 6137796.0 ], [ 1898346.0, 6137837.0 ], [ 1898364.0, 6137847.0 ], [ 1898377.0, 6137858.0 ], [ 1898388.0, 6137859.0 ], [ 1898400.0, 6137857.0 ], [ 1898448.0, 6137848.0 ], [ 1898695.0, 6137821.0 ], [ 1898725.0, 6137816.0 ], [ 1898747.0, 6137811.0 ], [ 1898766.0, 6137805.0 ], [ 1898793.0, 6137794.0 ], [ 1898808.0, 6137805.0 ], [ 1898861.0, 6137841.0 ], [ 1898888.0, 6137863.0 ], [ 1898960.0, 6137831.0 ], [ 1899000.0, 6137905.0 ], [ 1899032.0, 6137949.0 ], [ 1899091.0, 6138023.0 ], [ 1899119.0, 6138077.0 ], [ 1899154.0, 6138116.0 ], [ 1899168.0, 6138160.0 ], [ 1899155.0, 6138179.0 ], [ 1899246.0, 6138305.0 ], [ 1899253.0, 6138314.0 ], [ 1899262.0, 6138338.0 ], [ 1899262.0, 6138344.0 ], [ 1899256.0, 6138374.0 ], [ 1899245.0, 6138420.0 ], [ 1899223.0, 6138512.0 ], [ 1899221.0, 6138524.0 ], [ 1899220.0, 6138534.0 ], [ 1899234.0, 6138533.0 ], [ 1899242.0, 6138534.0 ], [ 1899253.0, 6138536.0 ], [ 1899271.0, 6138542.0 ], [ 1899330.0, 6138569.0 ], [ 1899353.0, 6138581.0 ], [ 1899368.0, 6138607.0 ], [ 1899383.0, 6138644.0 ], [ 1899384.0, 6138655.0 ], [ 1899383.0, 6138664.0 ], [ 1899381.0, 6138673.0 ], [ 1899422.0, 6138713.0 ], [ 1899441.0, 6138734.0 ], [ 1899459.0, 6138754.0 ], [ 1899476.0, 6138774.0 ], [ 1899489.0, 6138786.0 ], [ 1899502.0, 6138793.0 ], [ 1899522.0, 6138799.0 ], [ 1899555.0, 6138805.0 ], [ 1899608.0, 6138814.0 ], [ 1899638.0, 6138817.0 ], [ 1899663.0, 6138816.0 ], [ 1899747.0, 6138805.0 ], [ 1899894.0, 6138775.0 ], [ 1899915.0, 6138771.0 ], [ 1899930.0, 6138769.0 ], [ 1899942.0, 6138770.0 ], [ 1899952.0, 6138773.0 ], [ 1899962.0, 6138779.0 ], [ 1900015.0, 6138759.0 ], [ 1900073.0, 6138741.0 ], [ 1900178.0, 6138706.0 ], [ 1900298.0, 6138701.0 ], [ 1900387.0, 6138710.0 ], [ 1900423.0, 6138727.0 ], [ 1900469.0, 6138761.0 ], [ 1900505.0, 6138778.0 ], [ 1900538.0, 6138791.0 ], [ 1900590.0, 6138796.0 ], [ 1900634.0, 6138786.0 ], [ 1900653.0, 6138789.0 ], [ 1900678.0, 6138799.0 ], [ 1900705.0, 6138772.0 ], [ 1900714.0, 6138751.0 ], [ 1900728.0, 6138752.0 ], [ 1900751.0, 6138758.0 ], [ 1900771.0, 6138747.0 ], [ 1900815.0, 6138745.0 ], [ 1900857.0, 6138740.0 ], [ 1900879.0, 6138752.0 ], [ 1900905.0, 6138760.0 ], [ 1900958.0, 6138749.0 ], [ 1901032.0, 6138738.0 ], [ 1901039.0, 6138730.0 ], [ 1901059.0, 6138736.0 ], [ 1901071.0, 6138728.0 ], [ 1901078.0, 6138714.0 ], [ 1901113.0, 6138680.0 ], [ 1901134.0, 6138658.0 ], [ 1901149.0, 6138628.0 ], [ 1901160.0, 6138597.0 ], [ 1901215.0, 6138528.0 ], [ 1901252.0, 6138503.0 ], [ 1901275.0, 6138519.0 ], [ 1901293.0, 6138488.0 ], [ 1901305.0, 6138477.0 ], [ 1901317.0, 6138466.0 ], [ 1901348.0, 6138433.0 ], [ 1901352.0, 6138431.0 ], [ 1901364.0, 6138438.0 ], [ 1901393.0, 6138456.0 ], [ 1901414.0, 6138470.0 ], [ 1901506.0, 6138494.0 ], [ 1901532.0, 6138503.0 ], [ 1901550.0, 6138512.0 ], [ 1901557.0, 6138516.0 ], [ 1901572.0, 6138527.0 ], [ 1901593.0, 6138546.0 ], [ 1901604.0, 6138558.0 ], [ 1901615.0, 6138572.0 ], [ 1901629.0, 6138594.0 ], [ 1901643.0, 6138617.0 ], [ 1901654.0, 6138641.0 ], [ 1901664.0, 6138666.0 ], [ 1901669.0, 6138679.0 ], [ 1901684.0, 6138701.0 ], [ 1901695.0, 6138711.0 ], [ 1901710.0, 6138721.0 ], [ 1901729.0, 6138733.0 ], [ 1901754.0, 6138746.0 ], [ 1901773.0, 6138756.0 ], [ 1901790.0, 6138766.0 ], [ 1901802.0, 6138778.0 ], [ 1901815.0, 6138794.0 ], [ 1901832.0, 6138810.0 ], [ 1901896.0, 6138837.0 ], [ 1901933.0, 6138845.0 ], [ 1901967.0, 6138851.0 ], [ 1902012.0, 6138851.0 ], [ 1902037.0, 6138852.0 ], [ 1902056.0, 6138856.0 ], [ 1902075.0, 6138862.0 ], [ 1902092.0, 6138871.0 ], [ 1902107.0, 6138886.0 ], [ 1902116.0, 6138897.0 ], [ 1902122.0, 6138906.0 ], [ 1902126.0, 6138923.0 ], [ 1902148.0, 6138933.0 ], [ 1902168.0, 6138941.0 ], [ 1902188.0, 6138952.0 ], [ 1902210.0, 6138966.0 ], [ 1902231.0, 6138981.0 ], [ 1902253.0, 6139000.0 ], [ 1902267.0, 6139014.0 ], [ 1902277.0, 6139032.0 ], [ 1902290.0, 6139046.0 ], [ 1902306.0, 6139052.0 ], [ 1902324.0, 6139055.0 ], [ 1902363.0, 6139058.0 ], [ 1902391.0, 6139059.0 ], [ 1902414.0, 6139058.0 ], [ 1902439.0, 6139049.0 ], [ 1902463.0, 6139041.0 ], [ 1902483.0, 6139036.0 ], [ 1902503.0, 6139035.0 ], [ 1902526.0, 6139040.0 ], [ 1902553.0, 6139057.0 ], [ 1902578.0, 6139072.0 ], [ 1902601.0, 6139089.0 ], [ 1902617.0, 6139104.0 ], [ 1902626.0, 6139119.0 ], [ 1902631.0, 6139136.0 ], [ 1902633.0, 6139159.0 ], [ 1902633.0, 6139168.0 ], [ 1902631.0, 6139178.0 ], [ 1902639.0, 6139178.0 ], [ 1902647.0, 6139178.0 ], [ 1902659.0, 6139181.0 ], [ 1902685.0, 6139194.0 ], [ 1902722.0, 6139219.0 ], [ 1902735.0, 6139231.0 ], [ 1902767.0, 6139244.0 ], [ 1902785.0, 6139244.0 ], [ 1902803.0, 6139240.0 ], [ 1902822.0, 6139236.0 ], [ 1902838.0, 6139233.0 ], [ 1902852.0, 6139237.0 ], [ 1902871.0, 6139242.0 ], [ 1902887.0, 6139244.0 ], [ 1902924.0, 6139244.0 ], [ 1902966.0, 6139235.0 ], [ 1903040.0, 6139221.0 ], [ 1903097.0, 6139205.0 ], [ 1903132.0, 6139193.0 ], [ 1903173.0, 6139188.0 ], [ 1903214.0, 6139178.0 ], [ 1903233.0, 6139172.0 ], [ 1903255.0, 6139174.0 ], [ 1903292.0, 6139182.0 ], [ 1903312.0, 6139182.0 ], [ 1903327.0, 6139183.0 ], [ 1903348.0, 6139175.0 ], [ 1903362.0, 6139173.0 ], [ 1903386.0, 6139188.0 ], [ 1903397.0, 6139190.0 ], [ 1903405.0, 6139190.0 ], [ 1903415.0, 6139186.0 ], [ 1903424.0, 6139189.0 ], [ 1903455.0, 6139167.0 ], [ 1903498.0, 6139138.0 ], [ 1903555.0, 6139111.0 ], [ 1903562.0, 6139097.0 ], [ 1903568.0, 6139080.0 ], [ 1903572.0, 6139068.0 ], [ 1903574.0, 6139061.0 ], [ 1903601.0, 6139054.0 ], [ 1903612.0, 6139053.0 ], [ 1903628.0, 6139052.0 ], [ 1903638.0, 6139050.0 ], [ 1903647.0, 6139047.0 ], [ 1903657.0, 6139045.0 ], [ 1903668.0, 6139045.0 ], [ 1903684.0, 6139045.0 ], [ 1903697.0, 6139043.0 ], [ 1903715.0, 6139036.0 ], [ 1903733.0, 6139027.0 ], [ 1903763.0, 6139013.0 ], [ 1903785.0, 6139004.0 ], [ 1903797.0, 6138997.0 ], [ 1903813.0, 6138984.0 ], [ 1903824.0, 6138975.0 ], [ 1903834.0, 6138969.0 ], [ 1903853.0, 6138960.0 ], [ 1903896.0, 6138943.0 ], [ 1903907.0, 6138939.0 ], [ 1903944.0, 6138927.0 ], [ 1903965.0, 6138921.0 ], [ 1903977.0, 6138920.0 ], [ 1903994.0, 6138918.0 ], [ 1904003.0, 6138918.0 ], [ 1904009.0, 6138917.0 ], [ 1904015.0, 6138915.0 ], [ 1904023.0, 6138911.0 ], [ 1904033.0, 6138903.0 ], [ 1904040.0, 6138900.0 ], [ 1904048.0, 6138897.0 ], [ 1904059.0, 6138893.0 ], [ 1904071.0, 6138891.0 ], [ 1904098.0, 6138891.0 ], [ 1904108.0, 6138892.0 ], [ 1904123.0, 6138890.0 ], [ 1904139.0, 6138886.0 ], [ 1904158.0, 6138880.0 ], [ 1904182.0, 6138870.0 ], [ 1904191.0, 6138868.0 ], [ 1904200.0, 6138867.0 ], [ 1904226.0, 6138868.0 ], [ 1904247.0, 6138869.0 ], [ 1904284.0, 6138870.0 ], [ 1904313.0, 6138873.0 ], [ 1904352.0, 6138880.0 ], [ 1904386.0, 6138881.0 ], [ 1904404.0, 6138878.0 ], [ 1904426.0, 6138879.0 ], [ 1904429.0, 6138879.0 ], [ 1904451.0, 6138882.0 ], [ 1904457.0, 6138880.0 ], [ 1904466.0, 6138879.0 ], [ 1904474.0, 6138876.0 ], [ 1904499.0, 6138872.0 ], [ 1904542.0, 6138867.0 ], [ 1904572.0, 6138862.0 ], [ 1904609.0, 6138862.0 ], [ 1904645.0, 6138880.0 ], [ 1904681.0, 6138900.0 ], [ 1904738.0, 6138930.0 ], [ 1904758.0, 6138964.0 ], [ 1904769.0, 6138989.0 ], [ 1904772.0, 6139030.0 ], [ 1904769.0, 6139059.0 ], [ 1904761.0, 6139087.0 ], [ 1904756.0, 6139101.0 ], [ 1904753.0, 6139116.0 ], [ 1904754.0, 6139124.0 ], [ 1904772.0, 6139114.0 ], [ 1904785.0, 6139109.0 ], [ 1904799.0, 6139104.0 ], [ 1904818.0, 6139095.0 ], [ 1904842.0, 6139086.0 ], [ 1904921.0, 6139032.0 ], [ 1904974.0, 6139002.0 ], [ 1905031.0, 6138987.0 ], [ 1905069.0, 6138981.0 ], [ 1905089.0, 6138980.0 ], [ 1905182.0, 6138998.0 ], [ 1905224.0, 6139001.0 ], [ 1905266.0, 6139001.0 ], [ 1905308.0, 6139011.0 ], [ 1905344.0, 6139030.0 ], [ 1905434.0, 6139083.0 ], [ 1905463.0, 6139103.0 ], [ 1905493.0, 6139128.0 ], [ 1905497.0, 6139136.0 ], [ 1905499.0, 6139148.0 ], [ 1905495.0, 6139176.0 ], [ 1905493.0, 6139196.0 ], [ 1905493.0, 6139207.0 ], [ 1905495.0, 6139217.0 ], [ 1905501.0, 6139224.0 ], [ 1905512.0, 6139227.0 ], [ 1905529.0, 6139230.0 ], [ 1905543.0, 6139237.0 ], [ 1905558.0, 6139250.0 ], [ 1905577.0, 6139269.0 ], [ 1905596.0, 6139283.0 ], [ 1905607.0, 6139287.0 ], [ 1905743.0, 6139314.0 ], [ 1905811.0, 6139326.0 ], [ 1905955.0, 6139347.0 ], [ 1906001.0, 6139353.0 ], [ 1906041.0, 6139366.0 ], [ 1906074.0, 6139377.0 ], [ 1906102.0, 6139404.0 ], [ 1906132.0, 6139450.0 ], [ 1906149.0, 6139488.0 ], [ 1906152.0, 6139507.0 ], [ 1906162.0, 6139529.0 ], [ 1906177.0, 6139544.0 ], [ 1906193.0, 6139562.0 ], [ 1906194.0, 6139569.0 ], [ 1906206.0, 6139600.0 ], [ 1906211.0, 6139631.0 ], [ 1906240.0, 6139622.0 ], [ 1906274.0, 6139622.0 ], [ 1906302.0, 6139638.0 ], [ 1906344.0, 6139678.0 ], [ 1906364.0, 6139725.0 ], [ 1906377.0, 6139752.0 ], [ 1906385.0, 6139771.0 ], [ 1906392.0, 6139788.0 ], [ 1906387.0, 6139805.0 ], [ 1906379.0, 6139824.0 ], [ 1906379.0, 6139838.0 ], [ 1906379.0, 6139848.0 ], [ 1906385.0, 6139856.0 ], [ 1906394.0, 6139856.0 ], [ 1906401.0, 6139854.0 ], [ 1906408.0, 6139846.0 ], [ 1906413.0, 6139835.0 ], [ 1906424.0, 6139823.0 ], [ 1906436.0, 6139810.0 ], [ 1906449.0, 6139801.0 ], [ 1906458.0, 6139814.0 ], [ 1906460.0, 6139830.0 ], [ 1906462.0, 6139845.0 ], [ 1906466.0, 6139863.0 ], [ 1906464.0, 6139906.0 ], [ 1906464.0, 6139933.0 ], [ 1906467.0, 6139954.0 ], [ 1906477.0, 6139969.0 ], [ 1906493.0, 6139983.0 ], [ 1906512.0, 6139994.0 ], [ 1906545.0, 6140031.0 ], [ 1906556.0, 6140033.0 ], [ 1906569.0, 6140037.0 ], [ 1906580.0, 6140043.0 ], [ 1906588.0, 6140048.0 ], [ 1906594.0, 6140054.0 ], [ 1906598.0, 6140060.0 ], [ 1906601.0, 6140066.0 ], [ 1906612.0, 6140093.0 ], [ 1906620.0, 6140102.0 ], [ 1906629.0, 6140108.0 ], [ 1906639.0, 6140110.0 ], [ 1906648.0, 6140111.0 ], [ 1906661.0, 6140110.0 ], [ 1906688.0, 6140105.0 ], [ 1906735.0, 6140095.0 ], [ 1906746.0, 6140091.0 ], [ 1906754.0, 6140087.0 ], [ 1906762.0, 6140082.0 ], [ 1906770.0, 6140076.0 ], [ 1906783.0, 6140068.0 ], [ 1906796.0, 6140060.0 ], [ 1906806.0, 6140055.0 ], [ 1906815.0, 6140051.0 ], [ 1906823.0, 6140050.0 ], [ 1906834.0, 6140049.0 ], [ 1906859.0, 6140051.0 ], [ 1906876.0, 6140052.0 ], [ 1906889.0, 6140053.0 ], [ 1906900.0, 6140055.0 ], [ 1906915.0, 6140059.0 ], [ 1906931.0, 6140059.0 ], [ 1906944.0, 6140056.0 ], [ 1906953.0, 6140051.0 ], [ 1906961.0, 6140044.0 ], [ 1906968.0, 6140037.0 ], [ 1906975.0, 6140029.0 ], [ 1906984.0, 6140024.0 ], [ 1906993.0, 6140020.0 ], [ 1907045.0, 6140010.0 ], [ 1907060.0, 6140008.0 ], [ 1907075.0, 6140006.0 ], [ 1907098.0, 6140006.0 ], [ 1907112.0, 6140001.0 ], [ 1907129.0, 6139998.0 ], [ 1907143.0, 6139997.0 ], [ 1907156.0, 6139997.0 ], [ 1907180.0, 6140000.0 ], [ 1907205.0, 6140008.0 ], [ 1907239.0, 6140019.0 ], [ 1907266.0, 6140025.0 ], [ 1907292.0, 6140026.0 ], [ 1907313.0, 6140025.0 ], [ 1907344.0, 6140022.0 ], [ 1907365.0, 6140018.0 ], [ 1907378.0, 6140015.0 ], [ 1907392.0, 6140008.0 ], [ 1907426.0, 6139986.0 ], [ 1907433.0, 6139981.0 ], [ 1907436.0, 6139986.0 ], [ 1907438.0, 6139990.0 ], [ 1907439.0, 6139994.0 ], [ 1907441.0, 6139996.0 ], [ 1907443.0, 6139999.0 ], [ 1907447.0, 6140001.0 ], [ 1907450.0, 6140003.0 ], [ 1907453.0, 6140007.0 ], [ 1907454.0, 6140010.0 ], [ 1907456.0, 6140013.0 ], [ 1907457.0, 6140016.0 ], [ 1907458.0, 6140019.0 ], [ 1907458.0, 6140022.0 ], [ 1907458.0, 6140025.0 ], [ 1907458.0, 6140027.0 ], [ 1907457.0, 6140030.0 ], [ 1907455.0, 6140035.0 ], [ 1907460.0, 6140036.0 ], [ 1907433.0, 6140105.0 ], [ 1907427.0, 6140122.0 ], [ 1907423.0, 6140135.0 ], [ 1907420.0, 6140141.0 ], [ 1907413.0, 6140153.0 ], [ 1907412.0, 6140157.0 ], [ 1907412.0, 6140161.0 ], [ 1907418.0, 6140182.0 ], [ 1907423.0, 6140204.0 ], [ 1907426.0, 6140220.0 ], [ 1907429.0, 6140234.0 ], [ 1907434.0, 6140250.0 ], [ 1907440.0, 6140267.0 ], [ 1907450.0, 6140290.0 ], [ 1907473.0, 6140347.0 ], [ 1907516.0, 6140443.0 ], [ 1907546.0, 6140510.0 ], [ 1907554.0, 6140527.0 ], [ 1907561.0, 6140541.0 ], [ 1907570.0, 6140552.0 ], [ 1907577.0, 6140562.0 ], [ 1907584.0, 6140569.0 ], [ 1907591.0, 6140574.0 ], [ 1907597.0, 6140578.0 ], [ 1907606.0, 6140582.0 ], [ 1907611.0, 6140583.0 ], [ 1907622.0, 6140584.0 ], [ 1907634.0, 6140583.0 ], [ 1907692.0, 6140577.0 ], [ 1907715.0, 6140575.0 ], [ 1907738.0, 6140574.0 ], [ 1907754.0, 6140573.0 ], [ 1907838.0, 6140564.0 ], [ 1907878.0, 6140558.0 ], [ 1907927.0, 6140551.0 ], [ 1908050.0, 6140540.0 ], [ 1908249.0, 6140523.0 ], [ 1908253.0, 6140522.0 ], [ 1908254.0, 6140519.0 ], [ 1908256.0, 6140515.0 ], [ 1908259.0, 6140510.0 ], [ 1908263.0, 6140505.0 ], [ 1908266.0, 6140505.0 ], [ 1908274.0, 6140506.0 ], [ 1908282.0, 6140508.0 ], [ 1908288.0, 6140509.0 ], [ 1908292.0, 6140507.0 ], [ 1908297.0, 6140504.0 ], [ 1908304.0, 6140516.0 ], [ 1908315.0, 6140522.0 ], [ 1908326.0, 6140528.0 ], [ 1908338.0, 6140535.0 ], [ 1908352.0, 6140543.0 ], [ 1908361.0, 6140548.0 ], [ 1908368.0, 6140551.0 ], [ 1908376.0, 6140554.0 ], [ 1908386.0, 6140555.0 ], [ 1908392.0, 6140555.0 ], [ 1908399.0, 6140554.0 ], [ 1908410.0, 6140553.0 ], [ 1908417.0, 6140554.0 ], [ 1908421.0, 6140554.0 ], [ 1908424.0, 6140555.0 ], [ 1908432.0, 6140557.0 ], [ 1908436.0, 6140559.0 ], [ 1908442.0, 6140562.0 ], [ 1908445.0, 6140563.0 ], [ 1908450.0, 6140564.0 ], [ 1908458.0, 6140565.0 ], [ 1908465.0, 6140575.0 ], [ 1908467.0, 6140577.0 ], [ 1908469.0, 6140580.0 ], [ 1908479.0, 6140590.0 ], [ 1908488.0, 6140598.0 ], [ 1908495.0, 6140602.0 ], [ 1908503.0, 6140606.0 ], [ 1908511.0, 6140608.0 ], [ 1908517.0, 6140608.0 ], [ 1908525.0, 6140607.0 ], [ 1908534.0, 6140604.0 ], [ 1908548.0, 6140597.0 ], [ 1908566.0, 6140625.0 ], [ 1908572.0, 6140623.0 ], [ 1908618.0, 6140696.0 ], [ 1908651.0, 6140747.0 ], [ 1908663.0, 6140766.0 ], [ 1908677.0, 6140789.0 ], [ 1908690.0, 6140796.0 ], [ 1908696.0, 6140799.0 ], [ 1908702.0, 6140802.0 ], [ 1908706.0, 6140803.0 ], [ 1908711.0, 6140805.0 ], [ 1908718.0, 6140806.0 ], [ 1908724.0, 6140807.0 ], [ 1908886.0, 6140763.0 ], [ 1908894.0, 6140761.0 ], [ 1908918.0, 6140754.0 ], [ 1908922.0, 6140753.0 ], [ 1908936.0, 6140749.0 ], [ 1908965.0, 6140741.0 ], [ 1909041.0, 6140712.0 ], [ 1909069.0, 6140701.0 ], [ 1909072.0, 6140710.0 ], [ 1909077.0, 6140709.0 ], [ 1909081.0, 6140709.0 ], [ 1909085.0, 6140710.0 ], [ 1909088.0, 6140712.0 ], [ 1909091.0, 6140718.0 ], [ 1909098.0, 6140715.0 ], [ 1909111.0, 6140710.0 ], [ 1909125.0, 6140746.0 ], [ 1909139.0, 6140781.0 ], [ 1909146.0, 6140798.0 ], [ 1909152.0, 6140796.0 ], [ 1909154.0, 6140800.0 ], [ 1909185.0, 6140788.0 ], [ 1909267.0, 6140754.0 ], [ 1909336.0, 6140724.0 ], [ 1909338.0, 6140724.0 ], [ 1909339.0, 6140724.0 ], [ 1909347.0, 6140744.0 ], [ 1909363.0, 6140780.0 ], [ 1909362.0, 6140782.0 ], [ 1909351.0, 6140795.0 ], [ 1909309.0, 6140841.0 ], [ 1909270.0, 6140886.0 ], [ 1909232.0, 6140931.0 ], [ 1909236.0, 6140936.0 ], [ 1909239.0, 6140941.0 ], [ 1909269.0, 6140906.0 ], [ 1909314.0, 6140855.0 ], [ 1909354.0, 6140809.0 ], [ 1909369.0, 6140792.0 ], [ 1909370.0, 6140792.0 ], [ 1909379.0, 6140801.0 ], [ 1909422.0, 6140840.0 ], [ 1909441.0, 6140858.0 ], [ 1909441.0, 6140859.0 ], [ 1909441.0, 6140860.0 ], [ 1909414.0, 6140889.0 ], [ 1909378.0, 6140931.0 ], [ 1909321.0, 6140995.0 ], [ 1909305.0, 6141014.0 ], [ 1909302.0, 6141016.0 ], [ 1909299.0, 6141016.0 ], [ 1909297.0, 6141016.0 ], [ 1909303.0, 6141024.0 ], [ 1909310.0, 6141032.0 ], [ 1909310.0, 6141034.0 ], [ 1909311.0, 6141038.0 ], [ 1909347.0, 6141085.0 ], [ 1909351.0, 6141090.0 ], [ 1909355.0, 6141095.0 ], [ 1909356.0, 6141096.0 ], [ 1909359.0, 6141100.0 ], [ 1909386.0, 6141135.0 ], [ 1909415.0, 6141175.0 ], [ 1909418.0, 6141178.0 ], [ 1909419.0, 6141179.0 ], [ 1909423.0, 6141181.0 ], [ 1909425.0, 6141181.0 ], [ 1909430.0, 6141188.0 ], [ 1909436.0, 6141195.0 ], [ 1909437.0, 6141192.0 ], [ 1909452.0, 6141179.0 ], [ 1909494.0, 6141145.0 ], [ 1909531.0, 6141115.0 ], [ 1909562.0, 6141089.0 ], [ 1909601.0, 6141058.0 ], [ 1909602.0, 6141058.0 ], [ 1909604.0, 6141059.0 ], [ 1909618.0, 6141075.0 ], [ 1909654.0, 6141121.0 ], [ 1909679.0, 6141151.0 ], [ 1909680.0, 6141153.0 ], [ 1909678.0, 6141154.0 ], [ 1909628.0, 6141194.0 ], [ 1909577.0, 6141236.0 ], [ 1909528.0, 6141275.0 ], [ 1909506.0, 6141294.0 ], [ 1909509.0, 6141298.0 ], [ 1909513.0, 6141303.0 ], [ 1909526.0, 6141323.0 ], [ 1909564.0, 6141390.0 ], [ 1909567.0, 6141392.0 ], [ 1909572.0, 6141401.0 ], [ 1909704.0, 6141296.0 ], [ 1909780.0, 6141388.0 ], [ 1909855.0, 6141483.0 ], [ 1909934.0, 6141576.0 ], [ 1910010.0, 6141669.0 ], [ 1910072.0, 6141748.0 ], [ 1910076.0, 6141752.0 ], [ 1910204.0, 6141647.0 ] ] } },
{ "type": "Feature", "properties": { "source": 4031514486, "target": 8014058036, "ordering_random": 24, "length": 364, "length_cumulative": 212526 }, "geometry": { "type": "LineString", "coordinates": [ [ 1907327.0, 6137840.0 ], [ 1907331.0, 6137837.0 ], [ 1907335.0, 6137835.0 ], [ 1907339.0, 6137832.0 ], [ 1907343.0, 6137838.0 ], [ 1907363.0, 6137852.0 ], [ 1907370.0, 6137858.0 ], [ 1907397.0, 6137893.0 ], [ 1907403.0, 6137890.0 ], [ 1907428.0, 6137924.0 ], [ 1907446.0, 6137949.0 ], [ 1907454.0, 6137954.0 ], [ 1907469.0, 6137959.0 ], [ 1907530.0, 6137966.0 ], [ 1907540.0, 6137966.0 ], [ 1907548.0, 6137965.0 ], [ 1907565.0, 6137960.0 ], [ 1907591.0, 6137942.0 ], [ 1907596.0, 6137938.0 ], [ 1907602.0, 6137934.0 ], [ 1907608.0, 6137931.0 ], [ 1907617.0, 6137925.0 ] ] } },
{ "type": "Feature", "properties": { "source": 301351968, "target": 5108424159, "ordering_random": 25, "length": 2721, "length_cumulative": 215247 }, "geometry": { "type": "LineString", "coordinates": [ [ 1897685.0, 6137689.0 ], [ 1897699.0, 6137681.0 ], [ 1897707.0, 6137672.0 ], [ 1897712.0, 6137663.0 ], [ 1897714.0, 6137652.0 ], [ 1897718.0, 6137643.0 ], [ 1897724.0, 6137633.0 ], [ 1897730.0, 6137625.0 ], [ 1897892.0, 6137491.0 ], [ 1897956.0, 6137445.0 ], [ 1898056.0, 6137339.0 ], [ 1898111.0, 6137287.0 ], [ 1898157.0, 6137244.0 ], [ 1898206.0, 6137202.0 ], [ 1898280.0, 6137142.0 ], [ 1898349.0, 6137093.0 ], [ 1898414.0, 6137048.0 ], [ 1898482.0, 6137006.0 ], [ 1898536.0, 6136974.0 ], [ 1898574.0, 6136953.0 ], [ 1898596.0, 6136930.0 ], [ 1898660.0, 6136888.0 ], [ 1898733.0, 6136846.0 ], [ 1898810.0, 6136807.0 ], [ 1898849.0, 6136788.0 ], [ 1898964.0, 6136732.0 ], [ 1899013.0, 6136706.0 ], [ 1899064.0, 6136674.0 ], [ 1899098.0, 6136649.0 ], [ 1899133.0, 6136621.0 ], [ 1899195.0, 6136564.0 ], [ 1899250.0, 6136502.0 ], [ 1899300.0, 6136436.0 ], [ 1899312.0, 6136414.0 ], [ 1899316.0, 6136407.0 ], [ 1899320.0, 6136399.0 ], [ 1899329.0, 6136382.0 ], [ 1899342.0, 6136348.0 ], [ 1899353.0, 6136311.0 ], [ 1899365.0, 6136255.0 ], [ 1899381.0, 6136199.0 ], [ 1899389.0, 6136179.0 ], [ 1899398.0, 6136160.0 ], [ 1899409.0, 6136142.0 ], [ 1899422.0, 6136124.0 ], [ 1899432.0, 6136114.0 ], [ 1899442.0, 6136106.0 ], [ 1899453.0, 6136098.0 ], [ 1899464.0, 6136091.0 ], [ 1899472.0, 6136087.0 ], [ 1899482.0, 6136083.0 ], [ 1899502.0, 6136077.0 ], [ 1899539.0, 6136068.0 ], [ 1899571.0, 6136059.0 ], [ 1899586.0, 6136055.0 ], [ 1899602.0, 6136049.0 ], [ 1899628.0, 6136036.0 ], [ 1899653.0, 6136023.0 ], [ 1899685.0, 6136001.0 ], [ 1899705.0, 6135991.0 ] ] } },
{ "type": "Feature", "properties": { "source": 9695187439, "target": 301351968, "ordering_random": 26, "length": 2679, "length_cumulative": 217927 }, "geometry": { "type": "LineString", "coordinates": [ [ 1904227.0, 6133344.0 ], [ 1904225.0, 6133341.0 ], [ 1904204.0, 6133310.0 ], [ 1904199.0, 6133302.0 ], [ 1904197.0, 6133293.0 ], [ 1904196.0, 6133280.0 ], [ 1904201.0, 6133246.0 ], [ 1904213.0, 6133224.0 ], [ 1904203.0, 6133208.0 ], [ 1904213.0, 6133181.0 ], [ 1904221.0, 6133175.0 ], [ 1904230.0, 6133166.0 ], [ 1904236.0, 6133151.0 ], [ 1904237.0, 6133148.0 ], [ 1904248.0, 6133118.0 ], [ 1904266.0, 6133072.0 ], [ 1904269.0, 6133066.0 ], [ 1904278.0, 6133040.0 ], [ 1904294.0, 6132994.0 ], [ 1904297.0, 6132988.0 ], [ 1904360.0, 6132808.0 ], [ 1904354.0, 6132789.0 ], [ 1904351.0, 6132780.0 ], [ 1904350.0, 6132776.0 ], [ 1904347.0, 6132769.0 ], [ 1904344.0, 6132765.0 ], [ 1904342.0, 6132762.0 ], [ 1904340.0, 6132759.0 ], [ 1904334.0, 6132753.0 ], [ 1904328.0, 6132748.0 ], [ 1904291.0, 6132737.0 ], [ 1904281.0, 6132734.0 ], [ 1904263.0, 6132726.0 ], [ 1904248.0, 6132718.0 ], [ 1904242.0, 6132714.0 ], [ 1904234.0, 6132708.0 ], [ 1904229.0, 6132701.0 ], [ 1904226.0, 6132694.0 ], [ 1904224.0, 6132687.0 ], [ 1904223.0, 6132671.0 ], [ 1904242.0, 6132582.0 ], [ 1904246.0, 6132557.0 ], [ 1904248.0, 6132548.0 ], [ 1904254.0, 6132513.0 ], [ 1904263.0, 6132464.0 ], [ 1904270.0, 6132427.0 ], [ 1904286.0, 6132345.0 ], [ 1904293.0, 6132311.0 ], [ 1904294.0, 6132288.0 ], [ 1904305.0, 6132139.0 ], [ 1904305.0, 6132126.0 ], [ 1904306.0, 6132111.0 ], [ 1904309.0, 6132055.0 ], [ 1904311.0, 6132019.0 ], [ 1904315.0, 6131945.0 ], [ 1904316.0, 6131924.0 ], [ 1904317.0, 6131913.0 ], [ 1904322.0, 6131848.0 ], [ 1904325.0, 6131813.0 ], [ 1904333.0, 6131734.0 ], [ 1904341.0, 6131629.0 ], [ 1904341.0, 6131614.0 ], [ 1904341.0, 6131529.0 ], [ 1904341.0, 6131506.0 ], [ 1904337.0, 6131483.0 ], [ 1904332.0, 6131472.0 ], [ 1904328.0, 6131464.0 ], [ 1904323.0, 6131456.0 ], [ 1904314.0, 6131446.0 ], [ 1904295.0, 6131433.0 ], [ 1904240.0, 6131390.0 ], [ 1904218.0, 6131373.0 ], [ 1904181.0, 6131343.0 ], [ 1904131.0, 6131300.0 ], [ 1904115.0, 6131285.0 ], [ 1904108.0, 6131278.0 ], [ 1904067.0, 6131221.0 ], [ 1904043.0, 6131193.0 ], [ 1904033.0, 6131179.0 ], [ 1904024.0, 6131165.0 ], [ 1904012.0, 6131142.0 ], [ 1904007.0, 6131131.0 ], [ 1904004.0, 6131123.0 ], [ 1904001.0, 6131116.0 ], [ 1903996.0, 6131101.0 ], [ 1903990.0, 6131073.0 ], [ 1903984.0, 6131043.0 ], [ 1903983.0, 6131029.0 ], [ 1903982.0, 6131003.0 ], [ 1903981.0, 6130979.0 ], [ 1903982.0, 6130957.0 ], [ 1903983.0, 6130937.0 ] ] } },
{ "type": "Feature", "properties": { "source": 13694930386, "target": 13064805799, "ordering_random": 27, "length": 203, "length_cumulative": 218130 }, "geometry": { "type": "LineString", "coordinates": [ [ 1915815.0, 6131535.0 ], [ 1915808.0, 6131532.0 ], [ 1915800.0, 6131530.0 ], [ 1915804.0, 6131520.0 ], [ 1915814.0, 6131501.0 ], [ 1915831.0, 6131473.0 ], [ 1915845.0, 6131452.0 ], [ 1915844.0, 6131445.0 ], [ 1915832.0, 6131364.0 ], [ 1915831.0, 6131362.0 ], [ 1915830.0, 6131356.0 ] ] } },
{ "type": "Feature", "properties": { "source": 10093241284, "target": 5108424159, "ordering_random": 28, "length": 28222, "length_cumulative": 246352 }, "geometry": { "type": "LineString", "coordinates": [ [ 1905976.0, 6122161.0 ], [ 1905964.0, 6122180.0 ], [ 1905961.0, 6122186.0 ], [ 1905958.0, 6122197.0 ], [ 1905951.0, 6122212.0 ], [ 1905944.0, 6122215.0 ], [ 1905940.0, 6122218.0 ], [ 1905936.0, 6122221.0 ], [ 1905932.0, 6122225.0 ], [ 1905928.0, 6122228.0 ], [ 1905925.0, 6122233.0 ], [ 1905922.0, 6122237.0 ], [ 1905920.0, 6122242.0 ], [ 1905918.0, 6122247.0 ], [ 1905916.0, 6122252.0 ], [ 1905915.0, 6122256.0 ], [ 1905915.0, 6122264.0 ], [ 1905915.0, 6122272.0 ], [ 1905916.0, 6122279.0 ], [ 1905917.0, 6122287.0 ], [ 1905922.0, 6122295.0 ], [ 1905924.0, 6122299.0 ], [ 1905927.0, 6122303.0 ], [ 1905921.0, 6122313.0 ], [ 1905910.0, 6122326.0 ], [ 1905898.0, 6122333.0 ], [ 1905859.0, 6122364.0 ], [ 1905777.0, 6122422.0 ], [ 1905764.0, 6122430.0 ], [ 1905751.0, 6122437.0 ], [ 1905741.0, 6122443.0 ], [ 1905732.0, 6122447.0 ], [ 1905722.0, 6122452.0 ], [ 1905712.0, 6122455.0 ], [ 1905700.0, 6122459.0 ], [ 1905690.0, 6122463.0 ], [ 1905678.0, 6122466.0 ], [ 1905666.0, 6122469.0 ], [ 1905658.0, 6122470.0 ], [ 1905648.0, 6122472.0 ], [ 1905640.0, 6122474.0 ], [ 1905630.0, 6122475.0 ], [ 1905614.0, 6122476.0 ], [ 1905600.0, 6122477.0 ], [ 1905601.0, 6122496.0 ], [ 1905602.0, 6122508.0 ], [ 1905571.0, 6122510.0 ], [ 1905527.0, 6122511.0 ], [ 1905491.0, 6122514.0 ], [ 1905481.0, 6122518.0 ], [ 1905458.0, 6122520.0 ], [ 1905440.0, 6122522.0 ], [ 1905423.0, 6122529.0 ], [ 1905398.0, 6122540.0 ], [ 1905399.0, 6122551.0 ], [ 1905376.0, 6122551.0 ], [ 1905293.0, 6122556.0 ], [ 1905288.0, 6122560.0 ], [ 1905287.0, 6122566.0 ], [ 1905286.0, 6122569.0 ], [ 1905288.0, 6122599.0 ], [ 1905288.0, 6122602.0 ], [ 1905288.0, 6122604.0 ], [ 1905288.0, 6122613.0 ], [ 1905261.0, 6122614.0 ], [ 1905250.0, 6122615.0 ], [ 1905109.0, 6122622.0 ], [ 1905090.0, 6122623.0 ], [ 1905067.0, 6122624.0 ], [ 1905054.0, 6122624.0 ], [ 1905047.0, 6122625.0 ], [ 1905013.0, 6122627.0 ], [ 1905006.0, 6122628.0 ], [ 1904998.0, 6122630.0 ], [ 1904992.0, 6122632.0 ], [ 1904985.0, 6122635.0 ], [ 1904984.0, 6122636.0 ], [ 1904960.0, 6122651.0 ], [ 1904926.0, 6122673.0 ], [ 1904875.0, 6122706.0 ], [ 1904863.0, 6122714.0 ], [ 1904840.0, 6122728.0 ], [ 1904832.0, 6122734.0 ], [ 1904818.0, 6122744.0 ], [ 1904811.0, 6122749.0 ], [ 1904808.0, 6122752.0 ], [ 1904806.0, 6122755.0 ], [ 1904803.0, 6122758.0 ], [ 1904801.0, 6122762.0 ], [ 1904797.0, 6122770.0 ], [ 1904796.0, 6122774.0 ], [ 1904795.0, 6122778.0 ], [ 1904794.0, 6122786.0 ], [ 1904794.0, 6122803.0 ], [ 1904796.0, 6122839.0 ], [ 1904799.0, 6122891.0 ], [ 1904801.0, 6122934.0 ], [ 1904803.0, 6122963.0 ], [ 1904810.0, 6123087.0 ], [ 1904810.0, 6123094.0 ], [ 1904813.0, 6123161.0 ], [ 1904814.0, 6123186.0 ], [ 1904814.0, 6123199.0 ], [ 1904815.0, 6123212.0 ], [ 1904815.0, 6123223.0 ], [ 1904814.0, 6123241.0 ], [ 1904814.0, 6123247.0 ], [ 1904814.0, 6123275.0 ], [ 1904813.0, 6123292.0 ], [ 1904802.0, 6123292.0 ], [ 1904781.0, 6123292.0 ], [ 1904762.0, 6123292.0 ], [ 1904749.0, 6123291.0 ], [ 1904741.0, 6123291.0 ], [ 1904724.0, 6123319.0 ], [ 1904705.0, 6123349.0 ], [ 1904666.0, 6123377.0 ], [ 1904646.0, 6123411.0 ], [ 1904641.0, 6123409.0 ], [ 1904632.0, 6123407.0 ], [ 1904630.0, 6123407.0 ], [ 1904628.0, 6123406.0 ], [ 1904622.0, 6123404.0 ], [ 1904619.0, 6123404.0 ], [ 1904617.0, 6123403.0 ], [ 1904606.0, 6123400.0 ], [ 1904594.0, 6123397.0 ], [ 1904584.0, 6123437.0 ], [ 1904576.0, 6123461.0 ], [ 1904558.0, 6123509.0 ], [ 1904550.0, 6123528.0 ], [ 1904524.0, 6123584.0 ], [ 1904480.0, 6123669.0 ], [ 1904462.0, 6123691.0 ], [ 1904453.0, 6123697.0 ], [ 1904443.0, 6123700.0 ], [ 1904445.0, 6123708.0 ], [ 1904441.0, 6123709.0 ], [ 1904437.0, 6123713.0 ], [ 1904434.0, 6123719.0 ], [ 1904420.0, 6123742.0 ], [ 1904413.0, 6123758.0 ], [ 1904403.0, 6123805.0 ], [ 1904393.0, 6123846.0 ], [ 1904376.0, 6123924.0 ], [ 1904367.0, 6123968.0 ], [ 1904357.0, 6124015.0 ], [ 1904353.0, 6124057.0 ], [ 1904352.0, 6124066.0 ], [ 1904352.0, 6124078.0 ], [ 1904325.0, 6124080.0 ], [ 1904325.0, 6124082.0 ], [ 1904326.0, 6124102.0 ], [ 1904317.0, 6124103.0 ], [ 1904318.0, 6124151.0 ], [ 1904304.0, 6124175.0 ], [ 1904290.0, 6124185.0 ], [ 1904290.0, 6124194.0 ], [ 1904290.0, 6124201.0 ], [ 1904275.0, 6124202.0 ], [ 1904231.0, 6124204.0 ], [ 1904228.0, 6124204.0 ], [ 1904232.0, 6124299.0 ], [ 1904227.0, 6124303.0 ], [ 1904222.0, 6124310.0 ], [ 1904216.0, 6124333.0 ], [ 1904206.0, 6124349.0 ], [ 1904207.0, 6124373.0 ], [ 1904210.0, 6124451.0 ], [ 1904199.0, 6124474.0 ], [ 1904170.0, 6124535.0 ], [ 1904168.0, 6124541.0 ], [ 1904125.0, 6124560.0 ], [ 1904118.0, 6124564.0 ], [ 1904113.0, 6124571.0 ], [ 1904103.0, 6124575.0 ], [ 1904108.0, 6124588.0 ], [ 1904068.0, 6124607.0 ], [ 1904038.0, 6124626.0 ], [ 1903996.0, 6124653.0 ], [ 1903993.0, 6124665.0 ], [ 1903992.0, 6124676.0 ], [ 1903978.0, 6124685.0 ], [ 1903971.0, 6124689.0 ], [ 1903947.0, 6124704.0 ], [ 1903929.0, 6124716.0 ], [ 1903922.0, 6124721.0 ], [ 1903912.0, 6124727.0 ], [ 1903841.0, 6124773.0 ], [ 1903827.0, 6124782.0 ], [ 1903821.0, 6124786.0 ], [ 1903813.0, 6124791.0 ], [ 1903772.0, 6124817.0 ], [ 1903761.0, 6124824.0 ], [ 1903700.0, 6124864.0 ], [ 1903682.0, 6124880.0 ], [ 1903677.0, 6124890.0 ], [ 1903669.0, 6124893.0 ], [ 1903658.0, 6124898.0 ], [ 1903646.0, 6124904.0 ], [ 1903640.0, 6124905.0 ], [ 1903617.0, 6124914.0 ], [ 1903610.0, 6124916.0 ], [ 1903612.0, 6124953.0 ], [ 1903612.0, 6124956.0 ], [ 1903613.0, 6124984.0 ], [ 1903616.0, 6125031.0 ], [ 1903618.0, 6125082.0 ], [ 1903621.0, 6125129.0 ], [ 1903623.0, 6125155.0 ], [ 1903625.0, 6125199.0 ], [ 1903626.0, 6125225.0 ], [ 1903627.0, 6125247.0 ], [ 1903628.0, 6125261.0 ], [ 1903628.0, 6125269.0 ], [ 1903613.0, 6125276.0 ], [ 1903600.0, 6125316.0 ], [ 1903595.0, 6125324.0 ], [ 1903582.0, 6125343.0 ], [ 1903572.0, 6125360.0 ], [ 1903549.0, 6125394.0 ], [ 1903545.0, 6125414.0 ], [ 1903543.0, 6125425.0 ], [ 1903534.0, 6125454.0 ], [ 1903498.0, 6125479.0 ], [ 1903452.0, 6125510.0 ], [ 1903389.0, 6125554.0 ], [ 1903343.0, 6125586.0 ], [ 1903268.0, 6125635.0 ], [ 1903182.0, 6125691.0 ], [ 1903153.0, 6125712.0 ], [ 1903084.0, 6125754.0 ], [ 1903071.0, 6125763.0 ], [ 1903061.0, 6125771.0 ], [ 1903008.0, 6125810.0 ], [ 1902917.0, 6125871.0 ], [ 1902823.0, 6125928.0 ], [ 1902807.0, 6125937.0 ], [ 1902787.0, 6125948.0 ], [ 1902676.0, 6126009.0 ], [ 1902656.0, 6126020.0 ], [ 1902650.0, 6126023.0 ], [ 1902571.0, 6126069.0 ], [ 1902534.0, 6126090.0 ], [ 1902492.0, 6126111.0 ], [ 1902470.0, 6126122.0 ], [ 1902382.0, 6126161.0 ], [ 1902340.0, 6126180.0 ], [ 1902302.0, 6126196.0 ], [ 1902189.0, 6126242.0 ], [ 1902038.0, 6126299.0 ], [ 1901942.0, 6126335.0 ], [ 1901886.0, 6126355.0 ], [ 1901820.0, 6126381.0 ], [ 1901788.0, 6126393.0 ], [ 1901732.0, 6126415.0 ], [ 1901688.0, 6126431.0 ], [ 1901650.0, 6126446.0 ], [ 1901623.0, 6126462.0 ], [ 1901565.0, 6126485.0 ], [ 1901437.0, 6126537.0 ], [ 1901324.0, 6126582.0 ], [ 1901306.0, 6126590.0 ], [ 1901287.0, 6126600.0 ], [ 1901267.0, 6126615.0 ], [ 1901251.0, 6126630.0 ], [ 1901238.0, 6126644.0 ], [ 1901227.0, 6126659.0 ], [ 1901216.0, 6126679.0 ], [ 1901209.0, 6126696.0 ], [ 1901171.0, 6126799.0 ], [ 1901104.0, 6127003.0 ], [ 1901069.0, 6127133.0 ], [ 1901043.0, 6127230.0 ], [ 1901028.0, 6127288.0 ], [ 1901014.0, 6127340.0 ], [ 1900973.0, 6127491.0 ], [ 1900949.0, 6127585.0 ], [ 1900890.0, 6127771.0 ], [ 1900863.0, 6127831.0 ], [ 1900854.0, 6127879.0 ], [ 1900831.0, 6127997.0 ], [ 1900808.0, 6128128.0 ], [ 1900793.0, 6128229.0 ], [ 1900778.0, 6128337.0 ], [ 1900762.0, 6128463.0 ], [ 1900743.0, 6128663.0 ], [ 1900739.0, 6128733.0 ], [ 1900727.0, 6128890.0 ], [ 1900724.0, 6128951.0 ], [ 1900721.0, 6129008.0 ], [ 1900718.0, 6129371.0 ], [ 1900724.0, 6129579.0 ], [ 1900729.0, 6129680.0 ], [ 1900736.0, 6129784.0 ], [ 1900748.0, 6129932.0 ], [ 1900763.0, 6130070.0 ], [ 1900852.0, 6130792.0 ], [ 1900867.0, 6130918.0 ], [ 1900871.0, 6130954.0 ], [ 1900873.0, 6130972.0 ], [ 1900886.0, 6131001.0 ], [ 1900895.0, 6131048.0 ], [ 1900897.0, 6131056.0 ], [ 1900906.0, 6131096.0 ], [ 1900927.0, 6131190.0 ], [ 1900956.0, 6131360.0 ], [ 1900971.0, 6131476.0 ], [ 1900974.0, 6131515.0 ], [ 1900970.0, 6131538.0 ], [ 1900965.0, 6131556.0 ], [ 1900959.0, 6131571.0 ], [ 1900950.0, 6131587.0 ], [ 1900938.0, 6131603.0 ], [ 1900921.0, 6131619.0 ], [ 1900905.0, 6131629.0 ], [ 1900891.0, 6131636.0 ], [ 1900877.0, 6131641.0 ], [ 1900862.0, 6131644.0 ], [ 1900847.0, 6131645.0 ], [ 1900831.0, 6131645.0 ], [ 1900818.0, 6131643.0 ], [ 1900801.0, 6131638.0 ], [ 1900787.0, 6131633.0 ], [ 1900773.0, 6131626.0 ], [ 1900702.0, 6131583.0 ], [ 1900682.0, 6131572.0 ], [ 1900660.0, 6131561.0 ], [ 1900652.0, 6131557.0 ], [ 1900643.0, 6131555.0 ], [ 1900627.0, 6131550.0 ], [ 1900608.0, 6131546.0 ], [ 1900582.0, 6131541.0 ], [ 1900499.0, 6131549.0 ], [ 1900422.0, 6131556.0 ], [ 1900414.0, 6131556.0 ], [ 1900324.0, 6131561.0 ], [ 1900316.0, 6131561.0 ], [ 1900257.0, 6131563.0 ], [ 1900029.0, 6131564.0 ], [ 1900020.0, 6131572.0 ], [ 1900005.0, 6131592.0 ], [ 1899952.0, 6131646.0 ], [ 1899943.0, 6131655.0 ], [ 1899917.0, 6131681.0 ], [ 1899887.0, 6131716.0 ], [ 1899878.0, 6131727.0 ], [ 1899861.0, 6131746.0 ], [ 1899847.0, 6131761.0 ], [ 1899825.0, 6131786.0 ], [ 1899809.0, 6131804.0 ], [ 1899790.0, 6131826.0 ], [ 1899781.0, 6131835.0 ], [ 1899776.0, 6131844.0 ], [ 1899765.0, 6131847.0 ], [ 1899727.0, 6131865.0 ], [ 1899712.0, 6131869.0 ], [ 1899698.0, 6131872.0 ], [ 1899688.0, 6131871.0 ], [ 1899683.0, 6131881.0 ], [ 1899656.0, 6131899.0 ], [ 1899631.0, 6131919.0 ], [ 1899624.0, 6131924.0 ], [ 1899608.0, 6131944.0 ], [ 1899593.0, 6131965.0 ], [ 1899588.0, 6131962.0 ], [ 1899577.0, 6131978.0 ], [ 1899539.0, 6132031.0 ], [ 1899504.0, 6132081.0 ], [ 1899490.0, 6132102.0 ], [ 1899463.0, 6132145.0 ], [ 1899454.0, 6132159.0 ], [ 1899444.0, 6132176.0 ], [ 1899440.0, 6132185.0 ], [ 1899425.0, 6132211.0 ], [ 1899408.0, 6132247.0 ], [ 1899393.0, 6132274.0 ], [ 1899384.0, 6132283.0 ], [ 1899361.0, 6132326.0 ], [ 1899355.0, 6132331.0 ], [ 1899348.0, 6132335.0 ], [ 1899339.0, 6132335.0 ], [ 1899337.0, 6132341.0 ], [ 1899323.0, 6132335.0 ], [ 1899294.0, 6132322.0 ], [ 1899270.0, 6132311.0 ], [ 1899266.0, 6132309.0 ], [ 1899256.0, 6132305.0 ], [ 1899251.0, 6132303.0 ], [ 1899244.0, 6132303.0 ], [ 1899237.0, 6132303.0 ], [ 1899227.0, 6132306.0 ], [ 1899213.0, 6132310.0 ], [ 1899200.0, 6132323.0 ], [ 1899188.0, 6132334.0 ], [ 1899180.0, 6132341.0 ], [ 1899168.0, 6132350.0 ], [ 1899156.0, 6132358.0 ], [ 1899146.0, 6132364.0 ], [ 1899133.0, 6132372.0 ], [ 1899115.0, 6132382.0 ], [ 1899091.0, 6132393.0 ], [ 1899032.0, 6132415.0 ], [ 1898995.0, 6132428.0 ], [ 1898925.0, 6132453.0 ], [ 1898887.0, 6132467.0 ], [ 1898879.0, 6132470.0 ], [ 1898806.0, 6132495.0 ], [ 1898731.0, 6132519.0 ], [ 1898702.0, 6132529.0 ], [ 1898682.0, 6132537.0 ], [ 1898663.0, 6132546.0 ], [ 1898648.0, 6132554.0 ], [ 1898633.0, 6132562.0 ], [ 1898612.0, 6132576.0 ], [ 1898592.0, 6132591.0 ], [ 1898573.0, 6132606.0 ], [ 1898556.0, 6132621.0 ], [ 1898542.0, 6132635.0 ], [ 1898528.0, 6132649.0 ], [ 1898510.0, 6132671.0 ], [ 1898501.0, 6132682.0 ], [ 1898493.0, 6132694.0 ], [ 1898482.0, 6132712.0 ], [ 1898471.0, 6132728.0 ], [ 1898463.0, 6132745.0 ], [ 1898428.0, 6132817.0 ], [ 1898387.0, 6132905.0 ], [ 1898369.0, 6132941.0 ], [ 1898347.0, 6132987.0 ], [ 1898346.0, 6132989.0 ], [ 1898309.0, 6133067.0 ], [ 1898296.0, 6133066.0 ], [ 1898289.0, 6133066.0 ], [ 1898274.0, 6133065.0 ], [ 1898244.0, 6133128.0 ], [ 1898185.0, 6133252.0 ], [ 1898168.0, 6133287.0 ], [ 1898148.0, 6133330.0 ], [ 1898143.0, 6133342.0 ], [ 1898119.0, 6133391.0 ], [ 1898112.0, 6133405.0 ], [ 1898065.0, 6133505.0 ], [ 1898043.0, 6133552.0 ], [ 1898023.0, 6133597.0 ], [ 1897997.0, 6133642.0 ], [ 1897981.0, 6133664.0 ], [ 1897969.0, 6133680.0 ], [ 1897955.0, 6133697.0 ], [ 1897903.0, 6133751.0 ], [ 1897880.0, 6133778.0 ], [ 1897859.0, 6133806.0 ], [ 1897841.0, 6133835.0 ], [ 1897828.0, 6133862.0 ], [ 1897802.0, 6133850.0 ], [ 1897798.0, 6133857.0 ], [ 1897772.0, 6133911.0 ], [ 1897739.0, 6133978.0 ], [ 1897732.0, 6133984.0 ], [ 1897719.0, 6133993.0 ], [ 1897685.0, 6134063.0 ], [ 1897657.0, 6134123.0 ], [ 1897654.0, 6134133.0 ], [ 1897623.0, 6134197.0 ], [ 1897621.0, 6134196.0 ], [ 1897615.0, 6134194.0 ], [ 1897600.0, 6134186.0 ], [ 1897576.0, 6134237.0 ], [ 1897572.0, 6134242.0 ], [ 1897557.0, 6134259.0 ], [ 1897552.0, 6134255.0 ], [ 1897529.0, 6134254.0 ], [ 1897524.0, 6134254.0 ], [ 1897462.0, 6134238.0 ], [ 1897447.0, 6134234.0 ], [ 1897434.0, 6134232.0 ], [ 1897410.0, 6134231.0 ], [ 1897400.0, 6134230.0 ], [ 1897376.0, 6134224.0 ], [ 1897368.0, 6134223.0 ], [ 1897353.0, 6134230.0 ], [ 1897340.0, 6134239.0 ], [ 1897328.0, 6134245.0 ], [ 1897315.0, 6134249.0 ], [ 1897294.0, 6134255.0 ], [ 1897265.0, 6134265.0 ], [ 1897241.0, 6134275.0 ], [ 1897224.0, 6134287.0 ], [ 1897209.0, 6134297.0 ], [ 1897173.0, 6134327.0 ], [ 1897160.0, 6134339.0 ], [ 1897153.0, 6134343.0 ], [ 1897135.0, 6134348.0 ], [ 1897114.0, 6134357.0 ], [ 1897073.0, 6134378.0 ], [ 1897052.0, 6134387.0 ], [ 1897021.0, 6134398.0 ], [ 1896995.0, 6134407.0 ], [ 1896986.0, 6134411.0 ], [ 1896973.0, 6134418.0 ], [ 1896958.0, 6134437.0 ], [ 1896926.0, 6134470.0 ], [ 1896912.0, 6134485.0 ], [ 1896874.0, 6134541.0 ], [ 1896865.0, 6134553.0 ], [ 1896857.0, 6134561.0 ], [ 1896842.0, 6134573.0 ], [ 1896819.0, 6134592.0 ], [ 1896806.0, 6134604.0 ], [ 1896777.0, 6134624.0 ], [ 1896758.0, 6134641.0 ], [ 1896747.0, 6134647.0 ], [ 1896736.0, 6134650.0 ], [ 1896722.0, 6134654.0 ], [ 1896711.0, 6134659.0 ], [ 1896701.0, 6134665.0 ], [ 1896669.0, 6134694.0 ], [ 1896653.0, 6134705.0 ], [ 1896635.0, 6134716.0 ], [ 1896612.0, 6134732.0 ], [ 1896579.0, 6134758.0 ], [ 1896564.0, 6134771.0 ], [ 1896551.0, 6134780.0 ], [ 1896541.0, 6134786.0 ], [ 1896529.0, 6134792.0 ], [ 1896513.0, 6134795.0 ], [ 1896493.0, 6134801.0 ], [ 1896474.0, 6134807.0 ], [ 1896455.0, 6134817.0 ], [ 1896432.0, 6134828.0 ], [ 1896418.0, 6134851.0 ], [ 1896413.0, 6134860.0 ], [ 1896406.0, 6134866.0 ], [ 1896359.0, 6134900.0 ], [ 1896322.0, 6134923.0 ], [ 1896307.0, 6134933.0 ], [ 1896285.0, 6134954.0 ], [ 1896259.0, 6134982.0 ], [ 1896248.0, 6134995.0 ], [ 1896242.0, 6135005.0 ], [ 1896238.0, 6135014.0 ], [ 1896210.0, 6135081.0 ], [ 1896195.0, 6135112.0 ], [ 1896187.0, 6135133.0 ], [ 1896165.0, 6135199.0 ], [ 1896164.0, 6135209.0 ], [ 1896164.0, 6135219.0 ], [ 1896167.0, 6135238.0 ], [ 1896168.0, 6135257.0 ], [ 1896163.0, 6135303.0 ], [ 1896158.0, 6135327.0 ], [ 1896152.0, 6135361.0 ], [ 1896144.0, 6135396.0 ], [ 1896139.0, 6135412.0 ], [ 1896129.0, 6135430.0 ], [ 1896121.0, 6135438.0 ], [ 1896058.0, 6135494.0 ], [ 1896028.0, 6135521.0 ], [ 1896017.0, 6135533.0 ], [ 1895982.0, 6135559.0 ], [ 1895959.0, 6135576.0 ], [ 1895935.0, 6135593.0 ], [ 1895924.0, 6135612.0 ], [ 1895915.0, 6135624.0 ], [ 1895884.0, 6135661.0 ], [ 1895880.0, 6135670.0 ], [ 1895875.0, 6135688.0 ], [ 1895874.0, 6135702.0 ], [ 1895869.0, 6135726.0 ], [ 1895864.0, 6135738.0 ], [ 1895856.0, 6135761.0 ], [ 1895844.0, 6135789.0 ], [ 1895827.0, 6135824.0 ], [ 1895809.0, 6135863.0 ], [ 1895797.0, 6135884.0 ], [ 1895788.0, 6135896.0 ], [ 1895785.0, 6135905.0 ], [ 1895784.0, 6135915.0 ], [ 1895783.0, 6135938.0 ], [ 1895784.0, 6135981.0 ], [ 1895784.0, 6135999.0 ], [ 1895781.0, 6136021.0 ], [ 1895777.0, 6136036.0 ], [ 1895767.0, 6136078.0 ], [ 1895763.0, 6136091.0 ], [ 1895749.0, 6136123.0 ], [ 1895741.0, 6136134.0 ], [ 1895714.0, 6136167.0 ], [ 1895681.0, 6136198.0 ], [ 1895674.0, 6136205.0 ], [ 1895665.0, 6136212.0 ], [ 1895637.0, 6136235.0 ], [ 1895617.0, 6136253.0 ], [ 1895606.0, 6136266.0 ], [ 1895545.0, 6136347.0 ], [ 1895522.0, 6136375.0 ], [ 1895505.0, 6136394.0 ], [ 1895494.0, 6136407.0 ], [ 1895477.0, 6136418.0 ], [ 1895443.0, 6136435.0 ], [ 1895424.0, 6136444.0 ], [ 1895405.0, 6136456.0 ], [ 1895391.0, 6136467.0 ], [ 1895382.0, 6136475.0 ], [ 1895370.0, 6136489.0 ], [ 1895356.0, 6136511.0 ], [ 1895329.0, 6136546.0 ], [ 1895291.0, 6136592.0 ], [ 1895273.0, 6136608.0 ], [ 1895259.0, 6136620.0 ], [ 1895249.0, 6136626.0 ], [ 1895232.0, 6136637.0 ], [ 1895203.0, 6136657.0 ], [ 1895180.0, 6136680.0 ], [ 1895165.0, 6136695.0 ], [ 1895148.0, 6136713.0 ], [ 1895125.0, 6136732.0 ], [ 1895091.0, 6136759.0 ], [ 1895069.0, 6136783.0 ], [ 1895055.0, 6136801.0 ], [ 1895036.0, 6136827.0 ], [ 1895022.0, 6136834.0 ], [ 1895018.0, 6136838.0 ], [ 1895006.0, 6136864.0 ], [ 1894998.0, 6136876.0 ], [ 1894989.0, 6136886.0 ], [ 1894968.0, 6136914.0 ], [ 1894946.0, 6136929.0 ], [ 1894917.0, 6136956.0 ], [ 1894903.0, 6136971.0 ], [ 1894890.0, 6136982.0 ], [ 1894874.0, 6136998.0 ], [ 1894866.0, 6137008.0 ], [ 1894862.0, 6137020.0 ], [ 1894857.0, 6137035.0 ], [ 1894854.0, 6137048.0 ], [ 1894847.0, 6137056.0 ], [ 1894832.0, 6137070.0 ], [ 1894797.0, 6137112.0 ], [ 1894755.0, 6137168.0 ], [ 1894744.0, 6137180.0 ], [ 1894724.0, 6137201.0 ], [ 1894710.0, 6137213.0 ], [ 1894658.0, 6137245.0 ], [ 1894609.0, 6137286.0 ], [ 1894601.0, 6137293.0 ], [ 1894595.0, 6137299.0 ], [ 1894593.0, 6137314.0 ], [ 1894588.0, 6137321.0 ], [ 1894583.0, 6137325.0 ], [ 1894570.0, 6137330.0 ], [ 1894555.0, 6137331.0 ], [ 1894548.0, 6137330.0 ], [ 1894540.0, 6137328.0 ], [ 1894530.0, 6137327.0 ], [ 1894508.0, 6137334.0 ], [ 1894496.0, 6137338.0 ], [ 1894481.0, 6137342.0 ], [ 1894477.0, 6137344.0 ], [ 1894473.0, 6137348.0 ], [ 1894466.0, 6137358.0 ], [ 1894435.0, 6137389.0 ], [ 1894416.0, 6137408.0 ], [ 1894389.0, 6137429.0 ], [ 1894366.0, 6137447.0 ], [ 1894354.0, 6137456.0 ], [ 1894331.0, 6137469.0 ], [ 1894305.0, 6137481.0 ], [ 1894286.0, 6137489.0 ], [ 1894270.0, 6137495.0 ], [ 1894253.0, 6137497.0 ], [ 1894237.0, 6137496.0 ], [ 1894222.0, 6137492.0 ], [ 1894216.0, 6137492.0 ], [ 1894212.0, 6137497.0 ], [ 1894203.0, 6137504.0 ], [ 1894195.0, 6137509.0 ], [ 1894188.0, 6137514.0 ], [ 1894164.0, 6137525.0 ], [ 1894117.0, 6137544.0 ], [ 1894104.0, 6137551.0 ], [ 1894099.0, 6137558.0 ], [ 1894097.0, 6137564.0 ], [ 1894096.0, 6137576.0 ], [ 1894067.0, 6137582.0 ], [ 1894006.0, 6137594.0 ], [ 1893918.0, 6137607.0 ], [ 1893878.0, 6137614.0 ], [ 1893819.0, 6137627.0 ], [ 1893760.0, 6137646.0 ], [ 1893730.0, 6137657.0 ], [ 1893688.0, 6137672.0 ], [ 1893636.0, 6137693.0 ], [ 1893481.0, 6137753.0 ], [ 1893386.0, 6137792.0 ], [ 1893319.0, 6137819.0 ], [ 1893297.0, 6137836.0 ], [ 1893266.0, 6137864.0 ], [ 1893252.0, 6137881.0 ], [ 1893226.0, 6137903.0 ], [ 1893145.0, 6137976.0 ], [ 1893095.0, 6138017.0 ], [ 1893093.0, 6138032.0 ], [ 1893090.0, 6138042.0 ], [ 1893078.0, 6138059.0 ], [ 1893067.0, 6138073.0 ], [ 1893053.0, 6138097.0 ], [ 1893037.0, 6138113.0 ], [ 1893010.0, 6138135.0 ], [ 1892981.0, 6138163.0 ], [ 1892967.0, 6138177.0 ], [ 1892933.0, 6138206.0 ], [ 1892908.0, 6138235.0 ], [ 1892889.0, 6138260.0 ], [ 1892870.0, 6138283.0 ], [ 1892844.0, 6138319.0 ], [ 1892812.0, 6138359.0 ], [ 1892787.0, 6138388.0 ], [ 1892755.0, 6138418.0 ], [ 1892735.0, 6138447.0 ], [ 1892713.0, 6138505.0 ], [ 1892702.0, 6138559.0 ], [ 1892679.0, 6138621.0 ], [ 1892649.0, 6138685.0 ], [ 1892630.0, 6138708.0 ], [ 1892619.0, 6138730.0 ], [ 1892610.0, 6138812.0 ], [ 1892623.0, 6138882.0 ], [ 1892614.0, 6138937.0 ], [ 1892604.0, 6138953.0 ], [ 1892587.0, 6138983.0 ], [ 1892577.0, 6138993.0 ], [ 1892543.0, 6139026.0 ], [ 1892527.0, 6139045.0 ], [ 1892522.0, 6139053.0 ], [ 1892519.0, 6139065.0 ], [ 1892461.0, 6139150.0 ], [ 1892430.0, 6139190.0 ], [ 1892384.0, 6139233.0 ], [ 1892321.0, 6139371.0 ], [ 1892292.0, 6139445.0 ], [ 1892267.0, 6139539.0 ], [ 1892223.0, 6139616.0 ], [ 1892174.0, 6139688.0 ], [ 1892154.0, 6139747.0 ], [ 1892177.0, 6139780.0 ], [ 1892213.0, 6139863.0 ], [ 1892262.0, 6139884.0 ], [ 1892316.0, 6139899.0 ], [ 1892343.0, 6139910.0 ], [ 1892321.0, 6139964.0 ], [ 1892287.0, 6139966.0 ], [ 1892194.0, 6139994.0 ], [ 1892154.0, 6140014.0 ], [ 1892136.0, 6140036.0 ], [ 1892131.0, 6140053.0 ], [ 1892128.0, 6140092.0 ], [ 1892119.0, 6140119.0 ], [ 1892091.0, 6140154.0 ], [ 1892034.0, 6140200.0 ], [ 1892013.0, 6140210.0 ], [ 1891999.0, 6140211.0 ], [ 1891971.0, 6140206.0 ], [ 1891941.0, 6140209.0 ], [ 1891940.0, 6140210.0 ], [ 1891911.0, 6140222.0 ], [ 1891885.0, 6140246.0 ], [ 1891857.0, 6140270.0 ], [ 1891825.0, 6140306.0 ], [ 1891810.0, 6140325.0 ], [ 1891797.0, 6140336.0 ], [ 1891784.0, 6140340.0 ], [ 1891772.0, 6140352.0 ], [ 1891767.0, 6140368.0 ], [ 1891761.0, 6140398.0 ], [ 1891746.0, 6140445.0 ], [ 1891731.0, 6140488.0 ], [ 1891697.0, 6140540.0 ], [ 1891671.0, 6140562.0 ], [ 1891642.0, 6140590.0 ], [ 1891623.0, 6140616.0 ], [ 1891608.0, 6140632.0 ], [ 1891591.0, 6140646.0 ], [ 1891571.0, 6140659.0 ], [ 1891541.0, 6140674.0 ], [ 1891534.0, 6140678.0 ], [ 1891517.0, 6140686.0 ], [ 1891502.0, 6140703.0 ], [ 1891487.0, 6140728.0 ], [ 1891461.0, 6140766.0 ], [ 1891434.0, 6140797.0 ], [ 1891412.0, 6140824.0 ], [ 1891396.0, 6140841.0 ], [ 1891389.0, 6140857.0 ], [ 1891367.0, 6140876.0 ], [ 1891317.0, 6140900.0 ], [ 1891284.0, 6140913.0 ], [ 1891275.0, 6140916.0 ], [ 1891249.0, 6140928.0 ], [ 1891234.0, 6140938.0 ], [ 1891223.0, 6140946.0 ], [ 1891198.0, 6140969.0 ], [ 1891111.0, 6141042.0 ], [ 1891098.0, 6141049.0 ], [ 1891093.0, 6141052.0 ], [ 1891051.0, 6141076.0 ], [ 1891016.0, 6141097.0 ], [ 1890993.0, 6141111.0 ], [ 1890983.0, 6141125.0 ], [ 1890980.0, 6141136.0 ], [ 1890980.0, 6141144.0 ], [ 1890982.0, 6141151.0 ], [ 1890986.0, 6141164.0 ], [ 1890989.0, 6141166.0 ], [ 1890992.0, 6141169.0 ], [ 1890994.0, 6141171.0 ], [ 1890995.0, 6141175.0 ], [ 1890996.0, 6141178.0 ], [ 1891002.0, 6141188.0 ], [ 1891010.0, 6141195.0 ], [ 1891023.0, 6141207.0 ], [ 1891031.0, 6141221.0 ], [ 1891054.0, 6141251.0 ], [ 1891071.0, 6141275.0 ], [ 1891091.0, 6141300.0 ], [ 1891095.0, 6141316.0 ], [ 1891098.0, 6141337.0 ], [ 1891095.0, 6141354.0 ], [ 1891082.0, 6141380.0 ] ] } },
{ "type": "Feature", "properties": { "source": 5376708631, "target": 8014058036, "ordering_random": 29, "length": 2147, "length_cumulative": 248499 }, "geometry": { "type": "LineString", "coordinates": [ [ 1908507.0, 6136004.0 ], [ 1908501.0, 6136010.0 ], [ 1908494.0, 6136014.0 ], [ 1908490.0, 6136017.0 ], [ 1908483.0, 6136021.0 ], [ 1908485.0, 6136024.0 ], [ 1908519.0, 6136078.0 ], [ 1908512.0, 6136082.0 ], [ 1908559.0, 6136151.0 ], [ 1908615.0, 6136229.0 ], [ 1908615.0, 6136232.0 ], [ 1908615.0, 6136236.0 ], [ 1908614.0, 6136238.0 ], [ 1908610.0, 6136243.0 ], [ 1908613.0, 6136247.0 ], [ 1908552.0, 6136288.0 ], [ 1908499.0, 6136325.0 ], [ 1908462.0, 6136350.0 ], [ 1908330.0, 6136439.0 ], [ 1908142.0, 6136567.0 ], [ 1908081.0, 6136609.0 ], [ 1908031.0, 6136642.0 ], [ 1908001.0, 6136662.0 ], [ 1907970.0, 6136684.0 ], [ 1907971.0, 6136690.0 ], [ 1907894.0, 6136742.0 ], [ 1907870.0, 6136758.0 ], [ 1907677.0, 6136880.0 ], [ 1907667.0, 6136909.0 ], [ 1907658.0, 6136935.0 ], [ 1907661.0, 6136940.0 ], [ 1907671.0, 6136956.0 ], [ 1907677.0, 6136967.0 ], [ 1907667.0, 6136973.0 ], [ 1907659.0, 6136977.0 ], [ 1907597.0, 6137016.0 ], [ 1907620.0, 6137051.0 ], [ 1907623.0, 6137057.0 ], [ 1907623.0, 6137070.0 ], [ 1907619.0, 6137077.0 ], [ 1907595.0, 6137092.0 ], [ 1907564.0, 6137112.0 ], [ 1907596.0, 6137162.0 ], [ 1907593.0, 6137164.0 ], [ 1907585.0, 6137169.0 ], [ 1907610.0, 6137209.0 ], [ 1907598.0, 6137217.0 ], [ 1907560.0, 6137240.0 ], [ 1907544.0, 6137251.0 ], [ 1907518.0, 6137267.0 ], [ 1907517.0, 6137267.0 ], [ 1907522.0, 6137275.0 ], [ 1907521.0, 6137275.0 ], [ 1907520.0, 6137283.0 ], [ 1907520.0, 6137292.0 ], [ 1907518.0, 6137297.0 ], [ 1907519.0, 6137299.0 ], [ 1907537.0, 6137326.0 ], [ 1907549.0, 6137344.0 ], [ 1907560.0, 6137362.0 ], [ 1907567.0, 6137371.0 ], [ 1907560.0, 6137375.0 ], [ 1907567.0, 6137386.0 ], [ 1907555.0, 6137394.0 ] ] } },
{ "type": "Feature", "properties": { "source": 12473812040, "target": 5108424159, "ordering_random": 30, "length": 6637, "length_cumulative": 255136 }, "geometry": { "type": "LineString", "coordinates": [ [ 1889976.0, 6143259.0 ], [ 1889982.0, 6143242.0 ], [ 1889983.0, 6143237.0 ], [ 1889995.0, 6143192.0 ], [ 1889996.0, 6143187.0 ], [ 1889996.0, 6143180.0 ], [ 1889994.0, 6143174.0 ], [ 1889987.0, 6143128.0 ], [ 1889984.0, 6143111.0 ], [ 1889980.0, 6143094.0 ], [ 1889976.0, 6143083.0 ], [ 1889971.0, 6143072.0 ], [ 1889963.0, 6143064.0 ], [ 1889941.0, 6143053.0 ], [ 1889933.0, 6143049.0 ], [ 1889930.0, 6143049.0 ], [ 1889916.0, 6143047.0 ], [ 1889913.0, 6143049.0 ], [ 1889909.0, 6143052.0 ], [ 1889901.0, 6143055.0 ], [ 1889886.0, 6143057.0 ], [ 1889871.0, 6143056.0 ], [ 1889850.0, 6143053.0 ], [ 1889777.0, 6143032.0 ], [ 1889769.0, 6143031.0 ], [ 1889719.0, 6143026.0 ], [ 1889634.0, 6143027.0 ], [ 1889610.0, 6143018.0 ], [ 1889596.0, 6143021.0 ], [ 1889514.0, 6143037.0 ], [ 1889472.0, 6143049.0 ], [ 1889460.0, 6143056.0 ], [ 1889408.0, 6143093.0 ], [ 1889400.0, 6143099.0 ], [ 1889387.0, 6143109.0 ], [ 1889363.0, 6143129.0 ], [ 1889321.0, 6143175.0 ], [ 1889299.0, 6143199.0 ], [ 1889260.0, 6143259.0 ], [ 1889229.0, 6143330.0 ], [ 1889200.0, 6143395.0 ], [ 1889189.0, 6143418.0 ], [ 1889159.0, 6143484.0 ], [ 1889130.0, 6143549.0 ], [ 1889075.0, 6143669.0 ], [ 1889050.0, 6143726.0 ], [ 1889022.0, 6143786.0 ], [ 1889011.0, 6143808.0 ], [ 1888926.0, 6143991.0 ], [ 1888863.0, 6144119.0 ], [ 1888780.0, 6144287.0 ], [ 1888723.0, 6144414.0 ], [ 1888716.0, 6144429.0 ], [ 1888635.0, 6144591.0 ], [ 1888632.0, 6144598.0 ], [ 1888510.0, 6144839.0 ], [ 1888392.0, 6145067.0 ], [ 1888330.0, 6145204.0 ], [ 1888196.0, 6145517.0 ], [ 1888178.0, 6145594.0 ], [ 1888172.0, 6145644.0 ], [ 1888174.0, 6145768.0 ], [ 1888183.0, 6146140.0 ], [ 1888185.0, 6146258.0 ], [ 1888183.0, 6146315.0 ], [ 1888178.0, 6146373.0 ], [ 1888174.0, 6146417.0 ], [ 1888170.0, 6146466.0 ], [ 1888168.0, 6146487.0 ], [ 1888162.0, 6146511.0 ], [ 1888156.0, 6146529.0 ], [ 1888153.0, 6146543.0 ], [ 1888154.0, 6146559.0 ], [ 1888158.0, 6146575.0 ], [ 1888167.0, 6146596.0 ], [ 1888172.0, 6146606.0 ], [ 1888174.0, 6146613.0 ], [ 1888175.0, 6146623.0 ], [ 1888175.0, 6146633.0 ], [ 1888161.0, 6146711.0 ], [ 1888157.0, 6146738.0 ], [ 1888150.0, 6146838.0 ], [ 1888145.0, 6146913.0 ], [ 1888142.0, 6147038.0 ], [ 1888141.0, 6147058.0 ], [ 1888140.0, 6147141.0 ], [ 1888142.0, 6147188.0 ], [ 1888146.0, 6147232.0 ], [ 1888148.0, 6147267.0 ], [ 1888149.0, 6147292.0 ], [ 1888148.0, 6147314.0 ], [ 1888143.0, 6147345.0 ], [ 1888137.0, 6147385.0 ], [ 1888096.0, 6147660.0 ], [ 1888085.0, 6147735.0 ], [ 1888077.0, 6147806.0 ], [ 1888072.0, 6147867.0 ], [ 1888064.0, 6147930.0 ], [ 1888057.0, 6147973.0 ], [ 1888033.0, 6148124.0 ], [ 1888018.0, 6148223.0 ], [ 1888012.0, 6148284.0 ], [ 1888029.0, 6148289.0 ], [ 1888048.0, 6148295.0 ], [ 1888053.0, 6148298.0 ], [ 1888057.0, 6148302.0 ], [ 1888060.0, 6148307.0 ], [ 1888061.0, 6148315.0 ], [ 1888060.0, 6148348.0 ], [ 1888060.0, 6148362.0 ], [ 1888060.0, 6148379.0 ], [ 1888059.0, 6148402.0 ], [ 1888047.0, 6148593.0 ] ] } },
{ "type": "Feature", "properties": { "source": 12473812040, "target": 5347998233, "ordering_random": 31, "length": 162, "length_cumulative": 255299 }, "geometry": { "type": "LineString", "coordinates": [ [ 1889933.0, 6143049.0 ], [ 1889936.0, 6143043.0 ], [ 1889944.0, 6143046.0 ], [ 1889966.0, 6143056.0 ], [ 1889980.0, 6143065.0 ], [ 1890000.0, 6143070.0 ], [ 1890018.0, 6143071.0 ], [ 1890029.0, 6143068.0 ], [ 1890040.0, 6143065.0 ], [ 1890059.0, 6143055.0 ], [ 1890075.0, 6143037.0 ] ] } },
{ "type": "Feature", "properties": { "source": 10093241284, "target": 13064805799, "ordering_random": 32, "length": 18531, "length_cumulative": 273831 }, "geometry": { "type": "MultiLineString", "coordinates": [ [ [ 1907362.0, 6119848.0 ], [ 1907362.0, 6119849.0 ], [ 1907364.0, 6119851.0 ], [ 1907366.0, 6119852.0 ], [ 1907368.0, 6119852.0 ], [ 1907370.0, 6119851.0 ], [ 1907372.0, 6119849.0 ], [ 1907384.0, 6119820.0 ], [ 1907384.0, 6119818.0 ], [ 1907384.0, 6119816.0 ], [ 1907382.0, 6119814.0 ], [ 1907380.0, 6119814.0 ], [ 1907378.0, 6119814.0 ], [ 1907376.0, 6119816.0 ], [ 1907362.0, 6119848.0 ] ], [ [ 1907362.0, 6119848.0 ], [ 1907361.0, 6119850.0 ], [ 1907361.0, 6119852.0 ], [ 1907361.0, 6119853.0 ], [ 1907363.0, 6119854.0 ], [ 1911246.0, 6121450.0 ] ], [ [ 1908278.0, 6118249.0 ], [ 1908284.0, 6118255.0 ], [ 1908449.0, 6118395.0 ], [ 1908469.0, 6118412.0 ], [ 1908473.0, 6118415.0 ], [ 1908476.0, 6118418.0 ], [ 1908510.0, 6118446.0 ], [ 1908512.0, 6118458.0 ], [ 1908511.0, 6118464.0 ], [ 1908484.0, 6118518.0 ], [ 1908285.0, 6118750.0 ], [ 1908191.0, 6118855.0 ], [ 1908158.0, 6118892.0 ], [ 1908108.0, 6118948.0 ], [ 1908080.0, 6118980.0 ], [ 1907925.0, 6119161.0 ], [ 1907891.0, 6119204.0 ], [ 1907553.0, 6119534.0 ], [ 1907525.0, 6119568.0 ], [ 1907501.0, 6119603.0 ], [ 1907480.0, 6119644.0 ], [ 1907412.0, 6119822.0 ], [ 1907383.0, 6119813.0 ], [ 1907380.0, 6119813.0 ], [ 1907378.0, 6119813.0 ], [ 1907377.0, 6119813.0 ], [ 1907375.0, 6119815.0 ], [ 1907370.0, 6119826.0 ], [ 1907362.0, 6119845.0 ], [ 1907361.0, 6119847.0 ], [ 1907362.0, 6119848.0 ] ], [ [ 1911246.0, 6121450.0 ], [ 1911345.0, 6121491.0 ], [ 1911354.0, 6121495.0 ], [ 1911378.0, 6121502.0 ], [ 1911392.0, 6121506.0 ], [ 1911407.0, 6121512.0 ], [ 1911412.0, 6121512.0 ], [ 1911414.0, 6121510.0 ], [ 1911415.0, 6121508.0 ], [ 1911416.0, 6121507.0 ], [ 1911416.0, 6121506.0 ], [ 1911416.0, 6121504.0 ], [ 1911415.0, 6121502.0 ], [ 1911412.0, 6121499.0 ], [ 1911391.0, 6121496.0 ], [ 1911369.0, 6121491.0 ], [ 1911356.0, 6121487.0 ], [ 1911344.0, 6121482.0 ], [ 1911273.0, 6121453.0 ], [ 1911264.0, 6121450.0 ], [ 1911255.0, 6121449.0 ], [ 1911246.0, 6121450.0 ] ], [ [ 1911246.0, 6121450.0 ], [ 1911242.0, 6121450.0 ], [ 1911231.0, 6121452.0 ], [ 1911222.0, 6121455.0 ], [ 1911204.0, 6121464.0 ], [ 1911191.0, 6121469.0 ], [ 1911186.0, 6121470.0 ], [ 1911181.0, 6121469.0 ], [ 1911174.0, 6121467.0 ], [ 1911084.0, 6121430.0 ], [ 1911096.0, 6121455.0 ], [ 1911171.0, 6121565.0 ], [ 1911258.0, 6121657.0 ], [ 1911349.0, 6121773.0 ], [ 1911361.0, 6121806.0 ], [ 1911498.0, 6122003.0 ], [ 1911551.0, 6122064.0 ], [ 1911871.0, 6121827.0 ], [ 1911909.0, 6121801.0 ], [ 1911939.0, 6121794.0 ], [ 1911971.0, 6121792.0 ], [ 1912030.0, 6121805.0 ], [ 1912132.0, 6121832.0 ], [ 1912176.0, 6121852.0 ], [ 1912248.0, 6121926.0 ], [ 1912325.0, 6122012.0 ], [ 1912538.0, 6122249.0 ], [ 1912659.0, 6122383.0 ], [ 1912718.0, 6122446.0 ], [ 1912780.0, 6122511.0 ], [ 1912825.0, 6122562.0 ], [ 1912832.0, 6122566.0 ], [ 1912838.0, 6122568.0 ], [ 1912844.0, 6122566.0 ], [ 1912853.0, 6122561.0 ], [ 1912868.0, 6122546.0 ], [ 1912905.0, 6122512.0 ], [ 1912929.0, 6122489.0 ], [ 1912943.0, 6122477.0 ], [ 1912958.0, 6122471.0 ], [ 1912980.0, 6122457.0 ], [ 1913082.0, 6122372.0 ], [ 1913169.0, 6122283.0 ], [ 1913212.0, 6122243.0 ], [ 1913236.0, 6122220.0 ], [ 1913250.0, 6122208.0 ], [ 1913273.0, 6122198.0 ], [ 1913313.0, 6122190.0 ], [ 1913346.0, 6122188.0 ], [ 1913380.0, 6122188.0 ], [ 1913443.0, 6122178.0 ], [ 1913500.0, 6122171.0 ], [ 1913556.0, 6122159.0 ], [ 1913627.0, 6122148.0 ], [ 1913785.0, 6122128.0 ], [ 1913844.0, 6122120.0 ], [ 1913900.0, 6122107.0 ], [ 1913911.0, 6122107.0 ], [ 1913937.0, 6122114.0 ], [ 1913950.0, 6122116.0 ], [ 1913979.0, 6122115.0 ], [ 1914041.0, 6122101.0 ], [ 1914074.0, 6122094.0 ], [ 1914085.0, 6122093.0 ], [ 1914095.0, 6122094.0 ], [ 1914103.0, 6122097.0 ], [ 1914100.0, 6122106.0 ], [ 1914099.0, 6122122.0 ], [ 1914155.0, 6122326.0 ], [ 1914189.0, 6122480.0 ], [ 1914221.0, 6122622.0 ], [ 1914254.0, 6122772.0 ], [ 1914390.0, 6123383.0 ], [ 1914396.0, 6123403.0 ], [ 1914424.0, 6123511.0 ], [ 1914444.0, 6123587.0 ], [ 1914447.0, 6123596.0 ], [ 1914458.0, 6123640.0 ], [ 1914495.0, 6123776.0 ], [ 1914497.0, 6123786.0 ], [ 1914596.0, 6124163.0 ], [ 1914737.0, 6124709.0 ], [ 1914738.0, 6124721.0 ], [ 1914723.0, 6124745.0 ], [ 1914769.0, 6124809.0 ], [ 1914849.0, 6125113.0 ], [ 1914951.0, 6125504.0 ], [ 1914962.0, 6125545.0 ], [ 1915043.0, 6125855.0 ], [ 1915063.0, 6125934.0 ], [ 1915069.0, 6125954.0 ], [ 1915088.0, 6126031.0 ], [ 1915139.0, 6126224.0 ], [ 1915242.0, 6126597.0 ], [ 1915244.0, 6126606.0 ], [ 1915251.0, 6126633.0 ], [ 1915262.0, 6126670.0 ], [ 1915285.0, 6126757.0 ], [ 1915285.0, 6126759.0 ], [ 1915300.0, 6126815.0 ], [ 1915311.0, 6126858.0 ], [ 1915329.0, 6126927.0 ], [ 1915340.0, 6126968.0 ], [ 1915354.0, 6127018.0 ], [ 1915361.0, 6127043.0 ], [ 1915370.0, 6127077.0 ], [ 1915379.0, 6127115.0 ], [ 1915381.0, 6127121.0 ], [ 1915384.0, 6127127.0 ], [ 1915388.0, 6127139.0 ], [ 1915396.0, 6127157.0 ], [ 1915403.0, 6127174.0 ], [ 1915410.0, 6127187.0 ], [ 1915416.0, 6127197.0 ], [ 1915419.0, 6127202.0 ], [ 1915423.0, 6127206.0 ], [ 1915435.0, 6127222.0 ], [ 1915449.0, 6127236.0 ], [ 1915464.0, 6127250.0 ], [ 1915471.0, 6127256.0 ], [ 1915478.0, 6127262.0 ], [ 1915515.0, 6127293.0 ], [ 1915554.0, 6127323.0 ], [ 1915569.0, 6127334.0 ], [ 1915594.0, 6127350.0 ], [ 1915616.0, 6127363.0 ], [ 1915637.0, 6127374.0 ], [ 1915646.0, 6127379.0 ], [ 1915660.0, 6127388.0 ], [ 1915665.0, 6127391.0 ], [ 1915679.0, 6127401.0 ], [ 1915693.0, 6127412.0 ], [ 1915720.0, 6127435.0 ], [ 1915754.0, 6127463.0 ], [ 1915785.0, 6127488.0 ], [ 1915807.0, 6127507.0 ], [ 1915810.0, 6127509.0 ], [ 1915812.0, 6127512.0 ], [ 1915814.0, 6127514.0 ], [ 1915817.0, 6127517.0 ], [ 1915820.0, 6127520.0 ], [ 1915822.0, 6127522.0 ], [ 1915826.0, 6127528.0 ], [ 1915901.0, 6127625.0 ], [ 1915913.0, 6127643.0 ], [ 1915932.0, 6127668.0 ], [ 1915945.0, 6127686.0 ], [ 1915950.0, 6127693.0 ], [ 1915983.0, 6127741.0 ], [ 1915987.0, 6127746.0 ], [ 1916013.0, 6127779.0 ], [ 1916026.0, 6127795.0 ], [ 1916046.0, 6127822.0 ], [ 1916058.0, 6127836.0 ], [ 1916078.0, 6127862.0 ], [ 1916104.0, 6127893.0 ], [ 1916129.0, 6127926.0 ], [ 1916141.0, 6127939.0 ], [ 1916149.0, 6127945.0 ], [ 1916191.0, 6127971.0 ], [ 1916315.0, 6128050.0 ], [ 1916432.0, 6128125.0 ], [ 1916483.0, 6128158.0 ], [ 1916564.0, 6128210.0 ], [ 1916576.0, 6128217.0 ], [ 1916591.0, 6128226.0 ], [ 1916604.0, 6128234.0 ], [ 1916975.0, 6128471.0 ], [ 1916984.0, 6128476.0 ], [ 1917032.0, 6128508.0 ], [ 1917052.0, 6128523.0 ], [ 1917049.0, 6128535.0 ], [ 1917041.0, 6128558.0 ], [ 1917017.0, 6128633.0 ], [ 1917015.0, 6128638.0 ], [ 1917012.0, 6128642.0 ], [ 1917010.0, 6128644.0 ], [ 1917024.0, 6128648.0 ], [ 1917014.0, 6128682.0 ], [ 1917004.0, 6128711.0 ] ] ] } }
]
}
