{
"type": "FeatureCollection",
"name": "chisinau-betweenness_centrality-rail_with-bikenw",
"crs": { "type": "name", "properties": { "name": "urn:ogc:def:crs:EPSG::3857" } },
"features": [
{ "type": "Feature", "properties": { "betweenness_centrality": null, "source": null, "target": null, "ordering_betweenness_centrality": null, "length": 51174, "length_cumulative": 51174 }, "geometry": { "type": "MultiLineString", "coordinates": [ [ [ 3212886.0, 5939372.0 ], [ 3212873.0, 5939385.0 ], [ 3212871.0, 5939388.0 ], [ 3212857.0, 5939403.0 ], [ 3212845.0, 5939416.0 ], [ 3212823.0, 5939439.0 ], [ 3212801.0, 5939462.0 ], [ 3212754.0, 5939512.0 ], [ 3212710.0, 5939556.0 ], [ 3212671.0, 5939597.0 ], [ 3212625.0, 5939643.0 ], [ 3212582.0, 5939689.0 ], [ 3212562.0, 5939709.0 ], [ 3212536.0, 5939736.0 ], [ 3212507.0, 5939767.0 ], [ 3212494.0, 5939780.0 ], [ 3212430.0, 5939847.0 ], [ 3212428.0, 5939864.0 ], [ 3212428.0, 5939877.0 ] ], [ [ 3212273.0, 5940020.0 ], [ 3212271.0, 5940018.0 ], [ 3212270.0, 5940018.0 ], [ 3212268.0, 5940018.0 ], [ 3212266.0, 5940020.0 ], [ 3212017.0, 5940276.0 ], [ 3212019.0, 5940282.0 ] ], [ [ 3211910.0, 5940394.0 ], [ 3211909.0, 5940387.0 ], [ 3211970.0, 5940324.0 ], [ 3211977.0, 5940325.0 ] ], [ [ 3210215.0, 5945463.0 ], [ 3210216.0, 5945462.0 ] ], [ [ 3207041.0, 5945260.0 ], [ 3207013.0, 5945239.0 ], [ 3206987.0, 5945220.0 ], [ 3206967.0, 5945204.0 ], [ 3206765.0, 5945052.0 ], [ 3206751.0, 5945040.0 ], [ 3206744.0, 5945032.0 ], [ 3206739.0, 5945022.0 ], [ 3206735.0, 5945011.0 ], [ 3206732.0, 5944998.0 ], [ 3206732.0, 5944967.0 ], [ 3206730.0, 5944923.0 ], [ 3206730.0, 5944917.0 ], [ 3206733.0, 5944905.0 ], [ 3206759.0, 5944793.0 ], [ 3206767.0, 5944752.0 ], [ 3206778.0, 5944695.0 ], [ 3206780.0, 5944644.0 ], [ 3206775.0, 5944615.0 ], [ 3206777.0, 5944611.0 ], [ 3206793.0, 5944601.0 ], [ 3206819.0, 5944589.0 ], [ 3206856.0, 5944577.0 ], [ 3206935.0, 5944567.0 ], [ 3206956.0, 5944566.0 ], [ 3207016.0, 5944563.0 ], [ 3207145.0, 5944568.0 ], [ 3207230.0, 5944572.0 ], [ 3207245.0, 5944574.0 ], [ 3207258.0, 5944576.0 ], [ 3207274.0, 5944582.0 ], [ 3207295.0, 5944592.0 ], [ 3207320.0, 5944602.0 ], [ 3207360.0, 5944625.0 ], [ 3207400.0, 5944652.0 ], [ 3207418.0, 5944672.0 ], [ 3207445.0, 5944701.0 ], [ 3207471.0, 5944735.0 ], [ 3207482.0, 5944749.0 ], [ 3207493.0, 5944759.0 ], [ 3207509.0, 5944771.0 ], [ 3207525.0, 5944781.0 ], [ 3207534.0, 5944786.0 ], [ 3207548.0, 5944793.0 ], [ 3207590.0, 5944813.0 ], [ 3207622.0, 5944822.0 ], [ 3207644.0, 5944827.0 ], [ 3207671.0, 5944830.0 ], [ 3207718.0, 5944840.0 ], [ 3207751.0, 5944851.0 ], [ 3207782.0, 5944863.0 ], [ 3207787.0, 5944865.0 ], [ 3207806.0, 5944874.0 ], [ 3207828.0, 5944887.0 ], [ 3207841.0, 5944894.0 ], [ 3207850.0, 5944901.0 ], [ 3207857.0, 5944911.0 ], [ 3207863.0, 5944929.0 ], [ 3207875.0, 5944972.0 ], [ 3207881.0, 5944988.0 ], [ 3207889.0, 5944999.0 ], [ 3207896.0, 5945006.0 ], [ 3207907.0, 5945012.0 ], [ 3207916.0, 5945014.0 ], [ 3207930.0, 5945015.0 ], [ 3207949.0, 5945015.0 ], [ 3207974.0, 5945015.0 ], [ 3208004.0, 5945014.0 ], [ 3208024.0, 5945012.0 ], [ 3208033.0, 5945011.0 ], [ 3208039.0, 5945010.0 ], [ 3208055.0, 5945006.0 ], [ 3208077.0, 5945000.0 ], [ 3208096.0, 5944993.0 ], [ 3208099.0, 5944992.0 ], [ 3208109.0, 5944990.0 ], [ 3208114.0, 5944990.0 ], [ 3208118.0, 5944992.0 ], [ 3208122.0, 5944996.0 ], [ 3208124.0, 5944999.0 ], [ 3208128.0, 5945003.0 ] ], [ [ 3209125.0, 5946543.0 ], [ 3209128.0, 5946542.0 ], [ 3209133.0, 5946537.0 ], [ 3209201.0, 5946469.0 ], [ 3209264.0, 5946407.0 ], [ 3209272.0, 5946399.0 ], [ 3209292.0, 5946380.0 ], [ 3209293.0, 5946377.0 ], [ 3209306.0, 5946364.0 ], [ 3209310.0, 5946362.0 ], [ 3209375.0, 5946299.0 ], [ 3209399.0, 5946274.0 ], [ 3209412.0, 5946262.0 ], [ 3209414.0, 5946260.0 ], [ 3209415.0, 5946258.0 ], [ 3209418.0, 5946251.0 ], [ 3209419.0, 5946248.0 ], [ 3209419.0, 5946245.0 ], [ 3209419.0, 5946238.0 ], [ 3209418.0, 5946235.0 ], [ 3209417.0, 5946232.0 ], [ 3209415.0, 5946229.0 ], [ 3209407.0, 5946221.0 ], [ 3209406.0, 5946220.0 ], [ 3209405.0, 5946219.0 ], [ 3209405.0, 5946216.0 ], [ 3209409.0, 5946212.0 ], [ 3209414.0, 5946207.0 ], [ 3209414.0, 5946206.0 ], [ 3209423.0, 5946202.0 ], [ 3209714.0, 5945916.0 ], [ 3209716.0, 5945915.0 ], [ 3209728.0, 5945916.0 ], [ 3209731.0, 5945917.0 ], [ 3209741.0, 5945927.0 ], [ 3209743.0, 5945927.0 ], [ 3209746.0, 5945924.0 ], [ 3209752.0, 5945918.0 ], [ 3209758.0, 5945912.0 ] ], [ [ 3209308.0, 5946417.0 ], [ 3209313.0, 5946412.0 ], [ 3209317.0, 5946410.0 ], [ 3209320.0, 5946408.0 ], [ 3209380.0, 5946350.0 ], [ 3209382.0, 5946348.0 ], [ 3209384.0, 5946346.0 ], [ 3209387.0, 5946343.0 ], [ 3209391.0, 5946340.0 ], [ 3209428.0, 5946304.0 ], [ 3209458.0, 5946274.0 ], [ 3209468.0, 5946265.0 ], [ 3209476.0, 5946257.0 ], [ 3209484.0, 5946245.0 ], [ 3209561.0, 5946169.0 ], [ 3209566.0, 5946164.0 ], [ 3209567.0, 5946162.0 ], [ 3209567.0, 5946160.0 ], [ 3209568.0, 5946159.0 ], [ 3209585.0, 5946143.0 ], [ 3209623.0, 5946105.0 ], [ 3209662.0, 5946067.0 ], [ 3209678.0, 5946051.0 ], [ 3209680.0, 5946050.0 ], [ 3209681.0, 5946050.0 ], [ 3209683.0, 5946049.0 ], [ 3209689.0, 5946043.0 ], [ 3209767.0, 5945966.0 ], [ 3209769.0, 5945964.0 ], [ 3209771.0, 5945963.0 ], [ 3209773.0, 5945962.0 ], [ 3209775.0, 5945962.0 ], [ 3209777.0, 5945963.0 ], [ 3209783.0, 5945970.0 ], [ 3209786.0, 5945971.0 ], [ 3209788.0, 5945972.0 ], [ 3209790.0, 5945971.0 ], [ 3209792.0, 5945970.0 ], [ 3209793.0, 5945969.0 ], [ 3209798.0, 5945964.0 ], [ 3209803.0, 5945959.0 ], [ 3209805.0, 5945957.0 ], [ 3209805.0, 5945956.0 ] ], [ [ 3206454.0, 5947859.0 ], [ 3206456.0, 5947860.0 ], [ 3206484.0, 5947885.0 ], [ 3206567.0, 5947956.0 ], [ 3206647.0, 5948027.0 ], [ 3206635.0, 5948061.0 ], [ 3206633.0, 5948076.0 ], [ 3206633.0, 5948094.0 ], [ 3206632.0, 5948119.0 ], [ 3206631.0, 5948126.0 ], [ 3206629.0, 5948154.0 ], [ 3206625.0, 5948175.0 ], [ 3206624.0, 5948188.0 ], [ 3206625.0, 5948197.0 ], [ 3206627.0, 5948209.0 ], [ 3206627.0, 5948219.0 ], [ 3206625.0, 5948225.0 ], [ 3206616.0, 5948245.0 ], [ 3206622.0, 5948251.0 ], [ 3206627.0, 5948257.0 ], [ 3206631.0, 5948264.0 ], [ 3206634.0, 5948272.0 ], [ 3206634.0, 5948277.0 ], [ 3206631.0, 5948282.0 ], [ 3206629.0, 5948286.0 ], [ 3206626.0, 5948292.0 ], [ 3206620.0, 5948291.0 ], [ 3206615.0, 5948291.0 ], [ 3206613.0, 5948291.0 ], [ 3206605.0, 5948293.0 ], [ 3206598.0, 5948294.0 ], [ 3206573.0, 5948298.0 ], [ 3206546.0, 5948303.0 ], [ 3206455.0, 5948323.0 ], [ 3206449.0, 5948324.0 ], [ 3206444.0, 5948324.0 ], [ 3206442.0, 5948323.0 ], [ 3206338.0, 5948234.0 ], [ 3206294.0, 5948196.0 ], [ 3206270.0, 5948176.0 ], [ 3206200.0, 5948116.0 ], [ 3206199.0, 5948113.0 ], [ 3206199.0, 5948111.0 ] ], [ [ 3211005.0, 5944070.0 ], [ 3211007.0, 5944072.0 ], [ 3211008.0, 5944071.0 ], [ 3211013.0, 5944074.0 ], [ 3211032.0, 5944089.0 ], [ 3211040.0, 5944080.0 ], [ 3211046.0, 5944075.0 ], [ 3211052.0, 5944069.0 ], [ 3211056.0, 5944064.0 ], [ 3211061.0, 5944059.0 ], [ 3211067.0, 5944053.0 ], [ 3211074.0, 5944046.0 ] ], [ [ 3211003.0, 5944069.0 ], [ 3211005.0, 5944070.0 ] ], [ [ 3211003.0, 5944069.0 ], [ 3211004.0, 5944068.0 ] ], [ [ 3209448.0, 5945600.0 ], [ 3209457.0, 5945592.0 ], [ 3209498.0, 5945550.0 ], [ 3209593.0, 5945457.0 ], [ 3209603.0, 5945447.0 ], [ 3209752.0, 5945297.0 ], [ 3209758.0, 5945291.0 ], [ 3209759.0, 5945290.0 ], [ 3209765.0, 5945284.0 ], [ 3209903.0, 5945146.0 ], [ 3209914.0, 5945135.0 ], [ 3209922.0, 5945129.0 ], [ 3209975.0, 5945076.0 ], [ 3210020.0, 5945032.0 ], [ 3210061.0, 5944992.0 ], [ 3210069.0, 5944984.0 ], [ 3210076.0, 5944977.0 ], [ 3210221.0, 5944836.0 ], [ 3210245.0, 5944813.0 ], [ 3210289.0, 5944770.0 ], [ 3210296.0, 5944764.0 ], [ 3210304.0, 5944757.0 ], [ 3210369.0, 5944692.0 ], [ 3210509.0, 5944554.0 ], [ 3210517.0, 5944546.0 ], [ 3210529.0, 5944533.0 ], [ 3210548.0, 5944513.0 ], [ 3210730.0, 5944337.0 ], [ 3210742.0, 5944324.0 ], [ 3210891.0, 5944179.0 ], [ 3210899.0, 5944171.0 ], [ 3210913.0, 5944159.0 ], [ 3211003.0, 5944069.0 ] ], [ [ 3211475.0, 5940846.0 ], [ 3211474.0, 5940840.0 ], [ 3211479.0, 5940834.0 ], [ 3211692.0, 5940612.0 ], [ 3211698.0, 5940606.0 ], [ 3211702.0, 5940602.0 ], [ 3211714.0, 5940590.0 ], [ 3211878.0, 5940419.0 ], [ 3211885.0, 5940421.0 ] ], [ [ 3211302.0, 5941020.0 ], [ 3211437.0, 5940880.0 ], [ 3211443.0, 5940879.0 ] ], [ [ 3211005.0, 5944070.0 ], [ 3210914.0, 5944160.0 ], [ 3210900.0, 5944173.0 ], [ 3210893.0, 5944181.0 ], [ 3210745.0, 5944327.0 ], [ 3210732.0, 5944339.0 ], [ 3210532.0, 5944536.0 ], [ 3210519.0, 5944549.0 ], [ 3210511.0, 5944557.0 ], [ 3210306.0, 5944759.0 ], [ 3210298.0, 5944767.0 ], [ 3210292.0, 5944773.0 ], [ 3210080.0, 5944981.0 ], [ 3210073.0, 5944988.0 ], [ 3210065.0, 5944996.0 ], [ 3209979.0, 5945081.0 ], [ 3209927.0, 5945133.0 ], [ 3209919.0, 5945141.0 ], [ 3209908.0, 5945151.0 ], [ 3209769.0, 5945288.0 ], [ 3209763.0, 5945294.0 ], [ 3209755.0, 5945301.0 ], [ 3209605.0, 5945449.0 ], [ 3209596.0, 5945459.0 ], [ 3209500.0, 5945552.0 ], [ 3209458.0, 5945594.0 ] ], [ [ 3209116.0, 5945932.0 ], [ 3209057.0, 5945990.0 ], [ 3208963.0, 5946084.0 ], [ 3208817.0, 5946228.0 ], [ 3208807.0, 5946238.0 ], [ 3208797.0, 5946248.0 ], [ 3208710.0, 5946333.0 ], [ 3208652.0, 5946390.0 ], [ 3208646.0, 5946397.0 ], [ 3208640.0, 5946402.0 ], [ 3208575.0, 5946468.0 ], [ 3208564.0, 5946479.0 ], [ 3208495.0, 5946548.0 ], [ 3208488.0, 5946554.0 ], [ 3208479.0, 5946563.0 ], [ 3208352.0, 5946689.0 ], [ 3208325.0, 5946716.0 ], [ 3208270.0, 5946771.0 ], [ 3208261.0, 5946779.0 ], [ 3208255.0, 5946784.0 ], [ 3208121.0, 5946918.0 ], [ 3208050.0, 5946988.0 ], [ 3208044.0, 5946993.0 ], [ 3208035.0, 5947003.0 ], [ 3207898.0, 5947141.0 ] ], [ [ 3213925.0, 5938319.0 ], [ 3213895.0, 5938347.0 ], [ 3213877.0, 5938363.0 ], [ 3213867.0, 5938373.0 ], [ 3213865.0, 5938375.0 ], [ 3213855.0, 5938385.0 ], [ 3213813.0, 5938424.0 ] ], [ [ 3207886.0, 5947146.0 ], [ 3207894.0, 5947138.0 ], [ 3207979.0, 5947054.0 ], [ 3208033.0, 5947000.0 ], [ 3208042.0, 5946990.0 ], [ 3208047.0, 5946985.0 ], [ 3208100.0, 5946933.0 ], [ 3208118.0, 5946915.0 ], [ 3208166.0, 5946867.0 ], [ 3208253.0, 5946782.0 ], [ 3208259.0, 5946776.0 ], [ 3208267.0, 5946768.0 ], [ 3208305.0, 5946730.0 ], [ 3208322.0, 5946713.0 ], [ 3208329.0, 5946706.0 ], [ 3208348.0, 5946687.0 ], [ 3208371.0, 5946665.0 ], [ 3208476.0, 5946560.0 ], [ 3208485.0, 5946551.0 ], [ 3208492.0, 5946544.0 ], [ 3208561.0, 5946476.0 ], [ 3208572.0, 5946465.0 ], [ 3208638.0, 5946400.0 ], [ 3208643.0, 5946394.0 ], [ 3208650.0, 5946388.0 ], [ 3208707.0, 5946331.0 ], [ 3208729.0, 5946310.0 ], [ 3208761.0, 5946278.0 ], [ 3208795.0, 5946245.0 ], [ 3208804.0, 5946236.0 ], [ 3208814.0, 5946225.0 ], [ 3208817.0, 5946223.0 ], [ 3208960.0, 5946082.0 ], [ 3208967.0, 5946075.0 ], [ 3209055.0, 5945987.0 ], [ 3209114.0, 5945930.0 ], [ 3209126.0, 5945918.0 ] ], [ [ 3213124.0, 5948967.0 ], [ 3213095.0, 5948976.0 ], [ 3212866.0, 5949043.0 ], [ 3212828.0, 5949054.0 ], [ 3212785.0, 5949067.0 ], [ 3212765.0, 5949073.0 ] ], [ [ 3212463.0, 5936780.0 ], [ 3212527.0, 5936712.0 ], [ 3212587.0, 5936661.0 ], [ 3212614.0, 5936639.0 ] ], [ [ 3213153.0, 5937055.0 ], [ 3213162.0, 5937139.0 ], [ 3213162.0, 5937142.0 ], [ 3213171.0, 5937215.0 ], [ 3213174.0, 5937268.0 ], [ 3213178.0, 5937317.0 ], [ 3213179.0, 5937337.0 ], [ 3213180.0, 5937413.0 ] ], [ [ 3212966.0, 5937458.0 ], [ 3212989.0, 5937420.0 ], [ 3213013.0, 5937376.0 ] ], [ [ 3212531.0, 5936899.0 ], [ 3212515.0, 5936900.0 ], [ 3212477.0, 5936907.0 ], [ 3212439.0, 5936912.0 ], [ 3212403.0, 5936913.0 ], [ 3212375.0, 5936913.0 ], [ 3212349.0, 5936913.0 ], [ 3212327.0, 5936917.0 ], [ 3212304.0, 5936922.0 ], [ 3212291.0, 5936928.0 ], [ 3212270.0, 5936942.0 ], [ 3212251.0, 5936954.0 ], [ 3212241.0, 5936961.0 ], [ 3212211.0, 5936980.0 ], [ 3212200.0, 5936986.0 ], [ 3212189.0, 5936998.0 ], [ 3212176.0, 5937037.0 ], [ 3212173.0, 5937046.0 ], [ 3212172.0, 5937055.0 ], [ 3212173.0, 5937065.0 ], [ 3212174.0, 5937077.0 ], [ 3212172.0, 5937091.0 ], [ 3212163.0, 5937123.0 ], [ 3212162.0, 5937129.0 ], [ 3212161.0, 5937137.0 ], [ 3212160.0, 5937142.0 ], [ 3212160.0, 5937177.0 ], [ 3212163.0, 5937204.0 ], [ 3212163.0, 5937209.0 ], [ 3212163.0, 5937214.0 ], [ 3212157.0, 5937233.0 ], [ 3212152.0, 5937251.0 ], [ 3212150.0, 5937257.0 ] ], [ [ 3213117.0, 5949524.0 ], [ 3213146.0, 5949622.0 ], [ 3213169.0, 5949684.0 ], [ 3213199.0, 5949788.0 ], [ 3213169.0, 5949796.0 ], [ 3213158.0, 5949799.0 ], [ 3213136.0, 5949805.0 ], [ 3213021.0, 5949837.0 ], [ 3213002.0, 5949843.0 ], [ 3212973.0, 5949851.0 ] ], [ [ 3218014.0, 5948702.0 ], [ 3218123.0, 5948574.0 ], [ 3218126.0, 5948570.0 ] ], [ [ 3210003.0, 5949812.0 ], [ 3209996.0, 5949799.0 ], [ 3209991.0, 5949795.0 ], [ 3209986.0, 5949794.0 ], [ 3209981.0, 5949795.0 ], [ 3209975.0, 5949799.0 ], [ 3209971.0, 5949804.0 ], [ 3209964.0, 5949809.0 ], [ 3209955.0, 5949811.0 ], [ 3209948.0, 5949811.0 ], [ 3209924.0, 5949807.0 ], [ 3209907.0, 5949803.0 ], [ 3209897.0, 5949801.0 ], [ 3209888.0, 5949803.0 ], [ 3209871.0, 5949813.0 ], [ 3209869.0, 5949825.0 ], [ 3209859.0, 5949851.0 ], [ 3209830.0, 5949900.0 ] ], [ [ 3209651.0, 5950404.0 ], [ 3209730.0, 5950474.0 ] ], [ [ 3210118.0, 5949543.0 ], [ 3210143.0, 5949512.0 ], [ 3210152.0, 5949497.0 ], [ 3210161.0, 5949485.0 ], [ 3210172.0, 5949472.0 ], [ 3210213.0, 5949434.0 ] ], [ [ 3204509.0, 5945717.0 ], [ 3204511.0, 5945712.0 ], [ 3204518.0, 5945704.0 ], [ 3204526.0, 5945695.0 ], [ 3204529.0, 5945691.0 ], [ 3204531.0, 5945685.0 ], [ 3204531.0, 5945677.0 ], [ 3204528.0, 5945664.0 ], [ 3204527.0, 5945656.0 ], [ 3204529.0, 5945635.0 ], [ 3204529.0, 5945619.0 ] ], [ [ 3201421.0, 5948832.0 ], [ 3201493.0, 5948780.0 ], [ 3201508.0, 5948769.0 ], [ 3201522.0, 5948759.0 ] ], [ [ 3201825.0, 5948347.0 ], [ 3201891.0, 5948298.0 ], [ 3202007.0, 5948203.0 ], [ 3202044.0, 5948172.0 ], [ 3202052.0, 5948166.0 ] ], [ [ 3203569.0, 5947963.0 ], [ 3203604.0, 5947937.0 ], [ 3203626.0, 5947921.0 ], [ 3203663.0, 5947895.0 ], [ 3203716.0, 5947856.0 ], [ 3203743.0, 5947836.0 ], [ 3203752.0, 5947830.0 ], [ 3203774.0, 5947814.0 ], [ 3203819.0, 5947784.0 ], [ 3203825.0, 5947781.0 ], [ 3203952.0, 5947690.0 ], [ 3204078.0, 5947599.0 ] ], [ [ 3222777.0, 5942047.0 ], [ 3222769.0, 5942040.0 ], [ 3222661.0, 5942009.0 ], [ 3222369.0, 5941930.0 ], [ 3222050.0, 5941839.0 ], [ 3222005.0, 5941828.0 ], [ 3221963.0, 5941833.0 ] ], [ [ 3222709.0, 5942122.0 ], [ 3222636.0, 5942102.0 ], [ 3222345.0, 5942021.0 ], [ 3222036.0, 5941935.0 ], [ 3222019.0, 5941934.0 ] ], [ [ 3222633.0, 5942202.0 ], [ 3222318.0, 5942115.0 ], [ 3222081.0, 5942050.0 ] ], [ [ 3222456.0, 5942254.0 ], [ 3222295.0, 5942208.0 ], [ 3222136.0, 5942165.0 ] ], [ [ 3223063.0, 5942298.0 ], [ 3222963.0, 5942418.0 ], [ 3222738.0, 5942685.0 ], [ 3222676.0, 5942750.0 ], [ 3222657.0, 5942768.0 ] ], [ [ 3222709.0, 5942122.0 ], [ 3222777.0, 5942047.0 ] ], [ [ 3222633.0, 5942202.0 ], [ 3222678.0, 5942158.0 ], [ 3222709.0, 5942122.0 ] ], [ [ 3222633.0, 5942202.0 ], [ 3222563.0, 5942284.0 ] ], [ [ 3222456.0, 5942254.0 ], [ 3222563.0, 5942284.0 ] ], [ [ 3222456.0, 5942254.0 ], [ 3222381.0, 5942339.0 ] ], [ [ 3221960.0, 5942963.0 ], [ 3221985.0, 5942935.0 ], [ 3222132.0, 5942761.0 ], [ 3222371.0, 5942496.0 ], [ 3222496.0, 5942358.0 ], [ 3222563.0, 5942284.0 ] ], [ [ 3221297.0, 5943684.0 ], [ 3221402.0, 5943572.0 ], [ 3221514.0, 5943446.0 ], [ 3221662.0, 5943280.0 ], [ 3221827.0, 5943099.0 ] ], [ [ 3223023.0, 5942066.0 ], [ 3222922.0, 5942177.0 ], [ 3222820.0, 5942288.0 ], [ 3222637.0, 5942491.0 ], [ 3222513.0, 5942625.0 ], [ 3222348.0, 5942811.0 ], [ 3222320.0, 5942863.0 ], [ 3222278.0, 5942900.0 ] ], [ [ 3212527.0, 5938129.0 ], [ 3212524.0, 5938140.0 ], [ 3212513.0, 5938183.0 ], [ 3212509.0, 5938190.0 ], [ 3212480.0, 5938323.0 ], [ 3212479.0, 5938328.0 ], [ 3212475.0, 5938344.0 ] ], [ [ 3212527.0, 5938129.0 ], [ 3212513.0, 5938115.0 ], [ 3212509.0, 5938111.0 ], [ 3212495.0, 5938102.0 ], [ 3212449.0, 5938077.0 ], [ 3212436.0, 5938069.0 ], [ 3212369.0, 5938032.0 ], [ 3212346.0, 5938017.0 ], [ 3212344.0, 5938016.0 ], [ 3212259.0, 5937968.0 ] ], [ [ 3211035.0, 5947091.0 ], [ 3211031.0, 5947098.0 ], [ 3211029.0, 5947105.0 ], [ 3211028.0, 5947110.0 ], [ 3211029.0, 5947115.0 ], [ 3211031.0, 5947120.0 ], [ 3211034.0, 5947125.0 ], [ 3211064.0, 5947156.0 ], [ 3211065.0, 5947159.0 ], [ 3211064.0, 5947162.0 ], [ 3211062.0, 5947165.0 ], [ 3211037.0, 5947190.0 ], [ 3210987.0, 5947241.0 ], [ 3210942.0, 5947286.0 ], [ 3210927.0, 5947300.0 ], [ 3210900.0, 5947329.0 ], [ 3210889.0, 5947339.0 ] ], [ [ 3204839.0, 5941673.0 ], [ 3204878.0, 5941647.0 ], [ 3205010.0, 5941576.0 ], [ 3205106.0, 5941526.0 ], [ 3205269.0, 5941438.0 ], [ 3205322.0, 5941411.0 ], [ 3205365.0, 5941383.0 ] ], [ [ 3205316.0, 5941530.0 ], [ 3205327.0, 5941503.0 ], [ 3205346.0, 5941449.0 ], [ 3205357.0, 5941419.0 ], [ 3205360.0, 5941406.0 ], [ 3205365.0, 5941383.0 ] ], [ [ 3205392.0, 5941312.0 ], [ 3205372.0, 5941364.0 ], [ 3205371.0, 5941367.0 ], [ 3205370.0, 5941371.0 ], [ 3205368.0, 5941376.0 ], [ 3205365.0, 5941383.0 ] ], [ [ 3218099.0, 5948770.0 ], [ 3218099.0, 5948781.0 ], [ 3218098.0, 5948788.0 ], [ 3218089.0, 5948806.0 ], [ 3218055.0, 5948857.0 ], [ 3218048.0, 5948865.0 ], [ 3218041.0, 5948869.0 ], [ 3218034.0, 5948868.0 ], [ 3218014.0, 5948853.0 ], [ 3217874.0, 5948739.0 ], [ 3217793.0, 5948674.0 ], [ 3217778.0, 5948662.0 ], [ 3217766.0, 5948657.0 ], [ 3217754.0, 5948656.0 ], [ 3217738.0, 5948661.0 ], [ 3217728.0, 5948663.0 ], [ 3217714.0, 5948662.0 ], [ 3217711.0, 5948662.0 ], [ 3217699.0, 5948659.0 ], [ 3217677.0, 5948658.0 ], [ 3217637.0, 5948659.0 ], [ 3217628.0, 5948659.0 ] ], [ [ 3210023.0, 5949483.0 ], [ 3210073.0, 5949559.0 ], [ 3210078.0, 5949573.0 ] ], [ [ 3213046.0, 5949274.0 ], [ 3213053.0, 5949296.0 ], [ 3213068.0, 5949349.0 ], [ 3213098.0, 5949457.0 ], [ 3213117.0, 5949524.0 ] ], [ [ 3213356.0, 5949426.0 ], [ 3213360.0, 5949445.0 ], [ 3213362.0, 5949456.0 ], [ 3213360.0, 5949460.0 ], [ 3213358.0, 5949462.0 ], [ 3213309.0, 5949474.0 ], [ 3213259.0, 5949487.0 ], [ 3213233.0, 5949494.0 ], [ 3213187.0, 5949506.0 ], [ 3213157.0, 5949515.0 ], [ 3213117.0, 5949524.0 ] ], [ [ 3212959.0, 5949760.0 ], [ 3212979.0, 5949754.0 ], [ 3213037.0, 5949737.0 ], [ 3212976.0, 5949504.0 ], [ 3212961.0, 5949447.0 ] ], [ [ 3211113.0, 5947008.0 ], [ 3211035.0, 5947091.0 ] ], [ [ 3210923.0, 5947048.0 ], [ 3211002.0, 5947078.0 ], [ 3211024.0, 5947087.0 ], [ 3211035.0, 5947091.0 ] ], [ [ 3213124.0, 5948967.0 ], [ 3213157.0, 5948958.0 ], [ 3213135.0, 5948872.0 ], [ 3213121.0, 5948825.0 ], [ 3213119.0, 5948814.0 ], [ 3213119.0, 5948804.0 ], [ 3213121.0, 5948795.0 ], [ 3213123.0, 5948784.0 ], [ 3213130.0, 5948765.0 ], [ 3213153.0, 5948682.0 ], [ 3213189.0, 5948625.0 ], [ 3213190.0, 5948624.0 ], [ 3213215.0, 5948584.0 ], [ 3213250.0, 5948525.0 ], [ 3213271.0, 5948492.0 ], [ 3213295.0, 5948457.0 ] ], [ [ 3213199.0, 5949230.0 ], [ 3213193.0, 5949208.0 ], [ 3213153.0, 5949069.0 ], [ 3213124.0, 5948967.0 ] ], [ [ 3222960.0, 5941995.0 ], [ 3222945.0, 5942003.0 ], [ 3222890.0, 5942069.0 ], [ 3222816.0, 5942146.0 ], [ 3222748.0, 5942221.0 ], [ 3222564.0, 5942428.0 ], [ 3222443.0, 5942561.0 ], [ 3222335.0, 5942677.0 ], [ 3222318.0, 5942701.0 ], [ 3222283.0, 5942739.0 ], [ 3222201.0, 5942826.0 ] ], [ [ 3212682.0, 5949397.0 ], [ 3212668.0, 5949344.0 ], [ 3212667.0, 5949338.0 ], [ 3212668.0, 5949333.0 ], [ 3212671.0, 5949329.0 ], [ 3212674.0, 5949326.0 ], [ 3212678.0, 5949322.0 ], [ 3212682.0, 5949318.0 ], [ 3212686.0, 5949312.0 ], [ 3212691.0, 5949294.0 ], [ 3212695.0, 5949277.0 ] ], [ [ 3218099.0, 5948770.0 ], [ 3218090.0, 5948764.0 ], [ 3218080.0, 5948754.0 ], [ 3218059.0, 5948731.0 ], [ 3218044.0, 5948718.0 ], [ 3218014.0, 5948702.0 ] ], [ [ 3217596.0, 5948345.0 ], [ 3217604.0, 5948348.0 ], [ 3217615.0, 5948353.0 ], [ 3217630.0, 5948361.0 ], [ 3217650.0, 5948374.0 ], [ 3217666.0, 5948386.0 ], [ 3217679.0, 5948396.0 ], [ 3217711.0, 5948422.0 ], [ 3217747.0, 5948459.0 ], [ 3217780.0, 5948491.0 ], [ 3217811.0, 5948519.0 ], [ 3217839.0, 5948542.0 ], [ 3217871.0, 5948570.0 ], [ 3217908.0, 5948601.0 ], [ 3217960.0, 5948651.0 ], [ 3217980.0, 5948672.0 ], [ 3217998.0, 5948690.0 ], [ 3218005.0, 5948697.0 ], [ 3218014.0, 5948702.0 ] ], [ [ 3217561.0, 5948222.0 ], [ 3217570.0, 5948214.0 ], [ 3217595.0, 5948189.0 ], [ 3217662.0, 5948115.0 ], [ 3217703.0, 5948071.0 ], [ 3217747.0, 5948026.0 ] ], [ [ 3218099.0, 5948770.0 ], [ 3218101.0, 5948749.0 ], [ 3218111.0, 5948693.0 ] ], [ [ 3217494.0, 5949123.0 ], [ 3217474.0, 5949151.0 ], [ 3217467.0, 5949159.0 ], [ 3217458.0, 5949169.0 ], [ 3217436.0, 5949190.0 ], [ 3217424.0, 5949205.0 ], [ 3217413.0, 5949222.0 ], [ 3217395.0, 5949266.0 ], [ 3217392.0, 5949275.0 ], [ 3217390.0, 5949285.0 ], [ 3217390.0, 5949294.0 ], [ 3217393.0, 5949349.0 ], [ 3217399.0, 5949412.0 ], [ 3217399.0, 5949420.0 ], [ 3217395.0, 5949427.0 ], [ 3217360.0, 5949465.0 ], [ 3217352.0, 5949475.0 ], [ 3217344.0, 5949487.0 ], [ 3217335.0, 5949502.0 ], [ 3217330.0, 5949511.0 ], [ 3217327.0, 5949519.0 ], [ 3217325.0, 5949530.0 ], [ 3217325.0, 5949545.0 ], [ 3217331.0, 5949602.0 ], [ 3217332.0, 5949623.0 ], [ 3217331.0, 5949719.0 ], [ 3217330.0, 5949823.0 ], [ 3217335.0, 5949883.0 ], [ 3217339.0, 5949934.0 ], [ 3217340.0, 5949958.0 ] ], [ [ 3217355.0, 5950339.0 ], [ 3217346.0, 5950240.0 ], [ 3217341.0, 5950151.0 ], [ 3217340.0, 5950116.0 ], [ 3217341.0, 5950081.0 ], [ 3217342.0, 5950053.0 ], [ 3217340.0, 5949958.0 ] ], [ [ 3217553.0, 5949866.0 ], [ 3217477.0, 5949869.0 ], [ 3217453.0, 5949873.0 ], [ 3217439.0, 5949878.0 ], [ 3217420.0, 5949888.0 ], [ 3217405.0, 5949899.0 ], [ 3217381.0, 5949919.0 ], [ 3217340.0, 5949958.0 ] ], [ [ 3217355.0, 5950339.0 ], [ 3217415.0, 5950286.0 ], [ 3217439.0, 5950270.0 ], [ 3217453.0, 5950263.0 ], [ 3217468.0, 5950261.0 ], [ 3217553.0, 5950259.0 ] ], [ [ 3217513.0, 5951152.0 ], [ 3217499.0, 5951102.0 ], [ 3217481.0, 5951038.0 ], [ 3217470.0, 5951016.0 ], [ 3217457.0, 5950992.0 ], [ 3217449.0, 5950970.0 ], [ 3217443.0, 5950943.0 ], [ 3217443.0, 5950940.0 ], [ 3217439.0, 5950881.0 ], [ 3217436.0, 5950821.0 ], [ 3217425.0, 5950759.0 ], [ 3217424.0, 5950752.0 ], [ 3217407.0, 5950667.0 ], [ 3217396.0, 5950604.0 ], [ 3217394.0, 5950588.0 ], [ 3217382.0, 5950507.0 ], [ 3217377.0, 5950472.0 ], [ 3217369.0, 5950422.0 ], [ 3217355.0, 5950339.0 ] ], [ [ 3212907.0, 5937544.0 ], [ 3213088.0, 5937648.0 ], [ 3213130.0, 5937670.0 ] ], [ [ 3212907.0, 5937544.0 ], [ 3212966.0, 5937458.0 ] ], [ [ 3212766.0, 5937466.0 ], [ 3212812.0, 5937494.0 ], [ 3212848.0, 5937516.0 ], [ 3212868.0, 5937522.0 ], [ 3212907.0, 5937544.0 ] ], [ [ 3212683.0, 5937046.0 ], [ 3212687.0, 5937055.0 ], [ 3212688.0, 5937058.0 ], [ 3212691.0, 5937066.0 ], [ 3212696.0, 5937086.0 ], [ 3212697.0, 5937093.0 ], [ 3212695.0, 5937102.0 ], [ 3212691.0, 5937115.0 ], [ 3212689.0, 5937126.0 ], [ 3212688.0, 5937149.0 ], [ 3212687.0, 5937165.0 ], [ 3212681.0, 5937189.0 ], [ 3212679.0, 5937206.0 ], [ 3212679.0, 5937219.0 ], [ 3212680.0, 5937232.0 ], [ 3212682.0, 5937250.0 ], [ 3212682.0, 5937267.0 ], [ 3212678.0, 5937295.0 ], [ 3212677.0, 5937309.0 ] ], [ [ 3205507.0, 5941357.0 ], [ 3205459.0, 5941339.0 ], [ 3205392.0, 5941312.0 ] ], [ [ 3205316.0, 5941279.0 ], [ 3205338.0, 5941289.0 ], [ 3205376.0, 5941305.0 ], [ 3205392.0, 5941312.0 ] ], [ [ 3205410.0, 5941227.0 ], [ 3205405.0, 5941253.0 ], [ 3205392.0, 5941312.0 ] ], [ [ 3205743.0, 5941450.0 ], [ 3205795.0, 5941468.0 ], [ 3205809.0, 5941468.0 ] ], [ [ 3205507.0, 5941357.0 ], [ 3205489.0, 5941404.0 ], [ 3205472.0, 5941448.0 ], [ 3205454.0, 5941496.0 ], [ 3205417.0, 5941602.0 ], [ 3205414.0, 5941618.0 ], [ 3205413.0, 5941639.0 ] ], [ [ 3205257.0, 5941638.0 ], [ 3205277.0, 5941623.0 ], [ 3205281.0, 5941619.0 ], [ 3205316.0, 5941530.0 ] ], [ [ 3204839.0, 5941673.0 ], [ 3204879.0, 5941715.0 ], [ 3204904.0, 5941741.0 ], [ 3204909.0, 5941745.0 ], [ 3204915.0, 5941746.0 ], [ 3204920.0, 5941745.0 ], [ 3204927.0, 5941741.0 ], [ 3204943.0, 5941729.0 ], [ 3204962.0, 5941717.0 ], [ 3205058.0, 5941667.0 ], [ 3205153.0, 5941616.0 ], [ 3205257.0, 5941563.0 ], [ 3205316.0, 5941530.0 ] ], [ [ 3204822.0, 5941751.0 ], [ 3204757.0, 5941787.0 ], [ 3204711.0, 5941816.0 ], [ 3204684.0, 5941833.0 ], [ 3204679.0, 5941835.0 ], [ 3204673.0, 5941835.0 ], [ 3204669.0, 5941831.0 ], [ 3204649.0, 5941797.0 ], [ 3204647.0, 5941789.0 ], [ 3204649.0, 5941782.0 ], [ 3204652.0, 5941776.0 ], [ 3204660.0, 5941770.0 ], [ 3204670.0, 5941768.0 ], [ 3204679.0, 5941765.0 ], [ 3204706.0, 5941746.0 ], [ 3204782.0, 5941706.0 ], [ 3204839.0, 5941673.0 ] ], [ [ 3205644.0, 5941333.0 ], [ 3205646.0, 5941327.0 ], [ 3205672.0, 5941261.0 ], [ 3205674.0, 5941256.0 ] ], [ [ 3205620.0, 5941397.0 ], [ 3205598.0, 5941391.0 ], [ 3205507.0, 5941357.0 ] ], [ [ 3205644.0, 5941333.0 ], [ 3205701.0, 5941354.0 ], [ 3205718.0, 5941359.0 ], [ 3205757.0, 5941375.0 ], [ 3205795.0, 5941388.0 ], [ 3205815.0, 5941397.0 ], [ 3205854.0, 5941425.0 ], [ 3205873.0, 5941440.0 ], [ 3205879.0, 5941445.0 ], [ 3205883.0, 5941453.0 ] ], [ [ 3205620.0, 5941397.0 ], [ 3205652.0, 5941408.0 ], [ 3205743.0, 5941450.0 ] ], [ [ 3205623.0, 5941777.0 ], [ 3205628.0, 5941765.0 ], [ 3205743.0, 5941450.0 ] ], [ [ 3205524.0, 5941693.0 ], [ 3205528.0, 5941667.0 ], [ 3205533.0, 5941644.0 ], [ 3205538.0, 5941626.0 ], [ 3205586.0, 5941494.0 ], [ 3205603.0, 5941444.0 ], [ 3205620.0, 5941397.0 ] ], [ [ 3205644.0, 5941333.0 ], [ 3205641.0, 5941339.0 ], [ 3205620.0, 5941397.0 ] ], [ [ 3210923.0, 5947048.0 ], [ 3210902.0, 5947107.0 ], [ 3210896.0, 5947120.0 ], [ 3210890.0, 5947131.0 ], [ 3210884.0, 5947140.0 ], [ 3210871.0, 5947156.0 ], [ 3210843.0, 5947184.0 ], [ 3210827.0, 5947198.0 ] ], [ [ 3210946.0, 5946906.0 ], [ 3210939.0, 5946915.0 ], [ 3210918.0, 5946940.0 ], [ 3210888.0, 5946975.0 ], [ 3210882.0, 5946983.0 ], [ 3210881.0, 5946989.0 ], [ 3210882.0, 5947001.0 ], [ 3210890.0, 5947018.0 ], [ 3210894.0, 5947026.0 ], [ 3210901.0, 5947034.0 ], [ 3210909.0, 5947040.0 ], [ 3210923.0, 5947048.0 ] ], [ [ 3216490.0, 5951581.0 ], [ 3216488.0, 5951573.0 ], [ 3216490.0, 5951512.0 ], [ 3216490.0, 5951507.0 ], [ 3216489.0, 5951498.0 ], [ 3216480.0, 5951405.0 ], [ 3216478.0, 5951384.0 ], [ 3216473.0, 5951327.0 ], [ 3216471.0, 5951302.0 ] ], [ [ 3216725.0, 5951504.0 ], [ 3216726.0, 5951397.0 ] ], [ [ 3216593.0, 5951503.0 ], [ 3216712.0, 5951504.0 ], [ 3216725.0, 5951504.0 ] ], [ [ 3216751.0, 5951599.0 ], [ 3216724.0, 5951542.0 ], [ 3216725.0, 5951504.0 ] ], [ [ 3216577.0, 5951396.0 ], [ 3216726.0, 5951397.0 ] ], [ [ 3216577.0, 5951396.0 ], [ 3216593.0, 5951503.0 ] ], [ [ 3216552.0, 5951303.0 ], [ 3216552.0, 5951329.0 ], [ 3216557.0, 5951386.0 ], [ 3216558.0, 5951390.0 ], [ 3216560.0, 5951394.0 ], [ 3216564.0, 5951396.0 ], [ 3216577.0, 5951396.0 ] ], [ [ 3216726.0, 5951397.0 ], [ 3216789.0, 5951398.0 ] ], [ [ 3216606.0, 5951596.0 ], [ 3216751.0, 5951599.0 ] ], [ [ 3216606.0, 5951596.0 ], [ 3216617.0, 5951705.0 ] ], [ [ 3216606.0, 5951596.0 ], [ 3216593.0, 5951503.0 ] ], [ [ 3216793.0, 5951784.0 ], [ 3216793.0, 5951727.0 ], [ 3216793.0, 5951705.0 ], [ 3216793.0, 5951686.0 ], [ 3216751.0, 5951599.0 ] ], [ [ 3212527.0, 5938129.0 ], [ 3212529.0, 5938119.0 ], [ 3212531.0, 5938111.0 ], [ 3212555.0, 5938020.0 ], [ 3212555.0, 5938016.0 ], [ 3212541.0, 5938013.0 ], [ 3212531.0, 5938008.0 ], [ 3212521.0, 5938003.0 ], [ 3212390.0, 5937926.0 ], [ 3212323.0, 5937889.0 ], [ 3212315.0, 5937885.0 ], [ 3212310.0, 5937884.0 ], [ 3212305.0, 5937883.0 ], [ 3212299.0, 5937883.0 ], [ 3212293.0, 5937884.0 ] ], [ [ 3210698.0, 5943496.0 ], [ 3210678.0, 5943521.0 ], [ 3210660.0, 5943545.0 ] ], [ [ 3212884.0, 5936965.0 ], [ 3212885.0, 5936971.0 ], [ 3212887.0, 5936987.0 ], [ 3212895.0, 5937036.0 ], [ 3212901.0, 5937068.0 ], [ 3212911.0, 5937098.0 ], [ 3212918.0, 5937123.0 ], [ 3212921.0, 5937139.0 ], [ 3212924.0, 5937154.0 ], [ 3212927.0, 5937166.0 ], [ 3212928.0, 5937186.0 ], [ 3212931.0, 5937212.0 ], [ 3212945.0, 5937266.0 ], [ 3212947.0, 5937276.0 ], [ 3212948.0, 5937285.0 ], [ 3212947.0, 5937339.0 ], [ 3212944.0, 5937355.0 ] ], [ [ 3213462.0, 5937356.0 ], [ 3213459.0, 5937358.0 ], [ 3213457.0, 5937359.0 ], [ 3213359.0, 5937372.0 ], [ 3213325.0, 5937379.0 ], [ 3213294.0, 5937384.0 ], [ 3213280.0, 5937384.0 ], [ 3213260.0, 5937381.0 ], [ 3213247.0, 5937381.0 ], [ 3213239.0, 5937384.0 ], [ 3213231.0, 5937389.0 ], [ 3213223.0, 5937398.0 ], [ 3213216.0, 5937408.0 ], [ 3213208.0, 5937420.0 ] ], [ [ 3213169.0, 5937543.0 ], [ 3213110.0, 5937516.0 ], [ 3213006.0, 5937482.0 ], [ 3212987.0, 5937473.0 ], [ 3212966.0, 5937458.0 ] ], [ [ 3218207.0, 5940954.0 ], [ 3218202.0, 5940944.0 ], [ 3218187.0, 5940918.0 ], [ 3218182.0, 5940905.0 ], [ 3218165.0, 5940863.0 ], [ 3218161.0, 5940852.0 ], [ 3218158.0, 5940840.0 ], [ 3218147.0, 5940780.0 ], [ 3218146.0, 5940777.0 ], [ 3218139.0, 5940729.0 ], [ 3218127.0, 5940658.0 ], [ 3218126.0, 5940651.0 ] ], [ [ 3212434.0, 5936676.0 ], [ 3212555.0, 5936537.0 ], [ 3212564.0, 5936524.0 ], [ 3212568.0, 5936513.0 ], [ 3212570.0, 5936505.0 ], [ 3212574.0, 5936486.0 ] ], [ [ 3218608.0, 5940801.0 ], [ 3218621.0, 5940783.0 ], [ 3218638.0, 5940754.0 ], [ 3218647.0, 5940731.0 ], [ 3218652.0, 5940720.0 ], [ 3218661.0, 5940704.0 ], [ 3218676.0, 5940683.0 ], [ 3218690.0, 5940660.0 ], [ 3218701.0, 5940633.0 ], [ 3218716.0, 5940606.0 ], [ 3218735.0, 5940576.0 ], [ 3218758.0, 5940542.0 ], [ 3218784.0, 5940507.0 ] ], [ [ 3211152.0, 5947164.0 ], [ 3211202.0, 5947213.0 ] ], [ [ 3211202.0, 5947213.0 ], [ 3211210.0, 5947201.0 ], [ 3211248.0, 5947244.0 ], [ 3211253.0, 5947248.0 ], [ 3211257.0, 5947248.0 ], [ 3211263.0, 5947246.0 ], [ 3211306.0, 5947200.0 ] ], [ [ 3209821.0, 5950361.0 ], [ 3209852.0, 5950389.0 ] ], [ [ 3213342.0, 5939614.0 ], [ 3213380.0, 5939644.0 ], [ 3213391.0, 5939652.0 ], [ 3213417.0, 5939676.0 ], [ 3213419.0, 5939677.0 ], [ 3213440.0, 5939699.0 ], [ 3213444.0, 5939704.0 ], [ 3213448.0, 5939712.0 ] ], [ [ 3216702.0, 5948381.0 ], [ 3216705.0, 5948370.0 ], [ 3216704.0, 5948358.0 ], [ 3216702.0, 5948351.0 ], [ 3216617.0, 5948192.0 ], [ 3216614.0, 5948188.0 ], [ 3216609.0, 5948188.0 ], [ 3216599.0, 5948193.0 ] ], [ [ 3216707.0, 5948255.0 ], [ 3216720.0, 5948248.0 ], [ 3216726.0, 5948248.0 ], [ 3216730.0, 5948251.0 ], [ 3216792.0, 5948361.0 ], [ 3216793.0, 5948365.0 ], [ 3216793.0, 5948371.0 ], [ 3216791.0, 5948374.0 ], [ 3216775.0, 5948403.0 ], [ 3216773.0, 5948405.0 ], [ 3216771.0, 5948409.0 ], [ 3216768.0, 5948415.0 ] ], [ [ 3216388.0, 5948077.0 ], [ 3216406.0, 5948106.0 ], [ 3216447.0, 5948184.0 ], [ 3216466.0, 5948227.0 ], [ 3216468.0, 5948231.0 ], [ 3216470.0, 5948242.0 ], [ 3216468.0, 5948258.0 ] ], [ [ 3216477.0, 5948136.0 ], [ 3216491.0, 5948130.0 ], [ 3216497.0, 5948131.0 ], [ 3216501.0, 5948133.0 ], [ 3216507.0, 5948141.0 ], [ 3216586.0, 5948287.0 ], [ 3216587.0, 5948292.0 ], [ 3216587.0, 5948299.0 ], [ 3216586.0, 5948301.0 ], [ 3216585.0, 5948304.0 ], [ 3216578.0, 5948315.0 ] ], [ [ 3216793.0, 5951784.0 ], [ 3216721.0, 5951783.0 ], [ 3216705.0, 5951778.0 ], [ 3216687.0, 5951773.0 ], [ 3216681.0, 5951772.0 ], [ 3216617.0, 5951767.0 ], [ 3216617.0, 5951714.0 ], [ 3216617.0, 5951705.0 ] ], [ [ 3216689.0, 5951705.0 ], [ 3216681.0, 5951705.0 ], [ 3216617.0, 5951705.0 ] ], [ [ 3217133.0, 5947630.0 ], [ 3217113.0, 5947668.0 ], [ 3217104.0, 5947681.0 ], [ 3217099.0, 5947689.0 ], [ 3217098.0, 5947694.0 ], [ 3217097.0, 5947703.0 ], [ 3217108.0, 5947771.0 ], [ 3217109.0, 5947775.0 ], [ 3217111.0, 5947780.0 ], [ 3217117.0, 5947784.0 ], [ 3217131.0, 5947791.0 ], [ 3217140.0, 5947795.0 ], [ 3217143.0, 5947797.0 ], [ 3217146.0, 5947799.0 ], [ 3217157.0, 5947807.0 ], [ 3217201.0, 5947849.0 ], [ 3217230.0, 5947874.0 ], [ 3217259.0, 5947900.0 ], [ 3217285.0, 5947924.0 ], [ 3217316.0, 5947948.0 ], [ 3217320.0, 5947949.0 ], [ 3217327.0, 5947942.0 ], [ 3217334.0, 5947933.0 ], [ 3217344.0, 5947912.0 ], [ 3217352.0, 5947892.0 ], [ 3217361.0, 5947863.0 ], [ 3217369.0, 5947832.0 ], [ 3217378.0, 5947803.0 ], [ 3217384.0, 5947783.0 ], [ 3217384.0, 5947781.0 ], [ 3217391.0, 5947761.0 ], [ 3217398.0, 5947737.0 ], [ 3217412.0, 5947692.0 ] ], [ [ 3217538.0, 5948211.0 ], [ 3217539.0, 5948193.0 ], [ 3217539.0, 5948181.0 ], [ 3217539.0, 5948170.0 ], [ 3217538.0, 5948162.0 ], [ 3217537.0, 5948159.0 ], [ 3217533.0, 5948151.0 ], [ 3217531.0, 5948146.0 ], [ 3217521.0, 5948128.0 ], [ 3217515.0, 5948114.0 ], [ 3217506.0, 5948090.0 ], [ 3217497.0, 5948067.0 ], [ 3217492.0, 5948058.0 ], [ 3217479.0, 5948038.0 ], [ 3217469.0, 5948025.0 ], [ 3217467.0, 5948021.0 ] ], [ [ 3222381.0, 5942339.0 ], [ 3222319.0, 5942409.0 ], [ 3222297.0, 5942428.0 ], [ 3222053.0, 5942694.0 ], [ 3221899.0, 5942867.0 ], [ 3221586.0, 5943215.0 ], [ 3221225.0, 5943617.0 ], [ 3221155.0, 5943692.0 ], [ 3221121.0, 5943727.0 ], [ 3221112.0, 5943742.0 ] ], [ [ 3209966.0, 5947779.0 ], [ 3209933.0, 5947744.0 ], [ 3209926.0, 5947733.0 ], [ 3209921.0, 5947724.0 ], [ 3209920.0, 5947717.0 ], [ 3209953.0, 5947681.0 ], [ 3209958.0, 5947674.0 ], [ 3209960.0, 5947670.0 ], [ 3209962.0, 5947666.0 ], [ 3209964.0, 5947659.0 ] ], [ [ 3201825.0, 5948347.0 ], [ 3201819.0, 5948349.0 ], [ 3201752.0, 5948397.0 ] ], [ [ 3201825.0, 5948347.0 ], [ 3201828.0, 5948349.0 ], [ 3201833.0, 5948354.0 ], [ 3201883.0, 5948424.0 ], [ 3201918.0, 5948473.0 ] ], [ [ 3216793.0, 5951784.0 ], [ 3216869.0, 5951783.0 ] ], [ [ 3211160.0, 5947483.0 ], [ 3211149.0, 5947473.0 ], [ 3211144.0, 5947469.0 ], [ 3211115.0, 5947442.0 ], [ 3211102.0, 5947434.0 ], [ 3211098.0, 5947432.0 ], [ 3211090.0, 5947430.0 ], [ 3211078.0, 5947430.0 ], [ 3211073.0, 5947427.0 ], [ 3211068.0, 5947425.0 ], [ 3211061.0, 5947419.0 ], [ 3211055.0, 5947412.0 ], [ 3211050.0, 5947405.0 ], [ 3211048.0, 5947395.0 ], [ 3211043.0, 5947385.0 ], [ 3211100.0, 5947327.0 ], [ 3211164.0, 5947261.0 ], [ 3211182.0, 5947241.0 ], [ 3211194.0, 5947225.0 ], [ 3211202.0, 5947213.0 ] ], [ [ 3209677.0, 5947460.0 ], [ 3209666.0, 5947456.0 ], [ 3209637.0, 5947439.0 ], [ 3209616.0, 5947424.0 ], [ 3209578.0, 5947394.0 ], [ 3209557.0, 5947380.0 ], [ 3209552.0, 5947380.0 ], [ 3209543.0, 5947386.0 ] ], [ [ 3219976.0, 5934058.0 ], [ 3220089.0, 5933966.0 ] ], [ [ 3220025.0, 5934086.0 ], [ 3220019.0, 5934083.0 ], [ 3219976.0, 5934058.0 ] ], [ [ 3219897.0, 5933993.0 ], [ 3219919.0, 5934012.0 ], [ 3219950.0, 5934037.0 ], [ 3219976.0, 5934058.0 ] ], [ [ 3220305.0, 5933784.0 ], [ 3220216.0, 5933863.0 ] ], [ [ 3220305.0, 5933784.0 ], [ 3220256.0, 5933718.0 ] ], [ [ 3220350.0, 5933842.0 ], [ 3220346.0, 5933837.0 ], [ 3220305.0, 5933784.0 ] ], [ [ 3219978.0, 5933819.0 ], [ 3220031.0, 5933890.0 ] ], [ [ 3219978.0, 5933819.0 ], [ 3219914.0, 5933852.0 ] ], [ [ 3220155.0, 5933794.0 ], [ 3220127.0, 5933766.0 ], [ 3220110.0, 5933765.0 ], [ 3220087.0, 5933766.0 ], [ 3220044.0, 5933786.0 ], [ 3220030.0, 5933793.0 ], [ 3219978.0, 5933819.0 ] ], [ [ 3220089.0, 5933966.0 ], [ 3220216.0, 5933863.0 ] ], [ [ 3220089.0, 5933966.0 ], [ 3220031.0, 5933890.0 ] ], [ [ 3219815.0, 5933902.0 ], [ 3219914.0, 5933852.0 ] ], [ [ 3219815.0, 5933902.0 ], [ 3219771.0, 5933924.0 ] ], [ [ 3219897.0, 5933993.0 ], [ 3219875.0, 5933973.0 ], [ 3219856.0, 5933950.0 ], [ 3219815.0, 5933902.0 ] ], [ [ 3219897.0, 5933993.0 ], [ 3219976.0, 5933932.0 ] ], [ [ 3220256.0, 5933718.0 ], [ 3220155.0, 5933794.0 ] ], [ [ 3220256.0, 5933718.0 ], [ 3220209.0, 5933652.0 ] ], [ [ 3220031.0, 5933890.0 ], [ 3220155.0, 5933794.0 ] ], [ [ 3220031.0, 5933890.0 ], [ 3219976.0, 5933932.0 ] ], [ [ 3220155.0, 5933794.0 ], [ 3220216.0, 5933863.0 ] ], [ [ 3220258.0, 5933911.0 ], [ 3220252.0, 5933904.0 ], [ 3220216.0, 5933863.0 ] ], [ [ 3203288.0, 5947391.0 ], [ 3203314.0, 5947377.0 ], [ 3203317.0, 5947374.0 ], [ 3203327.0, 5947363.0 ], [ 3203352.0, 5947351.0 ], [ 3203405.0, 5947320.0 ], [ 3203411.0, 5947316.0 ], [ 3203461.0, 5947287.0 ] ], [ [ 3219976.0, 5933932.0 ], [ 3219914.0, 5933852.0 ] ], [ [ 3222201.0, 5942288.0 ], [ 3222270.0, 5942298.0 ], [ 3222342.0, 5942318.0 ], [ 3222371.0, 5942330.0 ], [ 3222381.0, 5942339.0 ] ], [ [ 3208673.0, 5946764.0 ], [ 3208676.0, 5946762.0 ], [ 3208684.0, 5946754.0 ] ], [ [ 3208720.0, 5946791.0 ], [ 3208723.0, 5946788.0 ], [ 3208725.0, 5946786.0 ], [ 3208733.0, 5946788.0 ], [ 3208747.0, 5946800.0 ], [ 3208769.0, 5946822.0 ], [ 3208789.0, 5946845.0 ], [ 3208790.0, 5946853.0 ], [ 3208787.0, 5946858.0 ] ], [ [ 3208723.0, 5946810.0 ], [ 3208731.0, 5946802.0 ] ], [ [ 3208735.0, 5946806.0 ], [ 3208737.0, 5946805.0 ] ], [ [ 3208713.0, 5946784.0 ], [ 3208717.0, 5946781.0 ] ], [ [ 3208701.0, 5946772.0 ], [ 3208705.0, 5946768.0 ] ] ] } },
{ "type": "Feature", "properties": { "betweenness_centrality": "0.16139240506329114", "source": "11845045827.0", "target": "8301406711.0", "ordering_betweenness_centrality": "0", "length": 3091, "length_cumulative": 54265 }, "geometry": { "type": "MultiLineString", "coordinates": [ [ [ 3211475.0, 5940846.0 ], [ 3211443.0, 5940879.0 ] ], [ [ 3211443.0, 5940879.0 ], [ 3211305.0, 5941023.0 ], [ 3211300.0, 5941030.0 ], [ 3211292.0, 5941040.0 ], [ 3211289.0, 5941052.0 ], [ 3211285.0, 5941064.0 ], [ 3211255.0, 5941069.0 ], [ 3211203.0, 5941077.0 ], [ 3211139.0, 5941144.0 ], [ 3211125.0, 5941164.0 ], [ 3211111.0, 5941187.0 ], [ 3211103.0, 5941200.0 ], [ 3211093.0, 5941218.0 ], [ 3211102.0, 5941238.0 ], [ 3211098.0, 5941245.0 ], [ 3211074.0, 5941289.0 ], [ 3211071.0, 5941296.0 ], [ 3211068.0, 5941302.0 ], [ 3211049.0, 5941339.0 ], [ 3211027.0, 5941409.0 ], [ 3211004.0, 5941493.0 ], [ 3210927.0, 5941786.0 ], [ 3210894.0, 5941914.0 ], [ 3210868.0, 5942009.0 ], [ 3210850.0, 5942088.0 ], [ 3210824.0, 5942189.0 ], [ 3210814.0, 5942222.0 ], [ 3210809.0, 5942240.0 ], [ 3210794.0, 5942288.0 ], [ 3210782.0, 5942339.0 ], [ 3210774.0, 5942367.0 ], [ 3210724.0, 5942553.0 ], [ 3210720.0, 5942574.0 ], [ 3210717.0, 5942588.0 ], [ 3210708.0, 5942635.0 ], [ 3210696.0, 5942695.0 ], [ 3210690.0, 5942761.0 ], [ 3210691.0, 5942835.0 ], [ 3210687.0, 5942847.0 ], [ 3210687.0, 5942857.0 ], [ 3210689.0, 5942887.0 ], [ 3210692.0, 5942887.0 ], [ 3210693.0, 5942899.0 ], [ 3210694.0, 5942909.0 ], [ 3210695.0, 5942915.0 ], [ 3210695.0, 5942922.0 ], [ 3210697.0, 5942935.0 ], [ 3210698.0, 5942945.0 ], [ 3210702.0, 5942947.0 ], [ 3210706.0, 5942984.0 ], [ 3210716.0, 5943072.0 ], [ 3210720.0, 5943118.0 ], [ 3210729.0, 5943136.0 ], [ 3210736.0, 5943142.0 ], [ 3210739.0, 5943152.0 ], [ 3210750.0, 5943203.0 ], [ 3210753.0, 5943211.0 ], [ 3210761.0, 5943249.0 ], [ 3210761.0, 5943256.0 ], [ 3210756.0, 5943295.0 ], [ 3210754.0, 5943333.0 ], [ 3210754.0, 5943358.0 ], [ 3210758.0, 5943403.0 ], [ 3210731.0, 5943428.0 ], [ 3210722.0, 5943437.0 ], [ 3210715.0, 5943436.0 ], [ 3210706.0, 5943431.0 ], [ 3210693.0, 5943413.0 ], [ 3210687.0, 5943404.0 ], [ 3210672.0, 5943435.0 ], [ 3210664.0, 5943452.0 ], [ 3210662.0, 5943457.0 ], [ 3210659.0, 5943466.0 ], [ 3210658.0, 5943472.0 ], [ 3210658.0, 5943478.0 ], [ 3210657.0, 5943483.0 ], [ 3210654.0, 5943490.0 ], [ 3210647.0, 5943501.0 ], [ 3210630.0, 5943527.0 ], [ 3210660.0, 5943545.0 ] ] ] } },
{ "type": "Feature", "properties": { "betweenness_centrality": "0.1560126582278481", "source": "392001912.0", "target": "11845045827.0", "ordering_betweenness_centrality": "1", "length": 783, "length_cumulative": 55049 }, "geometry": { "type": "MultiLineString", "coordinates": [ [ [ 3212019.0, 5940282.0 ], [ 3211977.0, 5940325.0 ] ], [ [ 3211977.0, 5940325.0 ], [ 3211935.0, 5940368.0 ], [ 3211910.0, 5940394.0 ] ], [ [ 3211910.0, 5940394.0 ], [ 3211885.0, 5940421.0 ] ], [ [ 3211885.0, 5940421.0 ], [ 3211880.0, 5940425.0 ], [ 3211717.0, 5940594.0 ], [ 3211702.0, 5940610.0 ], [ 3211483.0, 5940838.0 ], [ 3211477.0, 5940844.0 ], [ 3211475.0, 5940846.0 ] ] ] } },
{ "type": "Feature", "properties": { "betweenness_centrality": "0.14723101265822786", "source": "317268848.0", "target": "392001912.0", "ordering_betweenness_centrality": "2", "length": 623, "length_cumulative": 55673 }, "geometry": { "type": "MultiLineString", "coordinates": [ [ [ 3212428.0, 5939877.0 ], [ 3212414.0, 5939882.0 ], [ 3212413.0, 5939898.0 ], [ 3212412.0, 5939912.0 ], [ 3212414.0, 5939922.0 ], [ 3212396.0, 5939925.0 ], [ 3212398.0, 5939940.0 ], [ 3212390.0, 5939941.0 ], [ 3212383.0, 5939945.0 ], [ 3212373.0, 5939958.0 ], [ 3212368.0, 5939957.0 ], [ 3212362.0, 5939959.0 ], [ 3212356.0, 5939962.0 ], [ 3212327.0, 5939992.0 ], [ 3212311.0, 5939979.0 ], [ 3212306.0, 5939985.0 ], [ 3212297.0, 5939995.0 ], [ 3212273.0, 5940020.0 ] ], [ [ 3212273.0, 5940020.0 ], [ 3212108.0, 5940190.0 ], [ 3212055.0, 5940245.0 ], [ 3212019.0, 5940282.0 ] ] ] } },
{ "type": "Feature", "properties": { "betweenness_centrality": "0.10411392405063291", "source": "12825548921.0", "target": "8756146654.0", "ordering_betweenness_centrality": "3", "length": 1906, "length_cumulative": 57579 }, "geometry": { "type": "MultiLineString", "coordinates": [ [ [ 3206454.0, 5947859.0 ], [ 3206459.0, 5947853.0 ], [ 3206463.0, 5947849.0 ], [ 3206471.0, 5947840.0 ], [ 3206467.0, 5947836.0 ], [ 3206467.0, 5947832.0 ], [ 3206484.0, 5947815.0 ], [ 3206491.0, 5947810.0 ], [ 3206497.0, 5947804.0 ], [ 3206542.0, 5947760.0 ], [ 3206553.0, 5947749.0 ], [ 3206577.0, 5947725.0 ], [ 3206599.0, 5947704.0 ], [ 3206672.0, 5947632.0 ], [ 3206709.0, 5947595.0 ], [ 3206745.0, 5947559.0 ], [ 3206755.0, 5947549.0 ], [ 3206762.0, 5947550.0 ], [ 3206767.0, 5947554.0 ], [ 3206779.0, 5947543.0 ], [ 3206811.0, 5947576.0 ], [ 3206819.0, 5947568.0 ], [ 3206825.0, 5947562.0 ], [ 3206832.0, 5947554.0 ], [ 3206840.0, 5947546.0 ], [ 3206852.0, 5947531.0 ], [ 3206857.0, 5947525.0 ], [ 3206865.0, 5947515.0 ], [ 3206892.0, 5947481.0 ], [ 3206928.0, 5947438.0 ], [ 3206962.0, 5947395.0 ], [ 3206988.0, 5947363.0 ], [ 3206993.0, 5947362.0 ], [ 3207027.0, 5947354.0 ], [ 3207066.0, 5947345.0 ], [ 3207074.0, 5947346.0 ], [ 3207076.0, 5947346.0 ], [ 3207088.0, 5947345.0 ], [ 3207092.0, 5947345.0 ], [ 3207101.0, 5947343.0 ], [ 3207112.0, 5947341.0 ], [ 3207132.0, 5947332.0 ], [ 3207140.0, 5947326.0 ], [ 3207146.0, 5947322.0 ], [ 3207147.0, 5947321.0 ], [ 3207154.0, 5947317.0 ], [ 3207220.0, 5947323.0 ], [ 3207229.0, 5947324.0 ], [ 3207234.0, 5947324.0 ], [ 3207237.0, 5947324.0 ], [ 3207359.0, 5947338.0 ], [ 3207430.0, 5947344.0 ], [ 3207457.0, 5947346.0 ], [ 3207488.0, 5947349.0 ], [ 3207605.0, 5947359.0 ], [ 3207659.0, 5947362.0 ], [ 3207794.0, 5947368.0 ], [ 3207839.0, 5947372.0 ], [ 3207842.0, 5947372.0 ], [ 3207846.0, 5947337.0 ], [ 3207853.0, 5947339.0 ], [ 3207860.0, 5947263.0 ], [ 3207864.0, 5947215.0 ], [ 3207868.0, 5947187.0 ], [ 3207871.0, 5947160.0 ], [ 3207886.0, 5947146.0 ] ], [ [ 3207894.0, 5947138.0 ], [ 3207898.0, 5947141.0 ] ] ] } },
{ "type": "Feature", "properties": { "betweenness_centrality": "0.10221518987341772", "source": "317268848.0", "target": "317268856.0", "ordering_betweenness_centrality": "4", "length": 595, "length_cumulative": 58174 }, "geometry": { "type": "LineString", "coordinates": [ [ 3212823.0, 5939439.0 ], [ 3212821.0, 5939450.0 ], [ 3212817.0, 5939471.0 ], [ 3212796.0, 5939493.0 ], [ 3212772.0, 5939519.0 ], [ 3212767.0, 5939523.0 ], [ 3212764.0, 5939528.0 ], [ 3212740.0, 5939552.0 ], [ 3212709.0, 5939583.0 ], [ 3212704.0, 5939590.0 ], [ 3212670.0, 5939624.0 ], [ 3212642.0, 5939654.0 ], [ 3212639.0, 5939657.0 ], [ 3212635.0, 5939661.0 ], [ 3212610.0, 5939687.0 ], [ 3212599.0, 5939698.0 ], [ 3212596.0, 5939701.0 ], [ 3212552.0, 5939748.0 ], [ 3212548.0, 5939752.0 ], [ 3212530.0, 5939770.0 ], [ 3212512.0, 5939788.0 ], [ 3212508.0, 5939793.0 ], [ 3212504.0, 5939797.0 ], [ 3212434.0, 5939870.0 ], [ 3212428.0, 5939877.0 ] ] } },
{ "type": "Feature", "properties": { "betweenness_centrality": "0.09778481012658229", "source": "7289796227.0", "target": "13665680262.0", "ordering_betweenness_centrality": "5", "length": 4528, "length_cumulative": 62703 }, "geometry": { "type": "LineString", "coordinates": [ [ 3213855.0, 5938385.0 ], [ 3213858.0, 5938389.0 ], [ 3213881.0, 5938368.0 ], [ 3213892.0, 5938358.0 ], [ 3213899.0, 5938351.0 ], [ 3213906.0, 5938345.0 ], [ 3213929.0, 5938324.0 ], [ 3213934.0, 5938330.0 ], [ 3214000.0, 5938269.0 ], [ 3214009.0, 5938258.0 ], [ 3214026.0, 5938238.0 ], [ 3214035.0, 5938234.0 ], [ 3214059.0, 5938215.0 ], [ 3214073.0, 5938207.0 ], [ 3214086.0, 5938202.0 ], [ 3214089.0, 5938199.0 ], [ 3214092.0, 5938193.0 ], [ 3214097.0, 5938188.0 ], [ 3214110.0, 5938184.0 ], [ 3214124.0, 5938184.0 ], [ 3214132.0, 5938187.0 ], [ 3214166.0, 5938192.0 ], [ 3214219.0, 5938201.0 ], [ 3214228.0, 5938183.0 ], [ 3214242.0, 5938150.0 ], [ 3214371.0, 5938175.0 ], [ 3214378.0, 5938169.0 ], [ 3214498.0, 5938192.0 ], [ 3214502.0, 5938194.0 ], [ 3214550.0, 5938220.0 ], [ 3214592.0, 5938241.0 ], [ 3214615.0, 5938253.0 ], [ 3214623.0, 5938257.0 ], [ 3214650.0, 5938271.0 ], [ 3214815.0, 5938354.0 ], [ 3214841.0, 5938367.0 ], [ 3214948.0, 5938421.0 ], [ 3214960.0, 5938427.0 ], [ 3215173.0, 5938534.0 ], [ 3215372.0, 5938635.0 ], [ 3215388.0, 5938640.0 ], [ 3215405.0, 5938642.0 ], [ 3215424.0, 5938645.0 ], [ 3215442.0, 5938646.0 ], [ 3215975.0, 5938693.0 ], [ 3215977.0, 5938693.0 ], [ 3216056.0, 5938700.0 ], [ 3216081.0, 5938702.0 ], [ 3216190.0, 5938713.0 ], [ 3216268.0, 5938720.0 ], [ 3216346.0, 5938727.0 ], [ 3216395.0, 5938731.0 ], [ 3216463.0, 5938737.0 ], [ 3216477.0, 5938738.0 ], [ 3216510.0, 5938741.0 ], [ 3216522.0, 5938730.0 ], [ 3216596.0, 5938737.0 ], [ 3216604.0, 5938737.0 ], [ 3216709.0, 5938746.0 ], [ 3216714.0, 5938745.0 ], [ 3216728.0, 5938746.0 ], [ 3216744.0, 5938748.0 ], [ 3216752.0, 5938749.0 ], [ 3216759.0, 5938749.0 ], [ 3216769.0, 5938750.0 ], [ 3216778.0, 5938750.0 ], [ 3216827.0, 5938755.0 ], [ 3216878.0, 5938759.0 ], [ 3216897.0, 5938760.0 ], [ 3216927.0, 5938763.0 ], [ 3216946.0, 5938765.0 ], [ 3216969.0, 5938770.0 ], [ 3216974.0, 5938771.0 ], [ 3216976.0, 5938772.0 ], [ 3216993.0, 5938776.0 ], [ 3217031.0, 5938789.0 ], [ 3217086.0, 5938812.0 ], [ 3217092.0, 5938815.0 ], [ 3217120.0, 5938828.0 ], [ 3217156.0, 5938849.0 ], [ 3217188.0, 5938869.0 ], [ 3217203.0, 5938858.0 ], [ 3217272.0, 5938812.0 ], [ 3217278.0, 5938809.0 ], [ 3217355.0, 5938757.0 ], [ 3217397.0, 5938731.0 ], [ 3217423.0, 5938720.0 ], [ 3217457.0, 5938699.0 ], [ 3217462.0, 5938697.0 ], [ 3217532.0, 5938649.0 ], [ 3217539.0, 5938644.0 ], [ 3217541.0, 5938643.0 ], [ 3217558.0, 5938631.0 ], [ 3217578.0, 5938618.0 ], [ 3217603.0, 5938600.0 ], [ 3217604.0, 5938599.0 ], [ 3217637.0, 5938575.0 ], [ 3217703.0, 5938522.0 ], [ 3217710.0, 5938517.0 ], [ 3217714.0, 5938522.0 ], [ 3217719.0, 5938527.0 ], [ 3217721.0, 5938530.0 ], [ 3217747.0, 5938559.0 ], [ 3217759.0, 5938573.0 ], [ 3217780.0, 5938595.0 ], [ 3217818.0, 5938636.0 ], [ 3217822.0, 5938644.0 ], [ 3217824.0, 5938651.0 ], [ 3217825.0, 5938661.0 ], [ 3217824.0, 5938663.0 ], [ 3217827.0, 5938664.0 ], [ 3217829.0, 5938665.0 ], [ 3217832.0, 5938667.0 ], [ 3217839.0, 5938673.0 ], [ 3217849.0, 5938683.0 ], [ 3217851.0, 5938687.0 ], [ 3217853.0, 5938692.0 ], [ 3217853.0, 5938695.0 ], [ 3217852.0, 5938702.0 ], [ 3217855.0, 5938704.0 ], [ 3217858.0, 5938707.0 ], [ 3217836.0, 5938747.0 ] ] } },
{ "type": "Feature", "properties": { "betweenness_centrality": "0.09588607594936709", "source": "2329454627.0", "target": "665797371.0", "ordering_betweenness_centrality": "6", "length": 2796, "length_cumulative": 65500 }, "geometry": { "type": "LineString", "coordinates": [ [ 3213772.0, 5942773.0 ], [ 3213860.0, 5942652.0 ], [ 3213909.0, 5942550.0 ], [ 3213912.0, 5942536.0 ], [ 3213910.0, 5942520.0 ], [ 3213887.0, 5942488.0 ], [ 3213846.0, 5942472.0 ], [ 3213817.0, 5942460.0 ], [ 3213791.0, 5942447.0 ], [ 3213768.0, 5942482.0 ], [ 3213735.0, 5942534.0 ], [ 3213673.0, 5942636.0 ], [ 3213626.0, 5942714.0 ], [ 3213619.0, 5942725.0 ], [ 3213609.0, 5942742.0 ], [ 3213596.0, 5942764.0 ], [ 3213572.0, 5942804.0 ], [ 3213557.0, 5942830.0 ], [ 3213524.0, 5942886.0 ], [ 3213502.0, 5942924.0 ], [ 3213470.0, 5942978.0 ], [ 3213395.0, 5943107.0 ], [ 3213345.0, 5943174.0 ], [ 3213305.0, 5943233.0 ], [ 3213265.0, 5943289.0 ], [ 3213253.0, 5943305.0 ], [ 3213244.0, 5943316.0 ], [ 3213234.0, 5943326.0 ], [ 3213219.0, 5943342.0 ], [ 3213166.0, 5943395.0 ], [ 3213140.0, 5943422.0 ], [ 3213118.0, 5943444.0 ], [ 3213082.0, 5943478.0 ], [ 3213058.0, 5943501.0 ], [ 3213032.0, 5943523.0 ], [ 3213007.0, 5943542.0 ], [ 3212981.0, 5943561.0 ], [ 3212969.0, 5943569.0 ], [ 3212951.0, 5943580.0 ], [ 3212929.0, 5943594.0 ], [ 3212911.0, 5943604.0 ], [ 3212905.0, 5943608.0 ], [ 3212896.0, 5943616.0 ], [ 3212885.0, 5943624.0 ], [ 3212857.0, 5943639.0 ], [ 3212803.0, 5943669.0 ], [ 3212780.0, 5943683.0 ], [ 3212772.0, 5943687.0 ], [ 3212775.0, 5943692.0 ], [ 3212779.0, 5943698.0 ], [ 3212776.0, 5943700.0 ], [ 3212750.0, 5943713.0 ], [ 3212744.0, 5943716.0 ], [ 3212772.0, 5943748.0 ], [ 3212777.0, 5943752.0 ], [ 3212836.0, 5943806.0 ], [ 3212854.0, 5943822.0 ], [ 3212887.0, 5943852.0 ], [ 3212888.0, 5943854.0 ], [ 3212889.0, 5943856.0 ], [ 3212889.0, 5943858.0 ], [ 3212887.0, 5943860.0 ], [ 3212850.0, 5943903.0 ], [ 3212828.0, 5943928.0 ], [ 3212698.0, 5944082.0 ], [ 3212704.0, 5944088.0 ], [ 3212706.0, 5944089.0 ], [ 3212650.0, 5944153.0 ], [ 3212597.0, 5944214.0 ] ] } },
{ "type": "Feature", "properties": { "betweenness_centrality": "0.09272151898734178", "source": "317268856.0", "target": "13665680262.0", "ordering_betweenness_centrality": "7", "length": 1375, "length_cumulative": 66876 }, "geometry": { "type": "LineString", "coordinates": [ [ 3213813.0, 5938424.0 ], [ 3213802.0, 5938412.0 ], [ 3213770.0, 5938441.0 ], [ 3213754.0, 5938455.0 ], [ 3213738.0, 5938467.0 ], [ 3213699.0, 5938493.0 ], [ 3213666.0, 5938513.0 ], [ 3213654.0, 5938524.0 ], [ 3213618.0, 5938557.0 ], [ 3213599.0, 5938574.0 ], [ 3213576.0, 5938594.0 ], [ 3213531.0, 5938641.0 ], [ 3213509.0, 5938664.0 ], [ 3213483.0, 5938688.0 ], [ 3213478.0, 5938708.0 ], [ 3213468.0, 5938725.0 ], [ 3213450.0, 5938749.0 ], [ 3213437.0, 5938764.0 ], [ 3213426.0, 5938777.0 ], [ 3213282.0, 5938928.0 ], [ 3213277.0, 5938933.0 ], [ 3213151.0, 5939065.0 ], [ 3213168.0, 5939082.0 ], [ 3213109.0, 5939143.0 ], [ 3213046.0, 5939209.0 ], [ 3213043.0, 5939208.0 ], [ 3213041.0, 5939210.0 ], [ 3213040.0, 5939212.0 ], [ 3213041.0, 5939215.0 ], [ 3213011.0, 5939246.0 ], [ 3212985.0, 5939273.0 ], [ 3212958.0, 5939301.0 ], [ 3212946.0, 5939315.0 ], [ 3212936.0, 5939325.0 ], [ 3212927.0, 5939334.0 ], [ 3212925.0, 5939336.0 ], [ 3212902.0, 5939357.0 ], [ 3212886.0, 5939372.0 ] ] } },
{ "type": "Feature", "properties": { "betweenness_centrality": "0.0879746835443038", "source": "11760451149.0", "target": "7986289496.0", "ordering_betweenness_centrality": "8", "length": 697, "length_cumulative": 67574 }, "geometry": { "type": "LineString", "coordinates": [ [ 3210215.0, 5945463.0 ], [ 3210209.0, 5945471.0 ], [ 3210078.0, 5945601.0 ], [ 3210072.0, 5945607.0 ], [ 3210070.0, 5945608.0 ], [ 3210066.0, 5945612.0 ], [ 3210062.0, 5945616.0 ], [ 3210058.0, 5945620.0 ], [ 3210053.0, 5945625.0 ], [ 3210016.0, 5945662.0 ], [ 3210031.0, 5945678.0 ], [ 3209997.0, 5945711.0 ], [ 3209940.0, 5945767.0 ], [ 3209937.0, 5945769.0 ], [ 3209927.0, 5945779.0 ], [ 3209865.0, 5945841.0 ], [ 3209801.0, 5945904.0 ], [ 3209797.0, 5945908.0 ], [ 3209806.0, 5945918.0 ], [ 3209813.0, 5945925.0 ], [ 3209798.0, 5945940.0 ], [ 3209796.0, 5945943.0 ], [ 3209796.0, 5945947.0 ], [ 3209805.0, 5945956.0 ] ] } },
{ "type": "Feature", "properties": { "betweenness_centrality": "0.08678797468354431", "source": "9230992959.0", "target": "5663696562.0", "ordering_betweenness_centrality": "9", "length": 338, "length_cumulative": 67912 }, "geometry": { "type": "MultiLineString", "coordinates": [ [ [ 3216468.0, 5948258.0 ], [ 3216574.0, 5948313.0 ], [ 3216578.0, 5948315.0 ] ], [ [ 3216578.0, 5948315.0 ], [ 3216609.0, 5948332.0 ], [ 3216702.0, 5948381.0 ] ], [ [ 3216702.0, 5948381.0 ], [ 3216721.0, 5948391.0 ], [ 3216763.0, 5948413.0 ], [ 3216768.0, 5948415.0 ] ] ] } },
{ "type": "Feature", "properties": { "betweenness_centrality": "0.08496835443037974", "source": "1297178814.0", "target": "9708504905.0", "ordering_betweenness_centrality": "10", "length": 789, "length_cumulative": 68701 }, "geometry": { "type": "LineString", "coordinates": [ [ 3218652.0, 5940720.0 ], [ 3218594.0, 5940661.0 ], [ 3218539.0, 5940613.0 ], [ 3218533.0, 5940608.0 ], [ 3218507.0, 5940636.0 ], [ 3218485.0, 5940659.0 ], [ 3218478.0, 5940653.0 ], [ 3218425.0, 5940710.0 ], [ 3218397.0, 5940738.0 ], [ 3218392.0, 5940735.0 ], [ 3218405.0, 5940721.0 ], [ 3218418.0, 5940706.0 ], [ 3218388.0, 5940688.0 ], [ 3218358.0, 5940675.0 ], [ 3218350.0, 5940683.0 ], [ 3218313.0, 5940722.0 ], [ 3218283.0, 5940732.0 ], [ 3218283.0, 5940715.0 ], [ 3218280.0, 5940690.0 ], [ 3218275.0, 5940667.0 ], [ 3218264.0, 5940657.0 ], [ 3218258.0, 5940654.0 ], [ 3218251.0, 5940653.0 ], [ 3218206.0, 5940658.0 ], [ 3218164.0, 5940657.0 ], [ 3218145.0, 5940652.0 ], [ 3218126.0, 5940651.0 ] ] } },
{ "type": "Feature", "properties": { "betweenness_centrality": "0.08481012658227849", "source": "8301406711.0", "target": "11760451149.0", "ordering_betweenness_centrality": "11", "length": 2253, "length_cumulative": 70955 }, "geometry": { "type": "MultiLineString", "coordinates": [ [ [ 3210660.0, 5943545.0 ], [ 3210699.0, 5943567.0 ], [ 3210702.0, 5943570.0 ], [ 3210704.0, 5943573.0 ], [ 3210705.0, 5943577.0 ], [ 3210704.0, 5943581.0 ], [ 3210709.0, 5943584.0 ], [ 3210711.0, 5943586.0 ], [ 3210725.0, 5943602.0 ], [ 3210728.0, 5943622.0 ], [ 3210729.0, 5943634.0 ], [ 3210735.0, 5943675.0 ], [ 3210737.0, 5943690.0 ], [ 3210730.0, 5943692.0 ], [ 3210734.0, 5943779.0 ], [ 3210754.0, 5943828.0 ], [ 3210755.0, 5943833.0 ], [ 3210765.0, 5943852.0 ], [ 3210783.0, 5943889.0 ], [ 3210795.0, 5943916.0 ], [ 3210792.0, 5943920.0 ], [ 3210786.0, 5943929.0 ], [ 3210777.0, 5943940.0 ], [ 3210760.0, 5943957.0 ], [ 3210756.0, 5943962.0 ], [ 3210751.0, 5943968.0 ], [ 3210748.0, 5943971.0 ], [ 3210744.0, 5943973.0 ], [ 3210738.0, 5943982.0 ], [ 3210736.0, 5943986.0 ], [ 3210735.0, 5943986.0 ], [ 3210732.0, 5943986.0 ], [ 3210727.0, 5943986.0 ], [ 3210727.0, 5943989.0 ], [ 3210726.0, 5943997.0 ], [ 3210724.0, 5944001.0 ], [ 3210722.0, 5944004.0 ], [ 3210724.0, 5944006.0 ], [ 3210724.0, 5944009.0 ], [ 3210724.0, 5944011.0 ], [ 3210723.0, 5944014.0 ], [ 3210721.0, 5944017.0 ], [ 3210724.0, 5944020.0 ], [ 3210729.0, 5944026.0 ], [ 3210602.0, 5944152.0 ], [ 3210589.0, 5944166.0 ], [ 3210576.0, 5944178.0 ], [ 3210431.0, 5944323.0 ], [ 3210386.0, 5944367.0 ], [ 3210390.0, 5944372.0 ], [ 3210385.0, 5944387.0 ], [ 3210387.0, 5944399.0 ], [ 3210519.0, 5944531.0 ], [ 3210510.0, 5944539.0 ], [ 3210517.0, 5944546.0 ] ], [ [ 3210509.0, 5944554.0 ], [ 3210511.0, 5944557.0 ] ], [ [ 3210292.0, 5944773.0 ], [ 3210296.0, 5944778.0 ], [ 3210085.0, 5944987.0 ], [ 3210083.0, 5944989.0 ], [ 3210078.0, 5944993.0 ], [ 3210074.0, 5944997.0 ], [ 3210072.0, 5944999.0 ], [ 3210079.0, 5945006.0 ], [ 3210085.0, 5945012.0 ], [ 3210119.0, 5945047.0 ], [ 3210158.0, 5945087.0 ], [ 3210167.0, 5945097.0 ], [ 3210209.0, 5945140.0 ], [ 3210157.0, 5945193.0 ], [ 3210161.0, 5945198.0 ], [ 3210167.0, 5945205.0 ], [ 3210171.0, 5945209.0 ], [ 3210111.0, 5945271.0 ], [ 3210110.0, 5945277.0 ], [ 3210116.0, 5945285.0 ], [ 3210116.0, 5945295.0 ], [ 3210114.0, 5945305.0 ], [ 3210111.0, 5945311.0 ], [ 3210105.0, 5945320.0 ], [ 3210163.0, 5945379.0 ], [ 3210155.0, 5945387.0 ], [ 3210217.0, 5945453.0 ], [ 3210222.0, 5945457.0 ], [ 3210216.0, 5945462.0 ] ] ] } },
{ "type": "Feature", "properties": { "betweenness_centrality": "0.08291139240506329", "source": "11717127239.0", "target": "12825548921.0", "ordering_betweenness_centrality": "12", "length": 502, "length_cumulative": 71458 }, "geometry": { "type": "LineString", "coordinates": [ [ 3208325.0, 5946716.0 ], [ 3208327.0, 5946718.0 ], [ 3208333.0, 5946719.0 ], [ 3208354.0, 5946698.0 ], [ 3208358.0, 5946694.0 ], [ 3208418.0, 5946636.0 ], [ 3208485.0, 5946569.0 ], [ 3208510.0, 5946593.0 ], [ 3208554.0, 5946638.0 ], [ 3208581.0, 5946665.0 ], [ 3208626.0, 5946711.0 ], [ 3208633.0, 5946717.0 ], [ 3208640.0, 5946721.0 ], [ 3208646.0, 5946716.0 ], [ 3208684.0, 5946754.0 ] ] } },
{ "type": "Feature", "properties": { "betweenness_centrality": "0.07468354430379746", "source": "639867754.0", "target": "9230992959.0", "ordering_betweenness_centrality": "13", "length": 3798, "length_cumulative": 75256 }, "geometry": { "type": "LineString", "coordinates": [ [ 3213295.0, 5948457.0 ], [ 3213301.0, 5948446.0 ], [ 3213325.0, 5948407.0 ], [ 3213336.0, 5948381.0 ], [ 3213395.0, 5948397.0 ], [ 3213454.0, 5948412.0 ], [ 3213497.0, 5948422.0 ], [ 3213511.0, 5948425.0 ], [ 3213524.0, 5948427.0 ], [ 3213673.0, 5948442.0 ], [ 3213683.0, 5948441.0 ], [ 3213738.0, 5948429.0 ], [ 3213761.0, 5948379.0 ], [ 3213769.0, 5948345.0 ], [ 3213770.0, 5948323.0 ], [ 3213783.0, 5948285.0 ], [ 3213801.0, 5948278.0 ], [ 3213836.0, 5948265.0 ], [ 3213889.0, 5948253.0 ], [ 3213884.0, 5948231.0 ], [ 3213894.0, 5948230.0 ], [ 3213908.0, 5948228.0 ], [ 3213995.0, 5948217.0 ], [ 3214015.0, 5948215.0 ], [ 3214052.0, 5948211.0 ], [ 3214117.0, 5948203.0 ], [ 3214185.0, 5948195.0 ], [ 3214213.0, 5948188.0 ], [ 3214268.0, 5948189.0 ], [ 3214293.0, 5948180.0 ], [ 3214311.0, 5948178.0 ], [ 3214358.0, 5948197.0 ], [ 3214373.0, 5948199.0 ], [ 3214402.0, 5948186.0 ], [ 3214446.0, 5948178.0 ], [ 3214456.0, 5948191.0 ], [ 3214507.0, 5948234.0 ], [ 3214517.0, 5948253.0 ], [ 3214550.0, 5948247.0 ], [ 3214625.0, 5948233.0 ], [ 3214698.0, 5948220.0 ], [ 3214789.0, 5948204.0 ], [ 3214806.0, 5948292.0 ], [ 3214810.0, 5948310.0 ], [ 3214856.0, 5948271.0 ], [ 3214861.0, 5948268.0 ], [ 3214865.0, 5948268.0 ], [ 3214870.0, 5948270.0 ], [ 3214877.0, 5948278.0 ], [ 3214917.0, 5948338.0 ], [ 3214925.0, 5948347.0 ], [ 3214954.0, 5948369.0 ], [ 3214962.0, 5948375.0 ], [ 3214977.0, 5948407.0 ], [ 3214997.0, 5948446.0 ], [ 3215013.0, 5948465.0 ], [ 3215045.0, 5948456.0 ], [ 3215084.0, 5948444.0 ], [ 3215171.0, 5948420.0 ], [ 3215271.0, 5948394.0 ], [ 3215284.0, 5948391.0 ], [ 3215301.0, 5948387.0 ], [ 3215341.0, 5948381.0 ], [ 3215366.0, 5948389.0 ], [ 3215374.0, 5948391.0 ], [ 3215447.0, 5948349.0 ], [ 3215743.0, 5948161.0 ], [ 3215754.0, 5948165.0 ], [ 3215766.0, 5948166.0 ], [ 3215855.0, 5948164.0 ], [ 3215852.0, 5948149.0 ], [ 3215886.0, 5948147.0 ], [ 3215910.0, 5948146.0 ], [ 3215913.0, 5948149.0 ], [ 3215923.0, 5948159.0 ], [ 3215942.0, 5948158.0 ], [ 3215949.0, 5948158.0 ], [ 3215957.0, 5948157.0 ], [ 3215974.0, 5948156.0 ], [ 3215979.0, 5948156.0 ], [ 3215983.0, 5948156.0 ], [ 3215999.0, 5948155.0 ], [ 3216008.0, 5948155.0 ], [ 3216018.0, 5948154.0 ], [ 3216022.0, 5948154.0 ], [ 3216021.0, 5948138.0 ], [ 3216022.0, 5948133.0 ], [ 3216025.0, 5948130.0 ], [ 3216031.0, 5948126.0 ], [ 3216038.0, 5948123.0 ], [ 3216038.0, 5948112.0 ], [ 3216078.0, 5948110.0 ], [ 3216111.0, 5948109.0 ], [ 3216136.0, 5948109.0 ], [ 3216149.0, 5948110.0 ], [ 3216163.0, 5948111.0 ], [ 3216189.0, 5948117.0 ], [ 3216193.0, 5948118.0 ], [ 3216213.0, 5948126.0 ], [ 3216233.0, 5948134.0 ], [ 3216260.0, 5948148.0 ], [ 3216302.0, 5948170.0 ], [ 3216373.0, 5948208.0 ], [ 3216376.0, 5948210.0 ], [ 3216381.0, 5948202.0 ], [ 3216384.0, 5948196.0 ], [ 3216387.0, 5948191.0 ], [ 3216391.0, 5948188.0 ], [ 3216466.0, 5948227.0 ] ] } },
{ "type": "Feature", "properties": { "betweenness_centrality": "0.07088607594936709", "source": "9708504905.0", "target": "6673697291.0", "ordering_betweenness_centrality": "14", "length": 5236, "length_cumulative": 80493 }, "geometry": { "type": "MultiLineString", "coordinates": [ [ [ 3218485.0, 5940659.0 ], [ 3218453.0, 5940693.0 ], [ 3218404.0, 5940744.0 ], [ 3218382.0, 5940767.0 ], [ 3218360.0, 5940790.0 ], [ 3218351.0, 5940800.0 ], [ 3218310.0, 5940843.0 ], [ 3218304.0, 5940849.0 ], [ 3218288.0, 5940866.0 ], [ 3218276.0, 5940878.0 ], [ 3218207.0, 5940954.0 ] ], [ [ 3218207.0, 5940954.0 ], [ 3218144.0, 5941017.0 ], [ 3218120.0, 5941042.0 ], [ 3218114.0, 5941048.0 ], [ 3218091.0, 5941070.0 ], [ 3218087.0, 5941073.0 ], [ 3218081.0, 5941078.0 ], [ 3218070.0, 5941086.0 ], [ 3218058.0, 5941094.0 ], [ 3218049.0, 5941100.0 ], [ 3218046.0, 5941101.0 ], [ 3218037.0, 5941109.0 ], [ 3218028.0, 5941123.0 ], [ 3218025.0, 5941127.0 ], [ 3218016.0, 5941136.0 ], [ 3218008.0, 5941143.0 ], [ 3218000.0, 5941151.0 ], [ 3217993.0, 5941160.0 ], [ 3217987.0, 5941170.0 ], [ 3217981.0, 5941179.0 ], [ 3217973.0, 5941191.0 ], [ 3217956.0, 5941222.0 ], [ 3217950.0, 5941239.0 ], [ 3217950.0, 5941242.0 ], [ 3217947.0, 5941270.0 ], [ 3217946.0, 5941282.0 ], [ 3217938.0, 5941358.0 ], [ 3217952.0, 5941374.0 ], [ 3218087.0, 5941525.0 ], [ 3218169.0, 5941614.0 ], [ 3218235.0, 5941687.0 ], [ 3218246.0, 5941699.0 ], [ 3218347.0, 5941810.0 ], [ 3218364.0, 5941831.0 ], [ 3218376.0, 5941846.0 ], [ 3218390.0, 5941861.0 ], [ 3218456.0, 5941937.0 ], [ 3218492.0, 5941979.0 ], [ 3218549.0, 5942045.0 ], [ 3218570.0, 5942070.0 ], [ 3218631.0, 5942139.0 ], [ 3218683.0, 5942199.0 ], [ 3218688.0, 5942205.0 ], [ 3218726.0, 5942246.0 ], [ 3218811.0, 5942344.0 ], [ 3218848.0, 5942379.0 ], [ 3219060.0, 5942576.0 ], [ 3219075.0, 5942590.0 ], [ 3219121.0, 5942642.0 ], [ 3219164.0, 5942725.0 ], [ 3219221.0, 5942838.0 ], [ 3219246.0, 5942886.0 ], [ 3219284.0, 5942961.0 ], [ 3219303.0, 5942994.0 ], [ 3219313.0, 5943007.0 ], [ 3219327.0, 5943021.0 ], [ 3219351.0, 5943042.0 ], [ 3219413.0, 5943090.0 ], [ 3219484.0, 5943144.0 ], [ 3219505.0, 5943161.0 ], [ 3219561.0, 5943202.0 ], [ 3219578.0, 5943215.0 ], [ 3219642.0, 5943264.0 ], [ 3219676.0, 5943289.0 ], [ 3219749.0, 5943347.0 ], [ 3219902.0, 5943476.0 ], [ 3219965.0, 5943525.0 ], [ 3220079.0, 5943613.0 ], [ 3220159.0, 5943675.0 ], [ 3220399.0, 5943862.0 ], [ 3220483.0, 5943924.0 ], [ 3220513.0, 5943941.0 ], [ 3220540.0, 5943950.0 ], [ 3220562.0, 5943952.0 ], [ 3220594.0, 5943947.0 ], [ 3220623.0, 5943942.0 ], [ 3220675.0, 5943925.0 ], [ 3220718.0, 5943911.0 ], [ 3220760.0, 5943895.0 ], [ 3220810.0, 5943874.0 ], [ 3220948.0, 5943812.0 ], [ 3220995.0, 5943790.0 ], [ 3221035.0, 5943771.0 ], [ 3221068.0, 5943756.0 ], [ 3221093.0, 5943745.0 ], [ 3221112.0, 5943742.0 ] ] ] } },
{ "type": "Feature", "properties": { "betweenness_centrality": "0.06993670886075949", "source": "8756146654.0", "target": "365980330.0", "ordering_betweenness_centrality": "15", "length": 3443, "length_cumulative": 83937 }, "geometry": { "type": "LineString", "coordinates": [ [ 3203825.0, 5947781.0 ], [ 3203833.0, 5947791.0 ], [ 3203859.0, 5947827.0 ], [ 3203885.0, 5947861.0 ], [ 3203891.0, 5947858.0 ], [ 3203912.0, 5947843.0 ], [ 3203928.0, 5947832.0 ], [ 3203942.0, 5947822.0 ], [ 3203956.0, 5947812.0 ], [ 3204021.0, 5947766.0 ], [ 3204139.0, 5947681.0 ], [ 3204150.0, 5947674.0 ], [ 3204226.0, 5947618.0 ], [ 3204233.0, 5947613.0 ], [ 3204235.0, 5947612.0 ], [ 3204315.0, 5947555.0 ], [ 3204318.0, 5947560.0 ], [ 3204494.0, 5947434.0 ], [ 3204572.0, 5947379.0 ], [ 3204627.0, 5947339.0 ], [ 3204653.0, 5947320.0 ], [ 3204726.0, 5947267.0 ], [ 3204772.0, 5947234.0 ], [ 3204788.0, 5947222.0 ], [ 3204806.0, 5947209.0 ], [ 3204836.0, 5947187.0 ], [ 3204914.0, 5947130.0 ], [ 3204919.0, 5947138.0 ], [ 3204925.0, 5947138.0 ], [ 3204932.0, 5947139.0 ], [ 3204942.0, 5947132.0 ], [ 3204955.0, 5947123.0 ], [ 3204955.0, 5947124.0 ], [ 3204971.0, 5947147.0 ], [ 3205001.0, 5947187.0 ], [ 3205043.0, 5947157.0 ], [ 3205060.0, 5947162.0 ], [ 3205118.0, 5947159.0 ], [ 3205173.0, 5947148.0 ], [ 3205187.0, 5947142.0 ], [ 3205191.0, 5947134.0 ], [ 3205203.0, 5947111.0 ], [ 3205217.0, 5947084.0 ], [ 3205236.0, 5947095.0 ], [ 3205246.0, 5947101.0 ], [ 3205255.0, 5947106.0 ], [ 3205254.0, 5947109.0 ], [ 3205264.0, 5947117.0 ], [ 3205299.0, 5947049.0 ], [ 3205302.0, 5947054.0 ], [ 3205321.0, 5947038.0 ], [ 3205328.0, 5947034.0 ], [ 3205334.0, 5947031.0 ], [ 3205339.0, 5947026.0 ], [ 3205366.0, 5947004.0 ], [ 3205370.0, 5947002.0 ], [ 3205382.0, 5946993.0 ], [ 3205382.0, 5946985.0 ], [ 3205383.0, 5946984.0 ], [ 3205389.0, 5946974.0 ], [ 3205391.0, 5946972.0 ], [ 3205395.0, 5946964.0 ], [ 3205468.0, 5947005.0 ], [ 3205542.0, 5947047.0 ], [ 3205551.0, 5947052.0 ], [ 3205609.0, 5947084.0 ], [ 3205611.0, 5947099.0 ], [ 3205615.0, 5947103.0 ], [ 3205636.0, 5947125.0 ], [ 3205663.0, 5947151.0 ], [ 3205667.0, 5947159.0 ], [ 3205686.0, 5947177.0 ], [ 3205694.0, 5947183.0 ], [ 3205708.0, 5947196.0 ], [ 3205741.0, 5947223.0 ], [ 3205780.0, 5947256.0 ], [ 3205815.0, 5947285.0 ], [ 3205845.0, 5947312.0 ], [ 3205895.0, 5947356.0 ], [ 3205902.0, 5947362.0 ], [ 3205958.0, 5947409.0 ], [ 3205985.0, 5947432.0 ], [ 3206002.0, 5947448.0 ], [ 3206016.0, 5947460.0 ], [ 3206036.0, 5947477.0 ], [ 3206047.0, 5947487.0 ], [ 3206070.0, 5947508.0 ], [ 3206092.0, 5947527.0 ], [ 3206148.0, 5947576.0 ], [ 3206170.0, 5947596.0 ], [ 3206201.0, 5947622.0 ], [ 3206205.0, 5947626.0 ], [ 3206269.0, 5947683.0 ], [ 3206277.0, 5947690.0 ], [ 3206273.0, 5947694.0 ], [ 3206332.0, 5947746.0 ], [ 3206402.0, 5947808.0 ], [ 3206431.0, 5947832.0 ], [ 3206433.0, 5947835.0 ], [ 3206434.0, 5947838.0 ], [ 3206433.0, 5947841.0 ], [ 3206439.0, 5947846.0 ], [ 3206444.0, 5947850.0 ], [ 3206446.0, 5947851.0 ], [ 3206454.0, 5947859.0 ] ] } },
{ "type": "Feature", "properties": { "betweenness_centrality": "0.06518987341772152", "source": "2329454627.0", "target": "1297178814.0", "ordering_betweenness_centrality": "16", "length": 6676, "length_cumulative": 90613 }, "geometry": { "type": "LineString", "coordinates": [ [ 3218126.0, 5940651.0 ], [ 3218103.0, 5940649.0 ], [ 3218092.0, 5940648.0 ], [ 3218051.0, 5940645.0 ], [ 3218038.0, 5940645.0 ], [ 3218051.0, 5940546.0 ], [ 3218058.0, 5940472.0 ], [ 3218062.0, 5940445.0 ], [ 3218063.0, 5940436.0 ], [ 3218063.0, 5940435.0 ], [ 3218068.0, 5940395.0 ], [ 3218073.0, 5940345.0 ], [ 3218074.0, 5940306.0 ], [ 3218072.0, 5940256.0 ], [ 3218071.0, 5940248.0 ], [ 3218068.0, 5940221.0 ], [ 3218062.0, 5940187.0 ], [ 3218049.0, 5940137.0 ], [ 3218035.0, 5940087.0 ], [ 3218019.0, 5940053.0 ], [ 3218004.0, 5940019.0 ], [ 3217991.0, 5939997.0 ], [ 3217981.0, 5939980.0 ], [ 3217954.0, 5939930.0 ], [ 3217920.0, 5939875.0 ], [ 3217887.0, 5939827.0 ], [ 3217874.0, 5939834.0 ], [ 3217870.0, 5939834.0 ], [ 3217858.0, 5939833.0 ], [ 3217845.0, 5939829.0 ], [ 3217823.0, 5939820.0 ], [ 3217805.0, 5939810.0 ], [ 3217784.0, 5939797.0 ], [ 3217776.0, 5939790.0 ], [ 3217769.0, 5939783.0 ], [ 3217759.0, 5939770.0 ], [ 3217737.0, 5939741.0 ], [ 3217698.0, 5939690.0 ], [ 3217657.0, 5939637.0 ], [ 3217643.0, 5939624.0 ], [ 3217626.0, 5939612.0 ], [ 3217607.0, 5939601.0 ], [ 3217584.0, 5939632.0 ], [ 3217563.0, 5939664.0 ], [ 3217518.0, 5939739.0 ], [ 3217470.0, 5939805.0 ], [ 3217457.0, 5939804.0 ], [ 3217441.0, 5939799.0 ], [ 3217429.0, 5939793.0 ], [ 3217418.0, 5939782.0 ], [ 3217410.0, 5939760.0 ], [ 3217439.0, 5939705.0 ], [ 3217411.0, 5939692.0 ], [ 3217360.0, 5939671.0 ], [ 3217346.0, 5939666.0 ], [ 3217334.0, 5939658.0 ], [ 3217327.0, 5939650.0 ], [ 3217321.0, 5939641.0 ], [ 3217316.0, 5939636.0 ], [ 3217310.0, 5939635.0 ], [ 3217304.0, 5939636.0 ], [ 3217295.0, 5939642.0 ], [ 3217277.0, 5939657.0 ], [ 3217263.0, 5939668.0 ], [ 3217257.0, 5939671.0 ], [ 3217251.0, 5939672.0 ], [ 3217244.0, 5939672.0 ], [ 3217233.0, 5939681.0 ], [ 3217140.0, 5939758.0 ], [ 3217104.0, 5939785.0 ], [ 3217079.0, 5939804.0 ], [ 3217054.0, 5939821.0 ], [ 3217016.0, 5939844.0 ], [ 3216987.0, 5939861.0 ], [ 3216984.0, 5939863.0 ], [ 3216929.0, 5939896.0 ], [ 3216718.0, 5940025.0 ], [ 3216547.0, 5940126.0 ], [ 3216539.0, 5940125.0 ], [ 3216533.0, 5940125.0 ], [ 3216521.0, 5940123.0 ], [ 3216510.0, 5940117.0 ], [ 3216502.0, 5940111.0 ], [ 3216500.0, 5940109.0 ], [ 3216494.0, 5940105.0 ], [ 3216489.0, 5940102.0 ], [ 3216483.0, 5940100.0 ], [ 3216475.0, 5940098.0 ], [ 3216461.0, 5940090.0 ], [ 3216452.0, 5940084.0 ], [ 3216441.0, 5940078.0 ], [ 3216423.0, 5940071.0 ], [ 3216407.0, 5940065.0 ], [ 3216389.0, 5940060.0 ], [ 3216374.0, 5940055.0 ], [ 3216362.0, 5940050.0 ], [ 3216354.0, 5940046.0 ], [ 3216341.0, 5940024.0 ], [ 3216293.0, 5940050.0 ], [ 3216280.0, 5940058.0 ], [ 3216190.0, 5940110.0 ], [ 3216114.0, 5940153.0 ], [ 3215864.0, 5940300.0 ], [ 3215761.0, 5940361.0 ], [ 3215754.0, 5940365.0 ], [ 3215606.0, 5940453.0 ], [ 3215524.0, 5940501.0 ], [ 3215510.0, 5940509.0 ], [ 3215499.0, 5940511.0 ], [ 3215494.0, 5940511.0 ], [ 3215489.0, 5940508.0 ], [ 3215483.0, 5940501.0 ], [ 3215393.0, 5940567.0 ], [ 3215391.0, 5940568.0 ], [ 3215390.0, 5940568.0 ], [ 3215388.0, 5940568.0 ], [ 3215386.0, 5940567.0 ], [ 3215353.0, 5940541.0 ], [ 3215324.0, 5940579.0 ], [ 3215320.0, 5940586.0 ], [ 3215314.0, 5940582.0 ], [ 3215302.0, 5940571.0 ], [ 3215268.0, 5940620.0 ], [ 3215233.0, 5940674.0 ], [ 3215200.0, 5940722.0 ], [ 3215170.0, 5940765.0 ], [ 3215162.0, 5940774.0 ], [ 3215154.0, 5940781.0 ], [ 3215130.0, 5940802.0 ], [ 3215123.0, 5940808.0 ], [ 3215068.0, 5940852.0 ], [ 3215061.0, 5940858.0 ], [ 3215022.0, 5940890.0 ], [ 3214999.0, 5940909.0 ], [ 3214959.0, 5940941.0 ], [ 3214920.0, 5940974.0 ], [ 3214904.0, 5940987.0 ], [ 3214857.0, 5941029.0 ], [ 3214852.0, 5941034.0 ], [ 3214812.0, 5941071.0 ], [ 3214762.0, 5941124.0 ], [ 3214729.0, 5941164.0 ], [ 3214634.0, 5941292.0 ], [ 3214491.0, 5941484.0 ], [ 3214404.0, 5941601.0 ], [ 3214388.0, 5941624.0 ], [ 3214352.0, 5941671.0 ], [ 3214342.0, 5941686.0 ], [ 3214330.0, 5941702.0 ], [ 3214281.0, 5941769.0 ], [ 3214242.0, 5941822.0 ], [ 3214196.0, 5941876.0 ], [ 3214140.0, 5941939.0 ], [ 3214123.0, 5941959.0 ], [ 3214097.0, 5941987.0 ], [ 3214075.0, 5942012.0 ], [ 3214053.0, 5942038.0 ], [ 3214020.0, 5942081.0 ], [ 3213993.0, 5942118.0 ], [ 3213969.0, 5942150.0 ], [ 3213933.0, 5942205.0 ], [ 3213918.0, 5942229.0 ], [ 3213900.0, 5942257.0 ], [ 3213872.0, 5942305.0 ], [ 3213867.0, 5942313.0 ], [ 3213834.0, 5942372.0 ], [ 3213791.0, 5942447.0 ] ] } },
{ "type": "Feature", "properties": { "betweenness_centrality": "0.06500527426160335", "source": "7289796227.0", "target": "3709913404.0", "ordering_betweenness_centrality": "17", "length": 510, "length_cumulative": 91124 }, "geometry": { "type": "LineString", "coordinates": [ [ 3217836.0, 5938747.0 ], [ 3217849.0, 5938754.0 ], [ 3217852.0, 5938756.0 ], [ 3217856.0, 5938758.0 ], [ 3217863.0, 5938762.0 ], [ 3217872.0, 5938767.0 ], [ 3217878.0, 5938772.0 ], [ 3217888.0, 5938778.0 ], [ 3217892.0, 5938781.0 ], [ 3217894.0, 5938782.0 ], [ 3217899.0, 5938786.0 ], [ 3217900.0, 5938787.0 ], [ 3217902.0, 5938788.0 ], [ 3217905.0, 5938792.0 ], [ 3217906.0, 5938792.0 ], [ 3217907.0, 5938793.0 ], [ 3217911.0, 5938796.0 ], [ 3217912.0, 5938797.0 ], [ 3217915.0, 5938798.0 ], [ 3217917.0, 5938798.0 ], [ 3217920.0, 5938798.0 ], [ 3217926.0, 5938797.0 ], [ 3217933.0, 5938795.0 ], [ 3217943.0, 5938793.0 ], [ 3217961.0, 5938786.0 ], [ 3217969.0, 5938783.0 ], [ 3217974.0, 5938780.0 ], [ 3217978.0, 5938778.0 ], [ 3217983.0, 5938774.0 ], [ 3217987.0, 5938769.0 ], [ 3217990.0, 5938764.0 ], [ 3218006.0, 5938736.0 ], [ 3218055.0, 5938646.0 ], [ 3218060.0, 5938650.0 ], [ 3218068.0, 5938655.0 ], [ 3218076.0, 5938664.0 ], [ 3218079.0, 5938668.0 ], [ 3218083.0, 5938672.0 ], [ 3218110.0, 5938692.0 ], [ 3218141.0, 5938713.0 ], [ 3218171.0, 5938739.0 ], [ 3218177.0, 5938745.0 ], [ 3218181.0, 5938751.0 ], [ 3218198.0, 5938778.0 ] ] } },
{ "type": "Feature", "properties": { "betweenness_centrality": "0.06329113924050633", "source": "7286208647.0", "target": "8863683260.0", "ordering_betweenness_centrality": "18", "length": 195, "length_cumulative": 91319 }, "geometry": { "type": "LineString", "coordinates": [ [ 3210987.0, 5947241.0 ], [ 3211005.0, 5947258.0 ], [ 3210971.0, 5947292.0 ], [ 3210970.0, 5947296.0 ], [ 3210969.0, 5947301.0 ], [ 3210970.0, 5947306.0 ], [ 3210971.0, 5947312.0 ], [ 3211043.0, 5947385.0 ] ] } },
{ "type": "Feature", "properties": { "betweenness_centrality": "0.06044303797468355", "source": "7986289496.0", "target": "7286208647.0", "ordering_betweenness_centrality": "19", "length": 1523, "length_cumulative": 92843 }, "geometry": { "type": "LineString", "coordinates": [ [ 3209805.0, 5945956.0 ], [ 3209808.0, 5945959.0 ], [ 3210002.0, 5946159.0 ], [ 3210006.0, 5946163.0 ], [ 3210012.0, 5946169.0 ], [ 3210023.0, 5946180.0 ], [ 3210120.0, 5946275.0 ], [ 3210138.0, 5946293.0 ], [ 3210142.0, 5946297.0 ], [ 3210249.0, 5946406.0 ], [ 3210259.0, 5946417.0 ], [ 3210264.0, 5946421.0 ], [ 3210268.0, 5946425.0 ], [ 3210383.0, 5946538.0 ], [ 3210394.0, 5946549.0 ], [ 3210401.0, 5946557.0 ], [ 3210407.0, 5946563.0 ], [ 3210414.0, 5946569.0 ], [ 3210422.0, 5946578.0 ], [ 3210587.0, 5946748.0 ], [ 3210609.0, 5946769.0 ], [ 3210635.0, 5946794.0 ], [ 3210650.0, 5946808.0 ], [ 3210656.0, 5946812.0 ], [ 3210664.0, 5946816.0 ], [ 3210674.0, 5946821.0 ], [ 3210679.0, 5946822.0 ], [ 3210696.0, 5946827.0 ], [ 3210714.0, 5946832.0 ], [ 3210771.0, 5946847.0 ], [ 3210769.0, 5946859.0 ], [ 3210930.0, 5946901.0 ], [ 3210946.0, 5946906.0 ] ] } },
{ "type": "Feature", "properties": { "betweenness_centrality": "0.060363924050632914", "source": "6475014530.0", "target": "286571045.0", "ordering_betweenness_centrality": "20", "length": 1056, "length_cumulative": 93900 }, "geometry": { "type": "LineString", "coordinates": [ [ 3209216.0, 5940171.0 ], [ 3209272.0, 5940110.0 ], [ 3209305.0, 5940075.0 ], [ 3209317.0, 5940063.0 ], [ 3209446.0, 5939921.0 ], [ 3209461.0, 5939903.0 ], [ 3209508.0, 5939842.0 ], [ 3209534.0, 5939808.0 ], [ 3209559.0, 5939776.0 ], [ 3209567.0, 5939765.0 ], [ 3209568.0, 5939764.0 ], [ 3209586.0, 5939740.0 ], [ 3209604.0, 5939717.0 ], [ 3209635.0, 5939681.0 ], [ 3209658.0, 5939655.0 ], [ 3209671.0, 5939641.0 ], [ 3209683.0, 5939630.0 ], [ 3209728.0, 5939586.0 ], [ 3209732.0, 5939582.0 ], [ 3209739.0, 5939575.0 ], [ 3209783.0, 5939534.0 ], [ 3209826.0, 5939493.0 ], [ 3209842.0, 5939478.0 ], [ 3209852.0, 5939469.0 ], [ 3209889.0, 5939433.0 ], [ 3209913.0, 5939411.0 ], [ 3209931.0, 5939395.0 ] ] } },
{ "type": "Feature", "properties": { "betweenness_centrality": "0.05949367088607595", "source": "286502007.0", "target": "286502185.0", "ordering_betweenness_centrality": "21", "length": 3327, "length_cumulative": 97227 }, "geometry": { "type": "LineString", "coordinates": [ [ 3205994.0, 5941251.0 ], [ 3205983.0, 5941271.0 ], [ 3205977.0, 5941281.0 ], [ 3205974.0, 5941289.0 ], [ 3205979.0, 5941291.0 ], [ 3206026.0, 5941316.0 ], [ 3206031.0, 5941329.0 ], [ 3206034.0, 5941330.0 ], [ 3206039.0, 5941331.0 ], [ 3206101.0, 5941364.0 ], [ 3206112.0, 5941370.0 ], [ 3206122.0, 5941375.0 ], [ 3206126.0, 5941377.0 ], [ 3206138.0, 5941383.0 ], [ 3206156.0, 5941393.0 ], [ 3206161.0, 5941395.0 ], [ 3206170.0, 5941396.0 ], [ 3206175.0, 5941396.0 ], [ 3206182.0, 5941394.0 ], [ 3206190.0, 5941393.0 ], [ 3206204.0, 5941398.0 ], [ 3206272.0, 5941434.0 ], [ 3206339.0, 5941469.0 ], [ 3206418.0, 5941511.0 ], [ 3206466.0, 5941536.0 ], [ 3206516.0, 5941562.0 ], [ 3206618.0, 5941614.0 ], [ 3206631.0, 5941621.0 ], [ 3206645.0, 5941629.0 ], [ 3206737.0, 5941676.0 ], [ 3206788.0, 5941704.0 ], [ 3206834.0, 5941727.0 ], [ 3206839.0, 5941724.0 ], [ 3206842.0, 5941721.0 ], [ 3206847.0, 5941717.0 ], [ 3206847.0, 5941712.0 ], [ 3206865.0, 5941697.0 ], [ 3206890.0, 5941675.0 ], [ 3206899.0, 5941668.0 ], [ 3206902.0, 5941667.0 ], [ 3206905.0, 5941666.0 ], [ 3206909.0, 5941667.0 ], [ 3206923.0, 5941679.0 ], [ 3206931.0, 5941668.0 ], [ 3206943.0, 5941653.0 ], [ 3206950.0, 5941645.0 ], [ 3206958.0, 5941636.0 ], [ 3206989.0, 5941607.0 ], [ 3207008.0, 5941589.0 ], [ 3207049.0, 5941551.0 ], [ 3207055.0, 5941544.0 ], [ 3207094.0, 5941509.0 ], [ 3207132.0, 5941473.0 ], [ 3207161.0, 5941446.0 ], [ 3207189.0, 5941419.0 ], [ 3207273.0, 5941340.0 ], [ 3207326.0, 5941293.0 ], [ 3207337.0, 5941284.0 ], [ 3207369.0, 5941258.0 ], [ 3207394.0, 5941240.0 ], [ 3207419.0, 5941224.0 ], [ 3207456.0, 5941202.0 ], [ 3207588.0, 5941124.0 ], [ 3207642.0, 5941092.0 ], [ 3207662.0, 5941080.0 ], [ 3207682.0, 5941069.0 ], [ 3207694.0, 5941063.0 ], [ 3207731.0, 5941041.0 ], [ 3207738.0, 5941037.0 ], [ 3207847.0, 5940972.0 ], [ 3207894.0, 5940944.0 ], [ 3207907.0, 5940936.0 ], [ 3207959.0, 5940906.0 ], [ 3208037.0, 5940859.0 ], [ 3208058.0, 5940847.0 ], [ 3208071.0, 5940839.0 ], [ 3208089.0, 5940827.0 ], [ 3208096.0, 5940822.0 ], [ 3208111.0, 5940811.0 ], [ 3208125.0, 5940799.0 ], [ 3208129.0, 5940794.0 ], [ 3208146.0, 5940779.0 ], [ 3208163.0, 5940763.0 ], [ 3208172.0, 5940755.0 ], [ 3208177.0, 5940750.0 ], [ 3208228.0, 5940702.0 ], [ 3208234.0, 5940697.0 ], [ 3208240.0, 5940691.0 ], [ 3208243.0, 5940688.0 ], [ 3208251.0, 5940681.0 ], [ 3208253.0, 5940679.0 ], [ 3208265.0, 5940669.0 ], [ 3208279.0, 5940658.0 ], [ 3208287.0, 5940622.0 ], [ 3208288.0, 5940619.0 ], [ 3208291.0, 5940606.0 ], [ 3208304.0, 5940557.0 ], [ 3208314.0, 5940527.0 ], [ 3208319.0, 5940507.0 ], [ 3208332.0, 5940463.0 ], [ 3208343.0, 5940424.0 ], [ 3208345.0, 5940415.0 ], [ 3208352.0, 5940394.0 ], [ 3208358.0, 5940370.0 ], [ 3208363.0, 5940355.0 ], [ 3208368.0, 5940335.0 ], [ 3208377.0, 5940305.0 ], [ 3208398.0, 5940232.0 ], [ 3208406.0, 5940205.0 ], [ 3208410.0, 5940192.0 ] ] } },
{ "type": "Feature", "properties": { "betweenness_centrality": "0.05949367088607595", "source": "8301406711.0", "target": "12785753466.0", "ordering_betweenness_centrality": "22", "length": 2021, "length_cumulative": 99249 }, "geometry": { "type": "MultiLineString", "coordinates": [ [ [ 3209458.0, 5945594.0 ], [ 3209457.0, 5945592.0 ] ], [ [ 3209603.0, 5945447.0 ], [ 3209465.0, 5945293.0 ], [ 3209468.0, 5945290.0 ], [ 3209469.0, 5945284.0 ], [ 3209463.0, 5945277.0 ], [ 3209598.0, 5945145.0 ], [ 3209607.0, 5945136.0 ], [ 3209615.0, 5945128.0 ], [ 3209664.0, 5945079.0 ], [ 3209750.0, 5944992.0 ], [ 3209762.0, 5944980.0 ], [ 3209769.0, 5944973.0 ], [ 3209906.0, 5944837.0 ], [ 3209902.0, 5944833.0 ], [ 3209900.0, 5944832.0 ], [ 3209904.0, 5944823.0 ], [ 3209907.0, 5944820.0 ], [ 3209912.0, 5944816.0 ], [ 3209917.0, 5944812.0 ], [ 3210007.0, 5944725.0 ], [ 3210010.0, 5944722.0 ], [ 3210122.0, 5944610.0 ], [ 3210133.0, 5944599.0 ], [ 3210143.0, 5944589.0 ], [ 3210279.0, 5944457.0 ], [ 3210346.0, 5944389.0 ], [ 3210353.0, 5944382.0 ], [ 3210363.0, 5944372.0 ], [ 3210373.0, 5944362.0 ], [ 3210377.0, 5944358.0 ], [ 3210568.0, 5944169.0 ], [ 3210569.0, 5944163.0 ], [ 3210570.0, 5944161.0 ], [ 3210577.0, 5944153.0 ], [ 3210586.0, 5944146.0 ], [ 3210593.0, 5944142.0 ], [ 3210721.0, 5944017.0 ] ] ] } },
{ "type": "Feature", "properties": { "betweenness_centrality": "0.056962025316455694", "source": "12785753466.0", "target": "7146809158.0", "ordering_betweenness_centrality": "23", "length": 1793, "length_cumulative": 101042 }, "geometry": { "type": "LineString", "coordinates": [ [ 3209457.0, 5945592.0 ], [ 3209447.0, 5945582.0 ], [ 3209439.0, 5945591.0 ], [ 3209410.0, 5945561.0 ], [ 3209306.0, 5945456.0 ], [ 3209297.0, 5945447.0 ], [ 3209286.0, 5945436.0 ], [ 3209280.0, 5945442.0 ], [ 3209241.0, 5945402.0 ], [ 3209218.0, 5945379.0 ], [ 3209144.0, 5945304.0 ], [ 3209134.0, 5945293.0 ], [ 3209127.0, 5945287.0 ], [ 3209126.0, 5945283.0 ], [ 3208977.0, 5945131.0 ], [ 3208968.0, 5945121.0 ], [ 3208962.0, 5945116.0 ], [ 3208957.0, 5945111.0 ], [ 3208956.0, 5945108.0 ], [ 3208952.0, 5945104.0 ], [ 3208857.0, 5945004.0 ], [ 3208855.0, 5945008.0 ], [ 3208851.0, 5945012.0 ], [ 3208845.0, 5945003.0 ], [ 3208746.0, 5944927.0 ], [ 3208744.0, 5944930.0 ], [ 3208691.0, 5945000.0 ], [ 3208675.0, 5944988.0 ], [ 3208673.0, 5944986.0 ], [ 3208656.0, 5945008.0 ], [ 3208652.0, 5945011.0 ], [ 3208635.0, 5944998.0 ], [ 3208623.0, 5945014.0 ], [ 3208614.0, 5945007.0 ], [ 3208570.0, 5945065.0 ], [ 3208564.0, 5945061.0 ], [ 3208559.0, 5945058.0 ], [ 3208556.0, 5945057.0 ], [ 3208553.0, 5945058.0 ], [ 3208550.0, 5945061.0 ], [ 3208538.0, 5945077.0 ], [ 3208512.0, 5945055.0 ], [ 3208498.0, 5945042.0 ], [ 3208492.0, 5945049.0 ], [ 3208489.0, 5945046.0 ], [ 3208487.0, 5945048.0 ], [ 3208472.0, 5945037.0 ], [ 3208469.0, 5945034.0 ], [ 3208465.0, 5945031.0 ], [ 3208459.0, 5945026.0 ], [ 3208456.0, 5945028.0 ], [ 3208453.0, 5945030.0 ], [ 3208449.0, 5945030.0 ], [ 3208446.0, 5945029.0 ], [ 3208443.0, 5945027.0 ], [ 3208441.0, 5945025.0 ], [ 3208343.0, 5945053.0 ], [ 3208274.0, 5945073.0 ], [ 3208266.0, 5945071.0 ], [ 3208258.0, 5945068.0 ], [ 3208215.0, 5945052.0 ], [ 3208210.0, 5945049.0 ], [ 3208205.0, 5945046.0 ], [ 3208181.0, 5945045.0 ], [ 3208150.0, 5945037.0 ], [ 3208146.0, 5945030.0 ], [ 3208128.0, 5945003.0 ] ] } },
{ "type": "Feature", "properties": { "betweenness_centrality": "0.05664556962025317", "source": "7578350792.0", "target": "6765195286.0", "ordering_betweenness_centrality": "24", "length": 802, "length_cumulative": 101845 }, "geometry": { "type": "LineString", "coordinates": [ [ 3209543.0, 5947386.0 ], [ 3209547.0, 5947375.0 ], [ 3209548.0, 5947356.0 ], [ 3209564.0, 5947341.0 ], [ 3209587.0, 5947325.0 ], [ 3209668.0, 5947277.0 ], [ 3209684.0, 5947288.0 ], [ 3209705.0, 5947300.0 ], [ 3209728.0, 5947312.0 ], [ 3209737.0, 5947316.0 ], [ 3209795.0, 5947348.0 ], [ 3209869.0, 5947389.0 ], [ 3209776.0, 5947500.0 ], [ 3209867.0, 5947593.0 ], [ 3209932.0, 5947656.0 ], [ 3209943.0, 5947659.0 ], [ 3209956.0, 5947659.0 ], [ 3209964.0, 5947659.0 ] ] } },
{ "type": "Feature", "properties": { "betweenness_centrality": "0.05443037974683544", "source": "12785753466.0", "target": "7986289496.0", "ordering_betweenness_centrality": "25", "length": 512, "length_cumulative": 102357 }, "geometry": { "type": "MultiLineString", "coordinates": [ [ [ 3209458.0, 5945594.0 ], [ 3209461.0, 5945596.0 ], [ 3209464.0, 5945603.0 ], [ 3209457.0, 5945610.0 ], [ 3209582.0, 5945740.0 ], [ 3209592.0, 5945751.0 ], [ 3209601.0, 5945760.0 ], [ 3209662.0, 5945822.0 ], [ 3209750.0, 5945915.0 ], [ 3209752.0, 5945918.0 ] ], [ [ 3209752.0, 5945918.0 ], [ 3209770.0, 5945935.0 ], [ 3209798.0, 5945964.0 ] ] ] } },
{ "type": "Feature", "properties": { "betweenness_centrality": "0.052320675105485236", "source": "7289796227.0", "target": "737279838.0", "ordering_betweenness_centrality": "26", "length": 5455, "length_cumulative": 107812 }, "geometry": { "type": "LineString", "coordinates": [ [ 3219592.0, 5934077.0 ], [ 3219579.0, 5934095.0 ], [ 3219731.0, 5934208.0 ], [ 3219833.0, 5934282.0 ], [ 3219875.0, 5934316.0 ], [ 3219876.0, 5934324.0 ], [ 3219880.0, 5934333.0 ], [ 3219887.0, 5934342.0 ], [ 3219927.0, 5934396.0 ], [ 3219939.0, 5934412.0 ], [ 3219966.0, 5934448.0 ], [ 3219992.0, 5934480.0 ], [ 3220068.0, 5934562.0 ], [ 3220069.0, 5934566.0 ], [ 3220088.0, 5934626.0 ], [ 3220097.0, 5934646.0 ], [ 3220108.0, 5934659.0 ], [ 3220121.0, 5934673.0 ], [ 3220129.0, 5934680.0 ], [ 3220137.0, 5934686.0 ], [ 3220153.0, 5934696.0 ], [ 3220121.0, 5934758.0 ], [ 3220119.0, 5934762.0 ], [ 3220110.0, 5934777.0 ], [ 3220096.0, 5934800.0 ], [ 3220079.0, 5934827.0 ], [ 3220035.0, 5934912.0 ], [ 3220035.0, 5934916.0 ], [ 3220035.0, 5934954.0 ], [ 3220021.0, 5934982.0 ], [ 3220000.0, 5935019.0 ], [ 3219991.0, 5935037.0 ], [ 3219976.0, 5935063.0 ], [ 3219963.0, 5935088.0 ], [ 3219938.0, 5935136.0 ], [ 3219919.0, 5935170.0 ], [ 3219881.0, 5935245.0 ], [ 3219873.0, 5935262.0 ], [ 3219870.0, 5935268.0 ], [ 3219857.0, 5935294.0 ], [ 3219838.0, 5935332.0 ], [ 3219823.0, 5935361.0 ], [ 3219822.0, 5935363.0 ], [ 3219812.0, 5935382.0 ], [ 3219807.0, 5935391.0 ], [ 3219797.0, 5935409.0 ], [ 3219751.0, 5935496.0 ], [ 3219702.0, 5935592.0 ], [ 3219678.0, 5935637.0 ], [ 3219645.0, 5935701.0 ], [ 3219602.0, 5935786.0 ], [ 3219587.0, 5935814.0 ], [ 3219555.0, 5935877.0 ], [ 3219527.0, 5935929.0 ], [ 3219505.0, 5935967.0 ], [ 3219492.0, 5935987.0 ], [ 3219473.0, 5936016.0 ], [ 3219455.0, 5936037.0 ], [ 3219447.0, 5936046.0 ], [ 3219431.0, 5936065.0 ], [ 3219426.0, 5936071.0 ], [ 3219416.0, 5936080.0 ], [ 3219407.0, 5936090.0 ], [ 3219392.0, 5936105.0 ], [ 3219391.0, 5936106.0 ], [ 3219376.0, 5936121.0 ], [ 3219367.0, 5936130.0 ], [ 3219326.0, 5936170.0 ], [ 3219313.0, 5936183.0 ], [ 3219291.0, 5936205.0 ], [ 3219273.0, 5936223.0 ], [ 3219258.0, 5936238.0 ], [ 3219240.0, 5936259.0 ], [ 3219231.0, 5936268.0 ], [ 3219227.0, 5936272.0 ], [ 3219209.0, 5936293.0 ], [ 3219180.0, 5936325.0 ], [ 3219166.0, 5936342.0 ], [ 3219153.0, 5936357.0 ], [ 3219136.0, 5936378.0 ], [ 3219116.0, 5936402.0 ], [ 3219103.0, 5936418.0 ], [ 3219053.0, 5936477.0 ], [ 3219048.0, 5936483.0 ], [ 3219011.0, 5936529.0 ], [ 3218981.0, 5936568.0 ], [ 3218866.0, 5936719.0 ], [ 3218819.0, 5936783.0 ], [ 3218802.0, 5936813.0 ], [ 3218775.0, 5936857.0 ], [ 3218717.0, 5936963.0 ], [ 3218709.0, 5936977.0 ], [ 3218701.0, 5936992.0 ], [ 3218685.0, 5937021.0 ], [ 3218676.0, 5937038.0 ], [ 3218617.0, 5937145.0 ], [ 3218469.0, 5937414.0 ], [ 3218001.0, 5938268.0 ], [ 3217983.0, 5938293.0 ], [ 3217962.0, 5938317.0 ], [ 3217925.0, 5938348.0 ], [ 3217863.0, 5938397.0 ], [ 3217817.0, 5938433.0 ], [ 3217821.0, 5938437.0 ], [ 3217797.0, 5938456.0 ], [ 3217769.0, 5938478.0 ], [ 3217714.0, 5938522.0 ] ] } },
{ "type": "Feature", "properties": { "betweenness_centrality": "0.051819620253164556", "source": "286571045.0", "target": "286502007.0", "ordering_betweenness_centrality": "27", "length": 986, "length_cumulative": 108798 }, "geometry": { "type": "LineString", "coordinates": [ [ 3209216.0, 5940171.0 ], [ 3209205.0, 5940167.0 ], [ 3209197.0, 5940176.0 ], [ 3209143.0, 5940233.0 ], [ 3209131.0, 5940244.0 ], [ 3209117.0, 5940256.0 ], [ 3209107.0, 5940262.0 ], [ 3209095.0, 5940271.0 ], [ 3209070.0, 5940289.0 ], [ 3209047.0, 5940303.0 ], [ 3209028.0, 5940314.0 ], [ 3208996.0, 5940333.0 ], [ 3208958.0, 5940356.0 ], [ 3208926.0, 5940375.0 ], [ 3208914.0, 5940365.0 ], [ 3208906.0, 5940362.0 ], [ 3208872.0, 5940379.0 ], [ 3208859.0, 5940361.0 ], [ 3208856.0, 5940354.0 ], [ 3208842.0, 5940326.0 ], [ 3208837.0, 5940316.0 ], [ 3208830.0, 5940302.0 ], [ 3208817.0, 5940277.0 ], [ 3208808.0, 5940261.0 ], [ 3208803.0, 5940257.0 ], [ 3208798.0, 5940255.0 ], [ 3208793.0, 5940253.0 ], [ 3208787.0, 5940253.0 ], [ 3208781.0, 5940255.0 ], [ 3208759.0, 5940266.0 ], [ 3208746.0, 5940265.0 ], [ 3208740.0, 5940267.0 ], [ 3208702.0, 5940287.0 ], [ 3208690.0, 5940291.0 ], [ 3208678.0, 5940291.0 ], [ 3208660.0, 5940288.0 ], [ 3208644.0, 5940283.0 ], [ 3208636.0, 5940277.0 ], [ 3208627.0, 5940270.0 ], [ 3208608.0, 5940265.0 ], [ 3208561.0, 5940251.0 ], [ 3208483.0, 5940229.0 ], [ 3208420.0, 5940209.0 ], [ 3208406.0, 5940205.0 ] ] } },
{ "type": "Feature", "properties": { "betweenness_centrality": "0.05", "source": "286502185.0", "target": "979846617.0", "ordering_betweenness_centrality": "28", "length": 632, "length_cumulative": 109431 }, "geometry": { "type": "LineString", "coordinates": [ [ 3205974.0, 5941289.0 ], [ 3205968.0, 5941300.0 ], [ 3205963.0, 5941311.0 ], [ 3205950.0, 5941333.0 ], [ 3205931.0, 5941324.0 ], [ 3205886.0, 5941301.0 ], [ 3205784.0, 5941248.0 ], [ 3205755.0, 5941241.0 ], [ 3205686.0, 5941222.0 ], [ 3205681.0, 5941220.0 ], [ 3205573.0, 5941197.0 ], [ 3205493.0, 5941180.0 ], [ 3205476.0, 5941186.0 ], [ 3205461.0, 5941192.0 ], [ 3205451.0, 5941199.0 ], [ 3205425.0, 5941216.0 ], [ 3205410.0, 5941227.0 ] ] } },
{ "type": "Feature", "properties": { "betweenness_centrality": "0.048734177215189876", "source": "12785753466.0", "target": "11717127239.0", "ordering_betweenness_centrality": "29", "length": 1436, "length_cumulative": 110867 }, "geometry": { "type": "LineString", "coordinates": [ [ 3209457.0, 5945610.0 ], [ 3209444.0, 5945623.0 ], [ 3209439.0, 5945628.0 ], [ 3209428.0, 5945638.0 ], [ 3209386.0, 5945679.0 ], [ 3209341.0, 5945723.0 ], [ 3209327.0, 5945736.0 ], [ 3209292.0, 5945766.0 ], [ 3209257.0, 5945799.0 ], [ 3209204.0, 5945851.0 ], [ 3209141.0, 5945915.0 ], [ 3209145.0, 5945923.0 ], [ 3209137.0, 5945930.0 ], [ 3209133.0, 5945935.0 ], [ 3209129.0, 5945939.0 ], [ 3209132.0, 5945942.0 ], [ 3209127.0, 5945948.0 ], [ 3209127.0, 5945957.0 ], [ 3209119.0, 5945970.0 ], [ 3209118.0, 5945971.0 ], [ 3209079.0, 5946094.0 ], [ 3209071.0, 5946119.0 ], [ 3209070.0, 5946121.0 ], [ 3209057.0, 5946158.0 ], [ 3209055.0, 5946166.0 ], [ 3209053.0, 5946172.0 ], [ 3209037.0, 5946227.0 ], [ 3209035.0, 5946234.0 ], [ 3209027.0, 5946255.0 ], [ 3209018.0, 5946280.0 ], [ 3209016.0, 5946288.0 ], [ 3208993.0, 5946359.0 ], [ 3208989.0, 5946372.0 ], [ 3208984.0, 5946379.0 ], [ 3208977.0, 5946387.0 ], [ 3208975.0, 5946385.0 ], [ 3208969.0, 5946391.0 ], [ 3208965.0, 5946394.0 ], [ 3208957.0, 5946387.0 ], [ 3208948.0, 5946396.0 ], [ 3208907.0, 5946438.0 ], [ 3208887.0, 5946459.0 ], [ 3208827.0, 5946521.0 ], [ 3208817.0, 5946531.0 ], [ 3208804.0, 5946545.0 ], [ 3208794.0, 5946555.0 ], [ 3208718.0, 5946631.0 ], [ 3208648.0, 5946702.0 ], [ 3208653.0, 5946709.0 ], [ 3208646.0, 5946716.0 ] ] } },
{ "type": "Feature", "properties": { "betweenness_centrality": "0.048734177215189876", "source": "7986289496.0", "target": "13653718233.0", "ordering_betweenness_centrality": "30", "length": 572, "length_cumulative": 111440 }, "geometry": { "type": "LineString", "coordinates": [ [ 3209798.0, 5945964.0 ], [ 3209801.0, 5945967.0 ], [ 3209796.0, 5945972.0 ], [ 3209788.0, 5945973.0 ], [ 3209781.0, 5945972.0 ], [ 3209772.0, 5945971.0 ], [ 3209668.0, 5946073.0 ], [ 3209635.0, 5946107.0 ], [ 3209630.0, 5946111.0 ], [ 3209625.0, 5946116.0 ], [ 3209591.0, 5946150.0 ], [ 3209489.0, 5946250.0 ], [ 3209482.0, 5946257.0 ], [ 3209479.0, 5946260.0 ], [ 3209471.0, 5946268.0 ], [ 3209463.0, 5946275.0 ], [ 3209430.0, 5946306.0 ], [ 3209393.0, 5946342.0 ], [ 3209387.0, 5946343.0 ] ] } },
{ "type": "Feature", "properties": { "betweenness_centrality": "0.04810126582278481", "source": "7146809158.0", "target": "7524602165.0", "ordering_betweenness_centrality": "31", "length": 1486, "length_cumulative": 112926 }, "geometry": { "type": "LineString", "coordinates": [ [ 3207041.0, 5945260.0 ], [ 3207045.0, 5945261.0 ], [ 3207050.0, 5945269.0 ], [ 3207059.0, 5945277.0 ], [ 3207061.0, 5945279.0 ], [ 3207091.0, 5945300.0 ], [ 3207101.0, 5945314.0 ], [ 3207106.0, 5945327.0 ], [ 3207137.0, 5945343.0 ], [ 3207161.0, 5945356.0 ], [ 3207191.0, 5945372.0 ], [ 3207236.0, 5945396.0 ], [ 3207249.0, 5945402.0 ], [ 3207262.0, 5945410.0 ], [ 3207265.0, 5945411.0 ], [ 3207301.0, 5945430.0 ], [ 3207315.0, 5945437.0 ], [ 3207363.0, 5945462.0 ], [ 3207392.0, 5945476.0 ], [ 3207468.0, 5945515.0 ], [ 3207493.0, 5945528.0 ], [ 3207543.0, 5945553.0 ], [ 3207553.0, 5945535.0 ], [ 3207627.0, 5945574.0 ], [ 3207635.0, 5945578.0 ], [ 3207641.0, 5945581.0 ], [ 3207646.0, 5945582.0 ], [ 3207651.0, 5945581.0 ], [ 3207656.0, 5945579.0 ], [ 3207661.0, 5945576.0 ], [ 3207665.0, 5945571.0 ], [ 3207679.0, 5945547.0 ], [ 3207711.0, 5945496.0 ], [ 3207725.0, 5945505.0 ], [ 3207727.0, 5945500.0 ], [ 3207752.0, 5945460.0 ], [ 3207801.0, 5945392.0 ], [ 3207822.0, 5945363.0 ], [ 3207844.0, 5945341.0 ], [ 3207914.0, 5945291.0 ], [ 3207933.0, 5945279.0 ], [ 3207995.0, 5945227.0 ], [ 3208053.0, 5945175.0 ], [ 3208077.0, 5945155.0 ], [ 3208080.0, 5945153.0 ], [ 3208083.0, 5945150.0 ], [ 3208121.0, 5945121.0 ], [ 3208126.0, 5945104.0 ], [ 3208140.0, 5945066.0 ], [ 3208150.0, 5945037.0 ] ] } },
{ "type": "Feature", "properties": { "betweenness_centrality": "0.04533227848101266", "source": "5702344621.0", "target": "5663696562.0", "ordering_betweenness_centrality": "32", "length": 1106, "length_cumulative": 114032 }, "geometry": { "type": "LineString", "coordinates": [ [ 3217131.0, 5947791.0 ], [ 3217141.0, 5947836.0 ], [ 3217141.0, 5947841.0 ], [ 3217137.0, 5947847.0 ], [ 3217124.0, 5947854.0 ], [ 3217119.0, 5947861.0 ], [ 3217117.0, 5947870.0 ], [ 3217121.0, 5947890.0 ], [ 3217092.0, 5947900.0 ], [ 3217095.0, 5947914.0 ], [ 3217052.0, 5947922.0 ], [ 3217063.0, 5947982.0 ], [ 3217045.0, 5947974.0 ], [ 3217034.0, 5947972.0 ], [ 3217032.0, 5947972.0 ], [ 3217029.0, 5947972.0 ], [ 3217026.0, 5947973.0 ], [ 3217017.0, 5947983.0 ], [ 3217007.0, 5947993.0 ], [ 3216983.0, 5947983.0 ], [ 3216967.0, 5947976.0 ], [ 3216927.0, 5947960.0 ], [ 3216909.0, 5947952.0 ], [ 3216906.0, 5947962.0 ], [ 3216899.0, 5947966.0 ], [ 3216878.0, 5947961.0 ], [ 3216885.0, 5948080.0 ], [ 3216892.0, 5948184.0 ], [ 3216894.0, 5948208.0 ], [ 3216885.0, 5948207.0 ], [ 3216892.0, 5948367.0 ], [ 3216893.0, 5948383.0 ], [ 3216885.0, 5948379.0 ], [ 3216886.0, 5948400.0 ], [ 3216875.0, 5948400.0 ], [ 3216878.0, 5948440.0 ], [ 3216871.0, 5948441.0 ], [ 3216862.0, 5948442.0 ], [ 3216833.0, 5948429.0 ], [ 3216830.0, 5948433.0 ], [ 3216828.0, 5948438.0 ], [ 3216771.0, 5948409.0 ] ] } },
{ "type": "Feature", "properties": { "betweenness_centrality": "0.04367088607594937", "source": "11760451149.0", "target": "7286208647.0", "ordering_betweenness_centrality": "33", "length": 1924, "length_cumulative": 115956 }, "geometry": { "type": "LineString", "coordinates": [ [ 3210946.0, 5946906.0 ], [ 3210986.0, 5946917.0 ], [ 3210993.0, 5946900.0 ], [ 3210996.0, 5946892.0 ], [ 3211005.0, 5946878.0 ], [ 3211032.0, 5946844.0 ], [ 3211044.0, 5946829.0 ], [ 3211043.0, 5946688.0 ], [ 3211044.0, 5946670.0 ], [ 3211051.0, 5946637.0 ], [ 3211074.0, 5946533.0 ], [ 3211075.0, 5946526.0 ], [ 3211075.0, 5946521.0 ], [ 3211073.0, 5946517.0 ], [ 3211071.0, 5946513.0 ], [ 3211049.0, 5946492.0 ], [ 3211045.0, 5946483.0 ], [ 3211121.0, 5946380.0 ], [ 3211066.0, 5946323.0 ], [ 3211039.0, 5946296.0 ], [ 3210873.0, 5946128.0 ], [ 3210842.0, 5946097.0 ], [ 3210766.0, 5946019.0 ], [ 3210763.0, 5946016.0 ], [ 3210738.0, 5945993.0 ], [ 3210730.0, 5945978.0 ], [ 3210724.0, 5945968.0 ], [ 3210666.0, 5945908.0 ], [ 3210611.0, 5945853.0 ], [ 3210603.0, 5945845.0 ], [ 3210590.0, 5945831.0 ], [ 3210480.0, 5945719.0 ], [ 3210474.0, 5945713.0 ], [ 3210463.0, 5945702.0 ], [ 3210458.0, 5945697.0 ], [ 3210312.0, 5945546.0 ], [ 3210256.0, 5945492.0 ], [ 3210238.0, 5945474.0 ], [ 3210222.0, 5945457.0 ] ] } },
{ "type": "Feature", "properties": { "betweenness_centrality": "0.04367088607594937", "source": "665797371.0", "target": "11760451149.0", "ordering_betweenness_centrality": "34", "length": 3193, "length_cumulative": 119150 }, "geometry": { "type": "LineString", "coordinates": [ [ 3210222.0, 5945457.0 ], [ 3210230.0, 5945449.0 ], [ 3210233.0, 5945446.0 ], [ 3210239.0, 5945444.0 ], [ 3210244.0, 5945449.0 ], [ 3210254.0, 5945459.0 ], [ 3210338.0, 5945376.0 ], [ 3210387.0, 5945329.0 ], [ 3210397.0, 5945319.0 ], [ 3210410.0, 5945306.0 ], [ 3210436.0, 5945281.0 ], [ 3210474.0, 5945244.0 ], [ 3210614.0, 5945105.0 ], [ 3210622.0, 5945097.0 ], [ 3210691.0, 5945030.0 ], [ 3210831.0, 5944893.0 ], [ 3210845.0, 5944880.0 ], [ 3210861.0, 5944864.0 ], [ 3210899.0, 5944827.0 ], [ 3210920.0, 5944807.0 ], [ 3210934.0, 5944793.0 ], [ 3210963.0, 5944764.0 ], [ 3210986.0, 5944742.0 ], [ 3211016.0, 5944712.0 ], [ 3211077.0, 5944652.0 ], [ 3211218.0, 5944514.0 ], [ 3211289.0, 5944443.0 ], [ 3211297.0, 5944435.0 ], [ 3211318.0, 5944416.0 ], [ 3211339.0, 5944397.0 ], [ 3211354.0, 5944384.0 ], [ 3211366.0, 5944373.0 ], [ 3211378.0, 5944364.0 ], [ 3211400.0, 5944348.0 ], [ 3211417.0, 5944338.0 ], [ 3211427.0, 5944332.0 ], [ 3211435.0, 5944327.0 ], [ 3211446.0, 5944321.0 ], [ 3211459.0, 5944314.0 ], [ 3211478.0, 5944307.0 ], [ 3211426.0, 5944251.0 ], [ 3211438.0, 5944239.0 ], [ 3211502.0, 5944302.0 ], [ 3211523.0, 5944302.0 ], [ 3211576.0, 5944301.0 ], [ 3211616.0, 5944300.0 ], [ 3211625.0, 5944300.0 ], [ 3211710.0, 5944298.0 ], [ 3211797.0, 5944297.0 ], [ 3211804.0, 5944297.0 ], [ 3211864.0, 5944295.0 ], [ 3211940.0, 5944293.0 ], [ 3211981.0, 5944293.0 ], [ 3211995.0, 5944292.0 ], [ 3212004.0, 5944292.0 ], [ 3212038.0, 5944284.0 ], [ 3212054.0, 5944282.0 ], [ 3212072.0, 5944279.0 ], [ 3212088.0, 5944276.0 ], [ 3212105.0, 5944272.0 ], [ 3212111.0, 5944261.0 ], [ 3212119.0, 5944248.0 ], [ 3212125.0, 5944239.0 ], [ 3212138.0, 5944226.0 ], [ 3212151.0, 5944214.0 ], [ 3212157.0, 5944219.0 ], [ 3212161.0, 5944223.0 ], [ 3212165.0, 5944226.0 ], [ 3212170.0, 5944228.0 ], [ 3212175.0, 5944229.0 ], [ 3212182.0, 5944231.0 ], [ 3212190.0, 5944233.0 ], [ 3212207.0, 5944236.0 ], [ 3212223.0, 5944215.0 ], [ 3212339.0, 5944302.0 ], [ 3212441.0, 5944377.0 ], [ 3212454.0, 5944388.0 ], [ 3212473.0, 5944360.0 ], [ 3212597.0, 5944214.0 ] ] } },
{ "type": "Feature", "properties": { "betweenness_centrality": "0.04367088607594937", "source": "7286208647.0", "target": "639867754.0", "ordering_betweenness_centrality": "35", "length": 3107, "length_cumulative": 122258 }, "geometry": { "type": "MultiLineString", "coordinates": [ [ [ 3213295.0, 5948457.0 ], [ 3213217.0, 5948405.0 ], [ 3213204.0, 5948397.0 ], [ 3213144.0, 5948361.0 ], [ 3213132.0, 5948354.0 ], [ 3213088.0, 5948337.0 ], [ 3213022.0, 5948312.0 ], [ 3212986.0, 5948300.0 ], [ 3212973.0, 5948298.0 ], [ 3212959.0, 5948297.0 ], [ 3212937.0, 5948295.0 ], [ 3212925.0, 5948294.0 ], [ 3212917.0, 5948294.0 ], [ 3212893.0, 5948306.0 ], [ 3212876.0, 5948313.0 ], [ 3212601.0, 5948394.0 ], [ 3212594.0, 5948399.0 ], [ 3212583.0, 5948408.0 ], [ 3212558.0, 5948441.0 ], [ 3212542.0, 5948438.0 ], [ 3212529.0, 5948439.0 ], [ 3212516.0, 5948440.0 ], [ 3212492.0, 5948442.0 ], [ 3212410.0, 5948449.0 ], [ 3212188.0, 5948474.0 ], [ 3212153.0, 5948473.0 ], [ 3212123.0, 5948471.0 ], [ 3212103.0, 5948468.0 ], [ 3212021.0, 5948455.0 ], [ 3212001.0, 5948440.0 ], [ 3211968.0, 5948420.0 ], [ 3211942.0, 5948403.0 ], [ 3211923.0, 5948390.0 ], [ 3211858.0, 5948341.0 ], [ 3211801.0, 5948283.0 ], [ 3211783.0, 5948265.0 ], [ 3211745.0, 5948228.0 ], [ 3211643.0, 5948125.0 ], [ 3211622.0, 5948104.0 ], [ 3211555.0, 5948037.0 ], [ 3211551.0, 5948034.0 ], [ 3211468.0, 5947950.0 ], [ 3211458.0, 5947941.0 ], [ 3211434.0, 5947917.0 ], [ 3211341.0, 5947824.0 ], [ 3211267.0, 5947750.0 ], [ 3211183.0, 5947666.0 ], [ 3211123.0, 5947607.0 ], [ 3211100.0, 5947584.0 ], [ 3211095.0, 5947579.0 ], [ 3211048.0, 5947507.0 ], [ 3211034.0, 5947485.0 ], [ 3211031.0, 5947481.0 ], [ 3210947.0, 5947397.0 ], [ 3210894.0, 5947344.0 ], [ 3210899.0, 5947339.0 ], [ 3210905.0, 5947333.0 ], [ 3210900.0, 5947329.0 ] ], [ [ 3210927.0, 5947300.0 ], [ 3210844.0, 5947216.0 ], [ 3210827.0, 5947198.0 ] ] ] } },
{ "type": "Feature", "properties": { "betweenness_centrality": "0.043037974683544304", "source": "286502185.0", "target": "7146809158.0", "ordering_betweenness_centrality": "36", "length": 5336, "length_cumulative": 127594 }, "geometry": { "type": "LineString", "coordinates": [ [ 3205950.0, 5941333.0 ], [ 3205969.0, 5941361.0 ], [ 3205979.0, 5941369.0 ], [ 3205989.0, 5941376.0 ], [ 3206008.0, 5941389.0 ], [ 3206024.0, 5941399.0 ], [ 3206030.0, 5941402.0 ], [ 3206119.0, 5941450.0 ], [ 3206172.0, 5941476.0 ], [ 3206319.0, 5941553.0 ], [ 3206487.0, 5941640.0 ], [ 3206482.0, 5941651.0 ], [ 3206459.0, 5941696.0 ], [ 3206615.0, 5941776.0 ], [ 3206608.0, 5941790.0 ], [ 3206573.0, 5941858.0 ], [ 3206563.0, 5941875.0 ], [ 3206554.0, 5941893.0 ], [ 3206504.0, 5941983.0 ], [ 3206515.0, 5941989.0 ], [ 3206518.0, 5941990.0 ], [ 3206545.0, 5942002.0 ], [ 3206549.0, 5942004.0 ], [ 3206550.0, 5942008.0 ], [ 3206550.0, 5942012.0 ], [ 3206550.0, 5942016.0 ], [ 3206530.0, 5942055.0 ], [ 3206527.0, 5942064.0 ], [ 3206526.0, 5942072.0 ], [ 3206521.0, 5942106.0 ], [ 3206512.0, 5942134.0 ], [ 3206491.0, 5942177.0 ], [ 3206480.0, 5942199.0 ], [ 3206478.0, 5942203.0 ], [ 3206478.0, 5942207.0 ], [ 3206479.0, 5942210.0 ], [ 3206485.0, 5942214.0 ], [ 3206489.0, 5942218.0 ], [ 3206491.0, 5942223.0 ], [ 3206491.0, 5942227.0 ], [ 3206491.0, 5942232.0 ], [ 3206488.0, 5942242.0 ], [ 3206494.0, 5942250.0 ], [ 3206535.0, 5942280.0 ], [ 3206536.0, 5942281.0 ], [ 3206530.0, 5942301.0 ], [ 3206606.0, 5942354.0 ], [ 3206613.0, 5942360.0 ], [ 3206637.0, 5942376.0 ], [ 3206659.0, 5942390.0 ], [ 3206689.0, 5942402.0 ], [ 3206748.0, 5942426.0 ], [ 3206828.0, 5942488.0 ], [ 3206823.0, 5942494.0 ], [ 3206862.0, 5942526.0 ], [ 3206876.0, 5942538.0 ], [ 3206886.0, 5942550.0 ], [ 3206889.0, 5942557.0 ], [ 3206888.0, 5942562.0 ], [ 3206896.0, 5942570.0 ], [ 3206868.0, 5942606.0 ], [ 3206810.0, 5942692.0 ], [ 3206759.0, 5942776.0 ], [ 3206760.0, 5942785.0 ], [ 3206760.0, 5942796.0 ], [ 3206763.0, 5942835.0 ], [ 3206763.0, 5942890.0 ], [ 3206763.0, 5942992.0 ], [ 3206900.0, 5943191.0 ], [ 3206907.0, 5943200.0 ], [ 3206919.0, 5943220.0 ], [ 3206949.0, 5943272.0 ], [ 3206952.0, 5943277.0 ], [ 3206948.0, 5943283.0 ], [ 3206965.0, 5943314.0 ], [ 3207018.0, 5943394.0 ], [ 3207029.0, 5943415.0 ], [ 3207058.0, 5943484.0 ], [ 3207071.0, 5943515.0 ], [ 3207081.0, 5943545.0 ], [ 3207163.0, 5943682.0 ], [ 3207182.0, 5943727.0 ], [ 3207188.0, 5943760.0 ], [ 3207190.0, 5943799.0 ], [ 3207189.0, 5943840.0 ], [ 3207186.0, 5943860.0 ], [ 3207179.0, 5943876.0 ], [ 3207182.0, 5943903.0 ], [ 3207192.0, 5943923.0 ], [ 3207207.0, 5943940.0 ], [ 3207224.0, 5943968.0 ], [ 3207232.0, 5943996.0 ], [ 3207230.0, 5944014.0 ], [ 3207219.0, 5944071.0 ], [ 3207202.0, 5944119.0 ], [ 3207193.0, 5944132.0 ], [ 3207193.0, 5944136.0 ], [ 3207196.0, 5944147.0 ], [ 3207202.0, 5944151.0 ], [ 3207219.0, 5944161.0 ], [ 3207249.0, 5944173.0 ], [ 3207258.0, 5944173.0 ], [ 3207266.0, 5944175.0 ], [ 3207269.0, 5944182.0 ], [ 3207278.0, 5944198.0 ], [ 3207282.0, 5944204.0 ], [ 3207288.0, 5944207.0 ], [ 3207295.0, 5944216.0 ], [ 3207304.0, 5944209.0 ], [ 3207306.0, 5944193.0 ], [ 3207310.0, 5944187.0 ], [ 3207320.0, 5944175.0 ], [ 3207330.0, 5944171.0 ], [ 3207346.0, 5944170.0 ], [ 3207349.0, 5944169.0 ], [ 3207364.0, 5944173.0 ], [ 3207374.0, 5944177.0 ], [ 3207401.0, 5944179.0 ], [ 3207426.0, 5944174.0 ], [ 3207439.0, 5944172.0 ], [ 3207432.0, 5944210.0 ], [ 3207443.0, 5944226.0 ], [ 3207437.0, 5944251.0 ], [ 3207433.0, 5944263.0 ], [ 3207428.0, 5944286.0 ], [ 3207427.0, 5944287.0 ], [ 3207415.0, 5944321.0 ], [ 3207412.0, 5944338.0 ], [ 3207402.0, 5944391.0 ], [ 3207388.0, 5944511.0 ], [ 3207409.0, 5944518.0 ], [ 3207426.0, 5944523.0 ], [ 3207457.0, 5944529.0 ], [ 3207467.0, 5944530.0 ], [ 3207483.0, 5944537.0 ], [ 3207511.0, 5944557.0 ], [ 3207546.0, 5944578.0 ], [ 3207568.0, 5944597.0 ], [ 3207595.0, 5944616.0 ], [ 3207625.0, 5944635.0 ], [ 3207661.0, 5944655.0 ], [ 3207706.0, 5944678.0 ], [ 3207732.0, 5944693.0 ], [ 3207758.0, 5944706.0 ], [ 3207785.0, 5944708.0 ], [ 3207819.0, 5944710.0 ], [ 3207839.0, 5944724.0 ], [ 3207852.0, 5944733.0 ], [ 3207875.0, 5944753.0 ], [ 3207904.0, 5944774.0 ], [ 3207937.0, 5944797.0 ], [ 3207965.0, 5944820.0 ], [ 3207996.0, 5944843.0 ], [ 3208018.0, 5944867.0 ], [ 3208032.0, 5944882.0 ], [ 3208053.0, 5944865.0 ], [ 3208061.0, 5944873.0 ], [ 3208104.0, 5944917.0 ], [ 3208104.0, 5944925.0 ], [ 3208103.0, 5944935.0 ], [ 3208103.0, 5944948.0 ], [ 3208123.0, 5944952.0 ], [ 3208132.0, 5944954.0 ], [ 3208127.0, 5944962.0 ], [ 3208127.0, 5944963.0 ], [ 3208125.0, 5944973.0 ], [ 3208125.0, 5944982.0 ], [ 3208125.0, 5944985.0 ], [ 3208128.0, 5945003.0 ] ] } },
{ "type": "Feature", "properties": { "betweenness_centrality": "0.04290611814345991", "source": "3709913404.0", "target": "1297178814.0", "ordering_betweenness_centrality": "37", "length": 1360, "length_cumulative": 128955 }, "geometry": { "type": "LineString", "coordinates": [ [ 3218198.0, 5938778.0 ], [ 3218025.0, 5939023.0 ], [ 3217938.0, 5939145.0 ], [ 3217919.0, 5939170.0 ], [ 3217899.0, 5939192.0 ], [ 3217876.0, 5939211.0 ], [ 3217840.0, 5939239.0 ], [ 3217824.0, 5939252.0 ], [ 3217801.0, 5939268.0 ], [ 3217793.0, 5939275.0 ], [ 3217788.0, 5939282.0 ], [ 3217782.0, 5939292.0 ], [ 3217775.0, 5939293.0 ], [ 3217767.0, 5939294.0 ], [ 3217754.0, 5939298.0 ], [ 3217656.0, 5939358.0 ], [ 3217647.0, 5939373.0 ], [ 3217641.0, 5939387.0 ], [ 3217636.0, 5939403.0 ], [ 3217633.0, 5939415.0 ], [ 3217633.0, 5939419.0 ], [ 3217632.0, 5939432.0 ], [ 3217652.0, 5939461.0 ], [ 3217766.0, 5939627.0 ], [ 3217787.0, 5939658.0 ], [ 3217798.0, 5939688.0 ], [ 3217800.0, 5939692.0 ], [ 3217810.0, 5939706.0 ], [ 3217816.0, 5939714.0 ], [ 3217887.0, 5939827.0 ] ] } },
{ "type": "Feature", "properties": { "betweenness_centrality": "0.042405063291139244", "source": "13653718233.0", "target": "11717127239.0", "ordering_betweenness_centrality": "38", "length": 878, "length_cumulative": 129833 }, "geometry": { "type": "MultiLineString", "coordinates": [ [ [ 3208684.0, 5946754.0 ], [ 3208701.0, 5946772.0 ] ], [ [ 3208701.0, 5946772.0 ], [ 3208713.0, 5946784.0 ] ], [ [ 3208713.0, 5946784.0 ], [ 3208720.0, 5946791.0 ] ], [ [ 3208720.0, 5946791.0 ], [ 3208731.0, 5946802.0 ] ], [ [ 3208731.0, 5946802.0 ], [ 3208735.0, 5946806.0 ] ], [ [ 3208735.0, 5946806.0 ], [ 3208782.0, 5946854.0 ], [ 3208787.0, 5946858.0 ] ], [ [ 3208790.0, 5946853.0 ], [ 3208802.0, 5946855.0 ], [ 3208810.0, 5946857.0 ], [ 3208821.0, 5946869.0 ], [ 3208830.0, 5946879.0 ], [ 3208834.0, 5946884.0 ], [ 3208860.0, 5946858.0 ], [ 3208894.0, 5946826.0 ], [ 3208903.0, 5946817.0 ], [ 3208981.0, 5946741.0 ], [ 3208989.0, 5946735.0 ], [ 3208993.0, 5946730.0 ], [ 3208998.0, 5946725.0 ], [ 3209007.0, 5946717.0 ], [ 3209045.0, 5946680.0 ], [ 3209069.0, 5946656.0 ], [ 3209097.0, 5946629.0 ], [ 3209141.0, 5946588.0 ], [ 3209144.0, 5946584.0 ], [ 3209148.0, 5946581.0 ], [ 3209151.0, 5946577.0 ], [ 3209155.0, 5946574.0 ], [ 3209157.0, 5946572.0 ], [ 3209163.0, 5946566.0 ], [ 3209217.0, 5946513.0 ], [ 3209255.0, 5946475.0 ], [ 3209292.0, 5946438.0 ], [ 3209301.0, 5946430.0 ], [ 3209305.0, 5946425.0 ], [ 3209309.0, 5946421.0 ], [ 3209317.0, 5946410.0 ] ] ] } },
{ "type": "Feature", "properties": { "betweenness_centrality": "0.042405063291139244", "source": "1297178814.0", "target": "5702344621.0", "ordering_betweenness_centrality": "39", "length": 7697, "length_cumulative": 137531 }, "geometry": { "type": "MultiLineString", "coordinates": [ [ [ 3217092.0, 5947900.0 ], [ 3217091.0, 5947896.0 ], [ 3217013.0, 5947532.0 ], [ 3216950.0, 5947237.0 ], [ 3216942.0, 5947200.0 ], [ 3216977.0, 5947194.0 ], [ 3217006.0, 5947184.0 ], [ 3217037.0, 5947173.0 ], [ 3217086.0, 5947157.0 ], [ 3217122.0, 5947147.0 ], [ 3217141.0, 5947143.0 ], [ 3217158.0, 5947142.0 ], [ 3217174.0, 5947142.0 ], [ 3217178.0, 5947134.0 ], [ 3217184.0, 5947130.0 ], [ 3217190.0, 5947128.0 ], [ 3217195.0, 5947126.0 ], [ 3217198.0, 5947122.0 ], [ 3217207.0, 5947116.0 ], [ 3217221.0, 5947104.0 ], [ 3217227.0, 5947100.0 ], [ 3217231.0, 5947097.0 ], [ 3217233.0, 5947094.0 ], [ 3217230.0, 5947086.0 ], [ 3217221.0, 5947066.0 ], [ 3217210.0, 5947038.0 ], [ 3217208.0, 5947019.0 ], [ 3217203.0, 5946985.0 ], [ 3217200.0, 5946961.0 ], [ 3217200.0, 5946958.0 ], [ 3217194.0, 5946888.0 ], [ 3217195.0, 5946882.0 ], [ 3217192.0, 5946873.0 ], [ 3217188.0, 5946847.0 ], [ 3217185.0, 5946810.0 ], [ 3217185.0, 5946798.0 ], [ 3217187.0, 5946785.0 ], [ 3217193.0, 5946752.0 ], [ 3217197.0, 5946744.0 ], [ 3217202.0, 5946736.0 ], [ 3217200.0, 5946728.0 ], [ 3217199.0, 5946719.0 ], [ 3217201.0, 5946710.0 ], [ 3217205.0, 5946694.0 ], [ 3217210.0, 5946673.0 ], [ 3217216.0, 5946652.0 ], [ 3217219.0, 5946638.0 ], [ 3217220.0, 5946625.0 ], [ 3217221.0, 5946615.0 ], [ 3217221.0, 5946515.0 ], [ 3217222.0, 5946492.0 ], [ 3217224.0, 5946472.0 ], [ 3217226.0, 5946444.0 ], [ 3217226.0, 5946435.0 ], [ 3217224.0, 5946424.0 ], [ 3217220.0, 5946410.0 ], [ 3217219.0, 5946404.0 ], [ 3217216.0, 5946395.0 ], [ 3217212.0, 5946365.0 ], [ 3217209.0, 5946321.0 ], [ 3217190.0, 5946087.0 ], [ 3217187.0, 5946037.0 ], [ 3217180.0, 5945969.0 ], [ 3217174.0, 5945927.0 ], [ 3217170.0, 5945904.0 ], [ 3217154.0, 5945841.0 ], [ 3217122.0, 5945725.0 ], [ 3217065.0, 5945521.0 ], [ 3217061.0, 5945504.0 ], [ 3217047.0, 5945451.0 ], [ 3217028.0, 5945370.0 ], [ 3217022.0, 5945344.0 ], [ 3217015.0, 5945309.0 ], [ 3217011.0, 5945272.0 ], [ 3217006.0, 5945197.0 ], [ 3216995.0, 5945072.0 ], [ 3216991.0, 5945026.0 ], [ 3216981.0, 5944920.0 ], [ 3216972.0, 5944826.0 ], [ 3216970.0, 5944794.0 ], [ 3216968.0, 5944757.0 ], [ 3216965.0, 5944716.0 ], [ 3216959.0, 5944678.0 ], [ 3216937.0, 5944571.0 ], [ 3216916.0, 5944444.0 ], [ 3216915.0, 5944433.0 ], [ 3216897.0, 5944330.0 ], [ 3216886.0, 5944272.0 ], [ 3216834.0, 5943975.0 ], [ 3216830.0, 5943927.0 ], [ 3216829.0, 5943865.0 ], [ 3216831.0, 5943818.0 ], [ 3216831.0, 5943810.0 ], [ 3216839.0, 5943746.0 ], [ 3216849.0, 5943679.0 ], [ 3216856.0, 5943643.0 ], [ 3216863.0, 5943616.0 ], [ 3216865.0, 5943608.0 ], [ 3216884.0, 5943542.0 ], [ 3216913.0, 5943473.0 ], [ 3216932.0, 5943434.0 ], [ 3216983.0, 5943346.0 ], [ 3217064.0, 5943215.0 ], [ 3217122.0, 5943116.0 ], [ 3217222.0, 5942954.0 ], [ 3217231.0, 5942939.0 ], [ 3217236.0, 5942932.0 ], [ 3217303.0, 5942822.0 ], [ 3217344.0, 5942755.0 ], [ 3217568.0, 5942391.0 ], [ 3217577.0, 5942375.0 ], [ 3217593.0, 5942348.0 ], [ 3217632.0, 5942280.0 ], [ 3217680.0, 5942199.0 ], [ 3217690.0, 5942181.0 ], [ 3217729.0, 5942117.0 ], [ 3217776.0, 5942043.0 ], [ 3217784.0, 5942028.0 ], [ 3217812.0, 5941978.0 ], [ 3217831.0, 5941939.0 ], [ 3217844.0, 5941913.0 ], [ 3217864.0, 5941855.0 ], [ 3217876.0, 5941808.0 ], [ 3217881.0, 5941780.0 ], [ 3217882.0, 5941776.0 ], [ 3217903.0, 5941626.0 ], [ 3217916.0, 5941526.0 ], [ 3217926.0, 5941451.0 ], [ 3217932.0, 5941404.0 ], [ 3217938.0, 5941358.0 ] ], [ [ 3217956.0, 5941222.0 ], [ 3217962.0, 5941204.0 ], [ 3217968.0, 5941187.0 ], [ 3217974.0, 5941170.0 ], [ 3217982.0, 5941152.0 ], [ 3217984.0, 5941142.0 ], [ 3217984.0, 5941135.0 ], [ 3217983.0, 5941127.0 ], [ 3217983.0, 5941119.0 ], [ 3217982.0, 5941099.0 ], [ 3217981.0, 5941081.0 ], [ 3217981.0, 5941077.0 ], [ 3217985.0, 5941078.0 ], [ 3217990.0, 5941078.0 ], [ 3217991.0, 5941075.0 ], [ 3217995.0, 5941074.0 ], [ 3217996.0, 5941066.0 ], [ 3218002.0, 5941027.0 ], [ 3218005.0, 5941005.0 ], [ 3218005.0, 5941000.0 ], [ 3218007.0, 5940986.0 ], [ 3218009.0, 5940973.0 ], [ 3218011.0, 5940955.0 ], [ 3218012.0, 5940946.0 ], [ 3218014.0, 5940933.0 ], [ 3218023.0, 5940873.0 ], [ 3218030.0, 5940827.0 ], [ 3218033.0, 5940811.0 ], [ 3218037.0, 5940779.0 ], [ 3218037.0, 5940759.0 ], [ 3218042.0, 5940723.0 ], [ 3218048.0, 5940691.0 ], [ 3218047.0, 5940686.0 ], [ 3218049.0, 5940661.0 ], [ 3218051.0, 5940645.0 ] ] ] } },
{ "type": "Feature", "properties": { "betweenness_centrality": "0.04050632911392405", "source": "7986289496.0", "target": "7578350792.0", "ordering_betweenness_centrality": "40", "length": 1731, "length_cumulative": 139262 }, "geometry": { "type": "LineString", "coordinates": [ [ 3209587.0, 5947325.0 ], [ 3209583.0, 5947319.0 ], [ 3209580.0, 5947314.0 ], [ 3209575.0, 5947308.0 ], [ 3209522.0, 5947251.0 ], [ 3209513.0, 5947242.0 ], [ 3209472.0, 5947197.0 ], [ 3209544.0, 5947127.0 ], [ 3209624.0, 5947045.0 ], [ 3209704.0, 5946967.0 ], [ 3209779.0, 5946892.0 ], [ 3209804.0, 5946866.0 ], [ 3209844.0, 5946826.0 ], [ 3209839.0, 5946820.0 ], [ 3209918.0, 5946743.0 ], [ 3209916.0, 5946738.0 ], [ 3209813.0, 5946634.0 ], [ 3209821.0, 5946627.0 ], [ 3209829.0, 5946618.0 ], [ 3209825.0, 5946613.0 ], [ 3209831.0, 5946607.0 ], [ 3209823.0, 5946599.0 ], [ 3209816.0, 5946592.0 ], [ 3209814.0, 5946590.0 ], [ 3209807.0, 5946583.0 ], [ 3209810.0, 5946581.0 ], [ 3209809.0, 5946572.0 ], [ 3209808.0, 5946564.0 ], [ 3209808.0, 5946556.0 ], [ 3209815.0, 5946544.0 ], [ 3209842.0, 5946458.0 ], [ 3209847.0, 5946456.0 ], [ 3209851.0, 5946448.0 ], [ 3209889.0, 5946397.0 ], [ 3209894.0, 5946392.0 ], [ 3209907.0, 5946379.0 ], [ 3209913.0, 5946373.0 ], [ 3209918.0, 5946359.0 ], [ 3209921.0, 5946345.0 ], [ 3209922.0, 5946334.0 ], [ 3209921.0, 5946321.0 ], [ 3209918.0, 5946307.0 ], [ 3209911.0, 5946282.0 ], [ 3209909.0, 5946280.0 ], [ 3209895.0, 5946265.0 ], [ 3209901.0, 5946259.0 ], [ 3209895.0, 5946253.0 ], [ 3209870.0, 5946195.0 ], [ 3209837.0, 5946118.0 ], [ 3209835.0, 5946115.0 ], [ 3209834.0, 5946112.0 ], [ 3209812.0, 5946022.0 ], [ 3209810.0, 5946010.0 ], [ 3209783.0, 5945982.0 ], [ 3209796.0, 5945972.0 ] ] } },
{ "type": "Feature", "properties": { "betweenness_centrality": "0.039873417721518985", "source": "6673697291.0", "target": "369011993.0", "ordering_betweenness_centrality": "41", "length": 100, "length_cumulative": 139363 }, "geometry": { "type": "LineString", "coordinates": [ [ 3221586.0, 5943215.0 ], [ 3221662.0, 5943280.0 ] ] } },
{ "type": "Feature", "properties": { "betweenness_centrality": "0.039240506329113925", "source": "2329454627.0", "target": "5734358938.0", "ordering_betweenness_centrality": "42", "length": 2416, "length_cumulative": 141779 }, "geometry": { "type": "LineString", "coordinates": [ [ 3213448.0, 5939712.0 ], [ 3213453.0, 5939719.0 ], [ 3213437.0, 5939736.0 ], [ 3213448.0, 5939735.0 ], [ 3213449.0, 5939740.0 ], [ 3213453.0, 5939760.0 ], [ 3213453.0, 5939761.0 ], [ 3213462.0, 5939784.0 ], [ 3213465.0, 5939816.0 ], [ 3213480.0, 5939831.0 ], [ 3213472.0, 5939840.0 ], [ 3213461.0, 5939850.0 ], [ 3213459.0, 5939853.0 ], [ 3213494.0, 5940043.0 ], [ 3213506.0, 5940108.0 ], [ 3213513.0, 5940144.0 ], [ 3213507.0, 5940145.0 ], [ 3213509.0, 5940158.0 ], [ 3213539.0, 5940331.0 ], [ 3213550.0, 5940394.0 ], [ 3213559.0, 5940443.0 ], [ 3213560.0, 5940447.0 ], [ 3213560.0, 5940454.0 ], [ 3213559.0, 5940466.0 ], [ 3213558.0, 5940480.0 ], [ 3213555.0, 5940495.0 ], [ 3213551.0, 5940509.0 ], [ 3213546.0, 5940521.0 ], [ 3213540.0, 5940532.0 ], [ 3213538.0, 5940538.0 ], [ 3213524.0, 5940566.0 ], [ 3213511.0, 5940582.0 ], [ 3213527.0, 5940594.0 ], [ 3213558.0, 5940618.0 ], [ 3213575.0, 5940628.0 ], [ 3213592.0, 5940641.0 ], [ 3213604.0, 5940647.0 ], [ 3213614.0, 5940652.0 ], [ 3213640.0, 5940657.0 ], [ 3213650.0, 5940666.0 ], [ 3213655.0, 5940679.0 ], [ 3213644.0, 5940700.0 ], [ 3213647.0, 5940702.0 ], [ 3213766.0, 5940778.0 ], [ 3213757.0, 5940791.0 ], [ 3213791.0, 5940808.0 ], [ 3213799.0, 5940810.0 ], [ 3213814.0, 5940821.0 ], [ 3213827.0, 5940832.0 ], [ 3213845.0, 5940842.0 ], [ 3213854.0, 5940850.0 ], [ 3213870.0, 5940868.0 ], [ 3213884.0, 5940868.0 ], [ 3213900.0, 5940878.0 ], [ 3213903.0, 5940883.0 ], [ 3213953.0, 5940900.0 ], [ 3213977.0, 5940904.0 ], [ 3213991.0, 5940904.0 ], [ 3213999.0, 5940903.0 ], [ 3214000.0, 5940917.0 ], [ 3214002.0, 5940945.0 ], [ 3214003.0, 5940963.0 ], [ 3214008.0, 5941019.0 ], [ 3214010.0, 5941052.0 ], [ 3214011.0, 5941067.0 ], [ 3214013.0, 5941096.0 ], [ 3214014.0, 5941129.0 ], [ 3214014.0, 5941145.0 ], [ 3214024.0, 5941157.0 ], [ 3214035.0, 5941172.0 ], [ 3214049.0, 5941193.0 ], [ 3214067.0, 5941216.0 ], [ 3214082.0, 5941234.0 ], [ 3214102.0, 5941255.0 ], [ 3214122.0, 5941274.0 ], [ 3214140.0, 5941292.0 ], [ 3214155.0, 5941307.0 ], [ 3214170.0, 5941320.0 ], [ 3214190.0, 5941336.0 ], [ 3214206.0, 5941359.0 ], [ 3214219.0, 5941377.0 ], [ 3214262.0, 5941433.0 ], [ 3214290.0, 5941468.0 ], [ 3214314.0, 5941499.0 ], [ 3214334.0, 5941523.0 ], [ 3214367.0, 5941557.0 ], [ 3214404.0, 5941601.0 ] ] } },
{ "type": "Feature", "properties": { "betweenness_centrality": "0.03829113924050633", "source": "7578350792.0", "target": "12825548921.0", "ordering_betweenness_centrality": "43", "length": 2282, "length_cumulative": 144062 }, "geometry": { "type": "LineString", "coordinates": [ [ 3207898.0, 5947141.0 ], [ 3207904.0, 5947146.0 ], [ 3207952.0, 5947098.0 ], [ 3208042.0, 5947009.0 ], [ 3208086.0, 5947054.0 ], [ 3208095.0, 5947045.0 ], [ 3208114.0, 5947065.0 ], [ 3208128.0, 5947079.0 ], [ 3208343.0, 5947302.0 ], [ 3208347.0, 5947298.0 ], [ 3208356.0, 5947289.0 ], [ 3208556.0, 5947099.0 ], [ 3208558.0, 5947100.0 ], [ 3208561.0, 5947104.0 ], [ 3208570.0, 5947114.0 ], [ 3208583.0, 5947101.0 ], [ 3208599.0, 5947117.0 ], [ 3208695.0, 5947214.0 ], [ 3208815.0, 5947337.0 ], [ 3208907.0, 5947431.0 ], [ 3208927.0, 5947451.0 ], [ 3208931.0, 5947456.0 ], [ 3208938.0, 5947462.0 ], [ 3208943.0, 5947457.0 ], [ 3209088.0, 5947320.0 ], [ 3209165.0, 5947248.0 ], [ 3209291.0, 5947379.0 ], [ 3209362.0, 5947455.0 ], [ 3209409.0, 5947430.0 ], [ 3209548.0, 5947356.0 ] ] } },
{ "type": "Feature", "properties": { "betweenness_centrality": "0.0379746835443038", "source": "8863683260.0", "target": "676296043.0", "ordering_betweenness_centrality": "44", "length": 1667, "length_cumulative": 145729 }, "geometry": { "type": "MultiLineString", "coordinates": [ [ [ 3211160.0, 5947483.0 ], [ 3211130.0, 5947512.0 ], [ 3211113.0, 5947534.0 ], [ 3211110.0, 5947538.0 ], [ 3211108.0, 5947541.0 ], [ 3211106.0, 5947544.0 ], [ 3211104.0, 5947548.0 ], [ 3211102.0, 5947555.0 ], [ 3211101.0, 5947563.0 ], [ 3211100.0, 5947584.0 ] ], [ [ 3211858.0, 5948341.0 ], [ 3211863.0, 5948347.0 ], [ 3211890.0, 5948384.0 ], [ 3211912.0, 5948412.0 ], [ 3211928.0, 5948432.0 ], [ 3211944.0, 5948457.0 ], [ 3211959.0, 5948481.0 ], [ 3211980.0, 5948510.0 ], [ 3211994.0, 5948732.0 ], [ 3211984.0, 5948826.0 ], [ 3211980.0, 5948859.0 ], [ 3211977.0, 5948961.0 ], [ 3211974.0, 5948990.0 ], [ 3211974.0, 5949014.0 ], [ 3211974.0, 5949064.0 ], [ 3211974.0, 5949083.0 ], [ 3211978.0, 5949089.0 ], [ 3211980.0, 5949096.0 ], [ 3211994.0, 5949110.0 ], [ 3212003.0, 5949117.0 ], [ 3212013.0, 5949124.0 ], [ 3212023.0, 5949130.0 ], [ 3212038.0, 5949135.0 ], [ 3212069.0, 5949142.0 ], [ 3212082.0, 5949142.0 ], [ 3212128.0, 5949140.0 ], [ 3212181.0, 5949142.0 ], [ 3212204.0, 5949145.0 ], [ 3212209.0, 5949145.0 ], [ 3212231.0, 5949148.0 ], [ 3212245.0, 5949150.0 ], [ 3212267.0, 5949154.0 ], [ 3212298.0, 5949160.0 ], [ 3212327.0, 5949168.0 ], [ 3212348.0, 5949173.0 ], [ 3212364.0, 5949178.0 ], [ 3212469.0, 5949210.0 ], [ 3212573.0, 5949241.0 ], [ 3212593.0, 5949246.0 ], [ 3212656.0, 5949264.0 ], [ 3212666.0, 5949267.0 ], [ 3212695.0, 5949277.0 ] ] ] } },
{ "type": "Feature", "properties": { "betweenness_centrality": "0.03670886075949367", "source": "5702344621.0", "target": "5702357176.0", "ordering_betweenness_centrality": "45", "length": 418, "length_cumulative": 146147 }, "geometry": { "type": "LineString", "coordinates": [ [ 3217320.0, 5947949.0 ], [ 3217307.0, 5947985.0 ], [ 3217295.0, 5948023.0 ], [ 3217281.0, 5948060.0 ], [ 3217273.0, 5948070.0 ], [ 3217268.0, 5948077.0 ], [ 3217261.0, 5948087.0 ], [ 3217371.0, 5948131.0 ], [ 3217385.0, 5948111.0 ], [ 3217418.0, 5948066.0 ], [ 3217424.0, 5948057.0 ], [ 3217433.0, 5948055.0 ], [ 3217460.0, 5948025.0 ], [ 3217467.0, 5948021.0 ] ] } },
{ "type": "Feature", "properties": { "betweenness_centrality": "0.03670886075949367", "source": "5663696562.0", "target": "13695008271.0", "ordering_betweenness_centrality": "46", "length": 2699, "length_cumulative": 148847 }, "geometry": { "type": "MultiLineString", "coordinates": [ [ [ 3216468.0, 5948258.0 ], [ 3216376.0, 5948210.0 ] ], [ [ 3215366.0, 5948389.0 ], [ 3215360.0, 5948393.0 ], [ 3215329.0, 5948415.0 ], [ 3215299.0, 5948434.0 ], [ 3215289.0, 5948442.0 ], [ 3215268.0, 5948456.0 ], [ 3215246.0, 5948471.0 ], [ 3215213.0, 5948497.0 ], [ 3215195.0, 5948512.0 ], [ 3215193.0, 5948517.0 ], [ 3215170.0, 5948512.0 ], [ 3215165.0, 5948518.0 ], [ 3215157.0, 5948523.0 ], [ 3215151.0, 5948526.0 ], [ 3215053.0, 5948563.0 ], [ 3215025.0, 5948579.0 ], [ 3214976.0, 5948607.0 ], [ 3214954.0, 5948619.0 ], [ 3214924.0, 5948635.0 ], [ 3214909.0, 5948643.0 ], [ 3214841.0, 5948678.0 ], [ 3214765.0, 5948714.0 ], [ 3214692.0, 5948748.0 ], [ 3214626.0, 5948775.0 ], [ 3214570.0, 5948798.0 ], [ 3214512.0, 5948820.0 ], [ 3214431.0, 5948849.0 ], [ 3214337.0, 5948880.0 ], [ 3213969.0, 5948996.0 ], [ 3213799.0, 5949051.0 ], [ 3213680.0, 5949088.0 ], [ 3213637.0, 5949101.0 ], [ 3213612.0, 5949109.0 ], [ 3213616.0, 5949121.0 ], [ 3213616.0, 5949124.0 ], [ 3213590.0, 5949131.0 ], [ 3213587.0, 5949135.0 ], [ 3213581.0, 5949142.0 ], [ 3213526.0, 5949159.0 ], [ 3213516.0, 5949158.0 ], [ 3213508.0, 5949160.0 ], [ 3213500.0, 5949162.0 ], [ 3213496.0, 5949163.0 ], [ 3213483.0, 5949166.0 ], [ 3213458.0, 5949179.0 ], [ 3213321.0, 5949217.0 ], [ 3213322.0, 5949223.0 ], [ 3213339.0, 5949276.0 ], [ 3213340.0, 5949286.0 ], [ 3213341.0, 5949301.0 ], [ 3213325.0, 5949348.0 ], [ 3213275.0, 5949361.0 ], [ 3213228.0, 5949373.0 ], [ 3213254.0, 5949469.0 ], [ 3213259.0, 5949487.0 ] ] ] } },
{ "type": "Feature", "properties": { "betweenness_centrality": "0.03639240506329114", "source": "665797371.0", "target": "9230992959.0", "ordering_betweenness_centrality": "47", "length": 6493, "length_cumulative": 155340 }, "geometry": { "type": "LineString", "coordinates": [ [ 3212454.0, 5944388.0 ], [ 3212471.0, 5944403.0 ], [ 3212465.0, 5944411.0 ], [ 3212456.0, 5944422.0 ], [ 3212551.0, 5944495.0 ], [ 3212561.0, 5944485.0 ], [ 3212568.0, 5944475.0 ], [ 3212629.0, 5944485.0 ], [ 3212631.0, 5944488.0 ], [ 3212633.0, 5944491.0 ], [ 3212636.0, 5944495.0 ], [ 3212723.0, 5944551.0 ], [ 3212779.0, 5944587.0 ], [ 3212806.0, 5944599.0 ], [ 3212833.0, 5944608.0 ], [ 3212827.0, 5944617.0 ], [ 3212751.0, 5944729.0 ], [ 3212746.0, 5944756.0 ], [ 3212832.0, 5944793.0 ], [ 3212882.0, 5944864.0 ], [ 3212901.0, 5944901.0 ], [ 3212915.0, 5944921.0 ], [ 3212935.0, 5944952.0 ], [ 3212993.0, 5945005.0 ], [ 3213007.0, 5945018.0 ], [ 3213058.0, 5945059.0 ], [ 3213085.0, 5945080.0 ], [ 3213158.0, 5945131.0 ], [ 3213190.0, 5945161.0 ], [ 3213144.0, 5945223.0 ], [ 3213034.0, 5945379.0 ], [ 3212983.0, 5945448.0 ], [ 3212940.0, 5945509.0 ], [ 3212905.0, 5945560.0 ], [ 3212901.0, 5945566.0 ], [ 3212890.0, 5945591.0 ], [ 3212886.0, 5945602.0 ], [ 3212884.0, 5945614.0 ], [ 3212884.0, 5945625.0 ], [ 3212890.0, 5945648.0 ], [ 3212893.0, 5945651.0 ], [ 3212918.0, 5945670.0 ], [ 3212926.0, 5945679.0 ], [ 3212937.0, 5945690.0 ], [ 3212990.0, 5945750.0 ], [ 3213016.0, 5945775.0 ], [ 3213027.0, 5945787.0 ], [ 3213039.0, 5945800.0 ], [ 3213049.0, 5945812.0 ], [ 3213056.0, 5945821.0 ], [ 3213062.0, 5945828.0 ], [ 3213070.0, 5945834.0 ], [ 3213085.0, 5945844.0 ], [ 3213135.0, 5945849.0 ], [ 3213164.0, 5945852.0 ], [ 3213204.0, 5945862.0 ], [ 3213233.0, 5945870.0 ], [ 3213254.0, 5945879.0 ], [ 3213263.0, 5945884.0 ], [ 3213287.0, 5945902.0 ], [ 3213331.0, 5945940.0 ], [ 3213360.0, 5945966.0 ], [ 3213386.0, 5945988.0 ], [ 3213418.0, 5946012.0 ], [ 3213436.0, 5946026.0 ], [ 3213458.0, 5946036.0 ], [ 3213465.0, 5946041.0 ], [ 3213471.0, 5946045.0 ], [ 3213489.0, 5946058.0 ], [ 3213534.0, 5946090.0 ], [ 3213564.0, 5946113.0 ], [ 3213570.0, 5946118.0 ], [ 3213586.0, 5946129.0 ], [ 3213601.0, 5946144.0 ], [ 3213615.0, 5946159.0 ], [ 3213632.0, 5946183.0 ], [ 3213646.0, 5946204.0 ], [ 3213671.0, 5946245.0 ], [ 3213680.0, 5946259.0 ], [ 3213686.0, 5946268.0 ], [ 3213696.0, 5946280.0 ], [ 3213707.0, 5946291.0 ], [ 3213718.0, 5946301.0 ], [ 3213734.0, 5946315.0 ], [ 3213747.0, 5946324.0 ], [ 3213757.0, 5946332.0 ], [ 3213789.0, 5946353.0 ], [ 3213812.0, 5946369.0 ], [ 3213858.0, 5946400.0 ], [ 3213867.0, 5946406.0 ], [ 3213914.0, 5946437.0 ], [ 3213953.0, 5946464.0 ], [ 3213966.0, 5946472.0 ], [ 3213989.0, 5946487.0 ], [ 3214079.0, 5946546.0 ], [ 3214183.0, 5946609.0 ], [ 3214215.0, 5946626.0 ], [ 3214313.0, 5946680.0 ], [ 3214377.0, 5946714.0 ], [ 3214398.0, 5946725.0 ], [ 3214448.0, 5946751.0 ], [ 3214464.0, 5946759.0 ], [ 3214474.0, 5946764.0 ], [ 3214495.0, 5946775.0 ], [ 3214520.0, 5946785.0 ], [ 3214551.0, 5946796.0 ], [ 3214684.0, 5946839.0 ], [ 3214715.0, 5946850.0 ], [ 3214741.0, 5946863.0 ], [ 3214799.0, 5946892.0 ], [ 3214815.0, 5946901.0 ], [ 3214844.0, 5946915.0 ], [ 3214868.0, 5946928.0 ], [ 3214883.0, 5946936.0 ], [ 3214931.0, 5946961.0 ], [ 3215003.0, 5946998.0 ], [ 3215059.0, 5947028.0 ], [ 3215123.0, 5947061.0 ], [ 3215144.0, 5947072.0 ], [ 3215206.0, 5947105.0 ], [ 3215282.0, 5947145.0 ], [ 3215287.0, 5947147.0 ], [ 3215319.0, 5947163.0 ], [ 3215331.0, 5947170.0 ], [ 3215353.0, 5947181.0 ], [ 3215444.0, 5947228.0 ], [ 3215560.0, 5947288.0 ], [ 3215768.0, 5947396.0 ], [ 3215849.0, 5947438.0 ], [ 3215887.0, 5947460.0 ], [ 3215980.0, 5947507.0 ], [ 3215983.0, 5947545.0 ], [ 3215992.0, 5947678.0 ], [ 3216003.0, 5947684.0 ], [ 3216007.0, 5947751.0 ], [ 3216029.0, 5947756.0 ], [ 3216033.0, 5947826.0 ], [ 3216056.0, 5947824.0 ], [ 3216077.0, 5947823.0 ], [ 3216080.0, 5947856.0 ], [ 3216081.0, 5947881.0 ], [ 3216089.0, 5947988.0 ], [ 3216097.0, 5948090.0 ], [ 3216118.0, 5948089.0 ], [ 3216118.0, 5948098.0 ], [ 3216143.0, 5948099.0 ], [ 3216165.0, 5948102.0 ], [ 3216176.0, 5948104.0 ], [ 3216195.0, 5948109.0 ], [ 3216209.0, 5948113.0 ], [ 3216226.0, 5948121.0 ], [ 3216262.0, 5948140.0 ], [ 3216305.0, 5948162.0 ], [ 3216381.0, 5948202.0 ] ] } },
{ "type": "Feature", "properties": { "betweenness_centrality": "0.035443037974683546", "source": "676296043.0", "target": "13361343885.0", "ordering_betweenness_centrality": "48", "length": 591, "length_cumulative": 155932 }, "geometry": { "type": "LineString", "coordinates": [ [ 3212959.0, 5949760.0 ], [ 3212955.0, 5949745.0 ], [ 3212947.0, 5949720.0 ], [ 3212938.0, 5949689.0 ], [ 3212929.0, 5949682.0 ], [ 3212910.0, 5949609.0 ], [ 3212897.0, 5949581.0 ], [ 3212895.0, 5949573.0 ], [ 3212867.0, 5949473.0 ], [ 3212866.0, 5949471.0 ], [ 3212865.0, 5949469.0 ], [ 3212854.0, 5949430.0 ], [ 3212847.0, 5949403.0 ], [ 3212837.0, 5949368.0 ], [ 3212821.0, 5949330.0 ], [ 3212773.0, 5949302.0 ], [ 3212763.0, 5949299.0 ], [ 3212758.0, 5949297.0 ], [ 3212747.0, 5949293.0 ], [ 3212734.0, 5949289.0 ], [ 3212695.0, 5949277.0 ] ] } },
{ "type": "Feature", "properties": { "betweenness_centrality": "0.03512658227848101", "source": "13665680262.0", "target": "737307063.0", "ordering_betweenness_centrality": "49", "length": 1515, "length_cumulative": 157447 }, "geometry": { "type": "MultiLineString", "coordinates": [ [ [ 3213855.0, 5938385.0 ], [ 3213844.0, 5938373.0 ], [ 3213830.0, 5938358.0 ], [ 3213816.0, 5938343.0 ], [ 3213802.0, 5938328.0 ], [ 3213847.0, 5938287.0 ], [ 3213871.0, 5938264.0 ], [ 3213867.0, 5938259.0 ], [ 3213819.0, 5938204.0 ], [ 3213815.0, 5938200.0 ], [ 3213806.0, 5938187.0 ], [ 3213796.0, 5938174.0 ], [ 3213789.0, 5938158.0 ], [ 3213780.0, 5938143.0 ], [ 3213776.0, 5938137.0 ], [ 3213723.0, 5938071.0 ], [ 3213601.0, 5938070.0 ], [ 3213595.0, 5938070.0 ], [ 3213541.0, 5938071.0 ], [ 3213538.0, 5938039.0 ], [ 3213537.0, 5938009.0 ], [ 3213532.0, 5937940.0 ], [ 3213527.0, 5937940.0 ], [ 3213524.0, 5937934.0 ], [ 3213509.0, 5937935.0 ], [ 3213508.0, 5937923.0 ], [ 3213508.0, 5937907.0 ], [ 3213485.0, 5937907.0 ], [ 3213481.0, 5937907.0 ], [ 3213476.0, 5937907.0 ], [ 3213472.0, 5937907.0 ], [ 3213472.0, 5937897.0 ], [ 3213475.0, 5937897.0 ], [ 3213476.0, 5937892.0 ], [ 3213477.0, 5937885.0 ], [ 3213472.0, 5937885.0 ], [ 3213471.0, 5937881.0 ], [ 3213471.0, 5937879.0 ], [ 3213460.0, 5937878.0 ], [ 3213460.0, 5937849.0 ], [ 3213461.0, 5937803.0 ], [ 3213463.0, 5937752.0 ], [ 3213458.0, 5937750.0 ], [ 3213452.0, 5937748.0 ], [ 3213432.0, 5937736.0 ], [ 3213401.0, 5937716.0 ], [ 3213388.0, 5937708.0 ], [ 3213383.0, 5937704.0 ], [ 3213381.0, 5937701.0 ], [ 3213376.0, 5937693.0 ], [ 3213371.0, 5937687.0 ], [ 3213364.0, 5937682.0 ], [ 3213359.0, 5937678.0 ], [ 3213354.0, 5937674.0 ], [ 3213351.0, 5937672.0 ], [ 3213349.0, 5937669.0 ], [ 3213346.0, 5937663.0 ], [ 3213331.0, 5937613.0 ], [ 3213330.0, 5937612.0 ], [ 3213319.0, 5937577.0 ], [ 3213312.0, 5937553.0 ], [ 3213310.0, 5937548.0 ], [ 3213308.0, 5937541.0 ], [ 3213306.0, 5937535.0 ], [ 3213270.0, 5937468.0 ], [ 3213259.0, 5937471.0 ], [ 3213248.0, 5937474.0 ], [ 3213236.0, 5937477.0 ], [ 3213230.0, 5937478.0 ], [ 3213226.0, 5937483.0 ], [ 3213212.0, 5937480.0 ], [ 3213204.0, 5937478.0 ], [ 3213209.0, 5937457.0 ], [ 3213210.0, 5937447.0 ], [ 3213208.0, 5937420.0 ] ], [ [ 3213208.0, 5937420.0 ], [ 3213192.0, 5937416.0 ], [ 3213180.0, 5937413.0 ] ] ] } },
{ "type": "Feature", "properties": { "betweenness_centrality": "0.03481012658227848", "source": "8863683260.0", "target": "639867754.0", "ordering_betweenness_centrality": "50", "length": 1503, "length_cumulative": 158951 }, "geometry": { "type": "LineString", "coordinates": [ [ 3211130.0, 5947512.0 ], [ 3211137.0, 5947519.0 ], [ 3211118.0, 5947537.0 ], [ 3211113.0, 5947545.0 ], [ 3211111.0, 5947554.0 ], [ 3211114.0, 5947564.0 ], [ 3211116.0, 5947570.0 ], [ 3211121.0, 5947577.0 ], [ 3211137.0, 5947593.0 ], [ 3211195.0, 5947653.0 ], [ 3211227.0, 5947683.0 ], [ 3211279.0, 5947737.0 ], [ 3211280.0, 5947738.0 ], [ 3211354.0, 5947811.0 ], [ 3211361.0, 5947818.0 ], [ 3211452.0, 5947907.0 ], [ 3211459.0, 5947901.0 ], [ 3211464.0, 5947898.0 ], [ 3211470.0, 5947896.0 ], [ 3211576.0, 5948000.0 ], [ 3211655.0, 5948076.0 ], [ 3211764.0, 5948185.0 ], [ 3211892.0, 5948311.0 ], [ 3211912.0, 5948332.0 ], [ 3211954.0, 5948371.0 ], [ 3211965.0, 5948379.0 ], [ 3211979.0, 5948389.0 ], [ 3211993.0, 5948396.0 ], [ 3212006.0, 5948402.0 ], [ 3212029.0, 5948411.0 ], [ 3212119.0, 5948442.0 ], [ 3212134.0, 5948447.0 ], [ 3212164.0, 5948459.0 ], [ 3212188.0, 5948474.0 ] ] } },
{ "type": "Feature", "properties": { "betweenness_centrality": "0.03481012658227848", "source": "6673697291.0", "target": "1431789952.0", "ordering_betweenness_centrality": "51", "length": 385, "length_cumulative": 159337 }, "geometry": { "type": "MultiLineString", "coordinates": [ [ [ 3222297.0, 5942428.0 ], [ 3222371.0, 5942496.0 ] ], [ [ 3222371.0, 5942496.0 ], [ 3222443.0, 5942561.0 ] ], [ [ 3222443.0, 5942561.0 ], [ 3222513.0, 5942625.0 ] ], [ [ 3222513.0, 5942625.0 ], [ 3222580.0, 5942691.0 ] ] ] } },
{ "type": "Feature", "properties": { "betweenness_centrality": "0.03481012658227848", "source": "317268848.0", "target": "388415516.0", "ordering_betweenness_centrality": "52", "length": 2069, "length_cumulative": 161406 }, "geometry": { "type": "LineString", "coordinates": [ [ 3212430.0, 5939847.0 ], [ 3212436.0, 5939827.0 ], [ 3212441.0, 5939814.0 ], [ 3212449.0, 5939800.0 ], [ 3212477.0, 5939762.0 ], [ 3212468.0, 5939755.0 ], [ 3212450.0, 5939737.0 ], [ 3212438.0, 5939726.0 ], [ 3212449.0, 5939715.0 ], [ 3212443.0, 5939710.0 ], [ 3212438.0, 5939705.0 ], [ 3212433.0, 5939702.0 ], [ 3212449.0, 5939678.0 ], [ 3212430.0, 5939657.0 ], [ 3212425.0, 5939652.0 ], [ 3212420.0, 5939646.0 ], [ 3212419.0, 5939637.0 ], [ 3212417.0, 5939615.0 ], [ 3212423.0, 5939611.0 ], [ 3212429.0, 5939606.0 ], [ 3212486.0, 5939540.0 ], [ 3212515.0, 5939507.0 ], [ 3212543.0, 5939481.0 ], [ 3212583.0, 5939433.0 ], [ 3212590.0, 5939423.0 ], [ 3212593.0, 5939414.0 ], [ 3212592.0, 5939405.0 ], [ 3212590.0, 5939400.0 ], [ 3212587.0, 5939396.0 ], [ 3212577.0, 5939388.0 ], [ 3212566.0, 5939376.0 ], [ 3212521.0, 5939337.0 ], [ 3212509.0, 5939319.0 ], [ 3212507.0, 5939312.0 ], [ 3212501.0, 5939290.0 ], [ 3212496.0, 5939286.0 ], [ 3212416.0, 5939210.0 ], [ 3212536.0, 5939082.0 ], [ 3212487.0, 5939032.0 ], [ 3212496.0, 5939026.0 ], [ 3212536.0, 5938985.0 ], [ 3212558.0, 5938962.0 ], [ 3212424.0, 5938833.0 ], [ 3212433.0, 5938824.0 ], [ 3212325.0, 5938719.0 ], [ 3212320.0, 5938680.0 ], [ 3212316.0, 5938651.0 ], [ 3212339.0, 5938628.0 ], [ 3212469.0, 5938490.0 ], [ 3212473.0, 5938481.0 ], [ 3212492.0, 5938459.0 ], [ 3212493.0, 5938452.0 ], [ 3212493.0, 5938446.0 ], [ 3212488.0, 5938436.0 ], [ 3212474.0, 5938419.0 ], [ 3212477.0, 5938419.0 ], [ 3212485.0, 5938418.0 ], [ 3212488.0, 5938418.0 ], [ 3212492.0, 5938416.0 ], [ 3212495.0, 5938414.0 ], [ 3212498.0, 5938411.0 ], [ 3212537.0, 5938369.0 ], [ 3212545.0, 5938360.0 ], [ 3212508.0, 5938351.0 ], [ 3212475.0, 5938344.0 ] ] } },
{ "type": "Feature", "properties": { "betweenness_centrality": "0.03449367088607595", "source": "8301406711.0", "target": "7146809158.0", "ordering_betweenness_centrality": "53", "length": 2805, "length_cumulative": 164212 }, "geometry": { "type": "LineString", "coordinates": [ [ 3210630.0, 5943527.0 ], [ 3210609.0, 5943514.0 ], [ 3210554.0, 5943479.0 ], [ 3210529.0, 5943464.0 ], [ 3210506.0, 5943448.0 ], [ 3210490.0, 5943437.0 ], [ 3210481.0, 5943428.0 ], [ 3210473.0, 5943420.0 ], [ 3210464.0, 5943409.0 ], [ 3210441.0, 5943429.0 ], [ 3210417.0, 5943445.0 ], [ 3210369.0, 5943472.0 ], [ 3210353.0, 5943483.0 ], [ 3210300.0, 5943525.0 ], [ 3210270.0, 5943553.0 ], [ 3210227.0, 5943591.0 ], [ 3210169.0, 5943646.0 ], [ 3210146.0, 5943671.0 ], [ 3210133.0, 5943686.0 ], [ 3210146.0, 5943697.0 ], [ 3210130.0, 5943713.0 ], [ 3210105.0, 5943739.0 ], [ 3210074.0, 5943772.0 ], [ 3210016.0, 5943834.0 ], [ 3209969.0, 5943881.0 ], [ 3209925.0, 5943923.0 ], [ 3209917.0, 5943929.0 ], [ 3209913.0, 5943925.0 ], [ 3209687.0, 5944143.0 ], [ 3209455.0, 5944359.0 ], [ 3209305.0, 5944496.0 ], [ 3209294.0, 5944507.0 ], [ 3209149.0, 5944645.0 ], [ 3209138.0, 5944655.0 ], [ 3209128.0, 5944665.0 ], [ 3209004.0, 5944784.0 ], [ 3208993.0, 5944793.0 ], [ 3208983.0, 5944803.0 ], [ 3208833.0, 5944944.0 ], [ 3208828.0, 5944939.0 ], [ 3208823.0, 5944937.0 ], [ 3208799.0, 5944913.0 ], [ 3208797.0, 5944912.0 ], [ 3208771.0, 5944885.0 ], [ 3208753.0, 5944868.0 ], [ 3208751.0, 5944866.0 ], [ 3208751.0, 5944870.0 ], [ 3208746.0, 5944874.0 ], [ 3208739.0, 5944882.0 ], [ 3208732.0, 5944877.0 ], [ 3208727.0, 5944873.0 ], [ 3208719.0, 5944867.0 ], [ 3208614.0, 5945007.0 ] ] } },
{ "type": "Feature", "properties": { "betweenness_centrality": "0.033860759493670886", "source": "388415516.0", "target": "6475014530.0", "ordering_betweenness_centrality": "54", "length": 3228, "length_cumulative": 167440 }, "geometry": { "type": "LineString", "coordinates": [ [ 3209931.0, 5939395.0 ], [ 3210091.0, 5939258.0 ], [ 3210099.0, 5939252.0 ], [ 3210116.0, 5939238.0 ], [ 3210124.0, 5939230.0 ], [ 3210131.0, 5939238.0 ], [ 3210164.0, 5939212.0 ], [ 3210210.0, 5939183.0 ], [ 3210251.0, 5939158.0 ], [ 3210284.0, 5939137.0 ], [ 3210328.0, 5939111.0 ], [ 3210337.0, 5939106.0 ], [ 3210380.0, 5939079.0 ], [ 3210542.0, 5938981.0 ], [ 3210557.0, 5938971.0 ], [ 3210619.0, 5939051.0 ], [ 3210702.0, 5938997.0 ], [ 3210705.0, 5938996.0 ], [ 3210709.0, 5938996.0 ], [ 3210716.0, 5938998.0 ], [ 3210745.0, 5939017.0 ], [ 3210751.0, 5939013.0 ], [ 3210764.0, 5939005.0 ], [ 3210780.0, 5938996.0 ], [ 3210822.0, 5938972.0 ], [ 3210892.0, 5938932.0 ], [ 3210902.0, 5938930.0 ], [ 3210915.0, 5938929.0 ], [ 3211002.0, 5938889.0 ], [ 3211025.0, 5938917.0 ], [ 3211052.0, 5938917.0 ], [ 3211090.0, 5938975.0 ], [ 3211155.0, 5939047.0 ], [ 3211193.0, 5939026.0 ], [ 3211200.0, 5939033.0 ], [ 3211209.0, 5939041.0 ], [ 3211220.0, 5939047.0 ], [ 3211229.0, 5939051.0 ], [ 3211236.0, 5939054.0 ], [ 3211245.0, 5939059.0 ], [ 3211277.0, 5939073.0 ], [ 3211313.0, 5939089.0 ], [ 3211323.0, 5939092.0 ], [ 3211344.0, 5939099.0 ], [ 3211411.0, 5939118.0 ], [ 3211421.0, 5939122.0 ], [ 3211432.0, 5939128.0 ], [ 3211437.0, 5939133.0 ], [ 3211442.0, 5939143.0 ], [ 3211458.0, 5939148.0 ], [ 3211484.0, 5939154.0 ], [ 3211501.0, 5939137.0 ], [ 3211527.0, 5939111.0 ], [ 3211553.0, 5939082.0 ], [ 3211563.0, 5939081.0 ], [ 3211569.0, 5939079.0 ], [ 3211587.0, 5939074.0 ], [ 3211590.0, 5939073.0 ], [ 3211599.0, 5939065.0 ], [ 3211609.0, 5939055.0 ], [ 3211618.0, 5939045.0 ], [ 3211629.0, 5939034.0 ], [ 3211637.0, 5939025.0 ], [ 3211667.0, 5938993.0 ], [ 3211737.0, 5938955.0 ], [ 3211847.0, 5938840.0 ], [ 3211916.0, 5938766.0 ], [ 3212034.0, 5938645.0 ], [ 3212043.0, 5938655.0 ], [ 3212089.0, 5938606.0 ], [ 3212098.0, 5938597.0 ], [ 3212114.0, 5938580.0 ], [ 3212137.0, 5938557.0 ], [ 3212146.0, 5938547.0 ], [ 3212158.0, 5938534.0 ], [ 3212160.0, 5938532.0 ], [ 3212174.0, 5938518.0 ], [ 3212193.0, 5938499.0 ], [ 3212275.0, 5938415.0 ], [ 3212287.0, 5938403.0 ], [ 3212297.0, 5938394.0 ], [ 3212320.0, 5938377.0 ], [ 3212341.0, 5938366.0 ], [ 3212349.0, 5938362.0 ], [ 3212367.0, 5938355.0 ], [ 3212393.0, 5938348.0 ], [ 3212409.0, 5938346.0 ], [ 3212429.0, 5938344.0 ], [ 3212451.0, 5938344.0 ], [ 3212475.0, 5938344.0 ] ] } },
{ "type": "Feature", "properties": { "betweenness_centrality": "0.03354430379746835", "source": "8863683260.0", "target": "6765195286.0", "ordering_betweenness_centrality": "55", "length": 1554, "length_cumulative": 168995 }, "geometry": { "type": "LineString", "coordinates": [ [ 3211100.0, 5947584.0 ], [ 3211074.0, 5947585.0 ], [ 3211068.0, 5947586.0 ], [ 3211062.0, 5947588.0 ], [ 3211055.0, 5947592.0 ], [ 3211042.0, 5947606.0 ], [ 3211031.0, 5947612.0 ], [ 3211011.0, 5947635.0 ], [ 3211006.0, 5947641.0 ], [ 3210957.0, 5947692.0 ], [ 3210947.0, 5947702.0 ], [ 3210941.0, 5947710.0 ], [ 3210936.0, 5947720.0 ], [ 3210930.0, 5947732.0 ], [ 3210916.0, 5947731.0 ], [ 3210904.0, 5947728.0 ], [ 3210886.0, 5947755.0 ], [ 3210883.0, 5947759.0 ], [ 3210870.0, 5947756.0 ], [ 3210835.0, 5947733.0 ], [ 3210699.0, 5947635.0 ], [ 3210649.0, 5947598.0 ], [ 3210595.0, 5947558.0 ], [ 3210536.0, 5947514.0 ], [ 3210533.0, 5947511.0 ], [ 3210526.0, 5947506.0 ], [ 3210523.0, 5947510.0 ], [ 3210520.0, 5947515.0 ], [ 3210469.0, 5947575.0 ], [ 3210475.0, 5947601.0 ], [ 3210456.0, 5947619.0 ], [ 3210426.0, 5947662.0 ], [ 3210335.0, 5947614.0 ], [ 3210323.0, 5947627.0 ], [ 3210310.0, 5947650.0 ], [ 3210277.0, 5947694.0 ], [ 3210270.0, 5947689.0 ], [ 3210249.0, 5947674.0 ], [ 3210231.0, 5947696.0 ], [ 3210227.0, 5947699.0 ], [ 3210223.0, 5947698.0 ], [ 3210207.0, 5947687.0 ], [ 3210193.0, 5947685.0 ], [ 3210188.0, 5947693.0 ], [ 3210170.0, 5947682.0 ], [ 3210165.0, 5947679.0 ], [ 3210162.0, 5947678.0 ], [ 3210158.0, 5947679.0 ], [ 3210138.0, 5947705.0 ], [ 3210134.0, 5947708.0 ], [ 3210132.0, 5947708.0 ], [ 3210115.0, 5947698.0 ], [ 3210105.0, 5947692.0 ], [ 3210114.0, 5947678.0 ], [ 3210108.0, 5947674.0 ], [ 3210110.0, 5947671.0 ], [ 3210087.0, 5947657.0 ], [ 3210088.0, 5947655.0 ], [ 3210093.0, 5947645.0 ], [ 3210089.0, 5947643.0 ], [ 3210082.0, 5947642.0 ], [ 3210074.0, 5947642.0 ], [ 3209964.0, 5947659.0 ] ] } },
{ "type": "Feature", "properties": { "betweenness_centrality": "0.033227848101265826", "source": "286502185.0", "target": "8467972168.0", "ordering_betweenness_centrality": "56", "length": 371, "length_cumulative": 169366 }, "geometry": { "type": "MultiLineString", "coordinates": [ [ [ 3205809.0, 5941468.0 ], [ 3205827.0, 5941465.0 ], [ 3205851.0, 5941461.0 ], [ 3205883.0, 5941453.0 ] ], [ [ 3205883.0, 5941453.0 ], [ 3205902.0, 5941449.0 ], [ 3205913.0, 5941449.0 ], [ 3205933.0, 5941455.0 ], [ 3205977.0, 5941472.0 ], [ 3205985.0, 5941474.0 ], [ 3205988.0, 5941474.0 ], [ 3205992.0, 5941474.0 ], [ 3205996.0, 5941471.0 ], [ 3206005.0, 5941452.0 ], [ 3205967.0, 5941432.0 ], [ 3205977.0, 5941414.0 ], [ 3205966.0, 5941408.0 ], [ 3205956.0, 5941403.0 ], [ 3205953.0, 5941370.0 ], [ 3205950.0, 5941333.0 ] ] ] } },
{ "type": "Feature", "properties": { "betweenness_centrality": "0.03291139240506329", "source": "388415516.0", "target": "13665680262.0", "ordering_betweenness_centrality": "57", "length": 1058, "length_cumulative": 170424 }, "geometry": { "type": "LineString", "coordinates": [ [ 3213576.0, 5938594.0 ], [ 3213550.0, 5938588.0 ], [ 3213508.0, 5938579.0 ], [ 3213452.0, 5938567.0 ], [ 3213403.0, 5938556.0 ], [ 3213302.0, 5938533.0 ], [ 3213296.0, 5938532.0 ], [ 3213250.0, 5938521.0 ], [ 3213207.0, 5938512.0 ], [ 3213180.0, 5938505.0 ], [ 3213118.0, 5938491.0 ], [ 3213079.0, 5938482.0 ], [ 3213064.0, 5938478.0 ], [ 3212987.0, 5938461.0 ], [ 3212934.0, 5938449.0 ], [ 3212819.0, 5938424.0 ], [ 3212792.0, 5938418.0 ], [ 3212754.0, 5938409.0 ], [ 3212721.0, 5938401.0 ], [ 3212648.0, 5938383.0 ], [ 3212588.0, 5938369.0 ], [ 3212553.0, 5938361.0 ], [ 3212545.0, 5938360.0 ] ] } },
{ "type": "Feature", "properties": { "betweenness_centrality": "0.0319620253164557", "source": "8756146654.0", "target": "365980316.0", "ordering_betweenness_centrality": "58", "length": 102, "length_cumulative": 170526 }, "geometry": { "type": "LineString", "coordinates": [ [ 3204139.0, 5947681.0 ], [ 3204078.0, 5947599.0 ] ] } },
{ "type": "Feature", "properties": { "betweenness_centrality": "0.03132911392405063", "source": "676296043.0", "target": "13695008271.0", "ordering_betweenness_centrality": "59", "length": 298, "length_cumulative": 170825 }, "geometry": { "type": "LineString", "coordinates": [ [ 3212854.0, 5949430.0 ], [ 3212863.0, 5949428.0 ], [ 3212871.0, 5949425.0 ], [ 3212877.0, 5949447.0 ], [ 3212899.0, 5949441.0 ], [ 3212915.0, 5949437.0 ], [ 3212947.0, 5949429.0 ], [ 3212988.0, 5949418.0 ], [ 3212994.0, 5949425.0 ], [ 3212998.0, 5949427.0 ], [ 3213005.0, 5949429.0 ], [ 3213013.0, 5949430.0 ], [ 3213024.0, 5949429.0 ], [ 3213037.0, 5949426.0 ], [ 3213047.0, 5949460.0 ], [ 3213048.0, 5949464.0 ], [ 3213050.0, 5949466.0 ], [ 3213053.0, 5949466.0 ], [ 3213059.0, 5949466.0 ], [ 3213098.0, 5949457.0 ] ] } },
{ "type": "Feature", "properties": { "betweenness_centrality": "0.03037974683544304", "source": "3709913404.0", "target": "11652340376.0", "ordering_betweenness_centrality": "60", "length": 1527, "length_cumulative": 172352 }, "geometry": { "type": "LineString", "coordinates": [ [ 3220035.0, 5934954.0 ], [ 3220054.0, 5934916.0 ], [ 3220068.0, 5934891.0 ], [ 3220080.0, 5934867.0 ], [ 3220102.0, 5934821.0 ], [ 3220108.0, 5934810.0 ], [ 3220120.0, 5934788.0 ], [ 3220132.0, 5934765.0 ], [ 3220164.0, 5934702.0 ], [ 3220230.0, 5934575.0 ], [ 3220273.0, 5934492.0 ], [ 3220282.0, 5934475.0 ], [ 3220293.0, 5934453.0 ], [ 3220294.0, 5934452.0 ], [ 3220315.0, 5934412.0 ], [ 3220360.0, 5934326.0 ], [ 3220392.0, 5934263.0 ], [ 3220418.0, 5934214.0 ], [ 3220454.0, 5934144.0 ], [ 3220466.0, 5934120.0 ], [ 3220484.0, 5934086.0 ], [ 3220578.0, 5933904.0 ], [ 3220633.0, 5933797.0 ], [ 3220663.0, 5933740.0 ], [ 3220681.0, 5933745.0 ], [ 3220699.0, 5933753.0 ], [ 3220709.0, 5933750.0 ], [ 3220730.0, 5933752.0 ], [ 3220747.0, 5933752.0 ], [ 3220775.0, 5933735.0 ], [ 3220791.0, 5933734.0 ], [ 3220799.0, 5933734.0 ], [ 3220798.0, 5933751.0 ] ] } },
{ "type": "Feature", "properties": { "betweenness_centrality": "0.028481012658227847", "source": "5702344621.0", "target": "6673697291.0", "ordering_betweenness_centrality": "61", "length": 1614, "length_cumulative": 173966 }, "geometry": { "type": "LineString", "coordinates": [ [ 3217577.0, 5942375.0 ], [ 3217597.0, 5942387.0 ], [ 3217631.0, 5942407.0 ], [ 3217638.0, 5942409.0 ], [ 3217647.0, 5942410.0 ], [ 3217655.0, 5942410.0 ], [ 3217666.0, 5942409.0 ], [ 3217677.0, 5942408.0 ], [ 3217686.0, 5942409.0 ], [ 3217695.0, 5942412.0 ], [ 3217794.0, 5942478.0 ], [ 3217888.0, 5942542.0 ], [ 3217912.0, 5942559.0 ], [ 3217916.0, 5942552.0 ], [ 3217925.0, 5942539.0 ], [ 3218058.0, 5942329.0 ], [ 3218069.0, 5942313.0 ], [ 3218080.0, 5942320.0 ], [ 3218116.0, 5942344.0 ], [ 3218144.0, 5942364.0 ], [ 3218168.0, 5942379.0 ], [ 3218232.0, 5942422.0 ], [ 3218262.0, 5942442.0 ], [ 3218414.0, 5942542.0 ], [ 3218426.0, 5942524.0 ], [ 3218457.0, 5942475.0 ], [ 3218463.0, 5942473.0 ], [ 3218547.0, 5942526.0 ], [ 3218625.0, 5942406.0 ], [ 3218646.0, 5942375.0 ], [ 3218717.0, 5942266.0 ], [ 3218726.0, 5942246.0 ] ] } },
{ "type": "Feature", "properties": { "betweenness_centrality": "0.028164556962025317", "source": "365332407.0", "target": "365292413.0", "ordering_betweenness_centrality": "62", "length": 377, "length_cumulative": 174343 }, "geometry": { "type": "MultiLineString", "coordinates": [ [ [ 3209871.0, 5949813.0 ], [ 3209880.0, 5949798.0 ], [ 3209892.0, 5949783.0 ], [ 3209926.0, 5949741.0 ], [ 3209945.0, 5949723.0 ], [ 3209989.0, 5949686.0 ], [ 3210003.0, 5949675.0 ], [ 3210015.0, 5949661.0 ], [ 3210026.0, 5949647.0 ], [ 3210078.0, 5949573.0 ] ], [ [ 3210078.0, 5949573.0 ], [ 3210105.0, 5949537.0 ], [ 3210118.0, 5949543.0 ] ] ] } },
{ "type": "Feature", "properties": { "betweenness_centrality": "0.027848101265822784", "source": "7524602165.0", "target": "365369214.0", "ordering_betweenness_centrality": "63", "length": 2757, "length_cumulative": 177101 }, "geometry": { "type": "LineString", "coordinates": [ [ 3207041.0, 5945260.0 ], [ 3206994.0, 5945273.0 ], [ 3206978.0, 5945277.0 ], [ 3206965.0, 5945282.0 ], [ 3206953.0, 5945289.0 ], [ 3206924.0, 5945305.0 ], [ 3206892.0, 5945324.0 ], [ 3206889.0, 5945326.0 ], [ 3206878.0, 5945334.0 ], [ 3206859.0, 5945348.0 ], [ 3206753.0, 5945411.0 ], [ 3206740.0, 5945418.0 ], [ 3206654.0, 5945470.0 ], [ 3206435.0, 5945600.0 ], [ 3206417.0, 5945611.0 ], [ 3206411.0, 5945616.0 ], [ 3206400.0, 5945630.0 ], [ 3206348.0, 5945621.0 ], [ 3206305.0, 5945615.0 ], [ 3206284.0, 5945612.0 ], [ 3206259.0, 5945612.0 ], [ 3206170.0, 5945627.0 ], [ 3206130.0, 5945633.0 ], [ 3206052.0, 5945646.0 ], [ 3206042.0, 5945648.0 ], [ 3206036.0, 5945644.0 ], [ 3206033.0, 5945640.0 ], [ 3206030.0, 5945633.0 ], [ 3206030.0, 5945632.0 ], [ 3206025.0, 5945606.0 ], [ 3206024.0, 5945598.0 ], [ 3206020.0, 5945584.0 ], [ 3206014.0, 5945558.0 ], [ 3206014.0, 5945556.0 ], [ 3206007.0, 5945557.0 ], [ 3206004.0, 5945543.0 ], [ 3206000.0, 5945532.0 ], [ 3205998.0, 5945529.0 ], [ 3205995.0, 5945526.0 ], [ 3205987.0, 5945520.0 ], [ 3205979.0, 5945518.0 ], [ 3205970.0, 5945517.0 ], [ 3205957.0, 5945516.0 ], [ 3205939.0, 5945517.0 ], [ 3205934.0, 5945517.0 ], [ 3205914.0, 5945517.0 ], [ 3205795.0, 5945523.0 ], [ 3205767.0, 5945523.0 ], [ 3205743.0, 5945525.0 ], [ 3205690.0, 5945529.0 ], [ 3205668.0, 5945531.0 ], [ 3205631.0, 5945531.0 ], [ 3205611.0, 5945532.0 ], [ 3205586.0, 5945535.0 ], [ 3205554.0, 5945537.0 ], [ 3205519.0, 5945539.0 ], [ 3205500.0, 5945541.0 ], [ 3205478.0, 5945543.0 ], [ 3205475.0, 5945544.0 ], [ 3205438.0, 5945550.0 ], [ 3205412.0, 5945550.0 ], [ 3205399.0, 5945550.0 ], [ 3205386.0, 5945549.0 ], [ 3205371.0, 5945547.0 ], [ 3205359.0, 5945545.0 ], [ 3205351.0, 5945543.0 ], [ 3205341.0, 5945540.0 ], [ 3205327.0, 5945537.0 ], [ 3205311.0, 5945534.0 ], [ 3205288.0, 5945533.0 ], [ 3205269.0, 5945533.0 ], [ 3205249.0, 5945533.0 ], [ 3205234.0, 5945532.0 ], [ 3205220.0, 5945531.0 ], [ 3205206.0, 5945530.0 ], [ 3205192.0, 5945528.0 ], [ 3205181.0, 5945524.0 ], [ 3205176.0, 5945521.0 ], [ 3205168.0, 5945517.0 ], [ 3205160.0, 5945511.0 ], [ 3205156.0, 5945510.0 ], [ 3205148.0, 5945509.0 ], [ 3205140.0, 5945511.0 ], [ 3205128.0, 5945494.0 ], [ 3205121.0, 5945485.0 ], [ 3205112.0, 5945474.0 ], [ 3205108.0, 5945469.0 ], [ 3205101.0, 5945463.0 ], [ 3205092.0, 5945456.0 ], [ 3205086.0, 5945452.0 ], [ 3205079.0, 5945448.0 ], [ 3205070.0, 5945443.0 ], [ 3205062.0, 5945436.0 ], [ 3205052.0, 5945424.0 ], [ 3205043.0, 5945410.0 ], [ 3205037.0, 5945400.0 ], [ 3205036.0, 5945399.0 ], [ 3205030.0, 5945391.0 ], [ 3205029.0, 5945387.0 ], [ 3205031.0, 5945383.0 ], [ 3205014.0, 5945385.0 ], [ 3205004.0, 5945368.0 ], [ 3204992.0, 5945348.0 ], [ 3204993.0, 5945338.0 ], [ 3204989.0, 5945341.0 ], [ 3204971.0, 5945353.0 ], [ 3204963.0, 5945359.0 ], [ 3204957.0, 5945363.0 ], [ 3204950.0, 5945368.0 ], [ 3204945.0, 5945372.0 ], [ 3204939.0, 5945377.0 ], [ 3204932.0, 5945382.0 ], [ 3204925.0, 5945387.0 ], [ 3204919.0, 5945391.0 ], [ 3204915.0, 5945397.0 ], [ 3204910.0, 5945402.0 ], [ 3204905.0, 5945405.0 ], [ 3204898.0, 5945408.0 ], [ 3204894.0, 5945411.0 ], [ 3204888.0, 5945413.0 ], [ 3204874.0, 5945418.0 ], [ 3204866.0, 5945421.0 ], [ 3204858.0, 5945424.0 ], [ 3204850.0, 5945427.0 ], [ 3204835.0, 5945433.0 ], [ 3204805.0, 5945444.0 ], [ 3204786.0, 5945451.0 ], [ 3204779.0, 5945455.0 ], [ 3204768.0, 5945461.0 ], [ 3204745.0, 5945479.0 ], [ 3204691.0, 5945496.0 ], [ 3204676.0, 5945501.0 ], [ 3204658.0, 5945510.0 ], [ 3204639.0, 5945525.0 ] ] } },
{ "type": "Feature", "properties": { "betweenness_centrality": "0.02721518987341772", "source": "5702357176.0", "target": "598433563.0", "ordering_betweenness_centrality": "64", "length": 474, "length_cumulative": 177575 }, "geometry": { "type": "MultiLineString", "coordinates": [ [ [ 3217628.0, 5948659.0 ], [ 3217625.0, 5948643.0 ], [ 3217622.0, 5948629.0 ], [ 3217617.0, 5948599.0 ], [ 3217615.0, 5948587.0 ], [ 3217596.0, 5948345.0 ] ], [ [ 3217596.0, 5948345.0 ], [ 3217592.0, 5948288.0 ], [ 3217588.0, 5948264.0 ], [ 3217583.0, 5948246.0 ], [ 3217572.0, 5948231.0 ], [ 3217561.0, 5948222.0 ] ], [ [ 3217561.0, 5948222.0 ], [ 3217547.0, 5948215.0 ], [ 3217538.0, 5948211.0 ] ] ] } },
{ "type": "Feature", "properties": { "betweenness_centrality": "0.026265822784810128", "source": "5663696562.0", "target": "732011407.0", "ordering_betweenness_centrality": "65", "length": 1877, "length_cumulative": 179453 }, "geometry": { "type": "LineString", "coordinates": [ [ 3216768.0, 5948415.0 ], [ 3216824.0, 5948445.0 ], [ 3216837.0, 5948452.0 ], [ 3216874.0, 5948472.0 ], [ 3216908.0, 5948489.0 ], [ 3216908.0, 5948506.0 ], [ 3216909.0, 5948580.0 ], [ 3216911.0, 5948668.0 ], [ 3216908.0, 5948875.0 ], [ 3216908.0, 5948888.0 ], [ 3216905.0, 5949104.0 ], [ 3216919.0, 5949099.0 ], [ 3216934.0, 5949093.0 ], [ 3216949.0, 5949086.0 ], [ 3216958.0, 5949077.0 ], [ 3216963.0, 5949067.0 ], [ 3216967.0, 5949058.0 ], [ 3216968.0, 5949050.0 ], [ 3216970.0, 5949022.0 ], [ 3216972.0, 5949014.0 ], [ 3216976.0, 5949010.0 ], [ 3216981.0, 5949008.0 ], [ 3217005.0, 5949006.0 ], [ 3217036.0, 5949006.0 ], [ 3217057.0, 5949006.0 ], [ 3217057.0, 5949018.0 ], [ 3217096.0, 5949025.0 ], [ 3217127.0, 5949020.0 ], [ 3217144.0, 5949012.0 ], [ 3217174.0, 5949012.0 ], [ 3217200.0, 5949012.0 ], [ 3217244.0, 5949019.0 ], [ 3217255.0, 5949024.0 ], [ 3217257.0, 5949025.0 ], [ 3217258.0, 5949033.0 ], [ 3217259.0, 5949058.0 ], [ 3217266.0, 5949068.0 ], [ 3217293.0, 5949083.0 ], [ 3217344.0, 5949091.0 ], [ 3217362.0, 5949098.0 ], [ 3217325.0, 5949212.0 ], [ 3217297.0, 5949301.0 ], [ 3217290.0, 5949324.0 ], [ 3217273.0, 5949403.0 ], [ 3217267.0, 5949478.0 ], [ 3217266.0, 5949549.0 ], [ 3217325.0, 5949530.0 ] ] } },
{ "type": "Feature", "properties": { "betweenness_centrality": "0.025632911392405065", "source": "5734358938.0", "target": "1297178814.0", "ordering_betweenness_centrality": "66", "length": 4233, "length_cumulative": 183686 }, "geometry": { "type": "MultiLineString", "coordinates": [ [ [ 3217632.0, 5939432.0 ], [ 3217581.0, 5939358.0 ], [ 3217565.0, 5939334.0 ], [ 3217460.0, 5939179.0 ], [ 3217437.0, 5939159.0 ], [ 3217428.0, 5939145.0 ], [ 3217416.0, 5939127.0 ], [ 3217390.0, 5939090.0 ], [ 3217350.0, 5939036.0 ], [ 3217333.0, 5939016.0 ], [ 3217321.0, 5939004.0 ], [ 3217316.0, 5938999.0 ], [ 3217291.0, 5938973.0 ], [ 3217282.0, 5938964.0 ], [ 3217257.0, 5938943.0 ], [ 3217231.0, 5938921.0 ], [ 3217203.0, 5938901.0 ], [ 3217197.0, 5938897.0 ], [ 3217183.0, 5938887.0 ], [ 3217164.0, 5938876.0 ], [ 3217140.0, 5938862.0 ], [ 3217134.0, 5938858.0 ], [ 3217085.0, 5938834.0 ], [ 3217051.0, 5938819.0 ], [ 3217013.0, 5938805.0 ], [ 3216978.0, 5938794.0 ], [ 3216971.0, 5938792.0 ], [ 3216949.0, 5938788.0 ], [ 3216924.0, 5938782.0 ], [ 3216898.0, 5938778.0 ], [ 3216870.0, 5938773.0 ], [ 3216845.0, 5938771.0 ], [ 3216757.0, 5938763.0 ], [ 3216751.0, 5938762.0 ], [ 3216737.0, 5938761.0 ], [ 3216727.0, 5938760.0 ], [ 3216716.0, 5938760.0 ], [ 3216675.0, 5938756.0 ], [ 3216630.0, 5938752.0 ], [ 3216595.0, 5938749.0 ], [ 3216541.0, 5938744.0 ], [ 3216510.0, 5938741.0 ] ], [ [ 3215372.0, 5938635.0 ], [ 3215326.0, 5938682.0 ], [ 3215277.0, 5938731.0 ], [ 3215263.0, 5938746.0 ], [ 3215230.0, 5938782.0 ], [ 3215187.0, 5938829.0 ], [ 3215183.0, 5938833.0 ], [ 3215103.0, 5938918.0 ], [ 3215052.0, 5938972.0 ], [ 3215004.0, 5939022.0 ], [ 3214942.0, 5939087.0 ], [ 3214869.0, 5939162.0 ], [ 3214820.0, 5939214.0 ], [ 3214763.0, 5939273.0 ], [ 3214751.0, 5939285.0 ], [ 3214733.0, 5939303.0 ], [ 3214715.0, 5939320.0 ], [ 3214702.0, 5939335.0 ], [ 3214660.0, 5939380.0 ], [ 3214618.0, 5939425.0 ], [ 3214578.0, 5939468.0 ], [ 3214552.0, 5939494.0 ], [ 3214505.0, 5939543.0 ], [ 3214490.0, 5939560.0 ], [ 3214380.0, 5939675.0 ], [ 3214335.0, 5939723.0 ], [ 3214305.0, 5939754.0 ], [ 3214216.0, 5939848.0 ], [ 3214206.0, 5939857.0 ], [ 3214202.0, 5939861.0 ], [ 3214192.0, 5939871.0 ], [ 3214126.0, 5939941.0 ], [ 3214121.0, 5939947.0 ], [ 3214084.0, 5939986.0 ], [ 3214064.0, 5940008.0 ], [ 3214059.0, 5940003.0 ], [ 3214054.0, 5939997.0 ], [ 3214045.0, 5939986.0 ], [ 3214029.0, 5939962.0 ], [ 3214016.0, 5939944.0 ], [ 3214011.0, 5939934.0 ], [ 3214001.0, 5939937.0 ], [ 3213991.0, 5939940.0 ], [ 3213983.0, 5939941.0 ], [ 3213977.0, 5939940.0 ], [ 3213973.0, 5939939.0 ], [ 3213969.0, 5939937.0 ], [ 3213964.0, 5939932.0 ], [ 3213948.0, 5939914.0 ], [ 3213938.0, 5939903.0 ], [ 3213931.0, 5939896.0 ], [ 3213915.0, 5939881.0 ], [ 3213905.0, 5939874.0 ], [ 3213898.0, 5939872.0 ], [ 3213892.0, 5939872.0 ], [ 3213886.0, 5939873.0 ], [ 3213878.0, 5939877.0 ], [ 3213870.0, 5939884.0 ], [ 3213818.0, 5939944.0 ], [ 3213811.0, 5939946.0 ], [ 3213802.0, 5939948.0 ], [ 3213795.0, 5939945.0 ], [ 3213785.0, 5939936.0 ], [ 3213703.0, 5939853.0 ], [ 3213691.0, 5939842.0 ], [ 3213599.0, 5939747.0 ], [ 3213572.0, 5939772.0 ], [ 3213564.0, 5939761.0 ], [ 3213495.0, 5939696.0 ], [ 3213478.0, 5939680.0 ], [ 3213455.0, 5939656.0 ], [ 3213449.0, 5939650.0 ], [ 3213444.0, 5939654.0 ], [ 3213436.0, 5939653.0 ], [ 3213432.0, 5939652.0 ], [ 3213426.0, 5939651.0 ], [ 3213416.0, 5939648.0 ], [ 3213404.0, 5939645.0 ], [ 3213394.0, 5939643.0 ], [ 3213380.0, 5939644.0 ] ] ] } },
{ "type": "Feature", "properties": { "betweenness_centrality": "0.02531645569620253", "source": "676296043.0", "target": "365332407.0", "ordering_betweenness_centrality": "68", "length": 2299, "length_cumulative": 185986 }, "geometry": { "type": "LineString", "coordinates": [ [ 3210118.0, 5949543.0 ], [ 3210129.0, 5949555.0 ], [ 3210137.0, 5949565.0 ], [ 3210144.0, 5949574.0 ], [ 3210153.0, 5949581.0 ], [ 3210164.0, 5949586.0 ], [ 3210190.0, 5949594.0 ], [ 3210197.0, 5949583.0 ], [ 3210224.0, 5949542.0 ], [ 3210230.0, 5949535.0 ], [ 3210249.0, 5949512.0 ], [ 3210256.0, 5949501.0 ], [ 3210263.0, 5949491.0 ], [ 3210270.0, 5949487.0 ], [ 3210276.0, 5949486.0 ], [ 3210284.0, 5949487.0 ], [ 3210296.0, 5949492.0 ], [ 3210312.0, 5949501.0 ], [ 3210327.0, 5949512.0 ], [ 3210357.0, 5949532.0 ], [ 3210395.0, 5949559.0 ], [ 3210447.0, 5949478.0 ], [ 3210454.0, 5949467.0 ], [ 3210461.0, 5949460.0 ], [ 3210470.0, 5949451.0 ], [ 3210480.0, 5949443.0 ], [ 3210492.0, 5949433.0 ], [ 3210502.0, 5949424.0 ], [ 3210532.0, 5949388.0 ], [ 3210541.0, 5949381.0 ], [ 3210549.0, 5949377.0 ], [ 3210557.0, 5949375.0 ], [ 3210567.0, 5949373.0 ], [ 3210576.0, 5949370.0 ], [ 3210583.0, 5949366.0 ], [ 3210590.0, 5949360.0 ], [ 3210596.0, 5949352.0 ], [ 3210602.0, 5949344.0 ], [ 3210609.0, 5949335.0 ], [ 3210619.0, 5949317.0 ], [ 3210631.0, 5949322.0 ], [ 3210652.0, 5949328.0 ], [ 3210799.0, 5949383.0 ], [ 3210933.0, 5949410.0 ], [ 3210943.0, 5949412.0 ], [ 3210949.0, 5949414.0 ], [ 3210957.0, 5949416.0 ], [ 3211102.0, 5949453.0 ], [ 3211216.0, 5949482.0 ], [ 3211275.0, 5949497.0 ], [ 3211281.0, 5949498.0 ], [ 3211302.0, 5949502.0 ], [ 3211338.0, 5949485.0 ], [ 3211339.0, 5949477.0 ], [ 3211341.0, 5949470.0 ], [ 3211345.0, 5949463.0 ], [ 3211354.0, 5949453.0 ], [ 3211365.0, 5949446.0 ], [ 3211378.0, 5949443.0 ], [ 3211392.0, 5949444.0 ], [ 3211404.0, 5949448.0 ], [ 3211434.0, 5949443.0 ], [ 3211472.0, 5949432.0 ], [ 3211525.0, 5949405.0 ], [ 3211546.0, 5949389.0 ], [ 3211660.0, 5949301.0 ], [ 3211759.0, 5949226.0 ], [ 3211843.0, 5949186.0 ], [ 3211886.0, 5949170.0 ], [ 3211930.0, 5949153.0 ], [ 3211938.0, 5949153.0 ], [ 3211946.0, 5949152.0 ], [ 3211997.0, 5949151.0 ], [ 3212025.0, 5949150.0 ], [ 3212069.0, 5949142.0 ] ] } },
{ "type": "Feature", "properties": { "betweenness_centrality": "0.02531645569620253", "source": "8467972168.0", "target": "365369214.0", "ordering_betweenness_centrality": "69", "length": 4272, "length_cumulative": 190259 }, "geometry": { "type": "LineString", "coordinates": [ [ 3205623.0, 5941777.0 ], [ 3205614.0, 5941797.0 ], [ 3205595.0, 5941831.0 ], [ 3205591.0, 5941837.0 ], [ 3205582.0, 5941855.0 ], [ 3205577.0, 5941864.0 ], [ 3205573.0, 5941871.0 ], [ 3205574.0, 5941888.0 ], [ 3205570.0, 5941906.0 ], [ 3205562.0, 5941925.0 ], [ 3205541.0, 5941947.0 ], [ 3205521.0, 5941963.0 ], [ 3205498.0, 5941976.0 ], [ 3205478.0, 5941987.0 ], [ 3205464.0, 5941995.0 ], [ 3205435.0, 5942019.0 ], [ 3205422.0, 5942029.0 ], [ 3205423.0, 5942033.0 ], [ 3205431.0, 5942044.0 ], [ 3205445.0, 5942057.0 ], [ 3205457.0, 5942074.0 ], [ 3205465.0, 5942086.0 ], [ 3205471.0, 5942088.0 ], [ 3205477.0, 5942086.0 ], [ 3205486.0, 5942089.0 ], [ 3205495.0, 5942095.0 ], [ 3205506.0, 5942101.0 ], [ 3205508.0, 5942104.0 ], [ 3205512.0, 5942107.0 ], [ 3205522.0, 5942118.0 ], [ 3205526.0, 5942120.0 ], [ 3205535.0, 5942126.0 ], [ 3205541.0, 5942130.0 ], [ 3205525.0, 5942167.0 ], [ 3205522.0, 5942172.0 ], [ 3205517.0, 5942180.0 ], [ 3205499.0, 5942210.0 ], [ 3205476.0, 5942247.0 ], [ 3205453.0, 5942284.0 ], [ 3205414.0, 5942350.0 ], [ 3205414.0, 5942386.0 ], [ 3205421.0, 5942413.0 ], [ 3205418.0, 5942416.0 ], [ 3205407.0, 5942431.0 ], [ 3205388.0, 5942448.0 ], [ 3205372.0, 5942470.0 ], [ 3205341.0, 5942516.0 ], [ 3205314.0, 5942560.0 ], [ 3205289.0, 5942592.0 ], [ 3205277.0, 5942611.0 ], [ 3205266.0, 5942628.0 ], [ 3205262.0, 5942631.0 ], [ 3205258.0, 5942633.0 ], [ 3205245.0, 5942640.0 ], [ 3205234.0, 5942649.0 ], [ 3205208.0, 5942671.0 ], [ 3205169.0, 5942719.0 ], [ 3205157.0, 5942742.0 ], [ 3205145.0, 5942773.0 ], [ 3205129.0, 5942813.0 ], [ 3205117.0, 5942846.0 ], [ 3205106.0, 5942893.0 ], [ 3205102.0, 5942920.0 ], [ 3205102.0, 5942942.0 ], [ 3205107.0, 5942974.0 ], [ 3205109.0, 5942991.0 ], [ 3205107.0, 5943013.0 ], [ 3205105.0, 5943058.0 ], [ 3205102.0, 5943073.0 ], [ 3205100.0, 5943096.0 ], [ 3205102.0, 5943109.0 ], [ 3205106.0, 5943116.0 ], [ 3205113.0, 5943121.0 ], [ 3205125.0, 5943128.0 ], [ 3205172.0, 5943134.0 ], [ 3205184.0, 5943136.0 ], [ 3205206.0, 5943140.0 ], [ 3205221.0, 5943147.0 ], [ 3205227.0, 5943153.0 ], [ 3205231.0, 5943159.0 ], [ 3205233.0, 5943198.0 ], [ 3205237.0, 5943235.0 ], [ 3205240.0, 5943272.0 ], [ 3205243.0, 5943299.0 ], [ 3205246.0, 5943329.0 ], [ 3205248.0, 5943341.0 ], [ 3205249.0, 5943346.0 ], [ 3205252.0, 5943370.0 ], [ 3205264.0, 5943450.0 ], [ 3205265.0, 5943454.0 ], [ 3205275.0, 5943527.0 ], [ 3205280.0, 5943550.0 ], [ 3205293.0, 5943603.0 ], [ 3205295.0, 5943626.0 ], [ 3205295.0, 5943634.0 ], [ 3205294.0, 5943667.0 ], [ 3205291.0, 5943686.0 ], [ 3205290.0, 5943694.0 ], [ 3205283.0, 5943738.0 ], [ 3205283.0, 5943739.0 ], [ 3205278.0, 5943805.0 ], [ 3205274.0, 5943839.0 ], [ 3205267.0, 5943891.0 ], [ 3205262.0, 5943914.0 ], [ 3205250.0, 5943964.0 ], [ 3205249.0, 5943976.0 ], [ 3205244.0, 5943984.0 ], [ 3205230.0, 5944009.0 ], [ 3205206.0, 5944041.0 ], [ 3205197.0, 5944057.0 ], [ 3205188.0, 5944077.0 ], [ 3205184.0, 5944091.0 ], [ 3205181.0, 5944104.0 ], [ 3205180.0, 5944118.0 ], [ 3205183.0, 5944201.0 ], [ 3205183.0, 5944207.0 ], [ 3205186.0, 5944272.0 ], [ 3205188.0, 5944320.0 ], [ 3205200.0, 5944511.0 ], [ 3205203.0, 5944530.0 ], [ 3205209.0, 5944547.0 ], [ 3205219.0, 5944576.0 ], [ 3205240.0, 5944620.0 ], [ 3205256.0, 5944653.0 ], [ 3205273.0, 5944679.0 ], [ 3205287.0, 5944700.0 ], [ 3205299.0, 5944720.0 ], [ 3205310.0, 5944741.0 ], [ 3205315.0, 5944752.0 ], [ 3205335.0, 5944798.0 ], [ 3205345.0, 5944817.0 ], [ 3205357.0, 5944836.0 ], [ 3205372.0, 5944855.0 ], [ 3205377.0, 5944863.0 ], [ 3205383.0, 5944873.0 ], [ 3205402.0, 5944914.0 ], [ 3205403.0, 5944917.0 ], [ 3205417.0, 5944949.0 ], [ 3205424.0, 5944973.0 ], [ 3205428.0, 5944994.0 ], [ 3205431.0, 5945011.0 ], [ 3205418.0, 5945026.0 ], [ 3205408.0, 5945037.0 ], [ 3205399.0, 5945052.0 ], [ 3205389.0, 5945071.0 ], [ 3205380.0, 5945082.0 ], [ 3205347.0, 5945109.0 ], [ 3205345.0, 5945105.0 ], [ 3205342.0, 5945102.0 ], [ 3205337.0, 5945100.0 ], [ 3205333.0, 5945100.0 ], [ 3205329.0, 5945102.0 ], [ 3205326.0, 5945103.0 ], [ 3205325.0, 5945104.0 ], [ 3205323.0, 5945108.0 ], [ 3205322.0, 5945112.0 ], [ 3205319.0, 5945118.0 ], [ 3205315.0, 5945122.0 ], [ 3205309.0, 5945129.0 ], [ 3205302.0, 5945133.0 ], [ 3205275.0, 5945146.0 ], [ 3205186.0, 5945185.0 ], [ 3205174.0, 5945192.0 ], [ 3205148.0, 5945208.0 ], [ 3205142.0, 5945212.0 ], [ 3205110.0, 5945233.0 ], [ 3205104.0, 5945237.0 ], [ 3205092.0, 5945245.0 ], [ 3205064.0, 5945264.0 ], [ 3205061.0, 5945267.0 ], [ 3205058.0, 5945269.0 ], [ 3205053.0, 5945274.0 ], [ 3205047.0, 5945280.0 ], [ 3205039.0, 5945292.0 ], [ 3205030.0, 5945302.0 ], [ 3205023.0, 5945310.0 ], [ 3205017.0, 5945318.0 ], [ 3205011.0, 5945324.0 ], [ 3205007.0, 5945328.0 ], [ 3204995.0, 5945337.0 ], [ 3204993.0, 5945338.0 ] ] } },
{ "type": "Feature", "properties": { "betweenness_centrality": "0.025", "source": "6475014530.0", "target": "286672653.0", "ordering_betweenness_centrality": "70", "length": 3021, "length_cumulative": 193280 }, "geometry": { "type": "LineString", "coordinates": [ [ 3212150.0, 5937257.0 ], [ 3212136.0, 5937261.0 ], [ 3212116.0, 5937268.0 ], [ 3212096.0, 5937275.0 ], [ 3212085.0, 5937278.0 ], [ 3212068.0, 5937283.0 ], [ 3212026.0, 5937296.0 ], [ 3212024.0, 5937297.0 ], [ 3212011.0, 5937301.0 ], [ 3211976.0, 5937307.0 ], [ 3211967.0, 5937310.0 ], [ 3211937.0, 5937320.0 ], [ 3211931.0, 5937322.0 ], [ 3211927.0, 5937323.0 ], [ 3211922.0, 5937323.0 ], [ 3211919.0, 5937321.0 ], [ 3211915.0, 5937320.0 ], [ 3211912.0, 5937317.0 ], [ 3211909.0, 5937314.0 ], [ 3211908.0, 5937311.0 ], [ 3211898.0, 5937273.0 ], [ 3211896.0, 5937269.0 ], [ 3211893.0, 5937266.0 ], [ 3211890.0, 5937264.0 ], [ 3211886.0, 5937275.0 ], [ 3211873.0, 5937312.0 ], [ 3211868.0, 5937328.0 ], [ 3211859.0, 5937334.0 ], [ 3211851.0, 5937339.0 ], [ 3211842.0, 5937357.0 ], [ 3211833.0, 5937374.0 ], [ 3211821.0, 5937395.0 ], [ 3211819.0, 5937398.0 ], [ 3211813.0, 5937395.0 ], [ 3211798.0, 5937422.0 ], [ 3211779.0, 5937448.0 ], [ 3211767.0, 5937459.0 ], [ 3211735.0, 5937492.0 ], [ 3211667.0, 5937557.0 ], [ 3211651.0, 5937572.0 ], [ 3211635.0, 5937586.0 ], [ 3211605.0, 5937612.0 ], [ 3211480.0, 5937725.0 ], [ 3211477.0, 5937728.0 ], [ 3211463.0, 5937741.0 ], [ 3211439.0, 5937764.0 ], [ 3211428.0, 5937775.0 ], [ 3211417.0, 5937785.0 ], [ 3211406.0, 5937797.0 ], [ 3211393.0, 5937813.0 ], [ 3211380.0, 5937829.0 ], [ 3211337.0, 5937888.0 ], [ 3211326.0, 5937906.0 ], [ 3211321.0, 5937913.0 ], [ 3211296.0, 5937952.0 ], [ 3211283.0, 5937976.0 ], [ 3211251.0, 5938033.0 ], [ 3211195.0, 5938127.0 ], [ 3211170.0, 5938172.0 ], [ 3211102.0, 5938299.0 ], [ 3211091.0, 5938319.0 ], [ 3211049.0, 5938416.0 ], [ 3211030.0, 5938460.0 ], [ 3211018.0, 5938486.0 ], [ 3210978.0, 5938556.0 ], [ 3210935.0, 5938622.0 ], [ 3210879.0, 5938706.0 ], [ 3210850.0, 5938745.0 ], [ 3210828.0, 5938770.0 ], [ 3210806.0, 5938791.0 ], [ 3210762.0, 5938825.0 ], [ 3210713.0, 5938860.0 ], [ 3210656.0, 5938893.0 ], [ 3210550.0, 5938961.0 ], [ 3210535.0, 5938970.0 ], [ 3210481.0, 5939002.0 ], [ 3210416.0, 5939043.0 ], [ 3210411.0, 5939046.0 ], [ 3210375.0, 5939069.0 ], [ 3210334.0, 5939092.0 ], [ 3210330.0, 5939094.0 ], [ 3210310.0, 5939107.0 ], [ 3210285.0, 5939123.0 ], [ 3210278.0, 5939127.0 ], [ 3210244.0, 5939148.0 ], [ 3210239.0, 5939151.0 ], [ 3210228.0, 5939158.0 ], [ 3210180.0, 5939188.0 ], [ 3210167.0, 5939197.0 ], [ 3210159.0, 5939203.0 ], [ 3210124.0, 5939230.0 ] ] } },
{ "type": "Feature", "properties": { "betweenness_centrality": "0.024683544303797468", "source": "3709913404.0", "target": "369008296.0", "ordering_betweenness_centrality": "71", "length": 1120, "length_cumulative": 194401 }, "geometry": { "type": "MultiLineString", "coordinates": [ [ [ 3218038.0, 5940645.0 ], [ 3217999.0, 5940928.0 ], [ 3217998.0, 5940932.0 ], [ 3217995.0, 5940954.0 ], [ 3217992.0, 5940972.0 ], [ 3217990.0, 5940985.0 ], [ 3217984.0, 5941023.0 ], [ 3217979.0, 5941058.0 ], [ 3217980.0, 5941063.0 ], [ 3217980.0, 5941069.0 ], [ 3217981.0, 5941077.0 ] ], [ [ 3222297.0, 5942428.0 ], [ 3222227.0, 5942322.0 ], [ 3222201.0, 5942288.0 ] ], [ [ 3222201.0, 5942288.0 ], [ 3222197.0, 5942283.0 ], [ 3222136.0, 5942165.0 ] ], [ [ 3222136.0, 5942165.0 ], [ 3222081.0, 5942050.0 ] ], [ [ 3222081.0, 5942050.0 ], [ 3222019.0, 5941934.0 ] ], [ [ 3222019.0, 5941934.0 ], [ 3221963.0, 5941833.0 ] ] ] } },
{ "type": "Feature", "properties": { "betweenness_centrality": "0.024050632911392405", "source": "665797371.0", "target": "8301406711.0", "ordering_betweenness_centrality": "72", "length": 1754, "length_cumulative": 196155 }, "geometry": { "type": "LineString", "coordinates": [ [ 3212151.0, 5944214.0 ], [ 3212137.0, 5944201.0 ], [ 3212071.0, 5944261.0 ], [ 3212039.0, 5944261.0 ], [ 3211981.0, 5944263.0 ], [ 3211864.0, 5944264.0 ], [ 3211797.0, 5944265.0 ], [ 3211578.0, 5944270.0 ], [ 3211563.0, 5944271.0 ], [ 3211507.0, 5944272.0 ], [ 3211495.0, 5944272.0 ], [ 3211441.0, 5944218.0 ], [ 3211427.0, 5944231.0 ], [ 3211379.0, 5944186.0 ], [ 3211372.0, 5944183.0 ], [ 3211362.0, 5944176.0 ], [ 3211358.0, 5944175.0 ], [ 3211354.0, 5944174.0 ], [ 3211272.0, 5944121.0 ], [ 3211240.0, 5944099.0 ], [ 3211137.0, 5944020.0 ], [ 3211097.0, 5944023.0 ], [ 3211076.0, 5944025.0 ], [ 3211054.0, 5944023.0 ], [ 3211050.0, 5944023.0 ], [ 3211042.0, 5944022.0 ], [ 3211034.0, 5944020.0 ], [ 3211025.0, 5944017.0 ], [ 3210913.0, 5943892.0 ], [ 3210913.0, 5943891.0 ], [ 3210885.0, 5943862.0 ], [ 3210867.0, 5943842.0 ], [ 3210858.0, 5943848.0 ], [ 3210855.0, 5943850.0 ], [ 3210832.0, 5943852.0 ], [ 3210824.0, 5943861.0 ], [ 3210815.0, 5943868.0 ], [ 3210806.0, 5943855.0 ], [ 3210798.0, 5943841.0 ], [ 3210791.0, 5943827.0 ], [ 3210788.0, 5943821.0 ], [ 3210786.0, 5943816.0 ], [ 3210782.0, 5943809.0 ], [ 3210780.0, 5943803.0 ], [ 3210770.0, 5943780.0 ], [ 3210765.0, 5943765.0 ], [ 3210756.0, 5943728.0 ], [ 3210749.0, 5943688.0 ], [ 3210737.0, 5943690.0 ] ] } },
{ "type": "Feature", "properties": { "betweenness_centrality": "0.02341772151898734", "source": "365980330.0", "target": "365964800.0", "ordering_betweenness_centrality": "73", "length": 2624, "length_cumulative": 198779 }, "geometry": { "type": "MultiLineString", "coordinates": [ [ [ 3201522.0, 5948759.0 ], [ 3201584.0, 5948714.0 ], [ 3201602.0, 5948701.0 ], [ 3201620.0, 5948688.0 ], [ 3201699.0, 5948631.0 ], [ 3201736.0, 5948604.0 ], [ 3201813.0, 5948549.0 ], [ 3201849.0, 5948522.0 ], [ 3201918.0, 5948473.0 ] ], [ [ 3201918.0, 5948473.0 ], [ 3201962.0, 5948442.0 ], [ 3201965.0, 5948447.0 ], [ 3201990.0, 5948482.0 ], [ 3202033.0, 5948542.0 ], [ 3202044.0, 5948536.0 ], [ 3202093.0, 5948506.0 ], [ 3202107.0, 5948495.0 ], [ 3202129.0, 5948521.0 ], [ 3202133.0, 5948526.0 ], [ 3202133.0, 5948527.0 ], [ 3202143.0, 5948541.0 ], [ 3202151.0, 5948551.0 ], [ 3202161.0, 5948566.0 ], [ 3202165.0, 5948570.0 ], [ 3202169.0, 5948573.0 ], [ 3202175.0, 5948575.0 ], [ 3202180.0, 5948574.0 ], [ 3202182.0, 5948572.0 ], [ 3202188.0, 5948568.0 ], [ 3202253.0, 5948520.0 ], [ 3202260.0, 5948531.0 ], [ 3202274.0, 5948543.0 ], [ 3202290.0, 5948552.0 ], [ 3202322.0, 5948566.0 ], [ 3202328.0, 5948562.0 ], [ 3202376.0, 5948527.0 ], [ 3202428.0, 5948490.0 ], [ 3202445.0, 5948478.0 ], [ 3202487.0, 5948448.0 ], [ 3202567.0, 5948391.0 ], [ 3202571.0, 5948388.0 ], [ 3202578.0, 5948383.0 ], [ 3202585.0, 5948378.0 ], [ 3202600.0, 5948368.0 ], [ 3202615.0, 5948358.0 ], [ 3202625.0, 5948350.0 ], [ 3202656.0, 5948326.0 ], [ 3202666.0, 5948340.0 ], [ 3202693.0, 5948321.0 ], [ 3202718.0, 5948303.0 ], [ 3202751.0, 5948280.0 ], [ 3202781.0, 5948259.0 ], [ 3202793.0, 5948251.0 ], [ 3202817.0, 5948233.0 ], [ 3202865.0, 5948198.0 ], [ 3202874.0, 5948192.0 ], [ 3202883.0, 5948185.0 ], [ 3202916.0, 5948162.0 ], [ 3202930.0, 5948152.0 ], [ 3202970.0, 5948123.0 ], [ 3203054.0, 5948061.0 ], [ 3203222.0, 5947940.0 ], [ 3203244.0, 5947925.0 ], [ 3203256.0, 5947917.0 ], [ 3203291.0, 5947922.0 ], [ 3203307.0, 5947925.0 ], [ 3203319.0, 5947927.0 ], [ 3203342.0, 5947931.0 ], [ 3203357.0, 5947952.0 ], [ 3203374.0, 5947940.0 ], [ 3203388.0, 5947960.0 ], [ 3203404.0, 5947981.0 ], [ 3203415.0, 5947960.0 ], [ 3203420.0, 5947967.0 ], [ 3203429.0, 5947950.0 ], [ 3203453.0, 5947933.0 ], [ 3203464.0, 5947947.0 ], [ 3203480.0, 5947967.0 ], [ 3203488.0, 5947961.0 ], [ 3203494.0, 5947959.0 ], [ 3203508.0, 5947978.0 ], [ 3203521.0, 5947995.0 ], [ 3203522.0, 5947997.0 ], [ 3203569.0, 5947963.0 ] ] ] } },
{ "type": "Feature", "properties": { "betweenness_centrality": "0.02341772151898734", "source": "365980330.0", "target": "365964843.0", "ordering_betweenness_centrality": "74", "length": 799, "length_cumulative": 199579 }, "geometry": { "type": "LineString", "coordinates": [ [ 3202656.0, 5948326.0 ], [ 3202647.0, 5948314.0 ], [ 3202642.0, 5948317.0 ], [ 3202586.0, 5948357.0 ], [ 3202567.0, 5948352.0 ], [ 3202565.0, 5948354.0 ], [ 3202559.0, 5948347.0 ], [ 3202502.0, 5948278.0 ], [ 3202488.0, 5948267.0 ], [ 3202475.0, 5948257.0 ], [ 3202434.0, 5948218.0 ], [ 3202430.0, 5948213.0 ], [ 3202405.0, 5948175.0 ], [ 3202383.0, 5948189.0 ], [ 3202377.0, 5948193.0 ], [ 3202357.0, 5948206.0 ], [ 3202334.0, 5948221.0 ], [ 3202332.0, 5948222.0 ], [ 3202316.0, 5948223.0 ], [ 3202283.0, 5948226.0 ], [ 3202274.0, 5948226.0 ], [ 3202265.0, 5948225.0 ], [ 3202257.0, 5948221.0 ], [ 3202252.0, 5948216.0 ], [ 3202244.0, 5948207.0 ], [ 3202190.0, 5948216.0 ], [ 3202180.0, 5948223.0 ], [ 3202162.0, 5948234.0 ], [ 3202114.0, 5948267.0 ], [ 3202082.0, 5948216.0 ], [ 3202052.0, 5948166.0 ] ] } },
{ "type": "Feature", "properties": { "betweenness_centrality": "0.023180379746835445", "source": "317268848.0", "target": "5734358938.0", "ordering_betweenness_centrality": "75", "length": 1234, "length_cumulative": 200814 }, "geometry": { "type": "LineString", "coordinates": [ [ 3212434.0, 5939870.0 ], [ 3212457.0, 5939881.0 ], [ 3212499.0, 5939842.0 ], [ 3212523.0, 5939817.0 ], [ 3212531.0, 5939807.0 ], [ 3212550.0, 5939788.0 ], [ 3212567.0, 5939770.0 ], [ 3212611.0, 5939723.0 ], [ 3212630.0, 5939704.0 ], [ 3212688.0, 5939642.0 ], [ 3212711.0, 5939618.0 ], [ 3212752.0, 5939659.0 ], [ 3212745.0, 5939667.0 ], [ 3212756.0, 5939678.0 ], [ 3212786.0, 5939645.0 ], [ 3212792.0, 5939652.0 ], [ 3212837.0, 5939640.0 ], [ 3212917.0, 5939563.0 ], [ 3212922.0, 5939558.0 ], [ 3212952.0, 5939581.0 ], [ 3212966.0, 5939589.0 ], [ 3212980.0, 5939595.0 ], [ 3212993.0, 5939598.0 ], [ 3213011.0, 5939600.0 ], [ 3213031.0, 5939598.0 ], [ 3213047.0, 5939590.0 ], [ 3213064.0, 5939577.0 ], [ 3213066.0, 5939573.0 ], [ 3213077.0, 5939561.0 ], [ 3213103.0, 5939533.0 ], [ 3213117.0, 5939517.0 ], [ 3213131.0, 5939528.0 ], [ 3213139.0, 5939520.0 ], [ 3213252.0, 5939629.0 ], [ 3213264.0, 5939626.0 ], [ 3213266.0, 5939625.0 ], [ 3213281.0, 5939620.0 ], [ 3213288.0, 5939612.0 ], [ 3213312.0, 5939587.0 ], [ 3213314.0, 5939589.0 ], [ 3213342.0, 5939614.0 ] ] } },
{ "type": "Feature", "properties": { "betweenness_centrality": "0.02278481012658228", "source": "5702357176.0", "target": "5663696562.0", "ordering_betweenness_centrality": "76", "length": 265, "length_cumulative": 201079 }, "geometry": { "type": "LineString", "coordinates": [ [ 3217261.0, 5948087.0 ], [ 3217173.0, 5948047.0 ], [ 3217153.0, 5948039.0 ], [ 3217125.0, 5948027.0 ], [ 3217105.0, 5948020.0 ], [ 3217086.0, 5948011.0 ], [ 3217017.0, 5947983.0 ] ] } },
{ "type": "Feature", "properties": { "betweenness_centrality": "0.02278481012658228", "source": "317268848.0", "target": "6475014530.0", "ordering_betweenness_centrality": "77", "length": 1225, "length_cumulative": 202304 }, "geometry": { "type": "LineString", "coordinates": [ [ 3211569.0, 5939079.0 ], [ 3211585.0, 5939095.0 ], [ 3211595.0, 5939105.0 ], [ 3211603.0, 5939113.0 ], [ 3211610.0, 5939120.0 ], [ 3211637.0, 5939144.0 ], [ 3211649.0, 5939155.0 ], [ 3211683.0, 5939186.0 ], [ 3211730.0, 5939232.0 ], [ 3211771.0, 5939270.0 ], [ 3211804.0, 5939302.0 ], [ 3211814.0, 5939312.0 ], [ 3211863.0, 5939356.0 ], [ 3211915.0, 5939407.0 ], [ 3211929.0, 5939422.0 ], [ 3211940.0, 5939433.0 ], [ 3211985.0, 5939475.0 ], [ 3212028.0, 5939517.0 ], [ 3212048.0, 5939536.0 ], [ 3212133.0, 5939618.0 ], [ 3212156.0, 5939640.0 ], [ 3212196.0, 5939677.0 ], [ 3212237.0, 5939677.0 ], [ 3212324.0, 5939760.0 ], [ 3212326.0, 5939758.0 ], [ 3212334.0, 5939750.0 ], [ 3212340.0, 5939757.0 ], [ 3212349.0, 5939767.0 ], [ 3212366.0, 5939786.0 ], [ 3212374.0, 5939796.0 ], [ 3212381.0, 5939807.0 ], [ 3212388.0, 5939819.0 ], [ 3212393.0, 5939830.0 ], [ 3212402.0, 5939864.0 ], [ 3212412.0, 5939912.0 ] ] } },
{ "type": "Feature", "properties": { "betweenness_centrality": "0.021518987341772152", "source": "5702357176.0", "target": "294021477.0", "ordering_betweenness_centrality": "78", "length": 708, "length_cumulative": 203013 }, "geometry": { "type": "MultiLineString", "coordinates": [ [ [ 3217539.0, 5948193.0 ], [ 3217570.0, 5948214.0 ] ], [ [ 3217570.0, 5948214.0 ], [ 3217583.0, 5948223.0 ], [ 3217596.0, 5948228.0 ], [ 3217608.0, 5948232.0 ], [ 3217607.0, 5948235.0 ], [ 3217695.0, 5948261.0 ], [ 3217733.0, 5948276.0 ], [ 3217773.0, 5948295.0 ], [ 3217842.0, 5948338.0 ], [ 3217908.0, 5948391.0 ], [ 3218024.0, 5948494.0 ], [ 3218075.0, 5948534.0 ], [ 3218126.0, 5948570.0 ] ] ] } },
{ "type": "Feature", "properties": { "betweenness_centrality": "0.021518987341772152", "source": "317268856.0", "target": "5734358938.0", "ordering_betweenness_centrality": "79", "length": 271, "length_cumulative": 203284 }, "geometry": { "type": "LineString", "coordinates": [ [ 3213103.0, 5939533.0 ], [ 3213077.0, 5939509.0 ], [ 3212966.0, 5939405.0 ], [ 3212933.0, 5939396.0 ], [ 3212919.0, 5939381.0 ], [ 3212914.0, 5939375.0 ], [ 3212909.0, 5939368.0 ], [ 3212902.0, 5939357.0 ] ] } },
{ "type": "Feature", "properties": { "betweenness_centrality": "0.021518987341772152", "source": "7289796227.0", "target": "737307063.0", "ordering_betweenness_centrality": "80", "length": 1102, "length_cumulative": 204386 }, "geometry": { "type": "LineString", "coordinates": [ [ 3213476.0, 5937892.0 ], [ 3213485.0, 5937895.0 ], [ 3213491.0, 5937896.0 ], [ 3213661.0, 5937892.0 ], [ 3213668.0, 5937892.0 ], [ 3213670.0, 5937894.0 ], [ 3213671.0, 5937896.0 ], [ 3213673.0, 5937904.0 ], [ 3213713.0, 5937903.0 ], [ 3213717.0, 5937915.0 ], [ 3213742.0, 5937914.0 ], [ 3213748.0, 5937914.0 ], [ 3213751.0, 5937913.0 ], [ 3213792.0, 5937913.0 ], [ 3213854.0, 5937916.0 ], [ 3213890.0, 5937919.0 ], [ 3213927.0, 5937925.0 ], [ 3213969.0, 5937934.0 ], [ 3214020.0, 5937951.0 ], [ 3214069.0, 5937973.0 ], [ 3214124.0, 5938001.0 ], [ 3214162.0, 5938019.0 ], [ 3214185.0, 5938031.0 ], [ 3214255.0, 5938069.0 ], [ 3214376.0, 5938130.0 ], [ 3214430.0, 5938158.0 ], [ 3214498.0, 5938192.0 ] ] } },
{ "type": "Feature", "properties": { "betweenness_centrality": "0.02056962025316456", "source": "8756146654.0", "target": "365292413.0", "ordering_betweenness_centrality": "82", "length": 4703, "length_cumulative": 209089 }, "geometry": { "type": "LineString", "coordinates": [ [ 3210023.0, 5949483.0 ], [ 3209997.0, 5949467.0 ], [ 3209987.0, 5949459.0 ], [ 3209977.0, 5949448.0 ], [ 3209954.0, 5949398.0 ], [ 3209944.0, 5949376.0 ], [ 3209939.0, 5949368.0 ], [ 3209935.0, 5949363.0 ], [ 3209930.0, 5949360.0 ], [ 3209923.0, 5949357.0 ], [ 3209862.0, 5949338.0 ], [ 3209852.0, 5949334.0 ], [ 3209842.0, 5949329.0 ], [ 3209830.0, 5949319.0 ], [ 3209821.0, 5949312.0 ], [ 3209815.0, 5949308.0 ], [ 3209813.0, 5949305.0 ], [ 3209805.0, 5949296.0 ], [ 3209767.0, 5949226.0 ], [ 3209762.0, 5949216.0 ], [ 3209757.0, 5949207.0 ], [ 3209749.0, 5949190.0 ], [ 3209747.0, 5949190.0 ], [ 3209733.0, 5949192.0 ], [ 3209721.0, 5949190.0 ], [ 3209710.0, 5949186.0 ], [ 3209699.0, 5949178.0 ], [ 3209691.0, 5949169.0 ], [ 3209685.0, 5949158.0 ], [ 3209682.0, 5949146.0 ], [ 3209672.0, 5949116.0 ], [ 3209663.0, 5949096.0 ], [ 3209654.0, 5949081.0 ], [ 3209651.0, 5949076.0 ], [ 3209645.0, 5949066.0 ], [ 3209630.0, 5949042.0 ], [ 3209628.0, 5949040.0 ], [ 3209443.0, 5948870.0 ], [ 3209270.0, 5948711.0 ], [ 3209198.0, 5948644.0 ], [ 3209168.0, 5948630.0 ], [ 3209158.0, 5948628.0 ], [ 3209147.0, 5948628.0 ], [ 3209048.0, 5948538.0 ], [ 3209036.0, 5948525.0 ], [ 3209032.0, 5948521.0 ], [ 3209019.0, 5948508.0 ], [ 3208984.0, 5948475.0 ], [ 3208951.0, 5948446.0 ], [ 3208944.0, 5948439.0 ], [ 3208936.0, 5948432.0 ], [ 3208933.0, 5948427.0 ], [ 3208832.0, 5948334.0 ], [ 3208806.0, 5948312.0 ], [ 3208736.0, 5948249.0 ], [ 3208715.0, 5948230.0 ], [ 3208713.0, 5948229.0 ], [ 3208630.0, 5948152.0 ], [ 3208599.0, 5948123.0 ], [ 3208589.0, 5948116.0 ], [ 3208584.0, 5948112.0 ], [ 3208565.0, 5948094.0 ], [ 3208559.0, 5948089.0 ], [ 3208478.0, 5948013.0 ], [ 3208471.0, 5948007.0 ], [ 3208447.0, 5947984.0 ], [ 3208435.0, 5947973.0 ], [ 3208428.0, 5947970.0 ], [ 3208422.0, 5947971.0 ], [ 3208417.0, 5947972.0 ], [ 3208407.0, 5947962.0 ], [ 3208401.0, 5947967.0 ], [ 3208298.0, 5948067.0 ], [ 3208292.0, 5948073.0 ], [ 3208249.0, 5948115.0 ], [ 3208232.0, 5948131.0 ], [ 3208195.0, 5948167.0 ], [ 3208108.0, 5948250.0 ], [ 3208102.0, 5948256.0 ], [ 3208093.0, 5948265.0 ], [ 3208085.0, 5948269.0 ], [ 3208081.0, 5948272.0 ], [ 3208065.0, 5948276.0 ], [ 3208049.0, 5948278.0 ], [ 3208031.0, 5948279.0 ], [ 3208008.0, 5948280.0 ], [ 3207993.0, 5948278.0 ], [ 3207981.0, 5948277.0 ], [ 3207922.0, 5948273.0 ], [ 3207898.0, 5948272.0 ], [ 3207896.0, 5948272.0 ], [ 3207874.0, 5948274.0 ], [ 3207817.0, 5948280.0 ], [ 3207804.0, 5948280.0 ], [ 3207759.0, 5948283.0 ], [ 3207620.0, 5948289.0 ], [ 3207596.0, 5948290.0 ], [ 3207573.0, 5948294.0 ], [ 3207537.0, 5948304.0 ], [ 3207493.0, 5948317.0 ], [ 3207476.0, 5948323.0 ], [ 3207464.0, 5948324.0 ], [ 3207451.0, 5948326.0 ], [ 3207399.0, 5948328.0 ], [ 3207388.0, 5948327.0 ], [ 3207376.0, 5948325.0 ], [ 3207372.0, 5948325.0 ], [ 3207355.0, 5948322.0 ], [ 3207341.0, 5948318.0 ], [ 3207324.0, 5948314.0 ], [ 3207248.0, 5948292.0 ], [ 3207236.0, 5948290.0 ], [ 3207225.0, 5948297.0 ], [ 3207219.0, 5948301.0 ], [ 3207213.0, 5948307.0 ], [ 3207198.0, 5948306.0 ], [ 3207193.0, 5948302.0 ], [ 3207189.0, 5948301.0 ], [ 3207187.0, 5948301.0 ], [ 3207182.0, 5948302.0 ], [ 3207167.0, 5948304.0 ], [ 3207162.0, 5948304.0 ], [ 3207156.0, 5948259.0 ], [ 3207150.0, 5948260.0 ], [ 3207137.0, 5948262.0 ], [ 3207127.0, 5948260.0 ], [ 3207099.0, 5948263.0 ], [ 3207092.0, 5948208.0 ], [ 3207091.0, 5948199.0 ], [ 3207067.0, 5948201.0 ], [ 3207067.0, 5948210.0 ], [ 3207065.0, 5948215.0 ], [ 3207060.0, 5948218.0 ], [ 3207053.0, 5948219.0 ], [ 3207048.0, 5948219.0 ], [ 3207036.0, 5948221.0 ], [ 3207013.0, 5948201.0 ], [ 3207011.0, 5948190.0 ], [ 3207006.0, 5948161.0 ], [ 3207004.0, 5948145.0 ], [ 3207004.0, 5948144.0 ], [ 3206990.0, 5948143.0 ], [ 3206963.0, 5948150.0 ], [ 3206943.0, 5948154.0 ], [ 3206927.0, 5948154.0 ], [ 3206920.0, 5948159.0 ], [ 3206879.0, 5948167.0 ], [ 3206869.0, 5948114.0 ], [ 3206847.0, 5948137.0 ], [ 3206830.0, 5948145.0 ], [ 3206823.0, 5948147.0 ], [ 3206808.0, 5948144.0 ], [ 3206808.0, 5948137.0 ], [ 3206774.0, 5948107.0 ], [ 3206762.0, 5948097.0 ], [ 3206756.0, 5948097.0 ], [ 3206748.0, 5948098.0 ], [ 3206747.0, 5948094.0 ], [ 3206744.0, 5948090.0 ], [ 3206652.0, 5948009.0 ], [ 3206577.0, 5947945.0 ], [ 3206463.0, 5947849.0 ] ] } },
{ "type": "Feature", "properties": { "betweenness_centrality": "0.019620253164556962", "source": "286571045.0", "target": "8301406711.0", "ordering_betweenness_centrality": "83", "length": 3949, "length_cumulative": 213039 }, "geometry": { "type": "LineString", "coordinates": [ [ 3210464.0, 5943409.0 ], [ 3210472.0, 5943397.0 ], [ 3210478.0, 5943383.0 ], [ 3210484.0, 5943368.0 ], [ 3210486.0, 5943351.0 ], [ 3210486.0, 5943336.0 ], [ 3210484.0, 5943322.0 ], [ 3210481.0, 5943310.0 ], [ 3210472.0, 5943286.0 ], [ 3210446.0, 5943215.0 ], [ 3210439.0, 5943201.0 ], [ 3210432.0, 5943191.0 ], [ 3210423.0, 5943183.0 ], [ 3210407.0, 5943174.0 ], [ 3210322.0, 5943131.0 ], [ 3210294.0, 5943114.0 ], [ 3210298.0, 5943108.0 ], [ 3210292.0, 5943105.0 ], [ 3210230.0, 5943055.0 ], [ 3210204.0, 5943031.0 ], [ 3210179.0, 5943009.0 ], [ 3210155.0, 5942984.0 ], [ 3210141.0, 5942964.0 ], [ 3210134.0, 5942937.0 ], [ 3210134.0, 5942916.0 ], [ 3210137.0, 5942892.0 ], [ 3210145.0, 5942866.0 ], [ 3210155.0, 5942850.0 ], [ 3210178.0, 5942814.0 ], [ 3210198.0, 5942781.0 ], [ 3210214.0, 5942750.0 ], [ 3210207.0, 5942748.0 ], [ 3210209.0, 5942743.0 ], [ 3210230.0, 5942687.0 ], [ 3210254.0, 5942626.0 ], [ 3210261.0, 5942582.0 ], [ 3210264.0, 5942552.0 ], [ 3210261.0, 5942501.0 ], [ 3210259.0, 5942477.0 ], [ 3210254.0, 5942451.0 ], [ 3210250.0, 5942433.0 ], [ 3210246.0, 5942417.0 ], [ 3210232.0, 5942368.0 ], [ 3210230.0, 5942364.0 ], [ 3210219.0, 5942333.0 ], [ 3210209.0, 5942312.0 ], [ 3210185.0, 5942255.0 ], [ 3210160.0, 5942208.0 ], [ 3210150.0, 5942190.0 ], [ 3210122.0, 5942137.0 ], [ 3210100.0, 5942097.0 ], [ 3210087.0, 5942072.0 ], [ 3210075.0, 5942048.0 ], [ 3209955.0, 5941817.0 ], [ 3209934.0, 5941776.0 ], [ 3209922.0, 5941756.0 ], [ 3209921.0, 5941754.0 ], [ 3209905.0, 5941730.0 ], [ 3209885.0, 5941700.0 ], [ 3209857.0, 5941659.0 ], [ 3209816.0, 5941600.0 ], [ 3209775.0, 5941543.0 ], [ 3209759.0, 5941521.0 ], [ 3209705.0, 5941444.0 ], [ 3209652.0, 5941371.0 ], [ 3209635.0, 5941348.0 ], [ 3209589.0, 5941284.0 ], [ 3209550.0, 5941230.0 ], [ 3209544.0, 5941222.0 ], [ 3209523.0, 5941193.0 ], [ 3209471.0, 5941121.0 ], [ 3209439.0, 5941078.0 ], [ 3209406.0, 5941033.0 ], [ 3209397.0, 5941022.0 ], [ 3209301.0, 5940887.0 ], [ 3209291.0, 5940875.0 ], [ 3209174.0, 5940716.0 ], [ 3209126.0, 5940659.0 ], [ 3209076.0, 5940603.0 ], [ 3209046.0, 5940570.0 ], [ 3209029.0, 5940549.0 ], [ 3209026.0, 5940546.0 ], [ 3209032.0, 5940537.0 ], [ 3209096.0, 5940449.0 ], [ 3209122.0, 5940413.0 ], [ 3209123.0, 5940398.0 ], [ 3209122.0, 5940395.0 ], [ 3209121.0, 5940392.0 ], [ 3209119.0, 5940390.0 ], [ 3209059.0, 5940320.0 ], [ 3209053.0, 5940311.0 ], [ 3209087.0, 5940291.0 ], [ 3209121.0, 5940267.0 ], [ 3209124.0, 5940264.0 ], [ 3209129.0, 5940259.0 ], [ 3209171.0, 5940218.0 ], [ 3209216.0, 5940171.0 ] ] } },
{ "type": "Feature", "properties": { "betweenness_centrality": "0.019620253164556962", "source": "5663696562.0", "target": "1010621493.0", "ordering_betweenness_centrality": "84", "length": 3254, "length_cumulative": 216294 }, "geometry": { "type": "LineString", "coordinates": [ [ 3216471.0, 5951302.0 ], [ 3216493.0, 5951302.0 ], [ 3216515.0, 5951303.0 ], [ 3216515.0, 5951279.0 ], [ 3216516.0, 5951264.0 ], [ 3216508.0, 5951264.0 ], [ 3216504.0, 5951255.0 ], [ 3216505.0, 5951246.0 ], [ 3216506.0, 5951229.0 ], [ 3216509.0, 5951192.0 ], [ 3216509.0, 5951142.0 ], [ 3216498.0, 5951139.0 ], [ 3216491.0, 5951134.0 ], [ 3216486.0, 5951132.0 ], [ 3216485.0, 5951093.0 ], [ 3216485.0, 5951073.0 ], [ 3216484.0, 5951024.0 ], [ 3216483.0, 5950982.0 ], [ 3216485.0, 5950976.0 ], [ 3216486.0, 5950971.0 ], [ 3216489.0, 5950967.0 ], [ 3216492.0, 5950963.0 ], [ 3216493.0, 5950959.0 ], [ 3216495.0, 5950955.0 ], [ 3216495.0, 5950951.0 ], [ 3216496.0, 5950946.0 ], [ 3216497.0, 5950845.0 ], [ 3216500.0, 5950843.0 ], [ 3216502.0, 5950839.0 ], [ 3216504.0, 5950832.0 ], [ 3216505.0, 5950819.0 ], [ 3216507.0, 5950739.0 ], [ 3216507.0, 5950695.0 ], [ 3216512.0, 5950534.0 ], [ 3216513.0, 5950510.0 ], [ 3216513.0, 5950482.0 ], [ 3216513.0, 5950464.0 ], [ 3216514.0, 5950450.0 ], [ 3216493.0, 5950449.0 ], [ 3216498.0, 5950236.0 ], [ 3216498.0, 5950126.0 ], [ 3216499.0, 5950076.0 ], [ 3216500.0, 5949988.0 ], [ 3216502.0, 5949926.0 ], [ 3216502.0, 5949851.0 ], [ 3216503.0, 5949787.0 ], [ 3216504.0, 5949759.0 ], [ 3216507.0, 5949689.0 ], [ 3216508.0, 5949633.0 ], [ 3216509.0, 5949539.0 ], [ 3216510.0, 5949487.0 ], [ 3216511.0, 5949370.0 ], [ 3216512.0, 5949362.0 ], [ 3216512.0, 5949360.0 ], [ 3216514.0, 5949122.0 ], [ 3216506.0, 5949122.0 ], [ 3216506.0, 5949100.0 ], [ 3216476.0, 5949099.0 ], [ 3216477.0, 5949077.0 ], [ 3216477.0, 5949067.0 ], [ 3216476.0, 5948923.0 ], [ 3216476.0, 5948873.0 ], [ 3216507.0, 5948873.0 ], [ 3216506.0, 5948724.0 ], [ 3216505.0, 5948625.0 ], [ 3216528.0, 5948624.0 ], [ 3216533.0, 5948602.0 ], [ 3216535.0, 5948580.0 ], [ 3216536.0, 5948574.0 ], [ 3216536.0, 5948568.0 ], [ 3216647.0, 5948572.0 ], [ 3216690.0, 5948573.0 ], [ 3216697.0, 5948572.0 ], [ 3216702.0, 5948567.0 ], [ 3216709.0, 5948512.0 ], [ 3216722.0, 5948485.0 ], [ 3216731.0, 5948471.0 ], [ 3216750.0, 5948435.0 ], [ 3216763.0, 5948413.0 ] ] } },
{ "type": "Feature", "properties": { "betweenness_centrality": "0.0189873417721519", "source": "737307185.0", "target": "286672653.0", "ordering_betweenness_centrality": "85", "length": 537, "length_cumulative": 216831 }, "geometry": { "type": "LineString", "coordinates": [ [ 3212150.0, 5937257.0 ], [ 3212205.0, 5937257.0 ], [ 3212251.0, 5937256.0 ], [ 3212261.0, 5937259.0 ], [ 3212268.0, 5937263.0 ], [ 3212281.0, 5937275.0 ], [ 3212289.0, 5937279.0 ], [ 3212301.0, 5937282.0 ], [ 3212323.0, 5937285.0 ], [ 3212332.0, 5937286.0 ], [ 3212346.0, 5937289.0 ], [ 3212378.0, 5937292.0 ], [ 3212403.0, 5937294.0 ], [ 3212422.0, 5937292.0 ], [ 3212445.0, 5937290.0 ], [ 3212448.0, 5937290.0 ], [ 3212456.0, 5937289.0 ], [ 3212474.0, 5937288.0 ], [ 3212519.0, 5937290.0 ], [ 3212587.0, 5937295.0 ], [ 3212641.0, 5937305.0 ], [ 3212677.0, 5937309.0 ] ] } },
{ "type": "Feature", "properties": { "betweenness_centrality": "0.018354430379746836", "source": "7578350792.0", "target": "365292413.0", "ordering_betweenness_centrality": "87", "length": 2222, "length_cumulative": 219053 }, "geometry": { "type": "LineString", "coordinates": [ [ 3209543.0, 5947386.0 ], [ 3209507.0, 5947503.0 ], [ 3209499.0, 5947537.0 ], [ 3209497.0, 5947551.0 ], [ 3209500.0, 5947581.0 ], [ 3209502.0, 5947588.0 ], [ 3209505.0, 5947594.0 ], [ 3209510.0, 5947599.0 ], [ 3209518.0, 5947602.0 ], [ 3209559.0, 5947623.0 ], [ 3209580.0, 5947660.0 ], [ 3209583.0, 5947670.0 ], [ 3209584.0, 5947679.0 ], [ 3209585.0, 5947703.0 ], [ 3209584.0, 5947712.0 ], [ 3209583.0, 5947717.0 ], [ 3209582.0, 5947721.0 ], [ 3209578.0, 5947726.0 ], [ 3209573.0, 5947731.0 ], [ 3209563.0, 5947742.0 ], [ 3209563.0, 5947749.0 ], [ 3209566.0, 5947756.0 ], [ 3209604.0, 5947848.0 ], [ 3209631.0, 5947928.0 ], [ 3209649.0, 5947976.0 ], [ 3209660.0, 5948003.0 ], [ 3209674.0, 5948029.0 ], [ 3209687.0, 5948060.0 ], [ 3209749.0, 5948177.0 ], [ 3209757.0, 5948190.0 ], [ 3209765.0, 5948204.0 ], [ 3209773.0, 5948216.0 ], [ 3209783.0, 5948229.0 ], [ 3209794.0, 5948240.0 ], [ 3209816.0, 5948258.0 ], [ 3209833.0, 5948271.0 ], [ 3209842.0, 5948278.0 ], [ 3209835.0, 5948285.0 ], [ 3209823.0, 5948297.0 ], [ 3209793.0, 5948334.0 ], [ 3209776.0, 5948351.0 ], [ 3209759.0, 5948370.0 ], [ 3209739.0, 5948393.0 ], [ 3209737.0, 5948399.0 ], [ 3209736.0, 5948409.0 ], [ 3209737.0, 5948422.0 ], [ 3209816.0, 5948518.0 ], [ 3209806.0, 5948533.0 ], [ 3209804.0, 5948538.0 ], [ 3209806.0, 5948544.0 ], [ 3209814.0, 5948552.0 ], [ 3209880.0, 5948619.0 ], [ 3209908.0, 5948648.0 ], [ 3209926.0, 5948666.0 ], [ 3209942.0, 5948672.0 ], [ 3209944.0, 5948676.0 ], [ 3209934.0, 5948680.0 ], [ 3209940.0, 5948692.0 ], [ 3209945.0, 5948705.0 ], [ 3209932.0, 5948711.0 ], [ 3209896.0, 5948723.0 ], [ 3209847.0, 5948738.0 ], [ 3209828.0, 5948740.0 ], [ 3209816.0, 5948743.0 ], [ 3209789.0, 5948751.0 ], [ 3209789.0, 5948762.0 ], [ 3209791.0, 5948803.0 ], [ 3209792.0, 5948819.0 ], [ 3209792.0, 5948834.0 ], [ 3209808.0, 5948895.0 ], [ 3209771.0, 5948910.0 ], [ 3209767.0, 5948913.0 ], [ 3209753.0, 5948920.0 ], [ 3209746.0, 5948931.0 ], [ 3209745.0, 5948936.0 ], [ 3209744.0, 5948941.0 ], [ 3209743.0, 5948950.0 ], [ 3209743.0, 5948953.0 ], [ 3209740.0, 5948960.0 ], [ 3209740.0, 5948961.0 ], [ 3209739.0, 5948964.0 ], [ 3209738.0, 5948967.0 ], [ 3209737.0, 5948973.0 ], [ 3209734.0, 5948976.0 ], [ 3209733.0, 5948978.0 ], [ 3209731.0, 5948984.0 ], [ 3209726.0, 5948998.0 ], [ 3209722.0, 5949012.0 ], [ 3209722.0, 5949022.0 ], [ 3209725.0, 5949031.0 ], [ 3209738.0, 5949035.0 ], [ 3209738.0, 5949048.0 ], [ 3209737.0, 5949052.0 ], [ 3209734.0, 5949055.0 ], [ 3209732.0, 5949058.0 ], [ 3209732.0, 5949061.0 ], [ 3209730.0, 5949068.0 ], [ 3209712.0, 5949064.0 ], [ 3209697.0, 5949060.0 ], [ 3209683.0, 5949054.0 ], [ 3209672.0, 5949049.0 ], [ 3209667.0, 5949058.0 ], [ 3209661.0, 5949066.0 ], [ 3209660.0, 5949068.0 ], [ 3209658.0, 5949070.0 ], [ 3209651.0, 5949076.0 ] ] } },
{ "type": "Feature", "properties": { "betweenness_centrality": "0.017563291139240506", "source": "737307063.0", "target": "6942393828.0", "ordering_betweenness_centrality": "88", "length": 1052, "length_cumulative": 220106 }, "geometry": { "type": "LineString", "coordinates": [ [ 3212614.0, 5936639.0 ], [ 3212611.0, 5936655.0 ], [ 3212611.0, 5936665.0 ], [ 3212611.0, 5936670.0 ], [ 3212613.0, 5936678.0 ], [ 3212617.0, 5936684.0 ], [ 3212621.0, 5936688.0 ], [ 3212628.0, 5936694.0 ], [ 3212685.0, 5936729.0 ], [ 3212731.0, 5936754.0 ], [ 3212754.0, 5936765.0 ], [ 3212767.0, 5936767.0 ], [ 3212785.0, 5936775.0 ], [ 3212792.0, 5936779.0 ], [ 3212812.0, 5936788.0 ], [ 3212836.0, 5936792.0 ], [ 3212834.0, 5936786.0 ], [ 3212848.0, 5936789.0 ], [ 3212885.0, 5936800.0 ], [ 3212905.0, 5936807.0 ], [ 3212919.0, 5936806.0 ], [ 3212938.0, 5936803.0 ], [ 3212972.0, 5936795.0 ], [ 3212983.0, 5936791.0 ], [ 3212996.0, 5936780.0 ], [ 3213022.0, 5936761.0 ], [ 3213046.0, 5936741.0 ], [ 3213055.0, 5936733.0 ], [ 3213059.0, 5936739.0 ], [ 3213061.0, 5936744.0 ], [ 3213061.0, 5936749.0 ], [ 3213075.0, 5936746.0 ], [ 3213083.0, 5936742.0 ], [ 3213103.0, 5936728.0 ], [ 3213118.0, 5936719.0 ], [ 3213122.0, 5936722.0 ], [ 3213124.0, 5936726.0 ], [ 3213128.0, 5936740.0 ], [ 3213129.0, 5936750.0 ], [ 3213134.0, 5936754.0 ], [ 3213139.0, 5936759.0 ], [ 3213142.0, 5936764.0 ], [ 3213144.0, 5936776.0 ], [ 3213152.0, 5936784.0 ], [ 3213165.0, 5936787.0 ], [ 3213194.0, 5936791.0 ], [ 3213204.0, 5936811.0 ], [ 3213218.0, 5936826.0 ], [ 3213229.0, 5936837.0 ], [ 3213245.0, 5936870.0 ], [ 3213234.0, 5936879.0 ], [ 3213230.0, 5936886.0 ], [ 3213225.0, 5936895.0 ], [ 3213219.0, 5936909.0 ], [ 3213216.0, 5936916.0 ], [ 3213197.0, 5936961.0 ], [ 3213189.0, 5936971.0 ], [ 3213182.0, 5936990.0 ], [ 3213161.0, 5937038.0 ], [ 3213153.0, 5937055.0 ] ] } },
{ "type": "Feature", "properties": { "betweenness_centrality": "0.017563291139240506", "source": "737307185.0", "target": "737307063.0", "ordering_betweenness_centrality": "89", "length": 514, "length_cumulative": 220620 }, "geometry": { "type": "MultiLineString", "coordinates": [ [ [ 3213180.0, 5937413.0 ], [ 3213170.0, 5937411.0 ], [ 3213150.0, 5937406.0 ], [ 3213104.0, 5937396.0 ], [ 3213100.0, 5937395.0 ], [ 3213064.0, 5937388.0 ], [ 3213032.0, 5937381.0 ], [ 3213013.0, 5937376.0 ] ], [ [ 3213013.0, 5937376.0 ], [ 3212987.0, 5937369.0 ], [ 3212944.0, 5937355.0 ] ], [ [ 3212944.0, 5937355.0 ], [ 3212868.0, 5937337.0 ], [ 3212803.0, 5937324.0 ], [ 3212740.0, 5937313.0 ], [ 3212677.0, 5937309.0 ] ] ] } },
{ "type": "Feature", "properties": { "betweenness_centrality": "0.01740506329113924", "source": "365369214.0", "target": "365980316.0", "ordering_betweenness_centrality": "90", "length": 2913, "length_cumulative": 223534 }, "geometry": { "type": "LineString", "coordinates": [ [ 3204745.0, 5945479.0 ], [ 3204752.0, 5945533.0 ], [ 3204765.0, 5945549.0 ], [ 3204772.0, 5945563.0 ], [ 3204775.0, 5945570.0 ], [ 3204787.0, 5945588.0 ], [ 3204799.0, 5945604.0 ], [ 3204827.0, 5945637.0 ], [ 3204852.0, 5945654.0 ], [ 3204870.0, 5945664.0 ], [ 3204877.0, 5945673.0 ], [ 3204868.0, 5945680.0 ], [ 3204858.0, 5945692.0 ], [ 3204850.0, 5945704.0 ], [ 3204840.0, 5945722.0 ], [ 3204836.0, 5945729.0 ], [ 3204834.0, 5945737.0 ], [ 3204831.0, 5945756.0 ], [ 3204820.0, 5945824.0 ], [ 3204831.0, 5945821.0 ], [ 3204861.0, 5945816.0 ], [ 3204908.0, 5945806.0 ], [ 3204915.0, 5945804.0 ], [ 3204919.0, 5945815.0 ], [ 3204923.0, 5945822.0 ], [ 3204925.0, 5945840.0 ], [ 3204939.0, 5945838.0 ], [ 3204953.0, 5945836.0 ], [ 3204969.0, 5945835.0 ], [ 3204979.0, 5945889.0 ], [ 3204981.0, 5945904.0 ], [ 3204998.0, 5945901.0 ], [ 3205000.0, 5945911.0 ], [ 3205006.0, 5945937.0 ], [ 3205011.0, 5945943.0 ], [ 3205018.0, 5945950.0 ], [ 3205024.0, 5945958.0 ], [ 3205025.0, 5945960.0 ], [ 3205027.0, 5945967.0 ], [ 3205031.0, 5945966.0 ], [ 3205079.0, 5945956.0 ], [ 3205083.0, 5945956.0 ], [ 3205090.0, 5945960.0 ], [ 3205098.0, 5945966.0 ], [ 3205104.0, 5945970.0 ], [ 3205109.0, 5945971.0 ], [ 3205119.0, 5945972.0 ], [ 3205126.0, 5945972.0 ], [ 3205142.0, 5945970.0 ], [ 3205152.0, 5946023.0 ], [ 3205159.0, 5946065.0 ], [ 3205169.0, 5946123.0 ], [ 3205173.0, 5946144.0 ], [ 3205174.0, 5946149.0 ], [ 3205176.0, 5946161.0 ], [ 3205199.0, 5946299.0 ], [ 3205199.0, 5946303.0 ], [ 3205199.0, 5946308.0 ], [ 3205198.0, 5946320.0 ], [ 3205194.0, 5946337.0 ], [ 3205184.0, 5946355.0 ], [ 3205191.0, 5946358.0 ], [ 3205170.0, 5946399.0 ], [ 3205154.0, 5946431.0 ], [ 3205144.0, 5946444.0 ], [ 3205139.0, 5946462.0 ], [ 3205082.0, 5946559.0 ], [ 3205056.0, 5946596.0 ], [ 3205047.0, 5946603.0 ], [ 3205055.0, 5946613.0 ], [ 3205055.0, 5946614.0 ], [ 3205034.0, 5946637.0 ], [ 3205030.0, 5946640.0 ], [ 3205037.0, 5946649.0 ], [ 3205016.0, 5946664.0 ], [ 3205012.0, 5946668.0 ], [ 3205015.0, 5946682.0 ], [ 3205016.0, 5946695.0 ], [ 3205021.0, 5946712.0 ], [ 3205029.0, 5946719.0 ], [ 3205044.0, 5946731.0 ], [ 3205013.0, 5946789.0 ], [ 3205010.0, 5946795.0 ], [ 3205004.0, 5946808.0 ], [ 3204987.0, 5946841.0 ], [ 3204953.0, 5946910.0 ], [ 3204945.0, 5946926.0 ], [ 3204917.0, 5946980.0 ], [ 3204927.0, 5946994.0 ], [ 3204941.0, 5947016.0 ], [ 3204899.0, 5947045.0 ], [ 3204886.0, 5947054.0 ], [ 3204891.0, 5947061.0 ], [ 3204881.0, 5947068.0 ], [ 3204866.0, 5947079.0 ], [ 3204863.0, 5947081.0 ], [ 3204862.0, 5947092.0 ], [ 3204860.0, 5947104.0 ], [ 3204856.0, 5947117.0 ], [ 3204849.0, 5947115.0 ], [ 3204842.0, 5947134.0 ], [ 3204838.0, 5947145.0 ], [ 3204829.0, 5947162.0 ], [ 3204815.0, 5947187.0 ], [ 3204818.0, 5947191.0 ], [ 3204784.0, 5947216.0 ], [ 3204673.0, 5947295.0 ], [ 3204648.0, 5947313.0 ], [ 3204644.0, 5947314.0 ], [ 3204636.0, 5947316.0 ], [ 3204618.0, 5947328.0 ], [ 3204570.0, 5947364.0 ], [ 3204564.0, 5947368.0 ], [ 3204559.0, 5947372.0 ], [ 3204488.0, 5947425.0 ], [ 3204481.0, 5947430.0 ], [ 3204478.0, 5947436.0 ], [ 3204323.0, 5947549.0 ], [ 3204315.0, 5947555.0 ] ] } },
{ "type": "Feature", "properties": { "betweenness_centrality": "0.01740506329113924", "source": "369008315.0", "target": "1431789952.0", "ordering_betweenness_centrality": "91", "length": 97, "length_cumulative": 223631 }, "geometry": { "type": "LineString", "coordinates": [ [ 3222496.0, 5942358.0 ], [ 3222564.0, 5942428.0 ] ] } },
{ "type": "Feature", "properties": { "betweenness_centrality": "0.01740506329113924", "source": "13361343885.0", "target": "1010621493.0", "ordering_betweenness_centrality": "92", "length": 4640, "length_cumulative": 228271 }, "geometry": { "type": "MultiLineString", "coordinates": [ [ [ 3216471.0, 5951302.0 ], [ 3216337.0, 5951301.0 ], [ 3216303.0, 5951300.0 ], [ 3216225.0, 5951299.0 ], [ 3216190.0, 5951299.0 ], [ 3216162.0, 5951299.0 ], [ 3216132.0, 5951301.0 ], [ 3216102.0, 5951305.0 ], [ 3216049.0, 5951312.0 ], [ 3215971.0, 5951321.0 ], [ 3215863.0, 5951336.0 ], [ 3215784.0, 5951346.0 ], [ 3215749.0, 5951354.0 ], [ 3215657.0, 5951373.0 ], [ 3215629.0, 5951379.0 ], [ 3215626.0, 5951361.0 ], [ 3215616.0, 5951363.0 ], [ 3215614.0, 5951354.0 ], [ 3215611.0, 5951339.0 ], [ 3215606.0, 5951337.0 ], [ 3215597.0, 5951329.0 ], [ 3215537.0, 5951297.0 ], [ 3215464.0, 5951257.0 ], [ 3215434.0, 5951234.0 ], [ 3215385.0, 5951186.0 ], [ 3215379.0, 5951174.0 ], [ 3215376.0, 5951165.0 ], [ 3215324.0, 5950944.0 ], [ 3215307.0, 5950860.0 ], [ 3215307.0, 5950825.0 ], [ 3215296.0, 5950805.0 ], [ 3215288.0, 5950763.0 ], [ 3215268.0, 5950661.0 ], [ 3215268.0, 5950655.0 ], [ 3215266.0, 5950642.0 ], [ 3215266.0, 5950626.0 ], [ 3215268.0, 5950599.0 ], [ 3215266.0, 5950586.0 ], [ 3215264.0, 5950564.0 ], [ 3215254.0, 5950537.0 ], [ 3215201.0, 5950400.0 ], [ 3215162.0, 5950262.0 ], [ 3215155.0, 5950237.0 ], [ 3215152.0, 5950236.0 ], [ 3215146.0, 5950233.0 ], [ 3215139.0, 5950226.0 ], [ 3215137.0, 5950222.0 ], [ 3215123.0, 5950214.0 ], [ 3215103.0, 5950202.0 ], [ 3215083.0, 5950193.0 ], [ 3215068.0, 5950190.0 ], [ 3215059.0, 5950186.0 ], [ 3215048.0, 5950178.0 ], [ 3215043.0, 5950169.0 ], [ 3215039.0, 5950161.0 ], [ 3215032.0, 5950158.0 ], [ 3215017.0, 5950157.0 ], [ 3215003.0, 5950156.0 ], [ 3214993.0, 5950154.0 ], [ 3214962.0, 5950184.0 ], [ 3214958.0, 5950183.0 ], [ 3214956.0, 5950183.0 ], [ 3214951.0, 5950184.0 ], [ 3214941.0, 5950188.0 ], [ 3214929.0, 5950195.0 ], [ 3214919.0, 5950200.0 ], [ 3214901.0, 5950201.0 ], [ 3214871.0, 5950205.0 ], [ 3214857.0, 5950208.0 ], [ 3214854.0, 5950208.0 ], [ 3214842.0, 5950211.0 ], [ 3214828.0, 5950205.0 ], [ 3214821.0, 5950204.0 ], [ 3214816.0, 5950204.0 ], [ 3214807.0, 5950194.0 ], [ 3214796.0, 5950189.0 ], [ 3214783.0, 5950188.0 ], [ 3214772.0, 5950183.0 ], [ 3214763.0, 5950181.0 ], [ 3214748.0, 5950181.0 ], [ 3214736.0, 5950177.0 ], [ 3214716.0, 5950166.0 ], [ 3214687.0, 5950159.0 ], [ 3214675.0, 5950148.0 ], [ 3214656.0, 5950132.0 ], [ 3214628.0, 5950123.0 ], [ 3214607.0, 5950125.0 ], [ 3214588.0, 5950129.0 ], [ 3214560.0, 5950124.0 ], [ 3214500.0, 5950125.0 ], [ 3214451.0, 5950118.0 ], [ 3214414.0, 5950105.0 ], [ 3214385.0, 5950090.0 ], [ 3214381.0, 5950087.0 ], [ 3214346.0, 5950062.0 ], [ 3214332.0, 5950043.0 ], [ 3214320.0, 5950008.0 ], [ 3214306.0, 5949952.0 ], [ 3214287.0, 5949968.0 ], [ 3214272.0, 5949987.0 ], [ 3214255.0, 5950005.0 ], [ 3214244.0, 5950012.0 ], [ 3214229.0, 5950010.0 ], [ 3214218.0, 5950004.0 ], [ 3214197.0, 5949994.0 ], [ 3214173.0, 5949990.0 ], [ 3214146.0, 5949991.0 ], [ 3214121.0, 5949990.0 ], [ 3214118.0, 5949980.0 ], [ 3214094.0, 5949912.0 ], [ 3214089.0, 5949914.0 ], [ 3214076.0, 5949918.0 ], [ 3213948.0, 5949963.0 ], [ 3213909.0, 5949977.0 ], [ 3213877.0, 5949989.0 ], [ 3213856.0, 5949996.0 ], [ 3213845.0, 5949962.0 ], [ 3213830.0, 5949966.0 ], [ 3213797.0, 5949975.0 ], [ 3213768.0, 5949982.0 ], [ 3213718.0, 5949995.0 ], [ 3213634.0, 5950017.0 ], [ 3213626.0, 5949999.0 ], [ 3213499.0, 5949875.0 ], [ 3213489.0, 5949864.0 ], [ 3213471.0, 5949870.0 ], [ 3213406.0, 5949806.0 ], [ 3213394.0, 5949795.0 ], [ 3213370.0, 5949740.0 ], [ 3213363.0, 5949744.0 ], [ 3213356.0, 5949747.0 ], [ 3213345.0, 5949750.0 ], [ 3213310.0, 5949758.0 ], [ 3213216.0, 5949783.0 ], [ 3213199.0, 5949788.0 ] ], [ [ 3213002.0, 5949843.0 ], [ 3212979.0, 5949754.0 ] ] ] } },
{ "type": "Feature", "properties": { "betweenness_centrality": "0.01740506329113924", "source": "11717127239.0", "target": "7578350792.0", "ordering_betweenness_centrality": "93", "length": 543, "length_cumulative": 228814 }, "geometry": { "type": "LineString", "coordinates": [ [ 3209165.0, 5947248.0 ], [ 3209039.0, 5947118.0 ], [ 3208965.0, 5947041.0 ], [ 3208863.0, 5946936.0 ], [ 3208827.0, 5946898.0 ], [ 3208809.0, 5946880.0 ], [ 3208792.0, 5946864.0 ], [ 3208790.0, 5946862.0 ], [ 3208787.0, 5946858.0 ] ] } },
{ "type": "Feature", "properties": { "betweenness_centrality": "0.01708860759493671", "source": "737307063.0", "target": "570761460.0", "ordering_betweenness_centrality": "95", "length": 2259, "length_cumulative": 231074 }, "geometry": { "type": "LineString", "coordinates": [ [ 3213214.0, 5935060.0 ], [ 3213209.0, 5935076.0 ], [ 3213209.0, 5935078.0 ], [ 3213202.0, 5935101.0 ], [ 3213202.0, 5935102.0 ], [ 3213194.0, 5935130.0 ], [ 3213184.0, 5935165.0 ], [ 3213183.0, 5935168.0 ], [ 3213181.0, 5935179.0 ], [ 3213176.0, 5935195.0 ], [ 3213168.0, 5935225.0 ], [ 3213161.0, 5935248.0 ], [ 3213155.0, 5935272.0 ], [ 3213153.0, 5935279.0 ], [ 3213147.0, 5935299.0 ], [ 3213140.0, 5935324.0 ], [ 3213134.0, 5935344.0 ], [ 3213131.0, 5935357.0 ], [ 3213126.0, 5935372.0 ], [ 3213122.0, 5935387.0 ], [ 3213107.0, 5935439.0 ], [ 3213100.0, 5935467.0 ], [ 3213095.0, 5935482.0 ], [ 3213087.0, 5935512.0 ], [ 3213058.0, 5935614.0 ], [ 3213032.0, 5935702.0 ], [ 3213024.0, 5935726.0 ], [ 3213014.0, 5935756.0 ], [ 3213006.0, 5935773.0 ], [ 3212999.0, 5935790.0 ], [ 3212979.0, 5935831.0 ], [ 3212954.0, 5935870.0 ], [ 3212928.0, 5935908.0 ], [ 3212897.0, 5935946.0 ], [ 3212859.0, 5935990.0 ], [ 3212866.0, 5935999.0 ], [ 3212901.0, 5936041.0 ], [ 3212920.0, 5936058.0 ], [ 3212945.0, 5936074.0 ], [ 3212963.0, 5936088.0 ], [ 3212977.0, 5936102.0 ], [ 3212997.0, 5936125.0 ], [ 3213037.0, 5936175.0 ], [ 3213067.0, 5936213.0 ], [ 3213091.0, 5936241.0 ], [ 3213128.0, 5936291.0 ], [ 3213141.0, 5936311.0 ], [ 3213150.0, 5936329.0 ], [ 3213152.0, 5936335.0 ], [ 3213153.0, 5936343.0 ], [ 3213152.0, 5936352.0 ], [ 3213150.0, 5936362.0 ], [ 3213144.0, 5936381.0 ], [ 3213139.0, 5936399.0 ], [ 3213139.0, 5936414.0 ], [ 3213143.0, 5936425.0 ], [ 3213147.0, 5936432.0 ], [ 3213154.0, 5936438.0 ], [ 3213164.0, 5936447.0 ], [ 3213177.0, 5936455.0 ], [ 3213182.0, 5936458.0 ], [ 3213214.0, 5936476.0 ], [ 3213226.0, 5936482.0 ], [ 3213235.0, 5936486.0 ], [ 3213243.0, 5936486.0 ], [ 3213253.0, 5936486.0 ], [ 3213280.0, 5936480.0 ], [ 3213289.0, 5936479.0 ], [ 3213296.0, 5936481.0 ], [ 3213313.0, 5936496.0 ], [ 3213358.0, 5936545.0 ], [ 3213401.0, 5936588.0 ], [ 3213418.0, 5936602.0 ], [ 3213429.0, 5936611.0 ], [ 3213432.0, 5936616.0 ], [ 3213433.0, 5936622.0 ], [ 3213433.0, 5936627.0 ], [ 3213431.0, 5936632.0 ], [ 3213429.0, 5936635.0 ], [ 3213428.0, 5936638.0 ], [ 3213423.0, 5936640.0 ], [ 3213427.0, 5936644.0 ], [ 3213430.0, 5936652.0 ], [ 3213431.0, 5936658.0 ], [ 3213431.0, 5936665.0 ], [ 3213428.0, 5936671.0 ], [ 3213422.0, 5936679.0 ], [ 3213407.0, 5936707.0 ], [ 3213391.0, 5936730.0 ], [ 3213381.0, 5936743.0 ], [ 3213376.0, 5936751.0 ], [ 3213356.0, 5936767.0 ], [ 3213349.0, 5936772.0 ], [ 3213340.0, 5936776.0 ], [ 3213332.0, 5936784.0 ], [ 3213315.0, 5936792.0 ], [ 3213303.0, 5936803.0 ], [ 3213290.0, 5936813.0 ], [ 3213286.0, 5936820.0 ], [ 3213275.0, 5936839.0 ], [ 3213270.0, 5936849.0 ], [ 3213265.0, 5936857.0 ], [ 3213258.0, 5936862.0 ], [ 3213245.0, 5936870.0 ] ] } },
{ "type": "Feature", "properties": { "betweenness_centrality": "0.01708860759493671", "source": "8301406711.0", "target": "286502007.0", "ordering_betweenness_centrality": "96", "length": 253, "length_cumulative": 231327 }, "geometry": { "type": "LineString", "coordinates": [ [ 3208872.0, 5940379.0 ], [ 3208885.0, 5940396.0 ], [ 3208877.0, 5940401.0 ], [ 3208881.0, 5940411.0 ], [ 3208899.0, 5940403.0 ], [ 3208924.0, 5940430.0 ], [ 3209026.0, 5940546.0 ] ] } },
{ "type": "Feature", "properties": { "betweenness_centrality": "0.016772151898734176", "source": "598433563.0", "target": "732011407.0", "ordering_betweenness_centrality": "98", "length": 687, "length_cumulative": 232015 }, "geometry": { "type": "LineString", "coordinates": [ [ 3217494.0, 5949123.0 ], [ 3217499.0, 5949110.0 ], [ 3217506.0, 5949086.0 ], [ 3217518.0, 5949049.0 ], [ 3217522.0, 5949039.0 ], [ 3217526.0, 5949030.0 ], [ 3217538.0, 5949016.0 ], [ 3217561.0, 5949002.0 ], [ 3217569.0, 5949000.0 ], [ 3217599.0, 5948996.0 ], [ 3217652.0, 5948992.0 ], [ 3217673.0, 5948991.0 ], [ 3217693.0, 5948989.0 ], [ 3217717.0, 5948985.0 ], [ 3217731.0, 5948981.0 ], [ 3217744.0, 5948974.0 ], [ 3217764.0, 5948961.0 ], [ 3217744.0, 5948935.0 ], [ 3217730.0, 5948914.0 ], [ 3217716.0, 5948893.0 ], [ 3217694.0, 5948855.0 ], [ 3217683.0, 5948834.0 ], [ 3217674.0, 5948812.0 ], [ 3217672.0, 5948808.0 ], [ 3217661.0, 5948780.0 ], [ 3217647.0, 5948735.0 ], [ 3217637.0, 5948697.0 ], [ 3217633.0, 5948681.0 ], [ 3217628.0, 5948659.0 ] ] } },
{ "type": "Feature", "properties": { "betweenness_centrality": "0.016772151898734176", "source": "737279838.0", "target": "8406344369.0", "ordering_betweenness_centrality": "99", "length": 236, "length_cumulative": 232252 }, "geometry": { "type": "LineString", "coordinates": [ [ 3219592.0, 5934077.0 ], [ 3219618.0, 5934044.0 ], [ 3219631.0, 5934033.0 ], [ 3219684.0, 5933992.0 ], [ 3219702.0, 5933977.0 ], [ 3219771.0, 5933924.0 ] ] } },
{ "type": "Feature", "properties": { "betweenness_centrality": "0.016455696202531647", "source": "665797371.0", "target": "7286208647.0", "ordering_betweenness_centrality": "101", "length": 3154, "length_cumulative": 235406 }, "geometry": { "type": "LineString", "coordinates": [ [ 3212339.0, 5944302.0 ], [ 3212310.0, 5944342.0 ], [ 3212298.0, 5944355.0 ], [ 3212281.0, 5944370.0 ], [ 3212275.0, 5944378.0 ], [ 3212272.0, 5944385.0 ], [ 3212272.0, 5944391.0 ], [ 3212274.0, 5944404.0 ], [ 3212277.0, 5944421.0 ], [ 3212279.0, 5944430.0 ], [ 3212302.0, 5944456.0 ], [ 3212317.0, 5944488.0 ], [ 3212323.0, 5944498.0 ], [ 3212329.0, 5944509.0 ], [ 3212334.0, 5944522.0 ], [ 3212337.0, 5944532.0 ], [ 3212338.0, 5944541.0 ], [ 3212339.0, 5944552.0 ], [ 3212337.0, 5944565.0 ], [ 3212326.0, 5944600.0 ], [ 3212320.0, 5944619.0 ], [ 3212295.0, 5944697.0 ], [ 3212277.0, 5944754.0 ], [ 3212269.0, 5944777.0 ], [ 3212259.0, 5944805.0 ], [ 3212239.0, 5944876.0 ], [ 3212230.0, 5944923.0 ], [ 3212224.0, 5944962.0 ], [ 3212222.0, 5944995.0 ], [ 3212222.0, 5945029.0 ], [ 3212223.0, 5945063.0 ], [ 3212227.0, 5945118.0 ], [ 3212236.0, 5945284.0 ], [ 3212237.0, 5945337.0 ], [ 3212229.0, 5945408.0 ], [ 3212225.0, 5945431.0 ], [ 3212216.0, 5945473.0 ], [ 3212206.0, 5945519.0 ], [ 3212202.0, 5945541.0 ], [ 3212194.0, 5945578.0 ], [ 3212120.0, 5945576.0 ], [ 3212063.0, 5945575.0 ], [ 3212040.0, 5945579.0 ], [ 3212036.0, 5945580.0 ], [ 3212033.0, 5945582.0 ], [ 3212031.0, 5945585.0 ], [ 3212029.0, 5945590.0 ], [ 3212031.0, 5945596.0 ], [ 3212034.0, 5945601.0 ], [ 3212039.0, 5945609.0 ], [ 3212056.0, 5945618.0 ], [ 3212030.0, 5945621.0 ], [ 3212012.0, 5945623.0 ], [ 3211996.0, 5945625.0 ], [ 3211989.0, 5945626.0 ], [ 3211979.0, 5945629.0 ], [ 3211973.0, 5945633.0 ], [ 3211965.0, 5945639.0 ], [ 3211958.0, 5945646.0 ], [ 3211956.0, 5945648.0 ], [ 3211936.0, 5945670.0 ], [ 3211921.0, 5945686.0 ], [ 3211908.0, 5945700.0 ], [ 3211898.0, 5945710.0 ], [ 3211819.0, 5945795.0 ], [ 3211782.0, 5945835.0 ], [ 3211673.0, 5945970.0 ], [ 3211587.0, 5946076.0 ], [ 3211513.0, 5946175.0 ], [ 3211457.0, 5946254.0 ], [ 3211390.0, 5946373.0 ], [ 3211379.0, 5946392.0 ], [ 3211366.0, 5946414.0 ], [ 3211342.0, 5946451.0 ], [ 3211289.0, 5946521.0 ], [ 3211275.0, 5946537.0 ], [ 3211210.0, 5946623.0 ], [ 3211176.0, 5946664.0 ], [ 3211094.0, 5946769.0 ], [ 3211044.0, 5946829.0 ] ] } },
{ "type": "Feature", "properties": { "betweenness_centrality": "0.016139240506329113", "source": "5734358938.0", "target": "13665680262.0", "ordering_betweenness_centrality": "103", "length": 852, "length_cumulative": 236259 }, "geometry": { "type": "LineString", "coordinates": [ [ 3213277.0, 5938933.0 ], [ 3213283.0, 5938938.0 ], [ 3213286.0, 5938954.0 ], [ 3213286.0, 5938962.0 ], [ 3213284.0, 5938970.0 ], [ 3213283.0, 5938973.0 ], [ 3213280.0, 5938977.0 ], [ 3213273.0, 5938984.0 ], [ 3213269.0, 5938990.0 ], [ 3213269.0, 5938998.0 ], [ 3213272.0, 5939005.0 ], [ 3213277.0, 5939010.0 ], [ 3213335.0, 5939068.0 ], [ 3213339.0, 5939074.0 ], [ 3213340.0, 5939082.0 ], [ 3213340.0, 5939089.0 ], [ 3213334.0, 5939179.0 ], [ 3213333.0, 5939189.0 ], [ 3213334.0, 5939198.0 ], [ 3213339.0, 5939228.0 ], [ 3213340.0, 5939237.0 ], [ 3213347.0, 5939276.0 ], [ 3213335.0, 5939288.0 ], [ 3213263.0, 5939363.0 ], [ 3213347.0, 5939451.0 ], [ 3213413.0, 5939472.0 ], [ 3213389.0, 5939498.0 ], [ 3213394.0, 5939502.0 ], [ 3213377.0, 5939518.0 ], [ 3213331.0, 5939566.0 ], [ 3213312.0, 5939587.0 ] ] } },
{ "type": "Feature", "properties": { "betweenness_centrality": "0.015822784810126583", "source": "6835886656.0", "target": "6765195286.0", "ordering_betweenness_centrality": "104", "length": 1498, "length_cumulative": 237757 }, "geometry": { "type": "LineString", "coordinates": [ [ 3210633.0, 5948620.0 ], [ 3210650.0, 5948609.0 ], [ 3210672.0, 5948594.0 ], [ 3210695.0, 5948558.0 ], [ 3210721.0, 5948530.0 ], [ 3210730.0, 5948517.0 ], [ 3210735.0, 5948502.0 ], [ 3210678.0, 5948395.0 ], [ 3210616.0, 5948283.0 ], [ 3210596.0, 5948245.0 ], [ 3210589.0, 5948231.0 ], [ 3210563.0, 5948181.0 ], [ 3210556.0, 5948155.0 ], [ 3210546.0, 5948090.0 ], [ 3210542.0, 5948061.0 ], [ 3210537.0, 5948029.0 ], [ 3210526.0, 5948032.0 ], [ 3210523.0, 5948032.0 ], [ 3210507.0, 5948038.0 ], [ 3210494.0, 5948045.0 ], [ 3210484.0, 5948053.0 ], [ 3210477.0, 5948054.0 ], [ 3210468.0, 5948058.0 ], [ 3210450.0, 5948071.0 ], [ 3210441.0, 5948060.0 ], [ 3210440.0, 5948058.0 ], [ 3210433.0, 5948051.0 ], [ 3210428.0, 5948056.0 ], [ 3210422.0, 5948058.0 ], [ 3210416.0, 5948057.0 ], [ 3210411.0, 5948054.0 ], [ 3210371.0, 5948023.0 ], [ 3210318.0, 5947979.0 ], [ 3210297.0, 5947963.0 ], [ 3210288.0, 5947957.0 ], [ 3210249.0, 5947930.0 ], [ 3210151.0, 5947862.0 ], [ 3210093.0, 5947820.0 ], [ 3210081.0, 5947812.0 ], [ 3210048.0, 5947778.0 ], [ 3210045.0, 5947769.0 ], [ 3210042.0, 5947759.0 ], [ 3210042.0, 5947750.0 ], [ 3210043.0, 5947739.0 ], [ 3210049.0, 5947721.0 ], [ 3210041.0, 5947730.0 ], [ 3210022.0, 5947761.0 ], [ 3210019.0, 5947758.0 ], [ 3210007.0, 5947747.0 ], [ 3210006.0, 5947743.0 ], [ 3210004.0, 5947737.0 ], [ 3210000.0, 5947732.0 ], [ 3209994.0, 5947726.0 ], [ 3209988.0, 5947716.0 ], [ 3209982.0, 5947709.0 ], [ 3209971.0, 5947701.0 ], [ 3209965.0, 5947696.0 ], [ 3209959.0, 5947686.0 ], [ 3209953.0, 5947681.0 ] ] } },
{ "type": "Feature", "properties": { "betweenness_centrality": "0.015506329113924052", "source": "317268856.0", "target": "388415516.0", "ordering_betweenness_centrality": "105", "length": 759, "length_cumulative": 238517 }, "geometry": { "type": "LineString", "coordinates": [ [ 3212902.0, 5939357.0 ], [ 3212887.0, 5939335.0 ], [ 3212886.0, 5939334.0 ], [ 3212877.0, 5939326.0 ], [ 3212857.0, 5939308.0 ], [ 3212848.0, 5939300.0 ], [ 3212827.0, 5939278.0 ], [ 3212831.0, 5939273.0 ], [ 3212803.0, 5939245.0 ], [ 3212818.0, 5939231.0 ], [ 3212719.0, 5939133.0 ], [ 3212728.0, 5939125.0 ], [ 3212678.0, 5939077.0 ], [ 3212666.0, 5939065.0 ], [ 3212642.0, 5939042.0 ], [ 3212649.0, 5939033.0 ], [ 3212638.0, 5939023.0 ], [ 3212565.0, 5938951.0 ], [ 3212454.0, 5938844.0 ], [ 3212438.0, 5938829.0 ], [ 3212433.0, 5938824.0 ] ] } },
{ "type": "Feature", "properties": { "betweenness_centrality": "0.015506329113924052", "source": "6835886656.0", "target": "676296043.0", "ordering_betweenness_centrality": "106", "length": 1330, "length_cumulative": 239847 }, "geometry": { "type": "LineString", "coordinates": [ [ 3210695.0, 5948558.0 ], [ 3210715.0, 5948555.0 ], [ 3210725.0, 5948544.0 ], [ 3210738.0, 5948557.0 ], [ 3210763.0, 5948581.0 ], [ 3210784.0, 5948603.0 ], [ 3210806.0, 5948630.0 ], [ 3210812.0, 5948637.0 ], [ 3210827.0, 5948651.0 ], [ 3210849.0, 5948677.0 ], [ 3210851.0, 5948684.0 ], [ 3210853.0, 5948693.0 ], [ 3210862.0, 5948700.0 ], [ 3210854.0, 5948713.0 ], [ 3210847.0, 5948722.0 ], [ 3210843.0, 5948732.0 ], [ 3210843.0, 5948743.0 ], [ 3210846.0, 5948754.0 ], [ 3210852.0, 5948763.0 ], [ 3210864.0, 5948774.0 ], [ 3210893.0, 5948811.0 ], [ 3210903.0, 5948824.0 ], [ 3210911.0, 5948836.0 ], [ 3210924.0, 5948856.0 ], [ 3210937.0, 5948878.0 ], [ 3210946.0, 5948895.0 ], [ 3210956.0, 5948911.0 ], [ 3210986.0, 5948951.0 ], [ 3210989.0, 5948954.0 ], [ 3210993.0, 5948961.0 ], [ 3211001.0, 5948973.0 ], [ 3211013.0, 5948990.0 ], [ 3211026.0, 5949007.0 ], [ 3211039.0, 5949024.0 ], [ 3211053.0, 5949040.0 ], [ 3211068.0, 5949056.0 ], [ 3211101.0, 5949090.0 ], [ 3211146.0, 5949138.0 ], [ 3211214.0, 5949209.0 ], [ 3211264.0, 5949268.0 ], [ 3211281.0, 5949292.0 ], [ 3211321.0, 5949352.0 ], [ 3211337.0, 5949373.0 ], [ 3211350.0, 5949390.0 ], [ 3211366.0, 5949384.0 ], [ 3211377.0, 5949380.0 ], [ 3211398.0, 5949397.0 ], [ 3211413.0, 5949408.0 ], [ 3211491.0, 5949382.0 ], [ 3211515.0, 5949385.0 ], [ 3211546.0, 5949389.0 ] ] } },
{ "type": "Feature", "properties": { "betweenness_centrality": "0.01518987341772152", "source": "13695008271.0", "target": "13361343885.0", "ordering_betweenness_centrality": "107", "length": 92, "length_cumulative": 239939 }, "geometry": { "type": "LineString", "coordinates": [ [ 3212976.0, 5949504.0 ], [ 3212990.0, 5949488.0 ], [ 3212991.0, 5949485.0 ], [ 3212992.0, 5949483.0 ], [ 3212993.0, 5949482.0 ], [ 3212994.0, 5949480.0 ], [ 3213003.0, 5949468.0 ], [ 3213005.0, 5949467.0 ], [ 3213009.0, 5949466.0 ], [ 3213012.0, 5949467.0 ], [ 3213017.0, 5949468.0 ], [ 3213024.0, 5949469.0 ], [ 3213027.0, 5949469.0 ], [ 3213032.0, 5949469.0 ], [ 3213037.0, 5949468.0 ], [ 3213048.0, 5949464.0 ] ] } },
{ "type": "Feature", "properties": { "betweenness_centrality": "0.014873417721518987", "source": "1010621493.0", "target": "7156950422.0", "ordering_betweenness_centrality": "109", "length": 78, "length_cumulative": 240018 }, "geometry": { "type": "LineString", "coordinates": [ [ 3216473.0, 5951327.0 ], [ 3216493.0, 5951328.0 ], [ 3216518.0, 5951328.0 ], [ 3216552.0, 5951329.0 ] ] } },
{ "type": "Feature", "properties": { "betweenness_centrality": "0.014873417721518987", "source": "6835886656.0", "target": "8863683260.0", "ordering_betweenness_centrality": "111", "length": 569, "length_cumulative": 240587 }, "geometry": { "type": "LineString", "coordinates": [ [ 3210556.0, 5948155.0 ], [ 3210608.0, 5948104.0 ], [ 3210611.0, 5948101.0 ], [ 3210620.0, 5948093.0 ], [ 3210687.0, 5948025.0 ], [ 3210698.0, 5948013.0 ], [ 3210844.0, 5947864.0 ], [ 3210861.0, 5947847.0 ], [ 3210872.0, 5947837.0 ], [ 3210896.0, 5947800.0 ], [ 3210901.0, 5947793.0 ], [ 3210906.0, 5947783.0 ], [ 3210912.0, 5947771.0 ], [ 3210920.0, 5947755.0 ], [ 3210925.0, 5947743.0 ], [ 3210930.0, 5947732.0 ] ] } },
{ "type": "Feature", "properties": { "betweenness_centrality": "0.014556962025316455", "source": "737279838.0", "target": "11622799957.0", "ordering_betweenness_centrality": "112", "length": 6058, "length_cumulative": 246645 }, "geometry": { "type": "MultiLineString", "coordinates": [ [ [ 3224627.0, 5929770.0 ], [ 3224443.0, 5930049.0 ], [ 3224410.0, 5930099.0 ], [ 3224350.0, 5930192.0 ], [ 3224324.0, 5930231.0 ], [ 3224286.0, 5930288.0 ], [ 3224233.0, 5930358.0 ], [ 3224197.0, 5930401.0 ], [ 3224194.0, 5930405.0 ], [ 3224166.0, 5930434.0 ], [ 3224161.0, 5930439.0 ], [ 3224074.0, 5930529.0 ], [ 3224001.0, 5930605.0 ], [ 3223989.0, 5930628.0 ], [ 3223966.0, 5930652.0 ], [ 3223769.0, 5930860.0 ], [ 3223731.0, 5930898.0 ], [ 3223722.0, 5930908.0 ], [ 3223710.0, 5930921.0 ], [ 3223658.0, 5930973.0 ], [ 3223642.0, 5930991.0 ], [ 3223505.0, 5931139.0 ], [ 3223318.0, 5931332.0 ], [ 3223156.0, 5931482.0 ], [ 3223046.0, 5931585.0 ], [ 3223024.0, 5931597.0 ], [ 3222888.0, 5931713.0 ], [ 3222873.0, 5931725.0 ], [ 3222865.0, 5931732.0 ], [ 3222828.0, 5931764.0 ], [ 3222770.0, 5931813.0 ], [ 3222609.0, 5931949.0 ], [ 3222541.0, 5932005.0 ], [ 3222443.0, 5932088.0 ], [ 3222347.0, 5932169.0 ], [ 3222265.0, 5932241.0 ], [ 3222005.0, 5932459.0 ], [ 3221932.0, 5932520.0 ], [ 3221917.0, 5932532.0 ], [ 3221897.0, 5932549.0 ], [ 3221863.0, 5932578.0 ], [ 3221819.0, 5932615.0 ], [ 3221741.0, 5932681.0 ], [ 3221603.0, 5932798.0 ], [ 3221588.0, 5932811.0 ], [ 3221575.0, 5932822.0 ], [ 3221553.0, 5932841.0 ], [ 3221549.0, 5932845.0 ], [ 3221527.0, 5932863.0 ], [ 3221456.0, 5932924.0 ], [ 3221427.0, 5932948.0 ], [ 3221346.0, 5933018.0 ], [ 3221272.0, 5933080.0 ], [ 3221224.0, 5933120.0 ], [ 3221180.0, 5933157.0 ], [ 3221088.0, 5933236.0 ], [ 3221072.0, 5933249.0 ], [ 3221056.0, 5933263.0 ], [ 3221036.0, 5933280.0 ], [ 3220996.0, 5933313.0 ], [ 3220907.0, 5933389.0 ], [ 3220858.0, 5933435.0 ], [ 3220836.0, 5933460.0 ], [ 3220792.0, 5933516.0 ], [ 3220760.0, 5933562.0 ], [ 3220739.0, 5933598.0 ], [ 3220666.0, 5933734.0 ], [ 3220663.0, 5933740.0 ] ], [ [ 3220633.0, 5933797.0 ], [ 3220614.0, 5933797.0 ], [ 3220593.0, 5933796.0 ], [ 3220521.0, 5933795.0 ], [ 3220470.0, 5933796.0 ], [ 3220433.0, 5933798.0 ], [ 3220420.0, 5933800.0 ], [ 3220410.0, 5933803.0 ], [ 3220401.0, 5933806.0 ], [ 3220388.0, 5933813.0 ], [ 3220375.0, 5933821.0 ], [ 3220360.0, 5933831.0 ], [ 3220350.0, 5933842.0 ] ], [ [ 3220350.0, 5933842.0 ], [ 3220338.0, 5933853.0 ], [ 3220309.0, 5933880.0 ], [ 3220292.0, 5933893.0 ], [ 3220275.0, 5933901.0 ], [ 3220258.0, 5933911.0 ] ] ] } },
{ "type": "Feature", "properties": { "betweenness_centrality": "0.014556962025316455", "source": "388415516.0", "target": "737307035.0", "ordering_betweenness_centrality": "113", "length": 1025, "length_cumulative": 247671 }, "geometry": { "type": "LineString", "coordinates": [ [ 3212531.0, 5938111.0 ], [ 3212544.0, 5938113.0 ], [ 3212551.0, 5938086.0 ], [ 3212555.0, 5938087.0 ], [ 3212559.0, 5938088.0 ], [ 3212563.0, 5938071.0 ], [ 3212579.0, 5938006.0 ], [ 3212579.0, 5938002.0 ], [ 3212582.0, 5938001.0 ], [ 3212584.0, 5937999.0 ], [ 3212594.0, 5937989.0 ], [ 3212603.0, 5937991.0 ], [ 3212608.0, 5937993.0 ], [ 3212613.0, 5937995.0 ], [ 3212624.0, 5937986.0 ], [ 3212628.0, 5937982.0 ], [ 3212631.0, 5937977.0 ], [ 3212649.0, 5937914.0 ], [ 3212647.0, 5937910.0 ], [ 3212655.0, 5937885.0 ], [ 3212675.0, 5937890.0 ], [ 3212721.0, 5937902.0 ], [ 3212768.0, 5937910.0 ], [ 3212771.0, 5937910.0 ], [ 3212776.0, 5937911.0 ], [ 3212884.0, 5937930.0 ], [ 3212899.0, 5937913.0 ], [ 3212919.0, 5937916.0 ], [ 3212989.0, 5937923.0 ], [ 3213053.0, 5937928.0 ], [ 3213085.0, 5937929.0 ], [ 3213104.0, 5937930.0 ], [ 3213108.0, 5937887.0 ], [ 3213114.0, 5937872.0 ], [ 3213121.0, 5937851.0 ], [ 3213125.0, 5937829.0 ], [ 3213127.0, 5937752.0 ], [ 3213130.0, 5937670.0 ] ] } },
{ "type": "Feature", "properties": { "betweenness_centrality": "0.013924050632911392", "source": "365980330.0", "target": "365960562.0", "ordering_betweenness_centrality": "114", "length": 1826, "length_cumulative": 249497 }, "geometry": { "type": "LineString", "coordinates": [ [ 3203569.0, 5947963.0 ], [ 3203542.0, 5947925.0 ], [ 3203512.0, 5947885.0 ], [ 3203505.0, 5947876.0 ], [ 3203499.0, 5947867.0 ], [ 3203492.0, 5947856.0 ], [ 3203488.0, 5947851.0 ], [ 3203484.0, 5947850.0 ], [ 3203478.0, 5947851.0 ], [ 3203471.0, 5947856.0 ], [ 3203467.0, 5947858.0 ], [ 3203460.0, 5947863.0 ], [ 3203457.0, 5947867.0 ], [ 3203455.0, 5947871.0 ], [ 3203441.0, 5947867.0 ], [ 3203436.0, 5947867.0 ], [ 3203432.0, 5947866.0 ], [ 3203415.0, 5947842.0 ], [ 3203413.0, 5947843.0 ], [ 3203406.0, 5947840.0 ], [ 3203400.0, 5947832.0 ], [ 3203391.0, 5947821.0 ], [ 3203343.0, 5947856.0 ], [ 3203330.0, 5947839.0 ], [ 3203318.0, 5947823.0 ], [ 3203308.0, 5947812.0 ], [ 3203303.0, 5947805.0 ], [ 3203273.0, 5947763.0 ], [ 3203255.0, 5947775.0 ], [ 3203228.0, 5947738.0 ], [ 3203224.0, 5947733.0 ], [ 3203218.0, 5947725.0 ], [ 3203213.0, 5947717.0 ], [ 3203194.0, 5947730.0 ], [ 3203136.0, 5947771.0 ], [ 3203134.0, 5947772.0 ], [ 3203130.0, 5947774.0 ], [ 3203126.0, 5947774.0 ], [ 3203123.0, 5947771.0 ], [ 3203107.0, 5947749.0 ], [ 3203104.0, 5947745.0 ], [ 3203040.0, 5947660.0 ], [ 3203038.0, 5947658.0 ], [ 3203037.0, 5947656.0 ], [ 3203021.0, 5947634.0 ], [ 3203020.0, 5947633.0 ], [ 3203015.0, 5947627.0 ], [ 3203003.0, 5947636.0 ], [ 3202954.0, 5947671.0 ], [ 3202938.0, 5947683.0 ], [ 3202922.0, 5947694.0 ], [ 3202869.0, 5947732.0 ], [ 3202846.0, 5947749.0 ], [ 3202825.0, 5947764.0 ], [ 3202794.0, 5947786.0 ], [ 3202780.0, 5947796.0 ], [ 3202771.0, 5947803.0 ], [ 3202739.0, 5947825.0 ], [ 3202691.0, 5947860.0 ], [ 3202632.0, 5947902.0 ], [ 3202592.0, 5947837.0 ], [ 3202580.0, 5947818.0 ], [ 3202584.0, 5947813.0 ], [ 3202585.0, 5947807.0 ], [ 3202560.0, 5947776.0 ], [ 3202524.0, 5947736.0 ], [ 3202509.0, 5947725.0 ], [ 3202494.0, 5947698.0 ], [ 3202483.0, 5947668.0 ], [ 3202468.0, 5947635.0 ], [ 3202457.0, 5947614.0 ], [ 3202431.0, 5947564.0 ], [ 3202390.0, 5947485.0 ], [ 3202367.0, 5947455.0 ] ] } },
{ "type": "Feature", "properties": { "betweenness_centrality": "0.013291139240506329", "source": "286502007.0", "target": "365974594.0", "ordering_betweenness_centrality": "115", "length": 2390, "length_cumulative": 251888 }, "geometry": { "type": "LineString", "coordinates": [ [ 3206395.0, 5940646.0 ], [ 3206325.0, 5940846.0 ], [ 3206383.0, 5940849.0 ], [ 3206414.0, 5940854.0 ], [ 3206424.0, 5940858.0 ], [ 3206432.0, 5940866.0 ], [ 3206442.0, 5940881.0 ], [ 3206481.0, 5940956.0 ], [ 3206514.0, 5941023.0 ], [ 3206534.0, 5941059.0 ], [ 3206547.0, 5941079.0 ], [ 3206567.0, 5941103.0 ], [ 3206592.0, 5941133.0 ], [ 3206596.0, 5941112.0 ], [ 3206604.0, 5941087.0 ], [ 3206614.0, 5941066.0 ], [ 3206632.0, 5941037.0 ], [ 3206650.0, 5941017.0 ], [ 3206666.0, 5941029.0 ], [ 3206680.0, 5941036.0 ], [ 3206706.0, 5941045.0 ], [ 3206724.0, 5941050.0 ], [ 3206734.0, 5941052.0 ], [ 3206843.0, 5941074.0 ], [ 3206949.0, 5941099.0 ], [ 3207048.0, 5941118.0 ], [ 3207148.0, 5941143.0 ], [ 3207155.0, 5941160.0 ], [ 3207174.0, 5941149.0 ], [ 3207306.0, 5941061.0 ], [ 3207391.0, 5941003.0 ], [ 3207465.0, 5940952.0 ], [ 3207534.0, 5940904.0 ], [ 3207576.0, 5940877.0 ], [ 3207599.0, 5940898.0 ], [ 3207621.0, 5940923.0 ], [ 3207701.0, 5941009.0 ], [ 3207705.0, 5941014.0 ], [ 3207716.0, 5941025.0 ], [ 3207805.0, 5940976.0 ], [ 3207897.0, 5940920.0 ], [ 3208019.0, 5940844.0 ], [ 3208037.0, 5940859.0 ] ] } },
{ "type": "Feature", "properties": { "betweenness_centrality": "0.013291139240506329", "source": "365980316.0", "target": "365960587.0", "ordering_betweenness_centrality": "116", "length": 1017, "length_cumulative": 252906 }, "geometry": { "type": "MultiLineString", "coordinates": [ [ [ 3203409.0, 5947205.0 ], [ 3203457.0, 5947278.0 ], [ 3203461.0, 5947287.0 ] ], [ [ 3203461.0, 5947287.0 ], [ 3203485.0, 5947320.0 ], [ 3203494.0, 5947332.0 ], [ 3203506.0, 5947348.0 ], [ 3203514.0, 5947360.0 ], [ 3203538.0, 5947392.0 ], [ 3203555.0, 5947412.0 ], [ 3203566.0, 5947425.0 ], [ 3203628.0, 5947512.0 ], [ 3203662.0, 5947559.0 ], [ 3203673.0, 5947572.0 ], [ 3203683.0, 5947586.0 ], [ 3203694.0, 5947602.0 ], [ 3203706.0, 5947618.0 ], [ 3203757.0, 5947687.0 ], [ 3203764.0, 5947697.0 ], [ 3203802.0, 5947671.0 ], [ 3203860.0, 5947630.0 ], [ 3203937.0, 5947573.0 ], [ 3203990.0, 5947536.0 ], [ 3204008.0, 5947523.0 ], [ 3204014.0, 5947520.0 ], [ 3204019.0, 5947520.0 ], [ 3204023.0, 5947523.0 ], [ 3204029.0, 5947529.0 ], [ 3204078.0, 5947599.0 ] ] ] } },
{ "type": "Feature", "properties": { "betweenness_centrality": "0.012974683544303797", "source": "8659419713.0", "target": "8756146654.0", "ordering_betweenness_centrality": "117", "length": 6573, "length_cumulative": 259480 }, "geometry": { "type": "LineString", "coordinates": [ [ 3203286.0, 5952546.0 ], [ 3203283.0, 5952472.0 ], [ 3203281.0, 5952445.0 ], [ 3203256.0, 5952437.0 ], [ 3203203.0, 5952404.0 ], [ 3203198.0, 5952401.0 ], [ 3203191.0, 5952397.0 ], [ 3203188.0, 5952396.0 ], [ 3203175.0, 5952397.0 ], [ 3203169.0, 5952400.0 ], [ 3203163.0, 5952403.0 ], [ 3203128.0, 5952419.0 ], [ 3203128.0, 5952406.0 ], [ 3203136.0, 5952353.0 ], [ 3203143.0, 5952323.0 ], [ 3203150.0, 5952301.0 ], [ 3203163.0, 5952277.0 ], [ 3203181.0, 5952246.0 ], [ 3203211.0, 5952212.0 ], [ 3203224.0, 5952199.0 ], [ 3203243.0, 5952176.0 ], [ 3203249.0, 5952169.0 ], [ 3203261.0, 5952150.0 ], [ 3203270.0, 5952122.0 ], [ 3203278.0, 5952079.0 ], [ 3203286.0, 5951990.0 ], [ 3203294.0, 5951857.0 ], [ 3203300.0, 5951760.0 ], [ 3203303.0, 5951671.0 ], [ 3203310.0, 5951641.0 ], [ 3203311.0, 5951616.0 ], [ 3203311.0, 5951586.0 ], [ 3203300.0, 5951524.0 ], [ 3203304.0, 5951516.0 ], [ 3203308.0, 5951509.0 ], [ 3203313.0, 5951498.0 ], [ 3203316.0, 5951491.0 ], [ 3203364.0, 5951465.0 ], [ 3203369.0, 5951462.0 ], [ 3203381.0, 5951452.0 ], [ 3203386.0, 5951448.0 ], [ 3203390.0, 5951444.0 ], [ 3203457.0, 5951374.0 ], [ 3203517.0, 5951275.0 ], [ 3203703.0, 5951012.0 ], [ 3203762.0, 5950942.0 ], [ 3203773.0, 5950926.0 ], [ 3203779.0, 5950910.0 ], [ 3203779.0, 5950900.0 ], [ 3203820.0, 5950870.0 ], [ 3203823.0, 5950868.0 ], [ 3203834.0, 5950855.0 ], [ 3203983.0, 5950734.0 ], [ 3204072.0, 5950665.0 ], [ 3204075.0, 5950660.0 ], [ 3204078.0, 5950656.0 ], [ 3204178.0, 5950596.0 ], [ 3204188.0, 5950590.0 ], [ 3204195.0, 5950588.0 ], [ 3204195.0, 5950532.0 ], [ 3204195.0, 5950435.0 ], [ 3204194.0, 5950410.0 ], [ 3204194.0, 5950392.0 ], [ 3204194.0, 5950359.0 ], [ 3204194.0, 5950340.0 ], [ 3204195.0, 5950276.0 ], [ 3204196.0, 5950202.0 ], [ 3204196.0, 5950053.0 ], [ 3204196.0, 5950038.0 ], [ 3204196.0, 5950028.0 ], [ 3204197.0, 5949962.0 ], [ 3204197.0, 5949943.0 ], [ 3204197.0, 5949931.0 ], [ 3204198.0, 5949866.0 ], [ 3204198.0, 5949831.0 ], [ 3204198.0, 5949814.0 ], [ 3204202.0, 5949810.0 ], [ 3204211.0, 5949810.0 ], [ 3204218.0, 5949809.0 ], [ 3204231.0, 5949784.0 ], [ 3204274.0, 5949686.0 ], [ 3204295.0, 5949649.0 ], [ 3204303.0, 5949637.0 ], [ 3204309.0, 5949630.0 ], [ 3204356.0, 5949587.0 ], [ 3204367.0, 5949569.0 ], [ 3204396.0, 5949541.0 ], [ 3204420.0, 5949491.0 ], [ 3204410.0, 5949466.0 ], [ 3204427.0, 5949459.0 ], [ 3204574.0, 5949397.0 ], [ 3204569.0, 5949377.0 ], [ 3204566.0, 5949365.0 ], [ 3204560.0, 5949343.0 ], [ 3204564.0, 5949341.0 ], [ 3204603.0, 5949324.0 ], [ 3204598.0, 5949312.0 ], [ 3204649.0, 5949292.0 ], [ 3204646.0, 5949285.0 ], [ 3204651.0, 5949272.0 ], [ 3204656.0, 5949257.0 ], [ 3204661.0, 5949248.0 ], [ 3204667.0, 5949240.0 ], [ 3204677.0, 5949229.0 ], [ 3204682.0, 5949214.0 ], [ 3204685.0, 5949204.0 ], [ 3204694.0, 5949189.0 ], [ 3204712.0, 5949177.0 ], [ 3204703.0, 5949158.0 ], [ 3204731.0, 5949146.0 ], [ 3204734.0, 5949143.0 ], [ 3204733.0, 5949139.0 ], [ 3204717.0, 5949099.0 ], [ 3204755.0, 5949086.0 ], [ 3204732.0, 5949032.0 ], [ 3204721.0, 5949006.0 ], [ 3204720.0, 5949000.0 ], [ 3204721.0, 5948994.0 ], [ 3204724.0, 5948989.0 ], [ 3204759.0, 5948971.0 ], [ 3204820.0, 5948939.0 ], [ 3204832.0, 5948933.0 ], [ 3204842.0, 5948927.0 ], [ 3204848.0, 5948922.0 ], [ 3204862.0, 5948909.0 ], [ 3204872.0, 5948898.0 ], [ 3204891.0, 5948875.0 ], [ 3204888.0, 5948866.0 ], [ 3204934.0, 5948846.0 ], [ 3204926.0, 5948823.0 ], [ 3204994.0, 5948788.0 ], [ 3205062.0, 5948753.0 ], [ 3205113.0, 5948730.0 ], [ 3205158.0, 5948709.0 ], [ 3205212.0, 5948683.0 ], [ 3205219.0, 5948679.0 ], [ 3205228.0, 5948672.0 ], [ 3205238.0, 5948667.0 ], [ 3205253.0, 5948661.0 ], [ 3205256.0, 5948659.0 ], [ 3205264.0, 5948653.0 ], [ 3205275.0, 5948645.0 ], [ 3205373.0, 5948587.0 ], [ 3205479.0, 5948526.0 ], [ 3205485.0, 5948523.0 ], [ 3205491.0, 5948519.0 ], [ 3205630.0, 5948438.0 ], [ 3205791.0, 5948343.0 ], [ 3205992.0, 5948226.0 ], [ 3206066.0, 5948182.0 ], [ 3206133.0, 5948144.0 ], [ 3206187.0, 5948110.0 ], [ 3206191.0, 5948106.0 ], [ 3206196.0, 5948102.0 ], [ 3206266.0, 5948028.0 ], [ 3206327.0, 5947964.0 ], [ 3206439.0, 5947846.0 ] ] } },
{ "type": "Feature", "properties": { "betweenness_centrality": "0.012974683544303797", "source": "665797371.0", "target": "639867754.0", "ordering_betweenness_centrality": "118", "length": 2532, "length_cumulative": 262012 }, "geometry": { "type": "LineString", "coordinates": [ [ 3213534.0, 5946090.0 ], [ 3213529.0, 5946098.0 ], [ 3213508.0, 5946128.0 ], [ 3213505.0, 5946134.0 ], [ 3213478.0, 5946192.0 ], [ 3213473.0, 5946203.0 ], [ 3213465.0, 5946214.0 ], [ 3213436.0, 5946279.0 ], [ 3213370.0, 5946419.0 ], [ 3213388.0, 5946432.0 ], [ 3213473.0, 5946471.0 ], [ 3213459.0, 5946502.0 ], [ 3213439.0, 5946554.0 ], [ 3213414.0, 5946622.0 ], [ 3213371.0, 5946740.0 ], [ 3213362.0, 5946788.0 ], [ 3213361.0, 5946792.0 ], [ 3213357.0, 5946802.0 ], [ 3213347.0, 5946830.0 ], [ 3213358.0, 5946837.0 ], [ 3213354.0, 5946849.0 ], [ 3213352.0, 5946858.0 ], [ 3213347.0, 5946866.0 ], [ 3213326.0, 5946988.0 ], [ 3213320.0, 5947021.0 ], [ 3213321.0, 5947037.0 ], [ 3213314.0, 5947064.0 ], [ 3213300.0, 5947113.0 ], [ 3213295.0, 5947120.0 ], [ 3213288.0, 5947125.0 ], [ 3213307.0, 5947148.0 ], [ 3213304.0, 5947184.0 ], [ 3213327.0, 5947220.0 ], [ 3213329.0, 5947258.0 ], [ 3213333.0, 5947272.0 ], [ 3213367.0, 5947380.0 ], [ 3213375.0, 5947387.0 ], [ 3213384.0, 5947391.0 ], [ 3213392.0, 5947399.0 ], [ 3213397.0, 5947409.0 ], [ 3213384.0, 5947470.0 ], [ 3213382.0, 5947481.0 ], [ 3213375.0, 5947491.0 ], [ 3213367.0, 5947496.0 ], [ 3213371.0, 5947512.0 ], [ 3213374.0, 5947522.0 ], [ 3213379.0, 5947539.0 ], [ 3213384.0, 5947560.0 ], [ 3213379.0, 5947564.0 ], [ 3213376.0, 5947568.0 ], [ 3213372.0, 5947576.0 ], [ 3213367.0, 5947598.0 ], [ 3213362.0, 5947622.0 ], [ 3213355.0, 5947685.0 ], [ 3213354.0, 5947689.0 ], [ 3213350.0, 5947724.0 ], [ 3213348.0, 5947738.0 ], [ 3213335.0, 5947789.0 ], [ 3213320.0, 5947847.0 ], [ 3213307.0, 5947899.0 ], [ 3213304.0, 5947909.0 ], [ 3213296.0, 5947973.0 ], [ 3213289.0, 5948036.0 ], [ 3213288.0, 5948044.0 ], [ 3213284.0, 5948067.0 ], [ 3213279.0, 5948094.0 ], [ 3213274.0, 5948119.0 ], [ 3213267.0, 5948151.0 ], [ 3213265.0, 5948163.0 ], [ 3213259.0, 5948190.0 ], [ 3213256.0, 5948205.0 ], [ 3213250.0, 5948233.0 ], [ 3213237.0, 5948284.0 ], [ 3213219.0, 5948355.0 ], [ 3213212.0, 5948379.0 ], [ 3213223.0, 5948383.0 ], [ 3213217.0, 5948405.0 ] ] } },
{ "type": "Feature", "properties": { "betweenness_centrality": "0.012974683544303797", "source": "388415516.0", "target": "737307185.0", "ordering_betweenness_centrality": "119", "length": 780, "length_cumulative": 262793 }, "geometry": { "type": "LineString", "coordinates": [ [ 3212647.0, 5937910.0 ], [ 3212632.0, 5937879.0 ], [ 3212598.0, 5937869.0 ], [ 3212604.0, 5937851.0 ], [ 3212608.0, 5937839.0 ], [ 3212632.0, 5937846.0 ], [ 3212660.0, 5937854.0 ], [ 3212665.0, 5937844.0 ], [ 3212665.0, 5937832.0 ], [ 3212660.0, 5937805.0 ], [ 3212659.0, 5937803.0 ], [ 3212654.0, 5937777.0 ], [ 3212653.0, 5937768.0 ], [ 3212638.0, 5937750.0 ], [ 3212638.0, 5937746.0 ], [ 3212650.0, 5937711.0 ], [ 3212639.0, 5937694.0 ], [ 3212622.0, 5937676.0 ], [ 3212612.0, 5937652.0 ], [ 3212624.0, 5937627.0 ], [ 3212623.0, 5937614.0 ], [ 3212620.0, 5937608.0 ], [ 3212620.0, 5937604.0 ], [ 3212619.0, 5937599.0 ], [ 3212615.0, 5937594.0 ], [ 3212610.0, 5937590.0 ], [ 3212603.0, 5937586.0 ], [ 3212600.0, 5937582.0 ], [ 3212597.0, 5937569.0 ], [ 3212595.0, 5937566.0 ], [ 3212593.0, 5937562.0 ], [ 3212588.0, 5937558.0 ], [ 3212581.0, 5937548.0 ], [ 3212577.0, 5937542.0 ], [ 3212569.0, 5937538.0 ], [ 3212566.0, 5937534.0 ], [ 3212563.0, 5937531.0 ], [ 3212561.0, 5937526.0 ], [ 3212560.0, 5937518.0 ], [ 3212548.0, 5937506.0 ], [ 3212536.0, 5937492.0 ], [ 3212536.0, 5937480.0 ], [ 3212548.0, 5937444.0 ], [ 3212555.0, 5937434.0 ], [ 3212559.0, 5937407.0 ], [ 3212561.0, 5937400.0 ], [ 3212563.0, 5937389.0 ], [ 3212570.0, 5937372.0 ], [ 3212571.0, 5937362.0 ], [ 3212584.0, 5937313.0 ], [ 3212587.0, 5937295.0 ] ] } },
{ "type": "Feature", "properties": { "betweenness_centrality": "0.012974683544303797", "source": "365292413.0", "target": "365332384.0", "ordering_betweenness_centrality": "120", "length": 643, "length_cumulative": 263436 }, "geometry": { "type": "LineString", "coordinates": [ [ 3209651.0, 5950404.0 ], [ 3209940.0, 5950040.0 ], [ 3209913.0, 5950007.0 ], [ 3209894.0, 5949985.0 ], [ 3209867.0, 5949945.0 ], [ 3209830.0, 5949900.0 ] ] } },
{ "type": "Feature", "properties": { "betweenness_centrality": "0.012658227848101266", "source": "665797371.0", "target": "5702344621.0", "ordering_betweenness_centrality": "121", "length": 1031, "length_cumulative": 264467 }, "geometry": { "type": "LineString", "coordinates": [ [ 3215980.0, 5947507.0 ], [ 3216014.0, 5947525.0 ], [ 3216060.0, 5947549.0 ], [ 3216069.0, 5947554.0 ], [ 3216237.0, 5947643.0 ], [ 3216383.0, 5947719.0 ], [ 3216475.0, 5947760.0 ], [ 3216536.0, 5947787.0 ], [ 3216670.0, 5947851.0 ], [ 3216701.0, 5947865.0 ], [ 3216789.0, 5947902.0 ], [ 3216809.0, 5947911.0 ], [ 3216876.0, 5947938.0 ], [ 3216909.0, 5947952.0 ] ] } },
{ "type": "Feature", "properties": { "betweenness_centrality": "0.012658227848101266", "source": "7146809158.0", "target": "11717127239.0", "ordering_betweenness_centrality": "122", "length": 2012, "length_cumulative": 266479 }, "geometry": { "type": "MultiLineString", "coordinates": [ [ [ 3208077.0, 5945155.0 ], [ 3208077.0, 5945194.0 ], [ 3208071.0, 5945272.0 ], [ 3208064.0, 5945280.0 ], [ 3208068.0, 5945289.0 ], [ 3208060.0, 5945320.0 ], [ 3208027.0, 5945432.0 ], [ 3208020.0, 5945453.0 ], [ 3208019.0, 5945467.0 ], [ 3207993.0, 5945497.0 ], [ 3207884.0, 5945625.0 ], [ 3207871.0, 5945639.0 ], [ 3207869.0, 5945638.0 ], [ 3207867.0, 5945638.0 ], [ 3207864.0, 5945638.0 ], [ 3207862.0, 5945639.0 ], [ 3207861.0, 5945641.0 ], [ 3207860.0, 5945643.0 ], [ 3207860.0, 5945645.0 ], [ 3207860.0, 5945647.0 ], [ 3207861.0, 5945649.0 ], [ 3207863.0, 5945651.0 ], [ 3207865.0, 5945652.0 ], [ 3207856.0, 5945673.0 ], [ 3207854.0, 5945672.0 ], [ 3207851.0, 5945672.0 ], [ 3207849.0, 5945673.0 ], [ 3207847.0, 5945675.0 ], [ 3207846.0, 5945677.0 ], [ 3207846.0, 5945680.0 ], [ 3207846.0, 5945682.0 ], [ 3207847.0, 5945684.0 ], [ 3207848.0, 5945685.0 ], [ 3207837.0, 5945731.0 ], [ 3207831.0, 5945740.0 ], [ 3207836.0, 5945768.0 ], [ 3207848.0, 5945828.0 ], [ 3207851.0, 5945828.0 ], [ 3207855.0, 5945828.0 ], [ 3207858.0, 5945830.0 ], [ 3207861.0, 5945833.0 ], [ 3207863.0, 5945836.0 ], [ 3207863.0, 5945840.0 ], [ 3207862.0, 5945844.0 ], [ 3207860.0, 5945848.0 ], [ 3207911.0, 5945886.0 ], [ 3207933.0, 5945902.0 ], [ 3207923.0, 5945917.0 ], [ 3207926.0, 5945919.0 ], [ 3207930.0, 5945922.0 ], [ 3207935.0, 5945926.0 ], [ 3207949.0, 5945936.0 ], [ 3207945.0, 5945943.0 ], [ 3207929.0, 5945965.0 ], [ 3207953.0, 5945995.0 ], [ 3207984.0, 5946035.0 ], [ 3207992.0, 5946044.0 ], [ 3207997.0, 5946050.0 ], [ 3208005.0, 5946058.0 ], [ 3208162.0, 5946221.0 ], [ 3208172.0, 5946231.0 ], [ 3208181.0, 5946240.0 ], [ 3208314.0, 5946376.0 ], [ 3208328.0, 5946391.0 ], [ 3208337.0, 5946400.0 ], [ 3208358.0, 5946422.0 ], [ 3208381.0, 5946445.0 ], [ 3208412.0, 5946477.0 ], [ 3208478.0, 5946544.0 ], [ 3208485.0, 5946551.0 ] ], [ [ 3208485.0, 5946551.0 ], [ 3208488.0, 5946554.0 ] ], [ [ 3208488.0, 5946554.0 ], [ 3208494.0, 5946560.0 ], [ 3208562.0, 5946630.0 ], [ 3208589.0, 5946658.0 ], [ 3208640.0, 5946710.0 ], [ 3208646.0, 5946716.0 ] ] ] } },
{ "type": "Feature", "properties": { "betweenness_centrality": "0.012025316455696202", "source": "388415516.0", "target": "286672653.0", "ordering_betweenness_centrality": "123", "length": 900, "length_cumulative": 267380 }, "geometry": { "type": "LineString", "coordinates": [ [ 3212598.0, 5937869.0 ], [ 3212593.0, 5937868.0 ], [ 3212598.0, 5937849.0 ], [ 3212585.0, 5937846.0 ], [ 3212588.0, 5937833.0 ], [ 3212579.0, 5937830.0 ], [ 3212572.0, 5937829.0 ], [ 3212391.0, 5937766.0 ], [ 3212381.0, 5937762.0 ], [ 3212386.0, 5937751.0 ], [ 3212384.0, 5937733.0 ], [ 3212386.0, 5937718.0 ], [ 3212384.0, 5937712.0 ], [ 3212387.0, 5937687.0 ], [ 3212390.0, 5937678.0 ], [ 3212397.0, 5937672.0 ], [ 3212394.0, 5937649.0 ], [ 3212378.0, 5937601.0 ], [ 3212370.0, 5937586.0 ], [ 3212359.0, 5937575.0 ], [ 3212356.0, 5937566.0 ], [ 3212353.0, 5937561.0 ], [ 3212350.0, 5937554.0 ], [ 3212316.0, 5937533.0 ], [ 3212307.0, 5937527.0 ], [ 3212281.0, 5937509.0 ], [ 3212277.0, 5937506.0 ], [ 3212245.0, 5937482.0 ], [ 3212233.0, 5937474.0 ], [ 3212208.0, 5937447.0 ], [ 3212179.0, 5937436.0 ], [ 3212168.0, 5937428.0 ], [ 3212155.0, 5937411.0 ], [ 3212149.0, 5937401.0 ], [ 3212136.0, 5937388.0 ], [ 3212128.0, 5937375.0 ], [ 3212118.0, 5937359.0 ], [ 3212107.0, 5937345.0 ], [ 3212099.0, 5937339.0 ], [ 3212090.0, 5937330.0 ], [ 3212095.0, 5937322.0 ], [ 3212098.0, 5937314.0 ], [ 3212100.0, 5937308.0 ], [ 3212100.0, 5937303.0 ], [ 3212101.0, 5937296.0 ], [ 3212099.0, 5937288.0 ], [ 3212096.0, 5937275.0 ] ] } },
{ "type": "Feature", "properties": { "betweenness_centrality": "0.01170886075949367", "source": "5663696562.0", "target": "598433563.0", "ordering_betweenness_centrality": "124", "length": 982, "length_cumulative": 268362 }, "geometry": { "type": "LineString", "coordinates": [ [ 3216893.0, 5948383.0 ], [ 3216904.0, 5948388.0 ], [ 3216902.0, 5948341.0 ], [ 3216898.0, 5948272.0 ], [ 3216897.0, 5948253.0 ], [ 3216972.0, 5948247.0 ], [ 3216996.0, 5948245.0 ], [ 3217012.0, 5948244.0 ], [ 3217022.0, 5948244.0 ], [ 3217033.0, 5948248.0 ], [ 3217056.0, 5948259.0 ], [ 3217069.0, 5948263.0 ], [ 3217070.0, 5948281.0 ], [ 3217103.0, 5948276.0 ], [ 3217132.0, 5948281.0 ], [ 3217147.0, 5948291.0 ], [ 3217186.0, 5948317.0 ], [ 3217187.0, 5948301.0 ], [ 3217189.0, 5948283.0 ], [ 3217207.0, 5948256.0 ], [ 3217223.0, 5948233.0 ], [ 3217258.0, 5948165.0 ], [ 3217275.0, 5948140.0 ], [ 3217282.0, 5948106.0 ], [ 3217285.0, 5948107.0 ], [ 3217363.0, 5948140.0 ], [ 3217423.0, 5948164.0 ], [ 3217467.0, 5948182.0 ], [ 3217508.0, 5948199.0 ], [ 3217519.0, 5948204.0 ], [ 3217538.0, 5948211.0 ] ] } },
{ "type": "Feature", "properties": { "betweenness_centrality": "0.01170886075949367", "source": "286502007.0", "target": "7146809158.0", "ordering_betweenness_centrality": "125", "length": 4903, "length_cumulative": 273266 }, "geometry": { "type": "LineString", "coordinates": [ [ 3208279.0, 5940658.0 ], [ 3208263.0, 5940721.0 ], [ 3208249.0, 5940791.0 ], [ 3208246.0, 5940801.0 ], [ 3208242.0, 5940818.0 ], [ 3208234.0, 5940850.0 ], [ 3208229.0, 5940891.0 ], [ 3208229.0, 5940935.0 ], [ 3208229.0, 5940943.0 ], [ 3208229.0, 5940961.0 ], [ 3208229.0, 5941010.0 ], [ 3208231.0, 5941063.0 ], [ 3208232.0, 5941082.0 ], [ 3208234.0, 5941157.0 ], [ 3208236.0, 5941264.0 ], [ 3208238.0, 5941318.0 ], [ 3208240.0, 5941377.0 ], [ 3208242.0, 5941426.0 ], [ 3208242.0, 5941440.0 ], [ 3208243.0, 5941450.0 ], [ 3208245.0, 5941520.0 ], [ 3208247.0, 5941564.0 ], [ 3208248.0, 5941609.0 ], [ 3208249.0, 5941651.0 ], [ 3208252.0, 5941712.0 ], [ 3208253.0, 5941723.0 ], [ 3208256.0, 5941752.0 ], [ 3208257.0, 5941766.0 ], [ 3208263.0, 5941801.0 ], [ 3208287.0, 5941909.0 ], [ 3208294.0, 5941929.0 ], [ 3208317.0, 5941989.0 ], [ 3208342.0, 5942051.0 ], [ 3208373.0, 5942134.0 ], [ 3208377.0, 5942145.0 ], [ 3208392.0, 5942190.0 ], [ 3208419.0, 5942236.0 ], [ 3208423.0, 5942242.0 ], [ 3208426.0, 5942249.0 ], [ 3208435.0, 5942261.0 ], [ 3208467.0, 5942306.0 ], [ 3208471.0, 5942312.0 ], [ 3208522.0, 5942385.0 ], [ 3208542.0, 5942408.0 ], [ 3208606.0, 5942493.0 ], [ 3208621.0, 5942513.0 ], [ 3208640.0, 5942539.0 ], [ 3208653.0, 5942560.0 ], [ 3208665.0, 5942582.0 ], [ 3208685.0, 5942627.0 ], [ 3208695.0, 5942650.0 ], [ 3208714.0, 5942691.0 ], [ 3208830.0, 5942951.0 ], [ 3208868.0, 5943029.0 ], [ 3208892.0, 5943089.0 ], [ 3208901.0, 5943111.0 ], [ 3208911.0, 5943134.0 ], [ 3208913.0, 5943138.0 ], [ 3208919.0, 5943149.0 ], [ 3208926.0, 5943160.0 ], [ 3208933.0, 5943169.0 ], [ 3208946.0, 5943184.0 ], [ 3208984.0, 5943223.0 ], [ 3208989.0, 5943233.0 ], [ 3208993.0, 5943243.0 ], [ 3208995.0, 5943250.0 ], [ 3209001.0, 5943264.0 ], [ 3209003.0, 5943272.0 ], [ 3209004.0, 5943282.0 ], [ 3209009.0, 5943328.0 ], [ 3209011.0, 5943339.0 ], [ 3209012.0, 5943347.0 ], [ 3209022.0, 5943384.0 ], [ 3209053.0, 5943453.0 ], [ 3209063.0, 5943476.0 ], [ 3209054.0, 5943480.0 ], [ 3209049.0, 5943482.0 ], [ 3209052.0, 5943493.0 ], [ 3209054.0, 5943497.0 ], [ 3208971.0, 5943537.0 ], [ 3208994.0, 5943569.0 ], [ 3208988.0, 5943584.0 ], [ 3208990.0, 5943611.0 ], [ 3209005.0, 5943653.0 ], [ 3208999.0, 5943665.0 ], [ 3208994.0, 5943670.0 ], [ 3208990.0, 5943674.0 ], [ 3208997.0, 5943689.0 ], [ 3209002.0, 5943701.0 ], [ 3209004.0, 5943714.0 ], [ 3209006.0, 5943733.0 ], [ 3209006.0, 5943749.0 ], [ 3209005.0, 5943768.0 ], [ 3209002.0, 5943784.0 ], [ 3208992.0, 5943816.0 ], [ 3208898.0, 5944113.0 ], [ 3208892.0, 5944132.0 ], [ 3208886.0, 5944146.0 ], [ 3208875.0, 5944167.0 ], [ 3208855.0, 5944202.0 ], [ 3208842.0, 5944222.0 ], [ 3208682.0, 5944401.0 ], [ 3208669.0, 5944414.0 ], [ 3208621.0, 5944454.0 ], [ 3208602.0, 5944471.0 ], [ 3208583.0, 5944486.0 ], [ 3208561.0, 5944508.0 ], [ 3208528.0, 5944544.0 ], [ 3208479.0, 5944597.0 ], [ 3208377.0, 5944700.0 ], [ 3208367.0, 5944710.0 ], [ 3208360.0, 5944717.0 ], [ 3208254.0, 5944827.0 ], [ 3208182.0, 5944903.0 ], [ 3208132.0, 5944954.0 ] ] } },
{ "type": "Feature", "properties": { "betweenness_centrality": "0.01170886075949367", "source": "7578350792.0", "target": "365332407.0", "ordering_betweenness_centrality": "126", "length": 98, "length_cumulative": 273364 }, "geometry": { "type": "LineString", "coordinates": [ [ 3210023.0, 5949483.0 ], [ 3210050.0, 5949498.0 ], [ 3210105.0, 5949537.0 ] ] } },
{ "type": "Feature", "properties": { "betweenness_centrality": "0.01139240506329114", "source": "2329454627.0", "target": "8301406711.0", "ordering_betweenness_centrality": "128", "length": 821, "length_cumulative": 274186 }, "geometry": { "type": "LineString", "coordinates": [ [ 3212772.0, 5943687.0 ], [ 3212736.0, 5943706.0 ], [ 3212724.0, 5943711.0 ], [ 3212713.0, 5943715.0 ], [ 3212701.0, 5943718.0 ], [ 3212688.0, 5943720.0 ], [ 3212662.0, 5943741.0 ], [ 3212646.0, 5943755.0 ], [ 3212630.0, 5943771.0 ], [ 3212614.0, 5943786.0 ], [ 3212564.0, 5943836.0 ], [ 3212544.0, 5943846.0 ], [ 3212519.0, 5943871.0 ], [ 3212494.0, 5943894.0 ], [ 3212490.0, 5943899.0 ], [ 3212364.0, 5944018.0 ], [ 3212251.0, 5944126.0 ], [ 3212194.0, 5944172.0 ], [ 3212158.0, 5944207.0 ], [ 3212151.0, 5944214.0 ] ] } },
{ "type": "Feature", "properties": { "betweenness_centrality": "0.010759493670886076", "source": "365974594.0", "target": "286502185.0", "ordering_betweenness_centrality": "129", "length": 566, "length_cumulative": 274752 }, "geometry": { "type": "LineString", "coordinates": [ [ 3206325.0, 5940846.0 ], [ 3206313.0, 5940875.0 ], [ 3206298.0, 5940903.0 ], [ 3206288.0, 5940920.0 ], [ 3206270.0, 5940951.0 ], [ 3206241.0, 5940999.0 ], [ 3206189.0, 5941083.0 ], [ 3206185.0, 5941088.0 ], [ 3206172.0, 5941109.0 ], [ 3206157.0, 5941133.0 ], [ 3206138.0, 5941163.0 ], [ 3206130.0, 5941173.0 ], [ 3206128.0, 5941174.0 ], [ 3206123.0, 5941180.0 ], [ 3206111.0, 5941204.0 ], [ 3206060.0, 5941283.0 ], [ 3206058.0, 5941287.0 ], [ 3206036.0, 5941326.0 ], [ 3206034.0, 5941330.0 ] ] } },
{ "type": "Feature", "properties": { "betweenness_centrality": "0.010443037974683544", "source": "6673697291.0", "target": "5702357176.0", "ordering_betweenness_centrality": "130", "length": 107, "length_cumulative": 274860 }, "geometry": { "type": "LineString", "coordinates": [ [ 3217105.0, 5948020.0 ], [ 3217107.0, 5948015.0 ], [ 3217109.0, 5948001.0 ], [ 3217109.0, 5947986.0 ], [ 3217106.0, 5947968.0 ], [ 3217097.0, 5947925.0 ], [ 3217095.0, 5947914.0 ] ] } },
{ "type": "Feature", "properties": { "betweenness_centrality": "0.010443037974683544", "source": "13665680262.0", "target": "737307035.0", "ordering_betweenness_centrality": "131", "length": 404, "length_cumulative": 275264 }, "geometry": { "type": "LineString", "coordinates": [ [ 3213508.0, 5937923.0 ], [ 3213499.0, 5937923.0 ], [ 3213324.0, 5937929.0 ], [ 3213190.0, 5937931.0 ], [ 3213104.0, 5937930.0 ] ] } },
{ "type": "Feature", "properties": { "betweenness_centrality": "0.010443037974683544", "source": "12785753466.0", "target": "13653718233.0", "ordering_betweenness_centrality": "132", "length": 814, "length_cumulative": 276079 }, "geometry": { "type": "MultiLineString", "coordinates": [ [ [ 3209428.0, 5945638.0 ], [ 3209427.0, 5945650.0 ], [ 3209423.0, 5945684.0 ], [ 3209404.0, 5945699.0 ], [ 3209441.0, 5945735.0 ], [ 3209396.0, 5945781.0 ], [ 3209434.0, 5945821.0 ], [ 3209477.0, 5945866.0 ], [ 3209429.0, 5945915.0 ], [ 3209421.0, 5945922.0 ], [ 3209402.0, 5945941.0 ], [ 3209368.0, 5945975.0 ], [ 3209351.0, 5945992.0 ], [ 3209349.0, 5945994.0 ], [ 3209338.0, 5946005.0 ], [ 3209339.0, 5946024.0 ], [ 3209346.0, 5946031.0 ], [ 3209396.0, 5946082.0 ], [ 3209386.0, 5946092.0 ], [ 3209379.0, 5946099.0 ], [ 3209356.0, 5946122.0 ], [ 3209353.0, 5946124.0 ], [ 3209351.0, 5946126.0 ], [ 3209347.0, 5946130.0 ], [ 3209405.0, 5946190.0 ], [ 3209416.0, 5946202.0 ], [ 3209414.0, 5946206.0 ] ], [ [ 3209399.0, 5946274.0 ], [ 3209403.0, 5946279.0 ], [ 3209412.0, 5946287.0 ], [ 3209422.0, 5946298.0 ], [ 3209428.0, 5946304.0 ] ] ] } },
{ "type": "Feature", "properties": { "betweenness_centrality": "0.010126582278481013", "source": "8301406711.0", "target": "9118714056.0", "ordering_betweenness_centrality": "133", "length": 310, "length_cumulative": 276390 }, "geometry": { "type": "LineString", "coordinates": [ [ 3211046.0, 5944075.0 ], [ 3211020.0, 5944052.0 ], [ 3210923.0, 5943974.0 ], [ 3210879.0, 5943937.0 ], [ 3210873.0, 5943932.0 ], [ 3210839.0, 5943901.0 ], [ 3210826.0, 5943885.0 ], [ 3210815.0, 5943868.0 ] ] } },
{ "type": "Feature", "properties": { "betweenness_centrality": "0.010126582278481013", "source": "13361343885.0", "target": "365332384.0", "ordering_betweenness_centrality": "134", "length": 4166, "length_cumulative": 280556 }, "geometry": { "type": "MultiLineString", "coordinates": [ [ [ 3209730.0, 5950474.0 ], [ 3209821.0, 5950361.0 ] ], [ [ 3209852.0, 5950389.0 ], [ 3209870.0, 5950369.0 ], [ 3209947.0, 5950283.0 ], [ 3209952.0, 5950279.0 ], [ 3209959.0, 5950276.0 ], [ 3209965.0, 5950273.0 ], [ 3209972.0, 5950273.0 ], [ 3209977.0, 5950275.0 ], [ 3209986.0, 5950279.0 ], [ 3209995.0, 5950284.0 ], [ 3210005.0, 5950285.0 ], [ 3210014.0, 5950284.0 ], [ 3210022.0, 5950281.0 ], [ 3210024.0, 5950280.0 ], [ 3210032.0, 5950270.0 ], [ 3210039.0, 5950258.0 ], [ 3210058.0, 5950234.0 ], [ 3210066.0, 5950222.0 ], [ 3210073.0, 5950214.0 ], [ 3210079.0, 5950211.0 ], [ 3210086.0, 5950207.0 ], [ 3210101.0, 5950197.0 ], [ 3210181.0, 5950272.0 ], [ 3210194.0, 5950285.0 ], [ 3210211.0, 5950306.0 ], [ 3210270.0, 5950397.0 ], [ 3210280.0, 5950407.0 ], [ 3210293.0, 5950415.0 ], [ 3210305.0, 5950418.0 ], [ 3210320.0, 5950419.0 ], [ 3210333.0, 5950417.0 ], [ 3210345.0, 5950413.0 ], [ 3210389.0, 5950394.0 ], [ 3210402.0, 5950390.0 ], [ 3210408.0, 5950389.0 ], [ 3210414.0, 5950389.0 ], [ 3210426.0, 5950392.0 ], [ 3210485.0, 5950410.0 ], [ 3210513.0, 5950419.0 ], [ 3210566.0, 5950436.0 ], [ 3210619.0, 5950453.0 ], [ 3210648.0, 5950462.0 ], [ 3210733.0, 5950489.0 ], [ 3210826.0, 5950511.0 ], [ 3210916.0, 5950535.0 ], [ 3211007.0, 5950559.0 ], [ 3211082.0, 5950578.0 ], [ 3211089.0, 5950579.0 ], [ 3211096.0, 5950579.0 ], [ 3211104.0, 5950578.0 ], [ 3211111.0, 5950578.0 ], [ 3211191.0, 5950563.0 ], [ 3211301.0, 5950543.0 ], [ 3211342.0, 5950536.0 ], [ 3211387.0, 5950529.0 ], [ 3211401.0, 5950527.0 ], [ 3211446.0, 5950519.0 ], [ 3211476.0, 5950514.0 ], [ 3211489.0, 5950511.0 ], [ 3211533.0, 5950503.0 ], [ 3211574.0, 5950495.0 ], [ 3211583.0, 5950493.0 ], [ 3211611.0, 5950487.0 ], [ 3211614.0, 5950498.0 ], [ 3211634.0, 5950493.0 ], [ 3211643.0, 5950492.0 ], [ 3211638.0, 5950473.0 ], [ 3211671.0, 5950464.0 ], [ 3211688.0, 5950465.0 ], [ 3211710.0, 5950456.0 ], [ 3211732.0, 5950449.0 ], [ 3211746.0, 5950442.0 ], [ 3211758.0, 5950430.0 ], [ 3211762.0, 5950421.0 ], [ 3211762.0, 5950409.0 ], [ 3211756.0, 5950376.0 ], [ 3211757.0, 5950354.0 ], [ 3211764.0, 5950325.0 ], [ 3211769.0, 5950300.0 ], [ 3211775.0, 5950288.0 ], [ 3211783.0, 5950281.0 ], [ 3211795.0, 5950274.0 ], [ 3211807.0, 5950263.0 ], [ 3211818.0, 5950254.0 ], [ 3211826.0, 5950250.0 ], [ 3211835.0, 5950252.0 ], [ 3211841.0, 5950256.0 ], [ 3211845.0, 5950261.0 ], [ 3211853.0, 5950267.0 ], [ 3211862.0, 5950269.0 ], [ 3211884.0, 5950268.0 ], [ 3211889.0, 5950263.0 ], [ 3211882.0, 5950197.0 ], [ 3211878.0, 5950182.0 ], [ 3211874.0, 5950172.0 ], [ 3211873.0, 5950158.0 ], [ 3211867.0, 5950120.0 ], [ 3211880.0, 5950115.0 ], [ 3211900.0, 5950112.0 ], [ 3211916.0, 5950112.0 ], [ 3211951.0, 5950112.0 ], [ 3211969.0, 5950109.0 ], [ 3211988.0, 5950089.0 ], [ 3212006.0, 5950071.0 ], [ 3212044.0, 5950034.0 ], [ 3212066.0, 5950001.0 ], [ 3212081.0, 5949984.0 ], [ 3212085.0, 5949972.0 ], [ 3212093.0, 5949969.0 ], [ 3212103.0, 5949965.0 ], [ 3212112.0, 5949963.0 ], [ 3212123.0, 5949960.0 ], [ 3212136.0, 5949955.0 ], [ 3212142.0, 5949952.0 ], [ 3212149.0, 5949949.0 ], [ 3212168.0, 5949942.0 ], [ 3212174.0, 5949940.0 ], [ 3212193.0, 5949934.0 ], [ 3212208.0, 5949931.0 ], [ 3212186.0, 5949839.0 ], [ 3212229.0, 5949829.0 ], [ 3212291.0, 5949814.0 ], [ 3212326.0, 5949809.0 ], [ 3212381.0, 5949798.0 ], [ 3212387.0, 5949805.0 ], [ 3212393.0, 5949808.0 ], [ 3212396.0, 5949809.0 ], [ 3212465.0, 5949830.0 ], [ 3212480.0, 5949847.0 ], [ 3212491.0, 5949863.0 ], [ 3212510.0, 5949871.0 ], [ 3212530.0, 5949873.0 ], [ 3212554.0, 5949878.0 ], [ 3212586.0, 5949872.0 ], [ 3212609.0, 5949866.0 ], [ 3212632.0, 5949857.0 ], [ 3212658.0, 5949842.0 ], [ 3212683.0, 5949829.0 ], [ 3212697.0, 5949820.0 ], [ 3212756.0, 5949784.0 ], [ 3212747.0, 5949754.0 ], [ 3212794.0, 5949756.0 ], [ 3212826.0, 5949737.0 ], [ 3212837.0, 5949733.0 ], [ 3212839.0, 5949739.0 ], [ 3212854.0, 5949735.0 ], [ 3212861.0, 5949733.0 ], [ 3212910.0, 5949721.0 ], [ 3212919.0, 5949754.0 ], [ 3212940.0, 5949748.0 ], [ 3212955.0, 5949745.0 ] ] ] } },
{ "type": "Feature", "properties": { "betweenness_centrality": "0.010126582278481013", "source": "365369214.0", "target": "365960587.0", "ordering_betweenness_centrality": "135", "length": 2742, "length_cumulative": 283298 }, "geometry": { "type": "LineString", "coordinates": [ [ 3203409.0, 5947205.0 ], [ 3203405.0, 5947200.0 ], [ 3203385.0, 5947170.0 ], [ 3203428.0, 5947139.0 ], [ 3203441.0, 5947129.0 ], [ 3203482.0, 5947099.0 ], [ 3203503.0, 5947084.0 ], [ 3203612.0, 5947004.0 ], [ 3203648.0, 5946977.0 ], [ 3203661.0, 5946968.0 ], [ 3203679.0, 5946955.0 ], [ 3203677.0, 5946950.0 ], [ 3203710.0, 5946926.0 ], [ 3203713.0, 5946923.0 ], [ 3203713.0, 5946920.0 ], [ 3203710.0, 5946917.0 ], [ 3203716.0, 5946913.0 ], [ 3203721.0, 5946909.0 ], [ 3203706.0, 5946890.0 ], [ 3203703.0, 5946884.0 ], [ 3203713.0, 5946876.0 ], [ 3203719.0, 5946872.0 ], [ 3203720.0, 5946868.0 ], [ 3203739.0, 5946817.0 ], [ 3203787.0, 5946796.0 ], [ 3203853.0, 5946770.0 ], [ 3203900.0, 5946749.0 ], [ 3203961.0, 5946724.0 ], [ 3203993.0, 5946711.0 ], [ 3204034.0, 5946693.0 ], [ 3204054.0, 5946683.0 ], [ 3204057.0, 5946682.0 ], [ 3204060.0, 5946682.0 ], [ 3204070.0, 5946690.0 ], [ 3204077.0, 5946697.0 ], [ 3204077.0, 5946701.0 ], [ 3204134.0, 5946783.0 ], [ 3204149.0, 5946773.0 ], [ 3204161.0, 5946764.0 ], [ 3204162.0, 5946763.0 ], [ 3204232.0, 5946713.0 ], [ 3204234.0, 5946712.0 ], [ 3204281.0, 5946678.0 ], [ 3204286.0, 5946674.0 ], [ 3204295.0, 5946686.0 ], [ 3204334.0, 5946736.0 ], [ 3204343.0, 5946736.0 ], [ 3204349.0, 5946734.0 ], [ 3204368.0, 5946721.0 ], [ 3204450.0, 5946665.0 ], [ 3204485.0, 5946640.0 ], [ 3204514.0, 5946618.0 ], [ 3204544.0, 5946597.0 ], [ 3204540.0, 5946591.0 ], [ 3204510.0, 5946548.0 ], [ 3204470.0, 5946492.0 ], [ 3204479.0, 5946485.0 ], [ 3204472.0, 5946475.0 ], [ 3204424.0, 5946410.0 ], [ 3204419.0, 5946402.0 ], [ 3204415.0, 5946394.0 ], [ 3204411.0, 5946384.0 ], [ 3204407.0, 5946372.0 ], [ 3204403.0, 5946356.0 ], [ 3204402.0, 5946348.0 ], [ 3204400.0, 5946339.0 ], [ 3204398.0, 5946329.0 ], [ 3204405.0, 5946319.0 ], [ 3204401.0, 5946271.0 ], [ 3204400.0, 5946149.0 ], [ 3204400.0, 5946135.0 ], [ 3204399.0, 5946125.0 ], [ 3204399.0, 5946115.0 ], [ 3204398.0, 5946064.0 ], [ 3204400.0, 5946060.0 ], [ 3204407.0, 5946058.0 ], [ 3204414.0, 5946048.0 ], [ 3204422.0, 5946037.0 ], [ 3204416.0, 5946029.0 ], [ 3204417.0, 5946024.0 ], [ 3204421.0, 5946020.0 ], [ 3204424.0, 5946019.0 ], [ 3204437.0, 5946014.0 ], [ 3204578.0, 5945982.0 ], [ 3204592.0, 5945979.0 ], [ 3204625.0, 5945972.0 ], [ 3204629.0, 5945964.0 ], [ 3204725.0, 5945945.0 ], [ 3204752.0, 5945940.0 ], [ 3204817.0, 5945929.0 ], [ 3204816.0, 5945918.0 ], [ 3204815.0, 5945910.0 ], [ 3204813.0, 5945886.0 ], [ 3204813.0, 5945871.0 ], [ 3204813.0, 5945862.0 ], [ 3204816.0, 5945843.0 ], [ 3204820.0, 5945824.0 ] ] } },
{ "type": "Feature", "properties": { "betweenness_centrality": "0.010126582278481013", "source": "2329454627.0", "target": "5702344621.0", "ordering_betweenness_centrality": "136", "length": 1940, "length_cumulative": 285239 }, "geometry": { "type": "LineString", "coordinates": [ [ 3212889.0, 5943856.0 ], [ 3212902.0, 5943856.0 ], [ 3212921.0, 5943834.0 ], [ 3213049.0, 5943947.0 ], [ 3213051.0, 5943949.0 ], [ 3213053.0, 5943950.0 ], [ 3213079.0, 5943974.0 ], [ 3213086.0, 5943979.0 ], [ 3213079.0, 5943987.0 ], [ 3213090.0, 5943995.0 ], [ 3213103.0, 5944000.0 ], [ 3213129.0, 5944050.0 ], [ 3213152.0, 5944095.0 ], [ 3213189.0, 5944082.0 ], [ 3213223.0, 5944067.0 ], [ 3213233.0, 5944100.0 ], [ 3213240.0, 5944116.0 ], [ 3213249.0, 5944134.0 ], [ 3213285.0, 5944196.0 ], [ 3213296.0, 5944214.0 ], [ 3213305.0, 5944225.0 ], [ 3213315.0, 5944234.0 ], [ 3213338.0, 5944253.0 ], [ 3213377.0, 5944282.0 ], [ 3213413.0, 5944309.0 ], [ 3213452.0, 5944336.0 ], [ 3213478.0, 5944357.0 ], [ 3213557.0, 5944416.0 ], [ 3213612.0, 5944453.0 ], [ 3213670.0, 5944486.0 ], [ 3213604.0, 5944579.0 ], [ 3213523.0, 5944694.0 ], [ 3213439.0, 5944814.0 ], [ 3213372.0, 5944907.0 ], [ 3213261.0, 5945063.0 ], [ 3213214.0, 5945131.0 ], [ 3213190.0, 5945161.0 ] ] } },
{ "type": "Feature", "properties": { "betweenness_centrality": "0.009810126582278481", "source": "13361343885.0", "target": "7156950422.0", "ordering_betweenness_centrality": "138", "length": 192, "length_cumulative": 285432 }, "geometry": { "type": "LineString", "coordinates": [ [ 3216303.0, 5951300.0 ], [ 3216305.0, 5951325.0 ], [ 3216338.0, 5951326.0 ], [ 3216473.0, 5951327.0 ] ] } },
{ "type": "Feature", "properties": { "betweenness_centrality": "0.009810126582278481", "source": "979846617.0", "target": "738745199.0", "ordering_betweenness_centrality": "139", "length": 3008, "length_cumulative": 288440 }, "geometry": { "type": "LineString", "coordinates": [ [ 3203294.0, 5939293.0 ], [ 3203326.0, 5939338.0 ], [ 3203331.0, 5939345.0 ], [ 3203396.0, 5939428.0 ], [ 3203405.0, 5939440.0 ], [ 3203424.0, 5939465.0 ], [ 3203458.0, 5939510.0 ], [ 3203486.0, 5939547.0 ], [ 3203549.0, 5939629.0 ], [ 3203576.0, 5939667.0 ], [ 3203606.0, 5939706.0 ], [ 3203630.0, 5939737.0 ], [ 3203639.0, 5939749.0 ], [ 3203647.0, 5939760.0 ], [ 3203674.0, 5939795.0 ], [ 3203688.0, 5939813.0 ], [ 3203722.0, 5939858.0 ], [ 3203740.0, 5939879.0 ], [ 3203742.0, 5939882.0 ], [ 3203749.0, 5939891.0 ], [ 3203782.0, 5939930.0 ], [ 3203808.0, 5939961.0 ], [ 3203847.0, 5940004.0 ], [ 3203868.0, 5940028.0 ], [ 3203877.0, 5940038.0 ], [ 3203882.0, 5940043.0 ], [ 3203906.0, 5940068.0 ], [ 3203918.0, 5940080.0 ], [ 3203992.0, 5940156.0 ], [ 3203997.0, 5940161.0 ], [ 3204065.0, 5940225.0 ], [ 3204115.0, 5940269.0 ], [ 3204118.0, 5940272.0 ], [ 3204164.0, 5940310.0 ], [ 3204207.0, 5940344.0 ], [ 3204279.0, 5940400.0 ], [ 3204312.0, 5940426.0 ], [ 3204347.0, 5940451.0 ], [ 3204466.0, 5940532.0 ], [ 3204518.0, 5940565.0 ], [ 3204570.0, 5940596.0 ], [ 3204681.0, 5940658.0 ], [ 3204710.0, 5940673.0 ], [ 3204731.0, 5940684.0 ], [ 3204756.0, 5940697.0 ], [ 3204809.0, 5940725.0 ], [ 3204865.0, 5940753.0 ], [ 3204923.0, 5940784.0 ], [ 3204945.0, 5940795.0 ], [ 3204948.0, 5940797.0 ], [ 3205087.0, 5940869.0 ], [ 3205116.0, 5940884.0 ], [ 3205139.0, 5940950.0 ], [ 3205140.0, 5940953.0 ], [ 3205159.0, 5941000.0 ], [ 3205164.0, 5941006.0 ], [ 3205178.0, 5941015.0 ], [ 3205246.0, 5941048.0 ], [ 3205251.0, 5941051.0 ], [ 3205264.0, 5941058.0 ], [ 3205316.0, 5941085.0 ], [ 3205330.0, 5941102.0 ], [ 3205336.0, 5941109.0 ], [ 3205384.0, 5941161.0 ], [ 3205358.0, 5941157.0 ], [ 3205355.0, 5941178.0 ], [ 3205430.0, 5941189.0 ], [ 3205451.0, 5941199.0 ] ] } },
{ "type": "Feature", "properties": { "betweenness_centrality": "0.00949367088607595", "source": "365369214.0", "target": "365960562.0", "ordering_betweenness_centrality": "140", "length": 2006, "length_cumulative": 290447 }, "geometry": { "type": "MultiLineString", "coordinates": [ [ [ 3204450.0, 5946665.0 ], [ 3204507.0, 5946750.0 ], [ 3204327.0, 5946879.0 ], [ 3204259.0, 5946927.0 ], [ 3204255.0, 5946930.0 ], [ 3204247.0, 5946936.0 ], [ 3204236.0, 5946944.0 ], [ 3204104.0, 5947041.0 ], [ 3204082.0, 5947058.0 ], [ 3204058.0, 5947076.0 ], [ 3204019.0, 5947103.0 ], [ 3204012.0, 5947106.0 ], [ 3204005.0, 5947105.0 ], [ 3203996.0, 5947103.0 ], [ 3203988.0, 5947102.0 ], [ 3203979.0, 5947103.0 ], [ 3203972.0, 5947106.0 ], [ 3203913.0, 5947147.0 ], [ 3203897.0, 5947159.0 ], [ 3203886.0, 5947166.0 ], [ 3203848.0, 5947193.0 ], [ 3203806.0, 5947223.0 ], [ 3203762.0, 5947254.0 ], [ 3203730.0, 5947278.0 ], [ 3203713.0, 5947290.0 ], [ 3203694.0, 5947304.0 ], [ 3203642.0, 5947341.0 ], [ 3203597.0, 5947375.0 ], [ 3203586.0, 5947382.0 ], [ 3203566.0, 5947425.0 ] ], [ [ 3203566.0, 5947425.0 ], [ 3203542.0, 5947442.0 ], [ 3203430.0, 5947522.0 ], [ 3203423.0, 5947526.0 ], [ 3203382.0, 5947555.0 ], [ 3203342.0, 5947584.0 ], [ 3203334.0, 5947581.0 ], [ 3203329.0, 5947576.0 ], [ 3203306.0, 5947544.0 ], [ 3203290.0, 5947522.0 ], [ 3203273.0, 5947497.0 ], [ 3203265.0, 5947497.0 ], [ 3203259.0, 5947500.0 ], [ 3203255.0, 5947501.0 ], [ 3203206.0, 5947532.0 ], [ 3203200.0, 5947522.0 ], [ 3203188.0, 5947519.0 ], [ 3203176.0, 5947520.0 ], [ 3203168.0, 5947525.0 ], [ 3203152.0, 5947537.0 ], [ 3203161.0, 5947549.0 ], [ 3203133.0, 5947569.0 ], [ 3203115.0, 5947580.0 ], [ 3203102.0, 5947561.0 ], [ 3203083.0, 5947575.0 ], [ 3203076.0, 5947580.0 ], [ 3203015.0, 5947627.0 ] ] ] } },
{ "type": "Feature", "properties": { "betweenness_centrality": "0.008544303797468355", "source": "732011407.0", "target": "1010621493.0", "ordering_betweenness_centrality": "141", "length": 1818, "length_cumulative": 292265 }, "geometry": { "type": "LineString", "coordinates": [ [ 3217341.0, 5950081.0 ], [ 3217328.0, 5950089.0 ], [ 3217314.0, 5950106.0 ], [ 3217312.0, 5950109.0 ], [ 3217309.0, 5950111.0 ], [ 3217302.0, 5950111.0 ], [ 3217268.0, 5950136.0 ], [ 3217248.0, 5950161.0 ], [ 3217226.0, 5950171.0 ], [ 3217207.0, 5950192.0 ], [ 3217181.0, 5950212.0 ], [ 3217131.0, 5950287.0 ], [ 3217119.0, 5950290.0 ], [ 3217115.0, 5950289.0 ], [ 3217101.0, 5950289.0 ], [ 3217100.0, 5950289.0 ], [ 3217089.0, 5950293.0 ], [ 3217078.0, 5950328.0 ], [ 3217039.0, 5950341.0 ], [ 3217022.0, 5950350.0 ], [ 3217006.0, 5950368.0 ], [ 3217005.0, 5950380.0 ], [ 3216991.0, 5950380.0 ], [ 3216985.0, 5950384.0 ], [ 3216968.0, 5950400.0 ], [ 3216948.0, 5950420.0 ], [ 3216943.0, 5950438.0 ], [ 3216934.0, 5950459.0 ], [ 3216927.0, 5950470.0 ], [ 3216904.0, 5950471.0 ], [ 3216887.0, 5950471.0 ], [ 3216887.0, 5950488.0 ], [ 3216886.0, 5950516.0 ], [ 3216886.0, 5950530.0 ], [ 3216885.0, 5950639.0 ], [ 3216882.0, 5950826.0 ], [ 3216880.0, 5950995.0 ], [ 3216878.0, 5951133.0 ], [ 3216878.0, 5951136.0 ], [ 3216877.0, 5951193.0 ], [ 3216876.0, 5951283.0 ], [ 3216852.0, 5951283.0 ], [ 3216641.0, 5951281.0 ], [ 3216515.0, 5951279.0 ] ] } },
{ "type": "Feature", "properties": { "betweenness_centrality": "0.008227848101265823", "source": "2329454627.0", "target": "392001912.0", "ordering_betweenness_centrality": "143", "length": 3065, "length_cumulative": 295331 }, "geometry": { "type": "LineString", "coordinates": [ [ 3211935.0, 5940368.0 ], [ 3212010.0, 5940437.0 ], [ 3212016.0, 5940434.0 ], [ 3212020.0, 5940433.0 ], [ 3212023.0, 5940433.0 ], [ 3212028.0, 5940434.0 ], [ 3212031.0, 5940436.0 ], [ 3212097.0, 5940502.0 ], [ 3212130.0, 5940535.0 ], [ 3212305.0, 5940706.0 ], [ 3212330.0, 5940730.0 ], [ 3212352.0, 5940755.0 ], [ 3212392.0, 5940795.0 ], [ 3212399.0, 5940802.0 ], [ 3212420.0, 5940826.0 ], [ 3212485.0, 5940819.0 ], [ 3212486.0, 5940830.0 ], [ 3212488.0, 5940844.0 ], [ 3212497.0, 5940896.0 ], [ 3212548.0, 5940890.0 ], [ 3212553.0, 5940882.0 ], [ 3212550.0, 5940866.0 ], [ 3212570.0, 5940863.0 ], [ 3212576.0, 5940898.0 ], [ 3212578.0, 5940917.0 ], [ 3212579.0, 5940933.0 ], [ 3212587.0, 5941015.0 ], [ 3212591.0, 5941058.0 ], [ 3212602.0, 5941166.0 ], [ 3212612.0, 5941274.0 ], [ 3212629.0, 5941273.0 ], [ 3212631.0, 5941288.0 ], [ 3212635.0, 5941337.0 ], [ 3212651.0, 5941336.0 ], [ 3212655.0, 5941351.0 ], [ 3212667.0, 5941376.0 ], [ 3212689.0, 5941433.0 ], [ 3212700.0, 5941466.0 ], [ 3212708.0, 5941481.0 ], [ 3212732.0, 5941537.0 ], [ 3212740.0, 5941557.0 ], [ 3212743.0, 5941566.0 ], [ 3212755.0, 5941593.0 ], [ 3212769.0, 5941638.0 ], [ 3212782.0, 5941647.0 ], [ 3212795.0, 5941656.0 ], [ 3212784.0, 5941673.0 ], [ 3212814.0, 5941694.0 ], [ 3212873.0, 5941736.0 ], [ 3212929.0, 5941775.0 ], [ 3212989.0, 5941818.0 ], [ 3213034.0, 5941849.0 ], [ 3213079.0, 5941877.0 ], [ 3213130.0, 5941913.0 ], [ 3213163.0, 5941937.0 ], [ 3213216.0, 5941973.0 ], [ 3213308.0, 5942037.0 ], [ 3213405.0, 5942104.0 ], [ 3213491.0, 5942163.0 ], [ 3213579.0, 5942222.0 ], [ 3213663.0, 5942276.0 ], [ 3213675.0, 5942285.0 ], [ 3213721.0, 5942315.0 ], [ 3213787.0, 5942349.0 ], [ 3213834.0, 5942372.0 ] ] } },
{ "type": "Feature", "properties": { "betweenness_centrality": "0.008227848101265823", "source": "7524602165.0", "target": "8756146654.0", "ordering_betweenness_centrality": "144", "length": 2398, "length_cumulative": 297730 }, "geometry": { "type": "LineString", "coordinates": [ [ 3206755.0, 5947549.0 ], [ 3206750.0, 5947544.0 ], [ 3206765.0, 5947529.0 ], [ 3206780.0, 5947514.0 ], [ 3206785.0, 5947487.0 ], [ 3206800.0, 5947394.0 ], [ 3206801.0, 5947387.0 ], [ 3206805.0, 5947362.0 ], [ 3206814.0, 5947307.0 ], [ 3206831.0, 5947197.0 ], [ 3206832.0, 5947191.0 ], [ 3206835.0, 5947174.0 ], [ 3206836.0, 5947167.0 ], [ 3206845.0, 5947108.0 ], [ 3206848.0, 5947092.0 ], [ 3206850.0, 5947075.0 ], [ 3206870.0, 5946957.0 ], [ 3206884.0, 5946869.0 ], [ 3206898.0, 5946778.0 ], [ 3206913.0, 5946685.0 ], [ 3206927.0, 5946592.0 ], [ 3206945.0, 5946483.0 ], [ 3206959.0, 5946392.0 ], [ 3206965.0, 5946356.0 ], [ 3206976.0, 5946294.0 ], [ 3206992.0, 5946188.0 ], [ 3206995.0, 5946170.0 ], [ 3207018.0, 5946035.0 ], [ 3207058.0, 5945771.0 ], [ 3207066.0, 5945724.0 ], [ 3207071.0, 5945706.0 ], [ 3207071.0, 5945691.0 ], [ 3207071.0, 5945685.0 ], [ 3207071.0, 5945681.0 ], [ 3207071.0, 5945671.0 ], [ 3207070.0, 5945665.0 ], [ 3207070.0, 5945660.0 ], [ 3207068.0, 5945655.0 ], [ 3207065.0, 5945650.0 ], [ 3207059.0, 5945643.0 ], [ 3207011.0, 5945575.0 ], [ 3206980.0, 5945531.0 ], [ 3206965.0, 5945508.0 ], [ 3206949.0, 5945485.0 ], [ 3206934.0, 5945462.0 ], [ 3206926.0, 5945450.0 ], [ 3206923.0, 5945436.0 ], [ 3206919.0, 5945419.0 ], [ 3206917.0, 5945406.0 ], [ 3206917.0, 5945397.0 ], [ 3206920.0, 5945392.0 ], [ 3206970.0, 5945358.0 ], [ 3206981.0, 5945352.0 ], [ 3206979.0, 5945349.0 ], [ 3206986.0, 5945339.0 ], [ 3206988.0, 5945334.0 ], [ 3206992.0, 5945326.0 ], [ 3206993.0, 5945319.0 ], [ 3206994.0, 5945317.0 ], [ 3206997.0, 5945296.0 ], [ 3206994.0, 5945273.0 ] ] } },
{ "type": "Feature", "properties": { "betweenness_centrality": "0.008227848101265823", "source": "7146809158.0", "target": "8467972168.0", "ordering_betweenness_centrality": "145", "length": 550, "length_cumulative": 298280 }, "geometry": { "type": "LineString", "coordinates": [ [ 3206005.0, 5941452.0 ], [ 3206008.0, 5941447.0 ], [ 3206097.0, 5941490.0 ], [ 3206112.0, 5941464.0 ], [ 3206117.0, 5941467.0 ], [ 3206120.0, 5941468.0 ], [ 3206156.0, 5941480.0 ], [ 3206172.0, 5941488.0 ], [ 3206304.0, 5941558.0 ], [ 3206314.0, 5941563.0 ], [ 3206327.0, 5941570.0 ], [ 3206330.0, 5941571.0 ], [ 3206475.0, 5941647.0 ], [ 3206482.0, 5941651.0 ] ] } },
{ "type": "Feature", "properties": { "betweenness_centrality": "0.007911392405063292", "source": "9118714056.0", "target": "11760451149.0", "ordering_betweenness_centrality": "146", "length": 1906, "length_cumulative": 300186 }, "geometry": { "type": "LineString", "coordinates": [ [ 3211032.0, 5944089.0 ], [ 3211035.0, 5944091.0 ], [ 3211197.0, 5944253.0 ], [ 3211222.0, 5944278.0 ], [ 3211227.0, 5944284.0 ], [ 3211270.0, 5944327.0 ], [ 3211277.0, 5944333.0 ], [ 3211281.0, 5944367.0 ], [ 3211275.0, 5944401.0 ], [ 3211271.0, 5944426.0 ], [ 3211200.0, 5944497.0 ], [ 3211166.0, 5944531.0 ], [ 3211117.0, 5944583.0 ], [ 3211115.0, 5944586.0 ], [ 3211100.0, 5944601.0 ], [ 3211095.0, 5944606.0 ], [ 3211038.0, 5944662.0 ], [ 3211033.0, 5944667.0 ], [ 3211015.0, 5944684.0 ], [ 3211011.0, 5944688.0 ], [ 3211003.0, 5944680.0 ], [ 3210912.0, 5944772.0 ], [ 3210840.0, 5944845.0 ], [ 3210833.0, 5944847.0 ], [ 3210827.0, 5944852.0 ], [ 3210823.0, 5944856.0 ], [ 3210819.0, 5944860.0 ], [ 3210815.0, 5944864.0 ], [ 3210814.0, 5944875.0 ], [ 3210674.0, 5945013.0 ], [ 3210609.0, 5945076.0 ], [ 3210605.0, 5945079.0 ], [ 3210603.0, 5945082.0 ], [ 3210598.0, 5945087.0 ], [ 3210589.0, 5945095.0 ], [ 3210581.0, 5945099.0 ], [ 3210413.0, 5945265.0 ], [ 3210411.0, 5945271.0 ], [ 3210393.0, 5945289.0 ], [ 3210390.0, 5945291.0 ], [ 3210387.0, 5945295.0 ], [ 3210380.0, 5945301.0 ], [ 3210376.0, 5945305.0 ], [ 3210373.0, 5945308.0 ], [ 3210371.0, 5945313.0 ], [ 3210357.0, 5945327.0 ], [ 3210239.0, 5945444.0 ] ] } },
{ "type": "Feature", "properties": { "betweenness_centrality": "0.007911392405063292", "source": "3709913404.0", "target": "8406344369.0", "ordering_betweenness_centrality": "147", "length": 407, "length_cumulative": 300594 }, "geometry": { "type": "LineString", "coordinates": [ [ 3220025.0, 5934086.0 ], [ 3220052.0, 5934066.0 ], [ 3220078.0, 5934098.0 ], [ 3220036.0, 5934132.0 ], [ 3220034.0, 5934136.0 ], [ 3220049.0, 5934156.0 ], [ 3220052.0, 5934161.0 ], [ 3220035.0, 5934173.0 ], [ 3220017.0, 5934182.0 ], [ 3219998.0, 5934186.0 ], [ 3219983.0, 5934195.0 ], [ 3219974.0, 5934200.0 ], [ 3219938.0, 5934226.0 ], [ 3219924.0, 5934239.0 ], [ 3219919.0, 5934245.0 ], [ 3219916.0, 5934254.0 ], [ 3219907.0, 5934267.0 ], [ 3219887.0, 5934294.0 ], [ 3219875.0, 5934316.0 ] ] } },
{ "type": "Feature", "properties": { "betweenness_centrality": "0.007911392405063292", "source": "7146809158.0", "target": "12825548921.0", "ordering_betweenness_centrality": "148", "length": 1447, "length_cumulative": 302042 }, "geometry": { "type": "LineString", "coordinates": [ [ 3207923.0, 5945917.0 ], [ 3207885.0, 5945972.0 ], [ 3207828.0, 5946053.0 ], [ 3207799.0, 5946094.0 ], [ 3207804.0, 5946099.0 ], [ 3207797.0, 5946110.0 ], [ 3207801.0, 5946114.0 ], [ 3207868.0, 5946176.0 ], [ 3207885.0, 5946192.0 ], [ 3207899.0, 5946207.0 ], [ 3207967.0, 5946276.0 ], [ 3208010.0, 5946320.0 ], [ 3208017.0, 5946328.0 ], [ 3208009.0, 5946336.0 ], [ 3208013.0, 5946343.0 ], [ 3208014.0, 5946348.0 ], [ 3208014.0, 5946353.0 ], [ 3208013.0, 5946359.0 ], [ 3208013.0, 5946362.0 ], [ 3208011.0, 5946366.0 ], [ 3208008.0, 5946372.0 ], [ 3208002.0, 5946377.0 ], [ 3207979.0, 5946400.0 ], [ 3207978.0, 5946402.0 ], [ 3207986.0, 5946410.0 ], [ 3207994.0, 5946418.0 ], [ 3207973.0, 5946440.0 ], [ 3207969.0, 5946450.0 ], [ 3207968.0, 5946458.0 ], [ 3207969.0, 5946461.0 ], [ 3207973.0, 5946466.0 ], [ 3207968.0, 5946473.0 ], [ 3207961.0, 5946483.0 ], [ 3207958.0, 5946491.0 ], [ 3207955.0, 5946497.0 ], [ 3207952.0, 5946507.0 ], [ 3207950.0, 5946518.0 ], [ 3207950.0, 5946521.0 ], [ 3207950.0, 5946534.0 ], [ 3207945.0, 5946585.0 ], [ 3207944.0, 5946600.0 ], [ 3207940.0, 5946637.0 ], [ 3207936.0, 5946684.0 ], [ 3207932.0, 5946718.0 ], [ 3207931.0, 5946728.0 ], [ 3207931.0, 5946733.0 ], [ 3207932.0, 5946735.0 ], [ 3207933.0, 5946737.0 ], [ 3207936.0, 5946739.0 ], [ 3207941.0, 5946741.0 ], [ 3207945.0, 5946741.0 ], [ 3207948.0, 5946740.0 ], [ 3207957.0, 5946749.0 ], [ 3207958.0, 5946750.0 ], [ 3207966.0, 5946757.0 ], [ 3207918.0, 5946804.0 ], [ 3207912.0, 5946851.0 ], [ 3207907.0, 5946893.0 ], [ 3207901.0, 5946947.0 ], [ 3207898.0, 5946973.0 ], [ 3207892.0, 5947020.0 ], [ 3207887.0, 5947060.0 ], [ 3207881.0, 5947125.0 ], [ 3207882.0, 5947128.0 ], [ 3207885.0, 5947130.0 ], [ 3207894.0, 5947138.0 ] ] } },
{ "type": "Feature", "properties": { "betweenness_centrality": "0.00759493670886076", "source": "11760451149.0", "target": "12785753466.0", "ordering_betweenness_centrality": "149", "length": 1044, "length_cumulative": 303087 }, "geometry": { "type": "LineString", "coordinates": [ [ 3209461.0, 5945596.0 ], [ 3209503.0, 5945555.0 ], [ 3209600.0, 5945462.0 ], [ 3209606.0, 5945463.0 ], [ 3209610.0, 5945459.0 ], [ 3209613.0, 5945457.0 ], [ 3209645.0, 5945491.0 ], [ 3209714.0, 5945564.0 ], [ 3209748.0, 5945598.0 ], [ 3209751.0, 5945595.0 ], [ 3209756.0, 5945590.0 ], [ 3209848.0, 5945503.0 ], [ 3209873.0, 5945478.0 ], [ 3209898.0, 5945455.0 ], [ 3209903.0, 5945462.0 ], [ 3209913.0, 5945452.0 ], [ 3209921.0, 5945444.0 ], [ 3209949.0, 5945417.0 ], [ 3209963.0, 5945402.0 ], [ 3210042.0, 5945324.0 ], [ 3210050.0, 5945331.0 ], [ 3210060.0, 5945333.0 ], [ 3210070.0, 5945334.0 ], [ 3210080.0, 5945333.0 ], [ 3210083.0, 5945332.0 ], [ 3210087.0, 5945336.0 ], [ 3210095.0, 5945339.0 ], [ 3210215.0, 5945463.0 ] ] } },
{ "type": "Feature", "properties": { "betweenness_centrality": "0.007278481012658228", "source": "6475014530.0", "target": "738745199.0", "ordering_betweenness_centrality": "150", "length": 1856, "length_cumulative": 304943 }, "geometry": { "type": "MultiLineString", "coordinates": [ [ [ 3205116.0, 5940884.0 ], [ 3205427.0, 5941046.0 ], [ 3205526.0, 5941098.0 ], [ 3205625.0, 5941148.0 ], [ 3205695.0, 5941173.0 ], [ 3205710.0, 5941171.0 ], [ 3205712.0, 5941168.0 ], [ 3205715.0, 5941169.0 ], [ 3205738.0, 5941182.0 ], [ 3205741.0, 5941183.0 ], [ 3205959.0, 5941296.0 ], [ 3205968.0, 5941300.0 ] ], [ [ 3205968.0, 5941300.0 ], [ 3205975.0, 5941303.0 ], [ 3205978.0, 5941305.0 ], [ 3206020.0, 5941328.0 ], [ 3206026.0, 5941329.0 ], [ 3206031.0, 5941329.0 ] ], [ [ 3208279.0, 5940658.0 ], [ 3208290.0, 5940650.0 ], [ 3208303.0, 5940644.0 ], [ 3208317.0, 5940638.0 ], [ 3208353.0, 5940627.0 ], [ 3208372.0, 5940621.0 ], [ 3208386.0, 5940616.0 ], [ 3208395.0, 5940613.0 ], [ 3208416.0, 5940606.0 ], [ 3208425.0, 5940603.0 ], [ 3208433.0, 5940600.0 ], [ 3208475.0, 5940586.0 ], [ 3208500.0, 5940578.0 ], [ 3208609.0, 5940536.0 ], [ 3208659.0, 5940516.0 ], [ 3208686.0, 5940504.0 ], [ 3208709.0, 5940494.0 ], [ 3208760.0, 5940469.0 ], [ 3208839.0, 5940431.0 ], [ 3208881.0, 5940411.0 ] ], [ [ 3208899.0, 5940403.0 ], [ 3208931.0, 5940383.0 ], [ 3208975.0, 5940357.0 ], [ 3209042.0, 5940318.0 ], [ 3209053.0, 5940311.0 ] ] ] } },
{ "type": "Feature", "properties": { "betweenness_centrality": "0.006962025316455696", "source": "12825548921.0", "target": "365292413.0", "ordering_betweenness_centrality": "151", "length": 1885, "length_cumulative": 306829 }, "geometry": { "type": "LineString", "coordinates": [ [ 3209198.0, 5948644.0 ], [ 3209169.0, 5948619.0 ], [ 3209163.0, 5948613.0 ], [ 3209099.0, 5948554.0 ], [ 3209086.0, 5948541.0 ], [ 3209057.0, 5948514.0 ], [ 3209023.0, 5948483.0 ], [ 3208998.0, 5948461.0 ], [ 3208977.0, 5948442.0 ], [ 3208959.0, 5948425.0 ], [ 3208939.0, 5948407.0 ], [ 3208848.0, 5948326.0 ], [ 3208844.0, 5948322.0 ], [ 3208825.0, 5948304.0 ], [ 3208743.0, 5948229.0 ], [ 3208737.0, 5948223.0 ], [ 3208694.0, 5948184.0 ], [ 3208652.0, 5948145.0 ], [ 3208617.0, 5948114.0 ], [ 3208586.0, 5948085.0 ], [ 3208580.0, 5948080.0 ], [ 3208561.0, 5948063.0 ], [ 3208542.0, 5948045.0 ], [ 3208506.0, 5948013.0 ], [ 3208484.0, 5947992.0 ], [ 3208473.0, 5947983.0 ], [ 3208448.0, 5947959.0 ], [ 3208428.0, 5947942.0 ], [ 3208409.0, 5947924.0 ], [ 3208406.0, 5947921.0 ], [ 3208389.0, 5947905.0 ], [ 3208382.0, 5947898.0 ], [ 3208351.0, 5947869.0 ], [ 3208325.0, 5947844.0 ], [ 3208310.0, 5947830.0 ], [ 3208285.0, 5947805.0 ], [ 3208147.0, 5947671.0 ], [ 3208136.0, 5947661.0 ], [ 3208126.0, 5947651.0 ], [ 3208094.0, 5947620.0 ], [ 3208075.0, 5947602.0 ], [ 3208053.0, 5947585.0 ], [ 3208047.0, 5947579.0 ], [ 3208002.0, 5947531.0 ], [ 3207968.0, 5947497.0 ], [ 3207935.0, 5947462.0 ], [ 3207864.0, 5947388.0 ], [ 3207859.0, 5947383.0 ], [ 3207856.0, 5947377.0 ], [ 3207853.0, 5947370.0 ], [ 3207852.0, 5947362.0 ], [ 3207852.0, 5947350.0 ], [ 3207853.0, 5947339.0 ] ] } },
{ "type": "Feature", "properties": { "betweenness_centrality": "0.006962025316455696", "source": "665797371.0", "target": "9118714056.0", "ordering_betweenness_centrality": "152", "length": 35, "length_cumulative": 306864 }, "geometry": { "type": "LineString", "coordinates": [ [ 3211076.0, 5944025.0 ], [ 3211069.0, 5944027.0 ], [ 3211064.0, 5944031.0 ], [ 3211062.0, 5944032.0 ], [ 3211064.0, 5944035.0 ], [ 3211074.0, 5944046.0 ] ] } },
{ "type": "Feature", "properties": { "betweenness_centrality": "0.006645569620253164", "source": "7286208647.0", "target": "7578350792.0", "ordering_betweenness_centrality": "153", "length": 1644, "length_cumulative": 308508 }, "geometry": { "type": "LineString", "coordinates": [ [ 3210939.0, 5946915.0 ], [ 3210934.0, 5946914.0 ], [ 3210927.0, 5946912.0 ], [ 3210746.0, 5946865.0 ], [ 3210709.0, 5946855.0 ], [ 3210697.0, 5946852.0 ], [ 3210683.0, 5946848.0 ], [ 3210664.0, 5946842.0 ], [ 3210649.0, 5946835.0 ], [ 3210634.0, 5946826.0 ], [ 3210631.0, 5946829.0 ], [ 3210601.0, 5946829.0 ], [ 3210589.0, 5946841.0 ], [ 3210557.0, 5946873.0 ], [ 3210551.0, 5946879.0 ], [ 3210530.0, 5946900.0 ], [ 3210527.0, 5946903.0 ], [ 3210502.0, 5946929.0 ], [ 3210498.0, 5946923.0 ], [ 3210492.0, 5946917.0 ], [ 3210485.0, 5946911.0 ], [ 3210466.0, 5946893.0 ], [ 3210459.0, 5946887.0 ], [ 3210453.0, 5946893.0 ], [ 3210448.0, 5946899.0 ], [ 3210443.0, 5946903.0 ], [ 3210431.0, 5946916.0 ], [ 3210420.0, 5946928.0 ], [ 3210414.0, 5946934.0 ], [ 3210410.0, 5946938.0 ], [ 3210405.0, 5946944.0 ], [ 3210328.0, 5946868.0 ], [ 3210236.0, 5946780.0 ], [ 3210229.0, 5946778.0 ], [ 3210169.0, 5946837.0 ], [ 3210167.0, 5946840.0 ], [ 3210110.0, 5946898.0 ], [ 3210105.0, 5946903.0 ], [ 3210096.0, 5946912.0 ], [ 3210082.0, 5946927.0 ], [ 3210029.0, 5946980.0 ], [ 3210003.0, 5947006.0 ], [ 3209990.0, 5947020.0 ], [ 3209913.0, 5947101.0 ], [ 3209898.0, 5947110.0 ], [ 3209844.0, 5947139.0 ], [ 3209803.0, 5947165.0 ], [ 3209796.0, 5947167.0 ], [ 3209789.0, 5947168.0 ], [ 3209782.0, 5947168.0 ], [ 3209777.0, 5947180.0 ], [ 3209766.0, 5947208.0 ], [ 3209752.0, 5947236.0 ], [ 3209746.0, 5947236.0 ], [ 3209737.0, 5947238.0 ], [ 3209729.0, 5947241.0 ], [ 3209719.0, 5947246.0 ], [ 3209668.0, 5947277.0 ] ] } },
{ "type": "Feature", "properties": { "betweenness_centrality": "0.006645569620253164", "source": "8659419713.0", "target": "365332384.0", "ordering_betweenness_centrality": "155", "length": 8990, "length_cumulative": 317499 }, "geometry": { "type": "LineString", "coordinates": [ [ 3203169.0, 5952400.0 ], [ 3203169.0, 5952388.0 ], [ 3203180.0, 5952376.0 ], [ 3203213.0, 5952347.0 ], [ 3203235.0, 5952330.0 ], [ 3203250.0, 5952311.0 ], [ 3203262.0, 5952289.0 ], [ 3203270.0, 5952277.0 ], [ 3203275.0, 5952273.0 ], [ 3203281.0, 5952270.0 ], [ 3203298.0, 5952268.0 ], [ 3203308.0, 5952267.0 ], [ 3203315.0, 5952264.0 ], [ 3203319.0, 5952254.0 ], [ 3203322.0, 5952226.0 ], [ 3203332.0, 5952191.0 ], [ 3203341.0, 5952151.0 ], [ 3203349.0, 5952108.0 ], [ 3203353.0, 5952073.0 ], [ 3203361.0, 5952062.0 ], [ 3203373.0, 5952051.0 ], [ 3203376.0, 5952040.0 ], [ 3203391.0, 5951959.0 ], [ 3203399.0, 5951913.0 ], [ 3203411.0, 5951840.0 ], [ 3203423.0, 5951775.0 ], [ 3203434.0, 5951721.0 ], [ 3203444.0, 5951674.0 ], [ 3203454.0, 5951645.0 ], [ 3203467.0, 5951603.0 ], [ 3203483.0, 5951562.0 ], [ 3203502.0, 5951519.0 ], [ 3203520.0, 5951485.0 ], [ 3203548.0, 5951434.0 ], [ 3203555.0, 5951424.0 ], [ 3203580.0, 5951385.0 ], [ 3203623.0, 5951330.0 ], [ 3203657.0, 5951291.0 ], [ 3203676.0, 5951270.0 ], [ 3203711.0, 5951236.0 ], [ 3203752.0, 5951202.0 ], [ 3203793.0, 5951169.0 ], [ 3203853.0, 5951124.0 ], [ 3203903.0, 5951087.0 ], [ 3203979.0, 5951031.0 ], [ 3204011.0, 5951008.0 ], [ 3204030.0, 5950996.0 ], [ 3204075.0, 5950976.0 ], [ 3204112.0, 5950960.0 ], [ 3204163.0, 5950941.0 ], [ 3204203.0, 5950929.0 ], [ 3204244.0, 5950920.0 ], [ 3204247.0, 5950934.0 ], [ 3204247.0, 5950942.0 ], [ 3204249.0, 5950953.0 ], [ 3204254.0, 5950963.0 ], [ 3204262.0, 5950977.0 ], [ 3204273.0, 5950988.0 ], [ 3204282.0, 5950981.0 ], [ 3204301.0, 5950971.0 ], [ 3204320.0, 5950963.0 ], [ 3204341.0, 5950958.0 ], [ 3204380.0, 5950950.0 ], [ 3204643.0, 5950924.0 ], [ 3204920.0, 5950897.0 ], [ 3204943.0, 5950994.0 ], [ 3204953.0, 5951052.0 ], [ 3204979.0, 5951052.0 ], [ 3205045.0, 5951039.0 ], [ 3205051.0, 5951040.0 ], [ 3205056.0, 5951045.0 ], [ 3205058.0, 5951052.0 ], [ 3205093.0, 5951140.0 ], [ 3205099.0, 5951144.0 ], [ 3205105.0, 5951147.0 ], [ 3205109.0, 5951153.0 ], [ 3205114.0, 5951164.0 ], [ 3205119.0, 5951173.0 ], [ 3205129.0, 5951181.0 ], [ 3205140.0, 5951191.0 ], [ 3205153.0, 5951208.0 ], [ 3205172.0, 5951262.0 ], [ 3205176.0, 5951285.0 ], [ 3205190.0, 5951321.0 ], [ 3205185.0, 5951333.0 ], [ 3205192.0, 5951335.0 ], [ 3205212.0, 5951356.0 ], [ 3205229.0, 5951370.0 ], [ 3205243.0, 5951374.0 ], [ 3205257.0, 5951374.0 ], [ 3205278.0, 5951373.0 ], [ 3205372.0, 5951355.0 ], [ 3205390.0, 5951353.0 ], [ 3205407.0, 5951355.0 ], [ 3205432.0, 5951361.0 ], [ 3205466.0, 5951367.0 ], [ 3205489.0, 5951370.0 ], [ 3205506.0, 5951374.0 ], [ 3205526.0, 5951395.0 ], [ 3205543.0, 5951436.0 ], [ 3205651.0, 5951402.0 ], [ 3205660.0, 5951399.0 ], [ 3205746.0, 5951372.0 ], [ 3205930.0, 5951315.0 ], [ 3206028.0, 5951284.0 ], [ 3206088.0, 5951263.0 ], [ 3206152.0, 5951244.0 ], [ 3206287.0, 5951201.0 ], [ 3206465.0, 5951145.0 ], [ 3206499.0, 5951135.0 ], [ 3206513.0, 5951131.0 ], [ 3206587.0, 5951107.0 ], [ 3206595.0, 5951105.0 ], [ 3206838.0, 5951028.0 ], [ 3206978.0, 5950984.0 ], [ 3207010.0, 5950975.0 ], [ 3207069.0, 5950957.0 ], [ 3207080.0, 5950954.0 ], [ 3207191.0, 5950919.0 ], [ 3207205.0, 5950915.0 ], [ 3207267.0, 5950895.0 ], [ 3207361.0, 5950865.0 ], [ 3207438.0, 5950841.0 ], [ 3207451.0, 5950836.0 ], [ 3207605.0, 5950787.0 ], [ 3207671.0, 5950765.0 ], [ 3207716.0, 5950745.0 ], [ 3207775.0, 5950707.0 ], [ 3207800.0, 5950691.0 ], [ 3207872.0, 5950641.0 ], [ 3207923.0, 5950609.0 ], [ 3208041.0, 5950525.0 ], [ 3208050.0, 5950519.0 ], [ 3208086.0, 5950493.0 ], [ 3208182.0, 5950427.0 ], [ 3208326.0, 5950330.0 ], [ 3208356.0, 5950309.0 ], [ 3208373.0, 5950299.0 ], [ 3208403.0, 5950285.0 ], [ 3208448.0, 5950256.0 ], [ 3208462.0, 5950247.0 ], [ 3208490.0, 5950242.0 ], [ 3208505.0, 5950237.0 ], [ 3208523.0, 5950230.0 ], [ 3208540.0, 5950222.0 ], [ 3208552.0, 5950216.0 ], [ 3208584.0, 5950195.0 ], [ 3208600.0, 5950183.0 ], [ 3208615.0, 5950168.0 ], [ 3208642.0, 5950130.0 ], [ 3208661.0, 5950113.0 ], [ 3208680.0, 5950099.0 ], [ 3208828.0, 5949999.0 ], [ 3208854.0, 5949983.0 ], [ 3208884.0, 5949965.0 ], [ 3208903.0, 5949950.0 ], [ 3208924.0, 5949931.0 ], [ 3208936.0, 5949921.0 ], [ 3209093.0, 5950104.0 ], [ 3209121.0, 5950083.0 ], [ 3209131.0, 5950087.0 ], [ 3209153.0, 5950112.0 ], [ 3209156.0, 5950116.0 ], [ 3209181.0, 5950139.0 ], [ 3209206.0, 5950166.0 ], [ 3209228.0, 5950190.0 ], [ 3209246.0, 5950214.0 ], [ 3209250.0, 5950221.0 ], [ 3209256.0, 5950223.0 ], [ 3209260.0, 5950229.0 ], [ 3209262.0, 5950239.0 ], [ 3209264.0, 5950246.0 ], [ 3209267.0, 5950249.0 ], [ 3209268.0, 5950255.0 ], [ 3209272.0, 5950251.0 ], [ 3209406.0, 5950134.0 ], [ 3209417.0, 5950140.0 ], [ 3209431.0, 5950143.0 ], [ 3209449.0, 5950184.0 ], [ 3209455.0, 5950205.0 ], [ 3209464.0, 5950237.0 ], [ 3209464.0, 5950255.0 ], [ 3209468.0, 5950262.0 ], [ 3209482.0, 5950265.0 ], [ 3209491.0, 5950269.0 ], [ 3209482.0, 5950307.0 ], [ 3209482.0, 5950383.0 ], [ 3209486.0, 5950414.0 ], [ 3209483.0, 5950446.0 ], [ 3209475.0, 5950474.0 ], [ 3209462.0, 5950522.0 ], [ 3209450.0, 5950580.0 ], [ 3209448.0, 5950605.0 ], [ 3209469.0, 5950624.0 ], [ 3209494.0, 5950595.0 ], [ 3209570.0, 5950511.0 ], [ 3209651.0, 5950404.0 ] ] } },
{ "type": "Feature", "properties": { "betweenness_centrality": "0.006645569620253164", "source": "286672653.0", "target": "6942393828.0", "ordering_betweenness_centrality": "156", "length": 1325, "length_cumulative": 318825 }, "geometry": { "type": "MultiLineString", "coordinates": [ [ [ 3211890.0, 5937264.0 ], [ 3211900.0, 5937233.0 ], [ 3211918.0, 5937185.0 ], [ 3211922.0, 5937175.0 ], [ 3211932.0, 5937152.0 ], [ 3211938.0, 5937136.0 ], [ 3211952.0, 5937100.0 ], [ 3211963.0, 5937071.0 ], [ 3211986.0, 5937016.0 ], [ 3212002.0, 5936978.0 ], [ 3212018.0, 5936943.0 ], [ 3212024.0, 5936931.0 ], [ 3212033.0, 5936918.0 ], [ 3212046.0, 5936900.0 ], [ 3212062.0, 5936880.0 ], [ 3212086.0, 5936852.0 ], [ 3212090.0, 5936848.0 ], [ 3212118.0, 5936817.0 ], [ 3212128.0, 5936808.0 ], [ 3212131.0, 5936805.0 ], [ 3212166.0, 5936768.0 ], [ 3212192.0, 5936737.0 ], [ 3212199.0, 5936730.0 ], [ 3212219.0, 5936709.0 ], [ 3212229.0, 5936698.0 ], [ 3212234.0, 5936693.0 ], [ 3212244.0, 5936682.0 ], [ 3212269.0, 5936656.0 ], [ 3212277.0, 5936648.0 ], [ 3212303.0, 5936619.0 ], [ 3212312.0, 5936608.0 ], [ 3212321.0, 5936598.0 ], [ 3212323.0, 5936596.0 ], [ 3212376.0, 5936538.0 ], [ 3212431.0, 5936479.0 ], [ 3212441.0, 5936469.0 ], [ 3212471.0, 5936437.0 ], [ 3212479.0, 5936427.0 ], [ 3212507.0, 5936446.0 ], [ 3212574.0, 5936486.0 ] ], [ [ 3212574.0, 5936486.0 ], [ 3212600.0, 5936502.0 ], [ 3212613.0, 5936517.0 ], [ 3212623.0, 5936542.0 ], [ 3212624.0, 5936558.0 ], [ 3212623.0, 5936574.0 ], [ 3212619.0, 5936604.0 ], [ 3212614.0, 5936639.0 ] ] ] } },
{ "type": "Feature", "properties": { "betweenness_centrality": "0.006566455696202532", "source": "639867914.0", "target": "676296043.0", "ordering_betweenness_centrality": "157", "length": 291, "length_cumulative": 319117 }, "geometry": { "type": "LineString", "coordinates": [ [ 3212785.0, 5949067.0 ], [ 3212808.0, 5949146.0 ], [ 3212789.0, 5949152.0 ], [ 3212804.0, 5949205.0 ], [ 3212816.0, 5949241.0 ], [ 3212812.0, 5949254.0 ], [ 3212807.0, 5949264.0 ], [ 3212803.0, 5949271.0 ], [ 3212799.0, 5949277.0 ], [ 3212792.0, 5949282.0 ], [ 3212785.0, 5949286.0 ], [ 3212774.0, 5949289.0 ], [ 3212762.0, 5949292.0 ], [ 3212747.0, 5949293.0 ] ] } },
{ "type": "Feature", "properties": { "betweenness_centrality": "0.006329113924050633", "source": "1010621493.0", "target": "13532712273.0", "ordering_betweenness_centrality": "158", "length": 513, "length_cumulative": 319630 }, "geometry": { "type": "LineString", "coordinates": [ [ 3217355.0, 5950339.0 ], [ 3217318.0, 5950366.0 ], [ 3217239.0, 5950425.0 ], [ 3217202.0, 5950453.0 ], [ 3217165.0, 5950481.0 ], [ 3217140.0, 5950504.0 ], [ 3217127.0, 5950515.0 ], [ 3217109.0, 5950518.0 ], [ 3217095.0, 5950520.0 ], [ 3217081.0, 5950520.0 ], [ 3217059.0, 5950517.0 ], [ 3217041.0, 5950512.0 ], [ 3217028.0, 5950503.0 ], [ 3217011.0, 5950480.0 ], [ 3216999.0, 5950464.0 ], [ 3216989.0, 5950462.0 ], [ 3216970.0, 5950464.0 ], [ 3216927.0, 5950470.0 ] ] } },
{ "type": "Feature", "properties": { "betweenness_centrality": "0.006012658227848101", "source": "7289796227.0", "target": "570761460.0", "ordering_betweenness_centrality": "159", "length": 1948, "length_cumulative": 321578 }, "geometry": { "type": "LineString", "coordinates": [ [ 3213427.0, 5936644.0 ], [ 3213466.0, 5936662.0 ], [ 3213576.0, 5936779.0 ], [ 3213618.0, 5936823.0 ], [ 3213658.0, 5936868.0 ], [ 3213662.0, 5936872.0 ], [ 3213699.0, 5936908.0 ], [ 3213707.0, 5936912.0 ], [ 3213711.0, 5936920.0 ], [ 3213729.0, 5936935.0 ], [ 3213765.0, 5936961.0 ], [ 3213788.0, 5936973.0 ], [ 3213791.0, 5936982.0 ], [ 3213794.0, 5937002.0 ], [ 3213793.0, 5937014.0 ], [ 3213790.0, 5937035.0 ], [ 3213795.0, 5937059.0 ], [ 3213795.0, 5937071.0 ], [ 3213791.0, 5937087.0 ], [ 3213786.0, 5937095.0 ], [ 3213779.0, 5937102.0 ], [ 3213774.0, 5937116.0 ], [ 3213774.0, 5937147.0 ], [ 3213770.0, 5937176.0 ], [ 3213766.0, 5937195.0 ], [ 3213767.0, 5937215.0 ], [ 3213771.0, 5937220.0 ], [ 3213775.0, 5937227.0 ], [ 3213784.0, 5937234.0 ], [ 3213795.0, 5937247.0 ], [ 3213807.0, 5937258.0 ], [ 3213834.0, 5937280.0 ], [ 3213856.0, 5937295.0 ], [ 3213884.0, 5937311.0 ], [ 3213948.0, 5937346.0 ], [ 3213969.0, 5937384.0 ], [ 3213965.0, 5937402.0 ], [ 3213962.0, 5937416.0 ], [ 3213964.0, 5937425.0 ], [ 3213963.0, 5937445.0 ], [ 3213963.0, 5937474.0 ], [ 3213968.0, 5937486.0 ], [ 3213974.0, 5937491.0 ], [ 3213992.0, 5937506.0 ], [ 3214005.0, 5937522.0 ], [ 3214011.0, 5937536.0 ], [ 3214031.0, 5937572.0 ], [ 3214044.0, 5937599.0 ], [ 3214058.0, 5937598.0 ], [ 3214069.0, 5937596.0 ], [ 3214088.0, 5937592.0 ], [ 3214098.0, 5937590.0 ], [ 3214121.0, 5937594.0 ], [ 3214140.0, 5937596.0 ], [ 3214150.0, 5937600.0 ], [ 3214168.0, 5937616.0 ], [ 3214189.0, 5937637.0 ], [ 3214195.0, 5937644.0 ], [ 3214209.0, 5937652.0 ], [ 3214216.0, 5937668.0 ], [ 3214221.0, 5937678.0 ], [ 3214228.0, 5937694.0 ], [ 3214233.0, 5937707.0 ], [ 3214239.0, 5937714.0 ], [ 3214246.0, 5937717.0 ], [ 3214263.0, 5937718.0 ], [ 3214277.0, 5937719.0 ], [ 3214294.0, 5937722.0 ], [ 3214313.0, 5937732.0 ], [ 3214315.0, 5937733.0 ], [ 3214314.0, 5937784.0 ], [ 3214312.0, 5937796.0 ], [ 3214310.0, 5937804.0 ], [ 3214309.0, 5937807.0 ], [ 3214304.0, 5937815.0 ], [ 3214298.0, 5937827.0 ], [ 3214294.0, 5937838.0 ], [ 3214293.0, 5937849.0 ], [ 3214294.0, 5937860.0 ], [ 3214295.0, 5937864.0 ], [ 3214297.0, 5937871.0 ], [ 3214307.0, 5937890.0 ], [ 3214292.0, 5937903.0 ], [ 3214264.0, 5937928.0 ], [ 3214162.0, 5938019.0 ] ] } },
{ "type": "Feature", "properties": { "betweenness_centrality": "0.006012658227848101", "source": "6835886656.0", "target": "365332407.0", "ordering_betweenness_centrality": "160", "length": 1311, "length_cumulative": 322890 }, "geometry": { "type": "LineString", "coordinates": [ [ 3210023.0, 5949483.0 ], [ 3210027.0, 5949478.0 ], [ 3210055.0, 5949438.0 ], [ 3210080.0, 5949415.0 ], [ 3210103.0, 5949384.0 ], [ 3210110.0, 5949376.0 ], [ 3210120.0, 5949368.0 ], [ 3210241.0, 5949264.0 ], [ 3210239.0, 5949241.0 ], [ 3210245.0, 5949222.0 ], [ 3210255.0, 5949181.0 ], [ 3210268.0, 5949160.0 ], [ 3210279.0, 5949150.0 ], [ 3210279.0, 5949113.0 ], [ 3210290.0, 5949086.0 ], [ 3210330.0, 5949040.0 ], [ 3210308.0, 5948980.0 ], [ 3210357.0, 5948964.0 ], [ 3210408.0, 5948948.0 ], [ 3210411.0, 5948926.0 ], [ 3210425.0, 5948921.0 ], [ 3210446.0, 5948914.0 ], [ 3210470.0, 5948904.0 ], [ 3210494.0, 5948895.0 ], [ 3210518.0, 5948885.0 ], [ 3210546.0, 5948874.0 ], [ 3210600.0, 5948850.0 ], [ 3210605.0, 5948848.0 ], [ 3210618.0, 5948827.0 ], [ 3210649.0, 5948777.0 ], [ 3210678.0, 5948761.0 ], [ 3210735.0, 5948747.0 ], [ 3210750.0, 5948748.0 ], [ 3210730.0, 5948709.0 ], [ 3210728.0, 5948706.0 ], [ 3210730.0, 5948699.0 ], [ 3210733.0, 5948693.0 ], [ 3210738.0, 5948689.0 ], [ 3210806.0, 5948630.0 ] ] } },
{ "type": "Feature", "properties": { "betweenness_centrality": "0.005063291139240506", "source": "365332407.0", "target": "365332384.0", "ordering_betweenness_centrality": "163", "length": 535, "length_cumulative": 323426 }, "geometry": { "type": "MultiLineString", "coordinates": [ [ [ 3209940.0, 5950040.0 ], [ 3209967.0, 5950008.0 ], [ 3209969.0, 5949990.0 ], [ 3209970.0, 5949981.0 ], [ 3209970.0, 5949952.0 ], [ 3209972.0, 5949940.0 ], [ 3209978.0, 5949919.0 ], [ 3209984.0, 5949902.0 ], [ 3209987.0, 5949889.0 ], [ 3209989.0, 5949872.0 ], [ 3209992.0, 5949853.0 ], [ 3209994.0, 5949834.0 ], [ 3209998.0, 5949820.0 ], [ 3210003.0, 5949812.0 ] ], [ [ 3210003.0, 5949812.0 ], [ 3210012.0, 5949802.0 ], [ 3210018.0, 5949790.0 ], [ 3210024.0, 5949771.0 ], [ 3210028.0, 5949752.0 ], [ 3210037.0, 5949741.0 ], [ 3210047.0, 5949732.0 ], [ 3210057.0, 5949726.0 ], [ 3210072.0, 5949718.0 ], [ 3210082.0, 5949712.0 ], [ 3210095.0, 5949699.0 ], [ 3210126.0, 5949665.0 ], [ 3210145.0, 5949645.0 ], [ 3210166.0, 5949626.0 ], [ 3210190.0, 5949594.0 ] ] ] } },
{ "type": "Feature", "properties": { "betweenness_centrality": "0.005063291139240506", "source": "7524602165.0", "target": "12825548921.0", "ordering_betweenness_centrality": "164", "length": 625, "length_cumulative": 324051 }, "geometry": { "type": "LineString", "coordinates": [ [ 3207543.0, 5945553.0 ], [ 3207617.0, 5945594.0 ], [ 3207632.0, 5945601.0 ], [ 3207657.0, 5945614.0 ], [ 3207662.0, 5945620.0 ], [ 3207666.0, 5945626.0 ], [ 3207672.0, 5945645.0 ], [ 3207710.0, 5945750.0 ], [ 3207716.0, 5945766.0 ], [ 3207719.0, 5945777.0 ], [ 3207721.0, 5945791.0 ], [ 3207724.0, 5945815.0 ], [ 3207724.0, 5945853.0 ], [ 3207723.0, 5945942.0 ], [ 3207724.0, 5945953.0 ], [ 3207728.0, 5945964.0 ], [ 3207734.0, 5945971.0 ], [ 3207828.0, 5946053.0 ] ] } },
{ "type": "Feature", "properties": { "betweenness_centrality": "0.004430379746835443", "source": "11845045827.0", "target": "286571045.0", "ordering_betweenness_centrality": "166", "length": 3536, "length_cumulative": 327588 }, "geometry": { "type": "LineString", "coordinates": [ [ 3209305.0, 5940075.0 ], [ 3209312.0, 5940081.0 ], [ 3209322.0, 5940070.0 ], [ 3209337.0, 5940054.0 ], [ 3209410.0, 5939973.0 ], [ 3209470.0, 5939910.0 ], [ 3209477.0, 5939915.0 ], [ 3209490.0, 5939926.0 ], [ 3209519.0, 5939949.0 ], [ 3209615.0, 5940026.0 ], [ 3209689.0, 5939932.0 ], [ 3209694.0, 5939927.0 ], [ 3209751.0, 5940017.0 ], [ 3209766.0, 5940041.0 ], [ 3209831.0, 5940143.0 ], [ 3209847.0, 5940168.0 ], [ 3209879.0, 5940217.0 ], [ 3209886.0, 5940227.0 ], [ 3209897.0, 5940245.0 ], [ 3209920.0, 5940224.0 ], [ 3209974.0, 5940163.0 ], [ 3210005.0, 5940132.0 ], [ 3210038.0, 5940104.0 ], [ 3210070.0, 5940083.0 ], [ 3210207.0, 5939999.0 ], [ 3210227.0, 5939988.0 ], [ 3210253.0, 5939978.0 ], [ 3210266.0, 5939974.0 ], [ 3210332.0, 5939956.0 ], [ 3210355.0, 5939950.0 ], [ 3210362.0, 5939949.0 ], [ 3210369.0, 5939950.0 ], [ 3210381.0, 5939953.0 ], [ 3210389.0, 5939956.0 ], [ 3210394.0, 5939957.0 ], [ 3210403.0, 5939954.0 ], [ 3210415.0, 5939951.0 ], [ 3210543.0, 5939905.0 ], [ 3210563.0, 5939898.0 ], [ 3210571.0, 5939895.0 ], [ 3210573.0, 5939900.0 ], [ 3210606.0, 5939992.0 ], [ 3210610.0, 5940002.0 ], [ 3210617.0, 5940006.0 ], [ 3210624.0, 5940009.0 ], [ 3210630.0, 5940011.0 ], [ 3210637.0, 5940013.0 ], [ 3210643.0, 5940014.0 ], [ 3210752.0, 5940004.0 ], [ 3210759.0, 5940010.0 ], [ 3210766.0, 5940015.0 ], [ 3210783.0, 5940027.0 ], [ 3210798.0, 5940040.0 ], [ 3210816.0, 5940049.0 ], [ 3210835.0, 5940052.0 ], [ 3210840.0, 5940038.0 ], [ 3210845.0, 5940028.0 ], [ 3210873.0, 5940000.0 ], [ 3210876.0, 5939994.0 ], [ 3210887.0, 5939971.0 ], [ 3210891.0, 5939966.0 ], [ 3210896.0, 5939962.0 ], [ 3210903.0, 5939958.0 ], [ 3210915.0, 5939953.0 ], [ 3210936.0, 5939945.0 ], [ 3210950.0, 5939942.0 ], [ 3210954.0, 5939968.0 ], [ 3210994.0, 5939992.0 ], [ 3210995.0, 5940000.0 ], [ 3211006.0, 5940070.0 ], [ 3211007.0, 5940082.0 ], [ 3211020.0, 5940081.0 ], [ 3211035.0, 5940079.0 ], [ 3211042.0, 5940078.0 ], [ 3211047.0, 5940076.0 ], [ 3211052.0, 5940073.0 ], [ 3211059.0, 5940074.0 ], [ 3211065.0, 5940076.0 ], [ 3211069.0, 5940079.0 ], [ 3211071.0, 5940091.0 ], [ 3211073.0, 5940101.0 ], [ 3211084.0, 5940190.0 ], [ 3211094.0, 5940255.0 ], [ 3211109.0, 5940365.0 ], [ 3211113.0, 5940392.0 ], [ 3211151.0, 5940385.0 ], [ 3211161.0, 5940381.0 ], [ 3211189.0, 5940380.0 ], [ 3211208.0, 5940380.0 ], [ 3211251.0, 5940390.0 ], [ 3211255.0, 5940398.0 ], [ 3211262.0, 5940407.0 ], [ 3211316.0, 5940462.0 ], [ 3211339.0, 5940503.0 ], [ 3211308.0, 5940536.0 ], [ 3211356.0, 5940582.0 ], [ 3211410.0, 5940636.0 ], [ 3211364.0, 5940683.0 ], [ 3211358.0, 5940690.0 ], [ 3211357.0, 5940694.0 ], [ 3211358.0, 5940697.0 ], [ 3211361.0, 5940701.0 ], [ 3211369.0, 5940710.0 ], [ 3211372.0, 5940715.0 ], [ 3211383.0, 5940725.0 ], [ 3211417.0, 5940756.0 ], [ 3211407.0, 5940767.0 ], [ 3211424.0, 5940783.0 ], [ 3211428.0, 5940786.0 ], [ 3211433.0, 5940791.0 ], [ 3211438.0, 5940795.0 ], [ 3211445.0, 5940802.0 ], [ 3211448.0, 5940805.0 ], [ 3211453.0, 5940811.0 ], [ 3211459.0, 5940816.0 ], [ 3211465.0, 5940821.0 ], [ 3211469.0, 5940825.0 ], [ 3211479.0, 5940834.0 ] ] } },
{ "type": "Feature", "properties": { "betweenness_centrality": "0.004113924050632912", "source": "8467972168.0", "target": "7524602165.0", "ordering_betweenness_centrality": "167", "length": 1876, "length_cumulative": 329464 }, "geometry": { "type": "MultiLineString", "coordinates": [ [ [ 3207081.0, 5943545.0 ], [ 3207065.0, 5943552.0 ], [ 3207062.0, 5943563.0 ], [ 3207058.0, 5943570.0 ], [ 3207038.0, 5943583.0 ], [ 3206999.0, 5943603.0 ], [ 3206934.0, 5943626.0 ], [ 3206908.0, 5943631.0 ], [ 3206883.0, 5943635.0 ], [ 3206875.0, 5943708.0 ], [ 3206867.0, 5943786.0 ], [ 3206868.0, 5943799.0 ], [ 3206872.0, 5943842.0 ], [ 3206875.0, 5943876.0 ], [ 3206877.0, 5943886.0 ], [ 3206875.0, 5943899.0 ], [ 3206872.0, 5943973.0 ], [ 3206855.0, 5943999.0 ], [ 3206851.0, 5944031.0 ], [ 3206844.0, 5944046.0 ], [ 3206830.0, 5944063.0 ], [ 3206813.0, 5944108.0 ], [ 3206776.0, 5944150.0 ], [ 3206767.0, 5944163.0 ], [ 3206767.0, 5944201.0 ], [ 3206771.0, 5944226.0 ], [ 3206790.0, 5944272.0 ], [ 3206802.0, 5944300.0 ], [ 3206805.0, 5944306.0 ], [ 3206823.0, 5944343.0 ], [ 3206822.0, 5944355.0 ], [ 3206822.0, 5944361.0 ], [ 3206825.0, 5944409.0 ], [ 3206836.0, 5944457.0 ], [ 3206825.0, 5944532.0 ], [ 3206804.0, 5944582.0 ], [ 3206778.0, 5944597.0 ], [ 3206775.0, 5944615.0 ] ], [ [ 3206767.0, 5944752.0 ], [ 3206776.0, 5944753.0 ], [ 3206782.0, 5944755.0 ], [ 3206789.0, 5944768.0 ], [ 3206794.0, 5944779.0 ], [ 3206800.0, 5944788.0 ], [ 3206801.0, 5944791.0 ], [ 3206804.0, 5944792.0 ], [ 3206807.0, 5944794.0 ], [ 3206806.0, 5944801.0 ], [ 3206804.0, 5944850.0 ], [ 3206805.0, 5944866.0 ], [ 3206808.0, 5944879.0 ], [ 3206813.0, 5944892.0 ], [ 3206818.0, 5944904.0 ], [ 3206821.0, 5944908.0 ], [ 3206825.0, 5944915.0 ], [ 3206846.0, 5944943.0 ], [ 3206856.0, 5944975.0 ], [ 3206862.0, 5944991.0 ], [ 3206871.0, 5945002.0 ], [ 3206881.0, 5945014.0 ], [ 3206900.0, 5945034.0 ], [ 3206919.0, 5945054.0 ], [ 3206946.0, 5945082.0 ], [ 3206961.0, 5945099.0 ], [ 3206975.0, 5945118.0 ], [ 3206980.0, 5945126.0 ], [ 3206997.0, 5945151.0 ], [ 3206998.0, 5945154.0 ], [ 3207011.0, 5945180.0 ], [ 3207026.0, 5945212.0 ], [ 3207039.0, 5945249.0 ], [ 3207045.0, 5945261.0 ] ] ] } },
{ "type": "Feature", "properties": { "betweenness_centrality": "0.00379746835443038", "source": "639867754.0", "target": "13695008271.0", "ordering_betweenness_centrality": "169", "length": 427, "length_cumulative": 329891 }, "geometry": { "type": "LineString", "coordinates": [ [ 3213157.0, 5948958.0 ], [ 3213164.0, 5948956.0 ], [ 3213227.0, 5949176.0 ], [ 3213229.0, 5949197.0 ], [ 3213235.0, 5949219.0 ], [ 3213241.0, 5949241.0 ], [ 3213275.0, 5949361.0 ] ] } },
{ "type": "Feature", "properties": { "betweenness_centrality": "0.00379746835443038", "source": "979846055.0", "target": "365369214.0", "ordering_betweenness_centrality": "170", "length": 1703, "length_cumulative": 331595 }, "geometry": { "type": "LineString", "coordinates": [ [ 3204660.0, 5941770.0 ], [ 3204655.0, 5941767.0 ], [ 3204652.0, 5941762.0 ], [ 3204625.0, 5941767.0 ], [ 3204611.0, 5941770.0 ], [ 3204606.0, 5941771.0 ], [ 3204604.0, 5941775.0 ], [ 3204603.0, 5941784.0 ], [ 3204598.0, 5941798.0 ], [ 3204598.0, 5941812.0 ], [ 3204610.0, 5941881.0 ], [ 3204616.0, 5941901.0 ], [ 3204612.0, 5941926.0 ], [ 3204606.0, 5941933.0 ], [ 3204600.0, 5941940.0 ], [ 3204601.0, 5941956.0 ], [ 3204579.0, 5942027.0 ], [ 3204580.0, 5942082.0 ], [ 3204573.0, 5942093.0 ], [ 3204558.0, 5942097.0 ], [ 3204535.0, 5942087.0 ], [ 3204509.0, 5942076.0 ], [ 3204499.0, 5942085.0 ], [ 3204498.0, 5942092.0 ], [ 3204500.0, 5942104.0 ], [ 3204513.0, 5942120.0 ], [ 3204528.0, 5942133.0 ], [ 3204581.0, 5942169.0 ], [ 3204700.0, 5942241.0 ], [ 3204766.0, 5942269.0 ], [ 3204788.0, 5942279.0 ], [ 3204801.0, 5942307.0 ], [ 3204815.0, 5942383.0 ], [ 3204825.0, 5942417.0 ], [ 3204855.0, 5942466.0 ], [ 3204870.0, 5942540.0 ], [ 3204875.0, 5942545.0 ], [ 3204881.0, 5942547.0 ], [ 3204888.0, 5942546.0 ], [ 3204979.0, 5942453.0 ], [ 3205003.0, 5942440.0 ], [ 3205018.0, 5942437.0 ], [ 3205028.0, 5942442.0 ], [ 3205038.0, 5942455.0 ], [ 3205060.0, 5942474.0 ], [ 3205082.0, 5942487.0 ], [ 3205091.0, 5942493.0 ], [ 3205100.0, 5942501.0 ], [ 3205131.0, 5942518.0 ], [ 3205150.0, 5942533.0 ], [ 3205165.0, 5942538.0 ], [ 3205177.0, 5942534.0 ], [ 3205194.0, 5942519.0 ], [ 3205210.0, 5942501.0 ], [ 3205218.0, 5942499.0 ], [ 3205223.0, 5942504.0 ], [ 3205223.0, 5942513.0 ], [ 3205218.0, 5942527.0 ], [ 3205217.0, 5942533.0 ], [ 3205237.0, 5942569.0 ], [ 3205243.0, 5942588.0 ], [ 3205242.0, 5942605.0 ], [ 3205238.0, 5942614.0 ], [ 3205243.0, 5942616.0 ], [ 3205252.0, 5942625.0 ], [ 3205262.0, 5942631.0 ] ] } },
{ "type": "Feature", "properties": { "betweenness_centrality": "0.003481012658227848", "source": "392001912.0", "target": "6475014530.0", "ordering_betweenness_centrality": "171", "length": 2143, "length_cumulative": 333738 }, "geometry": { "type": "LineString", "coordinates": [ [ 3212019.0, 5940282.0 ], [ 3212008.0, 5940276.0 ], [ 3211996.0, 5940288.0 ], [ 3211990.0, 5940295.0 ], [ 3211930.0, 5940238.0 ], [ 3211943.0, 5940224.0 ], [ 3211955.0, 5940211.0 ], [ 3211961.0, 5940204.0 ], [ 3211958.0, 5940201.0 ], [ 3211952.0, 5940195.0 ], [ 3211937.0, 5940211.0 ], [ 3211881.0, 5940157.0 ], [ 3211812.0, 5940091.0 ], [ 3211772.0, 5940054.0 ], [ 3211632.0, 5939918.0 ], [ 3211455.0, 5939747.0 ], [ 3211313.0, 5939610.0 ], [ 3211308.0, 5939605.0 ], [ 3211278.0, 5939577.0 ], [ 3211248.0, 5939548.0 ], [ 3211229.0, 5939530.0 ], [ 3211225.0, 5939527.0 ], [ 3211217.0, 5939535.0 ], [ 3211211.0, 5939541.0 ], [ 3211204.0, 5939534.0 ], [ 3211167.0, 5939572.0 ], [ 3211157.0, 5939563.0 ], [ 3211107.0, 5939518.0 ], [ 3211097.0, 5939508.0 ], [ 3211027.0, 5939441.0 ], [ 3211022.0, 5939435.0 ], [ 3211019.0, 5939429.0 ], [ 3211017.0, 5939423.0 ], [ 3211017.0, 5939416.0 ], [ 3211020.0, 5939409.0 ], [ 3211034.0, 5939389.0 ], [ 3210975.0, 5939328.0 ], [ 3210965.0, 5939318.0 ], [ 3210958.0, 5939313.0 ], [ 3210946.0, 5939305.0 ], [ 3210933.0, 5939305.0 ], [ 3210924.0, 5939308.0 ], [ 3210854.0, 5939359.0 ], [ 3210802.0, 5939292.0 ], [ 3210796.0, 5939283.0 ], [ 3210745.0, 5939214.0 ], [ 3210733.0, 5939198.0 ], [ 3210666.0, 5939112.0 ], [ 3210658.0, 5939103.0 ], [ 3210619.0, 5939051.0 ] ] } },
{ "type": "Feature", "properties": { "betweenness_centrality": "0.003481012658227848", "source": "8659419713.0", "target": "365980330.0", "ordering_betweenness_centrality": "172", "length": 4523, "length_cumulative": 338261 }, "geometry": { "type": "LineString", "coordinates": [ [ 3203303.0, 5951671.0 ], [ 3203302.0, 5951662.0 ], [ 3203302.0, 5951642.0 ], [ 3203302.0, 5951610.0 ], [ 3203303.0, 5951589.0 ], [ 3203300.0, 5951560.0 ], [ 3203288.0, 5951500.0 ], [ 3203284.0, 5951491.0 ], [ 3203280.0, 5951476.0 ], [ 3203258.0, 5951379.0 ], [ 3203253.0, 5951338.0 ], [ 3203252.0, 5951330.0 ], [ 3203243.0, 5951272.0 ], [ 3203240.0, 5951246.0 ], [ 3203237.0, 5951205.0 ], [ 3203254.0, 5951202.0 ], [ 3203259.0, 5951200.0 ], [ 3203264.0, 5951199.0 ], [ 3203278.0, 5951195.0 ], [ 3203283.0, 5951183.0 ], [ 3203288.0, 5951171.0 ], [ 3203291.0, 5951159.0 ], [ 3203295.0, 5951150.0 ], [ 3203306.0, 5951140.0 ], [ 3203330.0, 5951126.0 ], [ 3203342.0, 5951113.0 ], [ 3203375.0, 5951071.0 ], [ 3203385.0, 5951056.0 ], [ 3203389.0, 5951030.0 ], [ 3203402.0, 5951026.0 ], [ 3203405.0, 5951025.0 ], [ 3203437.0, 5951014.0 ], [ 3203453.0, 5951008.0 ], [ 3203459.0, 5951006.0 ], [ 3203470.0, 5951003.0 ], [ 3203490.0, 5950996.0 ], [ 3203552.0, 5950976.0 ], [ 3203557.0, 5950974.0 ], [ 3203554.0, 5950966.0 ], [ 3203552.0, 5950958.0 ], [ 3203554.0, 5950939.0 ], [ 3203551.0, 5950918.0 ], [ 3203551.0, 5950915.0 ], [ 3203551.0, 5950904.0 ], [ 3203561.0, 5950878.0 ], [ 3203563.0, 5950871.0 ], [ 3203535.0, 5950849.0 ], [ 3203529.0, 5950846.0 ], [ 3203533.0, 5950842.0 ], [ 3203541.0, 5950833.0 ], [ 3203552.0, 5950826.0 ], [ 3203551.0, 5950824.0 ], [ 3203531.0, 5950806.0 ], [ 3203502.0, 5950771.0 ], [ 3203485.0, 5950748.0 ], [ 3203471.0, 5950727.0 ], [ 3203460.0, 5950703.0 ], [ 3203449.0, 5950674.0 ], [ 3203438.0, 5950645.0 ], [ 3203433.0, 5950624.0 ], [ 3203431.0, 5950618.0 ], [ 3203404.0, 5950508.0 ], [ 3203403.0, 5950494.0 ], [ 3203399.0, 5950448.0 ], [ 3203399.0, 5950417.0 ], [ 3203402.0, 5950387.0 ], [ 3203406.0, 5950367.0 ], [ 3203423.0, 5950269.0 ], [ 3203440.0, 5950197.0 ], [ 3203451.0, 5950164.0 ], [ 3203455.0, 5950154.0 ], [ 3203460.0, 5950144.0 ], [ 3203464.0, 5950134.0 ], [ 3203467.0, 5950128.0 ], [ 3203473.0, 5950116.0 ], [ 3203483.0, 5950099.0 ], [ 3203497.0, 5950077.0 ], [ 3203514.0, 5950056.0 ], [ 3203536.0, 5950034.0 ], [ 3203555.0, 5950006.0 ], [ 3203574.0, 5949987.0 ], [ 3203615.0, 5949945.0 ], [ 3203609.0, 5949937.0 ], [ 3203605.0, 5949930.0 ], [ 3203604.0, 5949927.0 ], [ 3203602.0, 5949923.0 ], [ 3203601.0, 5949916.0 ], [ 3203601.0, 5949909.0 ], [ 3203604.0, 5949902.0 ], [ 3203608.0, 5949894.0 ], [ 3203611.0, 5949891.0 ], [ 3203615.0, 5949887.0 ], [ 3203623.0, 5949882.0 ], [ 3203615.0, 5949858.0 ], [ 3203612.0, 5949836.0 ], [ 3203606.0, 5949819.0 ], [ 3203598.0, 5949800.0 ], [ 3203590.0, 5949787.0 ], [ 3203573.0, 5949767.0 ], [ 3203564.0, 5949750.0 ], [ 3203563.0, 5949742.0 ], [ 3203556.0, 5949732.0 ], [ 3203542.0, 5949717.0 ], [ 3203528.0, 5949706.0 ], [ 3203519.0, 5949697.0 ], [ 3203487.0, 5949682.0 ], [ 3203485.0, 5949667.0 ], [ 3203480.0, 5949640.0 ], [ 3203471.0, 5949601.0 ], [ 3203468.0, 5949573.0 ], [ 3203471.0, 5949555.0 ], [ 3203479.0, 5949545.0 ], [ 3203504.0, 5949517.0 ], [ 3203528.0, 5949484.0 ], [ 3203530.0, 5949457.0 ], [ 3203542.0, 5949436.0 ], [ 3203556.0, 5949424.0 ], [ 3203570.0, 5949419.0 ], [ 3203582.0, 5949416.0 ], [ 3203639.0, 5949330.0 ], [ 3203667.0, 5949298.0 ], [ 3203674.0, 5949283.0 ], [ 3203675.0, 5949279.0 ], [ 3203676.0, 5949273.0 ], [ 3203671.0, 5949266.0 ], [ 3203664.0, 5949253.0 ], [ 3203658.0, 5949241.0 ], [ 3203641.0, 5949229.0 ], [ 3203626.0, 5949208.0 ], [ 3203612.0, 5949178.0 ], [ 3203592.0, 5949134.0 ], [ 3203579.0, 5949100.0 ], [ 3203521.0, 5948957.0 ], [ 3203452.0, 5948790.0 ], [ 3203427.0, 5948763.0 ], [ 3203415.0, 5948748.0 ], [ 3203412.0, 5948731.0 ], [ 3203400.0, 5948718.0 ], [ 3203399.0, 5948716.0 ], [ 3203398.0, 5948714.0 ], [ 3203392.0, 5948705.0 ], [ 3203390.0, 5948699.0 ], [ 3203389.0, 5948692.0 ], [ 3203388.0, 5948686.0 ], [ 3203375.0, 5948662.0 ], [ 3203368.0, 5948651.0 ], [ 3203375.0, 5948646.0 ], [ 3203395.0, 5948631.0 ], [ 3203432.0, 5948603.0 ], [ 3203443.0, 5948595.0 ], [ 3203461.0, 5948583.0 ], [ 3203454.0, 5948574.0 ], [ 3203438.0, 5948552.0 ], [ 3203421.0, 5948529.0 ], [ 3203496.0, 5948475.0 ], [ 3203604.0, 5948396.0 ], [ 3203615.0, 5948389.0 ], [ 3203651.0, 5948362.0 ], [ 3203668.0, 5948350.0 ], [ 3203641.0, 5948312.0 ], [ 3203517.0, 5948135.0 ], [ 3203533.0, 5948124.0 ], [ 3203573.0, 5948096.0 ], [ 3203564.0, 5948078.0 ], [ 3203575.0, 5948069.0 ], [ 3203562.0, 5948051.0 ], [ 3203548.0, 5948032.0 ], [ 3203536.0, 5948016.0 ], [ 3203522.0, 5947997.0 ] ] } },
{ "type": "Feature", "properties": { "betweenness_centrality": "0.002531645569620253", "source": "13695008271.0", "target": "1010621493.0", "ordering_betweenness_centrality": "175", "length": 923, "length_cumulative": 339185 }, "geometry": { "type": "LineString", "coordinates": [ [ 3213830.0, 5949966.0 ], [ 3213824.0, 5949947.0 ], [ 3213763.0, 5949964.0 ], [ 3213753.0, 5949923.0 ], [ 3213681.0, 5949643.0 ], [ 3213582.0, 5949670.0 ], [ 3213576.0, 5949671.0 ], [ 3213554.0, 5949677.0 ], [ 3213483.0, 5949696.0 ], [ 3213461.0, 5949701.0 ], [ 3213443.0, 5949630.0 ], [ 3213437.0, 5949604.0 ], [ 3213309.0, 5949474.0 ] ] } },
{ "type": "Feature", "properties": { "betweenness_centrality": "0.002531645569620253", "source": "2329454627.0", "target": "11845045827.0", "ordering_betweenness_centrality": "178", "length": 1144, "length_cumulative": 340329 }, "geometry": { "type": "LineString", "coordinates": [ [ 3211702.0, 5940610.0 ], [ 3211745.0, 5940653.0 ], [ 3211790.0, 5940700.0 ], [ 3211797.0, 5940707.0 ], [ 3211850.0, 5940761.0 ], [ 3211871.0, 5940786.0 ], [ 3211882.0, 5940800.0 ], [ 3211893.0, 5940814.0 ], [ 3211913.0, 5940840.0 ], [ 3212003.0, 5940952.0 ], [ 3212013.0, 5940963.0 ], [ 3212115.0, 5940949.0 ], [ 3212191.0, 5940939.0 ], [ 3212251.0, 5940932.0 ], [ 3212329.0, 5940924.0 ], [ 3212376.0, 5940919.0 ], [ 3212377.0, 5940927.0 ], [ 3212472.0, 5940917.0 ], [ 3212548.0, 5940909.0 ], [ 3212559.0, 5940919.0 ], [ 3212570.0, 5941015.0 ], [ 3212587.0, 5941015.0 ] ] } },
{ "type": "Feature", "properties": { "betweenness_centrality": "0.0022151898734177216", "source": "7286208647.0", "target": "6765195286.0", "ordering_betweenness_centrality": "180", "length": 1236, "length_cumulative": 341566 }, "geometry": { "type": "LineString", "coordinates": [ [ 3210631.0, 5946829.0 ], [ 3210604.0, 5946857.0 ], [ 3210572.0, 5946888.0 ], [ 3210566.0, 5946894.0 ], [ 3210520.0, 5946941.0 ], [ 3210519.0, 5946942.0 ], [ 3210517.0, 5946944.0 ], [ 3210512.0, 5946951.0 ], [ 3210506.0, 5946957.0 ], [ 3210500.0, 5946964.0 ], [ 3210500.0, 5946966.0 ], [ 3210490.0, 5946976.0 ], [ 3210481.0, 5946986.0 ], [ 3210480.0, 5946989.0 ], [ 3210475.0, 5946995.0 ], [ 3210470.0, 5946999.0 ], [ 3210465.0, 5947005.0 ], [ 3210447.0, 5946987.0 ], [ 3210389.0, 5947045.0 ], [ 3210386.0, 5947047.0 ], [ 3210357.0, 5947077.0 ], [ 3210325.0, 5947109.0 ], [ 3210335.0, 5947141.0 ], [ 3210321.0, 5947148.0 ], [ 3210311.0, 5947153.0 ], [ 3210321.0, 5947176.0 ], [ 3210338.0, 5947214.0 ], [ 3210377.0, 5947318.0 ], [ 3210359.0, 5947317.0 ], [ 3210200.0, 5947299.0 ], [ 3210194.0, 5947308.0 ], [ 3210149.0, 5947386.0 ], [ 3210084.0, 5947496.0 ], [ 3210085.0, 5947505.0 ], [ 3210095.0, 5947586.0 ], [ 3210100.0, 5947622.0 ], [ 3210099.0, 5947631.0 ], [ 3210097.0, 5947638.0 ], [ 3210093.0, 5947645.0 ] ] } },
{ "type": "Feature", "properties": { "betweenness_centrality": "0.0022151898734177216", "source": "979846055.0", "target": "738745199.0", "ordering_betweenness_centrality": "181", "length": 2465, "length_cumulative": 344032 }, "geometry": { "type": "LineString", "coordinates": [ [ 3203782.0, 5939930.0 ], [ 3203789.0, 5940015.0 ], [ 3203792.0, 5940030.0 ], [ 3203794.0, 5940037.0 ], [ 3203798.0, 5940049.0 ], [ 3203803.0, 5940060.0 ], [ 3203810.0, 5940073.0 ], [ 3203820.0, 5940090.0 ], [ 3203830.0, 5940107.0 ], [ 3203855.0, 5940151.0 ], [ 3203856.0, 5940152.0 ], [ 3203879.0, 5940193.0 ], [ 3203914.0, 5940253.0 ], [ 3203918.0, 5940260.0 ], [ 3203939.0, 5940296.0 ], [ 3203944.0, 5940305.0 ], [ 3203968.0, 5940347.0 ], [ 3203982.0, 5940371.0 ], [ 3204010.0, 5940420.0 ], [ 3204026.0, 5940447.0 ], [ 3204050.0, 5940487.0 ], [ 3204077.0, 5940522.0 ], [ 3204098.0, 5940543.0 ], [ 3204136.0, 5940580.0 ], [ 3204148.0, 5940592.0 ], [ 3204171.0, 5940613.0 ], [ 3204189.0, 5940630.0 ], [ 3204207.0, 5940645.0 ], [ 3204209.0, 5940647.0 ], [ 3204225.0, 5940660.0 ], [ 3204248.0, 5940676.0 ], [ 3204267.0, 5940689.0 ], [ 3204283.0, 5940700.0 ], [ 3204306.0, 5940715.0 ], [ 3204342.0, 5940738.0 ], [ 3204383.0, 5940762.0 ], [ 3204409.0, 5940777.0 ], [ 3204483.0, 5940816.0 ], [ 3204480.0, 5940829.0 ], [ 3204476.0, 5940847.0 ], [ 3204476.0, 5940851.0 ], [ 3204476.0, 5940856.0 ], [ 3204477.0, 5940858.0 ], [ 3204479.0, 5940860.0 ], [ 3204520.0, 5940879.0 ], [ 3204517.0, 5940910.0 ], [ 3204519.0, 5940912.0 ], [ 3204544.0, 5940923.0 ], [ 3204577.0, 5940940.0 ], [ 3204579.0, 5940946.0 ], [ 3204565.0, 5940976.0 ], [ 3204562.0, 5940981.0 ], [ 3204570.0, 5940985.0 ], [ 3204553.0, 5941020.0 ], [ 3204525.0, 5941078.0 ], [ 3204536.0, 5941083.0 ], [ 3204545.0, 5941087.0 ], [ 3204532.0, 5941112.0 ], [ 3204538.0, 5941115.0 ], [ 3204496.0, 5941192.0 ], [ 3204441.0, 5941292.0 ], [ 3204437.0, 5941300.0 ], [ 3204457.0, 5941311.0 ], [ 3204482.0, 5941324.0 ], [ 3204505.0, 5941337.0 ], [ 3204508.0, 5941338.0 ], [ 3204569.0, 5941371.0 ], [ 3204573.0, 5941374.0 ], [ 3204576.0, 5941378.0 ], [ 3204587.0, 5941427.0 ], [ 3204597.0, 5941471.0 ], [ 3204612.0, 5941543.0 ], [ 3204630.0, 5941539.0 ], [ 3204697.0, 5941525.0 ], [ 3204788.0, 5941512.0 ], [ 3204793.0, 5941511.0 ], [ 3204798.0, 5941528.0 ], [ 3204804.0, 5941539.0 ], [ 3204813.0, 5941553.0 ], [ 3204829.0, 5941574.0 ], [ 3204845.0, 5941596.0 ], [ 3204862.0, 5941620.0 ], [ 3204878.0, 5941647.0 ] ] } },
{ "type": "Feature", "properties": { "betweenness_centrality": "0.00189873417721519", "source": "365369214.0", "target": "8756146654.0", "ordering_betweenness_centrality": "182", "length": 1080, "length_cumulative": 345112 }, "geometry": { "type": "LineString", "coordinates": [ [ 3205199.0, 5946308.0 ], [ 3205208.0, 5946312.0 ], [ 3205210.0, 5946327.0 ], [ 3205210.0, 5946333.0 ], [ 3205213.0, 5946338.0 ], [ 3205218.0, 5946350.0 ], [ 3205220.0, 5946357.0 ], [ 3205221.0, 5946361.0 ], [ 3205221.0, 5946365.0 ], [ 3205228.0, 5946412.0 ], [ 3205232.0, 5946445.0 ], [ 3205237.0, 5946463.0 ], [ 3205275.0, 5946515.0 ], [ 3205285.0, 5946520.0 ], [ 3205275.0, 5946537.0 ], [ 3205347.0, 5946576.0 ], [ 3205360.0, 5946583.0 ], [ 3205377.0, 5946593.0 ], [ 3205398.0, 5946604.0 ], [ 3205418.0, 5946615.0 ], [ 3205425.0, 5946619.0 ], [ 3205444.0, 5946629.0 ], [ 3205483.0, 5946651.0 ], [ 3205486.0, 5946655.0 ], [ 3205487.0, 5946658.0 ], [ 3205494.0, 5946662.0 ], [ 3205504.0, 5946667.0 ], [ 3205545.0, 5946688.0 ], [ 3205561.0, 5946707.0 ], [ 3205556.0, 5946712.0 ], [ 3205544.0, 5946732.0 ], [ 3205558.0, 5946740.0 ], [ 3205578.0, 5946751.0 ], [ 3205558.0, 5946782.0 ], [ 3205554.0, 5946780.0 ], [ 3205557.0, 5946786.0 ], [ 3205562.0, 5946796.0 ], [ 3205575.0, 5946820.0 ], [ 3205597.0, 5946871.0 ], [ 3205603.0, 5946875.0 ], [ 3205601.0, 5946900.0 ], [ 3205600.0, 5946930.0 ], [ 3205604.0, 5946933.0 ], [ 3205612.0, 5946937.0 ], [ 3205636.0, 5946950.0 ], [ 3205657.0, 5946961.0 ], [ 3205662.0, 5946964.0 ], [ 3205667.0, 5946968.0 ], [ 3205668.0, 5946970.0 ], [ 3205671.0, 5946976.0 ], [ 3205609.0, 5947084.0 ] ] } },
{ "type": "Feature", "properties": { "betweenness_centrality": "0.00189873417721519", "source": "737307035.0", "target": "737307063.0", "ordering_betweenness_centrality": "183", "length": 206, "length_cumulative": 345319 }, "geometry": { "type": "MultiLineString", "coordinates": [ [ [ 3213204.0, 5937478.0 ], [ 3213193.0, 5937499.0 ], [ 3213169.0, 5937543.0 ] ], [ [ 3213169.0, 5937543.0 ], [ 3213157.0, 5937572.0 ], [ 3213141.0, 5937614.0 ], [ 3213134.0, 5937643.0 ], [ 3213130.0, 5937670.0 ] ] ] } },
{ "type": "Feature", "properties": { "betweenness_centrality": "0.00189873417721519", "source": "13653718233.0", "target": "7578350792.0", "ordering_betweenness_centrality": "184", "length": 790, "length_cumulative": 346109 }, "geometry": { "type": "LineString", "coordinates": [ [ 3209472.0, 5947197.0 ], [ 3209344.0, 5947070.0 ], [ 3209224.0, 5946955.0 ], [ 3209214.0, 5946946.0 ], [ 3209207.0, 5946939.0 ], [ 3209167.0, 5946898.0 ], [ 3209158.0, 5946890.0 ], [ 3209098.0, 5946831.0 ], [ 3209105.0, 5946824.0 ], [ 3209066.0, 5946785.0 ], [ 3209067.0, 5946783.0 ], [ 3209072.0, 5946778.0 ], [ 3209073.0, 5946776.0 ], [ 3209073.0, 5946775.0 ], [ 3209071.0, 5946771.0 ], [ 3209047.0, 5946725.0 ], [ 3209045.0, 5946719.0 ], [ 3209044.0, 5946716.0 ], [ 3209046.0, 5946711.0 ], [ 3209061.0, 5946696.0 ], [ 3209086.0, 5946672.0 ], [ 3209114.0, 5946645.0 ], [ 3209109.0, 5946641.0 ], [ 3209105.0, 5946636.0 ], [ 3209102.0, 5946633.0 ], [ 3209097.0, 5946629.0 ] ] } },
{ "type": "Feature", "properties": { "betweenness_centrality": "0.0015822784810126582", "source": "6673697291.0", "target": "294021477.0", "ordering_betweenness_centrality": "186", "length": 179, "length_cumulative": 346289 }, "geometry": { "type": "LineString", "coordinates": [ [ 3217539.0, 5948193.0 ], [ 3217525.0, 5948188.0 ], [ 3217520.0, 5948186.0 ], [ 3217473.0, 5948174.0 ], [ 3217471.0, 5948173.0 ], [ 3217371.0, 5948131.0 ] ] } },
{ "type": "Feature", "properties": { "betweenness_centrality": "0.0012658227848101266", "source": "8659419713.0", "target": "7156950422.0", "ordering_betweenness_centrality": "187", "length": 12367, "length_cumulative": 358656 }, "geometry": { "type": "LineString", "coordinates": [ [ 3206088.0, 5951263.0 ], [ 3206106.0, 5951324.0 ], [ 3206108.0, 5951329.0 ], [ 3206111.0, 5951334.0 ], [ 3206116.0, 5951337.0 ], [ 3206128.0, 5951340.0 ], [ 3206133.0, 5951343.0 ], [ 3206137.0, 5951348.0 ], [ 3206155.0, 5951408.0 ], [ 3206164.0, 5951432.0 ], [ 3206181.0, 5951496.0 ], [ 3206187.0, 5951534.0 ], [ 3206190.0, 5951550.0 ], [ 3206204.0, 5951615.0 ], [ 3206228.0, 5951725.0 ], [ 3206231.0, 5951733.0 ], [ 3206231.0, 5951743.0 ], [ 3206233.0, 5951750.0 ], [ 3206236.0, 5951756.0 ], [ 3206241.0, 5951761.0 ], [ 3206244.0, 5951769.0 ], [ 3206245.0, 5951777.0 ], [ 3206245.0, 5951788.0 ], [ 3206247.0, 5951795.0 ], [ 3206262.0, 5951832.0 ], [ 3206266.0, 5951832.0 ], [ 3206270.0, 5951832.0 ], [ 3206276.0, 5951835.0 ], [ 3206362.0, 5951895.0 ], [ 3206458.0, 5951965.0 ], [ 3206555.0, 5952034.0 ], [ 3206580.0, 5952052.0 ], [ 3206610.0, 5952074.0 ], [ 3206638.0, 5952094.0 ], [ 3206656.0, 5952109.0 ], [ 3206712.0, 5952050.0 ], [ 3206755.0, 5952014.0 ], [ 3206789.0, 5952044.0 ], [ 3206804.0, 5952036.0 ], [ 3206822.0, 5952024.0 ], [ 3206853.0, 5952009.0 ], [ 3206896.0, 5951992.0 ], [ 3206903.0, 5951988.0 ], [ 3206955.0, 5951962.0 ], [ 3206967.0, 5951956.0 ], [ 3207132.0, 5951872.0 ], [ 3207189.0, 5951843.0 ], [ 3207209.0, 5951833.0 ], [ 3207225.0, 5951824.0 ], [ 3207257.0, 5951836.0 ], [ 3207273.0, 5951837.0 ], [ 3207274.0, 5951850.0 ], [ 3207284.0, 5951868.0 ], [ 3207292.0, 5951879.0 ], [ 3207301.0, 5951889.0 ], [ 3207437.0, 5952068.0 ], [ 3207490.0, 5952051.0 ], [ 3207521.0, 5952032.0 ], [ 3207558.0, 5952013.0 ], [ 3207580.0, 5951996.0 ], [ 3207599.0, 5951976.0 ], [ 3207620.0, 5951947.0 ], [ 3207664.0, 5951895.0 ], [ 3207702.0, 5951861.0 ], [ 3207733.0, 5951832.0 ], [ 3207825.0, 5951756.0 ], [ 3207924.0, 5951678.0 ], [ 3207942.0, 5951667.0 ], [ 3207959.0, 5951659.0 ], [ 3207988.0, 5951656.0 ], [ 3208020.0, 5951656.0 ], [ 3208030.0, 5951664.0 ], [ 3208050.0, 5951668.0 ], [ 3208087.0, 5951676.0 ], [ 3208107.0, 5951683.0 ], [ 3208129.0, 5951698.0 ], [ 3208146.0, 5951714.0 ], [ 3208165.0, 5951730.0 ], [ 3208175.0, 5951744.0 ], [ 3208182.0, 5951748.0 ], [ 3208191.0, 5951765.0 ], [ 3208201.0, 5951776.0 ], [ 3208214.0, 5951789.0 ], [ 3208230.0, 5951797.0 ], [ 3208245.0, 5951802.0 ], [ 3208251.0, 5951805.0 ], [ 3208259.0, 5951804.0 ], [ 3208265.0, 5951806.0 ], [ 3208273.0, 5951807.0 ], [ 3208278.0, 5951804.0 ], [ 3208282.0, 5951805.0 ], [ 3208293.0, 5951801.0 ], [ 3208309.0, 5951797.0 ], [ 3208328.0, 5951795.0 ], [ 3208340.0, 5951792.0 ], [ 3208346.0, 5951792.0 ], [ 3208359.0, 5951790.0 ], [ 3208365.0, 5951792.0 ], [ 3208371.0, 5951791.0 ], [ 3208376.0, 5951792.0 ], [ 3208384.0, 5951793.0 ], [ 3208398.0, 5951795.0 ], [ 3208405.0, 5951793.0 ], [ 3208411.0, 5951794.0 ], [ 3208420.0, 5951792.0 ], [ 3208427.0, 5951795.0 ], [ 3208430.0, 5951795.0 ], [ 3208450.0, 5951801.0 ], [ 3208455.0, 5951802.0 ], [ 3208461.0, 5951800.0 ], [ 3208465.0, 5951801.0 ], [ 3208472.0, 5951799.0 ], [ 3208477.0, 5951801.0 ], [ 3208482.0, 5951800.0 ], [ 3208486.0, 5951802.0 ], [ 3208494.0, 5951801.0 ], [ 3208506.0, 5951803.0 ], [ 3208518.0, 5951801.0 ], [ 3208523.0, 5951803.0 ], [ 3208529.0, 5951802.0 ], [ 3208532.0, 5951804.0 ], [ 3208544.0, 5951806.0 ], [ 3208550.0, 5951810.0 ], [ 3208555.0, 5951808.0 ], [ 3208555.0, 5951810.0 ], [ 3208560.0, 5951809.0 ], [ 3208567.0, 5951815.0 ], [ 3208575.0, 5951814.0 ], [ 3208594.0, 5951820.0 ], [ 3208609.0, 5951819.0 ], [ 3208621.0, 5951832.0 ], [ 3208639.0, 5951852.0 ], [ 3208645.0, 5951867.0 ], [ 3208655.0, 5951879.0 ], [ 3208658.0, 5951894.0 ], [ 3208658.0, 5951910.0 ], [ 3208683.0, 5951912.0 ], [ 3208706.0, 5951910.0 ], [ 3208720.0, 5951911.0 ], [ 3208734.0, 5951907.0 ], [ 3208767.0, 5951886.0 ], [ 3208803.0, 5951854.0 ], [ 3208847.0, 5951826.0 ], [ 3208893.0, 5951789.0 ], [ 3208911.0, 5951785.0 ], [ 3208929.0, 5951798.0 ], [ 3208949.0, 5951802.0 ], [ 3208978.0, 5951778.0 ], [ 3209011.0, 5951755.0 ], [ 3209059.0, 5951716.0 ], [ 3209188.0, 5951633.0 ], [ 3209269.0, 5951561.0 ], [ 3209281.0, 5951543.0 ], [ 3209306.0, 5951521.0 ], [ 3209326.0, 5951501.0 ], [ 3209374.0, 5951444.0 ], [ 3209378.0, 5951439.0 ], [ 3209389.0, 5951430.0 ], [ 3209412.0, 5951445.0 ], [ 3209421.0, 5951448.0 ], [ 3209438.0, 5951456.0 ], [ 3209452.0, 5951459.0 ], [ 3209467.0, 5951463.0 ], [ 3209487.0, 5951472.0 ], [ 3209507.0, 5951482.0 ], [ 3209510.0, 5951483.0 ], [ 3209524.0, 5951491.0 ], [ 3209540.0, 5951498.0 ], [ 3209557.0, 5951508.0 ], [ 3209572.0, 5951515.0 ], [ 3209584.0, 5951524.0 ], [ 3209590.0, 5951533.0 ], [ 3209596.0, 5951542.0 ], [ 3209601.0, 5951552.0 ], [ 3209608.0, 5951561.0 ], [ 3209616.0, 5951570.0 ], [ 3209622.0, 5951577.0 ], [ 3209630.0, 5951583.0 ], [ 3209639.0, 5951590.0 ], [ 3209649.0, 5951595.0 ], [ 3209660.0, 5951602.0 ], [ 3209687.0, 5951613.0 ], [ 3209702.0, 5951619.0 ], [ 3209707.0, 5951620.0 ], [ 3209712.0, 5951622.0 ], [ 3209723.0, 5951628.0 ], [ 3209734.0, 5951635.0 ], [ 3209746.0, 5951644.0 ], [ 3209756.0, 5951652.0 ], [ 3209780.0, 5951672.0 ], [ 3209791.0, 5951683.0 ], [ 3209801.0, 5951692.0 ], [ 3209814.0, 5951701.0 ], [ 3209826.0, 5951710.0 ], [ 3209853.0, 5951727.0 ], [ 3209862.0, 5951735.0 ], [ 3209877.0, 5951751.0 ], [ 3209884.0, 5951759.0 ], [ 3209896.0, 5951771.0 ], [ 3209940.0, 5951794.0 ], [ 3209959.0, 5951804.0 ], [ 3209977.0, 5951813.0 ], [ 3210144.0, 5951900.0 ], [ 3210158.0, 5951908.0 ], [ 3210170.0, 5951913.0 ], [ 3210222.0, 5951938.0 ], [ 3210336.0, 5951991.0 ], [ 3210363.0, 5952004.0 ], [ 3210376.0, 5952009.0 ], [ 3210392.0, 5952014.0 ], [ 3210466.0, 5952030.0 ], [ 3210577.0, 5952051.0 ], [ 3210606.0, 5952057.0 ], [ 3210645.0, 5952066.0 ], [ 3210675.0, 5952072.0 ], [ 3210689.0, 5952075.0 ], [ 3210754.0, 5952088.0 ], [ 3210792.0, 5952095.0 ], [ 3210897.0, 5952116.0 ], [ 3210912.0, 5952119.0 ], [ 3210947.0, 5952126.0 ], [ 3210984.0, 5952134.0 ], [ 3211040.0, 5952145.0 ], [ 3211090.0, 5952155.0 ], [ 3211116.0, 5952160.0 ], [ 3211136.0, 5952164.0 ], [ 3211142.0, 5952165.0 ], [ 3211271.0, 5952192.0 ], [ 3211380.0, 5952214.0 ], [ 3211386.0, 5952216.0 ], [ 3211420.0, 5952222.0 ], [ 3211461.0, 5952229.0 ], [ 3211493.0, 5952237.0 ], [ 3211525.0, 5952243.0 ], [ 3211547.0, 5952248.0 ], [ 3211609.0, 5952260.0 ], [ 3211617.0, 5952262.0 ], [ 3211643.0, 5952266.0 ], [ 3211685.0, 5952274.0 ], [ 3211722.0, 5952279.0 ], [ 3211753.0, 5952282.0 ], [ 3211779.0, 5952282.0 ], [ 3211806.0, 5952282.0 ], [ 3211831.0, 5952280.0 ], [ 3211857.0, 5952277.0 ], [ 3211882.0, 5952272.0 ], [ 3211906.0, 5952267.0 ], [ 3211915.0, 5952264.0 ], [ 3211921.0, 5952261.0 ], [ 3212033.0, 5952222.0 ], [ 3212037.0, 5952221.0 ], [ 3212047.0, 5952217.0 ], [ 3212079.0, 5952206.0 ], [ 3212102.0, 5952198.0 ], [ 3212120.0, 5952191.0 ], [ 3212150.0, 5952180.0 ], [ 3212182.0, 5952169.0 ], [ 3212185.0, 5952168.0 ], [ 3212190.0, 5952166.0 ], [ 3212409.0, 5952089.0 ], [ 3212579.0, 5952028.0 ], [ 3212595.0, 5952023.0 ], [ 3212763.0, 5951963.0 ], [ 3212802.0, 5951953.0 ], [ 3212816.0, 5951950.0 ], [ 3212871.0, 5951935.0 ], [ 3212903.0, 5951927.0 ], [ 3212928.0, 5951920.0 ], [ 3213022.0, 5951895.0 ], [ 3213056.0, 5951886.0 ], [ 3213137.0, 5951865.0 ], [ 3213264.0, 5951831.0 ], [ 3213379.0, 5951801.0 ], [ 3213420.0, 5951790.0 ], [ 3213425.0, 5951789.0 ], [ 3213427.0, 5951788.0 ], [ 3213462.0, 5951779.0 ], [ 3213493.0, 5951772.0 ], [ 3213531.0, 5951763.0 ], [ 3213562.0, 5951755.0 ], [ 3213587.0, 5951747.0 ], [ 3213599.0, 5951745.0 ], [ 3213612.0, 5951747.0 ], [ 3213624.0, 5951749.0 ], [ 3213679.0, 5951762.0 ], [ 3213840.0, 5951799.0 ], [ 3214035.0, 5951840.0 ], [ 3214109.0, 5951857.0 ], [ 3214133.0, 5951861.0 ], [ 3214159.0, 5951866.0 ], [ 3214175.0, 5951866.0 ], [ 3214193.0, 5951868.0 ], [ 3214224.0, 5951871.0 ], [ 3214270.0, 5951876.0 ], [ 3214295.0, 5951878.0 ], [ 3214305.0, 5951879.0 ], [ 3214326.0, 5951881.0 ], [ 3214363.0, 5951884.0 ], [ 3214408.0, 5951889.0 ], [ 3214427.0, 5951892.0 ], [ 3214474.0, 5951897.0 ], [ 3214483.0, 5951899.0 ], [ 3214565.0, 5951908.0 ], [ 3214586.0, 5951910.0 ], [ 3214607.0, 5951911.0 ], [ 3214702.0, 5951916.0 ], [ 3214727.0, 5951918.0 ], [ 3214746.0, 5951921.0 ], [ 3214759.0, 5951924.0 ], [ 3214782.0, 5951931.0 ], [ 3214896.0, 5951970.0 ], [ 3215012.0, 5952009.0 ], [ 3215111.0, 5952038.0 ], [ 3215150.0, 5952047.0 ], [ 3215184.0, 5952050.0 ], [ 3215211.0, 5952050.0 ], [ 3215241.0, 5952045.0 ], [ 3215279.0, 5952037.0 ], [ 3215324.0, 5952026.0 ], [ 3215363.0, 5952015.0 ], [ 3215421.0, 5951992.0 ], [ 3215455.0, 5951977.0 ], [ 3215491.0, 5951959.0 ], [ 3215504.0, 5951953.0 ], [ 3215511.0, 5951950.0 ], [ 3215535.0, 5951937.0 ], [ 3215556.0, 5951924.0 ], [ 3215576.0, 5951909.0 ], [ 3215599.0, 5951880.0 ], [ 3215651.0, 5951805.0 ], [ 3215659.0, 5951793.0 ], [ 3215664.0, 5951784.0 ], [ 3215667.0, 5951774.0 ], [ 3215670.0, 5951766.0 ], [ 3215671.0, 5951757.0 ], [ 3215672.0, 5951749.0 ], [ 3215664.0, 5951676.0 ], [ 3215734.0, 5951679.0 ], [ 3215739.0, 5951679.0 ], [ 3215772.0, 5951676.0 ], [ 3215779.0, 5951679.0 ], [ 3215979.0, 5951653.0 ], [ 3216002.0, 5951641.0 ], [ 3216015.0, 5951634.0 ], [ 3216026.0, 5951625.0 ], [ 3216162.0, 5951604.0 ], [ 3216163.0, 5951610.0 ], [ 3216170.0, 5951624.0 ], [ 3216175.0, 5951628.0 ], [ 3216180.0, 5951631.0 ], [ 3216187.0, 5951632.0 ], [ 3216194.0, 5951633.0 ], [ 3216202.0, 5951631.0 ], [ 3216208.0, 5951628.0 ], [ 3216213.0, 5951624.0 ], [ 3216217.0, 5951617.0 ], [ 3216220.0, 5951604.0 ], [ 3216218.0, 5951582.0 ], [ 3216253.0, 5951578.0 ], [ 3216252.0, 5951574.0 ], [ 3216267.0, 5951572.0 ], [ 3216355.0, 5951563.0 ], [ 3216354.0, 5951545.0 ], [ 3216353.0, 5951540.0 ], [ 3216352.0, 5951537.0 ], [ 3216349.0, 5951533.0 ], [ 3216348.0, 5951532.0 ], [ 3216368.0, 5951531.0 ], [ 3216366.0, 5951510.0 ], [ 3216370.0, 5951509.0 ], [ 3216368.0, 5951496.0 ], [ 3216382.0, 5951495.0 ], [ 3216383.0, 5951509.0 ], [ 3216389.0, 5951513.0 ], [ 3216390.0, 5951507.0 ], [ 3216398.0, 5951495.0 ], [ 3216409.0, 5951478.0 ], [ 3216414.0, 5951471.0 ], [ 3216420.0, 5951464.0 ], [ 3216428.0, 5951460.0 ], [ 3216433.0, 5951456.0 ], [ 3216437.0, 5951451.0 ], [ 3216438.0, 5951447.0 ], [ 3216439.0, 5951442.0 ], [ 3216439.0, 5951432.0 ], [ 3216439.0, 5951424.0 ], [ 3216438.0, 5951422.0 ], [ 3216438.0, 5951417.0 ], [ 3216439.0, 5951415.0 ], [ 3216440.0, 5951411.0 ], [ 3216446.0, 5951404.0 ], [ 3216466.0, 5951384.0 ], [ 3216478.0, 5951384.0 ] ] } },
{ "type": "Feature", "properties": { "betweenness_centrality": "0.0012658227848101266", "source": "365960587.0", "target": "365980330.0", "ordering_betweenness_centrality": "190", "length": 338, "length_cumulative": 358995 }, "geometry": { "type": "LineString", "coordinates": [ [ 3203626.0, 5947921.0 ], [ 3203570.0, 5947843.0 ], [ 3203605.0, 5947817.0 ], [ 3203658.0, 5947778.0 ], [ 3203689.0, 5947755.0 ], [ 3203716.0, 5947734.0 ], [ 3203759.0, 5947701.0 ], [ 3203764.0, 5947697.0 ] ] } },
{ "type": "Feature", "properties": { "betweenness_centrality": "0.0012658227848101266", "source": "639867914.0", "target": "13695008271.0", "ordering_betweenness_centrality": "191", "length": 37, "length_cumulative": 359032 }, "geometry": { "type": "LineString", "coordinates": [ [ 3213193.0, 5949208.0 ], [ 3213229.0, 5949197.0 ] ] } },
{ "type": "Feature", "properties": { "betweenness_centrality": "0.000949367088607595", "source": "570761460.0", "target": "737279838.0", "ordering_betweenness_centrality": "194", "length": 136, "length_cumulative": 359169 }, "geometry": { "type": "LineString", "coordinates": [ [ 3217710.0, 5938517.0 ], [ 3217817.0, 5938433.0 ] ] } },
{ "type": "Feature", "properties": { "betweenness_centrality": "0.000949367088607595", "source": "6765195286.0", "target": "365332407.0", "ordering_betweenness_centrality": "196", "length": 1097, "length_cumulative": 360267 }, "geometry": { "type": "LineString", "coordinates": [ [ 3210151.0, 5947862.0 ], [ 3210042.0, 5948004.0 ], [ 3210004.0, 5948054.0 ], [ 3209995.0, 5948069.0 ], [ 3209984.0, 5948081.0 ], [ 3209969.0, 5948096.0 ], [ 3209952.0, 5948109.0 ], [ 3209922.0, 5948129.0 ], [ 3209962.0, 5948184.0 ], [ 3209957.0, 5948190.0 ], [ 3209947.0, 5948202.0 ], [ 3209944.0, 5948208.0 ], [ 3209941.0, 5948212.0 ], [ 3209933.0, 5948230.0 ], [ 3209931.0, 5948236.0 ], [ 3209930.0, 5948244.0 ], [ 3209932.0, 5948249.0 ], [ 3209936.0, 5948254.0 ], [ 3209949.0, 5948264.0 ], [ 3209985.0, 5948290.0 ], [ 3209995.0, 5948296.0 ], [ 3210004.0, 5948303.0 ], [ 3210022.0, 5948319.0 ], [ 3210024.0, 5948321.0 ], [ 3210027.0, 5948323.0 ], [ 3210033.0, 5948328.0 ], [ 3210041.0, 5948332.0 ], [ 3210048.0, 5948335.0 ], [ 3210054.0, 5948340.0 ], [ 3210061.0, 5948347.0 ], [ 3210062.0, 5948349.0 ], [ 3210067.0, 5948358.0 ], [ 3210072.0, 5948369.0 ], [ 3210074.0, 5948376.0 ], [ 3210075.0, 5948385.0 ], [ 3210075.0, 5948397.0 ], [ 3210074.0, 5948412.0 ], [ 3210068.0, 5948410.0 ], [ 3210038.0, 5948442.0 ], [ 3210012.0, 5948471.0 ], [ 3209985.0, 5948500.0 ], [ 3209983.0, 5948502.0 ], [ 3209984.0, 5948513.0 ], [ 3209985.0, 5948519.0 ], [ 3209985.0, 5948525.0 ], [ 3209985.0, 5948530.0 ], [ 3209986.0, 5948536.0 ], [ 3209999.0, 5948555.0 ], [ 3210007.0, 5948565.0 ], [ 3210024.0, 5948588.0 ], [ 3210029.0, 5948595.0 ], [ 3210032.0, 5948601.0 ], [ 3210028.0, 5948612.0 ], [ 3210021.0, 5948626.0 ], [ 3210016.0, 5948639.0 ], [ 3210014.0, 5948647.0 ], [ 3209964.0, 5948668.0 ], [ 3209944.0, 5948676.0 ] ] } },
{ "type": "Feature", "properties": { "betweenness_centrality": "0.000949367088607595", "source": "369008315.0", "target": "11622799957.0", "ordering_betweenness_centrality": "197", "length": 1017, "length_cumulative": 361285 }, "geometry": { "type": "LineString", "coordinates": [ [ 3217714.0, 5938522.0 ], [ 3217703.0, 5938530.0 ], [ 3217641.0, 5938581.0 ], [ 3217607.0, 5938607.0 ], [ 3217578.0, 5938629.0 ], [ 3217554.0, 5938648.0 ], [ 3217548.0, 5938652.0 ], [ 3217546.0, 5938653.0 ], [ 3217538.0, 5938658.0 ], [ 3217521.0, 5938671.0 ], [ 3217511.0, 5938675.0 ], [ 3217442.0, 5938730.0 ], [ 3217434.0, 5938737.0 ], [ 3217412.0, 5938756.0 ], [ 3217396.0, 5938778.0 ], [ 3217386.0, 5938802.0 ], [ 3217383.0, 5938811.0 ], [ 3217379.0, 5938825.0 ], [ 3217376.0, 5938842.0 ], [ 3217376.0, 5938858.0 ], [ 3217379.0, 5938883.0 ], [ 3217401.0, 5938989.0 ], [ 3217412.0, 5939047.0 ], [ 3217417.0, 5939072.0 ], [ 3217426.0, 5939100.0 ], [ 3217433.0, 5939116.0 ], [ 3217441.0, 5939132.0 ], [ 3217474.0, 5939181.0 ], [ 3217569.0, 5939320.0 ], [ 3217565.0, 5939334.0 ] ] } },
{ "type": "Feature", "properties": { "betweenness_centrality": "0.000949367088607595", "source": "979846055.0", "target": "365960562.0", "ordering_betweenness_centrality": "199", "length": 502, "length_cumulative": 361787 }, "geometry": { "type": "MultiLineString", "coordinates": [ [ [ 3204877.0, 5945673.0 ], [ 3204885.0, 5945667.0 ], [ 3204897.0, 5945661.0 ], [ 3204905.0, 5945657.0 ], [ 3204910.0, 5945654.0 ], [ 3204914.0, 5945652.0 ], [ 3204930.0, 5945644.0 ], [ 3204943.0, 5945637.0 ], [ 3204952.0, 5945632.0 ], [ 3204961.0, 5945626.0 ], [ 3204968.0, 5945621.0 ], [ 3204971.0, 5945619.0 ], [ 3204973.0, 5945618.0 ], [ 3204989.0, 5945607.0 ], [ 3205007.0, 5945595.0 ], [ 3205017.0, 5945587.0 ], [ 3205029.0, 5945576.0 ], [ 3205045.0, 5945563.0 ], [ 3205038.0, 5945551.0 ], [ 3205036.0, 5945546.0 ], [ 3205037.0, 5945538.0 ], [ 3205038.0, 5945527.0 ], [ 3205042.0, 5945511.0 ], [ 3205045.0, 5945502.0 ], [ 3205048.0, 5945493.0 ], [ 3205052.0, 5945483.0 ], [ 3205054.0, 5945472.0 ], [ 3205058.0, 5945456.0 ], [ 3205062.0, 5945436.0 ] ], [ [ 3205031.0, 5945383.0 ], [ 3205036.0, 5945377.0 ], [ 3205046.0, 5945367.0 ], [ 3205058.0, 5945355.0 ], [ 3205074.0, 5945337.0 ], [ 3205084.0, 5945327.0 ], [ 3205091.0, 5945320.0 ], [ 3205100.0, 5945315.0 ], [ 3205096.0, 5945298.0 ], [ 3205095.0, 5945278.0 ], [ 3205092.0, 5945245.0 ] ] ] } },
{ "type": "Feature", "properties": { "betweenness_centrality": "0.000949367088607595", "source": "365960562.0", "target": "365964843.0", "ordering_betweenness_centrality": "200", "length": 875, "length_cumulative": 362663 }, "geometry": { "type": "LineString", "coordinates": [ [ 3202244.0, 5948207.0 ], [ 3202249.0, 5948204.0 ], [ 3202285.0, 5948178.0 ], [ 3202291.0, 5948174.0 ], [ 3202298.0, 5948170.0 ], [ 3202303.0, 5948169.0 ], [ 3202304.0, 5948169.0 ], [ 3202312.0, 5948167.0 ], [ 3202318.0, 5948163.0 ], [ 3202329.0, 5948155.0 ], [ 3202355.0, 5948137.0 ], [ 3202378.0, 5948120.0 ], [ 3202440.0, 5948077.0 ], [ 3202398.0, 5948021.0 ], [ 3202365.0, 5947976.0 ], [ 3202362.0, 5947972.0 ], [ 3202354.0, 5947960.0 ], [ 3202338.0, 5947936.0 ], [ 3202294.0, 5947873.0 ], [ 3202303.0, 5947866.0 ], [ 3202329.0, 5947848.0 ], [ 3202347.0, 5947835.0 ], [ 3202389.0, 5947805.0 ], [ 3202399.0, 5947797.0 ], [ 3202405.0, 5947793.0 ], [ 3202426.0, 5947779.0 ], [ 3202433.0, 5947773.0 ], [ 3202457.0, 5947756.0 ], [ 3202445.0, 5947740.0 ], [ 3202425.0, 5947711.0 ], [ 3202413.0, 5947695.0 ], [ 3202444.0, 5947673.0 ], [ 3202457.0, 5947664.0 ], [ 3202461.0, 5947653.0 ], [ 3202447.0, 5947621.0 ], [ 3202457.0, 5947614.0 ] ] } },
{ "type": "Feature", "properties": { "betweenness_centrality": "0.000949367088607595", "source": "1431789952.0", "target": "13532712273.0", "ordering_betweenness_centrality": "201", "length": 1471, "length_cumulative": 364134 }, "geometry": { "type": "MultiLineString", "coordinates": [ [ [ 3217314.0, 5950106.0 ], [ 3217289.0, 5950012.0 ], [ 3217273.0, 5949861.0 ], [ 3217264.0, 5949669.0 ], [ 3217266.0, 5949549.0 ] ], [ [ 3217144.0, 5949012.0 ], [ 3217142.0, 5948960.0 ], [ 3217144.0, 5948919.0 ], [ 3217151.0, 5948882.0 ], [ 3217159.0, 5948791.0 ], [ 3217166.0, 5948714.0 ], [ 3217168.0, 5948691.0 ], [ 3217169.0, 5948637.0 ], [ 3217188.0, 5948507.0 ], [ 3217189.0, 5948481.0 ], [ 3217184.0, 5948445.0 ], [ 3217176.0, 5948421.0 ], [ 3217180.0, 5948388.0 ], [ 3217186.0, 5948345.0 ], [ 3217186.0, 5948317.0 ] ], [ [ 3217282.0, 5948106.0 ], [ 3217253.0, 5948094.0 ], [ 3217239.0, 5948089.0 ], [ 3217188.0, 5948068.0 ], [ 3217147.0, 5948051.0 ], [ 3217101.0, 5948032.0 ], [ 3217105.0, 5948020.0 ] ] ] } },
{ "type": "Feature", "properties": { "betweenness_centrality": "0.0006329113924050633", "source": "365960562.0", "target": "365964800.0", "ordering_betweenness_centrality": "204", "length": 272, "length_cumulative": 364406 }, "geometry": { "type": "LineString", "coordinates": [ [ 3201962.0, 5948442.0 ], [ 3202007.0, 5948409.0 ], [ 3202058.0, 5948373.0 ], [ 3202079.0, 5948357.0 ], [ 3202097.0, 5948344.0 ], [ 3202115.0, 5948331.0 ], [ 3202091.0, 5948294.0 ], [ 3202090.0, 5948289.0 ], [ 3202090.0, 5948287.0 ], [ 3202093.0, 5948282.0 ], [ 3202102.0, 5948275.0 ], [ 3202114.0, 5948267.0 ] ] } },
{ "type": "Feature", "properties": { "betweenness_centrality": "0.0006329113924050633", "source": "13532712273.0", "target": "7156950422.0", "ordering_betweenness_centrality": "205", "length": 500, "length_cumulative": 364906 }, "geometry": { "type": "LineString", "coordinates": [ [ 3216869.0, 5951783.0 ], [ 3216870.0, 5951727.0 ], [ 3216871.0, 5951681.0 ], [ 3216871.0, 5951634.0 ], [ 3216872.0, 5951601.0 ], [ 3216876.0, 5951307.0 ], [ 3216876.0, 5951292.0 ], [ 3216876.0, 5951283.0 ] ] } },
{ "type": "Feature", "properties": { "betweenness_centrality": "0.0006329113924050633", "source": "11845045827.0", "target": "6475014530.0", "ordering_betweenness_centrality": "206", "length": 1210, "length_cumulative": 366117 }, "geometry": { "type": "LineString", "coordinates": [ [ 3210994.0, 5939992.0 ], [ 3210989.0, 5939959.0 ], [ 3210978.0, 5939877.0 ], [ 3210974.0, 5939848.0 ], [ 3210972.0, 5939825.0 ], [ 3210958.0, 5939827.0 ], [ 3210956.0, 5939819.0 ], [ 3210951.0, 5939814.0 ], [ 3210944.0, 5939812.0 ], [ 3210922.0, 5939814.0 ], [ 3210921.0, 5939807.0 ], [ 3210917.0, 5939807.0 ], [ 3210876.0, 5939810.0 ], [ 3210862.0, 5939811.0 ], [ 3210847.0, 5939813.0 ], [ 3210839.0, 5939814.0 ], [ 3210832.0, 5939815.0 ], [ 3210828.0, 5939808.0 ], [ 3210800.0, 5939778.0 ], [ 3210798.0, 5939774.0 ], [ 3210781.0, 5939761.0 ], [ 3210759.0, 5939742.0 ], [ 3210757.0, 5939739.0 ], [ 3210753.0, 5939734.0 ], [ 3210752.0, 5939730.0 ], [ 3210719.0, 5939721.0 ], [ 3210709.0, 5939718.0 ], [ 3210704.0, 5939721.0 ], [ 3210661.0, 5939651.0 ], [ 3210655.0, 5939639.0 ], [ 3210588.0, 5939535.0 ], [ 3210536.0, 5939447.0 ], [ 3210534.0, 5939443.0 ], [ 3210510.0, 5939403.0 ], [ 3210477.0, 5939348.0 ], [ 3210335.0, 5939113.0 ], [ 3210328.0, 5939111.0 ] ] } },
{ "type": "Feature", "properties": { "betweenness_centrality": "0.0006329113924050633", "source": "738745199.0", "target": "365960562.0", "ordering_betweenness_centrality": "208", "length": 318, "length_cumulative": 366436 }, "geometry": { "type": "MultiLineString", "coordinates": [ [ [ 3205625.0, 5941148.0 ], [ 3205694.0, 5941201.0 ], [ 3205690.0, 5941210.0 ], [ 3205688.0, 5941214.0 ], [ 3205686.0, 5941222.0 ] ], [ [ 3205686.0, 5941222.0 ], [ 3205683.0, 5941233.0 ], [ 3205679.0, 5941241.0 ], [ 3205674.0, 5941256.0 ] ], [ [ 3205524.0, 5941693.0 ], [ 3205527.0, 5941715.0 ], [ 3205526.0, 5941734.0 ], [ 3205524.0, 5941765.0 ], [ 3205526.0, 5941770.0 ], [ 3205535.0, 5941780.0 ], [ 3205543.0, 5941791.0 ], [ 3205569.0, 5941823.0 ], [ 3205591.0, 5941837.0 ] ] ] } },
{ "type": "Feature", "properties": { "betweenness_centrality": "0.0006329113924050633", "source": "8467972168.0", "target": "979846055.0", "ordering_betweenness_centrality": "209", "length": 124, "length_cumulative": 366560 }, "geometry": { "type": "LineString", "coordinates": [ [ 3205372.0, 5941364.0 ], [ 3205422.0, 5941382.0 ], [ 3205430.0, 5941386.0 ], [ 3205433.0, 5941387.0 ], [ 3205437.0, 5941387.0 ], [ 3205441.0, 5941386.0 ], [ 3205445.0, 5941388.0 ], [ 3205466.0, 5941396.0 ], [ 3205489.0, 5941404.0 ] ] } },
{ "type": "Feature", "properties": { "betweenness_centrality": "0.0006329113924050633", "source": "8659419713.0", "target": "365964800.0", "ordering_betweenness_centrality": "210", "length": 2950, "length_cumulative": 369510 }, "geometry": { "type": "LineString", "coordinates": [ [ 3201508.0, 5948769.0 ], [ 3201517.0, 5948781.0 ], [ 3201533.0, 5948800.0 ], [ 3201535.0, 5948803.0 ], [ 3201540.0, 5948805.0 ], [ 3201585.0, 5948823.0 ], [ 3201599.0, 5948823.0 ], [ 3201610.0, 5948839.0 ], [ 3201629.0, 5948870.0 ], [ 3201645.0, 5948893.0 ], [ 3201650.0, 5948901.0 ], [ 3201666.0, 5948925.0 ], [ 3201686.0, 5948957.0 ], [ 3201692.0, 5948965.0 ], [ 3201686.0, 5948971.0 ], [ 3201683.0, 5948978.0 ], [ 3201681.0, 5948987.0 ], [ 3201682.0, 5948993.0 ], [ 3201683.0, 5948998.0 ], [ 3201684.0, 5949002.0 ], [ 3201684.0, 5949003.0 ], [ 3201683.0, 5949006.0 ], [ 3201682.0, 5949009.0 ], [ 3201690.0, 5949018.0 ], [ 3201694.0, 5949023.0 ], [ 3201702.0, 5949032.0 ], [ 3201710.0, 5949044.0 ], [ 3201694.0, 5949056.0 ], [ 3201703.0, 5949175.0 ], [ 3201743.0, 5949191.0 ], [ 3201743.0, 5949204.0 ], [ 3201745.0, 5949208.0 ], [ 3201747.0, 5949212.0 ], [ 3201750.0, 5949218.0 ], [ 3201762.0, 5949231.0 ], [ 3201790.0, 5949260.0 ], [ 3201808.0, 5949280.0 ], [ 3201813.0, 5949285.0 ], [ 3201868.0, 5949303.0 ], [ 3201870.0, 5949305.0 ], [ 3201873.0, 5949308.0 ], [ 3201957.0, 5949381.0 ], [ 3201969.0, 5949392.0 ], [ 3201982.0, 5949404.0 ], [ 3202095.0, 5949502.0 ], [ 3202150.0, 5949561.0 ], [ 3202189.0, 5949603.0 ], [ 3202204.0, 5949620.0 ], [ 3202209.0, 5949625.0 ], [ 3202239.0, 5949656.0 ], [ 3202283.0, 5949696.0 ], [ 3202287.0, 5949699.0 ], [ 3202305.0, 5949716.0 ], [ 3202312.0, 5949721.0 ], [ 3202313.0, 5949733.0 ], [ 3202315.0, 5949736.0 ], [ 3202318.0, 5949736.0 ], [ 3202365.0, 5949724.0 ], [ 3202369.0, 5949735.0 ], [ 3202373.0, 5949747.0 ], [ 3202388.0, 5949741.0 ], [ 3202390.0, 5949750.0 ], [ 3202393.0, 5949765.0 ], [ 3202397.0, 5949774.0 ], [ 3202401.0, 5949781.0 ], [ 3202416.0, 5949797.0 ], [ 3202419.0, 5949801.0 ], [ 3202433.0, 5949812.0 ], [ 3202441.0, 5949820.0 ], [ 3202444.0, 5949829.0 ], [ 3202443.0, 5949842.0 ], [ 3202456.0, 5949848.0 ], [ 3202480.0, 5949835.0 ], [ 3202545.0, 5949861.0 ], [ 3202590.0, 5949881.0 ], [ 3202676.0, 5949911.0 ], [ 3202707.0, 5949922.0 ], [ 3202715.0, 5949922.0 ], [ 3202709.0, 5949935.0 ], [ 3202774.0, 5949968.0 ], [ 3202815.0, 5949985.0 ], [ 3203305.0, 5950210.0 ], [ 3203375.0, 5950138.0 ], [ 3203464.0, 5950052.0 ], [ 3203520.0, 5950001.0 ], [ 3203569.0, 5949949.0 ], [ 3203582.0, 5949943.0 ], [ 3203591.0, 5949938.0 ], [ 3203604.0, 5949927.0 ] ] } },
{ "type": "Feature", "properties": { "betweenness_centrality": "0.00031645569620253165", "source": "570761460.0", "target": "738745199.0", "ordering_betweenness_centrality": "212", "length": 1771, "length_cumulative": 371282 }, "geometry": { "type": "LineString", "coordinates": [ [ 3212859.0, 5935990.0 ], [ 3212803.0, 5936054.0 ], [ 3212794.0, 5936062.0 ], [ 3212778.0, 5936080.0 ], [ 3212751.0, 5936111.0 ], [ 3212735.0, 5936128.0 ], [ 3212727.0, 5936136.0 ], [ 3212675.0, 5936193.0 ], [ 3212638.0, 5936234.0 ], [ 3212602.0, 5936274.0 ], [ 3212578.0, 5936300.0 ], [ 3212565.0, 5936314.0 ], [ 3212498.0, 5936387.0 ], [ 3212484.0, 5936403.0 ], [ 3212468.0, 5936420.0 ], [ 3212459.0, 5936431.0 ], [ 3212453.0, 5936437.0 ], [ 3212430.0, 5936462.0 ], [ 3212360.0, 5936540.0 ], [ 3212315.0, 5936589.0 ], [ 3212306.0, 5936600.0 ], [ 3212295.0, 5936612.0 ], [ 3212268.0, 5936642.0 ], [ 3212247.0, 5936666.0 ], [ 3212238.0, 5936675.0 ], [ 3212227.0, 5936687.0 ], [ 3212212.0, 5936703.0 ], [ 3212193.0, 5936724.0 ], [ 3212190.0, 5936727.0 ], [ 3212133.0, 5936790.0 ], [ 3212116.0, 5936808.0 ], [ 3212102.0, 5936823.0 ], [ 3212084.0, 5936842.0 ], [ 3212060.0, 5936869.0 ], [ 3212032.0, 5936901.0 ], [ 3212014.0, 5936929.0 ], [ 3212003.0, 5936950.0 ], [ 3211987.0, 5936987.0 ], [ 3211947.0, 5937081.0 ], [ 3211937.0, 5937108.0 ], [ 3211915.0, 5937168.0 ], [ 3211878.0, 5937257.0 ], [ 3211856.0, 5937315.0 ], [ 3211843.0, 5937340.0 ], [ 3211813.0, 5937395.0 ] ] } },
{ "type": "Feature", "properties": { "betweenness_centrality": "0.00031645569620253165", "source": "365960587.0", "target": "365960562.0", "ordering_betweenness_centrality": "213", "length": 282, "length_cumulative": 371564 }, "geometry": { "type": "LineString", "coordinates": [ [ 3203405.0, 5947320.0 ], [ 3203428.0, 5947353.0 ], [ 3203373.0, 5947391.0 ], [ 3203353.0, 5947409.0 ], [ 3203301.0, 5947445.0 ], [ 3203308.0, 5947452.0 ], [ 3203255.0, 5947490.0 ], [ 3203259.0, 5947500.0 ] ] } },
{ "type": "Feature", "properties": { "betweenness_centrality": "0.00031645569620253165", "source": "738745199.0", "target": "365964800.0", "ordering_betweenness_centrality": "214", "length": 4532, "length_cumulative": 376097 }, "geometry": { "type": "MultiLineString", "coordinates": [ [ [ 3205347.0, 5945109.0 ], [ 3205348.0, 5945113.0 ], [ 3205347.0, 5945118.0 ], [ 3205345.0, 5945121.0 ], [ 3205344.0, 5945129.0 ], [ 3205343.0, 5945137.0 ], [ 3205344.0, 5945148.0 ], [ 3205369.0, 5945208.0 ], [ 3205373.0, 5945217.0 ], [ 3205388.0, 5945247.0 ], [ 3205392.0, 5945256.0 ], [ 3205404.0, 5945281.0 ], [ 3205411.0, 5945294.0 ], [ 3205414.0, 5945326.0 ], [ 3205415.0, 5945340.0 ], [ 3205415.0, 5945363.0 ], [ 3205415.0, 5945367.0 ], [ 3205415.0, 5945374.0 ], [ 3205413.0, 5945386.0 ], [ 3205412.0, 5945395.0 ], [ 3205410.0, 5945401.0 ], [ 3205407.0, 5945408.0 ], [ 3205402.0, 5945412.0 ], [ 3205401.0, 5945419.0 ], [ 3205403.0, 5945430.0 ], [ 3205405.0, 5945444.0 ], [ 3205407.0, 5945454.0 ], [ 3205411.0, 5945469.0 ], [ 3205424.0, 5945509.0 ], [ 3205429.0, 5945524.0 ], [ 3205438.0, 5945550.0 ] ], [ [ 3205438.0, 5945550.0 ], [ 3205443.0, 5945562.0 ], [ 3205460.0, 5945599.0 ], [ 3205465.0, 5945609.0 ], [ 3205470.0, 5945618.0 ], [ 3205474.0, 5945625.0 ], [ 3205481.0, 5945636.0 ], [ 3205496.0, 5945657.0 ], [ 3205499.0, 5945664.0 ], [ 3205502.0, 5945671.0 ], [ 3205504.0, 5945677.0 ], [ 3205508.0, 5945693.0 ], [ 3205515.0, 5945718.0 ], [ 3205517.0, 5945728.0 ], [ 3205494.0, 5945733.0 ], [ 3205455.0, 5945743.0 ], [ 3205436.0, 5945748.0 ], [ 3205411.0, 5945755.0 ], [ 3205390.0, 5945761.0 ], [ 3205367.0, 5945768.0 ], [ 3205345.0, 5945774.0 ], [ 3205321.0, 5945781.0 ], [ 3205310.0, 5945784.0 ], [ 3205303.0, 5945793.0 ], [ 3205304.0, 5945799.0 ], [ 3205306.0, 5945812.0 ], [ 3205310.0, 5945835.0 ], [ 3205243.0, 5945848.0 ], [ 3205231.0, 5945854.0 ], [ 3205220.0, 5945856.0 ], [ 3205202.0, 5945859.0 ], [ 3205193.0, 5945860.0 ], [ 3205184.0, 5945860.0 ], [ 3205186.0, 5945872.0 ], [ 3205156.0, 5945877.0 ], [ 3205159.0, 5945893.0 ], [ 3205154.0, 5945898.0 ], [ 3205152.0, 5945903.0 ], [ 3205151.0, 5945909.0 ], [ 3205152.0, 5945912.0 ], [ 3205168.0, 5945997.0 ], [ 3205170.0, 5946010.0 ], [ 3205172.0, 5946025.0 ], [ 3205182.0, 5946083.0 ], [ 3205192.0, 5946140.0 ], [ 3205182.0, 5946142.0 ], [ 3205183.0, 5946148.0 ], [ 3205185.0, 5946160.0 ], [ 3205202.0, 5946253.0 ], [ 3205203.0, 5946257.0 ], [ 3205208.0, 5946312.0 ] ], [ [ 3205210.0, 5946333.0 ], [ 3205205.0, 5946338.0 ], [ 3205201.0, 5946343.0 ], [ 3205195.0, 5946350.0 ], [ 3205191.0, 5946358.0 ] ], [ [ 3205047.0, 5946603.0 ], [ 3205034.0, 5946612.0 ], [ 3205002.0, 5946635.0 ], [ 3204969.0, 5946658.0 ], [ 3204933.0, 5946684.0 ], [ 3204882.0, 5946720.0 ], [ 3204851.0, 5946743.0 ], [ 3204804.0, 5946777.0 ], [ 3204778.0, 5946796.0 ], [ 3204747.0, 5946818.0 ], [ 3204728.0, 5946832.0 ], [ 3204702.0, 5946851.0 ], [ 3204647.0, 5946890.0 ], [ 3204617.0, 5946912.0 ], [ 3204544.0, 5946964.0 ], [ 3204488.0, 5947004.0 ], [ 3204455.0, 5947028.0 ], [ 3204380.0, 5947082.0 ], [ 3204366.0, 5947093.0 ], [ 3204355.0, 5947101.0 ], [ 3204333.0, 5947117.0 ], [ 3204277.0, 5947157.0 ], [ 3204234.0, 5947188.0 ], [ 3204208.0, 5947207.0 ], [ 3204197.0, 5947215.0 ], [ 3204153.0, 5947246.0 ], [ 3204140.0, 5947256.0 ], [ 3204117.0, 5947273.0 ], [ 3204090.0, 5947292.0 ], [ 3204044.0, 5947325.0 ], [ 3204025.0, 5947339.0 ], [ 3204000.0, 5947357.0 ], [ 3203949.0, 5947394.0 ], [ 3203941.0, 5947399.0 ], [ 3203929.0, 5947408.0 ], [ 3203903.0, 5947427.0 ], [ 3203881.0, 5947443.0 ], [ 3203832.0, 5947478.0 ], [ 3203829.0, 5947480.0 ], [ 3203811.0, 5947493.0 ], [ 3203802.0, 5947500.0 ], [ 3203778.0, 5947517.0 ], [ 3203745.0, 5947541.0 ], [ 3203735.0, 5947548.0 ], [ 3203725.0, 5947555.0 ], [ 3203721.0, 5947559.0 ], [ 3203714.0, 5947563.0 ], [ 3203696.0, 5947577.0 ], [ 3203683.0, 5947586.0 ] ], [ [ 3203683.0, 5947586.0 ], [ 3203668.0, 5947596.0 ], [ 3203609.0, 5947639.0 ], [ 3203578.0, 5947661.0 ], [ 3203573.0, 5947665.0 ], [ 3203547.0, 5947684.0 ], [ 3203543.0, 5947687.0 ], [ 3203538.0, 5947690.0 ], [ 3203515.0, 5947707.0 ], [ 3203503.0, 5947715.0 ], [ 3203493.0, 5947723.0 ], [ 3203488.0, 5947726.0 ], [ 3203472.0, 5947738.0 ], [ 3203420.0, 5947775.0 ], [ 3203389.0, 5947797.0 ], [ 3203377.0, 5947806.0 ], [ 3203330.0, 5947839.0 ] ], [ [ 3203330.0, 5947839.0 ], [ 3203311.0, 5947853.0 ], [ 3203294.0, 5947866.0 ], [ 3203271.0, 5947882.0 ], [ 3203245.0, 5947901.0 ], [ 3203198.0, 5947935.0 ], [ 3203167.0, 5947957.0 ], [ 3203135.0, 5947980.0 ], [ 3203077.0, 5948022.0 ], [ 3203043.0, 5948046.0 ], [ 3203037.0, 5948051.0 ], [ 3202918.0, 5948137.0 ], [ 3202904.0, 5948147.0 ], [ 3202861.0, 5948177.0 ], [ 3202780.0, 5948237.0 ], [ 3202769.0, 5948244.0 ], [ 3202711.0, 5948286.0 ], [ 3202697.0, 5948296.0 ], [ 3202691.0, 5948301.0 ], [ 3202656.0, 5948326.0 ] ] ] } },
{ "type": "Feature", "properties": { "betweenness_centrality": "0.00031645569620253165", "source": "738745199.0", "target": "11622799957.0", "ordering_betweenness_centrality": "215", "length": 1741, "length_cumulative": 377838 }, "geometry": { "type": "MultiLineString", "coordinates": [ [ [ 3209508.0, 5939842.0 ], [ 3209517.0, 5939848.0 ], [ 3209568.0, 5939783.0 ], [ 3209576.0, 5939772.0 ], [ 3209619.0, 5939714.0 ], [ 3209665.0, 5939661.0 ], [ 3209729.0, 5939600.0 ], [ 3209834.0, 5939501.0 ], [ 3209859.0, 5939476.0 ], [ 3209902.0, 5939434.0 ], [ 3209964.0, 5939379.0 ], [ 3210048.0, 5939307.0 ], [ 3210111.0, 5939255.0 ], [ 3210131.0, 5939238.0 ] ], [ [ 3213666.0, 5938513.0 ], [ 3213721.0, 5938459.0 ], [ 3213830.0, 5938358.0 ] ], [ [ 3213830.0, 5938358.0 ], [ 3213900.0, 5938294.0 ], [ 3213965.0, 5938238.0 ], [ 3213976.0, 5938228.0 ], [ 3214010.0, 5938197.0 ], [ 3214067.0, 5938144.0 ], [ 3214089.0, 5938135.0 ], [ 3214105.0, 5938130.0 ], [ 3214124.0, 5938127.0 ], [ 3214142.0, 5938125.0 ], [ 3214160.0, 5938127.0 ], [ 3214182.0, 5938131.0 ], [ 3214245.0, 5938142.0 ], [ 3214378.0, 5938169.0 ] ] ] } },
{ "type": "Feature", "properties": { "betweenness_centrality": "0.00031645569620253165", "source": "6942393828.0", "target": "570761460.0", "ordering_betweenness_centrality": "221", "length": 577, "length_cumulative": 378415 }, "geometry": { "type": "LineString", "coordinates": [ [ 3212866.0, 5935999.0 ], [ 3212854.0, 5936011.0 ], [ 3212814.0, 5936055.0 ], [ 3212802.0, 5936069.0 ], [ 3212793.0, 5936081.0 ], [ 3212783.0, 5936091.0 ], [ 3212764.0, 5936111.0 ], [ 3212760.0, 5936115.0 ], [ 3212740.0, 5936137.0 ], [ 3212735.0, 5936143.0 ], [ 3212723.0, 5936155.0 ], [ 3212712.0, 5936168.0 ], [ 3212682.0, 5936200.0 ], [ 3212676.0, 5936208.0 ], [ 3212664.0, 5936221.0 ], [ 3212645.0, 5936241.0 ], [ 3212628.0, 5936260.0 ], [ 3212619.0, 5936269.0 ], [ 3212609.0, 5936281.0 ], [ 3212586.0, 5936307.0 ], [ 3212577.0, 5936316.0 ], [ 3212572.0, 5936322.0 ], [ 3212556.0, 5936340.0 ], [ 3212547.0, 5936350.0 ], [ 3212541.0, 5936357.0 ], [ 3212506.0, 5936396.0 ], [ 3212496.0, 5936407.0 ], [ 3212479.0, 5936427.0 ] ] } },
{ "type": "Feature", "properties": { "betweenness_centrality": "0.00031645569620253165", "source": "6942393828.0", "target": "738745199.0", "ordering_betweenness_centrality": "222", "length": 16, "length_cumulative": 378432 }, "geometry": { "type": "LineString", "coordinates": [ [ 3211937.0, 5937108.0 ], [ 3211952.0, 5937100.0 ] ] } },
{ "type": "Feature", "properties": { "betweenness_centrality": "0.00031645569620253165", "source": "365332384.0", "target": "7156950422.0", "ordering_betweenness_centrality": "223", "length": 2282, "length_cumulative": 380715 }, "geometry": { "type": "LineString", "coordinates": [ [ 3211688.0, 5950465.0 ], [ 3211701.0, 5950466.0 ], [ 3211729.0, 5950474.0 ], [ 3211775.0, 5950480.0 ], [ 3211782.0, 5950516.0 ], [ 3211786.0, 5950537.0 ], [ 3211796.0, 5950575.0 ], [ 3211816.0, 5950580.0 ], [ 3211827.0, 5950580.0 ], [ 3211834.0, 5950579.0 ], [ 3211842.0, 5950573.0 ], [ 3211849.0, 5950565.0 ], [ 3211861.0, 5950560.0 ], [ 3211870.0, 5950557.0 ], [ 3211879.0, 5950557.0 ], [ 3211887.0, 5950534.0 ], [ 3211898.0, 5950517.0 ], [ 3211910.0, 5950501.0 ], [ 3211921.0, 5950497.0 ], [ 3211934.0, 5950497.0 ], [ 3211947.0, 5950496.0 ], [ 3211956.0, 5950495.0 ], [ 3212002.0, 5950492.0 ], [ 3212014.0, 5950486.0 ], [ 3212032.0, 5950481.0 ], [ 3212045.0, 5950479.0 ], [ 3212064.0, 5950479.0 ], [ 3212071.0, 5950479.0 ], [ 3212073.0, 5950479.0 ], [ 3212075.0, 5950479.0 ], [ 3212130.0, 5950482.0 ], [ 3212183.0, 5950485.0 ], [ 3212201.0, 5950490.0 ], [ 3212210.0, 5950489.0 ], [ 3212213.0, 5950488.0 ], [ 3212269.0, 5950488.0 ], [ 3212275.0, 5950487.0 ], [ 3212279.0, 5950486.0 ], [ 3212289.0, 5950482.0 ], [ 3212291.0, 5950481.0 ], [ 3212296.0, 5950471.0 ], [ 3212299.0, 5950461.0 ], [ 3212287.0, 5950430.0 ], [ 3212278.0, 5950395.0 ], [ 3212270.0, 5950350.0 ], [ 3212296.0, 5950344.0 ], [ 3212314.0, 5950343.0 ], [ 3212365.0, 5950331.0 ], [ 3212525.0, 5950290.0 ], [ 3212550.0, 5950284.0 ], [ 3212553.0, 5950298.0 ], [ 3212601.0, 5950286.0 ], [ 3212615.0, 5950282.0 ], [ 3212730.0, 5950253.0 ], [ 3212776.0, 5950241.0 ], [ 3212807.0, 5950233.0 ], [ 3212914.0, 5950205.0 ], [ 3212915.0, 5950205.0 ], [ 3212921.0, 5950204.0 ], [ 3212925.0, 5950203.0 ], [ 3212972.0, 5950189.0 ], [ 3213030.0, 5950174.0 ], [ 3213056.0, 5950168.0 ], [ 3213085.0, 5950160.0 ], [ 3213163.0, 5950139.0 ], [ 3213223.0, 5950124.0 ], [ 3213262.0, 5950114.0 ], [ 3213323.0, 5950098.0 ], [ 3213403.0, 5950078.0 ], [ 3213485.0, 5950056.0 ], [ 3213506.0, 5950050.0 ], [ 3213567.0, 5950034.0 ], [ 3213634.0, 5950017.0 ] ] } }
]
}
