{
"type": "FeatureCollection",
"name": "kyiv-grid",
"crs": { "type": "name", "properties": { "name": "urn:ogc:def:crs:EPSG::3857" } },
"features": [
{ "type": "Feature", "properties": { "osmid": 11584723378.0 }, "geometry": { "type": "Point", "coordinates": [ 3410606.0, 6509868.0 ] } },
{ "type": "Feature", "properties": { "osmid": 11085703929.0 }, "geometry": { "type": "Point", "coordinates": [ 3412320.0, 6518400.0 ] } },
{ "type": "Feature", "properties": { "osmid": 13521965359.0 }, "geometry": { "type": "Point", "coordinates": [ 3388423.0, 6513277.0 ] } },
{ "type": "Feature", "properties": { "osmid": 11513985622.0 }, "geometry": { "type": "Point", "coordinates": [ 3395247.0, 6533760.0 ] } },
{ "type": "Feature", "properties": { "osmid": 1305956710.0 }, "geometry": { "type": "Point", "coordinates": [ 3390132.0, 6532055.0 ] } },
{ "type": "Feature", "properties": { "osmid": 672469271.0 }, "geometry": { "type": "Point", "coordinates": [ 3410614.0, 6514996.0 ] } },
{ "type": "Feature", "properties": { "osmid": 6188960958.0 }, "geometry": { "type": "Point", "coordinates": [ 3417441.0, 6513275.0 ] } },
{ "type": "Feature", "properties": { "osmid": 874445214.0 }, "geometry": { "type": "Point", "coordinates": [ 3408903.0, 6532050.0 ] } },
{ "type": "Feature", "properties": { "osmid": 5538970826.0 }, "geometry": { "type": "Point", "coordinates": [ 3408913.0, 6530349.0 ] } },
{ "type": "Feature", "properties": { "osmid": 2297545761.0 }, "geometry": { "type": "Point", "coordinates": [ 3410601.0, 6530357.0 ] } },
{ "type": "Feature", "properties": { "osmid": 12941387225.0 }, "geometry": { "type": "Point", "coordinates": [ 3405499.0, 6513277.0 ] } },
{ "type": "Feature", "properties": { "osmid": 12606613458.0 }, "geometry": { "type": "Point", "coordinates": [ 3391827.0, 6525222.0 ] } },
{ "type": "Feature", "properties": { "osmid": 11034823679.0 }, "geometry": { "type": "Point", "coordinates": [ 3414013.0, 6520112.0 ] } },
{ "type": "Feature", "properties": { "osmid": 1941366939.0 }, "geometry": { "type": "Point", "coordinates": [ 3402064.0, 6520107.0 ] } },
{ "type": "Feature", "properties": { "osmid": 256722747.0 }, "geometry": { "type": "Point", "coordinates": [ 3390114.0, 6521819.0 ] } },
{ "type": "Feature", "properties": { "osmid": 5467894567.0 }, "geometry": { "type": "Point", "coordinates": [ 3393550.0, 6532067.0 ] } },
{ "type": "Feature", "properties": { "osmid": 11125500477.0 }, "geometry": { "type": "Point", "coordinates": [ 3393544.0, 6525219.0 ] } },
{ "type": "Feature", "properties": { "osmid": 7809846080.0 }, "geometry": { "type": "Point", "coordinates": [ 3400361.0, 6535485.0 ] } },
{ "type": "Feature", "properties": { "osmid": 2461797632.0 }, "geometry": { "type": "Point", "coordinates": [ 3393535.0, 6537167.0 ] } },
{ "type": "Feature", "properties": { "osmid": 1493612905.0 }, "geometry": { "type": "Point", "coordinates": [ 3412305.0, 6514981.0 ] } },
{ "type": "Feature", "properties": { "osmid": 5357552055.0 }, "geometry": { "type": "Point", "coordinates": [ 3415745.0, 6514986.0 ] } },
{ "type": "Feature", "properties": { "osmid": 7909867690.0 }, "geometry": { "type": "Point", "coordinates": [ 3395234.0, 6511583.0 ] } },
{ "type": "Feature", "properties": { "osmid": 5709855907.0 }, "geometry": { "type": "Point", "coordinates": [ 3391827.0, 6518390.0 ] } },
{ "type": "Feature", "properties": { "osmid": 5297455516.0 }, "geometry": { "type": "Point", "coordinates": [ 3396962.0, 6520097.0 ] } },
{ "type": "Feature", "properties": { "osmid": 571195319.0 }, "geometry": { "type": "Point", "coordinates": [ 3405493.0, 6525246.0 ] } },
{ "type": "Feature", "properties": { "osmid": 13123020839.0 }, "geometry": { "type": "Point", "coordinates": [ 3408914.0, 6538876.0 ] } },
{ "type": "Feature", "properties": { "osmid": 3171503706.0 }, "geometry": { "type": "Point", "coordinates": [ 3386696.0, 6520110.0 ] } },
{ "type": "Feature", "properties": { "osmid": 5062772419.0 }, "geometry": { "type": "Point", "coordinates": [ 3414031.0, 6513268.0 ] } },
{ "type": "Feature", "properties": { "osmid": 3783423720.0 }, "geometry": { "type": "Point", "coordinates": [ 3386698.0, 6526946.0 ] } },
{ "type": "Feature", "properties": { "osmid": 10738767847.0 }, "geometry": { "type": "Point", "coordinates": [ 3402088.0, 6526928.0 ] } },
{ "type": "Feature", "properties": { "osmid": 7776129318.0 }, "geometry": { "type": "Point", "coordinates": [ 3400380.0, 6526950.0 ] } },
{ "type": "Feature", "properties": { "osmid": 11916555718.0 }, "geometry": { "type": "Point", "coordinates": [ 3379897.0, 6523514.0 ] } },
{ "type": "Feature", "properties": { "osmid": 811672542.0 }, "geometry": { "type": "Point", "coordinates": [ 3407213.0, 6513282.0 ] } },
{ "type": "Feature", "properties": { "osmid": 8757698144.0 }, "geometry": { "type": "Point", "coordinates": [ 3396939.0, 6538879.0 ] } },
{ "type": "Feature", "properties": { "osmid": 7520017598.0 }, "geometry": { "type": "Point", "coordinates": [ 3407178.0, 6523521.0 ] } },
{ "type": "Feature", "properties": { "osmid": 1191328543.0 }, "geometry": { "type": "Point", "coordinates": [ 3410597.0, 6518390.0 ] } },
{ "type": "Feature", "properties": { "osmid": 7724574182.0 }, "geometry": { "type": "Point", "coordinates": [ 3383291.0, 6520092.0 ] } },
{ "type": "Feature", "properties": { "osmid": 2699966271.0 }, "geometry": { "type": "Point", "coordinates": [ 3408910.0, 6526919.0 ] } },
{ "type": "Feature", "properties": { "osmid": 1890524113.0 }, "geometry": { "type": "Point", "coordinates": [ 3379902.0, 6521808.0 ] } },
{ "type": "Feature", "properties": { "osmid": 10942130347.0 }, "geometry": { "type": "Point", "coordinates": [ 3379870.0, 6538902.0 ] } },
{ "type": "Feature", "properties": { "osmid": 2318102648.0 }, "geometry": { "type": "Point", "coordinates": [ 3378190.0, 6530369.0 ] } },
{ "type": "Feature", "properties": { "osmid": 4506441015.0 }, "geometry": { "type": "Point", "coordinates": [ 3386694.0, 6518392.0 ] } },
{ "type": "Feature", "properties": { "osmid": 2874099094.0 }, "geometry": { "type": "Point", "coordinates": [ 3376492.0, 6528644.0 ] } },
{ "type": "Feature", "properties": { "osmid": 1603409893.0 }, "geometry": { "type": "Point", "coordinates": [ 3395226.0, 6528638.0 ] } },
{ "type": "Feature", "properties": { "osmid": 12381023094.0 }, "geometry": { "type": "Point", "coordinates": [ 3407208.0, 6535492.0 ] } },
{ "type": "Feature", "properties": { "osmid": 5903114843.0 }, "geometry": { "type": "Point", "coordinates": [ 3410596.0, 6537198.0 ] } },
{ "type": "Feature", "properties": { "osmid": 7659292815.0 }, "geometry": { "type": "Point", "coordinates": [ 3390107.0, 6533755.0 ] } },
{ "type": "Feature", "properties": { "osmid": 3736623571.0 }, "geometry": { "type": "Point", "coordinates": [ 3398644.0, 6516711.0 ] } },
{ "type": "Feature", "properties": { "osmid": 12084610546.0 }, "geometry": { "type": "Point", "coordinates": [ 3391848.0, 6542284.0 ] } },
{ "type": "Feature", "properties": { "osmid": 3542664816.0 }, "geometry": { "type": "Point", "coordinates": [ 3384985.0, 6523513.0 ] } },
{ "type": "Feature", "properties": { "osmid": 12742121590.0 }, "geometry": { "type": "Point", "coordinates": [ 3407208.0, 6533746.0 ] } },
{ "type": "Feature", "properties": { "osmid": 5160688233.0 }, "geometry": { "type": "Point", "coordinates": [ 3408911.0, 6489407.0 ] } },
{ "type": "Feature", "properties": { "osmid": 3579139223.0 }, "geometry": { "type": "Point", "coordinates": [ 3386709.0, 6530376.0 ] } },
{ "type": "Feature", "properties": { "osmid": 4365589993.0 }, "geometry": { "type": "Point", "coordinates": [ 3386736.0, 6532056.0 ] } },
{ "type": "Feature", "properties": { "osmid": 4923831774.0 }, "geometry": { "type": "Point", "coordinates": [ 3388427.0, 6547445.0 ] } },
{ "type": "Feature", "properties": { "osmid": 10785399252.0 }, "geometry": { "type": "Point", "coordinates": [ 3391852.0, 6513267.0 ] } },
{ "type": "Feature", "properties": { "osmid": 13361887638.0 }, "geometry": { "type": "Point", "coordinates": [ 3379860.0, 6526946.0 ] } },
{ "type": "Feature", "properties": { "osmid": 1706301733.0 }, "geometry": { "type": "Point", "coordinates": [ 3412305.0, 6516674.0 ] } },
{ "type": "Feature", "properties": { "osmid": 7705245068.0 }, "geometry": { "type": "Point", "coordinates": [ 3383319.0, 6518417.0 ] } },
{ "type": "Feature", "properties": { "osmid": 12237380756.0 }, "geometry": { "type": "Point", "coordinates": [ 3384982.0, 6516685.0 ] } },
{ "type": "Feature", "properties": { "osmid": 4009524139.0 }, "geometry": { "type": "Point", "coordinates": [ 3403761.0, 6518388.0 ] } },
{ "type": "Feature", "properties": { "osmid": 3217184581.0 }, "geometry": { "type": "Point", "coordinates": [ 3390151.0, 6509863.0 ] } },
{ "type": "Feature", "properties": { "osmid": 11491329815.0 }, "geometry": { "type": "Point", "coordinates": [ 3405464.0, 6538881.0 ] } },
{ "type": "Feature", "properties": { "osmid": 5286615978.0 }, "geometry": { "type": "Point", "coordinates": [ 3369668.0, 6533762.0 ] } },
{ "type": "Feature", "properties": { "osmid": 1464034680.0 }, "geometry": { "type": "Point", "coordinates": [ 3381610.0, 6533785.0 ] } },
{ "type": "Feature", "properties": { "osmid": 13140422506.0 }, "geometry": { "type": "Point", "coordinates": [ 3408894.0, 6525256.0 ] } },
{ "type": "Feature", "properties": { "osmid": 8224173931.0 }, "geometry": { "type": "Point", "coordinates": [ 3402068.0, 6532033.0 ] } },
{ "type": "Feature", "properties": { "osmid": 9933662152.0 }, "geometry": { "type": "Point", "coordinates": [ 3386696.0, 6535452.0 ] } },
{ "type": "Feature", "properties": { "osmid": 2678567854.0 }, "geometry": { "type": "Point", "coordinates": [ 3398674.0, 6530329.0 ] } },
{ "type": "Feature", "properties": { "osmid": 5173064020.0 }, "geometry": { "type": "Point", "coordinates": [ 3405469.0, 6485952.0 ] } },
{ "type": "Feature", "properties": { "osmid": 1945920844.0 }, "geometry": { "type": "Point", "coordinates": [ 3407209.0, 6484288.0 ] } },
{ "type": "Feature", "properties": { "osmid": 2724131988.0 }, "geometry": { "type": "Point", "coordinates": [ 3386715.0, 6523553.0 ] } },
{ "type": "Feature", "properties": { "osmid": 3023132247.0 }, "geometry": { "type": "Point", "coordinates": [ 3391829.0, 6530324.0 ] } },
{ "type": "Feature", "properties": { "osmid": 2017692331.0 }, "geometry": { "type": "Point", "coordinates": [ 3402096.0, 6521798.0 ] } },
{ "type": "Feature", "properties": { "osmid": 11766581063.0 }, "geometry": { "type": "Point", "coordinates": [ 3415758.0, 6520122.0 ] } },
{ "type": "Feature", "properties": { "osmid": 799228864.0 }, "geometry": { "type": "Point", "coordinates": [ 3388448.0, 6533774.0 ] } },
{ "type": "Feature", "properties": { "osmid": 256371651.0 }, "geometry": { "type": "Point", "coordinates": [ 3396924.0, 6532055.0 ] } },
{ "type": "Feature", "properties": { "osmid": 2282823116.0 }, "geometry": { "type": "Point", "coordinates": [ 3419160.0, 6518429.0 ] } },
{ "type": "Feature", "properties": { "osmid": 3644701955.0 }, "geometry": { "type": "Point", "coordinates": [ 3388440.0, 6520131.0 ] } },
{ "type": "Feature", "properties": { "osmid": 4896326982.0 }, "geometry": { "type": "Point", "coordinates": [ 3391857.0, 6526956.0 ] } },
{ "type": "Feature", "properties": { "osmid": 11755595578.0 }, "geometry": { "type": "Point", "coordinates": [ 3398636.0, 6520127.0 ] } },
{ "type": "Feature", "properties": { "osmid": 713366606.0 }, "geometry": { "type": "Point", "coordinates": [ 3393568.0, 6542313.0 ] } },
{ "type": "Feature", "properties": { "osmid": 4816073283.0 }, "geometry": { "type": "Point", "coordinates": [ 3414025.0, 6530321.0 ] } },
{ "type": "Feature", "properties": { "osmid": 1547682449.0 }, "geometry": { "type": "Point", "coordinates": [ 3385033.0, 6530366.0 ] } },
{ "type": "Feature", "properties": { "osmid": 11263346058.0 }, "geometry": { "type": "Point", "coordinates": [ 3376451.0, 6526964.0 ] } },
{ "type": "Feature", "properties": { "osmid": 1149359846.0 }, "geometry": { "type": "Point", "coordinates": [ 3408874.0, 6520096.0 ] } },
{ "type": "Feature", "properties": { "osmid": 3800710466.0 }, "geometry": { "type": "Point", "coordinates": [ 3410594.0, 6516724.0 ] } },
{ "type": "Feature", "properties": { "osmid": 2602790616.0 }, "geometry": { "type": "Point", "coordinates": [ 3395278.0, 6537170.0 ] } },
{ "type": "Feature", "properties": { "osmid": 4317338625.0 }, "geometry": { "type": "Point", "coordinates": [ 3386708.0, 6525264.0 ] } },
{ "type": "Feature", "properties": { "osmid": 13360309726.0 }, "geometry": { "type": "Point", "coordinates": [ 3415723.0, 6523557.0 ] } },
{ "type": "Feature", "properties": { "osmid": 4218163048.0 }, "geometry": { "type": "Point", "coordinates": [ 3395262.0, 6538917.0 ] } },
{ "type": "Feature", "properties": { "osmid": 12045497016.0 }, "geometry": { "type": "Point", "coordinates": [ 3388423.0, 6544042.0 ] } },
{ "type": "Feature", "properties": { "osmid": 1631183230.0 }, "geometry": { "type": "Point", "coordinates": [ 3407163.0, 6525241.0 ] } },
{ "type": "Feature", "properties": { "osmid": 7423869755.0 }, "geometry": { "type": "Point", "coordinates": [ 3405489.0, 6520076.0 ] } },
{ "type": "Feature", "properties": { "osmid": 4883673398.0 }, "geometry": { "type": "Point", "coordinates": [ 3402049.0, 6518426.0 ] } },
{ "type": "Feature", "properties": { "osmid": 13388325515.0 }, "geometry": { "type": "Point", "coordinates": [ 3381586.0, 6525265.0 ] } },
{ "type": "Feature", "properties": { "osmid": 5357838001.0 }, "geometry": { "type": "Point", "coordinates": [ 3410582.0, 6513262.0 ] } },
{ "type": "Feature", "properties": { "osmid": 8756510317.0 }, "geometry": { "type": "Point", "coordinates": [ 3403789.0, 6523558.0 ] } },
{ "type": "Feature", "properties": { "osmid": 1624002792.0 }, "geometry": { "type": "Point", "coordinates": [ 3408869.0, 6514995.0 ] } },
{ "type": "Feature", "properties": { "osmid": 5359325073.0 }, "geometry": { "type": "Point", "coordinates": [ 3403798.0, 6537212.0 ] } },
{ "type": "Feature", "properties": { "osmid": 2311631396.0 }, "geometry": { "type": "Point", "coordinates": [ 3383283.0, 6532091.0 ] } },
{ "type": "Feature", "properties": { "osmid": 11080734952.0 }, "geometry": { "type": "Point", "coordinates": [ 3388389.0, 6526957.0 ] } },
{ "type": "Feature", "properties": { "osmid": 2851989839.0 }, "geometry": { "type": "Point", "coordinates": [ 3412318.0, 6530388.0 ] } },
{ "type": "Feature", "properties": { "osmid": 3094947964.0 }, "geometry": { "type": "Point", "coordinates": [ 3385038.0, 6521831.0 ] } },
{ "type": "Feature", "properties": { "osmid": 301975025.0 }, "geometry": { "type": "Point", "coordinates": [ 3396971.0, 6508129.0 ] } },
{ "type": "Feature", "properties": { "osmid": 1352864685.0 }, "geometry": { "type": "Point", "coordinates": [ 3398625.0, 6537178.0 ] } },
{ "type": "Feature", "properties": { "osmid": 4792240414.0 }, "geometry": { "type": "Point", "coordinates": [ 3386690.0, 6516725.0 ] } },
{ "type": "Feature", "properties": { "osmid": 4760427985.0 }, "geometry": { "type": "Point", "coordinates": [ 3398644.0, 6528614.0 ] } },
{ "type": "Feature", "properties": { "osmid": 4821853244.0 }, "geometry": { "type": "Point", "coordinates": [ 3410619.0, 6532024.0 ] } },
{ "type": "Feature", "properties": { "osmid": 4821598983.0 }, "geometry": { "type": "Point", "coordinates": [ 3414058.0, 6528659.0 ] } },
{ "type": "Feature", "properties": { "osmid": 2400655909.0 }, "geometry": { "type": "Point", "coordinates": [ 3367965.0, 6521795.0 ] } },
{ "type": "Feature", "properties": { "osmid": 12280139342.0 }, "geometry": { "type": "Point", "coordinates": [ 3426005.0, 6538867.0 ] } },
{ "type": "Feature", "properties": { "osmid": 11013530011.0 }, "geometry": { "type": "Point", "coordinates": [ 3403771.0, 6491128.0 ] } },
{ "type": "Feature", "properties": { "osmid": 5891801440.0 }, "geometry": { "type": "Point", "coordinates": [ 3420890.0, 6532058.0 ] } },
{ "type": "Feature", "properties": { "osmid": 2955179970.0 }, "geometry": { "type": "Point", "coordinates": [ 3390160.0, 6535492.0 ] } },
{ "type": "Feature", "properties": { "osmid": 11017061012.0 }, "geometry": { "type": "Point", "coordinates": [ 3393578.0, 6514998.0 ] } },
{ "type": "Feature", "properties": { "osmid": 9910000648.0 }, "geometry": { "type": "Point", "coordinates": [ 3405452.0, 6526954.0 ] } },
{ "type": "Feature", "properties": { "osmid": 7988032073.0 }, "geometry": { "type": "Point", "coordinates": [ 3381588.0, 6520151.0 ] } },
{ "type": "Feature", "properties": { "osmid": 7829300102.0 }, "geometry": { "type": "Point", "coordinates": [ 3393561.0, 6543973.0 ] } },
{ "type": "Feature", "properties": { "osmid": 1466132007.0 }, "geometry": { "type": "Point", "coordinates": [ 3381550.0, 6535467.0 ] } },
{ "type": "Feature", "properties": { "osmid": 1152778712.0 }, "geometry": { "type": "Point", "coordinates": [ 3407178.0, 6509906.0 ] } },
{ "type": "Feature", "properties": { "osmid": 5688362727.0 }, "geometry": { "type": "Point", "coordinates": [ 3391796.0, 6520090.0 ] } },
{ "type": "Feature", "properties": { "osmid": 1754993262.0 }, "geometry": { "type": "Point", "coordinates": [ 3403776.0, 6525273.0 ] } },
{ "type": "Feature", "properties": { "osmid": 5888528037.0 }, "geometry": { "type": "Point", "coordinates": [ 3408937.0, 6508136.0 ] } },
{ "type": "Feature", "properties": { "osmid": 1727651054.0 }, "geometry": { "type": "Point", "coordinates": [ 3384972.0, 6520138.0 ] } },
{ "type": "Feature", "properties": { "osmid": 1280151293.0 }, "geometry": { "type": "Point", "coordinates": [ 3412360.0, 6520113.0 ] } },
{ "type": "Feature", "properties": { "osmid": 2381745446.0 }, "geometry": { "type": "Point", "coordinates": [ 3405456.0, 6530380.0 ] } },
{ "type": "Feature", "properties": { "osmid": 5872349869.0 }, "geometry": { "type": "Point", "coordinates": [ 3393555.0, 6520069.0 ] } },
{ "type": "Feature", "properties": { "osmid": 2486324717.0 }, "geometry": { "type": "Point", "coordinates": [ 3427686.0, 6540637.0 ] } },
{ "type": "Feature", "properties": { "osmid": 4838798363.0 }, "geometry": { "type": "Point", "coordinates": [ 3388459.0, 6530335.0 ] } },
{ "type": "Feature", "properties": { "osmid": 1663541177.0 }, "geometry": { "type": "Point", "coordinates": [ 3412306.0, 6523482.0 ] } },
{ "type": "Feature", "properties": { "osmid": 1728098497.0 }, "geometry": { "type": "Point", "coordinates": [ 3413982.0, 6515003.0 ] } },
{ "type": "Feature", "properties": { "osmid": 11446466127.0 }, "geometry": { "type": "Point", "coordinates": [ 3396932.0, 6525271.0 ] } },
{ "type": "Feature", "properties": { "osmid": 11804288117.0 }, "geometry": { "type": "Point", "coordinates": [ 3376425.0, 6540587.0 ] } },
{ "type": "Feature", "properties": { "osmid": 466475394.0 }, "geometry": { "type": "Point", "coordinates": [ 3408932.0, 6511611.0 ] } },
{ "type": "Feature", "properties": { "osmid": 4307553986.0 }, "geometry": { "type": "Point", "coordinates": [ 3410580.0, 6525266.0 ] } },
{ "type": "Feature", "properties": { "osmid": 5260850672.0 }, "geometry": { "type": "Point", "coordinates": [ 3396990.0, 6537150.0 ] } },
{ "type": "Feature", "properties": { "osmid": 1985776097.0 }, "geometry": { "type": "Point", "coordinates": [ 3408886.0, 6528689.0 ] } },
{ "type": "Feature", "properties": { "osmid": 4425719753.0 }, "geometry": { "type": "Point", "coordinates": [ 3391787.0, 6528633.0 ] } },
{ "type": "Feature", "properties": { "osmid": 11258041880.0 }, "geometry": { "type": "Point", "coordinates": [ 3381629.0, 6521788.0 ] } },
{ "type": "Feature", "properties": { "osmid": 1151736662.0 }, "geometry": { "type": "Point", "coordinates": [ 3407236.0, 6508187.0 ] } },
{ "type": "Feature", "properties": { "osmid": 9867928664.0 }, "geometry": { "type": "Point", "coordinates": [ 3390126.0, 6542350.0 ] } },
{ "type": "Feature", "properties": { "osmid": 11013530309.0 }, "geometry": { "type": "Point", "coordinates": [ 3403736.0, 6497935.0 ] } },
{ "type": "Feature", "properties": { "osmid": 3664596558.0 }, "geometry": { "type": "Point", "coordinates": [ 3403737.0, 6533784.0 ] } },
{ "type": "Feature", "properties": { "osmid": 7320484800.0 }, "geometry": { "type": "Point", "coordinates": [ 3402094.0, 6502994.0 ] } },
{ "type": "Feature", "properties": { "osmid": 13357918447.0 }, "geometry": { "type": "Point", "coordinates": [ 3410657.0, 6523506.0 ] } },
{ "type": "Feature", "properties": { "osmid": 442153038.0 }, "geometry": { "type": "Point", "coordinates": [ 3407230.0, 6532097.0 ] } },
{ "type": "Feature", "properties": { "osmid": 5448644526.0 }, "geometry": { "type": "Point", "coordinates": [ 3391813.0, 6537227.0 ] } },
{ "type": "Feature", "properties": { "osmid": 2499461904.0 }, "geometry": { "type": "Point", "coordinates": [ 3395215.0, 6525190.0 ] } },
{ "type": "Feature", "properties": { "osmid": 5401177347.0 }, "geometry": { "type": "Point", "coordinates": [ 3403772.0, 6499678.0 ] } },
{ "type": "Feature", "properties": { "osmid": 3100698680.0 }, "geometry": { "type": "Point", "coordinates": [ 3403811.0, 6530309.0 ] } },
{ "type": "Feature", "properties": { "osmid": 12550253848.0 }, "geometry": { "type": "Point", "coordinates": [ 3407219.0, 6514941.0 ] } },
{ "type": "Feature", "properties": { "osmid": 1143967773.0 }, "geometry": { "type": "Point", "coordinates": [ 3407194.0, 6506508.0 ] } },
{ "type": "Feature", "properties": { "osmid": 3711208662.0 }, "geometry": { "type": "Point", "coordinates": [ 3378215.0, 6528684.0 ] } },
{ "type": "Feature", "properties": { "osmid": 3804612256.0 }, "geometry": { "type": "Point", "coordinates": [ 3419099.0, 6520081.0 ] } },
{ "type": "Feature", "properties": { "osmid": 2409095592.0 }, "geometry": { "type": "Point", "coordinates": [ 3390180.0, 6528637.0 ] } },
{ "type": "Feature", "properties": { "osmid": 2307711508.0 }, "geometry": { "type": "Point", "coordinates": [ 3376501.0, 6535519.0 ] } },
{ "type": "Feature", "properties": { "osmid": 2666891989.0 }, "geometry": { "type": "Point", "coordinates": [ 3398686.0, 6521768.0 ] } },
{ "type": "Feature", "properties": { "osmid": 11068983175.0 }, "geometry": { "type": "Point", "coordinates": [ 3402024.0, 6516674.0 ] } },
{ "type": "Feature", "properties": { "osmid": 4863453051.0 }, "geometry": { "type": "Point", "coordinates": [ 3422614.0, 6525230.0 ] } },
{ "type": "Feature", "properties": { "osmid": 1763861803.0 }, "geometry": { "type": "Point", "coordinates": [ 3373110.0, 6542314.0 ] } },
{ "type": "Feature", "properties": { "osmid": 4209643499.0 }, "geometry": { "type": "Point", "coordinates": [ 3381582.0, 6523579.0 ] } },
{ "type": "Feature", "properties": { "osmid": 4799886188.0 }, "geometry": { "type": "Point", "coordinates": [ 3395297.0, 6509843.0 ] } },
{ "type": "Feature", "properties": { "osmid": 1194234606.0 }, "geometry": { "type": "Point", "coordinates": [ 3405538.0, 6511603.0 ] } },
{ "type": "Feature", "properties": { "osmid": 12300240876.0 }, "geometry": { "type": "Point", "coordinates": [ 3393484.0, 6528639.0 ] } },
{ "type": "Feature", "properties": { "osmid": 12542542657.0 }, "geometry": { "type": "Point", "coordinates": [ 3373095.0, 6535515.0 ] } },
{ "type": "Feature", "properties": { "osmid": 13286785453.0 }, "geometry": { "type": "Point", "coordinates": [ 3395204.0, 6523486.0 ] } },
{ "type": "Feature", "properties": { "osmid": 3406276739.0 }, "geometry": { "type": "Point", "coordinates": [ 3410658.0, 6526970.0 ] } },
{ "type": "Feature", "properties": { "osmid": 12487316608.0 }, "geometry": { "type": "Point", "coordinates": [ 3426021.0, 6515021.0 ] } },
{ "type": "Feature", "properties": { "osmid": 1623485682.0 }, "geometry": { "type": "Point", "coordinates": [ 3407146.0, 6518374.0 ] } },
{ "type": "Feature", "properties": { "osmid": 2903400720.0 }, "geometry": { "type": "Point", "coordinates": [ 3396989.0, 6518357.0 ] } },
{ "type": "Feature", "properties": { "osmid": 1791235675.0 }, "geometry": { "type": "Point", "coordinates": [ 3398683.0, 6514935.0 ] } },
{ "type": "Feature", "properties": { "osmid": 356967039.0 }, "geometry": { "type": "Point", "coordinates": [ 3395299.0, 6506425.0 ] } },
{ "type": "Feature", "properties": { "osmid": 410434316.0 }, "geometry": { "type": "Point", "coordinates": [ 3419192.0, 6525193.0 ] } },
{ "type": "Feature", "properties": { "osmid": 4744779455.0 }, "geometry": { "type": "Point", "coordinates": [ 3412378.0, 6528643.0 ] } },
{ "type": "Feature", "properties": { "osmid": 4780062132.0 }, "geometry": { "type": "Point", "coordinates": [ 3379823.0, 6528646.0 ] } },
{ "type": "Feature", "properties": { "osmid": 4488272952.0 }, "geometry": { "type": "Point", "coordinates": [ 3386758.0, 6547380.0 ] } },
{ "type": "Feature", "properties": { "osmid": 3280126868.0 }, "geometry": { "type": "Point", "coordinates": [ 3412257.0, 6533783.0 ] } },
{ "type": "Feature", "properties": { "osmid": 1827577666.0 }, "geometry": { "type": "Point", "coordinates": [ 3403729.0, 6503006.0 ] } },
{ "type": "Feature", "properties": { "osmid": 6409390706.0 }, "geometry": { "type": "Point", "coordinates": [ 3395268.0, 6540534.0 ] } },
{ "type": "Feature", "properties": { "osmid": 5361745880.0 }, "geometry": { "type": "Point", "coordinates": [ 3405542.0, 6528682.0 ] } },
{ "type": "Feature", "properties": { "osmid": 13311312951.0 }, "geometry": { "type": "Point", "coordinates": [ 3395196.0, 6530313.0 ] } },
{ "type": "Feature", "properties": { "osmid": 5102022572.0 }, "geometry": { "type": "Point", "coordinates": [ 3391770.0, 6533782.0 ] } },
{ "type": "Feature", "properties": { "osmid": 4119698890.0 }, "geometry": { "type": "Point", "coordinates": [ 3385016.0, 6526873.0 ] } },
{ "type": "Feature", "properties": { "osmid": 11839422400.0 }, "geometry": { "type": "Point", "coordinates": [ 3396894.0, 6530384.0 ] } },
{ "type": "Feature", "properties": { "osmid": 3792478975.0 }, "geometry": { "type": "Point", "coordinates": [ 3393557.0, 6504813.0 ] } },
{ "type": "Feature", "properties": { "osmid": 1636490403.0 }, "geometry": { "type": "Point", "coordinates": [ 3381659.0, 6532062.0 ] } },
{ "type": "Feature", "properties": { "osmid": 1636441704.0 }, "geometry": { "type": "Point", "coordinates": [ 3383256.0, 6526885.0 ] } },
{ "type": "Feature", "properties": { "osmid": 1827503034.0 }, "geometry": { "type": "Point", "coordinates": [ 3405549.0, 6501367.0 ] } },
{ "type": "Feature", "properties": { "osmid": 7832530934.0 }, "geometry": { "type": "Point", "coordinates": [ 3384977.0, 6532122.0 ] } },
{ "type": "Feature", "properties": { "osmid": 10036332192.0 }, "geometry": { "type": "Point", "coordinates": [ 3417504.0, 6514970.0 ] } },
{ "type": "Feature", "properties": { "osmid": 7319869176.0 }, "geometry": { "type": "Point", "coordinates": [ 3390128.0, 6545784.0 ] } },
{ "type": "Feature", "properties": { "osmid": 1981618287.0 }, "geometry": { "type": "Point", "coordinates": [ 3415730.0, 6518473.0 ] } },
{ "type": "Feature", "properties": { "osmid": 4286836898.0 }, "geometry": { "type": "Point", "coordinates": [ 3396888.0, 6528669.0 ] } },
{ "type": "Feature", "properties": { "osmid": 4529724409.0 }, "geometry": { "type": "Point", "coordinates": [ 3376493.0, 6533832.0 ] } },
{ "type": "Feature", "properties": { "osmid": 12318338360.0 }, "geometry": { "type": "Point", "coordinates": [ 3408955.0, 6533814.0 ] } },
{ "type": "Feature", "properties": { "osmid": 13200946259.0 }, "geometry": { "type": "Point", "coordinates": [ 3393474.0, 6530328.0 ] } },
{ "type": "Feature", "properties": { "osmid": 6571347658.0 }, "geometry": { "type": "Point", "coordinates": [ 3383367.0, 6538872.0 ] } },
{ "type": "Feature", "properties": { "osmid": 5270566970.0 }, "geometry": { "type": "Point", "coordinates": [ 3391844.0, 6538957.0 ] } },
{ "type": "Feature", "properties": { "osmid": 3830478064.0 }, "geometry": { "type": "Point", "coordinates": [ 3400309.0, 6520150.0 ] } },
{ "type": "Feature", "properties": { "osmid": 12507451271.0 }, "geometry": { "type": "Point", "coordinates": [ 3410665.0, 6508206.0 ] } },
{ "type": "Feature", "properties": { "osmid": 2807320880.0 }, "geometry": { "type": "Point", "coordinates": [ 3400297.0, 6528655.0 ] } },
{ "type": "Feature", "properties": { "osmid": 5351566092.0 }, "geometry": { "type": "Point", "coordinates": [ 3395188.0, 6520150.0 ] } },
{ "type": "Feature", "properties": { "osmid": 1776776950.0 }, "geometry": { "type": "Point", "coordinates": [ 3415798.0, 6528621.0 ] } },
{ "type": "Feature", "properties": { "osmid": 11199487538.0 }, "geometry": { "type": "Point", "coordinates": [ 3412358.0, 6521876.0 ] } },
{ "type": "Feature", "properties": { "osmid": 12997976722.0 }, "geometry": { "type": "Point", "coordinates": [ 3407267.0, 6521830.0 ] } },
{ "type": "Feature", "properties": { "osmid": 8457112628.0 }, "geometry": { "type": "Point", "coordinates": [ 3376534.0, 6525196.0 ] } },
{ "type": "Feature", "properties": { "osmid": 2241883143.0 }, "geometry": { "type": "Point", "coordinates": [ 3413952.0, 6537194.0 ] } },
{ "type": "Feature", "properties": { "osmid": 5400382455.0 }, "geometry": { "type": "Point", "coordinates": [ 3405564.0, 6532057.0 ] } },
{ "type": "Feature", "properties": { "osmid": 1626653716.0 }, "geometry": { "type": "Point", "coordinates": [ 3407244.0, 6526880.0 ] } },
{ "type": "Feature", "properties": { "osmid": 8808526690.0 }, "geometry": { "type": "Point", "coordinates": [ 3408928.0, 6497847.0 ] } },
{ "type": "Feature", "properties": { "osmid": 1434998076.0 }, "geometry": { "type": "Point", "coordinates": [ 3390201.0, 6513298.0 ] } },
{ "type": "Feature", "properties": { "osmid": 9332886043.0 }, "geometry": { "type": "Point", "coordinates": [ 3378239.0, 6538933.0 ] } },
{ "type": "Feature", "properties": { "osmid": 695815514.0 }, "geometry": { "type": "Point", "coordinates": [ 3415725.0, 6513359.0 ] } },
{ "type": "Feature", "properties": { "osmid": 4095312858.0 }, "geometry": { "type": "Point", "coordinates": [ 3408978.0, 6518383.0 ] } },
{ "type": "Feature", "properties": { "osmid": 3195411673.0 }, "geometry": { "type": "Point", "coordinates": [ 3388391.0, 6535546.0 ] } },
{ "type": "Feature", "properties": { "osmid": 3812011384.0 }, "geometry": { "type": "Point", "coordinates": [ 3379878.0, 6537102.0 ] } },
{ "type": "Feature", "properties": { "osmid": 1758147144.0 }, "geometry": { "type": "Point", "coordinates": [ 3400408.0, 6530285.0 ] } },
{ "type": "Feature", "properties": { "osmid": 268444257.0 }, "geometry": { "type": "Point", "coordinates": [ 3400428.0, 6521766.0 ] } },
{ "type": "Feature", "properties": { "osmid": 3291932159.0 }, "geometry": { "type": "Point", "coordinates": [ 3403707.0, 6516723.0 ] } },
{ "type": "Feature", "properties": { "osmid": 5158918532.0 }, "geometry": { "type": "Point", "coordinates": [ 3417378.0, 6542354.0 ] } },
{ "type": "Feature", "properties": { "osmid": 4459348125.0 }, "geometry": { "type": "Point", "coordinates": [ 3369566.0, 6521794.0 ] } },
{ "type": "Feature", "properties": { "osmid": 6551176102.0 }, "geometry": { "type": "Point", "coordinates": [ 3407126.0, 6511536.0 ] } },
{ "type": "Feature", "properties": { "osmid": 2848194277.0 }, "geometry": { "type": "Point", "coordinates": [ 3376415.0, 6530412.0 ] } },
{ "type": "Feature", "properties": { "osmid": 4846191878.0 }, "geometry": { "type": "Point", "coordinates": [ 3367880.0, 6528705.0 ] } },
{ "type": "Feature", "properties": { "osmid": 5200225502.0 }, "geometry": { "type": "Point", "coordinates": [ 3395296.0, 6513217.0 ] } },
{ "type": "Feature", "properties": { "osmid": 733509639.0 }, "geometry": { "type": "Point", "coordinates": [ 3417411.0, 6509790.0 ] } },
{ "type": "Feature", "properties": { "osmid": 6753985504.0 }, "geometry": { "type": "Point", "coordinates": [ 3381638.0, 6542370.0 ] } },
{ "type": "Feature", "properties": { "osmid": 10047180386.0 }, "geometry": { "type": "Point", "coordinates": [ 3398672.0, 6523607.0 ] } },
{ "type": "Feature", "properties": { "osmid": 10767349387.0 }, "geometry": { "type": "Point", "coordinates": [ 3381568.0, 6538968.0 ] } },
{ "type": "Feature", "properties": { "osmid": 1438374723.0 }, "geometry": { "type": "Point", "coordinates": [ 3398578.0, 6503054.0 ] } },
{ "type": "Feature", "properties": { "osmid": 11898591506.0 }, "geometry": { "type": "Point", "coordinates": [ 3412275.0, 6538813.0 ] } },
{ "type": "Feature", "properties": { "osmid": 7613437038.0 }, "geometry": { "type": "Point", "coordinates": [ 3407230.0, 6494427.0 ] } },
{ "type": "Feature", "properties": { "osmid": 7428162188.0 }, "geometry": { "type": "Point", "coordinates": [ 3403841.0, 6513344.0 ] } },
{ "type": "Feature", "properties": { "osmid": 4804474624.0 }, "geometry": { "type": "Point", "coordinates": [ 3391769.0, 6535413.0 ] } },
{ "type": "Feature", "properties": { "osmid": 10864759562.0 }, "geometry": { "type": "Point", "coordinates": [ 3407284.0, 6499626.0 ] } },
{ "type": "Feature", "properties": { "osmid": 1759106751.0 }, "geometry": { "type": "Point", "coordinates": [ 3386710.0, 6528557.0 ] } },
{ "type": "Feature", "properties": { "osmid": 3266756312.0 }, "geometry": { "type": "Point", "coordinates": [ 3417517.0, 6535512.0 ] } },
{ "type": "Feature", "properties": { "osmid": 6804085292.0 }, "geometry": { "type": "Point", "coordinates": [ 3408989.0, 6513260.0 ] } },
{ "type": "Feature", "properties": { "osmid": 737417110.0 }, "geometry": { "type": "Point", "coordinates": [ 3393629.0, 6506444.0 ] } },
{ "type": "Feature", "properties": { "osmid": 1582291089.0 }, "geometry": { "type": "Point", "coordinates": [ 3403708.0, 6504696.0 ] } },
{ "type": "Feature", "properties": { "osmid": 13322046899.0 }, "geometry": { "type": "Point", "coordinates": [ 3410603.0, 6521908.0 ] } },
{ "type": "Feature", "properties": { "osmid": 12108215380.0 }, "geometry": { "type": "Point", "coordinates": [ 3376383.0, 6544040.0 ] } },
{ "type": "Feature", "properties": { "osmid": 1675855898.0 }, "geometry": { "type": "Point", "coordinates": [ 3395329.0, 6518361.0 ] } },
{ "type": "Feature", "properties": { "osmid": 3384547744.0 }, "geometry": { "type": "Point", "coordinates": [ 3396972.0, 6516788.0 ] } },
{ "type": "Feature", "properties": { "osmid": 2406336661.0 }, "geometry": { "type": "Point", "coordinates": [ 3388506.0, 6514956.0 ] } },
{ "type": "Feature", "properties": { "osmid": 1722658105.0 }, "geometry": { "type": "Point", "coordinates": [ 3400337.0, 6502951.0 ] } },
{ "type": "Feature", "properties": { "osmid": 8381655691.0 }, "geometry": { "type": "Point", "coordinates": [ 3374669.0, 6526950.0 ] } },
{ "type": "Feature", "properties": { "osmid": 1631838458.0 }, "geometry": { "type": "Point", "coordinates": [ 3386619.0, 6514975.0 ] } },
{ "type": "Feature", "properties": { "osmid": 8953739525.0 }, "geometry": { "type": "Point", "coordinates": [ 3403778.0, 6514895.0 ] } },
{ "type": "Feature", "properties": { "osmid": 5158795621.0 }, "geometry": { "type": "Point", "coordinates": [ 3413930.0, 6542311.0 ] } },
{ "type": "Feature", "properties": { "osmid": 4418692787.0 }, "geometry": { "type": "Point", "coordinates": [ 3414049.0, 6532151.0 ] } },
{ "type": "Feature", "properties": { "osmid": 11845775922.0 }, "geometry": { "type": "Point", "coordinates": [ 3374829.0, 6542369.0 ] } },
{ "type": "Feature", "properties": { "osmid": 1132763977.0 }, "geometry": { "type": "Point", "coordinates": [ 3405519.0, 6537270.0 ] } },
{ "type": "Feature", "properties": { "osmid": 10861972953.0 }, "geometry": { "type": "Point", "coordinates": [ 3395233.0, 6502945.0 ] } },
{ "type": "Feature", "properties": { "osmid": 4863453512.0 }, "geometry": { "type": "Point", "coordinates": [ 3422574.0, 6526843.0 ] } },
{ "type": "Feature", "properties": { "osmid": 1860304510.0 }, "geometry": { "type": "Point", "coordinates": [ 3410557.0, 6528726.0 ] } },
{ "type": "Feature", "properties": { "osmid": 4802457631.0 }, "geometry": { "type": "Point", "coordinates": [ 3384917.0, 6518362.0 ] } },
{ "type": "Feature", "properties": { "osmid": 12170530776.0 }, "geometry": { "type": "Point", "coordinates": [ 3422491.0, 6513351.0 ] } },
{ "type": "Feature", "properties": { "osmid": 7096375414.0 }, "geometry": { "type": "Point", "coordinates": [ 3403875.0, 6526904.0 ] } },
{ "type": "Feature", "properties": { "osmid": 11495567096.0 }, "geometry": { "type": "Point", "coordinates": [ 3400269.0, 6537174.0 ] } },
{ "type": "Feature", "properties": { "osmid": 4436578524.0 }, "geometry": { "type": "Point", "coordinates": [ 3391738.0, 6532031.0 ] } },
{ "type": "Feature", "properties": { "osmid": 1826101144.0 }, "geometry": { "type": "Point", "coordinates": [ 3405588.0, 6504754.0 ] } },
{ "type": "Feature", "properties": { "osmid": 11350469314.0 }, "geometry": { "type": "Point", "coordinates": [ 3407256.0, 6503120.0 ] } },
{ "type": "Feature", "properties": { "osmid": 3840180045.0 }, "geometry": { "type": "Point", "coordinates": [ 3398722.0, 6538806.0 ] } },
{ "type": "Feature", "properties": { "osmid": 567895885.0 }, "geometry": { "type": "Point", "coordinates": [ 3383355.0, 6528730.0 ] } },
{ "type": "Feature", "properties": { "osmid": 5444522375.0 }, "geometry": { "type": "Point", "coordinates": [ 3419185.0, 6542207.0 ] } },
{ "type": "Feature", "properties": { "osmid": 9107985215.0 }, "geometry": { "type": "Point", "coordinates": [ 3419235.0, 6521866.0 ] } },
{ "type": "Feature", "properties": { "osmid": 1322589170.0 }, "geometry": { "type": "Point", "coordinates": [ 3415628.0, 6509869.0 ] } },
{ "type": "Feature", "properties": { "osmid": 1322588096.0 }, "geometry": { "type": "Point", "coordinates": [ 3415631.0, 6508137.0 ] } },
{ "type": "Feature", "properties": { "osmid": 4472316909.0 }, "geometry": { "type": "Point", "coordinates": [ 3378106.0, 6540519.0 ] } },
{ "type": "Feature", "properties": { "osmid": 927289912.0 }, "geometry": { "type": "Point", "coordinates": [ 3412376.0, 6511489.0 ] } },
{ "type": "Feature", "properties": { "osmid": 10823605372.0 }, "geometry": { "type": "Point", "coordinates": [ 3402131.0, 6508072.0 ] } },
{ "type": "Feature", "properties": { "osmid": 7900643959.0 }, "geometry": { "type": "Point", "coordinates": [ 3413936.0, 6521759.0 ] } },
{ "type": "Feature", "properties": { "osmid": 11049283020.0 }, "geometry": { "type": "Point", "coordinates": [ 3397059.0, 6503053.0 ] } },
{ "type": "Feature", "properties": { "osmid": 10689316553.0 }, "geometry": { "type": "Point", "coordinates": [ 3391768.0, 6509952.0 ] } },
{ "type": "Feature", "properties": { "osmid": 936290096.0 }, "geometry": { "type": "Point", "coordinates": [ 3393646.0, 6516713.0 ] } },
{ "type": "Feature", "properties": { "osmid": 1739167416.0 }, "geometry": { "type": "Point", "coordinates": [ 3381633.0, 6540693.0 ] } },
{ "type": "Feature", "properties": { "osmid": 11796024276.0 }, "geometry": { "type": "Point", "coordinates": [ 3378166.0, 6542194.0 ] } },
{ "type": "Feature", "properties": { "osmid": 3366560478.0 }, "geometry": { "type": "Point", "coordinates": [ 3400415.0, 6516599.0 ] } },
{ "type": "Feature", "properties": { "osmid": 1891895320.0 }, "geometry": { "type": "Point", "coordinates": [ 3410705.0, 6538940.0 ] } },
{ "type": "Feature", "properties": { "osmid": 1798703840.0 }, "geometry": { "type": "Point", "coordinates": [ 3400467.0, 6515032.0 ] } },
{ "type": "Feature", "properties": { "osmid": 1260667794.0 }, "geometry": { "type": "Point", "coordinates": [ 3412250.0, 6525317.0 ] } },
{ "type": "Feature", "properties": { "osmid": 12131153390.0 }, "geometry": { "type": "Point", "coordinates": [ 3379808.0, 6540516.0 ] } },
{ "type": "Feature", "properties": { "osmid": 9107985204.0 }, "geometry": { "type": "Point", "coordinates": [ 3417334.0, 6523492.0 ] } },
{ "type": "Feature", "properties": { "osmid": 9818897027.0 }, "geometry": { "type": "Point", "coordinates": [ 3391757.0, 6516776.0 ] } },
{ "type": "Feature", "properties": { "osmid": 5158815380.0 }, "geometry": { "type": "Point", "coordinates": [ 3415796.0, 6542212.0 ] } },
{ "type": "Feature", "properties": { "osmid": 13759387746.0 }, "geometry": { "type": "Point", "coordinates": [ 3369705.0, 6535565.0 ] } },
{ "type": "Feature", "properties": { "osmid": 1231241876.0 }, "geometry": { "type": "Point", "coordinates": [ 3424233.0, 6520003.0 ] } },
{ "type": "Feature", "properties": { "osmid": 5858847688.0 }, "geometry": { "type": "Point", "coordinates": [ 3426085.0, 6520123.0 ] } },
{ "type": "Feature", "properties": { "osmid": 1736729835.0 }, "geometry": { "type": "Point", "coordinates": [ 3400257.0, 6497941.0 ] } },
{ "type": "Feature", "properties": { "osmid": 4894063820.0 }, "geometry": { "type": "Point", "coordinates": [ 3429286.0, 6515042.0 ] } },
{ "type": "Feature", "properties": { "osmid": 4802498692.0 }, "geometry": { "type": "Point", "coordinates": [ 3383366.0, 6521725.0 ] } },
{ "type": "Feature", "properties": { "osmid": 1137243759.0 }, "geometry": { "type": "Point", "coordinates": [ 3403888.0, 6535516.0 ] } },
{ "type": "Feature", "properties": { "osmid": 1376716918.0 }, "geometry": { "type": "Point", "coordinates": [ 3397032.0, 6514904.0 ] } },
{ "type": "Feature", "properties": { "osmid": 4570515822.0 }, "geometry": { "type": "Point", "coordinates": [ 3376357.0, 6538914.0 ] } },
{ "type": "Feature", "properties": { "osmid": 8144171287.0 }, "geometry": { "type": "Point", "coordinates": [ 3369617.0, 6528760.0 ] } },
{ "type": "Feature", "properties": { "osmid": 4428677531.0 }, "geometry": { "type": "Point", "coordinates": [ 3383317.0, 6542185.0 ] } },
{ "type": "Feature", "properties": { "osmid": 8072648942.0 }, "geometry": { "type": "Point", "coordinates": [ 3390008.0, 6508167.0 ] } },
{ "type": "Feature", "properties": { "osmid": 874449392.0 }, "geometry": { "type": "Point", "coordinates": [ 3414033.0, 6533886.0 ] } },
{ "type": "Feature", "properties": { "osmid": 3516048108.0 }, "geometry": { "type": "Point", "coordinates": [ 3396953.0, 6504627.0 ] } },
{ "type": "Feature", "properties": { "osmid": 2351225787.0 }, "geometry": { "type": "Point", "coordinates": [ 3395261.0, 6508042.0 ] } },
{ "type": "Feature", "properties": { "osmid": 11669322451.0 }, "geometry": { "type": "Point", "coordinates": [ 3415681.0, 6525122.0 ] } },
{ "type": "Feature", "properties": { "osmid": 8081537842.0 }, "geometry": { "type": "Point", "coordinates": [ 3397065.0, 6540641.0 ] } },
{ "type": "Feature", "properties": { "osmid": 12041366059.0 }, "geometry": { "type": "Point", "coordinates": [ 3390183.0, 6544115.0 ] } },
{ "type": "Feature", "properties": { "osmid": 6141941871.0 }, "geometry": { "type": "Point", "coordinates": [ 3420858.0, 6542422.0 ] } },
{ "type": "Feature", "properties": { "osmid": 1364655868.0 }, "geometry": { "type": "Point", "coordinates": [ 3393564.0, 6518523.0 ] } },
{ "type": "Feature", "properties": { "osmid": 11626629639.0 }, "geometry": { "type": "Point", "coordinates": [ 3417427.0, 6511697.0 ] } },
{ "type": "Feature", "properties": { "osmid": 12772869904.0 }, "geometry": { "type": "Point", "coordinates": [ 3396847.0, 6535411.0 ] } },
{ "type": "Feature", "properties": { "osmid": 1756542558.0 }, "geometry": { "type": "Point", "coordinates": [ 3379937.0, 6532172.0 ] } },
{ "type": "Feature", "properties": { "osmid": 3594063616.0 }, "geometry": { "type": "Point", "coordinates": [ 3400417.0, 6511460.0 ] } },
{ "type": "Feature", "properties": { "osmid": 11350469077.0 }, "geometry": { "type": "Point", "coordinates": [ 3405384.0, 6502972.0 ] } },
{ "type": "Feature", "properties": { "osmid": 9107985839.0 }, "geometry": { "type": "Point", "coordinates": [ 3417559.0, 6521855.0 ] } },
{ "type": "Feature", "properties": { "osmid": 1651519206.0 }, "geometry": { "type": "Point", "coordinates": [ 3395214.0, 6516819.0 ] } },
{ "type": "Feature", "properties": { "osmid": 12248945370.0 }, "geometry": { "type": "Point", "coordinates": [ 3400242.0, 6494484.0 ] } },
{ "type": "Feature", "properties": { "osmid": 8092036496.0 }, "geometry": { "type": "Point", "coordinates": [ 3398780.0, 6504700.0 ] } },
{ "type": "Feature", "properties": { "osmid": 11294012716.0 }, "geometry": { "type": "Point", "coordinates": [ 3407157.0, 6516573.0 ] } },
{ "type": "Feature", "properties": { "osmid": 13716780627.0 }, "geometry": { "type": "Point", "coordinates": [ 3374790.0, 6530225.0 ] } },
{ "type": "Feature", "properties": { "osmid": 2416606821.0 }, "geometry": { "type": "Point", "coordinates": [ 3381680.0, 6545621.0 ] } },
{ "type": "Feature", "properties": { "osmid": 8824402448.0 }, "geometry": { "type": "Point", "coordinates": [ 3390033.0, 6540501.0 ] } },
{ "type": "Feature", "properties": { "osmid": 1916769447.0 }, "geometry": { "type": "Point", "coordinates": [ 3403913.0, 6492795.0 ] } },
{ "type": "Feature", "properties": { "osmid": 1316564168.0 }, "geometry": { "type": "Point", "coordinates": [ 3419024.0, 6513231.0 ] } },
{ "type": "Feature", "properties": { "osmid": 1688970065.0 }, "geometry": { "type": "Point", "coordinates": [ 3402182.0, 6506377.0 ] } },
{ "type": "Feature", "properties": { "osmid": 1454401314.0 }, "geometry": { "type": "Point", "coordinates": [ 3415782.0, 6516574.0 ] } },
{ "type": "Feature", "properties": { "osmid": 6039578399.0 }, "geometry": { "type": "Point", "coordinates": [ 3400325.0, 6513157.0 ] } },
{ "type": "Feature", "properties": { "osmid": 5141755714.0 }, "geometry": { "type": "Point", "coordinates": [ 3371261.0, 6537280.0 ] } },
{ "type": "Feature", "properties": { "osmid": 12017435713.0 }, "geometry": { "type": "Point", "coordinates": [ 3417328.0, 6520035.0 ] } },
{ "type": "Feature", "properties": { "osmid": 12170530816.0 }, "geometry": { "type": "Point", "coordinates": [ 3419244.0, 6516786.0 ] } },
{ "type": "Feature", "properties": { "osmid": 2307639281.0 }, "geometry": { "type": "Point", "coordinates": [ 3378309.0, 6545696.0 ] } },
{ "type": "Feature", "properties": { "osmid": 10689316850.0 }, "geometry": { "type": "Point", "coordinates": [ 3393522.0, 6509736.0 ] } },
{ "type": "Feature", "properties": { "osmid": 1590080416.0 }, "geometry": { "type": "Point", "coordinates": [ 3371482.0, 6532076.0 ] } },
{ "type": "Feature", "properties": { "osmid": 1237506088.0 }, "geometry": { "type": "Point", "coordinates": [ 3401941.0, 6530367.0 ] } },
{ "type": "Feature", "properties": { "osmid": 6581173400.0 }, "geometry": { "type": "Point", "coordinates": [ 3403861.0, 6511466.0 ] } },
{ "type": "Feature", "properties": { "osmid": 13164834930.0 }, "geometry": { "type": "Point", "coordinates": [ 3415753.0, 6530218.0 ] } },
{ "type": "Feature", "properties": { "osmid": 4513324438.0 }, "geometry": { "type": "Point", "coordinates": [ 3424127.0, 6516710.0 ] } },
{ "type": "Feature", "properties": { "osmid": 12068921207.0 }, "geometry": { "type": "Point", "coordinates": [ 3383163.0, 6535437.0 ] } },
{ "type": "Feature", "properties": { "osmid": 3178670903.0 }, "geometry": { "type": "Point", "coordinates": [ 3413982.0, 6538754.0 ] } },
{ "type": "Feature", "properties": { "osmid": 353283332.0 }, "geometry": { "type": "Point", "coordinates": [ 3388318.0, 6521720.0 ] } },
{ "type": "Feature", "properties": { "osmid": 2790091653.0 }, "geometry": { "type": "Point", "coordinates": [ 3407306.0, 6528733.0 ] } },
{ "type": "Feature", "properties": { "osmid": 2396579582.0 }, "geometry": { "type": "Point", "coordinates": [ 3385145.0, 6543996.0 ] } },
{ "type": "Feature", "properties": { "osmid": 1782916435.0 }, "geometry": { "type": "Point", "coordinates": [ 3374798.0, 6535338.0 ] } },
{ "type": "Feature", "properties": { "osmid": 1484919599.0 }, "geometry": { "type": "Point", "coordinates": [ 3412292.0, 6531921.0 ] } },
{ "type": "Feature", "properties": { "osmid": 4178219940.0 }, "geometry": { "type": "Point", "coordinates": [ 3391903.0, 6521940.0 ] } },
{ "type": "Feature", "properties": { "osmid": 724934727.0 }, "geometry": { "type": "Point", "coordinates": [ 3403914.0, 6528697.0 ] } },
{ "type": "Feature", "properties": { "osmid": 5131885676.0 }, "geometry": { "type": "Point", "coordinates": [ 3424189.0, 6535593.0 ] } },
{ "type": "Feature", "properties": { "osmid": 4551987872.0 }, "geometry": { "type": "Point", "coordinates": [ 3393435.0, 6511671.0 ] } },
{ "type": "Feature", "properties": { "osmid": 13346310658.0 }, "geometry": { "type": "Point", "coordinates": [ 3415862.0, 6511519.0 ] } },
{ "type": "Feature", "properties": { "osmid": 1630617536.0 }, "geometry": { "type": "Point", "coordinates": [ 3402218.0, 6513285.0 ] } },
{ "type": "Feature", "properties": { "osmid": 4453450332.0 }, "geometry": { "type": "Point", "coordinates": [ 3414009.0, 6525374.0 ] } },
{ "type": "Feature", "properties": { "osmid": 3232202190.0 }, "geometry": { "type": "Point", "coordinates": [ 3376329.0, 6537208.0 ] } },
{ "type": "Feature", "properties": { "osmid": 7363648586.0 }, "geometry": { "type": "Point", "coordinates": [ 3405413.0, 6490969.0 ] } },
{ "type": "Feature", "properties": { "osmid": 8147397409.0 }, "geometry": { "type": "Point", "coordinates": [ 3374793.0, 6528504.0 ] } },
{ "type": "Feature", "properties": { "osmid": 4753357263.0 }, "geometry": { "type": "Point", "coordinates": [ 3400251.0, 6504831.0 ] } },
{ "type": "Feature", "properties": { "osmid": 7401839769.0 }, "geometry": { "type": "Point", "coordinates": [ 3407062.0, 6487622.0 ] } },
{ "type": "Feature", "properties": { "osmid": 927289859.0 }, "geometry": { "type": "Point", "coordinates": [ 3412401.0, 6513401.0 ] } },
{ "type": "Feature", "properties": { "osmid": 2821184546.0 }, "geometry": { "type": "Point", "coordinates": [ 3391744.0, 6511690.0 ] } },
{ "type": "Feature", "properties": { "osmid": 3676746661.0 }, "geometry": { "type": "Point", "coordinates": [ 3376615.0, 6542315.0 ] } },
{ "type": "Feature", "properties": { "osmid": 8953876134.0 }, "geometry": { "type": "Point", "coordinates": [ 3415614.0, 6521730.0 ] } },
{ "type": "Feature", "properties": { "osmid": 1279196131.0 }, "geometry": { "type": "Point", "coordinates": [ 3400513.0, 6501360.0 ] } },
{ "type": "Feature", "properties": { "osmid": 9717416741.0 }, "geometry": { "type": "Point", "coordinates": [ 3412234.0, 6526815.0 ] } },
{ "type": "Feature", "properties": { "osmid": 11078135841.0 }, "geometry": { "type": "Point", "coordinates": [ 3400323.0, 6508020.0 ] } },
{ "type": "Feature", "properties": { "osmid": 3133843538.0 }, "geometry": { "type": "Point", "coordinates": [ 3402213.0, 6515046.0 ] } },
{ "type": "Feature", "properties": { "osmid": 11265540994.0 }, "geometry": { "type": "Point", "coordinates": [ 3383386.0, 6547301.0 ] } },
{ "type": "Feature", "properties": { "osmid": 12980363673.0 }, "geometry": { "type": "Point", "coordinates": [ 3383154.0, 6523569.0 ] } },
{ "type": "Feature", "properties": { "osmid": 10784866829.0 }, "geometry": { "type": "Point", "coordinates": [ 3374749.0, 6531909.0 ] } },
{ "type": "Feature", "properties": { "osmid": 1774520260.0 }, "geometry": { "type": "Point", "coordinates": [ 3401963.0, 6528542.0 ] } },
{ "type": "Feature", "properties": { "osmid": 6713155464.0 }, "geometry": { "type": "Point", "coordinates": [ 3374916.0, 6523531.0 ] } },
{ "type": "Feature", "properties": { "osmid": 1231241828.0 }, "geometry": { "type": "Point", "coordinates": [ 3421003.0, 6518378.0 ] } },
{ "type": "Feature", "properties": { "osmid": 4790400838.0 }, "geometry": { "type": "Point", "coordinates": [ 3388341.0, 6518535.0 ] } },
{ "type": "Feature", "properties": { "osmid": 1466182724.0 }, "geometry": { "type": "Point", "coordinates": [ 3383178.0, 6533670.0 ] } },
{ "type": "Feature", "properties": { "osmid": 984411518.0 }, "geometry": { "type": "Point", "coordinates": [ 3386563.0, 6540632.0 ] } },
{ "type": "Feature", "properties": { "osmid": 11135581627.0 }, "geometry": { "type": "Point", "coordinates": [ 3393416.0, 6508069.0 ] } },
{ "type": "Feature", "properties": { "osmid": 5174242010.0 }, "geometry": { "type": "Point", "coordinates": [ 3410568.0, 6486119.0 ] } },
{ "type": "Feature", "properties": { "osmid": 3624442422.0 }, "geometry": { "type": "Point", "coordinates": [ 3386761.0, 6544157.0 ] } },
{ "type": "Feature", "properties": { "osmid": 8753935482.0 }, "geometry": { "type": "Point", "coordinates": [ 3422604.0, 6528493.0 ] } },
{ "type": "Feature", "properties": { "osmid": 10886218275.0 }, "geometry": { "type": "Point", "coordinates": [ 3372970.0, 6539021.0 ] } },
{ "type": "Feature", "properties": { "osmid": 1827537144.0 }, "geometry": { "type": "Point", "coordinates": [ 3403700.0, 6506591.0 ] } },
{ "type": "Feature", "properties": { "osmid": 4593919385.0 }, "geometry": { "type": "Point", "coordinates": [ 3403923.0, 6496138.0 ] } },
{ "type": "Feature", "properties": { "osmid": 4846191870.0 }, "geometry": { "type": "Point", "coordinates": [ 3367817.0, 6530244.0 ] } },
{ "type": "Feature", "properties": { "osmid": 4804288225.0 }, "geometry": { "type": "Point", "coordinates": [ 3391838.0, 6540755.0 ] } },
{ "type": "Feature", "properties": { "osmid": 12076423417.0 }, "geometry": { "type": "Point", "coordinates": [ 3391795.0, 6544165.0 ] } },
{ "type": "Feature", "properties": { "osmid": 3399702598.0 }, "geometry": { "type": "Point", "coordinates": [ 3414183.0, 6535502.0 ] } },
{ "type": "Feature", "properties": { "osmid": 9277740362.0 }, "geometry": { "type": "Point", "coordinates": [ 3385161.0, 6538845.0 ] } },
{ "type": "Feature", "properties": { "osmid": 5903113947.0 }, "geometry": { "type": "Point", "coordinates": [ 3412383.0, 6537032.0 ] } },
{ "type": "Feature", "properties": { "osmid": 12820728480.0 }, "geometry": { "type": "Point", "coordinates": [ 3425982.0, 6542136.0 ] } },
{ "type": "Feature", "properties": { "osmid": 11518959937.0 }, "geometry": { "type": "Point", "coordinates": [ 3403922.0, 6538793.0 ] } },
{ "type": "Feature", "properties": { "osmid": 2941004773.0 }, "geometry": { "type": "Point", "coordinates": [ 3391666.0, 6545687.0 ] } },
{ "type": "Feature", "properties": { "osmid": 8617271165.0 }, "geometry": { "type": "Point", "coordinates": [ 3371187.0, 6525180.0 ] } },
{ "type": "Feature", "properties": { "osmid": 984432169.0 }, "geometry": { "type": "Point", "coordinates": [ 3388397.0, 6542470.0 ] } },
{ "type": "Feature", "properties": { "osmid": 10939613699.0 }, "geometry": { "type": "Point", "coordinates": [ 3388571.0, 6509947.0 ] } },
{ "type": "Feature", "properties": { "osmid": 3202439245.0 }, "geometry": { "type": "Point", "coordinates": [ 3417331.0, 6528511.0 ] } },
{ "type": "Feature", "properties": { "osmid": 4788650646.0 }, "geometry": { "type": "Point", "coordinates": [ 3400330.0, 6506622.0 ] } },
{ "type": "Feature", "properties": { "osmid": 4085209638.0 }, "geometry": { "type": "Point", "coordinates": [ 3374743.0, 6525059.0 ] } },
{ "type": "Feature", "properties": { "osmid": 1916769357.0 }, "geometry": { "type": "Point", "coordinates": [ 3403610.0, 6494475.0 ] } },
{ "type": "Feature", "properties": { "osmid": 4828446713.0 }, "geometry": { "type": "Point", "coordinates": [ 3424443.0, 6523530.0 ] } },
{ "type": "Feature", "properties": { "osmid": 6248212848.0 }, "geometry": { "type": "Point", "coordinates": [ 3422396.0, 6521889.0 ] } },
{ "type": "Feature", "properties": { "osmid": 5223610053.0 }, "geometry": { "type": "Point", "coordinates": [ 3374811.0, 6540768.0 ] } },
{ "type": "Feature", "properties": { "osmid": 4831469366.0 }, "geometry": { "type": "Point", "coordinates": [ 3420672.0, 6521793.0 ] } },
{ "type": "Feature", "properties": { "osmid": 2965876212.0 }, "geometry": { "type": "Point", "coordinates": [ 3405659.0, 6484199.0 ] } },
{ "type": "Feature", "properties": { "osmid": 4179151243.0 }, "geometry": { "type": "Point", "coordinates": [ 3420770.0, 6516860.0 ] } },
{ "type": "Feature", "properties": { "osmid": 9707805088.0 }, "geometry": { "type": "Point", "coordinates": [ 3410794.0, 6487660.0 ] } },
{ "type": "Feature", "properties": { "osmid": 8458958021.0 }, "geometry": { "type": "Point", "coordinates": [ 3418998.0, 6537067.0 ] } },
{ "type": "Feature", "properties": { "osmid": 4451918356.0 }, "geometry": { "type": "Point", "coordinates": [ 3425963.0, 6518218.0 ] } },
{ "type": "Feature", "properties": { "osmid": 559732009.0 }, "geometry": { "type": "Point", "coordinates": [ 3403943.0, 6521911.0 ] } },
{ "type": "Feature", "properties": { "osmid": 4848183481.0 }, "geometry": { "type": "Point", "coordinates": [ 3390292.0, 6547507.0 ] } },
{ "type": "Feature", "properties": { "osmid": 466475474.0 }, "geometry": { "type": "Point", "coordinates": [ 3410796.0, 6511555.0 ] } },
{ "type": "Feature", "properties": { "osmid": 6028542206.0 }, "geometry": { "type": "Point", "coordinates": [ 3407135.0, 6520289.0 ] } },
{ "type": "Feature", "properties": { "osmid": 4764933315.0 }, "geometry": { "type": "Point", "coordinates": [ 3374860.0, 6538724.0 ] } },
{ "type": "Feature", "properties": { "osmid": 2965876387.0 }, "geometry": { "type": "Point", "coordinates": [ 3407064.0, 6489247.0 ] } },
{ "type": "Feature", "properties": { "osmid": 984411492.0 }, "geometry": { "type": "Point", "coordinates": [ 3388609.0, 6540595.0 ] } },
{ "type": "Feature", "properties": { "osmid": 10982542185.0 }, "geometry": { "type": "Point", "coordinates": [ 3398729.0, 6501511.0 ] } },
{ "type": "Feature", "properties": { "osmid": 5158831190.0 }, "geometry": { "type": "Point", "coordinates": [ 3415922.0, 6540604.0 ] } },
{ "type": "Feature", "properties": { "osmid": 11795826695.0 }, "geometry": { "type": "Point", "coordinates": [ 3398852.0, 6526953.0 ] } },
{ "type": "Feature", "properties": { "osmid": 1231241798.0 }, "geometry": { "type": "Point", "coordinates": [ 3414151.0, 6526794.0 ] } },
{ "type": "Feature", "properties": { "osmid": 13591349952.0 }, "geometry": { "type": "Point", "coordinates": [ 3410585.0, 6535281.0 ] } },
{ "type": "Feature", "properties": { "osmid": 4459348096.0 }, "geometry": { "type": "Point", "coordinates": [ 3367742.0, 6523561.0 ] } },
{ "type": "Feature", "properties": { "osmid": 13294765574.0 }, "geometry": { "type": "Point", "coordinates": [ 3393556.0, 6523720.0 ] } },
{ "type": "Feature", "properties": { "osmid": 8002444595.0 }, "geometry": { "type": "Point", "coordinates": [ 3427638.0, 6542495.0 ] } },
{ "type": "Feature", "properties": { "osmid": 4804159850.0 }, "geometry": { "type": "Point", "coordinates": [ 3405477.0, 6506652.0 ] } },
{ "type": "Feature", "properties": { "osmid": 1150861567.0 }, "geometry": { "type": "Point", "coordinates": [ 3381768.0, 6518492.0 ] } },
{ "type": "Feature", "properties": { "osmid": 11803432833.0 }, "geometry": { "type": "Point", "coordinates": [ 3383340.0, 6544204.0 ] } },
{ "type": "Feature", "properties": { "osmid": 2288180874.0 }, "geometry": { "type": "Point", "coordinates": [ 3417238.0, 6516684.0 ] } },
{ "type": "Feature", "properties": { "osmid": 1144000897.0 }, "geometry": { "type": "Point", "coordinates": [ 3405294.0, 6509821.0 ] } },
{ "type": "Feature", "properties": { "osmid": 5080021919.0 }, "geometry": { "type": "Point", "coordinates": [ 3424277.0, 6513081.0 ] } },
{ "type": "Feature", "properties": { "osmid": 3840128785.0 }, "geometry": { "type": "Point", "coordinates": [ 3424462.0, 6518356.0 ] } },
{ "type": "Feature", "properties": { "osmid": 370253325.0 }, "geometry": { "type": "Point", "coordinates": [ 3421043.0, 6520041.0 ] } },
{ "type": "Feature", "properties": { "osmid": 3788873402.0 }, "geometry": { "type": "Point", "coordinates": [ 3415774.0, 6533568.0 ] } },
{ "type": "Feature", "properties": { "osmid": 3400475001.0 }, "geometry": { "type": "Point", "coordinates": [ 3402278.0, 6525256.0 ] } },
{ "type": "Feature", "properties": { "osmid": 3678673682.0 }, "geometry": { "type": "Point", "coordinates": [ 3400431.0, 6525427.0 ] } },
{ "type": "Feature", "properties": { "osmid": 4452020940.0 }, "geometry": { "type": "Point", "coordinates": [ 3415731.0, 6526731.0 ] } },
{ "type": "Feature", "properties": { "osmid": 10821417579.0 }, "geometry": { "type": "Point", "coordinates": [ 3388615.0, 6508232.0 ] } },
{ "type": "Feature", "properties": { "osmid": 2399132556.0 }, "geometry": { "type": "Point", "coordinates": [ 3422756.0, 6533695.0 ] } },
{ "type": "Feature", "properties": { "osmid": 4804147727.0 }, "geometry": { "type": "Point", "coordinates": [ 3408971.0, 6510067.0 ] } },
{ "type": "Feature", "properties": { "osmid": 7784004279.0 }, "geometry": { "type": "Point", "coordinates": [ 3379771.0, 6530174.0 ] } },
{ "type": "Feature", "properties": { "osmid": 10911236313.0 }, "geometry": { "type": "Point", "coordinates": [ 3386693.0, 6536969.0 ] } },
{ "type": "Feature", "properties": { "osmid": 10889588140.0 }, "geometry": { "type": "Point", "coordinates": [ 3391858.0, 6523314.0 ] } },
{ "type": "Feature", "properties": { "osmid": 2752568671.0 }, "geometry": { "type": "Point", "coordinates": [ 3422356.0, 6535406.0 ] } },
{ "type": "Feature", "properties": { "osmid": 5196986977.0 }, "geometry": { "type": "Point", "coordinates": [ 3419199.0, 6533973.0 ] } },
{ "type": "Feature", "properties": { "osmid": 12410473245.0 }, "geometry": { "type": "Point", "coordinates": [ 3376377.0, 6523717.0 ] } },
{ "type": "Feature", "properties": { "osmid": 12820728483.0 }, "geometry": { "type": "Point", "coordinates": [ 3424416.0, 6547268.0 ] } },
{ "type": "Feature", "properties": { "osmid": 1781474882.0 }, "geometry": { "type": "Point", "coordinates": [ 3420962.0, 6528460.0 ] } },
{ "type": "Feature", "properties": { "osmid": 3232202189.0 }, "geometry": { "type": "Point", "coordinates": [ 3374627.0, 6537013.0 ] } },
{ "type": "Feature", "properties": { "osmid": 2995706853.0 }, "geometry": { "type": "Point", "coordinates": [ 3420655.0, 6537270.0 ] } },
{ "type": "Feature", "properties": { "osmid": 8092036328.0 }, "geometry": { "type": "Point", "coordinates": [ 3395346.0, 6504942.0 ] } },
{ "type": "Feature", "properties": { "osmid": 3440610358.0 }, "geometry": { "type": "Point", "coordinates": [ 3418973.0, 6543873.0 ] } },
{ "type": "Feature", "properties": { "osmid": 1281206525.0 }, "geometry": { "type": "Point", "coordinates": [ 3402026.0, 6499412.0 ] } },
{ "type": "Feature", "properties": { "osmid": 3774881078.0 }, "geometry": { "type": "Point", "coordinates": [ 3427736.0, 6516909.0 ] } },
{ "type": "Feature", "properties": { "osmid": 7395243685.0 }, "geometry": { "type": "Point", "coordinates": [ 3403623.0, 6501172.0 ] } },
{ "type": "Feature", "properties": { "osmid": 2252739379.0 }, "geometry": { "type": "Point", "coordinates": [ 3396863.0, 6510076.0 ] } },
{ "type": "Feature", "properties": { "osmid": 4431162817.0 }, "geometry": { "type": "Point", "coordinates": [ 3385056.0, 6547643.0 ] } },
{ "type": "Feature", "properties": { "osmid": 1584074714.0 }, "geometry": { "type": "Point", "coordinates": [ 3397137.0, 6506318.0 ] } },
{ "type": "Feature", "properties": { "osmid": 11807032635.0 }, "geometry": { "type": "Point", "coordinates": [ 3402241.0, 6496055.0 ] } },
{ "type": "Feature", "properties": { "osmid": 2357531477.0 }, "geometry": { "type": "Point", "coordinates": [ 3429192.0, 6540714.0 ] } },
{ "type": "Feature", "properties": { "osmid": 12070583131.0 }, "geometry": { "type": "Point", "coordinates": [ 3378082.0, 6535684.0 ] } },
{ "type": "Feature", "properties": { "osmid": 775799769.0 }, "geometry": { "type": "Point", "coordinates": [ 3373262.0, 6533873.0 ] } },
{ "type": "Feature", "properties": { "osmid": 9389471620.0 }, "geometry": { "type": "Point", "coordinates": [ 3417235.0, 6543895.0 ] } },
{ "type": "Feature", "properties": { "osmid": 7122427890.0 }, "geometry": { "type": "Point", "coordinates": [ 3369448.0, 6530223.0 ] } },
{ "type": "Feature", "properties": { "osmid": 254394022.0 }, "geometry": { "type": "Point", "coordinates": [ 3383445.0, 6516877.0 ] } },
{ "type": "Feature", "properties": { "osmid": 6141941874.0 }, "geometry": { "type": "Point", "coordinates": [ 3420630.0, 6544082.0 ] } },
{ "type": "Feature", "properties": { "osmid": 8274555882.0 }, "geometry": { "type": "Point", "coordinates": [ 3373066.0, 6526703.0 ] } },
{ "type": "Feature", "properties": { "osmid": 5004359319.0 }, "geometry": { "type": "Point", "coordinates": [ 3427719.0, 6520345.0 ] } },
{ "type": "Feature", "properties": { "osmid": 3772865397.0 }, "geometry": { "type": "Point", "coordinates": [ 3429530.0, 6516505.0 ] } },
{ "type": "Feature", "properties": { "osmid": 954218058.0 }, "geometry": { "type": "Point", "coordinates": [ 3422413.0, 6519921.0 ] } },
{ "type": "Feature", "properties": { "osmid": 1484919615.0 }, "geometry": { "type": "Point", "coordinates": [ 3415499.0, 6532117.0 ] } },
{ "type": "Feature", "properties": { "osmid": 2955555567.0 }, "geometry": { "type": "Point", "coordinates": [ 3369856.0, 6526829.0 ] } },
{ "type": "Feature", "properties": { "osmid": 7880336783.0 }, "geometry": { "type": "Point", "coordinates": [ 3402123.0, 6511811.0 ] } },
{ "type": "Feature", "properties": { "osmid": 2382080606.0 }, "geometry": { "type": "Point", "coordinates": [ 3379975.0, 6543784.0 ] } },
{ "type": "Feature", "properties": { "osmid": 4895779131.0 }, "geometry": { "type": "Point", "coordinates": [ 3419370.0, 6547331.0 ] } },
{ "type": "Feature", "properties": { "osmid": 3624442427.0 }, "geometry": { "type": "Point", "coordinates": [ 3386952.0, 6542341.0 ] } },
{ "type": "Feature", "properties": { "osmid": 5171925849.0 }, "geometry": { "type": "Point", "coordinates": [ 3421050.0, 6514847.0 ] } },
{ "type": "Feature", "properties": { "osmid": 7373444811.0 }, "geometry": { "type": "Point", "coordinates": [ 3375002.0, 6533710.0 ] } },
{ "type": "Feature", "properties": { "osmid": 775799475.0 }, "geometry": { "type": "Point", "coordinates": [ 3369408.0, 6532133.0 ] } },
{ "type": "Feature", "properties": { "osmid": 2406336683.0 }, "geometry": { "type": "Point", "coordinates": [ 3389890.0, 6515057.0 ] } },
{ "type": "Feature", "properties": { "osmid": 11148852620.0 }, "geometry": { "type": "Point", "coordinates": [ 3398592.0, 6507925.0 ] } },
{ "type": "Feature", "properties": { "osmid": 1334619750.0 }, "geometry": { "type": "Point", "coordinates": [ 3378161.0, 6532306.0 ] } },
{ "type": "Feature", "properties": { "osmid": 1233434258.0 }, "geometry": { "type": "Point", "coordinates": [ 3418960.0, 6528810.0 ] } },
{ "type": "Feature", "properties": { "osmid": 6447209793.0 }, "geometry": { "type": "Point", "coordinates": [ 3371162.0, 6530188.0 ] } },
{ "type": "Feature", "properties": { "osmid": 2845957292.0 }, "geometry": { "type": "Point", "coordinates": [ 3378080.0, 6537411.0 ] } },
{ "type": "Feature", "properties": { "osmid": 4953743595.0 }, "geometry": { "type": "Point", "coordinates": [ 3417229.0, 6533904.0 ] } },
{ "type": "Feature", "properties": { "osmid": 6863311493.0 }, "geometry": { "type": "Point", "coordinates": [ 3390295.0, 6516881.0 ] } },
{ "type": "Feature", "properties": { "osmid": 8375950287.0 }, "geometry": { "type": "Point", "coordinates": [ 3405723.0, 6494595.0 ] } },
{ "type": "Feature", "properties": { "osmid": 984432124.0 }, "geometry": { "type": "Point", "coordinates": [ 3384832.0, 6542120.0 ] } },
{ "type": "Feature", "properties": { "osmid": 2382080676.0 }, "geometry": { "type": "Point", "coordinates": [ 3381649.0, 6543763.0 ] } },
{ "type": "Feature", "properties": { "osmid": 7107894223.0 }, "geometry": { "type": "Point", "coordinates": [ 3424347.0, 6522057.0 ] } },
{ "type": "Feature", "properties": { "osmid": 4426768954.0 }, "geometry": { "type": "Point", "coordinates": [ 3371603.0, 6533754.0 ] } },
{ "type": "Feature", "properties": { "osmid": 9307000015.0 }, "geometry": { "type": "Point", "coordinates": [ 3397170.0, 6513147.0 ] } },
{ "type": "Feature", "properties": { "osmid": 6141941868.0 }, "geometry": { "type": "Point", "coordinates": [ 3421068.0, 6540730.0 ] } },
{ "type": "Feature", "properties": { "osmid": 11189403120.0 }, "geometry": { "type": "Point", "coordinates": [ 3379818.0, 6545468.0 ] } },
{ "type": "Feature", "properties": { "osmid": 2318102638.0 }, "geometry": { "type": "Point", "coordinates": [ 3379876.0, 6535730.0 ] } },
{ "type": "Feature", "properties": { "osmid": 6818550321.0 }, "geometry": { "type": "Point", "coordinates": [ 3383369.0, 6545963.0 ] } },
{ "type": "Feature", "properties": { "osmid": 8699132782.0 }, "geometry": { "type": "Point", "coordinates": [ 3420781.0, 6511825.0 ] } },
{ "type": "Feature", "properties": { "osmid": 1655858982.0 }, "geometry": { "type": "Point", "coordinates": [ 3373117.0, 6523778.0 ] } },
{ "type": "Feature", "properties": { "osmid": 8458957984.0 }, "geometry": { "type": "Point", "coordinates": [ 3415576.0, 6535262.0 ] } },
{ "type": "Feature", "properties": { "osmid": 9725358339.0 }, "geometry": { "type": "Point", "coordinates": [ 3388198.0, 6511434.0 ] } },
{ "type": "Feature", "properties": { "osmid": 3736537653.0 }, "geometry": { "type": "Point", "coordinates": [ 3389967.0, 6538678.0 ] } },
{ "type": "Feature", "properties": { "osmid": 13669769405.0 }, "geometry": { "type": "Point", "coordinates": [ 3419402.0, 6538821.0 ] } },
{ "type": "Feature", "properties": { "osmid": 5858832801.0 }, "geometry": { "type": "Point", "coordinates": [ 3430841.0, 6516777.0 ] } },
{ "type": "Feature", "properties": { "osmid": 4366055869.0 }, "geometry": { "type": "Point", "coordinates": [ 3419014.0, 6523757.0 ] } },
{ "type": "Feature", "properties": { "osmid": 5444522367.0 }, "geometry": { "type": "Point", "coordinates": [ 3419401.0, 6540514.0 ] } },
{ "type": "Feature", "properties": { "osmid": 4459348122.0 }, "geometry": { "type": "Point", "coordinates": [ 3369373.0, 6523533.0 ] } },
{ "type": "Feature", "properties": { "osmid": 4831469399.0 }, "geometry": { "type": "Point", "coordinates": [ 3422665.0, 6523775.0 ] } },
{ "type": "Feature", "properties": { "osmid": 3008438948.0 }, "geometry": { "type": "Point", "coordinates": [ 3418884.0, 6530432.0 ] } },
{ "type": "Feature", "properties": { "osmid": 1767850664.0 }, "geometry": { "type": "Point", "coordinates": [ 3401959.0, 6535723.0 ] } },
{ "type": "Feature", "properties": { "osmid": 4895776220.0 }, "geometry": { "type": "Point", "coordinates": [ 3420582.0, 6547482.0 ] } },
{ "type": "Feature", "properties": { "osmid": 12084635539.0 }, "geometry": { "type": "Point", "coordinates": [ 3393430.0, 6545460.0 ] } },
{ "type": "Feature", "properties": { "osmid": 3088298188.0 }, "geometry": { "type": "Point", "coordinates": [ 3388171.0, 6525104.0 ] } },
{ "type": "Feature", "properties": { "osmid": 2285266334.0 }, "geometry": { "type": "Point", "coordinates": [ 3383268.0, 6540872.0 ] } },
{ "type": "Feature", "properties": { "osmid": 1350411542.0 }, "geometry": { "type": "Point", "coordinates": [ 3405759.0, 6508244.0 ] } },
{ "type": "Feature", "properties": { "osmid": 5173067936.0 }, "geometry": { "type": "Point", "coordinates": [ 3408881.0, 6485688.0 ] } },
{ "type": "Feature", "properties": { "osmid": 2582774278.0 }, "geometry": { "type": "Point", "coordinates": [ 3383027.0, 6537097.0 ] } },
{ "type": "Feature", "properties": { "osmid": 5158897008.0 }, "geometry": { "type": "Point", "coordinates": [ 3414308.0, 6540601.0 ] } },
{ "type": "Feature", "properties": { "osmid": 3854631361.0 }, "geometry": { "type": "Point", "coordinates": [ 3381314.0, 6537245.0 ] } },
{ "type": "Feature", "properties": { "osmid": 5912478457.0 }, "geometry": { "type": "Point", "coordinates": [ 3367736.0, 6527142.0 ] } },
{ "type": "Feature", "properties": { "osmid": 11724415802.0 }, "geometry": { "type": "Point", "coordinates": [ 3401975.0, 6498187.0 ] } },
{ "type": "Feature", "properties": { "osmid": 2296767732.0 }, "geometry": { "type": "Point", "coordinates": [ 3426192.0, 6513097.0 ] } },
{ "type": "Feature", "properties": { "osmid": 2345463267.0 }, "geometry": { "type": "Point", "coordinates": [ 3419431.0, 6526926.0 ] } },
{ "type": "Feature", "properties": { "osmid": 7978500363.0 }, "geometry": { "type": "Point", "coordinates": [ 3422719.0, 6547184.0 ] } },
{ "type": "Feature", "properties": { "osmid": 1316564125.0 }, "geometry": { "type": "Point", "coordinates": [ 3418870.0, 6511658.0 ] } },
{ "type": "Feature", "properties": { "osmid": 4940843382.0 }, "geometry": { "type": "Point", "coordinates": [ 3424336.0, 6511854.0 ] } },
{ "type": "Feature", "properties": { "osmid": 4871652143.0 }, "geometry": { "type": "Point", "coordinates": [ 3410408.0, 6506248.0 ] } },
{ "type": "Feature", "properties": { "osmid": 8458958022.0 }, "geometry": { "type": "Point", "coordinates": [ 3418898.0, 6535323.0 ] } },
{ "type": "Feature", "properties": { "osmid": 4800638101.0 }, "geometry": { "type": "Point", "coordinates": [ 3421124.0, 6526839.0 ] } },
{ "type": "Feature", "properties": { "osmid": 2965876564.0 }, "geometry": { "type": "Point", "coordinates": [ 3407402.0, 6493002.0 ] } },
{ "type": "Feature", "properties": { "osmid": 5357705973.0 }, "geometry": { "type": "Point", "coordinates": [ 3417224.0, 6518600.0 ] } },
{ "type": "Feature", "properties": { "osmid": 1216369811.0 }, "geometry": { "type": "Point", "coordinates": [ 3421134.0, 6523595.0 ] } },
{ "type": "Feature", "properties": { "osmid": 1207824395.0 }, "geometry": { "type": "Point", "coordinates": [ 3427467.0, 6521619.0 ] } },
{ "type": "Feature", "properties": { "osmid": 5063702256.0 }, "geometry": { "type": "Point", "coordinates": [ 3412540.0, 6510060.0 ] } },
{ "type": "Feature", "properties": { "osmid": 2965876392.0 }, "geometry": { "type": "Point", "coordinates": [ 3405199.0, 6489441.0 ] } },
{ "type": "Feature", "properties": { "osmid": 2520889362.0 }, "geometry": { "type": "Point", "coordinates": [ 3422421.0, 6515255.0 ] } },
{ "type": "Feature", "properties": { "osmid": 3408925712.0 }, "geometry": { "type": "Point", "coordinates": [ 3371473.0, 6526666.0 ] } },
{ "type": "Feature", "properties": { "osmid": 4585716543.0 }, "geometry": { "type": "Point", "coordinates": [ 3376178.0, 6532131.0 ] } },
{ "type": "Feature", "properties": { "osmid": 2368536162.0 }, "geometry": { "type": "Point", "coordinates": [ 3418854.0, 6508082.0 ] } },
{ "type": "Feature", "properties": { "osmid": 3803387786.0 }, "geometry": { "type": "Point", "coordinates": [ 3388457.0, 6539188.0 ] } },
{ "type": "Feature", "properties": { "osmid": 5903114144.0 }, "geometry": { "type": "Point", "coordinates": [ 3412273.0, 6535775.0 ] } },
{ "type": "Feature", "properties": { "osmid": 2399149751.0 }, "geometry": { "type": "Point", "coordinates": [ 3422863.0, 6530391.0 ] } },
{ "type": "Feature", "properties": { "osmid": 3440594895.0 }, "geometry": { "type": "Point", "coordinates": [ 3373075.0, 6531753.0 ] } },
{ "type": "Feature", "properties": { "osmid": 10819057443.0 }, "geometry": { "type": "Point", "coordinates": [ 3427981.0, 6538823.0 ] } },
{ "type": "Feature", "properties": { "osmid": 5109234224.0 }, "geometry": { "type": "Point", "coordinates": [ 3371237.0, 6535762.0 ] } },
{ "type": "Feature", "properties": { "osmid": 4453481226.0 }, "geometry": { "type": "Point", "coordinates": [ 3417232.0, 6525463.0 ] } },
{ "type": "Feature", "properties": { "osmid": 9294731477.0 }, "geometry": { "type": "Point", "coordinates": [ 3376288.0, 6545968.0 ] } },
{ "type": "Feature", "properties": { "osmid": 254588240.0 }, "geometry": { "type": "Point", "coordinates": [ 3408869.0, 6490781.0 ] } },
{ "type": "Feature", "properties": { "osmid": 3348659237.0 }, "geometry": { "type": "Point", "coordinates": [ 3381708.0, 6547712.0 ] } },
{ "type": "Feature", "properties": { "osmid": 7802190350.0 }, "geometry": { "type": "Point", "coordinates": [ 3398976.0, 6497912.0 ] } },
{ "type": "Feature", "properties": { "osmid": 407052395.0 }, "geometry": { "type": "Point", "coordinates": [ 3419377.0, 6515204.0 ] } },
{ "type": "Feature", "properties": { "osmid": 2394232923.0 }, "geometry": { "type": "Point", "coordinates": [ 3371284.0, 6528959.0 ] } },
{ "type": "Feature", "properties": { "osmid": 2407740070.0 }, "geometry": { "type": "Point", "coordinates": [ 3405247.0, 6498130.0 ] } },
{ "type": "Feature", "properties": { "osmid": 984432167.0 }, "geometry": { "type": "Point", "coordinates": [ 3385035.0, 6545391.0 ] } },
{ "type": "Feature", "properties": { "osmid": 3678854099.0 }, "geometry": { "type": "Point", "coordinates": [ 3394986.0, 6542101.0 ] } },
{ "type": "Feature", "properties": { "osmid": 1669039631.0 }, "geometry": { "type": "Point", "coordinates": [ 3410601.0, 6533437.0 ] } },
{ "type": "Feature", "properties": { "osmid": 8699098009.0 }, "geometry": { "type": "Point", "coordinates": [ 3422671.0, 6516386.0 ] } },
{ "type": "Feature", "properties": { "osmid": 5174348932.0 }, "geometry": { "type": "Point", "coordinates": [ 3407093.0, 6485657.0 ] } },
{ "type": "Feature", "properties": { "osmid": 5850661245.0 }, "geometry": { "type": "Point", "coordinates": [ 3419041.0, 6531742.0 ] } },
{ "type": "Feature", "properties": { "osmid": 8147397414.0 }, "geometry": { "type": "Point", "coordinates": [ 3373119.0, 6528317.0 ] } },
{ "type": "Feature", "properties": { "osmid": 3266756314.0 }, "geometry": { "type": "Point", "coordinates": [ 3417341.0, 6536858.0 ] } },
{ "type": "Feature", "properties": { "osmid": 5158942834.0 }, "geometry": { "type": "Point", "coordinates": [ 3417498.0, 6540262.0 ] } },
{ "type": "Feature", "properties": { "osmid": 347875945.0 }, "geometry": { "type": "Point", "coordinates": [ 3423960.0, 6515132.0 ] } },
{ "type": "Feature", "properties": { "osmid": 3132093727.0 }, "geometry": { "type": "Point", "coordinates": [ 3422520.0, 6542637.0 ] } },
{ "type": "Feature", "properties": { "osmid": 4451996164.0 }, "geometry": { "type": "Point", "coordinates": [ 3417153.0, 6527127.0 ] } },
{ "type": "Feature", "properties": { "osmid": 7363648610.0 }, "geometry": { "type": "Point", "coordinates": [ 3405246.0, 6493044.0 ] } },
{ "type": "Feature", "properties": { "osmid": 4402728479.0 }, "geometry": { "type": "Point", "coordinates": [ 3386715.0, 6545369.0 ] } },
{ "type": "Feature", "properties": { "osmid": 1738571155.0 }, "geometry": { "type": "Point", "coordinates": [ 3402407.0, 6501458.0 ] } },
{ "type": "Feature", "properties": { "osmid": 5174469384.0 }, "geometry": { "type": "Point", "coordinates": [ 3405138.0, 6487602.0 ] } },
{ "type": "Feature", "properties": { "osmid": 6859188556.0 }, "geometry": { "type": "Point", "coordinates": [ 3388402.0, 6545355.0 ] } },
{ "type": "Feature", "properties": { "osmid": 7077855868.0 }, "geometry": { "type": "Point", "coordinates": [ 3422603.0, 6518761.0 ] } },
{ "type": "Feature", "properties": { "osmid": 4452020324.0 }, "geometry": { "type": "Point", "coordinates": [ 3378377.0, 6534067.0 ] } },
{ "type": "Feature", "properties": { "osmid": 4049210812.0 }, "geometry": { "type": "Point", "coordinates": [ 3417338.0, 6538540.0 ] } },
{ "type": "Feature", "properties": { "osmid": 8922204401.0 }, "geometry": { "type": "Point", "coordinates": [ 3373418.0, 6525283.0 ] } },
{ "type": "Feature", "properties": { "osmid": 36692624.0 }, "geometry": { "type": "Point", "coordinates": [ 3367570.0, 6525266.0 ] } },
{ "type": "Feature", "properties": { "osmid": 1408681805.0 }, "geometry": { "type": "Point", "coordinates": [ 3422497.0, 6537543.0 ] } },
{ "type": "Feature", "properties": { "osmid": 6942904659.0 }, "geometry": { "type": "Point", "coordinates": [ 3405762.0, 6495961.0 ] } },
{ "type": "Feature", "properties": { "osmid": 8953367083.0 }, "geometry": { "type": "Point", "coordinates": [ 3392174.0, 6508009.0 ] } },
{ "type": "Feature", "properties": { "osmid": 2618963117.0 }, "geometry": { "type": "Point", "coordinates": [ 3417080.0, 6531934.0 ] } },
{ "type": "Feature", "properties": { "osmid": 984432186.0 }, "geometry": { "type": "Point", "coordinates": [ 3385018.0, 6540213.0 ] } },
{ "type": "Feature", "properties": { "osmid": 4894063941.0 }, "geometry": { "type": "Point", "coordinates": [ 3422676.0, 6511209.0 ] } },
{ "type": "Feature", "properties": { "osmid": 1207824392.0 }, "geometry": { "type": "Point", "coordinates": [ 3426262.0, 6522072.0 ] } },
{ "type": "Feature", "properties": { "osmid": 5100303951.0 }, "geometry": { "type": "Point", "coordinates": [ 3372934.0, 6536813.0 ] } },
{ "type": "Feature", "properties": { "osmid": 2631111325.0 }, "geometry": { "type": "Point", "coordinates": [ 3372897.0, 6529997.0 ] } },
{ "type": "Feature", "properties": { "osmid": 1151459345.0 }, "geometry": { "type": "Point", "coordinates": [ 3380272.0, 6520070.0 ] } },
{ "type": "Feature", "properties": { "osmid": 5160771096.0 }, "geometry": { "type": "Point", "coordinates": [ 3370028.0, 6525172.0 ] } },
{ "type": "Feature", "properties": { "osmid": 1284622162.0 }, "geometry": { "type": "Point", "coordinates": [ 3407422.0, 6504428.0 ] } },
{ "type": "Feature", "properties": { "osmid": 9262748633.0 }, "geometry": { "type": "Point", "coordinates": [ 3420466.0, 6535381.0 ] } },
{ "type": "Feature", "properties": { "osmid": 3089013794.0 }, "geometry": { "type": "Point", "coordinates": [ 3421227.0, 6525098.0 ] } },
{ "type": "Feature", "properties": { "osmid": 4821865519.0 }, "geometry": { "type": "Point", "coordinates": [ 3422301.0, 6544312.0 ] } },
{ "type": "Feature", "properties": { "osmid": 669129405.0 }, "geometry": { "type": "Point", "coordinates": [ 3422760.0, 6540939.0 ] } },
{ "type": "Feature", "properties": { "osmid": 9332894612.0 }, "geometry": { "type": "Point", "coordinates": [ 3373444.0, 6540706.0 ] } },
{ "type": "Feature", "properties": { "osmid": 5142920157.0 }, "geometry": { "type": "Point", "coordinates": [ 3426054.0, 6516300.0 ] } },
{ "type": "Feature", "properties": { "osmid": 3396014018.0 }, "geometry": { "type": "Point", "coordinates": [ 3370949.0, 6523587.0 ] } },
{ "type": "Feature", "properties": { "osmid": 6994418059.0 }, "geometry": { "type": "Point", "coordinates": [ 3402459.0, 6492933.0 ] } },
{ "type": "Feature", "properties": { "osmid": 2965876364.0 }, "geometry": { "type": "Point", "coordinates": [ 3409183.0, 6487376.0 ] } },
{ "type": "Feature", "properties": { "osmid": 2995706852.0 }, "geometry": { "type": "Point", "coordinates": [ 3420440.0, 6538953.0 ] } },
{ "type": "Feature", "properties": { "osmid": 7900568896.0 }, "geometry": { "type": "Point", "coordinates": [ 3420789.0, 6529938.0 ] } },
{ "type": "Feature", "properties": { "osmid": 7325458737.0 }, "geometry": { "type": "Point", "coordinates": [ 3409012.0, 6496618.0 ] } },
{ "type": "Feature", "properties": { "osmid": 12479013618.0 }, "geometry": { "type": "Point", "coordinates": [ 3399079.0, 6533703.0 ] } },
{ "type": "Feature", "properties": { "osmid": 708447009.0 }, "geometry": { "type": "Point", "coordinates": [ 3413994.0, 6511153.0 ] } },
{ "type": "Feature", "properties": { "osmid": 8699132772.0 }, "geometry": { "type": "Point", "coordinates": [ 3420582.0, 6512955.0 ] } },
{ "type": "Feature", "properties": { "osmid": 9395187804.0 }, "geometry": { "type": "Point", "coordinates": [ 3426369.0, 6545551.0 ] } },
{ "type": "Feature", "properties": { "osmid": 2238750174.0 }, "geometry": { "type": "Point", "coordinates": [ 3408753.0, 6506859.0 ] } },
{ "type": "Feature", "properties": { "osmid": 9902398102.0 }, "geometry": { "type": "Point", "coordinates": [ 3369683.0, 6520544.0 ] } },
{ "type": "Feature", "properties": { "osmid": 10651096776.0 }, "geometry": { "type": "Point", "coordinates": [ 3378155.0, 6523964.0 ] } },
{ "type": "Feature", "properties": { "osmid": 6357198790.0 }, "geometry": { "type": "Point", "coordinates": [ 3417355.0, 6506895.0 ] } },
{ "type": "Feature", "properties": { "osmid": 3424445806.0 }, "geometry": { "type": "Point", "coordinates": [ 3421265.0, 6545893.0 ] } },
{ "type": "Feature", "properties": { "osmid": 7152235001.0 }, "geometry": { "type": "Point", "coordinates": [ 3419055.0, 6510309.0 ] } },
{ "type": "Feature", "properties": { "osmid": 1207779801.0 }, "geometry": { "type": "Point", "coordinates": [ 3428098.0, 6518231.0 ] } },
{ "type": "Feature", "properties": { "osmid": 4895779139.0 }, "geometry": { "type": "Point", "coordinates": [ 3422138.0, 6545543.0 ] } },
{ "type": "Feature", "properties": { "osmid": 2399487269.0 }, "geometry": { "type": "Point", "coordinates": [ 3421094.0, 6534156.0 ] } },
{ "type": "Feature", "properties": { "osmid": 12355143513.0 }, "geometry": { "type": "Point", "coordinates": [ 3417828.0, 6508413.0 ] } },
{ "type": "Feature", "properties": { "osmid": 4895779136.0 }, "geometry": { "type": "Point", "coordinates": [ 3419616.0, 6545645.0 ] } },
{ "type": "Feature", "properties": { "osmid": 5850661183.0 }, "geometry": { "type": "Point", "coordinates": [ 3417900.0, 6530501.0 ] } },
{ "type": "Feature", "properties": { "osmid": 6942932293.0 }, "geometry": { "type": "Point", "coordinates": [ 3406740.0, 6490922.0 ] } },
{ "type": "Feature", "properties": { "osmid": 10029411459.0 }, "geometry": { "type": "Point", "coordinates": [ 3403335.0, 6507967.0 ] } },
{ "type": "Feature", "properties": { "osmid": 7557771151.0 }, "geometry": { "type": "Point", "coordinates": [ 3424664.0, 6539168.0 ] } },
{ "type": "Feature", "properties": { "osmid": 6551176148.0 }, "geometry": { "type": "Point", "coordinates": [ 3403298.0, 6509789.0 ] } },
{ "type": "Feature", "properties": { "osmid": 26051973.0 }, "geometry": { "type": "Point", "coordinates": [ 3403225.0, 6520080.0 ] } },
{ "type": "Feature", "properties": { "osmid": 7908451537.0 }, "geometry": { "type": "Point", "coordinates": [ 3402778.0, 6520454.0 ] } },
{ "type": "Feature", "properties": { "osmid": 1672134905.0 }, "geometry": { "type": "Point", "coordinates": [ 3402523.0, 6519588.0 ] } },
{ "type": "Feature", "properties": { "osmid": 443712084.0 }, "geometry": { "type": "Point", "coordinates": [ 3405511.0, 6520809.0 ] } },
{ "type": "Feature", "properties": { "osmid": 1281583238.0 }, "geometry": { "type": "Point", "coordinates": [ 3405590.0, 6521548.0 ] } },
{ "type": "Feature", "properties": { "osmid": 8154211948.0 }, "geometry": { "type": "Point", "coordinates": [ 3400353.0, 6518933.0 ] } },
{ "type": "Feature", "properties": { "osmid": 12757124304.0 }, "geometry": { "type": "Point", "coordinates": [ 3400976.0, 6517935.0 ] } },
{ "type": "Feature", "properties": { "osmid": 4185825787.0 }, "geometry": { "type": "Point", "coordinates": [ 3401906.0, 6523091.0 ] } },
{ "type": "Feature", "properties": { "osmid": 13515593176.0 }, "geometry": { "type": "Point", "coordinates": [ 3405948.0, 6518165.0 ] } },
{ "type": "Feature", "properties": { "osmid": 1277478529.0 }, "geometry": { "type": "Point", "coordinates": [ 3401300.0, 6517281.0 ] } },
{ "type": "Feature", "properties": { "osmid": 440699932.0 }, "geometry": { "type": "Point", "coordinates": [ 3406621.0, 6519705.0 ] } },
{ "type": "Feature", "properties": { "osmid": 447828894.0 }, "geometry": { "type": "Point", "coordinates": [ 3403056.0, 6523595.0 ] } },
{ "type": "Feature", "properties": { "osmid": 6332744666.0 }, "geometry": { "type": "Point", "coordinates": [ 3400145.0, 6518241.0 ] } },
{ "type": "Feature", "properties": { "osmid": 1765604568.0 }, "geometry": { "type": "Point", "coordinates": [ 3405363.0, 6523765.0 ] } },
{ "type": "Feature", "properties": { "osmid": 11355994390.0 }, "geometry": { "type": "Point", "coordinates": [ 3400258.0, 6523321.0 ] } },
{ "type": "Feature", "properties": { "osmid": 9306977978.0 }, "geometry": { "type": "Point", "coordinates": [ 3406661.0, 6517268.0 ] } },
{ "type": "Feature", "properties": { "osmid": 2238835837.0 }, "geometry": { "type": "Point", "coordinates": [ 3406385.0, 6516467.0 ] } },
{ "type": "Feature", "properties": { "osmid": 1281583163.0 }, "geometry": { "type": "Point", "coordinates": [ 3407253.0, 6522729.0 ] } },
{ "type": "Feature", "properties": { "osmid": 4676319649.0 }, "geometry": { "type": "Point", "coordinates": [ 3405446.0, 6524649.0 ] } },
{ "type": "Feature", "properties": { "osmid": 3531827483.0 }, "geometry": { "type": "Point", "coordinates": [ 3399334.0, 6523371.0 ] } },
{ "type": "Feature", "properties": { "osmid": 11046826244.0 }, "geometry": { "type": "Point", "coordinates": [ 3398288.0, 6518664.0 ] } },
{ "type": "Feature", "properties": { "osmid": 4340934912.0 }, "geometry": { "type": "Point", "coordinates": [ 3407384.0, 6517041.0 ] } },
{ "type": "Feature", "properties": { "osmid": 7256352662.0 }, "geometry": { "type": "Point", "coordinates": [ 3406692.0, 6523965.0 ] } },
{ "type": "Feature", "properties": { "osmid": 2238835875.0 }, "geometry": { "type": "Point", "coordinates": [ 3406587.0, 6516004.0 ] } },
{ "type": "Feature", "properties": { "osmid": 2614516840.0 }, "geometry": { "type": "Point", "coordinates": [ 3400987.0, 6515255.0 ] } },
{ "type": "Feature", "properties": { "osmid": 2541190807.0 }, "geometry": { "type": "Point", "coordinates": [ 3399250.0, 6516394.0 ] } },
{ "type": "Feature", "properties": { "osmid": 5923309246.0 }, "geometry": { "type": "Point", "coordinates": [ 3408282.0, 6522109.0 ] } },
{ "type": "Feature", "properties": { "osmid": 5923325552.0 }, "geometry": { "type": "Point", "coordinates": [ 3408607.0, 6521530.0 ] } },
{ "type": "Feature", "properties": { "osmid": 10795677206.0 }, "geometry": { "type": "Point", "coordinates": [ 3401690.0, 6514670.0 ] } },
{ "type": "Feature", "properties": { "osmid": 9916003738.0 }, "geometry": { "type": "Point", "coordinates": [ 3398131.0, 6522510.0 ] } },
{ "type": "Feature", "properties": { "osmid": 2238835903.0 }, "geometry": { "type": "Point", "coordinates": [ 3407198.0, 6516023.0 ] } },
{ "type": "Feature", "properties": { "osmid": 256558289.0 }, "geometry": { "type": "Point", "coordinates": [ 3406759.0, 6515400.0 ] } },
{ "type": "Feature", "properties": { "osmid": 672749019.0 }, "geometry": { "type": "Point", "coordinates": [ 3397351.0, 6519775.0 ] } },
{ "type": "Feature", "properties": { "osmid": 4975482907.0 }, "geometry": { "type": "Point", "coordinates": [ 3407980.0, 6516497.0 ] } },
{ "type": "Feature", "properties": { "osmid": 11138341743.0 }, "geometry": { "type": "Point", "coordinates": [ 3408677.0, 6522487.0 ] } },
{ "type": "Feature", "properties": { "osmid": 11138341804.0 }, "geometry": { "type": "Point", "coordinates": [ 3409062.0, 6521746.0 ] } },
{ "type": "Feature", "properties": { "osmid": 13500785048.0 }, "geometry": { "type": "Point", "coordinates": [ 3401719.0, 6514164.0 ] } },
{ "type": "Feature", "properties": { "osmid": 3372276735.0 }, "geometry": { "type": "Point", "coordinates": [ 3399329.0, 6515379.0 ] } },
{ "type": "Feature", "properties": { "osmid": 10560166169.0 }, "geometry": { "type": "Point", "coordinates": [ 3397800.0, 6522936.0 ] } },
{ "type": "Feature", "properties": { "osmid": 11428601214.0 }, "geometry": { "type": "Point", "coordinates": [ 3404531.0, 6526120.0 ] } },
{ "type": "Feature", "properties": { "osmid": 256557629.0 }, "geometry": { "type": "Point", "coordinates": [ 3407543.0, 6515531.0 ] } },
{ "type": "Feature", "properties": { "osmid": 4321356344.0 }, "geometry": { "type": "Point", "coordinates": [ 3408821.0, 6517040.0 ] } },
{ "type": "Feature", "properties": { "osmid": 8022092796.0 }, "geometry": { "type": "Point", "coordinates": [ 3397157.0, 6522041.0 ] } },
{ "type": "Feature", "properties": { "osmid": 10082055108.0 }, "geometry": { "type": "Point", "coordinates": [ 3397632.0, 6516867.0 ] } },
{ "type": "Feature", "properties": { "osmid": 1137268375.0 }, "geometry": { "type": "Point", "coordinates": [ 3409150.0, 6523296.0 ] } },
{ "type": "Feature", "properties": { "osmid": 5244919292.0 }, "geometry": { "type": "Point", "coordinates": [ 3409410.0, 6517342.0 ] } },
{ "type": "Feature", "properties": { "osmid": 13753100111.0 }, "geometry": { "type": "Point", "coordinates": [ 3407812.0, 6515030.0 ] } },
{ "type": "Feature", "properties": { "osmid": 4915333441.0 }, "geometry": { "type": "Point", "coordinates": [ 3404869.0, 6526718.0 ] } },
{ "type": "Feature", "properties": { "osmid": 249590000.0 }, "geometry": { "type": "Point", "coordinates": [ 3409697.0, 6522381.0 ] } },
{ "type": "Feature", "properties": { "osmid": 12321253830.0 }, "geometry": { "type": "Point", "coordinates": [ 3397679.0, 6524203.0 ] } },
{ "type": "Feature", "properties": { "osmid": 1749952754.0 }, "geometry": { "type": "Point", "coordinates": [ 3398851.0, 6525446.0 ] } },
{ "type": "Feature", "properties": { "osmid": 13694615563.0 }, "geometry": { "type": "Point", "coordinates": [ 3410026.0, 6521697.0 ] } },
{ "type": "Feature", "properties": { "osmid": 11171475937.0 }, "geometry": { "type": "Point", "coordinates": [ 3397277.0, 6523778.0 ] } },
{ "type": "Feature", "properties": { "osmid": 13753100126.0 }, "geometry": { "type": "Point", "coordinates": [ 3408333.0, 6515153.0 ] } },
{ "type": "Feature", "properties": { "osmid": 8557966260.0 }, "geometry": { "type": "Point", "coordinates": [ 3399349.0, 6526191.0 ] } },
{ "type": "Feature", "properties": { "osmid": 3759256952.0 }, "geometry": { "type": "Point", "coordinates": [ 3398328.0, 6525431.0 ] } },
{ "type": "Feature", "properties": { "osmid": 2288414720.0 }, "geometry": { "type": "Point", "coordinates": [ 3410648.0, 6520050.0 ] } },
{ "type": "Feature", "properties": { "osmid": 10802750499.0 }, "geometry": { "type": "Point", "coordinates": [ 3396337.0, 6517275.0 ] } },
{ "type": "Feature", "properties": { "osmid": 3536176253.0 }, "geometry": { "type": "Point", "coordinates": [ 3397597.0, 6515199.0 ] } },
{ "type": "Feature", "properties": { "osmid": 5265709903.0 }, "geometry": { "type": "Point", "coordinates": [ 3396013.0, 6517984.0 ] } },
{ "type": "Feature", "properties": { "osmid": 4323045015.0 }, "geometry": { "type": "Point", "coordinates": [ 3409834.0, 6516404.0 ] } },
{ "type": "Feature", "properties": { "osmid": 12186375296.0 }, "geometry": { "type": "Point", "coordinates": [ 3396541.0, 6523932.0 ] } },
{ "type": "Feature", "properties": { "osmid": 6322041805.0 }, "geometry": { "type": "Point", "coordinates": [ 3407998.0, 6513980.0 ] } },
{ "type": "Feature", "properties": { "osmid": 8668015380.0 }, "geometry": { "type": "Point", "coordinates": [ 3395481.0, 6520812.0 ] } },
{ "type": "Feature", "properties": { "osmid": 5749468190.0 }, "geometry": { "type": "Point", "coordinates": [ 3398267.0, 6526079.0 ] } },
{ "type": "Feature", "properties": { "osmid": 26546084.0 }, "geometry": { "type": "Point", "coordinates": [ 3396740.0, 6524423.0 ] } },
{ "type": "Feature", "properties": { "osmid": 1749617953.0 }, "geometry": { "type": "Point", "coordinates": [ 3405323.0, 6512538.0 ] } },
{ "type": "Feature", "properties": { "osmid": 1305727681.0 }, "geometry": { "type": "Point", "coordinates": [ 3396821.0, 6515576.0 ] } },
{ "type": "Feature", "properties": { "osmid": 11117009269.0 }, "geometry": { "type": "Point", "coordinates": [ 3396083.0, 6523616.0 ] } },
{ "type": "Feature", "properties": { "osmid": 442480177.0 }, "geometry": { "type": "Point", "coordinates": [ 3411202.0, 6518828.0 ] } },
{ "type": "Feature", "properties": { "osmid": 1977737616.0 }, "geometry": { "type": "Point", "coordinates": [ 3408686.0, 6514093.0 ] } },
{ "type": "Feature", "properties": { "osmid": 12502507693.0 }, "geometry": { "type": "Point", "coordinates": [ 3406958.0, 6527313.0 ] } },
{ "type": "Feature", "properties": { "osmid": 26546021.0 }, "geometry": { "type": "Point", "coordinates": [ 3396453.0, 6524914.0 ] } },
{ "type": "Feature", "properties": { "osmid": 415541495.0 }, "geometry": { "type": "Point", "coordinates": [ 3411657.0, 6519619.0 ] } },
{ "type": "Feature", "properties": { "osmid": 312691047.0 }, "geometry": { "type": "Point", "coordinates": [ 3395029.0, 6522219.0 ] } },
{ "type": "Feature", "properties": { "osmid": 442480172.0 }, "geometry": { "type": "Point", "coordinates": [ 3411640.0, 6519076.0 ] } },
{ "type": "Feature", "properties": { "osmid": 3551738871.0 }, "geometry": { "type": "Point", "coordinates": [ 3398643.0, 6512948.0 ] } },
{ "type": "Feature", "properties": { "osmid": 513686218.0 }, "geometry": { "type": "Point", "coordinates": [ 3411594.0, 6518413.0 ] } },
{ "type": "Feature", "properties": { "osmid": 2773309260.0 }, "geometry": { "type": "Point", "coordinates": [ 3396858.0, 6525792.0 ] } },
{ "type": "Feature", "properties": { "osmid": 1529446096.0 }, "geometry": { "type": "Point", "coordinates": [ 3395701.0, 6524167.0 ] } },
{ "type": "Feature", "properties": { "osmid": 11021543822.0 }, "geometry": { "type": "Point", "coordinates": [ 3394979.0, 6522854.0 ] } },
{ "type": "Feature", "properties": { "osmid": 2500621530.0 }, "geometry": { "type": "Point", "coordinates": [ 3398033.0, 6527120.0 ] } },
{ "type": "Feature", "properties": { "osmid": 2462504913.0 }, "geometry": { "type": "Point", "coordinates": [ 3396208.0, 6525478.0 ] } },
{ "type": "Feature", "properties": { "osmid": 13697542232.0 }, "geometry": { "type": "Point", "coordinates": [ 3412174.0, 6519484.0 ] } },
{ "type": "Feature", "properties": { "osmid": 1643149485.0 }, "geometry": { "type": "Point", "coordinates": [ 3394284.0, 6519018.0 ] } },
{ "type": "Feature", "properties": { "osmid": 13127596997.0 }, "geometry": { "type": "Point", "coordinates": [ 3394470.0, 6522394.0 ] } },
{ "type": "Feature", "properties": { "osmid": 26051762.0 }, "geometry": { "type": "Point", "coordinates": [ 3394693.0, 6523330.0 ] } },
{ "type": "Feature", "properties": { "osmid": 4771636983.0 }, "geometry": { "type": "Point", "coordinates": [ 3396415.0, 6526254.0 ] } },
{ "type": "Feature", "properties": { "osmid": 11409364385.0 }, "geometry": { "type": "Point", "coordinates": [ 3404261.0, 6529242.0 ] } },
{ "type": "Feature", "properties": { "osmid": 11237795973.0 }, "geometry": { "type": "Point", "coordinates": [ 3397275.0, 6527218.0 ] } },
{ "type": "Feature", "properties": { "osmid": 12312032631.0 }, "geometry": { "type": "Point", "coordinates": [ 3397751.0, 6527599.0 ] } },
{ "type": "Feature", "properties": { "osmid": 13695504818.0 }, "geometry": { "type": "Point", "coordinates": [ 3412613.0, 6519065.0 ] } },
{ "type": "Feature", "properties": { "osmid": 11841300172.0 }, "geometry": { "type": "Point", "coordinates": [ 3394087.0, 6517505.0 ] } },
{ "type": "Feature", "properties": { "osmid": 2380621211.0 }, "geometry": { "type": "Point", "coordinates": [ 3404566.0, 6529661.0 ] } },
{ "type": "Feature", "properties": { "osmid": 12349534474.0 }, "geometry": { "type": "Point", "coordinates": [ 3393706.0, 6521857.0 ] } },
{ "type": "Feature", "properties": { "osmid": 3536859388.0 }, "geometry": { "type": "Point", "coordinates": [ 3398208.0, 6511778.0 ] } },
{ "type": "Feature", "properties": { "osmid": 2074576915.0 }, "geometry": { "type": "Point", "coordinates": [ 3396114.0, 6526771.0 ] } },
{ "type": "Feature", "properties": { "osmid": 12312032629.0 }, "geometry": { "type": "Point", "coordinates": [ 3397678.0, 6528164.0 ] } },
{ "type": "Feature", "properties": { "osmid": 1655735847.0 }, "geometry": { "type": "Point", "coordinates": [ 3399763.0, 6510879.0 ] } },
{ "type": "Feature", "properties": { "osmid": 8155605139.0 }, "geometry": { "type": "Point", "coordinates": [ 3413006.0, 6518728.0 ] } },
{ "type": "Feature", "properties": { "osmid": 11841300166.0 }, "geometry": { "type": "Point", "coordinates": [ 3393584.0, 6517895.0 ] } },
{ "type": "Feature", "properties": { "osmid": 1260043646.0 }, "geometry": { "type": "Point", "coordinates": [ 3394720.0, 6514871.0 ] } },
{ "type": "Feature", "properties": { "osmid": 1535262675.0 }, "geometry": { "type": "Point", "coordinates": [ 3393506.0, 6517392.0 ] } },
{ "type": "Feature", "properties": { "osmid": 7538330089.0 }, "geometry": { "type": "Point", "coordinates": [ 3413442.0, 6519966.0 ] } },
{ "type": "Feature", "properties": { "osmid": 11841300161.0 }, "geometry": { "type": "Point", "coordinates": [ 3393135.0, 6518250.0 ] } },
{ "type": "Feature", "properties": { "osmid": 702532939.0 }, "geometry": { "type": "Point", "coordinates": [ 3401642.0, 6509882.0 ] } },
{ "type": "Feature", "properties": { "osmid": 1657881777.0 }, "geometry": { "type": "Point", "coordinates": [ 3394768.0, 6525999.0 ] } },
{ "type": "Feature", "properties": { "osmid": 2368162929.0 }, "geometry": { "type": "Point", "coordinates": [ 3396777.0, 6511934.0 ] } },
{ "type": "Feature", "properties": { "osmid": 2026111711.0 }, "geometry": { "type": "Point", "coordinates": [ 3400894.0, 6509849.0 ] } },
{ "type": "Feature", "properties": { "osmid": 11307822713.0 }, "geometry": { "type": "Point", "coordinates": [ 3393839.0, 6524774.0 ] } },
{ "type": "Feature", "properties": { "osmid": 4190304279.0 }, "geometry": { "type": "Point", "coordinates": [ 3395320.0, 6527007.0 ] } },
{ "type": "Feature", "properties": { "osmid": 11804891974.0 }, "geometry": { "type": "Point", "coordinates": [ 3407284.0, 6529896.0 ] } },
{ "type": "Feature", "properties": { "osmid": 13428158043.0 }, "geometry": { "type": "Point", "coordinates": [ 3413726.0, 6518056.0 ] } },
{ "type": "Feature", "properties": { "osmid": 8072972368.0 }, "geometry": { "type": "Point", "coordinates": [ 3394670.0, 6513515.0 ] } },
{ "type": "Feature", "properties": { "osmid": 3596155070.0 }, "geometry": { "type": "Point", "coordinates": [ 3398680.0, 6510273.0 ] } },
{ "type": "Feature", "properties": { "osmid": 315076896.0 }, "geometry": { "type": "Point", "coordinates": [ 3394346.0, 6526359.0 ] } },
{ "type": "Feature", "properties": { "osmid": 12350589483.0 }, "geometry": { "type": "Point", "coordinates": [ 3392410.0, 6521446.0 ] } },
{ "type": "Feature", "properties": { "osmid": 1662274466.0 }, "geometry": { "type": "Point", "coordinates": [ 3397317.0, 6510841.0 ] } },
{ "type": "Feature", "properties": { "osmid": 12301169157.0 }, "geometry": { "type": "Point", "coordinates": [ 3392995.0, 6524144.0 ] } },
{ "type": "Feature", "properties": { "osmid": 6299646528.0 }, "geometry": { "type": "Point", "coordinates": [ 3399088.0, 6509878.0 ] } },
{ "type": "Feature", "properties": { "osmid": 1595553396.0 }, "geometry": { "type": "Point", "coordinates": [ 3396420.0, 6511379.0 ] } },
{ "type": "Feature", "properties": { "osmid": 12725276312.0 }, "geometry": { "type": "Point", "coordinates": [ 3394131.0, 6513672.0 ] } },
{ "type": "Feature", "properties": { "osmid": 1784569073.0 }, "geometry": { "type": "Point", "coordinates": [ 3400703.0, 6509241.0 ] } },
{ "type": "Feature", "properties": { "osmid": 932334523.0 }, "geometry": { "type": "Point", "coordinates": [ 3413755.0, 6516363.0 ] } },
{ "type": "Feature", "properties": { "osmid": 8072941458.0 }, "geometry": { "type": "Point", "coordinates": [ 3397643.0, 6510256.0 ] } },
{ "type": "Feature", "properties": { "osmid": 2460211368.0 }, "geometry": { "type": "Point", "coordinates": [ 3413736.0, 6524394.0 ] } },
{ "type": "Feature", "properties": { "osmid": 11804565072.0 }, "geometry": { "type": "Point", "coordinates": [ 3407522.0, 6530763.0 ] } },
{ "type": "Feature", "properties": { "osmid": 13009065196.0 }, "geometry": { "type": "Point", "coordinates": [ 3414092.0, 6523961.0 ] } },
{ "type": "Feature", "properties": { "osmid": 1583850152.0 }, "geometry": { "type": "Point", "coordinates": [ 3399015.0, 6509299.0 ] } },
{ "type": "Feature", "properties": { "osmid": 4114319507.0 }, "geometry": { "type": "Point", "coordinates": [ 3397993.0, 6509729.0 ] } },
{ "type": "Feature", "properties": { "osmid": 2372984835.0 }, "geometry": { "type": "Point", "coordinates": [ 3400104.0, 6508897.0 ] } },
{ "type": "Feature", "properties": { "osmid": 9412118681.0 }, "geometry": { "type": "Point", "coordinates": [ 3392462.0, 6524498.0 ] } },
{ "type": "Feature", "properties": { "osmid": 695803705.0 }, "geometry": { "type": "Point", "coordinates": [ 3414272.0, 6516408.0 ] } },
{ "type": "Feature", "properties": { "osmid": 5861262105.0 }, "geometry": { "type": "Point", "coordinates": [ 3407062.0, 6531227.0 ] } },
{ "type": "Feature", "properties": { "osmid": 12175665145.0 }, "geometry": { "type": "Point", "coordinates": [ 3412141.0, 6527810.0 ] } },
{ "type": "Feature", "properties": { "osmid": 2351225821.0 }, "geometry": { "type": "Point", "coordinates": [ 3395585.0, 6511020.0 ] } },
{ "type": "Feature", "properties": { "osmid": 1784576345.0 }, "geometry": { "type": "Point", "coordinates": [ 3400645.0, 6508481.0 ] } },
{ "type": "Feature", "properties": { "osmid": 13175003236.0 }, "geometry": { "type": "Point", "coordinates": [ 3393645.0, 6527260.0 ] } },
{ "type": "Feature", "properties": { "osmid": 12362097930.0 }, "geometry": { "type": "Point", "coordinates": [ 3398366.0, 6531047.0 ] } },
{ "type": "Feature", "properties": { "osmid": 1892336958.0 }, "geometry": { "type": "Point", "coordinates": [ 3393251.0, 6513386.0 ] } },
{ "type": "Feature", "properties": { "osmid": 9818897247.0 }, "geometry": { "type": "Point", "coordinates": [ 3391926.0, 6515604.0 ] } },
{ "type": "Feature", "properties": { "osmid": 13173884022.0 }, "geometry": { "type": "Point", "coordinates": [ 3394471.0, 6528579.0 ] } },
{ "type": "Feature", "properties": { "osmid": 1785855877.0 }, "geometry": { "type": "Point", "coordinates": [ 3399852.0, 6531826.0 ] } },
{ "type": "Feature", "properties": { "osmid": 12327555903.0 }, "geometry": { "type": "Point", "coordinates": [ 3391566.0, 6523914.0 ] } },
{ "type": "Feature", "properties": { "osmid": 1418701574.0 }, "geometry": { "type": "Point", "coordinates": [ 3391821.0, 6524650.0 ] } },
{ "type": "Feature", "properties": { "osmid": 2252603137.0 }, "geometry": { "type": "Point", "coordinates": [ 3398682.0, 6508634.0 ] } },
{ "type": "Feature", "properties": { "osmid": 13698141201.0 }, "geometry": { "type": "Point", "coordinates": [ 3415136.0, 6516737.0 ] } },
{ "type": "Feature", "properties": { "osmid": 1785845740.0 }, "geometry": { "type": "Point", "coordinates": [ 3400442.0, 6532186.0 ] } },
{ "type": "Feature", "properties": { "osmid": 9001650142.0 }, "geometry": { "type": "Point", "coordinates": [ 3390785.0, 6520176.0 ] } },
{ "type": "Feature", "properties": { "osmid": 1785845741.0 }, "geometry": { "type": "Point", "coordinates": [ 3401623.0, 6532427.0 ] } },
{ "type": "Feature", "properties": { "osmid": 4732245307.0 }, "geometry": { "type": "Point", "coordinates": [ 3395061.0, 6510668.0 ] } },
{ "type": "Feature", "properties": { "osmid": 312868073.0 }, "geometry": { "type": "Point", "coordinates": [ 3397833.0, 6531325.0 ] } },
{ "type": "Feature", "properties": { "osmid": 706668973.0 }, "geometry": { "type": "Point", "coordinates": [ 3403870.0, 6532570.0 ] } },
{ "type": "Feature", "properties": { "osmid": 442477781.0 }, "geometry": { "type": "Point", "coordinates": [ 3404394.0, 6532575.0 ] } },
{ "type": "Feature", "properties": { "osmid": 7443306892.0 }, "geometry": { "type": "Point", "coordinates": [ 3398562.0, 6531745.0 ] } },
{ "type": "Feature", "properties": { "osmid": 6978074421.0 }, "geometry": { "type": "Point", "coordinates": [ 3391682.0, 6515116.0 ] } },
{ "type": "Feature", "properties": { "osmid": 4114312791.0 }, "geometry": { "type": "Point", "coordinates": [ 3394157.0, 6511322.0 ] } },
{ "type": "Feature", "properties": { "osmid": 1440338480.0 }, "geometry": { "type": "Point", "coordinates": [ 3415337.0, 6516269.0 ] } },
{ "type": "Feature", "properties": { "osmid": 2722886313.0 }, "geometry": { "type": "Point", "coordinates": [ 3398104.0, 6508421.0 ] } },
{ "type": "Feature", "properties": { "osmid": 11135614493.0 }, "geometry": { "type": "Point", "coordinates": [ 3405160.0, 6532719.0 ] } },
{ "type": "Feature", "properties": { "osmid": 11149926648.0 }, "geometry": { "type": "Point", "coordinates": [ 3390503.0, 6518209.0 ] } },
{ "type": "Feature", "properties": { "osmid": 2256187371.0 }, "geometry": { "type": "Point", "coordinates": [ 3392846.0, 6527704.0 ] } },
{ "type": "Feature", "properties": { "osmid": 441196849.0 }, "geometry": { "type": "Point", "coordinates": [ 3403711.0, 6533092.0 ] } },
{ "type": "Feature", "properties": { "osmid": 9306999936.0 }, "geometry": { "type": "Point", "coordinates": [ 3406484.0, 6507352.0 ] } },
{ "type": "Feature", "properties": { "osmid": 8726477972.0 }, "geometry": { "type": "Point", "coordinates": [ 3389955.0, 6519865.0 ] } },
{ "type": "Feature", "properties": { "osmid": 4753415925.0 }, "geometry": { "type": "Point", "coordinates": [ 3400981.0, 6506987.0 ] } },
{ "type": "Feature", "properties": { "osmid": 3359247038.0 }, "geometry": { "type": "Point", "coordinates": [ 3400038.0, 6532982.0 ] } },
{ "type": "Feature", "properties": { "osmid": 12351191055.0 }, "geometry": { "type": "Point", "coordinates": [ 3389962.0, 6519030.0 ] } },
{ "type": "Feature", "properties": { "osmid": 9277317416.0 }, "geometry": { "type": "Point", "coordinates": [ 3390385.0, 6523884.0 ] } },
{ "type": "Feature", "properties": { "osmid": 11131948828.0 }, "geometry": { "type": "Point", "coordinates": [ 3396074.0, 6531409.0 ] } },
{ "type": "Feature", "properties": { "osmid": 13165842874.0 }, "geometry": { "type": "Point", "coordinates": [ 3407085.0, 6533064.0 ] } },
{ "type": "Feature", "properties": { "osmid": 5868817948.0 }, "geometry": { "type": "Point", "coordinates": [ 3398007.0, 6532723.0 ] } },
{ "type": "Feature", "properties": { "osmid": 747845128.0 }, "geometry": { "type": "Point", "coordinates": [ 3395511.0, 6531425.0 ] } },
{ "type": "Feature", "properties": { "osmid": 4968554778.0 }, "geometry": { "type": "Point", "coordinates": [ 3392966.0, 6529315.0 ] } },
{ "type": "Feature", "properties": { "osmid": 11057005416.0 }, "geometry": { "type": "Point", "coordinates": [ 3405324.0, 6533841.0 ] } },
{ "type": "Feature", "properties": { "osmid": 12641825600.0 }, "geometry": { "type": "Point", "coordinates": [ 3397329.0, 6532719.0 ] } },
{ "type": "Feature", "properties": { "osmid": 256434578.0 }, "geometry": { "type": "Point", "coordinates": [ 3390012.0, 6524829.0 ] } },
{ "type": "Feature", "properties": { "osmid": 4689528246.0 }, "geometry": { "type": "Point", "coordinates": [ 3394930.0, 6531507.0 ] } },
{ "type": "Feature", "properties": { "osmid": 4437646655.0 }, "geometry": { "type": "Point", "coordinates": [ 3404611.0, 6534209.0 ] } },
{ "type": "Feature", "properties": { "osmid": 4749430493.0 }, "geometry": { "type": "Point", "coordinates": [ 3399980.0, 6533910.0 ] } },
{ "type": "Feature", "properties": { "osmid": 11994549866.0 }, "geometry": { "type": "Point", "coordinates": [ 3390953.0, 6527243.0 ] } },
{ "type": "Feature", "properties": { "osmid": 13570360533.0 }, "geometry": { "type": "Point", "coordinates": [ 3389036.0, 6521760.0 ] } },
{ "type": "Feature", "properties": { "osmid": 506143314.0 }, "geometry": { "type": "Point", "coordinates": [ 3399942.0, 6506147.0 ] } },
{ "type": "Feature", "properties": { "osmid": 3463708708.0 }, "geometry": { "type": "Point", "coordinates": [ 3399092.0, 6506349.0 ] } },
{ "type": "Feature", "properties": { "osmid": 11646823549.0 }, "geometry": { "type": "Point", "coordinates": [ 3389308.0, 6523684.0 ] } },
{ "type": "Feature", "properties": { "osmid": 3536176242.0 }, "geometry": { "type": "Point", "coordinates": [ 3397330.0, 6506931.0 ] } },
{ "type": "Feature", "properties": { "osmid": 4554358047.0 }, "geometry": { "type": "Point", "coordinates": [ 3406477.0, 6534146.0 ] } },
{ "type": "Feature", "properties": { "osmid": 1821258897.0 }, "geometry": { "type": "Point", "coordinates": [ 3397006.0, 6533266.0 ] } },
{ "type": "Feature", "properties": { "osmid": 2384898017.0 }, "geometry": { "type": "Point", "coordinates": [ 3388847.0, 6522666.0 ] } },
{ "type": "Feature", "properties": { "osmid": 5426029499.0 }, "geometry": { "type": "Point", "coordinates": [ 3394025.0, 6531449.0 ] } },
{ "type": "Feature", "properties": { "osmid": 5220479458.0 }, "geometry": { "type": "Point", "coordinates": [ 3394757.0, 6532009.0 ] } },
{ "type": "Feature", "properties": { "osmid": 5219346933.0 }, "geometry": { "type": "Point", "coordinates": [ 3396653.0, 6506934.0 ] } },
{ "type": "Feature", "properties": { "osmid": 12330416720.0 }, "geometry": { "type": "Point", "coordinates": [ 3389377.0, 6525366.0 ] } },
{ "type": "Feature", "properties": { "osmid": 9921417698.0 }, "geometry": { "type": "Point", "coordinates": [ 3393533.0, 6531310.0 ] } },
{ "type": "Feature", "properties": { "osmid": 4886569751.0 }, "geometry": { "type": "Point", "coordinates": [ 3397708.0, 6533894.0 ] } },
{ "type": "Feature", "properties": { "osmid": 1460248101.0 }, "geometry": { "type": "Point", "coordinates": [ 3388735.0, 6523451.0 ] } },
{ "type": "Feature", "properties": { "osmid": 12352341701.0 }, "geometry": { "type": "Point", "coordinates": [ 3392876.0, 6531021.0 ] } },
{ "type": "Feature", "properties": { "osmid": 3732287022.0 }, "geometry": { "type": "Point", "coordinates": [ 3389381.0, 6526025.0 ] } },
{ "type": "Feature", "properties": { "osmid": 11135579698.0 }, "geometry": { "type": "Point", "coordinates": [ 3394317.0, 6507891.0 ] } },
{ "type": "Feature", "properties": { "osmid": 12351206673.0 }, "geometry": { "type": "Point", "coordinates": [ 3388290.0, 6517798.0 ] } },
{ "type": "Feature", "properties": { "osmid": 3101592496.0 }, "geometry": { "type": "Point", "coordinates": [ 3389720.0, 6526878.0 ] } },
{ "type": "Feature", "properties": { "osmid": 1721047168.0 }, "geometry": { "type": "Point", "coordinates": [ 3388369.0, 6522907.0 ] } },
{ "type": "Feature", "properties": { "osmid": 10315063538.0 }, "geometry": { "type": "Point", "coordinates": [ 3388595.0, 6524412.0 ] } },
{ "type": "Feature", "properties": { "osmid": 11098287476.0 }, "geometry": { "type": "Point", "coordinates": [ 3391032.0, 6529402.0 ] } },
{ "type": "Feature", "properties": { "osmid": 4437819842.0 }, "geometry": { "type": "Point", "coordinates": [ 3405939.0, 6535210.0 ] } },
{ "type": "Feature", "properties": { "osmid": 373261161.0 }, "geometry": { "type": "Point", "coordinates": [ 3388113.0, 6523800.0 ] } },
{ "type": "Feature", "properties": { "osmid": 3038309196.0 }, "geometry": { "type": "Point", "coordinates": [ 3401975.0, 6504566.0 ] } },
{ "type": "Feature", "properties": { "osmid": 13272294580.0 }, "geometry": { "type": "Point", "coordinates": [ 3389157.0, 6526781.0 ] } },
{ "type": "Feature", "properties": { "osmid": 11135579673.0 }, "geometry": { "type": "Point", "coordinates": [ 3391118.0, 6510136.0 ] } },
{ "type": "Feature", "properties": { "osmid": 3046637918.0 }, "geometry": { "type": "Point", "coordinates": [ 3388486.0, 6525524.0 ] } },
{ "type": "Feature", "properties": { "osmid": 3137665937.0 }, "geometry": { "type": "Point", "coordinates": [ 3387701.0, 6523035.0 ] } },
{ "type": "Feature", "properties": { "osmid": 4428767213.0 }, "geometry": { "type": "Point", "coordinates": [ 3418839.0, 6517245.0 ] } },
{ "type": "Feature", "properties": { "osmid": 1211519769.0 }, "geometry": { "type": "Point", "coordinates": [ 3387337.0, 6520499.0 ] } },
{ "type": "Feature", "properties": { "osmid": 8974997146.0 }, "geometry": { "type": "Point", "coordinates": [ 3408685.0, 6535010.0 ] } },
{ "type": "Feature", "properties": { "osmid": 13296429558.0 }, "geometry": { "type": "Point", "coordinates": [ 3389979.0, 6511234.0 ] } },
{ "type": "Feature", "properties": { "osmid": 3269036077.0 }, "geometry": { "type": "Point", "coordinates": [ 3389067.0, 6512601.0 ] } },
{ "type": "Feature", "properties": { "osmid": 11724443847.0 }, "geometry": { "type": "Point", "coordinates": [ 3401800.0, 6504076.0 ] } },
{ "type": "Feature", "properties": { "osmid": 4554351665.0 }, "geometry": { "type": "Point", "coordinates": [ 3407944.0, 6535456.0 ] } },
{ "type": "Feature", "properties": { "osmid": 5226676996.0 }, "geometry": { "type": "Point", "coordinates": [ 3393647.0, 6533289.0 ] } },
{ "type": "Feature", "properties": { "osmid": 11013530345.0 }, "geometry": { "type": "Point", "coordinates": [ 3400488.0, 6503963.0 ] } },
{ "type": "Feature", "properties": { "osmid": 989010320.0 }, "geometry": { "type": "Point", "coordinates": [ 3389562.0, 6529091.0 ] } },
{ "type": "Feature", "properties": { "osmid": 7730570835.0 }, "geometry": { "type": "Point", "coordinates": [ 3397685.0, 6535499.0 ] } },
{ "type": "Feature", "properties": { "osmid": 7879146930.0 }, "geometry": { "type": "Point", "coordinates": [ 3387027.0, 6522772.0 ] } },
{ "type": "Feature", "properties": { "osmid": 4437646627.0 }, "geometry": { "type": "Point", "coordinates": [ 3406994.0, 6536107.0 ] } },
{ "type": "Feature", "properties": { "osmid": 11135763143.0 }, "geometry": { "type": "Point", "coordinates": [ 3386786.0, 6521203.0 ] } },
{ "type": "Feature", "properties": { "osmid": 5828763209.0 }, "geometry": { "type": "Point", "coordinates": [ 3386822.0, 6521780.0 ] } },
{ "type": "Feature", "properties": { "osmid": 8005760187.0 }, "geometry": { "type": "Point", "coordinates": [ 3389633.0, 6510599.0 ] } },
{ "type": "Feature", "properties": { "osmid": 13001466664.0 }, "geometry": { "type": "Point", "coordinates": [ 3396042.0, 6535073.0 ] } },
{ "type": "Feature", "properties": { "osmid": 8193915517.0 }, "geometry": { "type": "Point", "coordinates": [ 3389851.0, 6529960.0 ] } },
{ "type": "Feature", "properties": { "osmid": 11724443821.0 }, "geometry": { "type": "Point", "coordinates": [ 3401551.0, 6503383.0 ] } },
{ "type": "Feature", "properties": { "osmid": 988661542.0 }, "geometry": { "type": "Point", "coordinates": [ 3388941.0, 6528959.0 ] } },
{ "type": "Feature", "properties": { "osmid": 11135554621.0 }, "geometry": { "type": "Point", "coordinates": [ 3389075.0, 6510883.0 ] } },
{ "type": "Feature", "properties": { "osmid": 3756507341.0 }, "geometry": { "type": "Point", "coordinates": [ 3407299.0, 6536711.0 ] } },
{ "type": "Feature", "properties": { "osmid": 13139689045.0 }, "geometry": { "type": "Point", "coordinates": [ 3393366.0, 6534168.0 ] } },
{ "type": "Feature", "properties": { "osmid": 9733160149.0 }, "geometry": { "type": "Point", "coordinates": [ 3386914.0, 6525946.0 ] } },
{ "type": "Feature", "properties": { "osmid": 12954191561.0 }, "geometry": { "type": "Point", "coordinates": [ 3388330.0, 6528957.0 ] } },
{ "type": "Feature", "properties": { "osmid": 11336434537.0 }, "geometry": { "type": "Point", "coordinates": [ 3386078.0, 6522823.0 ] } },
{ "type": "Feature", "properties": { "osmid": 13056676711.0 }, "geometry": { "type": "Point", "coordinates": [ 3396437.0, 6536086.0 ] } },
{ "type": "Feature", "properties": { "osmid": 12859174585.0 }, "geometry": { "type": "Point", "coordinates": [ 3393690.0, 6534622.0 ] } },
{ "type": "Feature", "properties": { "osmid": 12794050574.0 }, "geometry": { "type": "Point", "coordinates": [ 3388550.0, 6510735.0 ] } },
{ "type": "Feature", "properties": { "osmid": 976281979.0 }, "geometry": { "type": "Point", "coordinates": [ 3395327.0, 6535634.0 ] } },
{ "type": "Feature", "properties": { "osmid": 8184737643.0 }, "geometry": { "type": "Point", "coordinates": [ 3385720.0, 6522307.0 ] } },
{ "type": "Feature", "properties": { "osmid": 13661309099.0 }, "geometry": { "type": "Point", "coordinates": [ 3386033.0, 6524476.0 ] } },
{ "type": "Feature", "properties": { "osmid": 12075270392.0 }, "geometry": { "type": "Point", "coordinates": [ 3407412.0, 6537402.0 ] } },
{ "type": "Feature", "properties": { "osmid": 11336334946.0 }, "geometry": { "type": "Point", "coordinates": [ 3385755.0, 6523642.0 ] } },
{ "type": "Feature", "properties": { "osmid": 3804649625.0 }, "geometry": { "type": "Point", "coordinates": [ 3419391.0, 6527636.0 ] } },
{ "type": "Feature", "properties": { "osmid": 2955178877.0 }, "geometry": { "type": "Point", "coordinates": [ 3391027.0, 6533116.0 ] } },
{ "type": "Feature", "properties": { "osmid": 762009602.0 }, "geometry": { "type": "Point", "coordinates": [ 3394588.0, 6535758.0 ] } },
{ "type": "Feature", "properties": { "osmid": 12075270394.0 }, "geometry": { "type": "Point", "coordinates": [ 3407978.0, 6537362.0 ] } },
{ "type": "Feature", "properties": { "osmid": 10157250751.0 }, "geometry": { "type": "Point", "coordinates": [ 3385491.0, 6522994.0 ] } },
{ "type": "Feature", "properties": { "osmid": 473671799.0 }, "geometry": { "type": "Point", "coordinates": [ 3389333.0, 6531487.0 ] } },
{ "type": "Feature", "properties": { "osmid": 345698309.0 }, "geometry": { "type": "Point", "coordinates": [ 3390396.0, 6532757.0 ] } },
{ "type": "Feature", "properties": { "osmid": 4437691791.0 }, "geometry": { "type": "Point", "coordinates": [ 3408527.0, 6537323.0 ] } },
{ "type": "Feature", "properties": { "osmid": 12959765773.0 }, "geometry": { "type": "Point", "coordinates": [ 3409175.0, 6537278.0 ] } },
{ "type": "Feature", "properties": { "osmid": 12980719078.0 }, "geometry": { "type": "Point", "coordinates": [ 3393498.0, 6535527.0 ] } },
{ "type": "Feature", "properties": { "osmid": 2454099549.0 }, "geometry": { "type": "Point", "coordinates": [ 3391749.0, 6534360.0 ] } },
{ "type": "Feature", "properties": { "osmid": 1722628618.0 }, "geometry": { "type": "Point", "coordinates": [ 3400508.0, 6501924.0 ] } },
{ "type": "Feature", "properties": { "osmid": 473671825.0 }, "geometry": { "type": "Point", "coordinates": [ 3388940.0, 6531797.0 ] } },
{ "type": "Feature", "properties": { "osmid": 761399158.0 }, "geometry": { "type": "Point", "coordinates": [ 3393963.0, 6536356.0 ] } },
{ "type": "Feature", "properties": { "osmid": 12150496319.0 }, "geometry": { "type": "Point", "coordinates": [ 3393363.0, 6536036.0 ] } },
{ "type": "Feature", "properties": { "osmid": 11048017705.0 }, "geometry": { "type": "Point", "coordinates": [ 3385233.0, 6525516.0 ] } },
{ "type": "Feature", "properties": { "osmid": 1456221877.0 }, "geometry": { "type": "Point", "coordinates": [ 3384504.0, 6521764.0 ] } },
{ "type": "Feature", "properties": { "osmid": 3060812778.0 }, "geometry": { "type": "Point", "coordinates": [ 3385289.0, 6526095.0 ] } },
{ "type": "Feature", "properties": { "osmid": 4342552638.0 }, "geometry": { "type": "Point", "coordinates": [ 3406241.0, 6538785.0 ] } },
{ "type": "Feature", "properties": { "osmid": 12860393904.0 }, "geometry": { "type": "Point", "coordinates": [ 3393489.0, 6536551.0 ] } },
{ "type": "Feature", "properties": { "osmid": 346412428.0 }, "geometry": { "type": "Point", "coordinates": [ 3388089.0, 6531954.0 ] } },
{ "type": "Feature", "properties": { "osmid": 11138404512.0 }, "geometry": { "type": "Point", "coordinates": [ 3406905.0, 6539105.0 ] } },
{ "type": "Feature", "properties": { "osmid": 5077699065.0 }, "geometry": { "type": "Point", "coordinates": [ 3392839.0, 6536478.0 ] } },
{ "type": "Feature", "properties": { "osmid": 13010026917.0 }, "geometry": { "type": "Point", "coordinates": [ 3383887.0, 6521947.0 ] } },
{ "type": "Feature", "properties": { "osmid": 11133983955.0 }, "geometry": { "type": "Point", "coordinates": [ 3407567.0, 6539054.0 ] } },
{ "type": "Feature", "properties": { "osmid": 8683007440.0 }, "geometry": { "type": "Point", "coordinates": [ 3383976.0, 6516683.0 ] } },
{ "type": "Feature", "properties": { "osmid": 346411551.0 }, "geometry": { "type": "Point", "coordinates": [ 3387563.0, 6531869.0 ] } },
{ "type": "Feature", "properties": { "osmid": 12811602690.0 }, "geometry": { "type": "Point", "coordinates": [ 3395075.0, 6538108.0 ] } },
{ "type": "Feature", "properties": { "osmid": 4316213899.0 }, "geometry": { "type": "Point", "coordinates": [ 3385191.0, 6528411.0 ] } },
{ "type": "Feature", "properties": { "osmid": 6571086202.0 }, "geometry": { "type": "Point", "coordinates": [ 3384002.0, 6525169.0 ] } },
{ "type": "Feature", "properties": { "osmid": 1229356808.0 }, "geometry": { "type": "Point", "coordinates": [ 3383338.0, 6520844.0 ] } },
{ "type": "Feature", "properties": { "osmid": 6291405341.0 }, "geometry": { "type": "Point", "coordinates": [ 3391749.0, 6536425.0 ] } },
{ "type": "Feature", "properties": { "osmid": 5239377469.0 }, "geometry": { "type": "Point", "coordinates": [ 3387515.0, 6532449.0 ] } },
{ "type": "Feature", "properties": { "osmid": 13688263393.0 }, "geometry": { "type": "Point", "coordinates": [ 3393538.0, 6537669.0 ] } },
{ "type": "Feature", "properties": { "osmid": 1278101032.0 }, "geometry": { "type": "Point", "coordinates": [ 3383905.0, 6525697.0 ] } },
{ "type": "Feature", "properties": { "osmid": 12855369192.0 }, "geometry": { "type": "Point", "coordinates": [ 3383229.0, 6517414.0 ] } },
{ "type": "Feature", "properties": { "osmid": 12830209239.0 }, "geometry": { "type": "Point", "coordinates": [ 3386563.0, 6531459.0 ] } },
{ "type": "Feature", "properties": { "osmid": 11672704359.0 }, "geometry": { "type": "Point", "coordinates": [ 3384477.0, 6527817.0 ] } },
{ "type": "Feature", "properties": { "osmid": 12344568113.0 }, "geometry": { "type": "Point", "coordinates": [ 3382771.0, 6520252.0 ] } },
{ "type": "Feature", "properties": { "osmid": 9235538283.0 }, "geometry": { "type": "Point", "coordinates": [ 3384495.0, 6528401.0 ] } },
{ "type": "Feature", "properties": { "osmid": 1226948629.0 }, "geometry": { "type": "Point", "coordinates": [ 3382682.0, 6521032.0 ] } },
{ "type": "Feature", "properties": { "osmid": 13283929418.0 }, "geometry": { "type": "Point", "coordinates": [ 3393415.0, 6538168.0 ] } },
{ "type": "Feature", "properties": { "osmid": 3766770613.0 }, "geometry": { "type": "Point", "coordinates": [ 3383389.0, 6525912.0 ] } },
{ "type": "Feature", "properties": { "osmid": 13118772980.0 }, "geometry": { "type": "Point", "coordinates": [ 3382637.0, 6517909.0 ] } },
{ "type": "Feature", "properties": { "osmid": 9993228174.0 }, "geometry": { "type": "Point", "coordinates": [ 3383919.0, 6527653.0 ] } },
{ "type": "Feature", "properties": { "osmid": 11052826390.0 }, "geometry": { "type": "Point", "coordinates": [ 3386993.0, 6533000.0 ] } },
{ "type": "Feature", "properties": { "osmid": 12830209245.0 }, "geometry": { "type": "Point", "coordinates": [ 3385842.0, 6531731.0 ] } },
{ "type": "Feature", "properties": { "osmid": 7983846497.0 }, "geometry": { "type": "Point", "coordinates": [ 3383920.0, 6528193.0 ] } },
{ "type": "Feature", "properties": { "osmid": 10557659725.0 }, "geometry": { "type": "Point", "coordinates": [ 3387180.0, 6533603.0 ] } },
{ "type": "Feature", "properties": { "osmid": 11860718798.0 }, "geometry": { "type": "Point", "coordinates": [ 3393522.0, 6538768.0 ] } },
{ "type": "Feature", "properties": { "osmid": 443299044.0 }, "geometry": { "type": "Point", "coordinates": [ 3382122.0, 6521439.0 ] } },
{ "type": "Feature", "properties": { "osmid": 36068234.0 }, "geometry": { "type": "Point", "coordinates": [ 3390083.0, 6536709.0 ] } },
{ "type": "Feature", "properties": { "osmid": 10731295806.0 }, "geometry": { "type": "Point", "coordinates": [ 3386686.0, 6533397.0 ] } },
{ "type": "Feature", "properties": { "osmid": 9331359777.0 }, "geometry": { "type": "Point", "coordinates": [ 3392369.0, 6538394.0 ] } },
{ "type": "Feature", "properties": { "osmid": 443299036.0 }, "geometry": { "type": "Point", "coordinates": [ 3381993.0, 6522140.0 ] } },
{ "type": "Feature", "properties": { "osmid": 13283902644.0 }, "geometry": { "type": "Point", "coordinates": [ 3391796.0, 6538204.0 ] } },
{ "type": "Feature", "properties": { "osmid": 11281718333.0 }, "geometry": { "type": "Point", "coordinates": [ 3382490.0, 6525838.0 ] } },
{ "type": "Feature", "properties": { "osmid": 11011234793.0 }, "geometry": { "type": "Point", "coordinates": [ 3386722.0, 6534023.0 ] } },
{ "type": "Feature", "properties": { "osmid": 6398094591.0 }, "geometry": { "type": "Point", "coordinates": [ 3383667.0, 6529326.0 ] } },
{ "type": "Feature", "properties": { "osmid": 6696771538.0 }, "geometry": { "type": "Point", "coordinates": [ 3390989.0, 6537979.0 ] } },
{ "type": "Feature", "properties": { "osmid": 2862205820.0 }, "geometry": { "type": "Point", "coordinates": [ 3389007.0, 6536615.0 ] } },
{ "type": "Feature", "properties": { "osmid": 2646010511.0 }, "geometry": { "type": "Point", "coordinates": [ 3383285.0, 6529670.0 ] } },
{ "type": "Feature", "properties": { "osmid": 8904175247.0 }, "geometry": { "type": "Point", "coordinates": [ 3383612.0, 6530385.0 ] } },
{ "type": "Feature", "properties": { "osmid": 3399331151.0 }, "geometry": { "type": "Point", "coordinates": [ 3388532.0, 6536794.0 ] } },
{ "type": "Feature", "properties": { "osmid": 12319096804.0 }, "geometry": { "type": "Point", "coordinates": [ 3385626.0, 6533712.0 ] } },
{ "type": "Feature", "properties": { "osmid": 8342628212.0 }, "geometry": { "type": "Point", "coordinates": [ 3386245.0, 6534626.0 ] } },
{ "type": "Feature", "properties": { "osmid": 354962468.0 }, "geometry": { "type": "Point", "coordinates": [ 3381778.0, 6526709.0 ] } },
{ "type": "Feature", "properties": { "osmid": 4207884703.0 }, "geometry": { "type": "Point", "coordinates": [ 3393623.0, 6540627.0 ] } },
{ "type": "Feature", "properties": { "osmid": 3060775839.0 }, "geometry": { "type": "Point", "coordinates": [ 3381208.0, 6525689.0 ] } },
{ "type": "Feature", "properties": { "osmid": 11428534787.0 }, "geometry": { "type": "Point", "coordinates": [ 3385346.0, 6534172.0 ] } },
{ "type": "Feature", "properties": { "osmid": 11124841444.0 }, "geometry": { "type": "Point", "coordinates": [ 3384875.0, 6533971.0 ] } },
{ "type": "Feature", "properties": { "osmid": 5721448186.0 }, "geometry": { "type": "Point", "coordinates": [ 3388600.0, 6538099.0 ] } },
{ "type": "Feature", "properties": { "osmid": 11124841486.0 }, "geometry": { "type": "Point", "coordinates": [ 3384937.0, 6534663.0 ] } },
{ "type": "Feature", "properties": { "osmid": 4086705933.0 }, "geometry": { "type": "Point", "coordinates": [ 3407098.0, 6496831.0 ] } },
{ "type": "Feature", "properties": { "osmid": 10587693403.0 }, "geometry": { "type": "Point", "coordinates": [ 3387678.0, 6537961.0 ] } },
{ "type": "Feature", "properties": { "osmid": 9178427007.0 }, "geometry": { "type": "Point", "coordinates": [ 3380146.0, 6525668.0 ] } },
{ "type": "Feature", "properties": { "osmid": 2908951145.0 }, "geometry": { "type": "Point", "coordinates": [ 3388132.0, 6538490.0 ] } },
{ "type": "Feature", "properties": { "osmid": 9867928489.0 }, "geometry": { "type": "Point", "coordinates": [ 3384736.0, 6535187.0 ] } },
{ "type": "Feature", "properties": { "osmid": 4804287783.0 }, "geometry": { "type": "Point", "coordinates": [ 3391359.0, 6541178.0 ] } },
{ "type": "Feature", "properties": { "osmid": 4141343516.0 }, "geometry": { "type": "Point", "coordinates": [ 3379503.0, 6525500.0 ] } },
{ "type": "Feature", "properties": { "osmid": 1453436802.0 }, "geometry": { "type": "Point", "coordinates": [ 3385667.0, 6536928.0 ] } },
{ "type": "Feature", "properties": { "osmid": 11124841480.0 }, "geometry": { "type": "Point", "coordinates": [ 3383769.0, 6535004.0 ] } },
{ "type": "Feature", "properties": { "osmid": 2881329990.0 }, "geometry": { "type": "Point", "coordinates": [ 3386809.0, 6538426.0 ] } },
{ "type": "Feature", "properties": { "osmid": 7784004199.0 }, "geometry": { "type": "Point", "coordinates": [ 3379284.0, 6526344.0 ] } },
{ "type": "Feature", "properties": { "osmid": 1015646702.0 }, "geometry": { "type": "Point", "coordinates": [ 3385302.0, 6537455.0 ] } },
{ "type": "Feature", "properties": { "osmid": 7784004242.0 }, "geometry": { "type": "Point", "coordinates": [ 3379557.0, 6529139.0 ] } },
{ "type": "Feature", "properties": { "osmid": 9368683957.0 }, "geometry": { "type": "Point", "coordinates": [ 3378134.0, 6525430.0 ] } },
{ "type": "Feature", "properties": { "osmid": 7659708222.0 }, "geometry": { "type": "Point", "coordinates": [ 3384833.0, 6538103.0 ] } },
{ "type": "Feature", "properties": { "osmid": 9369167604.0 }, "geometry": { "type": "Point", "coordinates": [ 3378178.0, 6527069.0 ] } },
{ "type": "Feature", "properties": { "osmid": 1916769309.0 }, "geometry": { "type": "Point", "coordinates": [ 3402987.0, 6493774.0 ] } },
{ "type": "Feature", "properties": { "osmid": 775813283.0 }, "geometry": { "type": "Point", "coordinates": [ 3380199.0, 6533026.0 ] } },
{ "type": "Feature", "properties": { "osmid": 3771605429.0 }, "geometry": { "type": "Point", "coordinates": [ 3377255.0, 6525291.0 ] } },
{ "type": "Feature", "properties": { "osmid": 10244097149.0 }, "geometry": { "type": "Point", "coordinates": [ 3379732.0, 6533379.0 ] } },
{ "type": "Feature", "properties": { "osmid": 12108713529.0 }, "geometry": { "type": "Point", "coordinates": [ 3380454.0, 6537965.0 ] } },
{ "type": "Feature", "properties": { "osmid": 6821223669.0 }, "geometry": { "type": "Point", "coordinates": [ 3386029.0, 6546883.0 ] } },
{ "type": "Feature", "properties": { "osmid": 1673798701.0 }, "geometry": { "type": "Point", "coordinates": [ 3380012.0, 6542276.0 ] } },
{ "type": "Feature", "properties": { "osmid": 12153300486.0 }, "geometry": { "type": "Point", "coordinates": [ 3379422.0, 6544617.0 ] } },
{ "type": "Feature", "properties": { "osmid": 6851383121.0 }, "geometry": { "type": "Point", "coordinates": [ 3423649.0, 6547767.0 ] } },
{ "type": "Feature", "properties": { "osmid": 11772239655.0 }, "geometry": { "type": "Point", "coordinates": [ 3377981.0, 6544109.0 ] } },
{ "type": "Feature", "properties": { "osmid": 8873313364.0 }, "geometry": { "type": "Point", "coordinates": [ 3368529.0, 6531124.0 ] } }
]
}
