{
"type": "FeatureCollection",
"name": "lisbon-betweenness_centrality-rail",
"crs": { "type": "name", "properties": { "name": "urn:ogc:def:crs:EPSG::3857" } },
"features": [
{ "type": "Feature", "properties": { "betweenness_centrality": 0.13240418118466898, "source": 9556520076, "target": 1934929584, "ordering_betweenness_centrality": 0, "length": 1951, "length_cumulative": 1951 }, "geometry": { "type": "LineString", "coordinates": [ [ -1013455.0, 4687771.0 ], [ -1013488.0, 4687771.0 ], [ -1013565.0, 4687771.0 ], [ -1013624.0, 4687771.0 ], [ -1013650.0, 4687771.0 ], [ -1013695.0, 4687771.0 ], [ -1013777.0, 4687771.0 ], [ -1013780.0, 4687771.0 ], [ -1013806.0, 4687771.0 ], [ -1013836.0, 4687771.0 ], [ -1013963.0, 4687770.0 ], [ -1013976.0, 4687770.0 ], [ -1014002.0, 4687769.0 ], [ -1014010.0, 4687769.0 ], [ -1014021.0, 4687765.0 ], [ -1014026.0, 4687763.0 ], [ -1014035.0, 4687758.0 ], [ -1014040.0, 4687755.0 ], [ -1014045.0, 4687749.0 ], [ -1014054.0, 4687736.0 ], [ -1014057.0, 4687728.0 ], [ -1014060.0, 4687719.0 ], [ -1014069.0, 4687702.0 ], [ -1014077.0, 4687689.0 ], [ -1014091.0, 4687670.0 ], [ -1014103.0, 4687657.0 ], [ -1014155.0, 4687607.0 ], [ -1014166.0, 4687596.0 ], [ -1014172.0, 4687590.0 ], [ -1014173.0, 4687586.0 ], [ -1014174.0, 4687583.0 ], [ -1014175.0, 4687577.0 ], [ -1014179.0, 4687574.0 ], [ -1014184.0, 4687570.0 ], [ -1014193.0, 4687564.0 ], [ -1014199.0, 4687560.0 ], [ -1014199.0, 4687557.0 ], [ -1014200.0, 4687554.0 ], [ -1014204.0, 4687553.0 ], [ -1014206.0, 4687552.0 ], [ -1014212.0, 4687546.0 ], [ -1014227.0, 4687531.0 ], [ -1014240.0, 4687518.0 ], [ -1014250.0, 4687513.0 ], [ -1014257.0, 4687511.0 ], [ -1014250.0, 4687502.0 ], [ -1014265.0, 4687493.0 ], [ -1014267.0, 4687489.0 ], [ -1014281.0, 4687464.0 ], [ -1014282.0, 4687456.0 ], [ -1014288.0, 4687447.0 ], [ -1014291.0, 4687438.0 ], [ -1014264.0, 4687281.0 ], [ -1014285.0, 4687277.0 ], [ -1014289.0, 4687276.0 ], [ -1014296.0, 4687275.0 ], [ -1014299.0, 4687255.0 ], [ -1014300.0, 4687251.0 ], [ -1014309.0, 4687227.0 ], [ -1014331.0, 4687204.0 ], [ -1014338.0, 4687196.0 ], [ -1014344.0, 4687190.0 ], [ -1014352.0, 4687187.0 ], [ -1014360.0, 4687183.0 ], [ -1014377.0, 4687165.0 ], [ -1014381.0, 4687154.0 ], [ -1014386.0, 4687142.0 ], [ -1014389.0, 4687133.0 ], [ -1014387.0, 4687111.0 ], [ -1014385.0, 4687105.0 ], [ -1014386.0, 4687080.0 ], [ -1014390.0, 4687067.0 ], [ -1014411.0, 4687013.0 ], [ -1014435.0, 4686950.0 ], [ -1014440.0, 4686937.0 ], [ -1014443.0, 4686929.0 ], [ -1014448.0, 4686916.0 ], [ -1014450.0, 4686911.0 ], [ -1014462.0, 4686892.0 ], [ -1014468.0, 4686882.0 ], [ -1014477.0, 4686867.0 ], [ -1014481.0, 4686859.0 ], [ -1014488.0, 4686842.0 ], [ -1014503.0, 4686806.0 ], [ -1014513.0, 4686777.0 ], [ -1014519.0, 4686762.0 ], [ -1014522.0, 4686755.0 ], [ -1014526.0, 4686744.0 ], [ -1014532.0, 4686728.0 ], [ -1014537.0, 4686715.0 ], [ -1014548.0, 4686685.0 ], [ -1014555.0, 4686667.0 ], [ -1014573.0, 4686619.0 ], [ -1014577.0, 4686603.0 ] ] } },
{ "type": "Feature", "properties": { "betweenness_centrality": 0.11962833914053426, "source": 13046814076, "target": 1120110515, "ordering_betweenness_centrality": 1, "length": 1239, "length_cumulative": 3190 }, "geometry": { "type": "LineString", "coordinates": [ [ -1017994.0, 4681503.0 ], [ -1018001.0, 4681498.0 ], [ -1018011.0, 4681500.0 ], [ -1018049.0, 4681556.0 ], [ -1018055.0, 4681559.0 ], [ -1018062.0, 4681569.0 ], [ -1018062.0, 4681576.0 ], [ -1018075.0, 4681595.0 ], [ -1018079.0, 4681592.0 ], [ -1018080.0, 4681592.0 ], [ -1018084.0, 4681589.0 ], [ -1018087.0, 4681587.0 ], [ -1018089.0, 4681585.0 ], [ -1018087.0, 4681583.0 ], [ -1018087.0, 4681581.0 ], [ -1018087.0, 4681579.0 ], [ -1018087.0, 4681578.0 ], [ -1018088.0, 4681577.0 ], [ -1018089.0, 4681576.0 ], [ -1018091.0, 4681575.0 ], [ -1018092.0, 4681574.0 ], [ -1018094.0, 4681575.0 ], [ -1018150.0, 4681597.0 ], [ -1018150.0, 4681593.0 ], [ -1018204.0, 4681616.0 ], [ -1018208.0, 4681617.0 ], [ -1018236.0, 4681620.0 ], [ -1018269.0, 4681622.0 ], [ -1018349.0, 4681622.0 ], [ -1018404.0, 4681616.0 ], [ -1018432.0, 4681612.0 ], [ -1018450.0, 4681612.0 ], [ -1018454.0, 4681612.0 ], [ -1018483.0, 4681606.0 ], [ -1018525.0, 4681607.0 ], [ -1018549.0, 4681611.0 ], [ -1018653.0, 4681623.0 ], [ -1018656.0, 4681622.0 ], [ -1018659.0, 4681622.0 ], [ -1018682.0, 4681623.0 ], [ -1018767.0, 4681627.0 ], [ -1018775.0, 4681627.0 ], [ -1018781.0, 4681628.0 ], [ -1018816.0, 4681627.0 ], [ -1018842.0, 4681628.0 ], [ -1018866.0, 4681629.0 ], [ -1018892.0, 4681631.0 ], [ -1018909.0, 4681633.0 ], [ -1018918.0, 4681634.0 ], [ -1019007.0, 4681646.0 ], [ -1019011.0, 4681646.0 ], [ -1019017.0, 4681647.0 ], [ -1019021.0, 4681647.0 ], [ -1019026.0, 4681645.0 ], [ -1019029.0, 4681645.0 ], [ -1019037.0, 4681645.0 ], [ -1019041.0, 4681645.0 ], [ -1019042.0, 4681652.0 ], [ -1019045.0, 4681660.0 ], [ -1019049.0, 4681667.0 ], [ -1019054.0, 4681671.0 ], [ -1019060.0, 4681676.0 ], [ -1019116.0, 4681663.0 ], [ -1019128.0, 4681660.0 ] ] } },
{ "type": "Feature", "properties": { "betweenness_centrality": 0.10569105691056911, "source": 13046814076, "target": 13040565493, "ordering_betweenness_centrality": 2, "length": 503, "length_cumulative": 3694 }, "geometry": { "type": "LineString", "coordinates": [ [ -1017994.0, 4681503.0 ], [ -1017985.0, 4681502.0 ], [ -1017957.0, 4681461.0 ], [ -1017939.0, 4681435.0 ], [ -1017938.0, 4681432.0 ], [ -1017937.0, 4681429.0 ], [ -1017937.0, 4681426.0 ], [ -1017938.0, 4681423.0 ], [ -1017939.0, 4681422.0 ], [ -1017935.0, 4681417.0 ], [ -1017932.0, 4681413.0 ], [ -1017936.0, 4681410.0 ], [ -1017941.0, 4681405.0 ], [ -1017947.0, 4681397.0 ], [ -1017950.0, 4681393.0 ], [ -1017939.0, 4681377.0 ], [ -1017899.0, 4681319.0 ], [ -1017862.0, 4681265.0 ], [ -1017843.0, 4681237.0 ], [ -1017834.0, 4681223.0 ], [ -1017827.0, 4681209.0 ], [ -1017769.0, 4681125.0 ], [ -1017758.0, 4681111.0 ], [ -1017750.0, 4681103.0 ], [ -1017753.0, 4681100.0 ], [ -1017757.0, 4681097.0 ] ] } },
{ "type": "Feature", "properties": { "betweenness_centrality": 0.099883855981416955, "source": 9196746624, "target": 8564164552, "ordering_betweenness_centrality": 3, "length": 1033, "length_cumulative": 4727 }, "geometry": { "type": "LineString", "coordinates": [ [ -1019593.0, 4684176.0 ], [ -1019592.0, 4684174.0 ], [ -1019591.0, 4684172.0 ], [ -1019588.0, 4684164.0 ], [ -1019590.0, 4684153.0 ], [ -1019623.0, 4684165.0 ], [ -1019637.0, 4684192.0 ], [ -1019642.0, 4684200.0 ], [ -1019645.0, 4684207.0 ], [ -1019638.0, 4684211.0 ], [ -1019650.0, 4684234.0 ], [ -1019655.0, 4684243.0 ], [ -1019677.0, 4684283.0 ], [ -1019678.0, 4684285.0 ], [ -1019678.0, 4684286.0 ], [ -1019676.0, 4684291.0 ], [ -1019676.0, 4684292.0 ], [ -1019682.0, 4684295.0 ], [ -1019747.0, 4684321.0 ], [ -1019801.0, 4684342.0 ], [ -1019809.0, 4684345.0 ], [ -1019898.0, 4684381.0 ], [ -1019905.0, 4684384.0 ], [ -1019912.0, 4684386.0 ], [ -1019910.0, 4684391.0 ], [ -1019920.0, 4684394.0 ], [ -1019934.0, 4684400.0 ], [ -1019938.0, 4684401.0 ], [ -1019945.0, 4684404.0 ], [ -1019954.0, 4684409.0 ], [ -1019968.0, 4684415.0 ], [ -1020011.0, 4684432.0 ], [ -1020080.0, 4684459.0 ], [ -1020084.0, 4684461.0 ], [ -1020101.0, 4684467.0 ], [ -1020202.0, 4684507.0 ], [ -1020224.0, 4684516.0 ], [ -1020272.0, 4684535.0 ], [ -1020276.0, 4684536.0 ], [ -1020285.0, 4684538.0 ], [ -1020287.0, 4684539.0 ], [ -1020294.0, 4684542.0 ], [ -1020304.0, 4684546.0 ], [ -1020310.0, 4684548.0 ], [ -1020321.0, 4684551.0 ], [ -1020322.0, 4684552.0 ], [ -1020323.0, 4684553.0 ], [ -1020329.0, 4684569.0 ], [ -1020332.0, 4684579.0 ], [ -1020334.0, 4684581.0 ], [ -1020336.0, 4684583.0 ], [ -1020338.0, 4684584.0 ], [ -1020342.0, 4684585.0 ], [ -1020348.0, 4684586.0 ], [ -1020371.0, 4684589.0 ], [ -1020382.0, 4684591.0 ], [ -1020382.0, 4684587.0 ], [ -1020385.0, 4684587.0 ], [ -1020391.0, 4684587.0 ], [ -1020395.0, 4684585.0 ], [ -1020420.0, 4684575.0 ] ] } },
{ "type": "Feature", "properties": { "betweenness_centrality": 0.097560975609756101, "source": 4632541059, "target": 6273933810, "ordering_betweenness_centrality": 4, "length": 584, "length_cumulative": 5312 }, "geometry": { "type": "LineString", "coordinates": [ [ -1018383.0, 4685136.0 ], [ -1018384.0, 4685117.0 ], [ -1018382.0, 4685113.0 ], [ -1018379.0, 4685105.0 ], [ -1018326.0, 4685131.0 ], [ -1018325.0, 4685127.0 ], [ -1018324.0, 4685123.0 ], [ -1018319.0, 4685107.0 ], [ -1018296.0, 4684983.0 ], [ -1018297.0, 4684976.0 ], [ -1018295.0, 4684968.0 ], [ -1018280.0, 4684953.0 ], [ -1018277.0, 4684936.0 ], [ -1018257.0, 4684828.0 ], [ -1018254.0, 4684815.0 ], [ -1018233.0, 4684706.0 ], [ -1018230.0, 4684689.0 ], [ -1018223.0, 4684690.0 ], [ -1018221.0, 4684676.0 ], [ -1018219.0, 4684667.0 ], [ -1018218.0, 4684660.0 ] ] } },
{ "type": "Feature", "properties": { "betweenness_centrality": 0.096399535423925667, "source": 4632541059, "target": 4357882443, "ordering_betweenness_centrality": 5, "length": 1782, "length_cumulative": 7094 }, "geometry": { "type": "MultiLineString", "coordinates": [ [ [ -1016912.0, 4685284.0 ], [ -1016913.0, 4685284.0 ], [ -1016924.0, 4685283.0 ], [ -1016946.0, 4685281.0 ], [ -1016969.0, 4685279.0 ], [ -1016991.0, 4685277.0 ], [ -1016999.0, 4685276.0 ], [ -1017002.0, 4685276.0 ], [ -1017006.0, 4685276.0 ], [ -1017009.0, 4685277.0 ], [ -1017014.0, 4685277.0 ], [ -1017017.0, 4685276.0 ], [ -1017025.0, 4685275.0 ], [ -1017072.0, 4685271.0 ], [ -1017099.0, 4685270.0 ], [ -1017101.0, 4685271.0 ], [ -1017103.0, 4685270.0 ], [ -1017103.0, 4685266.0 ], [ -1017103.0, 4685265.0 ], [ -1017216.0, 4685256.0 ], [ -1017218.0, 4685254.0 ], [ -1017218.0, 4685251.0 ], [ -1017214.0, 4685207.0 ], [ -1017212.0, 4685191.0 ], [ -1017210.0, 4685175.0 ], [ -1017206.0, 4685160.0 ], [ -1017205.0, 4685158.0 ], [ -1017208.0, 4685157.0 ], [ -1017214.0, 4685155.0 ], [ -1017209.0, 4685142.0 ], [ -1017209.0, 4685141.0 ], [ -1017208.0, 4685139.0 ], [ -1017216.0, 4685135.0 ], [ -1017217.0, 4685135.0 ], [ -1017225.0, 4685132.0 ], [ -1017237.0, 4685127.0 ], [ -1017326.0, 4685089.0 ], [ -1017337.0, 4685084.0 ], [ -1017343.0, 4685081.0 ], [ -1017356.0, 4685076.0 ], [ -1017365.0, 4685072.0 ], [ -1017372.0, 4685069.0 ], [ -1017378.0, 4685067.0 ], [ -1017431.0, 4685044.0 ], [ -1017445.0, 4685031.0 ], [ -1017527.0, 4684996.0 ], [ -1017629.0, 4684950.0 ], [ -1017732.0, 4684905.0 ], [ -1017872.0, 4684845.0 ], [ -1017888.0, 4684838.0 ], [ -1017879.0, 4684818.0 ], [ -1017871.0, 4684800.0 ], [ -1017874.0, 4684776.0 ], [ -1017887.0, 4684757.0 ], [ -1017928.0, 4684748.0 ], [ -1017959.0, 4684741.0 ], [ -1017994.0, 4684733.0 ], [ -1018003.0, 4684732.0 ], [ -1018022.0, 4684727.0 ], [ -1018033.0, 4684725.0 ], [ -1018165.0, 4684700.0 ], [ -1018179.0, 4684698.0 ], [ -1018213.0, 4684692.0 ], [ -1018211.0, 4684677.0 ], [ -1018209.0, 4684663.0 ], [ -1018218.0, 4684660.0 ] ], [ [ -1016912.0, 4685284.0 ], [ -1016909.0, 4685291.0 ], [ -1016912.0, 4685321.0 ], [ -1016940.0, 4685318.0 ], [ -1016939.0, 4685310.0 ], [ -1016953.0, 4685309.0 ] ], [ [ -1016912.0, 4685284.0 ], [ -1016914.0, 4685278.0 ], [ -1016914.0, 4685276.0 ], [ -1016897.0, 4685277.0 ], [ -1016896.0, 4685275.0 ], [ -1016896.0, 4685278.0 ], [ -1016896.0, 4685281.0 ], [ -1016896.0, 4685286.0 ], [ -1016912.0, 4685284.0 ] ] ] } },
{ "type": "Feature", "properties": { "betweenness_centrality": 0.094076655052264813, "source": 4119522959, "target": 13240630980, "ordering_betweenness_centrality": 6, "length": 1753, "length_cumulative": 8847 }, "geometry": { "type": "LineString", "coordinates": [ [ -1015673.0, 4684409.0 ], [ -1015667.0, 4684416.0 ], [ -1015662.0, 4684426.0 ], [ -1015658.0, 4684434.0 ], [ -1015656.0, 4684443.0 ], [ -1015655.0, 4684490.0 ], [ -1015654.0, 4684516.0 ], [ -1015653.0, 4684535.0 ], [ -1015650.0, 4684545.0 ], [ -1015648.0, 4684550.0 ], [ -1015646.0, 4684554.0 ], [ -1015637.0, 4684566.0 ], [ -1015630.0, 4684574.0 ], [ -1015612.0, 4684585.0 ], [ -1015602.0, 4684588.0 ], [ -1015596.0, 4684591.0 ], [ -1015587.0, 4684592.0 ], [ -1015537.0, 4684592.0 ], [ -1015442.0, 4684581.0 ], [ -1015426.0, 4684580.0 ], [ -1015409.0, 4684579.0 ], [ -1015401.0, 4684578.0 ], [ -1015379.0, 4684579.0 ], [ -1015358.0, 4684580.0 ], [ -1015336.0, 4684582.0 ], [ -1015315.0, 4684586.0 ], [ -1015294.0, 4684591.0 ], [ -1015274.0, 4684596.0 ], [ -1015254.0, 4684603.0 ], [ -1015234.0, 4684611.0 ], [ -1015214.0, 4684620.0 ], [ -1015195.0, 4684631.0 ], [ -1015177.0, 4684642.0 ], [ -1015159.0, 4684654.0 ], [ -1015142.0, 4684667.0 ], [ -1015112.0, 4684694.0 ], [ -1015098.0, 4684707.0 ], [ -1015092.0, 4684716.0 ], [ -1015070.0, 4684737.0 ], [ -1015048.0, 4684759.0 ], [ -1015034.0, 4684772.0 ], [ -1015019.0, 4684786.0 ], [ -1015015.0, 4684789.0 ], [ -1015002.0, 4684801.0 ], [ -1014989.0, 4684825.0 ], [ -1014981.0, 4684838.0 ], [ -1014967.0, 4684864.0 ], [ -1014960.0, 4684892.0 ], [ -1014959.0, 4684897.0 ], [ -1014957.0, 4684905.0 ], [ -1014956.0, 4684932.0 ], [ -1014956.0, 4684942.0 ], [ -1014956.0, 4685023.0 ], [ -1014956.0, 4685054.0 ], [ -1014956.0, 4685071.0 ], [ -1014956.0, 4685099.0 ], [ -1014955.0, 4685118.0 ], [ -1014956.0, 4685138.0 ], [ -1014956.0, 4685164.0 ], [ -1014956.0, 4685231.0 ], [ -1014956.0, 4685252.0 ], [ -1014952.0, 4685279.0 ], [ -1014956.0, 4685306.0 ], [ -1014964.0, 4685339.0 ], [ -1014971.0, 4685368.0 ], [ -1014978.0, 4685391.0 ], [ -1014986.0, 4685409.0 ], [ -1014993.0, 4685423.0 ], [ -1015002.0, 4685437.0 ], [ -1015009.0, 4685447.0 ], [ -1015009.0, 4685449.0 ], [ -1015016.0, 4685464.0 ], [ -1015021.0, 4685481.0 ], [ -1015024.0, 4685492.0 ], [ -1015030.0, 4685517.0 ], [ -1015042.0, 4685563.0 ], [ -1015045.0, 4685571.0 ], [ -1015049.0, 4685586.0 ], [ -1015049.0, 4685587.0 ], [ -1015044.0, 4685588.0 ], [ -1015038.0, 4685590.0 ], [ -1015033.0, 4685585.0 ], [ -1014997.0, 4685595.0 ] ] } },
{ "type": "Feature", "properties": { "betweenness_centrality": 0.091753774680603944, "source": 4357882443, "target": 1934929584, "ordering_betweenness_centrality": 7, "length": 3623, "length_cumulative": 12471 }, "geometry": { "type": "LineString", "coordinates": [ [ -1014577.0, 4686603.0 ], [ -1014584.0, 4686575.0 ], [ -1014590.0, 4686532.0 ], [ -1014596.0, 4686520.0 ], [ -1014604.0, 4686513.0 ], [ -1014602.0, 4686510.0 ], [ -1014600.0, 4686507.0 ], [ -1014601.0, 4686505.0 ], [ -1014603.0, 4686501.0 ], [ -1014606.0, 4686498.0 ], [ -1014617.0, 4686485.0 ], [ -1014613.0, 4686460.0 ], [ -1014611.0, 4686449.0 ], [ -1014631.0, 4686440.0 ], [ -1014632.0, 4686434.0 ], [ -1014635.0, 4686431.0 ], [ -1014651.0, 4686415.0 ], [ -1014642.0, 4686401.0 ], [ -1014652.0, 4686387.0 ], [ -1014672.0, 4686398.0 ], [ -1014677.0, 4686391.0 ], [ -1014683.0, 4686396.0 ], [ -1014693.0, 4686386.0 ], [ -1014699.0, 4686380.0 ], [ -1014703.0, 4686377.0 ], [ -1014715.0, 4686367.0 ], [ -1014726.0, 4686355.0 ], [ -1014724.0, 4686343.0 ], [ -1014720.0, 4686328.0 ], [ -1014733.0, 4686326.0 ], [ -1014755.0, 4686317.0 ], [ -1014782.0, 4686315.0 ], [ -1014785.0, 4686303.0 ], [ -1014795.0, 4686279.0 ], [ -1014851.0, 4686240.0 ], [ -1014855.0, 4686244.0 ], [ -1014862.0, 4686237.0 ], [ -1014869.0, 4686229.0 ], [ -1014879.0, 4686235.0 ], [ -1014889.0, 4686241.0 ], [ -1014917.0, 4686264.0 ], [ -1014921.0, 4686266.0 ], [ -1014926.0, 4686265.0 ], [ -1014930.0, 4686263.0 ], [ -1014934.0, 4686258.0 ], [ -1014936.0, 4686255.0 ], [ -1014937.0, 4686252.0 ], [ -1014937.0, 4686244.0 ], [ -1014932.0, 4686225.0 ], [ -1014930.0, 4686220.0 ], [ -1014937.0, 4686218.0 ], [ -1014949.0, 4686215.0 ], [ -1014955.0, 4686213.0 ], [ -1014945.0, 4686177.0 ], [ -1014934.0, 4686142.0 ], [ -1014922.0, 4686110.0 ], [ -1014914.0, 4686095.0 ], [ -1014898.0, 4686073.0 ], [ -1014891.0, 4686061.0 ], [ -1014884.0, 4686043.0 ], [ -1014881.0, 4686031.0 ], [ -1014877.0, 4686010.0 ], [ -1014919.0, 4685999.0 ], [ -1015106.0, 4685949.0 ], [ -1015125.0, 4685945.0 ], [ -1015142.0, 4685941.0 ], [ -1015153.0, 4685937.0 ], [ -1015162.0, 4685935.0 ], [ -1015217.0, 4685920.0 ], [ -1015236.0, 4685914.0 ], [ -1015266.0, 4685906.0 ], [ -1015273.0, 4685902.0 ], [ -1015278.0, 4685898.0 ], [ -1015284.0, 4685894.0 ], [ -1015288.0, 4685889.0 ], [ -1015293.0, 4685884.0 ], [ -1015297.0, 4685879.0 ], [ -1015299.0, 4685873.0 ], [ -1015303.0, 4685863.0 ], [ -1015306.0, 4685853.0 ], [ -1015329.0, 4685774.0 ], [ -1015338.0, 4685750.0 ], [ -1015345.0, 4685738.0 ], [ -1015362.0, 4685737.0 ], [ -1015378.0, 4685733.0 ], [ -1015384.0, 4685729.0 ], [ -1015401.0, 4685718.0 ], [ -1015411.0, 4685705.0 ], [ -1015416.0, 4685696.0 ], [ -1015433.0, 4685684.0 ], [ -1015444.0, 4685679.0 ], [ -1015531.0, 4685653.0 ], [ -1015561.0, 4685640.0 ], [ -1015600.0, 4685611.0 ], [ -1015625.0, 4685590.0 ], [ -1015662.0, 4685559.0 ], [ -1015696.0, 4685530.0 ], [ -1015721.0, 4685510.0 ], [ -1015765.0, 4685496.0 ], [ -1015797.0, 4685491.0 ], [ -1015908.0, 4685489.0 ], [ -1015925.0, 4685489.0 ], [ -1015942.0, 4685490.0 ], [ -1015958.0, 4685492.0 ], [ -1015977.0, 4685495.0 ], [ -1015997.0, 4685500.0 ], [ -1016023.0, 4685510.0 ], [ -1016050.0, 4685522.0 ], [ -1016077.0, 4685540.0 ], [ -1016108.0, 4685567.0 ], [ -1016136.0, 4685599.0 ], [ -1016182.0, 4685654.0 ], [ -1016222.0, 4685689.0 ], [ -1016248.0, 4685706.0 ], [ -1016272.0, 4685720.0 ], [ -1016296.0, 4685730.0 ], [ -1016318.0, 4685737.0 ], [ -1016337.0, 4685741.0 ], [ -1016355.0, 4685745.0 ], [ -1016370.0, 4685747.0 ], [ -1016382.0, 4685749.0 ], [ -1016392.0, 4685750.0 ], [ -1016398.0, 4685750.0 ], [ -1016424.0, 4685753.0 ], [ -1016431.0, 4685754.0 ], [ -1016445.0, 4685754.0 ], [ -1016462.0, 4685755.0 ], [ -1016464.0, 4685737.0 ], [ -1016464.0, 4685726.0 ], [ -1016466.0, 4685701.0 ], [ -1016468.0, 4685677.0 ], [ -1016471.0, 4685635.0 ], [ -1016487.0, 4685427.0 ], [ -1016507.0, 4685402.0 ], [ -1016510.0, 4685405.0 ], [ -1016527.0, 4685389.0 ], [ -1016537.0, 4685388.0 ], [ -1016587.0, 4685383.0 ], [ -1016587.0, 4685377.0 ], [ -1016592.0, 4685369.0 ], [ -1016596.0, 4685365.0 ], [ -1016600.0, 4685363.0 ], [ -1016627.0, 4685361.0 ], [ -1016791.0, 4685347.0 ], [ -1016790.0, 4685344.0 ], [ -1016795.0, 4685343.0 ], [ -1016815.0, 4685341.0 ], [ -1016866.0, 4685337.0 ], [ -1016901.0, 4685334.0 ], [ -1016913.0, 4685329.0 ], [ -1016912.0, 4685321.0 ] ] } },
{ "type": "Feature", "properties": { "betweenness_centrality": 0.090301974448315905, "source": 364000708, "target": 212801438, "ordering_betweenness_centrality": 8, "length": 233, "length_cumulative": 12704 }, "geometry": { "type": "LineString", "coordinates": [ [ -1017478.0, 4681449.0 ], [ -1017493.0, 4681421.0 ], [ -1017499.0, 4681411.0 ], [ -1017506.0, 4681403.0 ], [ -1017513.0, 4681395.0 ], [ -1017526.0, 4681385.0 ], [ -1017538.0, 4681376.0 ], [ -1017553.0, 4681368.0 ], [ -1017564.0, 4681364.0 ], [ -1017566.0, 4681364.0 ], [ -1017583.0, 4681359.0 ], [ -1017614.0, 4681351.0 ], [ -1017638.0, 4681344.0 ], [ -1017662.0, 4681334.0 ], [ -1017668.0, 4681332.0 ] ] } },
{ "type": "Feature", "properties": { "betweenness_centrality": 0.085946573751451802, "source": 364000708, "target": 4119522959, "ordering_betweenness_centrality": 9, "length": 4246, "length_cumulative": 16951 }, "geometry": { "type": "LineString", "coordinates": [ [ -1017566.0, 4681364.0 ], [ -1017565.0, 4681365.0 ], [ -1017553.0, 4681388.0 ], [ -1017523.0, 4681445.0 ], [ -1017502.0, 4681452.0 ], [ -1017532.0, 4681524.0 ], [ -1017543.0, 4681552.0 ], [ -1017561.0, 4681593.0 ], [ -1017562.0, 4681597.0 ], [ -1017562.0, 4681601.0 ], [ -1017560.0, 4681604.0 ], [ -1017507.0, 4681667.0 ], [ -1017500.0, 4681673.0 ], [ -1017493.0, 4681678.0 ], [ -1017482.0, 4681685.0 ], [ -1017463.0, 4681693.0 ], [ -1017457.0, 4681696.0 ], [ -1017453.0, 4681697.0 ], [ -1017450.0, 4681699.0 ], [ -1017437.0, 4681708.0 ], [ -1017432.0, 4681719.0 ], [ -1017429.0, 4681731.0 ], [ -1017426.0, 4681744.0 ], [ -1017419.0, 4681774.0 ], [ -1017419.0, 4681777.0 ], [ -1017406.0, 4681829.0 ], [ -1017404.0, 4681836.0 ], [ -1017398.0, 4681889.0 ], [ -1017395.0, 4681954.0 ], [ -1017395.0, 4681971.0 ], [ -1017381.0, 4681972.0 ], [ -1017377.0, 4681972.0 ], [ -1017376.0, 4681973.0 ], [ -1017368.0, 4681974.0 ], [ -1017359.0, 4681980.0 ], [ -1017342.0, 4681998.0 ], [ -1017334.0, 4682007.0 ], [ -1017265.0, 4682080.0 ], [ -1017214.0, 4682135.0 ], [ -1017196.0, 4682154.0 ], [ -1017167.0, 4682185.0 ], [ -1017156.0, 4682175.0 ], [ -1017146.0, 4682176.0 ], [ -1017126.0, 4682213.0 ], [ -1017122.0, 4682222.0 ], [ -1017112.0, 4682252.0 ], [ -1017110.0, 4682261.0 ], [ -1017109.0, 4682268.0 ], [ -1017108.0, 4682273.0 ], [ -1017105.0, 4682299.0 ], [ -1017094.0, 4682302.0 ], [ -1017066.0, 4682314.0 ], [ -1017056.0, 4682319.0 ], [ -1017051.0, 4682321.0 ], [ -1017033.0, 4682326.0 ], [ -1017027.0, 4682327.0 ], [ -1017024.0, 4682328.0 ], [ -1017025.0, 4682335.0 ], [ -1017025.0, 4682347.0 ], [ -1017017.0, 4682346.0 ], [ -1016925.0, 4682338.0 ], [ -1016925.0, 4682346.0 ], [ -1016924.0, 4682356.0 ], [ -1016919.0, 4682355.0 ], [ -1016915.0, 4682355.0 ], [ -1016911.0, 4682355.0 ], [ -1016910.0, 4682354.0 ], [ -1016906.0, 4682354.0 ], [ -1016902.0, 4682405.0 ], [ -1016895.0, 4682491.0 ], [ -1016892.0, 4682531.0 ], [ -1016891.0, 4682548.0 ], [ -1016889.0, 4682565.0 ], [ -1016874.0, 4682764.0 ], [ -1016872.0, 4682780.0 ], [ -1016869.0, 4682823.0 ], [ -1016860.0, 4682936.0 ], [ -1016856.0, 4682993.0 ], [ -1016852.0, 4682993.0 ], [ -1016848.0, 4682992.0 ], [ -1016848.0, 4682999.0 ], [ -1016844.0, 4683002.0 ], [ -1016840.0, 4683003.0 ], [ -1016809.0, 4683001.0 ], [ -1016805.0, 4683002.0 ], [ -1016803.0, 4683002.0 ], [ -1016768.0, 4683026.0 ], [ -1016759.0, 4683032.0 ], [ -1016759.0, 4683033.0 ], [ -1016760.0, 4683037.0 ], [ -1016696.0, 4683080.0 ], [ -1016691.0, 4683091.0 ], [ -1016663.0, 4683167.0 ], [ -1016654.0, 4683192.0 ], [ -1016591.0, 4683362.0 ], [ -1016545.0, 4683485.0 ], [ -1016543.0, 4683490.0 ], [ -1016540.0, 4683501.0 ], [ -1016536.0, 4683513.0 ], [ -1016535.0, 4683516.0 ], [ -1016513.0, 4683584.0 ], [ -1016511.0, 4683592.0 ], [ -1016509.0, 4683622.0 ], [ -1016491.0, 4683622.0 ], [ -1016491.0, 4683632.0 ], [ -1016485.0, 4683818.0 ], [ -1016485.0, 4683826.0 ], [ -1016483.0, 4683899.0 ], [ -1016483.0, 4683907.0 ], [ -1016483.0, 4683910.0 ], [ -1016480.0, 4683996.0 ], [ -1016480.0, 4684027.0 ], [ -1016480.0, 4684031.0 ], [ -1016479.0, 4684041.0 ], [ -1016451.0, 4684043.0 ], [ -1016384.0, 4684048.0 ], [ -1016351.0, 4684051.0 ], [ -1016311.0, 4684054.0 ], [ -1016302.0, 4684055.0 ], [ -1016294.0, 4684058.0 ], [ -1016286.0, 4684062.0 ], [ -1016278.0, 4684067.0 ], [ -1016271.0, 4684073.0 ], [ -1016266.0, 4684080.0 ], [ -1016261.0, 4684087.0 ], [ -1016257.0, 4684095.0 ], [ -1016255.0, 4684104.0 ], [ -1016253.0, 4684111.0 ], [ -1016250.0, 4684113.0 ], [ -1016248.0, 4684115.0 ], [ -1016245.0, 4684116.0 ], [ -1016241.0, 4684117.0 ], [ -1016235.0, 4684117.0 ], [ -1016230.0, 4684117.0 ], [ -1016225.0, 4684116.0 ], [ -1016218.0, 4684114.0 ], [ -1016214.0, 4684112.0 ], [ -1016209.0, 4684109.0 ], [ -1016201.0, 4684106.0 ], [ -1016196.0, 4684105.0 ], [ -1016191.0, 4684104.0 ], [ -1016187.0, 4684104.0 ], [ -1016183.0, 4684104.0 ], [ -1016178.0, 4684105.0 ], [ -1016122.0, 4684122.0 ], [ -1016108.0, 4684127.0 ], [ -1016095.0, 4684132.0 ], [ -1016089.0, 4684134.0 ], [ -1016083.0, 4684137.0 ], [ -1016078.0, 4684140.0 ], [ -1016072.0, 4684143.0 ], [ -1016069.0, 4684145.0 ], [ -1016062.0, 4684149.0 ], [ -1016044.0, 4684161.0 ], [ -1016039.0, 4684164.0 ], [ -1016033.0, 4684166.0 ], [ -1016025.0, 4684166.0 ], [ -1016014.0, 4684163.0 ], [ -1016003.0, 4684156.0 ], [ -1015991.0, 4684152.0 ], [ -1015979.0, 4684150.0 ], [ -1015961.0, 4684151.0 ], [ -1015944.0, 4684158.0 ], [ -1015930.0, 4684169.0 ], [ -1015927.0, 4684172.0 ], [ -1015922.0, 4684179.0 ], [ -1015918.0, 4684187.0 ], [ -1015915.0, 4684196.0 ], [ -1015913.0, 4684211.0 ], [ -1015914.0, 4684226.0 ], [ -1015903.0, 4684240.0 ], [ -1015898.0, 4684245.0 ], [ -1015875.0, 4684260.0 ], [ -1015861.0, 4684268.0 ], [ -1015850.0, 4684276.0 ], [ -1015836.0, 4684286.0 ], [ -1015804.0, 4684312.0 ], [ -1015678.0, 4684405.0 ], [ -1015673.0, 4684409.0 ] ] } },
{ "type": "Feature", "properties": { "betweenness_centrality": 0.084591560201316307, "source": 13040565493, "target": 376811870, "ordering_betweenness_centrality": 10, "length": 206, "length_cumulative": 17157 }, "geometry": { "type": "LineString", "coordinates": [ [ -1017750.0, 4681103.0 ], [ -1017733.0, 4681089.0 ], [ -1017723.0, 4681081.0 ], [ -1017708.0, 4681057.0 ], [ -1017694.0, 4681037.0 ], [ -1017665.0, 4680995.0 ], [ -1017649.0, 4680972.0 ], [ -1017642.0, 4680963.0 ], [ -1017646.0, 4680961.0 ], [ -1017648.0, 4680959.0 ], [ -1017644.0, 4680952.0 ], [ -1017643.0, 4680951.0 ], [ -1017638.0, 4680948.0 ], [ -1017632.0, 4680945.0 ] ] } },
{ "type": "Feature", "properties": { "betweenness_centrality": 0.077816492450638791, "source": 4632541059, "target": 9196746624, "ordering_betweenness_centrality": 11, "length": 1556, "length_cumulative": 18713 }, "geometry": { "type": "LineString", "coordinates": [ [ -1018218.0, 4684660.0 ], [ -1018224.0, 4684659.0 ], [ -1018234.0, 4684657.0 ], [ -1018238.0, 4684665.0 ], [ -1018239.0, 4684672.0 ], [ -1018274.0, 4684666.0 ], [ -1018295.0, 4684662.0 ], [ -1018392.0, 4684642.0 ], [ -1018402.0, 4684639.0 ], [ -1018418.0, 4684634.0 ], [ -1018436.0, 4684627.0 ], [ -1018448.0, 4684621.0 ], [ -1018593.0, 4684537.0 ], [ -1018607.0, 4684528.0 ], [ -1018619.0, 4684522.0 ], [ -1018639.0, 4684510.0 ], [ -1018716.0, 4684465.0 ], [ -1018733.0, 4684456.0 ], [ -1018751.0, 4684446.0 ], [ -1018760.0, 4684440.0 ], [ -1018803.0, 4684415.0 ], [ -1018872.0, 4684375.0 ], [ -1018900.0, 4684359.0 ], [ -1018907.0, 4684355.0 ], [ -1018917.0, 4684349.0 ], [ -1018929.0, 4684362.0 ], [ -1019022.0, 4684308.0 ], [ -1019070.0, 4684280.0 ], [ -1019084.0, 4684272.0 ], [ -1019098.0, 4684264.0 ], [ -1019182.0, 4684215.0 ], [ -1019240.0, 4684182.0 ], [ -1019252.0, 4684177.0 ], [ -1019259.0, 4684176.0 ], [ -1019266.0, 4684176.0 ], [ -1019272.0, 4684177.0 ], [ -1019282.0, 4684179.0 ], [ -1019284.0, 4684174.0 ], [ -1019282.0, 4684171.0 ], [ -1019289.0, 4684168.0 ], [ -1019301.0, 4684162.0 ], [ -1019316.0, 4684155.0 ], [ -1019329.0, 4684149.0 ], [ -1019336.0, 4684146.0 ], [ -1019338.0, 4684149.0 ], [ -1019346.0, 4684152.0 ], [ -1019350.0, 4684153.0 ], [ -1019358.0, 4684155.0 ], [ -1019364.0, 4684145.0 ], [ -1019374.0, 4684137.0 ], [ -1019385.0, 4684130.0 ], [ -1019396.0, 4684124.0 ], [ -1019415.0, 4684116.0 ], [ -1019426.0, 4684112.0 ], [ -1019438.0, 4684115.0 ], [ -1019498.0, 4684130.0 ], [ -1019505.0, 4684134.0 ], [ -1019511.0, 4684138.0 ], [ -1019528.0, 4684140.0 ], [ -1019553.0, 4684144.0 ], [ -1019566.0, 4684147.0 ], [ -1019590.0, 4684153.0 ] ] } },
{ "type": "Feature", "properties": { "betweenness_centrality": 0.075106465350367774, "source": 12769171873, "target": 205322499, "ordering_betweenness_centrality": 12, "length": 626, "length_cumulative": 19340 }, "geometry": { "type": "LineString", "coordinates": [ [ -1018105.0, 4680325.0 ], [ -1018107.0, 4680325.0 ], [ -1018106.0, 4680329.0 ], [ -1018107.0, 4680329.0 ], [ -1018106.0, 4680330.0 ], [ -1018106.0, 4680332.0 ], [ -1018106.0, 4680334.0 ], [ -1018085.0, 4680330.0 ], [ -1018085.0, 4680331.0 ], [ -1018083.0, 4680341.0 ], [ -1018080.0, 4680358.0 ], [ -1018073.0, 4680405.0 ], [ -1018073.0, 4680408.0 ], [ -1018072.0, 4680411.0 ], [ -1018063.0, 4680471.0 ], [ -1018062.0, 4680474.0 ], [ -1018062.0, 4680476.0 ], [ -1018052.0, 4680550.0 ], [ -1018053.0, 4680561.0 ], [ -1018056.0, 4680579.0 ], [ -1018059.0, 4680609.0 ], [ -1018060.0, 4680620.0 ], [ -1018070.0, 4680701.0 ], [ -1018032.0, 4680711.0 ], [ -1018037.0, 4680752.0 ], [ -1017963.0, 4680776.0 ], [ -1017905.0, 4680794.0 ], [ -1017904.0, 4680794.0 ] ] } },
{ "type": "Feature", "properties": { "betweenness_centrality": 0.074332171893147503, "source": 1934929584, "target": 13240630980, "ordering_betweenness_centrality": 13, "length": 1440, "length_cumulative": 20780 }, "geometry": { "type": "LineString", "coordinates": [ [ -1014997.0, 4685595.0 ], [ -1014946.0, 4685608.0 ], [ -1014944.0, 4685608.0 ], [ -1014939.0, 4685609.0 ], [ -1014837.0, 4685636.0 ], [ -1014836.0, 4685637.0 ], [ -1014831.0, 4685638.0 ], [ -1014830.0, 4685635.0 ], [ -1014829.0, 4685630.0 ], [ -1014778.0, 4685644.0 ], [ -1014767.0, 4685645.0 ], [ -1014757.0, 4685647.0 ], [ -1014753.0, 4685632.0 ], [ -1014748.0, 4685615.0 ], [ -1014742.0, 4685593.0 ], [ -1014739.0, 4685573.0 ], [ -1014726.0, 4685563.0 ], [ -1014722.0, 4685559.0 ], [ -1014718.0, 4685554.0 ], [ -1014713.0, 4685550.0 ], [ -1014708.0, 4685548.0 ], [ -1014698.0, 4685548.0 ], [ -1014675.0, 4685552.0 ], [ -1014663.0, 4685564.0 ], [ -1014620.0, 4685606.0 ], [ -1014560.0, 4685666.0 ], [ -1014549.0, 4685673.0 ], [ -1014549.0, 4685689.0 ], [ -1014552.0, 4685836.0 ], [ -1014554.0, 4685927.0 ], [ -1014557.0, 4686109.0 ], [ -1014558.0, 4686157.0 ], [ -1014559.0, 4686205.0 ], [ -1014560.0, 4686235.0 ], [ -1014560.0, 4686254.0 ], [ -1014561.0, 4686278.0 ], [ -1014564.0, 4686311.0 ], [ -1014568.0, 4686352.0 ], [ -1014577.0, 4686404.0 ], [ -1014583.0, 4686436.0 ], [ -1014584.0, 4686450.0 ], [ -1014588.0, 4686482.0 ], [ -1014589.0, 4686504.0 ], [ -1014590.0, 4686532.0 ] ] } },
{ "type": "Feature", "properties": { "betweenness_centrality": 0.073170731707317069, "source": 10898510164, "target": 8564164552, "ordering_betweenness_centrality": 14, "length": 400, "length_cumulative": 21181 }, "geometry": { "type": "LineString", "coordinates": [ [ -1020420.0, 4684575.0 ], [ -1020425.0, 4684574.0 ], [ -1020430.0, 4684575.0 ], [ -1020475.0, 4684589.0 ], [ -1020511.0, 4684600.0 ], [ -1020521.0, 4684603.0 ], [ -1020532.0, 4684607.0 ], [ -1020548.0, 4684615.0 ], [ -1020570.0, 4684644.0 ], [ -1020588.0, 4684667.0 ], [ -1020602.0, 4684691.0 ], [ -1020605.0, 4684696.0 ], [ -1020600.0, 4684699.0 ], [ -1020606.0, 4684710.0 ], [ -1020611.0, 4684720.0 ], [ -1020629.0, 4684749.0 ], [ -1020635.0, 4684757.0 ], [ -1020639.0, 4684763.0 ], [ -1020640.0, 4684765.0 ], [ -1020631.0, 4684771.0 ], [ -1020632.0, 4684773.0 ], [ -1020635.0, 4684777.0 ], [ -1020638.0, 4684782.0 ], [ -1020640.0, 4684784.0 ], [ -1020643.0, 4684789.0 ], [ -1020645.0, 4684792.0 ], [ -1020669.0, 4684800.0 ], [ -1020682.0, 4684819.0 ] ] } },
{ "type": "Feature", "properties": { "betweenness_centrality": 0.072009291521486649, "source": 9556520076, "target": 13172450638, "ordering_betweenness_centrality": 15, "length": 1167, "length_cumulative": 22348 }, "geometry": { "type": "LineString", "coordinates": [ [ -1012919.0, 4688469.0 ], [ -1012919.0, 4688466.0 ], [ -1012919.0, 4688464.0 ], [ -1012919.0, 4688460.0 ], [ -1012921.0, 4688460.0 ], [ -1012934.0, 4688461.0 ], [ -1012943.0, 4688462.0 ], [ -1012953.0, 4688463.0 ], [ -1012954.0, 4688454.0 ], [ -1012957.0, 4688454.0 ], [ -1012959.0, 4688454.0 ], [ -1012964.0, 4688396.0 ], [ -1012964.0, 4688388.0 ], [ -1012964.0, 4688384.0 ], [ -1012965.0, 4688383.0 ], [ -1012964.0, 4688379.0 ], [ -1012965.0, 4688374.0 ], [ -1012966.0, 4688367.0 ], [ -1012967.0, 4688358.0 ], [ -1012968.0, 4688354.0 ], [ -1012969.0, 4688339.0 ], [ -1012974.0, 4688334.0 ], [ -1012979.0, 4688335.0 ], [ -1012992.0, 4688323.0 ], [ -1012993.0, 4688311.0 ], [ -1012994.0, 4688306.0 ], [ -1012994.0, 4688301.0 ], [ -1013000.0, 4688222.0 ], [ -1013003.0, 4688222.0 ], [ -1013011.0, 4688223.0 ], [ -1013016.0, 4688223.0 ], [ -1013016.0, 4688219.0 ], [ -1013035.0, 4687945.0 ], [ -1013036.0, 4687940.0 ], [ -1013036.0, 4687934.0 ], [ -1013045.0, 4687812.0 ], [ -1013045.0, 4687806.0 ], [ -1013045.0, 4687802.0 ], [ -1013047.0, 4687795.0 ], [ -1013049.0, 4687789.0 ], [ -1013053.0, 4687790.0 ], [ -1013057.0, 4687791.0 ], [ -1013098.0, 4687791.0 ], [ -1013102.0, 4687790.0 ], [ -1013106.0, 4687789.0 ], [ -1013108.0, 4687788.0 ], [ -1013109.0, 4687787.0 ], [ -1013112.0, 4687785.0 ], [ -1013115.0, 4687781.0 ], [ -1013117.0, 4687780.0 ], [ -1013120.0, 4687778.0 ], [ -1013123.0, 4687777.0 ], [ -1013126.0, 4687776.0 ], [ -1013129.0, 4687775.0 ], [ -1013132.0, 4687775.0 ], [ -1013134.0, 4687775.0 ], [ -1013152.0, 4687775.0 ], [ -1013409.0, 4687775.0 ], [ -1013417.0, 4687771.0 ], [ -1013447.0, 4687771.0 ], [ -1013455.0, 4687771.0 ] ] } },
{ "type": "Feature", "properties": { "betweenness_centrality": 0.066202090592334492, "source": 9196746624, "target": 1120110515, "ordering_betweenness_centrality": 16, "length": 3218, "length_cumulative": 25566 }, "geometry": { "type": "LineString", "coordinates": [ [ -1019566.0, 4684147.0 ], [ -1019569.0, 4684137.0 ], [ -1019578.0, 4684097.0 ], [ -1019579.0, 4684095.0 ], [ -1019583.0, 4684096.0 ], [ -1019591.0, 4684098.0 ], [ -1019596.0, 4684099.0 ], [ -1019601.0, 4684099.0 ], [ -1019606.0, 4684099.0 ], [ -1019613.0, 4684099.0 ], [ -1019621.0, 4684099.0 ], [ -1019628.0, 4684098.0 ], [ -1019628.0, 4684094.0 ], [ -1019628.0, 4684093.0 ], [ -1019628.0, 4684092.0 ], [ -1019633.0, 4684091.0 ], [ -1019639.0, 4684089.0 ], [ -1019649.0, 4684086.0 ], [ -1019657.0, 4684084.0 ], [ -1019664.0, 4684081.0 ], [ -1019667.0, 4684079.0 ], [ -1019671.0, 4684078.0 ], [ -1019675.0, 4684076.0 ], [ -1019677.0, 4684075.0 ], [ -1019680.0, 4684073.0 ], [ -1019686.0, 4684068.0 ], [ -1019687.0, 4684066.0 ], [ -1019688.0, 4684063.0 ], [ -1019688.0, 4684046.0 ], [ -1019693.0, 4684047.0 ], [ -1019694.0, 4684040.0 ], [ -1019694.0, 4684039.0 ], [ -1019695.0, 4684024.0 ], [ -1019695.0, 4684017.0 ], [ -1019697.0, 4683986.0 ], [ -1019729.0, 4683972.0 ], [ -1019729.0, 4683970.0 ], [ -1019727.0, 4683965.0 ], [ -1019726.0, 4683963.0 ], [ -1019723.0, 4683957.0 ], [ -1019758.0, 4683942.0 ], [ -1019759.0, 4683941.0 ], [ -1019756.0, 4683934.0 ], [ -1019768.0, 4683929.0 ], [ -1019822.0, 4683905.0 ], [ -1019860.0, 4683885.0 ], [ -1019899.0, 4683861.0 ], [ -1019942.0, 4683830.0 ], [ -1019979.0, 4683797.0 ], [ -1020023.0, 4683754.0 ], [ -1020048.0, 4683723.0 ], [ -1020059.0, 4683709.0 ], [ -1020052.0, 4683693.0 ], [ -1020045.0, 4683680.0 ], [ -1020035.0, 4683669.0 ], [ -1020025.0, 4683662.0 ], [ -1020018.0, 4683657.0 ], [ -1020014.0, 4683651.0 ], [ -1020010.0, 4683644.0 ], [ -1020007.0, 4683636.0 ], [ -1020007.0, 4683626.0 ], [ -1020008.0, 4683618.0 ], [ -1020012.0, 4683609.0 ], [ -1020018.0, 4683599.0 ], [ -1020039.0, 4683577.0 ], [ -1020044.0, 4683572.0 ], [ -1020052.0, 4683565.0 ], [ -1020050.0, 4683549.0 ], [ -1020044.0, 4683514.0 ], [ -1020040.0, 4683502.0 ], [ -1020035.0, 4683496.0 ], [ -1020016.0, 4683484.0 ], [ -1020011.0, 4683482.0 ], [ -1020006.0, 4683478.0 ], [ -1020001.0, 4683469.0 ], [ -1019996.0, 4683443.0 ], [ -1019989.0, 4683417.0 ], [ -1019982.0, 4683380.0 ], [ -1019980.0, 4683371.0 ], [ -1019976.0, 4683348.0 ], [ -1019973.0, 4683334.0 ], [ -1019970.0, 4683325.0 ], [ -1019970.0, 4683322.0 ], [ -1019973.0, 4683233.0 ], [ -1019973.0, 4683225.0 ], [ -1019972.0, 4683216.0 ], [ -1019970.0, 4683204.0 ], [ -1019965.0, 4683191.0 ], [ -1019950.0, 4683157.0 ], [ -1019947.0, 4683149.0 ], [ -1019942.0, 4683135.0 ], [ -1019939.0, 4683119.0 ], [ -1019940.0, 4683078.0 ], [ -1019949.0, 4683012.0 ], [ -1019950.0, 4682999.0 ], [ -1019951.0, 4682992.0 ], [ -1019954.0, 4682948.0 ], [ -1019957.0, 4682881.0 ], [ -1019957.0, 4682869.0 ], [ -1019956.0, 4682853.0 ], [ -1019955.0, 4682845.0 ], [ -1019954.0, 4682834.0 ], [ -1019946.0, 4682735.0 ], [ -1019946.0, 4682724.0 ], [ -1019946.0, 4682715.0 ], [ -1019946.0, 4682704.0 ], [ -1019945.0, 4682652.0 ], [ -1019945.0, 4682631.0 ], [ -1019945.0, 4682626.0 ], [ -1019943.0, 4682622.0 ], [ -1019942.0, 4682619.0 ], [ -1019940.0, 4682617.0 ], [ -1019936.0, 4682616.0 ], [ -1019932.0, 4682614.0 ], [ -1019929.0, 4682613.0 ], [ -1019926.0, 4682613.0 ], [ -1019912.0, 4682613.0 ], [ -1019906.0, 4682612.0 ], [ -1019899.0, 4682611.0 ], [ -1019893.0, 4682609.0 ], [ -1019888.0, 4682606.0 ], [ -1019883.0, 4682603.0 ], [ -1019877.0, 4682598.0 ], [ -1019875.0, 4682596.0 ], [ -1019861.0, 4682590.0 ], [ -1019852.0, 4682580.0 ], [ -1019845.0, 4682574.0 ], [ -1019833.0, 4682563.0 ], [ -1019812.0, 4682543.0 ], [ -1019804.0, 4682536.0 ], [ -1019787.0, 4682518.0 ], [ -1019770.0, 4682499.0 ], [ -1019752.0, 4682479.0 ], [ -1019742.0, 4682465.0 ], [ -1019728.0, 4682446.0 ], [ -1019719.0, 4682434.0 ], [ -1019708.0, 4682415.0 ], [ -1019702.0, 4682400.0 ], [ -1019693.0, 4682378.0 ], [ -1019690.0, 4682368.0 ], [ -1019684.0, 4682346.0 ], [ -1019678.0, 4682335.0 ], [ -1019676.0, 4682324.0 ], [ -1019676.0, 4682314.0 ], [ -1019678.0, 4682305.0 ], [ -1019675.0, 4682293.0 ], [ -1019667.0, 4682263.0 ], [ -1019666.0, 4682257.0 ], [ -1019656.0, 4682216.0 ], [ -1019649.0, 4682184.0 ], [ -1019642.0, 4682159.0 ], [ -1019635.0, 4682139.0 ], [ -1019634.0, 4682137.0 ], [ -1019633.0, 4682136.0 ], [ -1019624.0, 4682131.0 ], [ -1019616.0, 4682125.0 ], [ -1019605.0, 4682117.0 ], [ -1019452.0, 4682017.0 ], [ -1019444.0, 4682011.0 ], [ -1019437.0, 4682006.0 ], [ -1019404.0, 4681980.0 ], [ -1019376.0, 4681959.0 ], [ -1019373.0, 4681956.0 ], [ -1019371.0, 4681954.0 ], [ -1019364.0, 4681946.0 ], [ -1019354.0, 4681935.0 ], [ -1019327.0, 4681904.0 ], [ -1019321.0, 4681897.0 ], [ -1019305.0, 4681876.0 ], [ -1019298.0, 4681868.0 ], [ -1019293.0, 4681860.0 ], [ -1019286.0, 4681849.0 ], [ -1019277.0, 4681837.0 ], [ -1019267.0, 4681820.0 ], [ -1019244.0, 4681788.0 ], [ -1019234.0, 4681772.0 ], [ -1019231.0, 4681769.0 ], [ -1019218.0, 4681748.0 ], [ -1019216.0, 4681746.0 ], [ -1019210.0, 4681738.0 ], [ -1019199.0, 4681724.0 ], [ -1019182.0, 4681704.0 ], [ -1019177.0, 4681692.0 ], [ -1019172.0, 4681682.0 ], [ -1019165.0, 4681674.0 ], [ -1019155.0, 4681667.0 ], [ -1019138.0, 4681662.0 ], [ -1019128.0, 4681660.0 ] ] } },
{ "type": "Feature", "properties": { "betweenness_centrality": 0.066008517228029417, "source": 13040565493, "target": 205322499, "ordering_betweenness_centrality": 17, "length": 344, "length_cumulative": 25911 }, "geometry": { "type": "LineString", "coordinates": [ [ -1017757.0, 4681097.0 ], [ -1017758.0, 4681095.0 ], [ -1017761.0, 4681094.0 ], [ -1017792.0, 4681069.0 ], [ -1017794.0, 4681067.0 ], [ -1017808.0, 4681053.0 ], [ -1017810.0, 4681049.0 ], [ -1017816.0, 4681033.0 ], [ -1017825.0, 4681000.0 ], [ -1017829.0, 4680984.0 ], [ -1017837.0, 4680964.0 ], [ -1017849.0, 4680933.0 ], [ -1017872.0, 4680875.0 ], [ -1017900.0, 4680809.0 ], [ -1017903.0, 4680797.0 ], [ -1017904.0, 4680794.0 ] ] } },
{ "type": "Feature", "properties": { "betweenness_centrality": 0.065040650406504058, "source": 1120110515, "target": 12379062332, "ordering_betweenness_centrality": 18, "length": 1036, "length_cumulative": 26947 }, "geometry": { "type": "LineString", "coordinates": [ [ -1019956.0, 4682853.0 ], [ -1019972.0, 4682859.0 ], [ -1020037.0, 4682882.0 ], [ -1020046.0, 4682885.0 ], [ -1020051.0, 4682887.0 ], [ -1020067.0, 4682893.0 ], [ -1020117.0, 4682911.0 ], [ -1020131.0, 4682916.0 ], [ -1020142.0, 4682920.0 ], [ -1020218.0, 4682947.0 ], [ -1020227.0, 4682950.0 ], [ -1020238.0, 4682954.0 ], [ -1020244.0, 4682955.0 ], [ -1020250.0, 4682956.0 ], [ -1020305.0, 4682956.0 ], [ -1020319.0, 4682956.0 ], [ -1020328.0, 4682956.0 ], [ -1020336.0, 4682956.0 ], [ -1020345.0, 4682956.0 ], [ -1020341.0, 4682966.0 ], [ -1020340.0, 4682969.0 ], [ -1020339.0, 4682973.0 ], [ -1020339.0, 4682978.0 ], [ -1020340.0, 4682981.0 ], [ -1020340.0, 4682983.0 ], [ -1020342.0, 4682988.0 ], [ -1020346.0, 4682998.0 ], [ -1020348.0, 4683000.0 ], [ -1020349.0, 4683001.0 ], [ -1020374.0, 4683020.0 ], [ -1020376.0, 4683022.0 ], [ -1020376.0, 4683023.0 ], [ -1020377.0, 4683026.0 ], [ -1020377.0, 4683027.0 ], [ -1020376.0, 4683030.0 ], [ -1020376.0, 4683031.0 ], [ -1020375.0, 4683032.0 ], [ -1020373.0, 4683034.0 ], [ -1020359.0, 4683041.0 ], [ -1020346.0, 4683050.0 ], [ -1020343.0, 4683053.0 ], [ -1020341.0, 4683056.0 ], [ -1020339.0, 4683060.0 ], [ -1020338.0, 4683063.0 ], [ -1020338.0, 4683071.0 ], [ -1020341.0, 4683068.0 ], [ -1020357.0, 4683058.0 ], [ -1020365.0, 4683053.0 ], [ -1020380.0, 4683045.0 ], [ -1020430.0, 4683077.0 ], [ -1020438.0, 4683075.0 ], [ -1020442.0, 4683075.0 ], [ -1020447.0, 4683078.0 ], [ -1020545.0, 4683184.0 ], [ -1020554.0, 4683198.0 ], [ -1020574.0, 4683225.0 ], [ -1020570.0, 4683227.0 ], [ -1020561.0, 4683234.0 ], [ -1020557.0, 4683244.0 ], [ -1020558.0, 4683257.0 ], [ -1020562.0, 4683264.0 ], [ -1020575.0, 4683284.0 ], [ -1020584.0, 4683298.0 ], [ -1020590.0, 4683306.0 ], [ -1020594.0, 4683311.0 ], [ -1020601.0, 4683315.0 ], [ -1020611.0, 4683314.0 ], [ -1020618.0, 4683311.0 ], [ -1020624.0, 4683305.0 ], [ -1020627.0, 4683302.0 ], [ -1020630.0, 4683297.0 ], [ -1020635.0, 4683305.0 ] ] } },
{ "type": "Feature", "properties": { "betweenness_centrality": 0.065040650406504058, "source": 246763964, "target": 6273933810, "ordering_betweenness_centrality": 19, "length": 496, "length_cumulative": 27444 }, "geometry": { "type": "MultiLineString", "coordinates": [ [ [ -1018384.0, 4685117.0 ], [ -1018354.0, 4685132.0 ], [ -1018329.0, 4685146.0 ], [ -1018327.0, 4685152.0 ], [ -1018337.0, 4685201.0 ], [ -1018338.0, 4685209.0 ], [ -1018346.0, 4685248.0 ], [ -1018348.0, 4685263.0 ], [ -1018349.0, 4685267.0 ], [ -1018365.0, 4685348.0 ], [ -1018374.0, 4685396.0 ] ], [ [ -1018374.0, 4685396.0 ], [ -1018371.0, 4685396.0 ], [ -1018373.0, 4685409.0 ], [ -1018351.0, 4685412.0 ], [ -1018367.0, 4685504.0 ], [ -1018373.0, 4685500.0 ] ], [ [ -1018374.0, 4685396.0 ], [ -1018377.0, 4685410.0 ], [ -1018382.0, 4685409.0 ], [ -1018382.0, 4685408.0 ], [ -1018380.0, 4685398.0 ], [ -1018380.0, 4685395.0 ], [ -1018374.0, 4685396.0 ] ] ] } },
{ "type": "Feature", "properties": { "betweenness_centrality": 0.065040650406504058, "source": 13046814076, "target": 4632541059, "ordering_betweenness_centrality": 20, "length": 3474, "length_cumulative": 30918 }, "geometry": { "type": "LineString", "coordinates": [ [ -1017994.0, 4681503.0 ], [ -1017992.0, 4681512.0 ], [ -1018030.0, 4681569.0 ], [ -1018031.0, 4681575.0 ], [ -1018038.0, 4681585.0 ], [ -1018044.0, 4681588.0 ], [ -1018057.0, 4681608.0 ], [ -1018073.0, 4681631.0 ], [ -1018073.0, 4681635.0 ], [ -1018091.0, 4681662.0 ], [ -1018096.0, 4681663.0 ], [ -1018098.0, 4681665.0 ], [ -1018100.0, 4681666.0 ], [ -1018102.0, 4681667.0 ], [ -1018103.0, 4681667.0 ], [ -1018103.0, 4681674.0 ], [ -1018116.0, 4681692.0 ], [ -1018117.0, 4681695.0 ], [ -1018116.0, 4681699.0 ], [ -1018113.0, 4681718.0 ], [ -1018241.0, 4681906.0 ], [ -1018254.0, 4681925.0 ], [ -1018261.0, 4681935.0 ], [ -1018271.0, 4681950.0 ], [ -1018370.0, 4682095.0 ], [ -1018383.0, 4682114.0 ], [ -1018389.0, 4682123.0 ], [ -1018401.0, 4682141.0 ], [ -1018473.0, 4682247.0 ], [ -1018492.0, 4682275.0 ], [ -1018512.0, 4682297.0 ], [ -1018512.0, 4682306.0 ], [ -1018514.0, 4682311.0 ], [ -1018516.0, 4682315.0 ], [ -1018520.0, 4682324.0 ], [ -1018522.0, 4682331.0 ], [ -1018523.0, 4682337.0 ], [ -1018524.0, 4682343.0 ], [ -1018524.0, 4682352.0 ], [ -1018523.0, 4682361.0 ], [ -1018520.0, 4682367.0 ], [ -1018517.0, 4682373.0 ], [ -1018515.0, 4682380.0 ], [ -1018514.0, 4682386.0 ], [ -1018513.0, 4682393.0 ], [ -1018513.0, 4682400.0 ], [ -1018514.0, 4682407.0 ], [ -1018515.0, 4682413.0 ], [ -1018517.0, 4682420.0 ], [ -1018520.0, 4682426.0 ], [ -1018523.0, 4682432.0 ], [ -1018526.0, 4682443.0 ], [ -1018528.0, 4682450.0 ], [ -1018529.0, 4682457.0 ], [ -1018530.0, 4682464.0 ], [ -1018530.0, 4682472.0 ], [ -1018530.0, 4682478.0 ], [ -1018529.0, 4682485.0 ], [ -1018528.0, 4682488.0 ], [ -1018526.0, 4682494.0 ], [ -1018523.0, 4682500.0 ], [ -1018520.0, 4682515.0 ], [ -1018510.0, 4682539.0 ], [ -1018508.0, 4682545.0 ], [ -1018507.0, 4682549.0 ], [ -1018503.0, 4682565.0 ], [ -1018502.0, 4682567.0 ], [ -1018501.0, 4682570.0 ], [ -1018428.0, 4682719.0 ], [ -1018405.0, 4682769.0 ], [ -1018403.0, 4682773.0 ], [ -1018403.0, 4682777.0 ], [ -1018405.0, 4682784.0 ], [ -1018402.0, 4682790.0 ], [ -1018397.0, 4682797.0 ], [ -1018384.0, 4682815.0 ], [ -1018356.0, 4682874.0 ], [ -1018326.0, 4682937.0 ], [ -1018321.0, 4682948.0 ], [ -1018266.0, 4683064.0 ], [ -1018260.0, 4683076.0 ], [ -1018216.0, 4683169.0 ], [ -1018208.0, 4683184.0 ], [ -1018200.0, 4683202.0 ], [ -1018190.0, 4683224.0 ], [ -1018173.0, 4683258.0 ], [ -1018154.0, 4683299.0 ], [ -1018148.0, 4683311.0 ], [ -1018139.0, 4683330.0 ], [ -1018115.0, 4683380.0 ], [ -1018095.0, 4683422.0 ], [ -1018091.0, 4683431.0 ], [ -1018075.0, 4683465.0 ], [ -1018043.0, 4683531.0 ], [ -1018041.0, 4683536.0 ], [ -1018035.0, 4683548.0 ], [ -1018029.0, 4683563.0 ], [ -1018026.0, 4683571.0 ], [ -1018023.0, 4683582.0 ], [ -1018020.0, 4683595.0 ], [ -1018018.0, 4683609.0 ], [ -1018016.0, 4683623.0 ], [ -1018016.0, 4683637.0 ], [ -1018017.0, 4683650.0 ], [ -1018018.0, 4683657.0 ], [ -1018019.0, 4683664.0 ], [ -1018021.0, 4683673.0 ], [ -1018023.0, 4683687.0 ], [ -1018032.0, 4683737.0 ], [ -1018043.0, 4683798.0 ], [ -1018045.0, 4683807.0 ], [ -1018048.0, 4683816.0 ], [ -1018051.0, 4683838.0 ], [ -1018065.0, 4683854.0 ], [ -1018066.0, 4683858.0 ], [ -1018080.0, 4683935.0 ], [ -1018081.0, 4683941.0 ], [ -1018084.0, 4683952.0 ], [ -1018086.0, 4683965.0 ], [ -1018086.0, 4683968.0 ], [ -1018107.0, 4684078.0 ], [ -1018108.0, 4684081.0 ], [ -1018111.0, 4684098.0 ], [ -1018112.0, 4684105.0 ], [ -1018113.0, 4684109.0 ], [ -1018114.0, 4684115.0 ], [ -1018133.0, 4684216.0 ], [ -1018138.0, 4684223.0 ], [ -1018139.0, 4684227.0 ], [ -1018141.0, 4684239.0 ], [ -1018142.0, 4684245.0 ], [ -1018143.0, 4684251.0 ], [ -1018146.0, 4684263.0 ], [ -1018146.0, 4684267.0 ], [ -1018145.0, 4684276.0 ], [ -1018163.0, 4684369.0 ], [ -1018165.0, 4684374.0 ], [ -1018166.0, 4684377.0 ], [ -1018167.0, 4684380.0 ], [ -1018168.0, 4684384.0 ], [ -1018171.0, 4684401.0 ], [ -1018172.0, 4684406.0 ], [ -1018171.0, 4684410.0 ], [ -1018171.0, 4684412.0 ], [ -1018171.0, 4684415.0 ], [ -1018179.0, 4684454.0 ], [ -1018191.0, 4684519.0 ], [ -1018192.0, 4684527.0 ], [ -1018193.0, 4684532.0 ], [ -1018196.0, 4684544.0 ], [ -1018198.0, 4684557.0 ], [ -1018218.0, 4684660.0 ] ] } },
{ "type": "Feature", "properties": { "betweenness_centrality": 0.053426248548199766, "source": 1120110515, "target": 11171974060, "ordering_betweenness_centrality": 21, "length": 3163, "length_cumulative": 34082 }, "geometry": { "type": "LineString", "coordinates": [ [ -1019128.0, 4681660.0 ], [ -1019171.0, 4681649.0 ], [ -1019183.0, 4681645.0 ], [ -1019185.0, 4681644.0 ], [ -1019197.0, 4681640.0 ], [ -1019204.0, 4681635.0 ], [ -1019206.0, 4681632.0 ], [ -1019219.0, 4681616.0 ], [ -1019221.0, 4681611.0 ], [ -1019224.0, 4681605.0 ], [ -1019230.0, 4681609.0 ], [ -1019319.0, 4681601.0 ], [ -1019319.0, 4681595.0 ], [ -1019335.0, 4681565.0 ], [ -1019368.0, 4681545.0 ], [ -1019391.0, 4681528.0 ], [ -1019408.0, 4681515.0 ], [ -1019416.0, 4681507.0 ], [ -1019423.0, 4681500.0 ], [ -1019437.0, 4681484.0 ], [ -1019456.0, 4681461.0 ], [ -1019476.0, 4681433.0 ], [ -1019501.0, 4681403.0 ], [ -1019512.0, 4681390.0 ], [ -1019523.0, 4681379.0 ], [ -1019527.0, 4681375.0 ], [ -1019568.0, 4681340.0 ], [ -1019610.0, 4681307.0 ], [ -1019631.0, 4681294.0 ], [ -1019722.0, 4681247.0 ], [ -1019766.0, 4681219.0 ], [ -1019800.0, 4681191.0 ], [ -1019813.0, 4681178.0 ], [ -1019821.0, 4681171.0 ], [ -1019832.0, 4681158.0 ], [ -1019835.0, 4681156.0 ], [ -1019840.0, 4681155.0 ], [ -1019855.0, 4681155.0 ], [ -1019852.0, 4681152.0 ], [ -1019849.0, 4681149.0 ], [ -1019848.0, 4681145.0 ], [ -1019848.0, 4681141.0 ], [ -1019849.0, 4681137.0 ], [ -1019852.0, 4681134.0 ], [ -1019855.0, 4681131.0 ], [ -1019859.0, 4681130.0 ], [ -1019863.0, 4681130.0 ], [ -1019863.0, 4681125.0 ], [ -1019869.0, 4681121.0 ], [ -1019871.0, 4681120.0 ], [ -1019919.0, 4681090.0 ], [ -1019937.0, 4681082.0 ], [ -1020080.0, 4681026.0 ], [ -1020102.0, 4681018.0 ], [ -1020106.0, 4681016.0 ], [ -1020116.0, 4681013.0 ], [ -1020119.0, 4681011.0 ], [ -1020121.0, 4681011.0 ], [ -1020117.0, 4681009.0 ], [ -1020110.0, 4681006.0 ], [ -1020105.0, 4681003.0 ], [ -1020104.0, 4681002.0 ], [ -1020105.0, 4680999.0 ], [ -1020106.0, 4680998.0 ], [ -1020111.0, 4680988.0 ], [ -1020151.0, 4680911.0 ], [ -1020174.0, 4680846.0 ], [ -1020193.0, 4680802.0 ], [ -1020211.0, 4680762.0 ], [ -1020224.0, 4680712.0 ], [ -1020227.0, 4680630.0 ], [ -1020228.0, 4680618.0 ], [ -1020240.0, 4680612.0 ], [ -1020246.0, 4680610.0 ], [ -1020265.0, 4680608.0 ], [ -1020276.0, 4680598.0 ], [ -1020292.0, 4680579.0 ], [ -1020312.0, 4680555.0 ], [ -1020320.0, 4680544.0 ], [ -1020325.0, 4680535.0 ], [ -1020399.0, 4680421.0 ], [ -1020413.0, 4680404.0 ], [ -1020417.0, 4680408.0 ], [ -1020418.0, 4680409.0 ], [ -1020419.0, 4680408.0 ], [ -1020420.0, 4680407.0 ], [ -1020440.0, 4680401.0 ], [ -1020449.0, 4680398.0 ], [ -1020449.0, 4680397.0 ], [ -1020448.0, 4680393.0 ], [ -1020482.0, 4680384.0 ], [ -1020489.0, 4680382.0 ], [ -1020500.0, 4680379.0 ], [ -1020530.0, 4680370.0 ], [ -1020559.0, 4680368.0 ], [ -1020562.0, 4680368.0 ], [ -1020583.0, 4680367.0 ], [ -1020619.0, 4680364.0 ], [ -1020643.0, 4680362.0 ], [ -1020770.0, 4680279.0 ], [ -1020822.0, 4680246.0 ], [ -1020833.0, 4680241.0 ], [ -1020846.0, 4680238.0 ], [ -1020955.0, 4680213.0 ], [ -1020959.0, 4680213.0 ], [ -1020963.0, 4680213.0 ], [ -1020965.0, 4680199.0 ], [ -1020974.0, 4680160.0 ], [ -1020974.0, 4680152.0 ], [ -1020974.0, 4680146.0 ], [ -1020963.0, 4680081.0 ], [ -1020961.0, 4680070.0 ], [ -1020956.0, 4680048.0 ], [ -1020955.0, 4680038.0 ], [ -1020955.0, 4680028.0 ], [ -1020956.0, 4680012.0 ], [ -1020961.0, 4679962.0 ], [ -1020968.0, 4679910.0 ], [ -1020993.0, 4679914.0 ], [ -1021005.0, 4679871.0 ], [ -1021011.0, 4679856.0 ], [ -1021017.0, 4679843.0 ], [ -1021023.0, 4679833.0 ], [ -1021029.0, 4679822.0 ], [ -1021050.0, 4679837.0 ], [ -1021075.0, 4679816.0 ], [ -1021103.0, 4679789.0 ], [ -1021111.0, 4679784.0 ], [ -1021114.0, 4679788.0 ], [ -1021119.0, 4679793.0 ], [ -1021128.0, 4679799.0 ], [ -1021126.0, 4679801.0 ], [ -1021131.0, 4679807.0 ], [ -1021131.0, 4679812.0 ], [ -1021129.0, 4679824.0 ], [ -1021129.0, 4679828.0 ] ] } },
{ "type": "Feature", "properties": { "betweenness_centrality": 0.052264808362369339, "source": 4632541059, "target": 1120110515, "ordering_betweenness_centrality": 22, "length": 1414, "length_cumulative": 35496 }, "geometry": { "type": "LineString", "coordinates": [ [ -1018405.0, 4682784.0 ], [ -1018411.0, 4682778.0 ], [ -1018418.0, 4682768.0 ], [ -1018426.0, 4682750.0 ], [ -1018446.0, 4682702.0 ], [ -1018508.0, 4682574.0 ], [ -1018534.0, 4682522.0 ], [ -1018541.0, 4682507.0 ], [ -1018545.0, 4682500.0 ], [ -1018546.0, 4682498.0 ], [ -1018548.0, 4682495.0 ], [ -1018550.0, 4682492.0 ], [ -1018553.0, 4682488.0 ], [ -1018557.0, 4682484.0 ], [ -1018561.0, 4682480.0 ], [ -1018565.0, 4682476.0 ], [ -1018570.0, 4682472.0 ], [ -1018579.0, 4682465.0 ], [ -1018590.0, 4682459.0 ], [ -1018596.0, 4682457.0 ], [ -1018602.0, 4682455.0 ], [ -1018608.0, 4682452.0 ], [ -1018614.0, 4682448.0 ], [ -1018619.0, 4682444.0 ], [ -1018624.0, 4682440.0 ], [ -1018628.0, 4682435.0 ], [ -1018632.0, 4682429.0 ], [ -1018637.0, 4682424.0 ], [ -1018643.0, 4682421.0 ], [ -1018651.0, 4682418.0 ], [ -1018657.0, 4682416.0 ], [ -1018662.0, 4682415.0 ], [ -1018675.0, 4682414.0 ], [ -1018679.0, 4682413.0 ], [ -1018679.0, 4682407.0 ], [ -1018680.0, 4682391.0 ], [ -1018680.0, 4682384.0 ], [ -1018687.0, 4682379.0 ], [ -1018689.0, 4682378.0 ], [ -1018688.0, 4682370.0 ], [ -1018686.0, 4682362.0 ], [ -1018682.0, 4682353.0 ], [ -1018679.0, 4682345.0 ], [ -1018674.0, 4682338.0 ], [ -1018669.0, 4682330.0 ], [ -1018665.0, 4682324.0 ], [ -1018659.0, 4682317.0 ], [ -1018652.0, 4682310.0 ], [ -1018649.0, 4682307.0 ], [ -1018639.0, 4682299.0 ], [ -1018627.0, 4682291.0 ], [ -1018632.0, 4682280.0 ], [ -1018651.0, 4682241.0 ], [ -1018651.0, 4682239.0 ], [ -1018662.0, 4682216.0 ], [ -1018673.0, 4682194.0 ], [ -1018702.0, 4682133.0 ], [ -1018724.0, 4682089.0 ], [ -1018739.0, 4682064.0 ], [ -1018748.0, 4682046.0 ], [ -1018759.0, 4682024.0 ], [ -1018770.0, 4681991.0 ], [ -1018777.0, 4681975.0 ], [ -1018784.0, 4681960.0 ], [ -1018800.0, 4681927.0 ], [ -1018816.0, 4681893.0 ], [ -1018833.0, 4681857.0 ], [ -1018849.0, 4681835.0 ], [ -1018853.0, 4681825.0 ], [ -1018857.0, 4681818.0 ], [ -1018875.0, 4681784.0 ], [ -1018920.0, 4681754.0 ], [ -1018980.0, 4681713.0 ], [ -1018987.0, 4681708.0 ], [ -1019005.0, 4681695.0 ], [ -1019011.0, 4681692.0 ], [ -1019033.0, 4681687.0 ], [ -1019042.0, 4681684.0 ], [ -1019058.0, 4681677.0 ], [ -1019060.0, 4681676.0 ] ] } },
{ "type": "Feature", "properties": { "betweenness_centrality": 0.052264808362369339, "source": 12825969205, "target": 376811870, "ordering_betweenness_centrality": 23, "length": 1659, "length_cumulative": 37156 }, "geometry": { "type": "LineString", "coordinates": [ [ -1017642.0, 4680963.0 ], [ -1017640.0, 4680961.0 ], [ -1017635.0, 4680959.0 ], [ -1017624.0, 4680958.0 ], [ -1017614.0, 4680960.0 ], [ -1017607.0, 4680955.0 ], [ -1017598.0, 4680948.0 ], [ -1017582.0, 4680938.0 ], [ -1017583.0, 4680943.0 ], [ -1017575.0, 4680949.0 ], [ -1017574.0, 4680947.0 ], [ -1017571.0, 4680943.0 ], [ -1017539.0, 4680897.0 ], [ -1017538.0, 4680895.0 ], [ -1017536.0, 4680894.0 ], [ -1017535.0, 4680893.0 ], [ -1017533.0, 4680894.0 ], [ -1017532.0, 4680893.0 ], [ -1017527.0, 4680890.0 ], [ -1017479.0, 4680909.0 ], [ -1017455.0, 4680916.0 ], [ -1017426.0, 4680925.0 ], [ -1017405.0, 4680931.0 ], [ -1017396.0, 4680933.0 ], [ -1017376.0, 4680916.0 ], [ -1017345.0, 4680905.0 ], [ -1017325.0, 4680926.0 ], [ -1017287.0, 4680928.0 ], [ -1017265.0, 4680929.0 ], [ -1017208.0, 4680902.0 ], [ -1017191.0, 4680917.0 ], [ -1017191.0, 4680918.0 ], [ -1017160.0, 4680948.0 ], [ -1017157.0, 4680954.0 ], [ -1017151.0, 4680952.0 ], [ -1017147.0, 4680950.0 ], [ -1017137.0, 4680946.0 ], [ -1017135.0, 4680947.0 ], [ -1017132.0, 4680951.0 ], [ -1017130.0, 4680953.0 ], [ -1017123.0, 4680949.0 ], [ -1017073.0, 4680929.0 ], [ -1017065.0, 4680928.0 ], [ -1017057.0, 4680929.0 ], [ -1017056.0, 4680926.0 ], [ -1017052.0, 4680918.0 ], [ -1017050.0, 4680915.0 ], [ -1017047.0, 4680915.0 ], [ -1017042.0, 4680915.0 ], [ -1017034.0, 4680926.0 ], [ -1017029.0, 4680938.0 ], [ -1017016.0, 4680972.0 ], [ -1017005.0, 4681002.0 ], [ -1017003.0, 4681002.0 ], [ -1016997.0, 4681002.0 ], [ -1016988.0, 4680999.0 ], [ -1016976.0, 4680995.0 ], [ -1016975.0, 4680996.0 ], [ -1016907.0, 4680980.0 ], [ -1016907.0, 4680978.0 ], [ -1016882.0, 4680972.0 ], [ -1016877.0, 4680969.0 ], [ -1016813.0, 4681001.0 ], [ -1016798.0, 4681009.0 ], [ -1016780.0, 4681016.0 ], [ -1016754.0, 4681030.0 ], [ -1016731.0, 4681042.0 ], [ -1016728.0, 4681044.0 ], [ -1016712.0, 4681052.0 ], [ -1016698.0, 4681087.0 ], [ -1016697.0, 4681090.0 ], [ -1016691.0, 4681092.0 ], [ -1016695.0, 4681101.0 ], [ -1016698.0, 4681104.0 ], [ -1016679.0, 4681130.0 ], [ -1016673.0, 4681137.0 ], [ -1016630.0, 4681191.0 ], [ -1016628.0, 4681180.0 ], [ -1016626.0, 4681157.0 ], [ -1016625.0, 4681146.0 ], [ -1016591.0, 4681151.0 ], [ -1016586.0, 4681132.0 ], [ -1016585.0, 4681130.0 ], [ -1016582.0, 4681129.0 ], [ -1016580.0, 4681130.0 ], [ -1016577.0, 4681144.0 ], [ -1016576.0, 4681146.0 ], [ -1016574.0, 4681144.0 ], [ -1016569.0, 4681128.0 ], [ -1016561.0, 4681113.0 ], [ -1016553.0, 4681098.0 ], [ -1016551.0, 4681096.0 ], [ -1016549.0, 4681097.0 ], [ -1016548.0, 4681099.0 ], [ -1016543.0, 4681134.0 ], [ -1016541.0, 4681134.0 ], [ -1016538.0, 4681134.0 ], [ -1016517.0, 4681085.0 ], [ -1016494.0, 4681088.0 ], [ -1016495.0, 4681091.0 ], [ -1016497.0, 4681104.0 ], [ -1016510.0, 4681126.0 ], [ -1016511.0, 4681124.0 ], [ -1016514.0, 4681125.0 ], [ -1016515.0, 4681127.0 ], [ -1016517.0, 4681130.0 ], [ -1016518.0, 4681131.0 ], [ -1016519.0, 4681132.0 ], [ -1016521.0, 4681133.0 ], [ -1016520.0, 4681134.0 ] ] } },
{ "type": "Feature", "properties": { "betweenness_centrality": 0.051103368176538905, "source": 13040565493, "target": 212801438, "ordering_betweenness_centrality": 24, "length": 340, "length_cumulative": 37497 }, "geometry": { "type": "LineString", "coordinates": [ [ -1017733.0, 4681089.0 ], [ -1017731.0, 4681090.0 ], [ -1017727.0, 4681093.0 ], [ -1017724.0, 4681095.0 ], [ -1017721.0, 4681097.0 ], [ -1017718.0, 4681099.0 ], [ -1017712.0, 4681103.0 ], [ -1017707.0, 4681107.0 ], [ -1017693.0, 4681117.0 ], [ -1017687.0, 4681121.0 ], [ -1017674.0, 4681130.0 ], [ -1017671.0, 4681132.0 ], [ -1017669.0, 4681133.0 ], [ -1017667.0, 4681133.0 ], [ -1017660.0, 4681133.0 ], [ -1017662.0, 4681139.0 ], [ -1017654.0, 4681146.0 ], [ -1017590.0, 4681202.0 ], [ -1017590.0, 4681205.0 ], [ -1017591.0, 4681209.0 ], [ -1017607.0, 4681231.0 ], [ -1017629.0, 4681266.0 ], [ -1017648.0, 4681298.0 ], [ -1017668.0, 4681332.0 ] ] } },
{ "type": "Feature", "properties": { "betweenness_centrality": 0.050522648083623695, "source": 13046814076, "target": 212801438, "ordering_betweenness_centrality": 25, "length": 374, "length_cumulative": 37872 }, "geometry": { "type": "LineString", "coordinates": [ [ -1017668.0, 4681332.0 ], [ -1017730.0, 4681306.0 ], [ -1017756.0, 4681291.0 ], [ -1017765.0, 4681291.0 ], [ -1017771.0, 4681299.0 ], [ -1017823.0, 4681376.0 ], [ -1017862.0, 4681433.0 ], [ -1017871.0, 4681447.0 ], [ -1017883.0, 4681446.0 ], [ -1017894.0, 4681439.0 ], [ -1017897.0, 4681443.0 ], [ -1017900.0, 4681448.0 ], [ -1017901.0, 4681448.0 ], [ -1017903.0, 4681447.0 ], [ -1017906.0, 4681447.0 ], [ -1017909.0, 4681448.0 ], [ -1017911.0, 4681450.0 ], [ -1017916.0, 4681446.0 ], [ -1017924.0, 4681441.0 ], [ -1017933.0, 4681435.0 ], [ -1017938.0, 4681432.0 ] ] } },
{ "type": "Feature", "properties": { "betweenness_centrality": 0.049941927990708478, "source": 246763964, "target": 4357882443, "ordering_betweenness_centrality": 26, "length": 1619, "length_cumulative": 39491 }, "geometry": { "type": "LineString", "coordinates": [ [ -1018351.0, 4685412.0 ], [ -1018309.0, 4685420.0 ], [ -1018310.0, 4685424.0 ], [ -1018312.0, 4685435.0 ], [ -1018313.0, 4685437.0 ], [ -1018309.0, 4685438.0 ], [ -1018307.0, 4685425.0 ], [ -1018307.0, 4685415.0 ], [ -1018305.0, 4685405.0 ], [ -1018301.0, 4685405.0 ], [ -1018297.0, 4685405.0 ], [ -1018206.0, 4685421.0 ], [ -1018196.0, 4685422.0 ], [ -1018191.0, 4685411.0 ], [ -1018188.0, 4685404.0 ], [ -1018184.0, 4685395.0 ], [ -1018179.0, 4685387.0 ], [ -1018151.0, 4685336.0 ], [ -1018147.0, 4685328.0 ], [ -1018125.0, 4685289.0 ], [ -1018123.0, 4685285.0 ], [ -1018116.0, 4685271.0 ], [ -1018110.0, 4685264.0 ], [ -1018109.0, 4685259.0 ], [ -1018092.0, 4685235.0 ], [ -1018032.0, 4685240.0 ], [ -1018021.0, 4685241.0 ], [ -1017977.0, 4685243.0 ], [ -1017975.0, 4685245.0 ], [ -1017919.0, 4685252.0 ], [ -1017890.0, 4685254.0 ], [ -1017849.0, 4685258.0 ], [ -1017844.0, 4685259.0 ], [ -1017840.0, 4685259.0 ], [ -1017837.0, 4685258.0 ], [ -1017829.0, 4685254.0 ], [ -1017824.0, 4685252.0 ], [ -1017820.0, 4685252.0 ], [ -1017691.0, 4685263.0 ], [ -1017692.0, 4685267.0 ], [ -1017681.0, 4685268.0 ], [ -1017515.0, 4685282.0 ], [ -1017478.0, 4685288.0 ], [ -1017456.0, 4685291.0 ], [ -1017442.0, 4685290.0 ], [ -1017428.0, 4685293.0 ], [ -1017426.0, 4685287.0 ], [ -1017395.0, 4685292.0 ], [ -1017331.0, 4685297.0 ], [ -1017197.0, 4685308.0 ], [ -1017135.0, 4685314.0 ], [ -1017099.0, 4685318.0 ], [ -1017087.0, 4685319.0 ], [ -1017074.0, 4685320.0 ], [ -1017059.0, 4685323.0 ], [ -1017046.0, 4685325.0 ], [ -1017010.0, 4685327.0 ], [ -1017009.0, 4685325.0 ], [ -1017007.0, 4685326.0 ], [ -1016996.0, 4685326.0 ], [ -1016969.0, 4685328.0 ], [ -1016944.0, 4685327.0 ], [ -1016917.0, 4685329.0 ], [ -1016913.0, 4685329.0 ] ] } },
{ "type": "Feature", "properties": { "betweenness_centrality": 0.042973286875725901, "source": 246763964, "target": 2182353146, "ordering_betweenness_centrality": 27, "length": 1771, "length_cumulative": 41263 }, "geometry": { "type": "LineString", "coordinates": [ [ -1018367.0, 4685504.0 ], [ -1018385.0, 4685596.0 ], [ -1018408.0, 4685592.0 ], [ -1018410.0, 4685603.0 ], [ -1018412.0, 4685616.0 ], [ -1018412.0, 4685618.0 ], [ -1018416.0, 4685617.0 ], [ -1018417.0, 4685625.0 ], [ -1018436.0, 4685640.0 ], [ -1018454.0, 4685658.0 ], [ -1018459.0, 4685664.0 ], [ -1018469.0, 4685678.0 ], [ -1018472.0, 4685677.0 ], [ -1018476.0, 4685676.0 ], [ -1018489.0, 4685673.0 ], [ -1018563.0, 4685659.0 ], [ -1018590.0, 4685654.0 ], [ -1018605.0, 4685651.0 ], [ -1018623.0, 4685647.0 ], [ -1018638.0, 4685644.0 ], [ -1018677.0, 4685636.0 ], [ -1018720.0, 4685627.0 ], [ -1018734.0, 4685625.0 ], [ -1018741.0, 4685624.0 ], [ -1018832.0, 4685606.0 ], [ -1018859.0, 4685601.0 ], [ -1018870.0, 4685599.0 ], [ -1018909.0, 4685591.0 ], [ -1018938.0, 4685586.0 ], [ -1018949.0, 4685584.0 ], [ -1019001.0, 4685573.0 ], [ -1019024.0, 4685568.0 ], [ -1019113.0, 4685552.0 ], [ -1019128.0, 4685549.0 ], [ -1019157.0, 4685543.0 ], [ -1019195.0, 4685535.0 ], [ -1019226.0, 4685529.0 ], [ -1019271.0, 4685532.0 ], [ -1019290.0, 4685533.0 ], [ -1019303.0, 4685535.0 ], [ -1019304.0, 4685536.0 ], [ -1019312.0, 4685537.0 ], [ -1019325.0, 4685543.0 ], [ -1019339.0, 4685552.0 ], [ -1019347.0, 4685566.0 ], [ -1019352.0, 4685576.0 ], [ -1019367.0, 4685614.0 ], [ -1019398.0, 4685690.0 ], [ -1019401.0, 4685697.0 ], [ -1019408.0, 4685714.0 ], [ -1019456.0, 4685831.0 ], [ -1019459.0, 4685838.0 ], [ -1019462.0, 4685845.0 ], [ -1019464.0, 4685851.0 ], [ -1019467.0, 4685858.0 ], [ -1019469.0, 4685865.0 ], [ -1019471.0, 4685871.0 ], [ -1019477.0, 4685895.0 ], [ -1019487.0, 4685937.0 ], [ -1019491.0, 4685954.0 ], [ -1019496.0, 4685970.0 ], [ -1019497.0, 4685978.0 ], [ -1019500.0, 4685988.0 ], [ -1019503.0, 4685997.0 ], [ -1019508.0, 4686009.0 ], [ -1019527.0, 4686026.0 ], [ -1019536.0, 4686037.0 ], [ -1019537.0, 4686041.0 ], [ -1019542.0, 4686054.0 ], [ -1019581.0, 4686150.0 ], [ -1019585.0, 4686149.0 ] ] } },
{ "type": "Feature", "properties": { "betweenness_centrality": 0.041811846689895474, "source": 3969735551, "target": 12379062332, "ordering_betweenness_centrality": 28, "length": 4911, "length_cumulative": 46175 }, "geometry": { "type": "MultiLineString", "coordinates": [ [ [ -1020618.0, 4683311.0 ], [ -1020620.0, 4683309.0 ] ], [ [ -1020620.0, 4683309.0 ], [ -1020624.0, 4683305.0 ] ], [ [ -1020627.0, 4683302.0 ], [ -1020625.0, 4683291.0 ], [ -1020624.0, 4683287.0 ], [ -1020624.0, 4683284.0 ], [ -1020625.0, 4683278.0 ], [ -1020616.0, 4683277.0 ], [ -1020616.0, 4683274.0 ], [ -1020619.0, 4683264.0 ], [ -1020623.0, 4683256.0 ], [ -1020630.0, 4683242.0 ], [ -1020624.0, 4683239.0 ], [ -1020620.0, 4683246.0 ], [ -1020617.0, 4683245.0 ], [ -1020623.0, 4683233.0 ], [ -1020612.0, 4683234.0 ], [ -1020604.0, 4683249.0 ], [ -1020603.0, 4683252.0 ], [ -1020602.0, 4683254.0 ], [ -1020600.0, 4683262.0 ], [ -1020600.0, 4683267.0 ], [ -1020601.0, 4683274.0 ], [ -1020602.0, 4683280.0 ], [ -1020604.0, 4683286.0 ], [ -1020608.0, 4683296.0 ], [ -1020620.0, 4683309.0 ] ], [ [ -1020620.0, 4683309.0 ], [ -1020649.0, 4683338.0 ], [ -1020705.0, 4683401.0 ], [ -1020707.0, 4683404.0 ], [ -1020709.0, 4683408.0 ], [ -1020710.0, 4683410.0 ], [ -1020711.0, 4683413.0 ], [ -1020712.0, 4683416.0 ], [ -1020711.0, 4683420.0 ], [ -1020709.0, 4683424.0 ], [ -1020706.0, 4683433.0 ], [ -1020700.0, 4683446.0 ], [ -1020698.0, 4683453.0 ], [ -1020696.0, 4683458.0 ], [ -1020694.0, 4683477.0 ], [ -1020692.0, 4683496.0 ], [ -1020690.0, 4683510.0 ], [ -1020689.0, 4683517.0 ], [ -1020686.0, 4683544.0 ], [ -1020685.0, 4683563.0 ], [ -1020686.0, 4683579.0 ], [ -1020691.0, 4683605.0 ], [ -1020703.0, 4683630.0 ], [ -1020708.0, 4683638.0 ], [ -1020715.0, 4683646.0 ], [ -1020721.0, 4683654.0 ], [ -1020730.0, 4683664.0 ], [ -1020802.0, 4683727.0 ], [ -1020820.0, 4683742.0 ], [ -1020837.0, 4683757.0 ], [ -1020849.0, 4683768.0 ], [ -1020857.0, 4683776.0 ], [ -1020859.0, 4683778.0 ], [ -1020864.0, 4683780.0 ], [ -1020868.0, 4683781.0 ], [ -1020872.0, 4683781.0 ], [ -1020878.0, 4683781.0 ], [ -1020884.0, 4683781.0 ], [ -1020920.0, 4683782.0 ], [ -1020938.0, 4683782.0 ], [ -1020941.0, 4683782.0 ], [ -1020959.0, 4683781.0 ], [ -1020966.0, 4683789.0 ], [ -1020993.0, 4683815.0 ], [ -1020998.0, 4683819.0 ], [ -1021006.0, 4683828.0 ], [ -1021015.0, 4683837.0 ], [ -1021022.0, 4683848.0 ], [ -1021029.0, 4683869.0 ], [ -1021032.0, 4683885.0 ], [ -1021035.0, 4683897.0 ], [ -1021027.0, 4683930.0 ], [ -1021021.0, 4683943.0 ], [ -1021014.0, 4683955.0 ], [ -1021008.0, 4683961.0 ], [ -1021004.0, 4683969.0 ], [ -1021003.0, 4683978.0 ], [ -1021005.0, 4683987.0 ], [ -1021008.0, 4683993.0 ], [ -1021012.0, 4683998.0 ], [ -1021016.0, 4684001.0 ], [ -1021021.0, 4684004.0 ], [ -1021025.0, 4684021.0 ], [ -1021026.0, 4684024.0 ], [ -1021035.0, 4684055.0 ], [ -1021038.0, 4684065.0 ], [ -1021049.0, 4684091.0 ], [ -1021142.0, 4684251.0 ], [ -1021212.0, 4684353.0 ], [ -1021260.0, 4684392.0 ], [ -1021319.0, 4684426.0 ], [ -1021425.0, 4684485.0 ], [ -1021501.0, 4684540.0 ], [ -1021565.0, 4684587.0 ], [ -1021612.0, 4684622.0 ], [ -1021678.0, 4684672.0 ], [ -1021864.0, 4684812.0 ], [ -1021948.0, 4684871.0 ], [ -1022015.0, 4684912.0 ], [ -1022081.0, 4684944.0 ], [ -1022149.0, 4684997.0 ], [ -1022165.0, 4685005.0 ], [ -1022238.0, 4685040.0 ], [ -1022345.0, 4685081.0 ], [ -1022355.0, 4685088.0 ], [ -1022359.0, 4685120.0 ], [ -1022367.0, 4685144.0 ], [ -1022378.0, 4685154.0 ], [ -1022392.0, 4685160.0 ], [ -1022440.0, 4685171.0 ], [ -1022508.0, 4685182.0 ], [ -1022519.0, 4685184.0 ], [ -1022526.0, 4685196.0 ], [ -1022528.0, 4685199.0 ], [ -1022531.0, 4685206.0 ], [ -1022530.0, 4685217.0 ], [ -1022528.0, 4685250.0 ], [ -1022521.0, 4685250.0 ], [ -1022514.0, 4685249.0 ], [ -1022498.0, 4685396.0 ], [ -1022514.0, 4685397.0 ], [ -1022511.0, 4685426.0 ], [ -1022510.0, 4685434.0 ], [ -1022510.0, 4685438.0 ], [ -1022509.0, 4685442.0 ], [ -1022509.0, 4685444.0 ], [ -1022511.0, 4685457.0 ], [ -1022513.0, 4685465.0 ], [ -1022523.0, 4685474.0 ], [ -1022551.0, 4685477.0 ], [ -1022604.0, 4685482.0 ], [ -1022642.0, 4685486.0 ], [ -1022652.0, 4685487.0 ], [ -1022723.0, 4685495.0 ], [ -1022745.0, 4685498.0 ], [ -1022759.0, 4685500.0 ], [ -1022793.0, 4685505.0 ], [ -1022806.0, 4685511.0 ], [ -1022826.0, 4685519.0 ], [ -1022835.0, 4685524.0 ], [ -1022842.0, 4685531.0 ], [ -1022845.0, 4685537.0 ], [ -1022847.0, 4685543.0 ], [ -1022849.0, 4685550.0 ], [ -1022852.0, 4685565.0 ], [ -1022850.0, 4685589.0 ], [ -1022848.0, 4685611.0 ], [ -1022848.0, 4685614.0 ], [ -1022846.0, 4685633.0 ], [ -1022844.0, 4685660.0 ], [ -1022839.0, 4685721.0 ], [ -1022834.0, 4685738.0 ], [ -1022840.0, 4685741.0 ], [ -1022844.0, 4685748.0 ], [ -1022845.0, 4685755.0 ], [ -1022843.0, 4685762.0 ], [ -1022838.0, 4685767.0 ], [ -1022832.0, 4685769.0 ], [ -1022827.0, 4685769.0 ], [ -1022832.0, 4685785.0 ], [ -1022845.0, 4685871.0 ], [ -1022833.0, 4685905.0 ], [ -1022799.0, 4685999.0 ], [ -1022812.0, 4686003.0 ], [ -1022804.0, 4686017.0 ], [ -1022795.0, 4686034.0 ], [ -1022767.0, 4686079.0 ], [ -1022769.0, 4686080.0 ], [ -1022796.0, 4686100.0 ], [ -1022841.0, 4686134.0 ], [ -1022846.0, 4686140.0 ], [ -1022836.0, 4686158.0 ], [ -1022825.0, 4686181.0 ], [ -1022841.0, 4686188.0 ], [ -1022834.0, 4686200.0 ], [ -1022830.0, 4686208.0 ], [ -1022830.0, 4686219.0 ], [ -1022834.0, 4686245.0 ], [ -1022828.0, 4686254.0 ], [ -1022830.0, 4686258.0 ], [ -1022836.0, 4686266.0 ], [ -1022841.0, 4686272.0 ], [ -1022855.0, 4686289.0 ], [ -1022859.0, 4686295.0 ], [ -1022863.0, 4686296.0 ], [ -1022848.0, 4686309.0 ], [ -1022857.0, 4686315.0 ], [ -1022867.0, 4686323.0 ], [ -1022888.0, 4686337.0 ], [ -1022859.0, 4686379.0 ], [ -1022932.0, 4686431.0 ], [ -1022924.0, 4686414.0 ], [ -1022920.0, 4686406.0 ] ] ] } },
{ "type": "Feature", "properties": { "betweenness_centrality": 0.041811846689895474, "source": 269275003, "target": 1122508386, "ordering_betweenness_centrality": 29, "length": 1267, "length_cumulative": 47442 }, "geometry": { "type": "LineString", "coordinates": [ [ -1019611.0, 4689192.0 ], [ -1019613.0, 4689184.0 ], [ -1019613.0, 4689181.0 ], [ -1019620.0, 4689176.0 ], [ -1019622.0, 4689163.0 ], [ -1019698.0, 4689178.0 ], [ -1019704.0, 4689179.0 ], [ -1019708.0, 4689180.0 ], [ -1019710.0, 4689203.0 ], [ -1019726.0, 4689241.0 ], [ -1019743.0, 4689279.0 ], [ -1019747.0, 4689288.0 ], [ -1019748.0, 4689291.0 ], [ -1019748.0, 4689294.0 ], [ -1019752.0, 4689297.0 ], [ -1019757.0, 4689309.0 ], [ -1019758.0, 4689314.0 ], [ -1019774.0, 4689318.0 ], [ -1019778.0, 4689327.0 ], [ -1019783.0, 4689339.0 ], [ -1019788.0, 4689350.0 ], [ -1019791.0, 4689357.0 ], [ -1019791.0, 4689361.0 ], [ -1019791.0, 4689364.0 ], [ -1019791.0, 4689366.0 ], [ -1019790.0, 4689371.0 ], [ -1019788.0, 4689379.0 ], [ -1019769.0, 4689421.0 ], [ -1019768.0, 4689425.0 ], [ -1019768.0, 4689428.0 ], [ -1019768.0, 4689431.0 ], [ -1019769.0, 4689435.0 ], [ -1019775.0, 4689442.0 ], [ -1019729.0, 4689497.0 ], [ -1019668.0, 4689567.0 ], [ -1019674.0, 4689571.0 ], [ -1019681.0, 4689578.0 ], [ -1019697.0, 4689592.0 ], [ -1019715.0, 4689609.0 ], [ -1019710.0, 4689616.0 ], [ -1019715.0, 4689620.0 ], [ -1019667.0, 4689674.0 ], [ -1019642.0, 4689702.0 ], [ -1019641.0, 4689710.0 ], [ -1019641.0, 4689715.0 ], [ -1019647.0, 4689743.0 ], [ -1019648.0, 4689751.0 ], [ -1019653.0, 4689786.0 ], [ -1019654.0, 4689795.0 ], [ -1019658.0, 4689801.0 ], [ -1019678.0, 4689824.0 ], [ -1019687.0, 4689837.0 ], [ -1019690.0, 4689852.0 ], [ -1019692.0, 4689860.0 ], [ -1019692.0, 4689899.0 ], [ -1019683.0, 4689999.0 ], [ -1019677.0, 4690015.0 ], [ -1019673.0, 4690025.0 ], [ -1019654.0, 4690052.0 ], [ -1019649.0, 4690059.0 ], [ -1019609.0, 4690118.0 ], [ -1019609.0, 4690128.0 ], [ -1019613.0, 4690136.0 ], [ -1019621.0, 4690144.0 ], [ -1019632.0, 4690155.0 ] ] } },
{ "type": "Feature", "properties": { "betweenness_centrality": 0.041811846689895474, "source": 2182353146, "target": 7167785856, "ordering_betweenness_centrality": 30, "length": 2292, "length_cumulative": 49735 }, "geometry": { "type": "LineString", "coordinates": [ [ -1019585.0, 4686149.0 ], [ -1019590.0, 4686161.0 ], [ -1019601.0, 4686157.0 ], [ -1019605.0, 4686155.0 ], [ -1019611.0, 4686153.0 ], [ -1019615.0, 4686125.0 ], [ -1019629.0, 4686126.0 ], [ -1019629.0, 4686116.0 ], [ -1019701.0, 4686050.0 ], [ -1019706.0, 4686048.0 ], [ -1019722.0, 4686046.0 ], [ -1019768.0, 4686040.0 ], [ -1019781.0, 4686036.0 ], [ -1019782.0, 4686035.0 ], [ -1019783.0, 4686032.0 ], [ -1019799.0, 4686033.0 ], [ -1019815.0, 4686035.0 ], [ -1019836.0, 4686040.0 ], [ -1019848.0, 4686048.0 ], [ -1019856.0, 4686053.0 ], [ -1019872.0, 4686046.0 ], [ -1019890.0, 4686044.0 ], [ -1019908.0, 4686046.0 ], [ -1019925.0, 4686051.0 ], [ -1019940.0, 4686061.0 ], [ -1019950.0, 4686055.0 ], [ -1019956.0, 4686042.0 ], [ -1019965.0, 4686031.0 ], [ -1019993.0, 4686031.0 ], [ -1019993.0, 4685994.0 ], [ -1019994.0, 4685961.0 ], [ -1019995.0, 4685958.0 ], [ -1019995.0, 4685956.0 ], [ -1019995.0, 4685940.0 ], [ -1020084.0, 4685942.0 ], [ -1020117.0, 4685942.0 ], [ -1020149.0, 4685941.0 ], [ -1020164.0, 4685941.0 ], [ -1020173.0, 4685940.0 ], [ -1020195.0, 4685948.0 ], [ -1020241.0, 4685945.0 ], [ -1020265.0, 4685945.0 ], [ -1020286.0, 4685944.0 ], [ -1020302.0, 4685944.0 ], [ -1020355.0, 4685943.0 ], [ -1020410.0, 4685941.0 ], [ -1020492.0, 4685941.0 ], [ -1020522.0, 4685940.0 ], [ -1020554.0, 4685940.0 ], [ -1020621.0, 4685937.0 ], [ -1020630.0, 4685936.0 ], [ -1020646.0, 4685936.0 ], [ -1020656.0, 4685951.0 ], [ -1020678.0, 4685988.0 ], [ -1020691.0, 4686011.0 ], [ -1020715.0, 4686042.0 ], [ -1020738.0, 4686086.0 ], [ -1020757.0, 4686123.0 ], [ -1020885.0, 4686049.0 ], [ -1020908.0, 4686043.0 ], [ -1020998.0, 4686041.0 ], [ -1021026.0, 4686041.0 ], [ -1021051.0, 4686041.0 ], [ -1021066.0, 4686040.0 ], [ -1021127.0, 4686015.0 ], [ -1021138.0, 4686010.0 ], [ -1021123.0, 4685977.0 ], [ -1021127.0, 4685961.0 ], [ -1021133.0, 4685951.0 ], [ -1021147.0, 4685939.0 ], [ -1021172.0, 4685939.0 ], [ -1021179.0, 4685936.0 ], [ -1021185.0, 4685930.0 ], [ -1021190.0, 4685924.0 ], [ -1021192.0, 4685916.0 ], [ -1021192.0, 4685908.0 ], [ -1021190.0, 4685900.0 ], [ -1021185.0, 4685893.0 ], [ -1021201.0, 4685892.0 ], [ -1021211.0, 4685879.0 ], [ -1021213.0, 4685874.0 ], [ -1021215.0, 4685869.0 ], [ -1021216.0, 4685861.0 ], [ -1021217.0, 4685850.0 ], [ -1021165.0, 4685763.0 ], [ -1021136.0, 4685717.0 ], [ -1021131.0, 4685710.0 ], [ -1021140.0, 4685704.0 ], [ -1021137.0, 4685699.0 ], [ -1021132.0, 4685691.0 ] ] } },
{ "type": "Feature", "properties": { "betweenness_centrality": 0.041811846689895474, "source": 13172450638, "target": 247063638, "ordering_betweenness_centrality": 31, "length": 4088, "length_cumulative": 53823 }, "geometry": { "type": "LineString", "coordinates": [ [ -1012902.0, 4692328.0 ], [ -1012942.0, 4692141.0 ], [ -1012972.0, 4691998.0 ], [ -1012977.0, 4691957.0 ], [ -1012984.0, 4691914.0 ], [ -1013014.0, 4691647.0 ], [ -1013025.0, 4691527.0 ], [ -1013029.0, 4691326.0 ], [ -1013032.0, 4691172.0 ], [ -1013030.0, 4691127.0 ], [ -1013028.0, 4691115.0 ], [ -1013027.0, 4691111.0 ], [ -1013024.0, 4691105.0 ], [ -1013022.0, 4691099.0 ], [ -1013019.0, 4691095.0 ], [ -1013016.0, 4691090.0 ], [ -1013012.0, 4691086.0 ], [ -1013008.0, 4691083.0 ], [ -1013004.0, 4691080.0 ], [ -1012998.0, 4691078.0 ], [ -1013009.0, 4691074.0 ], [ -1013019.0, 4691067.0 ], [ -1013026.0, 4691058.0 ], [ -1013032.0, 4691046.0 ], [ -1013034.0, 4691032.0 ], [ -1013031.0, 4691019.0 ], [ -1013025.0, 4691007.0 ], [ -1013025.0, 4690995.0 ], [ -1013025.0, 4690987.0 ], [ -1013026.0, 4690979.0 ], [ -1013027.0, 4690970.0 ], [ -1013028.0, 4690962.0 ], [ -1013030.0, 4690954.0 ], [ -1013030.0, 4690945.0 ], [ -1013031.0, 4690934.0 ], [ -1013031.0, 4690899.0 ], [ -1013032.0, 4690883.0 ], [ -1013027.0, 4690813.0 ], [ -1013003.0, 4690616.0 ], [ -1012991.0, 4690557.0 ], [ -1012974.0, 4690504.0 ], [ -1012946.0, 4690446.0 ], [ -1012933.0, 4690417.0 ], [ -1012862.0, 4690265.0 ], [ -1012854.0, 4690249.0 ], [ -1012748.0, 4690021.0 ], [ -1012687.0, 4689890.0 ], [ -1012686.0, 4689887.0 ], [ -1012685.0, 4689884.0 ], [ -1012684.0, 4689881.0 ], [ -1012684.0, 4689877.0 ], [ -1012684.0, 4689875.0 ], [ -1012684.0, 4689872.0 ], [ -1012690.0, 4689759.0 ], [ -1012693.0, 4689707.0 ], [ -1012703.0, 4689551.0 ], [ -1012705.0, 4689519.0 ], [ -1012708.0, 4689480.0 ], [ -1012710.0, 4689448.0 ], [ -1012721.0, 4689276.0 ], [ -1012724.0, 4689222.0 ], [ -1012726.0, 4689191.0 ], [ -1012727.0, 4689170.0 ], [ -1012729.0, 4689151.0 ], [ -1012732.0, 4689098.0 ], [ -1012733.0, 4689080.0 ], [ -1012742.0, 4688946.0 ], [ -1012744.0, 4688916.0 ], [ -1012745.0, 4688904.0 ], [ -1012746.0, 4688891.0 ], [ -1012748.0, 4688858.0 ], [ -1012750.0, 4688840.0 ], [ -1012752.0, 4688835.0 ], [ -1012755.0, 4688830.0 ], [ -1012760.0, 4688815.0 ], [ -1012767.0, 4688709.0 ], [ -1012770.0, 4688641.0 ], [ -1012771.0, 4688628.0 ], [ -1012776.0, 4688610.0 ], [ -1012781.0, 4688607.0 ], [ -1012784.0, 4688603.0 ], [ -1012788.0, 4688598.0 ], [ -1012798.0, 4688590.0 ], [ -1012804.0, 4688587.0 ], [ -1012804.0, 4688582.0 ], [ -1012804.0, 4688578.0 ], [ -1012804.0, 4688571.0 ], [ -1012804.0, 4688564.0 ], [ -1012806.0, 4688551.0 ], [ -1012807.0, 4688537.0 ], [ -1012828.0, 4688510.0 ], [ -1012849.0, 4688482.0 ], [ -1012852.0, 4688483.0 ], [ -1012854.0, 4688483.0 ], [ -1012865.0, 4688483.0 ], [ -1012866.0, 4688474.0 ], [ -1012868.0, 4688475.0 ], [ -1012869.0, 4688476.0 ], [ -1012885.0, 4688477.0 ], [ -1012887.0, 4688477.0 ], [ -1012886.0, 4688481.0 ], [ -1012918.0, 4688484.0 ], [ -1012918.0, 4688478.0 ], [ -1012918.0, 4688475.0 ], [ -1012919.0, 4688473.0 ], [ -1012919.0, 4688469.0 ] ] } },
{ "type": "Feature", "properties": { "betweenness_centrality": 0.04065040650406504, "source": 246763964, "target": 1122508386, "ordering_betweenness_centrality": 32, "length": 4036, "length_cumulative": 57860 }, "geometry": { "type": "LineString", "coordinates": [ [ -1019613.0, 4689181.0 ], [ -1019605.0, 4689179.0 ], [ -1019609.0, 4689160.0 ], [ -1019599.0, 4689157.0 ], [ -1019590.0, 4689152.0 ], [ -1019580.0, 4689138.0 ], [ -1019567.0, 4689079.0 ], [ -1019568.0, 4689073.0 ], [ -1019572.0, 4689069.0 ], [ -1019597.0, 4689064.0 ], [ -1019596.0, 4689054.0 ], [ -1019595.0, 4689050.0 ], [ -1019595.0, 4689045.0 ], [ -1019594.0, 4689027.0 ], [ -1019592.0, 4689011.0 ], [ -1019590.0, 4688985.0 ], [ -1019584.0, 4688941.0 ], [ -1019576.0, 4688883.0 ], [ -1019571.0, 4688856.0 ], [ -1019567.0, 4688831.0 ], [ -1019563.0, 4688817.0 ], [ -1019616.0, 4688794.0 ], [ -1019629.0, 4688789.0 ], [ -1019632.0, 4688787.0 ], [ -1019637.0, 4688785.0 ], [ -1019633.0, 4688777.0 ], [ -1019620.0, 4688740.0 ], [ -1019590.0, 4688683.0 ], [ -1019561.0, 4688631.0 ], [ -1019558.0, 4688626.0 ], [ -1019557.0, 4688624.0 ], [ -1019542.0, 4688599.0 ], [ -1019533.0, 4688579.0 ], [ -1019528.0, 4688570.0 ], [ -1019517.0, 4688535.0 ], [ -1019514.0, 4688523.0 ], [ -1019505.0, 4688491.0 ], [ -1019503.0, 4688485.0 ], [ -1019499.0, 4688471.0 ], [ -1019494.0, 4688456.0 ], [ -1019492.0, 4688450.0 ], [ -1019489.0, 4688440.0 ], [ -1019464.0, 4688370.0 ], [ -1019462.0, 4688365.0 ], [ -1019449.0, 4688326.0 ], [ -1019443.0, 4688311.0 ], [ -1019437.0, 4688297.0 ], [ -1019434.0, 4688287.0 ], [ -1019430.0, 4688276.0 ], [ -1019424.0, 4688261.0 ], [ -1019422.0, 4688257.0 ], [ -1019420.0, 4688252.0 ], [ -1019399.0, 4688190.0 ], [ -1019396.0, 4688181.0 ], [ -1019391.0, 4688159.0 ], [ -1019389.0, 4688148.0 ], [ -1019381.0, 4688108.0 ], [ -1019380.0, 4688099.0 ], [ -1019377.0, 4688082.0 ], [ -1019376.0, 4688071.0 ], [ -1019374.0, 4688059.0 ], [ -1019368.0, 4688025.0 ], [ -1019364.0, 4688005.0 ], [ -1019358.0, 4687968.0 ], [ -1019354.0, 4687949.0 ], [ -1019352.0, 4687935.0 ], [ -1019346.0, 4687903.0 ], [ -1019335.0, 4687839.0 ], [ -1019333.0, 4687829.0 ], [ -1019323.0, 4687780.0 ], [ -1019320.0, 4687769.0 ], [ -1019319.0, 4687765.0 ], [ -1019316.0, 4687755.0 ], [ -1019316.0, 4687749.0 ], [ -1019317.0, 4687745.0 ], [ -1019320.0, 4687740.0 ], [ -1019324.0, 4687737.0 ], [ -1019328.0, 4687735.0 ], [ -1019337.0, 4687731.0 ], [ -1019351.0, 4687721.0 ], [ -1019357.0, 4687717.0 ], [ -1019364.0, 4687710.0 ], [ -1019370.0, 4687704.0 ], [ -1019377.0, 4687695.0 ], [ -1019385.0, 4687670.0 ], [ -1019393.0, 4687640.0 ], [ -1019394.0, 4687637.0 ], [ -1019395.0, 4687628.0 ], [ -1019396.0, 4687622.0 ], [ -1019396.0, 4687615.0 ], [ -1019395.0, 4687606.0 ], [ -1019387.0, 4687548.0 ], [ -1019380.0, 4687515.0 ], [ -1019373.0, 4687485.0 ], [ -1019368.0, 4687462.0 ], [ -1019364.0, 4687446.0 ], [ -1019359.0, 4687430.0 ], [ -1019354.0, 4687418.0 ], [ -1019349.0, 4687380.0 ], [ -1019344.0, 4687363.0 ], [ -1019336.0, 4687330.0 ], [ -1019334.0, 4687321.0 ], [ -1019332.0, 4687315.0 ], [ -1019325.0, 4687292.0 ], [ -1019323.0, 4687287.0 ], [ -1019316.0, 4687272.0 ], [ -1019290.0, 4687223.0 ], [ -1019280.0, 4687212.0 ], [ -1019250.0, 4687194.0 ], [ -1019232.0, 4687164.0 ], [ -1019218.0, 4687142.0 ], [ -1019173.0, 4687061.0 ], [ -1019164.0, 4687045.0 ], [ -1019149.0, 4687020.0 ], [ -1019130.0, 4686988.0 ], [ -1019062.0, 4686871.0 ], [ -1019032.0, 4686819.0 ], [ -1019023.0, 4686804.0 ], [ -1019012.0, 4686784.0 ], [ -1018976.0, 4686729.0 ], [ -1018891.0, 4686582.0 ], [ -1018868.0, 4686541.0 ], [ -1018794.0, 4686407.0 ], [ -1018780.0, 4686372.0 ], [ -1018745.0, 4686304.0 ], [ -1018705.0, 4686234.0 ], [ -1018691.0, 4686208.0 ], [ -1018619.0, 4686072.0 ], [ -1018613.0, 4686060.0 ], [ -1018599.0, 4686035.0 ], [ -1018597.0, 4686031.0 ], [ -1018605.0, 4686027.0 ], [ -1018596.0, 4686010.0 ], [ -1018578.0, 4685970.0 ], [ -1018553.0, 4685912.0 ], [ -1018544.0, 4685898.0 ], [ -1018529.0, 4685870.0 ], [ -1018512.0, 4685838.0 ], [ -1018490.0, 4685799.0 ], [ -1018480.0, 4685784.0 ], [ -1018478.0, 4685775.0 ], [ -1018477.0, 4685770.0 ], [ -1018476.0, 4685767.0 ], [ -1018471.0, 4685760.0 ], [ -1018447.0, 4685715.0 ], [ -1018385.0, 4685596.0 ] ] } },
{ "type": "Feature", "properties": { "betweenness_centrality": 0.04065040650406504, "source": 4357882443, "target": 13240630980, "ordering_betweenness_centrality": 33, "length": 1591, "length_cumulative": 59452 }, "geometry": { "type": "LineString", "coordinates": [ [ -1016464.0, 4685726.0 ], [ -1016447.0, 4685725.0 ], [ -1016433.0, 4685724.0 ], [ -1016420.0, 4685722.0 ], [ -1016404.0, 4685733.0 ], [ -1016381.0, 4685731.0 ], [ -1016378.0, 4685731.0 ], [ -1016357.0, 4685728.0 ], [ -1016342.0, 4685725.0 ], [ -1016322.0, 4685721.0 ], [ -1016301.0, 4685715.0 ], [ -1016278.0, 4685706.0 ], [ -1016254.0, 4685694.0 ], [ -1016228.0, 4685677.0 ], [ -1016197.0, 4685649.0 ], [ -1016146.0, 4685589.0 ], [ -1016117.0, 4685557.0 ], [ -1016086.0, 4685529.0 ], [ -1016056.0, 4685510.0 ], [ -1016028.0, 4685497.0 ], [ -1016000.0, 4685486.0 ], [ -1015980.0, 4685482.0 ], [ -1015960.0, 4685479.0 ], [ -1015943.0, 4685477.0 ], [ -1015926.0, 4685476.0 ], [ -1015908.0, 4685476.0 ], [ -1015798.0, 4685475.0 ], [ -1015748.0, 4685482.0 ], [ -1015706.0, 4685496.0 ], [ -1015682.0, 4685508.0 ], [ -1015667.0, 4685516.0 ], [ -1015598.0, 4685546.0 ], [ -1015560.0, 4685564.0 ], [ -1015530.0, 4685577.0 ], [ -1015479.0, 4685596.0 ], [ -1015443.0, 4685606.0 ], [ -1015427.0, 4685610.0 ], [ -1015413.0, 4685612.0 ], [ -1015401.0, 4685612.0 ], [ -1015390.0, 4685608.0 ], [ -1015382.0, 4685603.0 ], [ -1015362.0, 4685597.0 ], [ -1015342.0, 4685597.0 ], [ -1015324.0, 4685601.0 ], [ -1015313.0, 4685607.0 ], [ -1015294.0, 4685606.0 ], [ -1015288.0, 4685605.0 ], [ -1015273.0, 4685626.0 ], [ -1015271.0, 4685631.0 ], [ -1015269.0, 4685633.0 ], [ -1015267.0, 4685629.0 ], [ -1015265.0, 4685623.0 ], [ -1015262.0, 4685618.0 ], [ -1015258.0, 4685613.0 ], [ -1015236.0, 4685590.0 ], [ -1015228.0, 4685582.0 ], [ -1015220.0, 4685576.0 ], [ -1015210.0, 4685570.0 ], [ -1015201.0, 4685566.0 ], [ -1015191.0, 4685562.0 ], [ -1015181.0, 4685559.0 ], [ -1015170.0, 4685557.0 ], [ -1015159.0, 4685555.0 ], [ -1015149.0, 4685555.0 ], [ -1015138.0, 4685556.0 ], [ -1015127.0, 4685557.0 ], [ -1015117.0, 4685560.0 ], [ -1015073.0, 4685572.0 ], [ -1015070.0, 4685573.0 ], [ -1015067.0, 4685575.0 ], [ -1015066.0, 4685577.0 ], [ -1015065.0, 4685580.0 ], [ -1015064.0, 4685583.0 ], [ -1015062.0, 4685584.0 ], [ -1015058.0, 4685585.0 ], [ -1015049.0, 4685587.0 ] ] } },
{ "type": "Feature", "properties": { "betweenness_centrality": 0.039488966318234613, "source": 9196746624, "target": 4293972231, "ordering_betweenness_centrality": 34, "length": 1284, "length_cumulative": 60737 }, "geometry": { "type": "MultiLineString", "coordinates": [ [ [ -1020589.0, 4683376.0 ], [ -1020588.0, 4683369.0 ], [ -1020587.0, 4683361.0 ], [ -1020589.0, 4683359.0 ], [ -1020592.0, 4683354.0 ], [ -1020593.0, 4683349.0 ], [ -1020593.0, 4683344.0 ], [ -1020591.0, 4683334.0 ], [ -1020592.0, 4683328.0 ], [ -1020591.0, 4683321.0 ], [ -1020589.0, 4683314.0 ], [ -1020584.0, 4683298.0 ] ], [ [ -1020447.0, 4683078.0 ], [ -1020438.0, 4683080.0 ], [ -1020428.0, 4683082.0 ], [ -1020420.0, 4683082.0 ], [ -1020407.0, 4683086.0 ], [ -1020393.0, 4683093.0 ], [ -1020378.0, 4683102.0 ], [ -1020369.0, 4683110.0 ], [ -1020356.0, 4683124.0 ], [ -1020349.0, 4683134.0 ], [ -1020340.0, 4683149.0 ], [ -1020320.0, 4683197.0 ], [ -1020295.0, 4683255.0 ], [ -1020234.0, 4683403.0 ], [ -1020229.0, 4683415.0 ], [ -1020192.0, 4683504.0 ], [ -1020189.0, 4683510.0 ], [ -1020187.0, 4683514.0 ], [ -1020181.0, 4683532.0 ], [ -1020177.0, 4683539.0 ], [ -1020172.0, 4683539.0 ], [ -1020167.0, 4683540.0 ], [ -1020163.0, 4683544.0 ], [ -1020153.0, 4683560.0 ], [ -1020143.0, 4683565.0 ], [ -1020136.0, 4683586.0 ], [ -1020129.0, 4683605.0 ], [ -1020115.0, 4683635.0 ], [ -1020100.0, 4683669.0 ], [ -1020071.0, 4683717.0 ], [ -1020059.0, 4683733.0 ], [ -1020034.0, 4683764.0 ], [ -1019988.0, 4683810.0 ], [ -1019950.0, 4683842.0 ], [ -1019906.0, 4683874.0 ], [ -1019866.0, 4683898.0 ], [ -1019829.0, 4683917.0 ], [ -1019777.0, 4683943.0 ], [ -1019769.0, 4683946.0 ], [ -1019767.0, 4683947.0 ], [ -1019729.0, 4683964.0 ], [ -1019727.0, 4683965.0 ] ] ] } },
{ "type": "Feature", "properties": { "betweenness_centrality": 0.032520325203252029, "source": 12379062332, "target": 4293972231, "ordering_betweenness_centrality": 35, "length": 85, "length_cumulative": 60823 }, "geometry": { "type": "MultiLineString", "coordinates": [ [ [ -1020588.0, 4683369.0 ], [ -1020594.0, 4683363.0 ], [ -1020597.0, 4683354.0 ], [ -1020597.0, 4683345.0 ], [ -1020602.0, 4683329.0 ], [ -1020606.0, 4683329.0 ], [ -1020608.0, 4683328.0 ], [ -1020617.0, 4683320.0 ], [ -1020625.0, 4683314.0 ] ], [ [ -1020625.0, 4683314.0 ], [ -1020632.0, 4683309.0 ], [ -1020635.0, 4683305.0 ] ] ] } },
{ "type": "Feature", "properties": { "betweenness_centrality": 0.032520325203252029, "source": 9491204076, "target": 11582750223, "ordering_betweenness_centrality": 36, "length": 3032, "length_cumulative": 63855 }, "geometry": { "type": "LineString", "coordinates": [ [ -1015487.0, 4680727.0 ], [ -1015495.0, 4680718.0 ], [ -1015505.0, 4680707.0 ], [ -1015498.0, 4680698.0 ], [ -1015529.0, 4680662.0 ], [ -1015546.0, 4680675.0 ], [ -1015552.0, 4680679.0 ], [ -1015585.0, 4680639.0 ], [ -1015607.0, 4680620.0 ], [ -1015626.0, 4680606.0 ], [ -1015649.0, 4680590.0 ], [ -1015671.0, 4680571.0 ], [ -1015708.0, 4680531.0 ], [ -1015735.0, 4680500.0 ], [ -1015747.0, 4680492.0 ], [ -1015787.0, 4680475.0 ], [ -1015819.0, 4680455.0 ], [ -1015900.0, 4680409.0 ], [ -1015981.0, 4680362.0 ], [ -1016020.0, 4680338.0 ], [ -1016025.0, 4680328.0 ], [ -1016052.0, 4680314.0 ], [ -1016060.0, 4680307.0 ], [ -1016076.0, 4680294.0 ], [ -1016138.0, 4680237.0 ], [ -1016162.0, 4680215.0 ], [ -1016177.0, 4680192.0 ], [ -1016190.0, 4680189.0 ], [ -1016222.0, 4680160.0 ], [ -1016245.0, 4680141.0 ], [ -1016255.0, 4680133.0 ], [ -1016286.0, 4680110.0 ], [ -1016304.0, 4680099.0 ], [ -1016317.0, 4680090.0 ], [ -1016425.0, 4680024.0 ], [ -1016437.0, 4680018.0 ], [ -1016451.0, 4680010.0 ], [ -1016551.0, 4679953.0 ], [ -1016585.0, 4679934.0 ], [ -1016601.0, 4679924.0 ], [ -1016652.0, 4679895.0 ], [ -1016661.0, 4679889.0 ], [ -1016669.0, 4679885.0 ], [ -1016674.0, 4679883.0 ], [ -1016695.0, 4679877.0 ], [ -1016722.0, 4679868.0 ], [ -1016733.0, 4679865.0 ], [ -1016748.0, 4679860.0 ], [ -1016786.0, 4679848.0 ], [ -1016804.0, 4679842.0 ], [ -1016925.0, 4679804.0 ], [ -1016948.0, 4679797.0 ], [ -1016952.0, 4679796.0 ], [ -1017014.0, 4679777.0 ], [ -1017037.0, 4679770.0 ], [ -1017070.0, 4679760.0 ], [ -1017085.0, 4679755.0 ], [ -1017126.0, 4679742.0 ], [ -1017160.0, 4679732.0 ], [ -1017213.0, 4679715.0 ], [ -1017289.0, 4679692.0 ], [ -1017320.0, 4679682.0 ], [ -1017319.0, 4679678.0 ], [ -1017319.0, 4679676.0 ], [ -1017407.0, 4679649.0 ], [ -1017520.0, 4679613.0 ], [ -1017588.0, 4679592.0 ], [ -1017610.0, 4679587.0 ], [ -1017633.0, 4679582.0 ], [ -1017657.0, 4679574.0 ], [ -1017662.0, 4679574.0 ], [ -1017719.0, 4679561.0 ], [ -1017741.0, 4679553.0 ], [ -1017796.0, 4679533.0 ], [ -1017801.0, 4679532.0 ], [ -1017807.0, 4679531.0 ], [ -1017808.0, 4679531.0 ], [ -1017858.0, 4679533.0 ], [ -1017881.0, 4679533.0 ], [ -1017888.0, 4679534.0 ], [ -1017891.0, 4679534.0 ], [ -1017894.0, 4679534.0 ], [ -1017896.0, 4679534.0 ], [ -1017903.0, 4679563.0 ], [ -1017903.0, 4679566.0 ], [ -1017903.0, 4679573.0 ], [ -1017941.0, 4679571.0 ], [ -1017977.0, 4679570.0 ], [ -1018006.0, 4679572.0 ], [ -1018015.0, 4679572.0 ], [ -1018025.0, 4679573.0 ], [ -1018036.0, 4679573.0 ], [ -1018049.0, 4679575.0 ], [ -1018062.0, 4679579.0 ], [ -1018099.0, 4679593.0 ], [ -1018104.0, 4679595.0 ] ] } },
{ "type": "Feature", "properties": { "betweenness_centrality": 0.032520325203252029, "source": 10048345477, "target": 9556520076, "ordering_betweenness_centrality": 37, "length": 1653, "length_cumulative": 65508 }, "geometry": { "type": "MultiLineString", "coordinates": [ [ [ -1012918.0, 4689885.0 ], [ -1012918.0, 4689884.0 ], [ -1012915.0, 4689885.0 ], [ -1012911.0, 4689885.0 ], [ -1012906.0, 4689877.0 ], [ -1012888.0, 4689886.0 ], [ -1012870.0, 4689894.0 ], [ -1012747.0, 4689952.0 ], [ -1012730.0, 4689960.0 ], [ -1012697.0, 4689887.0 ], [ -1012695.0, 4689884.0 ], [ -1012694.0, 4689881.0 ], [ -1012693.0, 4689878.0 ], [ -1012693.0, 4689875.0 ], [ -1012693.0, 4689871.0 ], [ -1012700.0, 4689760.0 ], [ -1012701.0, 4689742.0 ], [ -1012701.0, 4689734.0 ], [ -1012707.0, 4689648.0 ], [ -1012715.0, 4689551.0 ], [ -1012716.0, 4689542.0 ], [ -1012718.0, 4689537.0 ], [ -1012727.0, 4689529.0 ], [ -1012733.0, 4689518.0 ], [ -1012734.0, 4689505.0 ], [ -1012734.0, 4689490.0 ], [ -1012730.0, 4689478.0 ], [ -1012722.0, 4689469.0 ], [ -1012720.0, 4689451.0 ], [ -1012720.0, 4689439.0 ], [ -1012722.0, 4689406.0 ], [ -1012723.0, 4689387.0 ], [ -1012723.0, 4689379.0 ], [ -1012727.0, 4689319.0 ], [ -1012727.0, 4689314.0 ], [ -1012733.0, 4689235.0 ], [ -1012737.0, 4689201.0 ], [ -1012738.0, 4689173.0 ], [ -1012740.0, 4689152.0 ], [ -1012739.0, 4689134.0 ], [ -1012739.0, 4689119.0 ], [ -1012741.0, 4689101.0 ], [ -1012745.0, 4689046.0 ], [ -1012749.0, 4688990.0 ], [ -1012750.0, 4688968.0 ], [ -1012751.0, 4688949.0 ], [ -1012752.0, 4688937.0 ], [ -1012754.0, 4688922.0 ], [ -1012756.0, 4688910.0 ], [ -1012759.0, 4688856.0 ], [ -1012760.0, 4688837.0 ], [ -1012760.0, 4688815.0 ] ], [ [ -1012854.0, 4688483.0 ], [ -1012855.0, 4688474.0 ], [ -1012856.0, 4688465.0 ], [ -1012856.0, 4688456.0 ], [ -1012867.0, 4688457.0 ], [ -1012868.0, 4688448.0 ], [ -1012878.0, 4688448.0 ], [ -1012879.0, 4688442.0 ], [ -1012880.0, 4688430.0 ], [ -1012880.0, 4688428.0 ], [ -1012885.0, 4688428.0 ], [ -1012890.0, 4688429.0 ], [ -1012901.0, 4688429.0 ], [ -1012907.0, 4688430.0 ], [ -1012912.0, 4688430.0 ], [ -1012923.0, 4688431.0 ], [ -1012929.0, 4688431.0 ], [ -1012934.0, 4688432.0 ], [ -1012935.0, 4688420.0 ], [ -1012940.0, 4688420.0 ], [ -1012946.0, 4688420.0 ], [ -1012946.0, 4688413.0 ], [ -1012957.0, 4688413.0 ], [ -1012958.0, 4688399.0 ], [ -1012959.0, 4688387.0 ], [ -1012959.0, 4688382.0 ], [ -1012962.0, 4688382.0 ], [ -1012965.0, 4688383.0 ] ], [ [ -1012918.0, 4689885.0 ], [ -1012919.0, 4689884.0 ], [ -1012929.0, 4689879.0 ], [ -1012930.0, 4689878.0 ], [ -1012931.0, 4689878.0 ], [ -1012949.0, 4689876.0 ], [ -1012951.0, 4689876.0 ], [ -1012951.0, 4689875.0 ] ], [ [ -1012918.0, 4689885.0 ], [ -1012918.0, 4689896.0 ], [ -1012915.0, 4689897.0 ], [ -1012914.0, 4689887.0 ], [ -1012917.0, 4689887.0 ], [ -1012917.0, 4689885.0 ], [ -1012918.0, 4689885.0 ] ] ] } },
{ "type": "Feature", "properties": { "betweenness_centrality": 0.032520325203252029, "source": 7167785856, "target": 3432357023, "ordering_betweenness_centrality": 38, "length": 711, "length_cumulative": 66220 }, "geometry": { "type": "LineString", "coordinates": [ [ -1021908.0, 4685885.0 ], [ -1021858.0, 4685879.0 ], [ -1021806.0, 4685875.0 ], [ -1021789.0, 4685874.0 ], [ -1021773.0, 4685874.0 ], [ -1021734.0, 4685873.0 ], [ -1021692.0, 4685874.0 ], [ -1021645.0, 4685875.0 ], [ -1021599.0, 4685875.0 ], [ -1021569.0, 4685875.0 ], [ -1021538.0, 4685878.0 ], [ -1021453.0, 4685880.0 ], [ -1021440.0, 4685880.0 ], [ -1021374.0, 4685885.0 ], [ -1021343.0, 4685888.0 ], [ -1021254.0, 4685890.0 ], [ -1021247.0, 4685887.0 ], [ -1021242.0, 4685884.0 ], [ -1021238.0, 4685880.0 ], [ -1021217.0, 4685850.0 ] ] } },
{ "type": "Feature", "properties": { "betweenness_centrality": 0.032520325203252029, "source": 12769171873, "target": 1122767518, "ordering_betweenness_centrality": 39, "length": 396, "length_cumulative": 66616 }, "geometry": { "type": "LineString", "coordinates": [ [ -1018216.0, 4680011.0 ], [ -1018220.0, 4680001.0 ], [ -1018221.0, 4679998.0 ], [ -1018227.0, 4679999.0 ], [ -1018235.0, 4679999.0 ], [ -1018234.0, 4680002.0 ], [ -1018230.0, 4680014.0 ], [ -1018222.0, 4680051.0 ], [ -1018221.0, 4680053.0 ], [ -1018207.0, 4680048.0 ], [ -1018204.0, 4680055.0 ], [ -1018199.0, 4680069.0 ], [ -1018195.0, 4680068.0 ], [ -1018194.0, 4680070.0 ], [ -1018193.0, 4680072.0 ], [ -1018170.0, 4680132.0 ], [ -1018167.0, 4680140.0 ], [ -1018156.0, 4680172.0 ], [ -1018142.0, 4680212.0 ], [ -1018129.0, 4680252.0 ], [ -1018105.0, 4680325.0 ] ] } },
{ "type": "Feature", "properties": { "betweenness_centrality": 0.031358885017421602, "source": 364000708, "target": 12825969210, "ordering_betweenness_centrality": 40, "length": 1196, "length_cumulative": 67812 }, "geometry": { "type": "MultiLineString", "coordinates": [ [ [ -1017502.0, 4681452.0 ], [ -1017469.0, 4681462.0 ], [ -1017461.0, 4681375.0 ], [ -1017458.0, 4681370.0 ], [ -1017452.0, 4681368.0 ], [ -1017444.0, 4681370.0 ], [ -1017416.0, 4681382.0 ], [ -1017387.0, 4681394.0 ], [ -1017382.0, 4681382.0 ], [ -1017365.0, 4681343.0 ], [ -1017344.0, 4681295.0 ], [ -1017308.0, 4681212.0 ], [ -1017283.0, 4681219.0 ], [ -1017272.0, 4681222.0 ], [ -1017267.0, 4681222.0 ], [ -1017265.0, 4681218.0 ], [ -1017254.0, 4681193.0 ], [ -1017242.0, 4681174.0 ], [ -1017234.0, 4681156.0 ], [ -1017227.0, 4681137.0 ], [ -1017223.0, 4681127.0 ], [ -1017220.0, 4681123.0 ], [ -1017219.0, 4681124.0 ], [ -1017216.0, 4681124.0 ], [ -1017185.0, 4681154.0 ], [ -1017182.0, 4681156.0 ], [ -1017178.0, 4681155.0 ], [ -1017155.0, 4681142.0 ], [ -1017145.0, 4681166.0 ], [ -1017143.0, 4681171.0 ], [ -1017139.0, 4681172.0 ], [ -1017126.0, 4681176.0 ], [ -1017113.0, 4681179.0 ], [ -1017051.0, 4681227.0 ], [ -1017046.0, 4681230.0 ], [ -1017042.0, 4681231.0 ], [ -1017042.0, 4681234.0 ], [ -1017040.0, 4681237.0 ], [ -1017037.0, 4681240.0 ], [ -1017025.0, 4681228.0 ], [ -1017021.0, 4681223.0 ], [ -1017007.0, 4681217.0 ], [ -1017002.0, 4681215.0 ], [ -1016987.0, 4681209.0 ], [ -1016978.0, 4681205.0 ], [ -1016964.0, 4681203.0 ], [ -1016950.0, 4681199.0 ], [ -1016947.0, 4681198.0 ], [ -1016945.0, 4681197.0 ], [ -1016938.0, 4681194.0 ], [ -1016931.0, 4681191.0 ], [ -1016916.0, 4681181.0 ], [ -1016902.0, 4681171.0 ], [ -1016893.0, 4681162.0 ], [ -1016872.0, 4681148.0 ], [ -1016867.0, 4681145.0 ], [ -1016853.0, 4681139.0 ], [ -1016818.0, 4681122.0 ], [ -1016788.0, 4681107.0 ], [ -1016767.0, 4681101.0 ], [ -1016744.0, 4681097.0 ], [ -1016709.0, 4681089.0 ], [ -1016697.0, 4681090.0 ] ], [ [ -1016626.0, 4681157.0 ], [ -1016622.0, 4681157.0 ], [ -1016609.0, 4681159.0 ], [ -1016608.0, 4681161.0 ] ] ] } },
{ "type": "Feature", "properties": { "betweenness_centrality": 0.030197444831591175, "source": 364000708, "target": 4632541059, "ordering_betweenness_centrality": 41, "length": 1758, "length_cumulative": 69570 }, "geometry": { "type": "LineString", "coordinates": [ [ -1017395.0, 4681971.0 ], [ -1017392.0, 4681988.0 ], [ -1017389.0, 4682013.0 ], [ -1017388.0, 4682017.0 ], [ -1017398.0, 4682062.0 ], [ -1017400.0, 4682070.0 ], [ -1017403.0, 4682078.0 ], [ -1017410.0, 4682092.0 ], [ -1017417.0, 4682110.0 ], [ -1017422.0, 4682127.0 ], [ -1017435.0, 4682169.0 ], [ -1017446.0, 4682208.0 ], [ -1017455.0, 4682234.0 ], [ -1017456.0, 4682240.0 ], [ -1017467.0, 4682268.0 ], [ -1017477.0, 4682295.0 ], [ -1017492.0, 4682337.0 ], [ -1017505.0, 4682369.0 ], [ -1017534.0, 4682444.0 ], [ -1017537.0, 4682455.0 ], [ -1017586.0, 4682541.0 ], [ -1017592.0, 4682552.0 ], [ -1017676.0, 4682686.0 ], [ -1017681.0, 4682695.0 ], [ -1017694.0, 4682715.0 ], [ -1017698.0, 4682721.0 ], [ -1017710.0, 4682738.0 ], [ -1017722.0, 4682755.0 ], [ -1017763.0, 4682813.0 ], [ -1017785.0, 4682844.0 ], [ -1017853.0, 4682940.0 ], [ -1017862.0, 4682952.0 ], [ -1017870.0, 4682965.0 ], [ -1017863.0, 4682979.0 ], [ -1017856.0, 4682994.0 ], [ -1017853.0, 4683008.0 ], [ -1017852.0, 4683027.0 ], [ -1017856.0, 4683043.0 ], [ -1017859.0, 4683057.0 ], [ -1017861.0, 4683066.0 ], [ -1017868.0, 4683097.0 ], [ -1017874.0, 4683124.0 ], [ -1017880.0, 4683148.0 ], [ -1017881.0, 4683157.0 ], [ -1017883.0, 4683173.0 ], [ -1017887.0, 4683188.0 ], [ -1017893.0, 4683206.0 ], [ -1017898.0, 4683216.0 ], [ -1017901.0, 4683222.0 ], [ -1017951.0, 4683300.0 ], [ -1017958.0, 4683311.0 ], [ -1017961.0, 4683317.0 ], [ -1017972.0, 4683335.0 ], [ -1018009.0, 4683394.0 ], [ -1018015.0, 4683405.0 ], [ -1018034.0, 4683436.0 ], [ -1018048.0, 4683461.0 ], [ -1018052.0, 4683467.0 ], [ -1018052.0, 4683481.0 ], [ -1018032.0, 4683525.0 ], [ -1018028.0, 4683530.0 ], [ -1018029.0, 4683530.0 ], [ -1018032.0, 4683531.0 ], [ -1018034.0, 4683532.0 ], [ -1018036.0, 4683533.0 ], [ -1018037.0, 4683534.0 ], [ -1018041.0, 4683536.0 ] ] } },
{ "type": "Feature", "properties": { "betweenness_centrality": 0.029036004645760744, "source": 4119522959, "target": 1145516288, "ordering_betweenness_centrality": 43, "length": 2598, "length_cumulative": 72169 }, "geometry": { "type": "LineString", "coordinates": [ [ -1014046.0, 4684326.0 ], [ -1014116.0, 4684281.0 ], [ -1014122.0, 4684289.0 ], [ -1014143.0, 4684313.0 ], [ -1014054.0, 4684371.0 ], [ -1014046.0, 4684395.0 ], [ -1014057.0, 4684407.0 ], [ -1014079.0, 4684441.0 ], [ -1014111.0, 4684497.0 ], [ -1014123.0, 4684519.0 ], [ -1014132.0, 4684515.0 ], [ -1014143.0, 4684512.0 ], [ -1014159.0, 4684509.0 ], [ -1014180.0, 4684506.0 ], [ -1014274.0, 4684493.0 ], [ -1014305.0, 4684473.0 ], [ -1014342.0, 4684448.0 ], [ -1014382.0, 4684411.0 ], [ -1014388.0, 4684405.0 ], [ -1014399.0, 4684395.0 ], [ -1014416.0, 4684379.0 ], [ -1014423.0, 4684374.0 ], [ -1014429.0, 4684370.0 ], [ -1014437.0, 4684365.0 ], [ -1014446.0, 4684362.0 ], [ -1014455.0, 4684359.0 ], [ -1014461.0, 4684358.0 ], [ -1014476.0, 4684362.0 ], [ -1014484.0, 4684365.0 ], [ -1014490.0, 4684369.0 ], [ -1014502.0, 4684380.0 ], [ -1014503.0, 4684385.0 ], [ -1014512.0, 4684386.0 ], [ -1014514.0, 4684386.0 ], [ -1014518.0, 4684393.0 ], [ -1014522.0, 4684406.0 ], [ -1014526.0, 4684422.0 ], [ -1014530.0, 4684429.0 ], [ -1014571.0, 4684438.0 ], [ -1014595.0, 4684445.0 ], [ -1014612.0, 4684417.0 ], [ -1014616.0, 4684412.0 ], [ -1014629.0, 4684413.0 ], [ -1014651.0, 4684431.0 ], [ -1014661.0, 4684442.0 ], [ -1014670.0, 4684454.0 ], [ -1014707.0, 4684467.0 ], [ -1014829.0, 4684495.0 ], [ -1014836.0, 4684495.0 ], [ -1014834.0, 4684504.0 ], [ -1014833.0, 4684512.0 ], [ -1014835.0, 4684517.0 ], [ -1014839.0, 4684524.0 ], [ -1014844.0, 4684522.0 ], [ -1014848.0, 4684521.0 ], [ -1014919.0, 4684520.0 ], [ -1014951.0, 4684519.0 ], [ -1014962.0, 4684501.0 ], [ -1014972.0, 4684481.0 ], [ -1014975.0, 4684473.0 ], [ -1014979.0, 4684459.0 ], [ -1014982.0, 4684444.0 ], [ -1014980.0, 4684422.0 ], [ -1014978.0, 4684390.0 ], [ -1014976.0, 4684359.0 ], [ -1015012.0, 4684319.0 ], [ -1015015.0, 4684317.0 ], [ -1015019.0, 4684316.0 ], [ -1015022.0, 4684316.0 ], [ -1015026.0, 4684317.0 ], [ -1015029.0, 4684320.0 ], [ -1015031.0, 4684323.0 ], [ -1015040.0, 4684349.0 ], [ -1015043.0, 4684354.0 ], [ -1015046.0, 4684357.0 ], [ -1015050.0, 4684358.0 ], [ -1015055.0, 4684357.0 ], [ -1015058.0, 4684354.0 ], [ -1015064.0, 4684342.0 ], [ -1015069.0, 4684331.0 ], [ -1015070.0, 4684324.0 ], [ -1015071.0, 4684318.0 ], [ -1015072.0, 4684314.0 ], [ -1015073.0, 4684311.0 ], [ -1015082.0, 4684278.0 ], [ -1015085.0, 4684267.0 ], [ -1015087.0, 4684258.0 ], [ -1015089.0, 4684256.0 ], [ -1015091.0, 4684253.0 ], [ -1015098.0, 4684251.0 ], [ -1015122.0, 4684286.0 ], [ -1015140.0, 4684313.0 ], [ -1015142.0, 4684323.0 ], [ -1015147.0, 4684330.0 ], [ -1015158.0, 4684336.0 ], [ -1015174.0, 4684339.0 ], [ -1015180.0, 4684336.0 ], [ -1015241.0, 4684290.0 ], [ -1015245.0, 4684297.0 ], [ -1015275.0, 4684328.0 ], [ -1015290.0, 4684343.0 ], [ -1015342.0, 4684395.0 ], [ -1015353.0, 4684407.0 ], [ -1015365.0, 4684392.0 ], [ -1015385.0, 4684369.0 ], [ -1015396.0, 4684392.0 ], [ -1015398.0, 4684395.0 ], [ -1015400.0, 4684397.0 ], [ -1015403.0, 4684398.0 ], [ -1015406.0, 4684397.0 ], [ -1015430.0, 4684394.0 ], [ -1015434.0, 4684393.0 ], [ -1015437.0, 4684390.0 ], [ -1015444.0, 4684381.0 ], [ -1015448.0, 4684376.0 ], [ -1015452.0, 4684373.0 ], [ -1015458.0, 4684369.0 ], [ -1015472.0, 4684360.0 ], [ -1015477.0, 4684358.0 ], [ -1015482.0, 4684353.0 ], [ -1015488.0, 4684344.0 ], [ -1015491.0, 4684342.0 ], [ -1015494.0, 4684340.0 ], [ -1015506.0, 4684338.0 ], [ -1015509.0, 4684337.0 ], [ -1015511.0, 4684335.0 ], [ -1015514.0, 4684329.0 ], [ -1015516.0, 4684327.0 ], [ -1015519.0, 4684325.0 ], [ -1015522.0, 4684324.0 ], [ -1015545.0, 4684321.0 ], [ -1015559.0, 4684314.0 ], [ -1015574.0, 4684326.0 ], [ -1015582.0, 4684332.0 ], [ -1015594.0, 4684346.0 ], [ -1015605.0, 4684361.0 ], [ -1015612.0, 4684370.0 ], [ -1015636.0, 4684406.0 ], [ -1015658.0, 4684411.0 ], [ -1015673.0, 4684409.0 ] ] } },
{ "type": "Feature", "properties": { "betweenness_centrality": 0.029036004645760744, "source": 7167785856, "target": 10898510164, "ordering_betweenness_centrality": 44, "length": 1300, "length_cumulative": 73469 }, "geometry": { "type": "LineString", "coordinates": [ [ -1021131.0, 4685710.0 ], [ -1021108.0, 4685673.0 ], [ -1021104.0, 4685667.0 ], [ -1021102.0, 4685664.0 ], [ -1021096.0, 4685659.0 ], [ -1021090.0, 4685655.0 ], [ -1021080.0, 4685652.0 ], [ -1021069.0, 4685651.0 ], [ -1021011.0, 4685652.0 ], [ -1020972.0, 4685653.0 ], [ -1020949.0, 4685653.0 ], [ -1020947.0, 4685640.0 ], [ -1020942.0, 4685628.0 ], [ -1020928.0, 4685606.0 ], [ -1020926.0, 4685602.0 ], [ -1020918.0, 4685593.0 ], [ -1020900.0, 4685573.0 ], [ -1020879.0, 4685533.0 ], [ -1020869.0, 4685514.0 ], [ -1020846.0, 4685481.0 ], [ -1020836.0, 4685470.0 ], [ -1020822.0, 4685455.0 ], [ -1020807.0, 4685442.0 ], [ -1020787.0, 4685424.0 ], [ -1020779.0, 4685415.0 ], [ -1020773.0, 4685405.0 ], [ -1020756.0, 4685355.0 ], [ -1020739.0, 4685305.0 ], [ -1020732.0, 4685284.0 ], [ -1020722.0, 4685266.0 ], [ -1020699.0, 4685222.0 ], [ -1020692.0, 4685212.0 ], [ -1020683.0, 4685203.0 ], [ -1020657.0, 4685179.0 ], [ -1020650.0, 4685172.0 ], [ -1020637.0, 4685156.0 ], [ -1020627.0, 4685144.0 ], [ -1020609.0, 4685126.0 ], [ -1020600.0, 4685118.0 ], [ -1020597.0, 4685114.0 ], [ -1020590.0, 4685106.0 ], [ -1020582.0, 4685098.0 ], [ -1020576.0, 4685091.0 ], [ -1020563.0, 4685076.0 ], [ -1020543.0, 4685055.0 ], [ -1020548.0, 4685050.0 ], [ -1020550.0, 4685048.0 ], [ -1020525.0, 4685018.0 ], [ -1020501.0, 4684985.0 ], [ -1020495.0, 4684963.0 ], [ -1020534.0, 4684938.0 ], [ -1020555.0, 4684924.0 ], [ -1020574.0, 4684911.0 ], [ -1020595.0, 4684897.0 ], [ -1020613.0, 4684885.0 ], [ -1020617.0, 4684870.0 ], [ -1020616.0, 4684865.0 ], [ -1020615.0, 4684863.0 ], [ -1020623.0, 4684858.0 ], [ -1020631.0, 4684853.0 ], [ -1020637.0, 4684849.0 ], [ -1020651.0, 4684840.0 ], [ -1020658.0, 4684835.0 ], [ -1020682.0, 4684819.0 ] ] } },
{ "type": "Feature", "properties": { "betweenness_centrality": 0.029036004645760744, "source": 1145508344, "target": 13240630980, "ordering_betweenness_centrality": 45, "length": 1548, "length_cumulative": 75018 }, "geometry": { "type": "LineString", "coordinates": [ [ -1014549.0, 4685673.0 ], [ -1014539.0, 4685677.0 ], [ -1014520.0, 4685679.0 ], [ -1014512.0, 4685678.0 ], [ -1014505.0, 4685676.0 ], [ -1014486.0, 4685667.0 ], [ -1014464.0, 4685658.0 ], [ -1014449.0, 4685650.0 ], [ -1014444.0, 4685648.0 ], [ -1014414.0, 4685632.0 ], [ -1014393.0, 4685625.0 ], [ -1014385.0, 4685622.0 ], [ -1014377.0, 4685617.0 ], [ -1014376.0, 4685615.0 ], [ -1014374.0, 4685614.0 ], [ -1014369.0, 4685605.0 ], [ -1014361.0, 4685608.0 ], [ -1014356.0, 4685609.0 ], [ -1014350.0, 4685610.0 ], [ -1014345.0, 4685610.0 ], [ -1014317.0, 4685610.0 ], [ -1014302.0, 4685609.0 ], [ -1014256.0, 4685608.0 ], [ -1014241.0, 4685608.0 ], [ -1014233.0, 4685607.0 ], [ -1014225.0, 4685605.0 ], [ -1014219.0, 4685602.0 ], [ -1014212.0, 4685597.0 ], [ -1014206.0, 4685593.0 ], [ -1014167.0, 4685558.0 ], [ -1014156.0, 4685548.0 ], [ -1014152.0, 4685545.0 ], [ -1014143.0, 4685538.0 ], [ -1014102.0, 4685504.0 ], [ -1014084.0, 4685502.0 ], [ -1014085.0, 4685489.0 ], [ -1014082.0, 4685486.0 ], [ -1014076.0, 4685482.0 ], [ -1014071.0, 4685478.0 ], [ -1014068.0, 4685476.0 ], [ -1014046.0, 4685501.0 ], [ -1014027.0, 4685503.0 ], [ -1014013.0, 4685501.0 ], [ -1013986.0, 4685493.0 ], [ -1013983.0, 4685495.0 ], [ -1013980.0, 4685498.0 ], [ -1013971.0, 4685493.0 ], [ -1013972.0, 4685489.0 ], [ -1013972.0, 4685488.0 ], [ -1013973.0, 4685487.0 ], [ -1013972.0, 4685485.0 ], [ -1013972.0, 4685483.0 ], [ -1013971.0, 4685480.0 ], [ -1013969.0, 4685476.0 ], [ -1013966.0, 4685472.0 ], [ -1013961.0, 4685466.0 ], [ -1013954.0, 4685460.0 ], [ -1013950.0, 4685457.0 ], [ -1013936.0, 4685448.0 ], [ -1013930.0, 4685445.0 ], [ -1013924.0, 4685443.0 ], [ -1013920.0, 4685442.0 ], [ -1013908.0, 4685439.0 ], [ -1013892.0, 4685438.0 ], [ -1013878.0, 4685438.0 ], [ -1013866.0, 4685438.0 ], [ -1013845.0, 4685440.0 ], [ -1013833.0, 4685441.0 ], [ -1013817.0, 4685443.0 ], [ -1013809.0, 4685444.0 ], [ -1013790.0, 4685448.0 ], [ -1013771.0, 4685452.0 ], [ -1013719.0, 4685461.0 ], [ -1013700.0, 4685463.0 ], [ -1013675.0, 4685466.0 ], [ -1013643.0, 4685470.0 ], [ -1013630.0, 4685471.0 ], [ -1013622.0, 4685471.0 ], [ -1013615.0, 4685471.0 ], [ -1013606.0, 4685480.0 ], [ -1013587.0, 4685488.0 ], [ -1013583.0, 4685488.0 ], [ -1013579.0, 4685485.0 ], [ -1013567.0, 4685471.0 ], [ -1013564.0, 4685471.0 ], [ -1013564.0, 4685477.0 ], [ -1013567.0, 4685499.0 ], [ -1013564.0, 4685500.0 ], [ -1013540.0, 4685416.0 ], [ -1013503.0, 4685428.0 ], [ -1013508.0, 4685448.0 ], [ -1013473.0, 4685464.0 ], [ -1013469.0, 4685465.0 ], [ -1013467.0, 4685447.0 ], [ -1013368.0, 4685457.0 ], [ -1013365.0, 4685452.0 ], [ -1013361.0, 4685450.0 ], [ -1013355.0, 4685449.0 ], [ -1013342.0, 4685445.0 ], [ -1013328.0, 4685488.0 ], [ -1013326.0, 4685488.0 ], [ -1013322.0, 4685499.0 ] ] } },
{ "type": "Feature", "properties": { "betweenness_centrality": 0.027874564459930314, "source": 12825969205, "target": 10115457774, "ordering_betweenness_centrality": 46, "length": 1370, "length_cumulative": 76388 }, "geometry": { "type": "LineString", "coordinates": [ [ -1016497.0, 4681104.0 ], [ -1016490.0, 4681109.0 ], [ -1016463.0, 4681101.0 ], [ -1016455.0, 4681098.0 ], [ -1016426.0, 4681089.0 ], [ -1016421.0, 4681086.0 ], [ -1016416.0, 4681080.0 ], [ -1016386.0, 4681095.0 ], [ -1016380.0, 4681100.0 ], [ -1016374.0, 4681094.0 ], [ -1016372.0, 4681092.0 ], [ -1016370.0, 4681086.0 ], [ -1016369.0, 4681082.0 ], [ -1016368.0, 4681079.0 ], [ -1016364.0, 4681051.0 ], [ -1016363.0, 4681049.0 ], [ -1016362.0, 4681047.0 ], [ -1016361.0, 4681046.0 ], [ -1016359.0, 4681045.0 ], [ -1016356.0, 4681045.0 ], [ -1016354.0, 4681045.0 ], [ -1016263.0, 4681052.0 ], [ -1016256.0, 4681053.0 ], [ -1016253.0, 4681053.0 ], [ -1016243.0, 4681025.0 ], [ -1016241.0, 4681026.0 ], [ -1016238.0, 4681027.0 ], [ -1016237.0, 4681027.0 ], [ -1016197.0, 4680924.0 ], [ -1016197.0, 4680923.0 ], [ -1016196.0, 4680923.0 ], [ -1016196.0, 4680922.0 ], [ -1016195.0, 4680922.0 ], [ -1016194.0, 4680922.0 ], [ -1016155.0, 4680929.0 ], [ -1016154.0, 4680925.0 ], [ -1016146.0, 4680926.0 ], [ -1016045.0, 4680937.0 ], [ -1016035.0, 4680938.0 ], [ -1016022.0, 4680942.0 ], [ -1016017.0, 4680943.0 ], [ -1016002.0, 4680947.0 ], [ -1015991.0, 4680950.0 ], [ -1015967.0, 4680950.0 ], [ -1015920.0, 4680958.0 ], [ -1015880.0, 4680966.0 ], [ -1015873.0, 4680970.0 ], [ -1015840.0, 4680989.0 ], [ -1015812.0, 4681005.0 ], [ -1015776.0, 4681025.0 ], [ -1015754.0, 4681025.0 ], [ -1015675.0, 4681031.0 ], [ -1015674.0, 4681019.0 ], [ -1015611.0, 4680973.0 ], [ -1015598.0, 4680963.0 ], [ -1015596.0, 4680944.0 ], [ -1015589.0, 4680947.0 ], [ -1015584.0, 4680954.0 ], [ -1015570.0, 4680969.0 ], [ -1015568.0, 4680974.0 ], [ -1015559.0, 4680990.0 ], [ -1015541.0, 4680971.0 ], [ -1015527.0, 4680944.0 ], [ -1015522.0, 4680939.0 ], [ -1015526.0, 4680917.0 ], [ -1015520.0, 4680911.0 ], [ -1015528.0, 4680901.0 ], [ -1015508.0, 4680879.0 ], [ -1015498.0, 4680890.0 ], [ -1015495.0, 4680888.0 ], [ -1015492.0, 4680885.0 ], [ -1015481.0, 4680898.0 ], [ -1015480.0, 4680896.0 ], [ -1015473.0, 4680891.0 ], [ -1015468.0, 4680887.0 ] ] } },
{ "type": "Feature", "properties": { "betweenness_centrality": 0.027874564459930314, "source": 4632541059, "target": 4119522959, "ordering_betweenness_centrality": 47, "length": 2840, "length_cumulative": 79228 }, "geometry": { "type": "LineString", "coordinates": [ [ -1018211.0, 4684677.0 ], [ -1018176.0, 4684684.0 ], [ -1018163.0, 4684686.0 ], [ -1018076.0, 4684701.0 ], [ -1018030.0, 4684709.0 ], [ -1018019.0, 4684711.0 ], [ -1017999.0, 4684715.0 ], [ -1017983.0, 4684718.0 ], [ -1017968.0, 4684725.0 ], [ -1017869.0, 4684749.0 ], [ -1017713.0, 4684778.0 ], [ -1017448.0, 4684838.0 ], [ -1017374.0, 4684852.0 ], [ -1017337.0, 4684856.0 ], [ -1017307.0, 4684857.0 ], [ -1017202.0, 4684848.0 ], [ -1016802.0, 4684813.0 ], [ -1016763.0, 4684810.0 ], [ -1016652.0, 4684800.0 ], [ -1016579.0, 4684792.0 ], [ -1016455.0, 4684781.0 ], [ -1016442.0, 4684780.0 ], [ -1016416.0, 4684770.0 ], [ -1016375.0, 4684757.0 ], [ -1016332.0, 4684742.0 ], [ -1016308.0, 4684730.0 ], [ -1016276.0, 4684714.0 ], [ -1016266.0, 4684709.0 ], [ -1016239.0, 4684695.0 ], [ -1016214.0, 4684679.0 ], [ -1016201.0, 4684666.0 ], [ -1016191.0, 4684658.0 ], [ -1016175.0, 4684639.0 ], [ -1016162.0, 4684620.0 ], [ -1016149.0, 4684615.0 ], [ -1016135.0, 4684617.0 ], [ -1016124.0, 4684625.0 ], [ -1016119.0, 4684621.0 ], [ -1016116.0, 4684618.0 ], [ -1016107.0, 4684624.0 ], [ -1016092.0, 4684598.0 ], [ -1016074.0, 4684563.0 ], [ -1016061.0, 4684535.0 ], [ -1016054.0, 4684513.0 ], [ -1016041.0, 4684489.0 ], [ -1016021.0, 4684454.0 ], [ -1016008.0, 4684434.0 ], [ -1015992.0, 4684417.0 ], [ -1015975.0, 4684405.0 ], [ -1015972.0, 4684402.0 ], [ -1015951.0, 4684393.0 ], [ -1015941.0, 4684388.0 ], [ -1015932.0, 4684379.0 ], [ -1015909.0, 4684355.0 ], [ -1015871.0, 4684305.0 ], [ -1015864.0, 4684309.0 ], [ -1015862.0, 4684310.0 ], [ -1015859.0, 4684307.0 ], [ -1015847.0, 4684316.0 ], [ -1015736.0, 4684402.0 ], [ -1015732.0, 4684396.0 ], [ -1015711.0, 4684412.0 ], [ -1015710.0, 4684411.0 ], [ -1015707.0, 4684408.0 ], [ -1015705.0, 4684405.0 ], [ -1015702.0, 4684401.0 ], [ -1015685.0, 4684414.0 ], [ -1015682.0, 4684411.0 ], [ -1015678.0, 4684405.0 ] ] } },
{ "type": "Feature", "properties": { "betweenness_centrality": 0.027874564459930314, "source": 1138897712, "target": 11171974060, "ordering_betweenness_centrality": 48, "length": 777, "length_cumulative": 80005 }, "geometry": { "type": "LineString", "coordinates": [ [ -1021280.0, 4679124.0 ], [ -1021289.0, 4679118.0 ], [ -1021293.0, 4679115.0 ], [ -1021294.0, 4679124.0 ], [ -1021302.0, 4679196.0 ], [ -1021309.0, 4679198.0 ], [ -1021324.0, 4679202.0 ], [ -1021320.0, 4679209.0 ], [ -1021305.0, 4679294.0 ], [ -1021285.0, 4679380.0 ], [ -1021285.0, 4679388.0 ], [ -1021283.0, 4679399.0 ], [ -1021278.0, 4679397.0 ], [ -1021277.0, 4679400.0 ], [ -1021275.0, 4679407.0 ], [ -1021273.0, 4679411.0 ], [ -1021273.0, 4679414.0 ], [ -1021272.0, 4679416.0 ], [ -1021278.0, 4679420.0 ], [ -1021228.0, 4679635.0 ], [ -1021219.0, 4679671.0 ], [ -1021215.0, 4679681.0 ], [ -1021207.0, 4679698.0 ], [ -1021199.0, 4679694.0 ], [ -1021188.0, 4679711.0 ], [ -1021149.0, 4679760.0 ], [ -1021144.0, 4679769.0 ], [ -1021135.0, 4679786.0 ], [ -1021128.0, 4679799.0 ] ] } },
{ "type": "Feature", "properties": { "betweenness_centrality": 0.026713124274099883, "source": 1145508344, "target": 9491204076, "ordering_betweenness_centrality": 49, "length": 5600, "length_cumulative": 85606 }, "geometry": { "type": "LineString", "coordinates": [ [ -1013540.0, 4685416.0 ], [ -1013534.0, 4685398.0 ], [ -1013534.0, 4685395.0 ], [ -1013529.0, 4685398.0 ], [ -1013527.0, 4685378.0 ], [ -1013519.0, 4685349.0 ], [ -1013499.0, 4685309.0 ], [ -1013498.0, 4685303.0 ], [ -1013502.0, 4685298.0 ], [ -1013501.0, 4685296.0 ], [ -1013498.0, 4685291.0 ], [ -1013495.0, 4685287.0 ], [ -1013494.0, 4685286.0 ], [ -1013491.0, 4685282.0 ], [ -1013502.0, 4685274.0 ], [ -1013489.0, 4685255.0 ], [ -1013473.0, 4685241.0 ], [ -1013468.0, 4685235.0 ], [ -1013464.0, 4685227.0 ], [ -1013451.0, 4685223.0 ], [ -1013436.0, 4685220.0 ], [ -1013426.0, 4685214.0 ], [ -1013417.0, 4685208.0 ], [ -1013411.0, 4685202.0 ], [ -1013405.0, 4685197.0 ], [ -1013401.0, 4685192.0 ], [ -1013396.0, 4685184.0 ], [ -1013392.0, 4685179.0 ], [ -1013390.0, 4685174.0 ], [ -1013387.0, 4685166.0 ], [ -1013385.0, 4685161.0 ], [ -1013382.0, 4685153.0 ], [ -1013377.0, 4685137.0 ], [ -1013369.0, 4685121.0 ], [ -1013330.0, 4685082.0 ], [ -1013283.0, 4685041.0 ], [ -1013308.0, 4685028.0 ], [ -1013301.0, 4685018.0 ], [ -1013287.0, 4684991.0 ], [ -1013263.0, 4684937.0 ], [ -1013263.0, 4684929.0 ], [ -1013267.0, 4684903.0 ], [ -1013268.0, 4684890.0 ], [ -1013274.0, 4684843.0 ], [ -1013277.0, 4684803.0 ], [ -1013279.0, 4684775.0 ], [ -1013282.0, 4684763.0 ], [ -1013284.0, 4684754.0 ], [ -1013285.0, 4684748.0 ], [ -1013290.0, 4684721.0 ], [ -1013294.0, 4684698.0 ], [ -1013299.0, 4684657.0 ], [ -1013307.0, 4684596.0 ], [ -1013316.0, 4684542.0 ], [ -1013325.0, 4684491.0 ], [ -1013332.0, 4684455.0 ], [ -1013344.0, 4684402.0 ], [ -1013348.0, 4684381.0 ], [ -1013352.0, 4684367.0 ], [ -1013353.0, 4684358.0 ], [ -1013361.0, 4684325.0 ], [ -1013388.0, 4684209.0 ], [ -1013391.0, 4684193.0 ], [ -1013395.0, 4684177.0 ], [ -1013405.0, 4684137.0 ], [ -1013413.0, 4684105.0 ], [ -1013417.0, 4684090.0 ], [ -1013422.0, 4684072.0 ], [ -1013426.0, 4684057.0 ], [ -1013437.0, 4684022.0 ], [ -1013472.0, 4683908.0 ], [ -1013450.0, 4683903.0 ], [ -1013440.0, 4683895.0 ], [ -1013426.0, 4683885.0 ], [ -1013440.0, 4683816.0 ], [ -1013469.0, 4683675.0 ], [ -1013490.0, 4683573.0 ], [ -1013498.0, 4683541.0 ], [ -1013501.0, 4683529.0 ], [ -1013505.0, 4683517.0 ], [ -1013511.0, 4683497.0 ], [ -1013517.0, 4683478.0 ], [ -1013519.0, 4683472.0 ], [ -1013531.0, 4683442.0 ], [ -1013534.0, 4683433.0 ], [ -1013549.0, 4683395.0 ], [ -1013568.0, 4683346.0 ], [ -1013585.0, 4683310.0 ], [ -1013590.0, 4683299.0 ], [ -1013613.0, 4683255.0 ], [ -1013651.0, 4683188.0 ], [ -1013685.0, 4683129.0 ], [ -1013693.0, 4683115.0 ], [ -1013703.0, 4683097.0 ], [ -1013721.0, 4683066.0 ], [ -1013724.0, 4683060.0 ], [ -1013739.0, 4683036.0 ], [ -1013745.0, 4683025.0 ], [ -1013757.0, 4683008.0 ], [ -1013769.0, 4682992.0 ], [ -1013801.0, 4682945.0 ], [ -1013808.0, 4682936.0 ], [ -1013817.0, 4682925.0 ], [ -1013898.0, 4682827.0 ], [ -1013917.0, 4682808.0 ], [ -1014112.0, 4682617.0 ], [ -1014118.0, 4682610.0 ], [ -1014124.0, 4682603.0 ], [ -1014161.0, 4682555.0 ], [ -1014167.0, 4682547.0 ], [ -1014261.0, 4682409.0 ], [ -1014268.0, 4682398.0 ], [ -1014284.0, 4682376.0 ], [ -1014289.0, 4682369.0 ], [ -1014296.0, 4682358.0 ], [ -1014303.0, 4682349.0 ], [ -1014307.0, 4682342.0 ], [ -1014315.0, 4682331.0 ], [ -1014348.0, 4682282.0 ], [ -1014485.0, 4682078.0 ], [ -1014494.0, 4682064.0 ], [ -1014509.0, 4682042.0 ], [ -1014654.0, 4681826.0 ], [ -1014665.0, 4681811.0 ], [ -1014806.0, 4681600.0 ], [ -1014821.0, 4681579.0 ], [ -1014827.0, 4681569.0 ], [ -1014834.0, 4681560.0 ], [ -1014889.0, 4681478.0 ], [ -1014950.0, 4681401.0 ], [ -1014983.0, 4681362.0 ], [ -1015085.0, 4681246.0 ], [ -1015130.0, 4681195.0 ], [ -1015136.0, 4681187.0 ], [ -1015150.0, 4681171.0 ], [ -1015170.0, 4681148.0 ], [ -1015327.0, 4680962.0 ], [ -1015389.0, 4680886.0 ], [ -1015385.0, 4680872.0 ], [ -1015380.0, 4680868.0 ], [ -1015373.0, 4680862.0 ], [ -1015366.0, 4680851.0 ], [ -1015362.0, 4680848.0 ], [ -1015371.0, 4680837.0 ], [ -1015376.0, 4680841.0 ], [ -1015460.0, 4680742.0 ], [ -1015469.0, 4680748.0 ], [ -1015480.0, 4680736.0 ], [ -1015487.0, 4680727.0 ] ] } },
{ "type": "Feature", "properties": { "betweenness_centrality": 0.026713124274099883, "source": 1122550735, "target": 3969735551, "ordering_betweenness_centrality": 50, "length": 1249, "length_cumulative": 86855 }, "geometry": { "type": "LineString", "coordinates": [ [ -1022932.0, 4686431.0 ], [ -1023004.0, 4686483.0 ], [ -1023009.0, 4686486.0 ], [ -1023015.0, 4686491.0 ], [ -1023024.0, 4686497.0 ], [ -1023069.0, 4686529.0 ], [ -1023094.0, 4686548.0 ], [ -1023098.0, 4686551.0 ], [ -1023118.0, 4686566.0 ], [ -1023166.0, 4686600.0 ], [ -1023177.0, 4686606.0 ], [ -1023210.0, 4686631.0 ], [ -1023214.0, 4686634.0 ], [ -1023262.0, 4686669.0 ], [ -1023267.0, 4686673.0 ], [ -1023271.0, 4686675.0 ], [ -1023291.0, 4686689.0 ], [ -1023324.0, 4686708.0 ], [ -1023377.0, 4686740.0 ], [ -1023388.0, 4686746.0 ], [ -1023401.0, 4686751.0 ], [ -1023409.0, 4686762.0 ], [ -1023412.0, 4686766.0 ], [ -1023415.0, 4686772.0 ], [ -1023415.0, 4686778.0 ], [ -1023414.0, 4686782.0 ], [ -1023412.0, 4686785.0 ], [ -1023406.0, 4686794.0 ], [ -1023374.0, 4686841.0 ], [ -1023343.0, 4686885.0 ], [ -1023326.0, 4686909.0 ], [ -1023341.0, 4686919.0 ], [ -1023339.0, 4686922.0 ], [ -1023336.0, 4686926.0 ], [ -1023331.0, 4686934.0 ], [ -1023356.0, 4686954.0 ], [ -1023374.0, 4686982.0 ], [ -1023383.0, 4686988.0 ], [ -1023403.0, 4687002.0 ], [ -1023417.0, 4687011.0 ], [ -1023410.0, 4687025.0 ], [ -1023404.0, 4687034.0 ], [ -1023407.0, 4687045.0 ], [ -1023395.0, 4687046.0 ], [ -1023398.0, 4687069.0 ], [ -1023398.0, 4687074.0 ], [ -1023398.0, 4687080.0 ], [ -1023393.0, 4687101.0 ], [ -1023369.0, 4687141.0 ], [ -1023360.0, 4687159.0 ], [ -1023375.0, 4687169.0 ], [ -1023364.0, 4687188.0 ], [ -1023366.0, 4687190.0 ], [ -1023369.0, 4687191.0 ], [ -1023378.0, 4687197.0 ], [ -1023333.0, 4687272.0 ], [ -1023329.0, 4687269.0 ], [ -1023330.0, 4687266.0 ], [ -1023337.0, 4687255.0 ] ] } },
{ "type": "Feature", "properties": { "betweenness_centrality": 0.026713124274099883, "source": 12825969205, "target": 9491204076, "ordering_betweenness_centrality": 51, "length": 1442, "length_cumulative": 88298 }, "geometry": { "type": "LineString", "coordinates": [ [ -1015552.0, 4680679.0 ], [ -1015560.0, 4680686.0 ], [ -1015563.0, 4680689.0 ], [ -1015565.0, 4680690.0 ], [ -1015567.0, 4680698.0 ], [ -1015582.0, 4680710.0 ], [ -1015595.0, 4680721.0 ], [ -1015606.0, 4680731.0 ], [ -1015612.0, 4680736.0 ], [ -1015620.0, 4680743.0 ], [ -1015625.0, 4680745.0 ], [ -1015626.0, 4680742.0 ], [ -1015627.0, 4680736.0 ], [ -1015628.0, 4680731.0 ], [ -1015628.0, 4680726.0 ], [ -1015628.0, 4680720.0 ], [ -1015633.0, 4680730.0 ], [ -1015634.0, 4680733.0 ], [ -1015636.0, 4680736.0 ], [ -1015637.0, 4680738.0 ], [ -1015640.0, 4680741.0 ], [ -1015643.0, 4680742.0 ], [ -1015645.0, 4680742.0 ], [ -1015647.0, 4680741.0 ], [ -1015650.0, 4680739.0 ], [ -1015665.0, 4680728.0 ], [ -1015667.0, 4680726.0 ], [ -1015670.0, 4680723.0 ], [ -1015672.0, 4680719.0 ], [ -1015680.0, 4680707.0 ], [ -1015715.0, 4680736.0 ], [ -1015718.0, 4680737.0 ], [ -1015721.0, 4680737.0 ], [ -1015753.0, 4680707.0 ], [ -1015756.0, 4680706.0 ], [ -1015759.0, 4680708.0 ], [ -1015769.0, 4680719.0 ], [ -1015773.0, 4680723.0 ], [ -1015778.0, 4680736.0 ], [ -1015792.0, 4680725.0 ], [ -1015807.0, 4680710.0 ], [ -1015834.0, 4680690.0 ], [ -1015839.0, 4680686.0 ], [ -1015843.0, 4680684.0 ], [ -1015870.0, 4680663.0 ], [ -1015875.0, 4680659.0 ], [ -1015884.0, 4680651.0 ], [ -1015891.0, 4680644.0 ], [ -1015895.0, 4680641.0 ], [ -1015924.0, 4680611.0 ], [ -1015937.0, 4680612.0 ], [ -1015948.0, 4680609.0 ], [ -1015952.0, 4680609.0 ], [ -1015975.0, 4680604.0 ], [ -1016026.0, 4680594.0 ], [ -1016062.0, 4680585.0 ], [ -1016089.0, 4680586.0 ], [ -1016099.0, 4680596.0 ], [ -1016107.0, 4680602.0 ], [ -1016114.0, 4680608.0 ], [ -1016123.0, 4680630.0 ], [ -1016121.0, 4680650.0 ], [ -1016124.0, 4680667.0 ], [ -1016132.0, 4680680.0 ], [ -1016152.0, 4680681.0 ], [ -1016155.0, 4680680.0 ], [ -1016159.0, 4680681.0 ], [ -1016163.0, 4680684.0 ], [ -1016202.0, 4680706.0 ], [ -1016203.0, 4680707.0 ], [ -1016204.0, 4680708.0 ], [ -1016207.0, 4680710.0 ], [ -1016232.0, 4680734.0 ], [ -1016243.0, 4680758.0 ], [ -1016259.0, 4680778.0 ], [ -1016264.0, 4680772.0 ], [ -1016272.0, 4680780.0 ], [ -1016295.0, 4680804.0 ], [ -1016307.0, 4680816.0 ], [ -1016325.0, 4680838.0 ], [ -1016336.0, 4680830.0 ], [ -1016345.0, 4680828.0 ], [ -1016353.0, 4680827.0 ], [ -1016382.0, 4680846.0 ], [ -1016393.0, 4680853.0 ], [ -1016406.0, 4680848.0 ], [ -1016443.0, 4680866.0 ], [ -1016445.0, 4680876.0 ], [ -1016465.0, 4680934.0 ], [ -1016474.0, 4680976.0 ], [ -1016486.0, 4681029.0 ], [ -1016494.0, 4681086.0 ], [ -1016494.0, 4681088.0 ] ] } },
{ "type": "Feature", "properties": { "betweenness_centrality": 0.024390243902439025, "source": 2182353146, "target": 6273933810, "ordering_betweenness_centrality": 52, "length": 1196, "length_cumulative": 89494 }, "geometry": { "type": "LineString", "coordinates": [ [ -1018384.0, 4685117.0 ], [ -1018438.0, 4685089.0 ], [ -1018484.0, 4685072.0 ], [ -1018492.0, 4685085.0 ], [ -1018502.0, 4685133.0 ], [ -1018502.0, 4685134.0 ], [ -1018507.0, 4685170.0 ], [ -1018509.0, 4685181.0 ], [ -1018512.0, 4685181.0 ], [ -1018518.0, 4685179.0 ], [ -1018522.0, 4685179.0 ], [ -1018528.0, 4685177.0 ], [ -1018536.0, 4685176.0 ], [ -1018545.0, 4685174.0 ], [ -1018546.0, 4685173.0 ], [ -1018550.0, 4685169.0 ], [ -1018558.0, 4685165.0 ], [ -1018575.0, 4685162.0 ], [ -1018594.0, 4685158.0 ], [ -1018612.0, 4685156.0 ], [ -1018625.0, 4685155.0 ], [ -1018640.0, 4685156.0 ], [ -1018650.0, 4685158.0 ], [ -1018663.0, 4685165.0 ], [ -1018678.0, 4685174.0 ], [ -1018690.0, 4685183.0 ], [ -1018700.0, 4685189.0 ], [ -1018725.0, 4685206.0 ], [ -1018741.0, 4685215.0 ], [ -1018750.0, 4685220.0 ], [ -1018755.0, 4685225.0 ], [ -1018760.0, 4685229.0 ], [ -1018762.0, 4685229.0 ], [ -1018769.0, 4685233.0 ], [ -1018777.0, 4685237.0 ], [ -1018785.0, 4685241.0 ], [ -1018788.0, 4685241.0 ], [ -1018813.0, 4685251.0 ], [ -1018828.0, 4685258.0 ], [ -1018856.0, 4685266.0 ], [ -1018869.0, 4685270.0 ], [ -1018881.0, 4685273.0 ], [ -1018902.0, 4685278.0 ], [ -1018920.0, 4685281.0 ], [ -1018934.0, 4685285.0 ], [ -1018942.0, 4685288.0 ], [ -1018948.0, 4685292.0 ], [ -1018954.0, 4685293.0 ], [ -1018959.0, 4685294.0 ], [ -1018966.0, 4685295.0 ], [ -1018972.0, 4685297.0 ], [ -1018977.0, 4685293.0 ], [ -1018991.0, 4685293.0 ], [ -1019006.0, 4685296.0 ], [ -1019037.0, 4685303.0 ], [ -1019061.0, 4685309.0 ], [ -1019084.0, 4685317.0 ], [ -1019107.0, 4685328.0 ], [ -1019123.0, 4685336.0 ], [ -1019131.0, 4685341.0 ], [ -1019139.0, 4685347.0 ], [ -1019156.0, 4685358.0 ], [ -1019171.0, 4685370.0 ], [ -1019187.0, 4685384.0 ], [ -1019197.0, 4685396.0 ], [ -1019208.0, 4685408.0 ], [ -1019220.0, 4685408.0 ], [ -1019227.0, 4685414.0 ], [ -1019257.0, 4685440.0 ], [ -1019272.0, 4685455.0 ], [ -1019284.0, 4685468.0 ], [ -1019288.0, 4685473.0 ], [ -1019297.0, 4685486.0 ], [ -1019311.0, 4685508.0 ], [ -1019323.0, 4685527.0 ], [ -1019339.0, 4685552.0 ] ] } },
{ "type": "Feature", "properties": { "betweenness_centrality": 0.023228803716608595, "source": 1122767518, "target": 1120110515, "ordering_betweenness_centrality": 54, "length": 2189, "length_cumulative": 91684 }, "geometry": { "type": "LineString", "coordinates": [ [ -1018235.0, 4679999.0 ], [ -1018245.0, 4680000.0 ], [ -1018263.0, 4680001.0 ], [ -1018278.0, 4680003.0 ], [ -1018291.0, 4680006.0 ], [ -1018303.0, 4680009.0 ], [ -1018325.0, 4680016.0 ], [ -1018364.0, 4680027.0 ], [ -1018428.0, 4680039.0 ], [ -1018447.0, 4680043.0 ], [ -1018457.0, 4680045.0 ], [ -1018478.0, 4680049.0 ], [ -1018527.0, 4680059.0 ], [ -1018543.0, 4680063.0 ], [ -1018550.0, 4680064.0 ], [ -1018570.0, 4680067.0 ], [ -1018591.0, 4680069.0 ], [ -1018606.0, 4680070.0 ], [ -1018619.0, 4680069.0 ], [ -1018631.0, 4680068.0 ], [ -1018638.0, 4680066.0 ], [ -1018667.0, 4680057.0 ], [ -1018667.0, 4680059.0 ], [ -1018671.0, 4680068.0 ], [ -1018692.0, 4680129.0 ], [ -1018726.0, 4680207.0 ], [ -1018726.0, 4680209.0 ], [ -1018745.0, 4680259.0 ], [ -1018765.0, 4680318.0 ], [ -1018775.0, 4680320.0 ], [ -1018785.0, 4680324.0 ], [ -1018805.0, 4680336.0 ], [ -1018812.0, 4680341.0 ], [ -1018821.0, 4680352.0 ], [ -1018825.0, 4680357.0 ], [ -1018827.0, 4680361.0 ], [ -1018831.0, 4680368.0 ], [ -1018836.0, 4680373.0 ], [ -1018858.0, 4680381.0 ], [ -1018868.0, 4680386.0 ], [ -1018868.0, 4680388.0 ], [ -1018869.0, 4680395.0 ], [ -1018869.0, 4680404.0 ], [ -1018872.0, 4680443.0 ], [ -1018874.0, 4680478.0 ], [ -1018876.0, 4680503.0 ], [ -1018877.0, 4680506.0 ], [ -1018879.0, 4680509.0 ], [ -1018881.0, 4680510.0 ], [ -1018885.0, 4680511.0 ], [ -1018889.0, 4680511.0 ], [ -1018886.0, 4680513.0 ], [ -1018884.0, 4680515.0 ], [ -1018882.0, 4680517.0 ], [ -1018881.0, 4680520.0 ], [ -1018882.0, 4680523.0 ], [ -1018882.0, 4680528.0 ], [ -1018884.0, 4680535.0 ], [ -1018889.0, 4680548.0 ], [ -1018893.0, 4680560.0 ], [ -1018895.0, 4680568.0 ], [ -1018910.0, 4680619.0 ], [ -1018911.0, 4680623.0 ], [ -1018919.0, 4680656.0 ], [ -1018922.0, 4680665.0 ], [ -1018927.0, 4680685.0 ], [ -1018934.0, 4680709.0 ], [ -1018936.0, 4680717.0 ], [ -1018954.0, 4680786.0 ], [ -1018957.0, 4680795.0 ], [ -1018970.0, 4680825.0 ], [ -1018978.0, 4680843.0 ], [ -1019043.0, 4680958.0 ], [ -1019048.0, 4680967.0 ], [ -1019058.0, 4680985.0 ], [ -1019060.0, 4680988.0 ], [ -1019070.0, 4681005.0 ], [ -1019088.0, 4681035.0 ], [ -1019093.0, 4681046.0 ], [ -1019110.0, 4681083.0 ], [ -1019113.0, 4681090.0 ], [ -1019115.0, 4681099.0 ], [ -1019119.0, 4681120.0 ], [ -1019129.0, 4681167.0 ], [ -1019138.0, 4681214.0 ], [ -1019140.0, 4681222.0 ], [ -1019141.0, 4681227.0 ], [ -1019143.0, 4681235.0 ], [ -1019163.0, 4681307.0 ], [ -1019183.0, 4681376.0 ], [ -1019191.0, 4681406.0 ], [ -1019193.0, 4681414.0 ], [ -1019194.0, 4681421.0 ], [ -1019194.0, 4681422.0 ], [ -1019195.0, 4681429.0 ], [ -1019196.0, 4681432.0 ], [ -1019196.0, 4681437.0 ], [ -1019198.0, 4681471.0 ], [ -1019204.0, 4681581.0 ], [ -1019205.0, 4681601.0 ], [ -1019207.0, 4681615.0 ], [ -1019197.0, 4681630.0 ], [ -1019191.0, 4681638.0 ], [ -1019185.0, 4681643.0 ], [ -1019183.0, 4681645.0 ] ] } },
{ "type": "Feature", "properties": { "betweenness_centrality": 0.023228803716608595, "source": 11171974060, "target": 12379062332, "ordering_betweenness_centrality": 55, "length": 4054, "length_cumulative": 95739 }, "geometry": { "type": "LineString", "coordinates": [ [ -1021188.0, 4679711.0 ], [ -1021192.0, 4679714.0 ], [ -1021197.0, 4679718.0 ], [ -1021202.0, 4679707.0 ], [ -1021207.0, 4679709.0 ], [ -1021208.0, 4679710.0 ], [ -1021209.0, 4679711.0 ], [ -1021212.0, 4679712.0 ], [ -1021201.0, 4679748.0 ], [ -1021201.0, 4679777.0 ], [ -1021199.0, 4679786.0 ], [ -1021196.0, 4679798.0 ], [ -1021182.0, 4679887.0 ], [ -1021182.0, 4679890.0 ], [ -1021182.0, 4679892.0 ], [ -1021183.0, 4679894.0 ], [ -1021184.0, 4679896.0 ], [ -1021186.0, 4679900.0 ], [ -1021201.0, 4679917.0 ], [ -1021204.0, 4679921.0 ], [ -1021204.0, 4679924.0 ], [ -1021204.0, 4679925.0 ], [ -1021204.0, 4679928.0 ], [ -1021206.0, 4679928.0 ], [ -1021210.0, 4679928.0 ], [ -1021206.0, 4680015.0 ], [ -1021213.0, 4680090.0 ], [ -1021220.0, 4680125.0 ], [ -1021248.0, 4680219.0 ], [ -1021277.0, 4680299.0 ], [ -1021317.0, 4680407.0 ], [ -1021334.0, 4680457.0 ], [ -1021352.0, 4680508.0 ], [ -1021357.0, 4680523.0 ], [ -1021372.0, 4680561.0 ], [ -1021401.0, 4680627.0 ], [ -1021411.0, 4680657.0 ], [ -1021445.0, 4680750.0 ], [ -1021454.0, 4680817.0 ], [ -1021455.0, 4680881.0 ], [ -1021452.0, 4680915.0 ], [ -1021446.0, 4680940.0 ], [ -1021420.0, 4681054.0 ], [ -1021393.0, 4681156.0 ], [ -1021390.0, 4681167.0 ], [ -1021363.0, 4681273.0 ], [ -1021342.0, 4681370.0 ], [ -1021337.0, 4681399.0 ], [ -1021333.0, 4681435.0 ], [ -1021332.0, 4681483.0 ], [ -1021335.0, 4681525.0 ], [ -1021338.0, 4681548.0 ], [ -1021344.0, 4681576.0 ], [ -1021353.0, 4681616.0 ], [ -1021364.0, 4681655.0 ], [ -1021380.0, 4681703.0 ], [ -1021390.0, 4681740.0 ], [ -1021394.0, 4681766.0 ], [ -1021396.0, 4681788.0 ], [ -1021397.0, 4681825.0 ], [ -1021395.0, 4681859.0 ], [ -1021394.0, 4681875.0 ], [ -1021385.0, 4681923.0 ], [ -1021345.0, 4682055.0 ], [ -1021341.0, 4682070.0 ], [ -1021333.0, 4682097.0 ], [ -1021319.0, 4682127.0 ], [ -1021296.0, 4682163.0 ], [ -1021280.0, 4682181.0 ], [ -1021263.0, 4682194.0 ], [ -1021208.0, 4682232.0 ], [ -1021183.0, 4682250.0 ], [ -1021171.0, 4682234.0 ], [ -1021146.0, 4682218.0 ], [ -1021131.0, 4682236.0 ], [ -1021117.0, 4682242.0 ], [ -1021096.0, 4682253.0 ], [ -1021043.0, 4682260.0 ], [ -1021038.0, 4682261.0 ], [ -1021034.0, 4682261.0 ], [ -1021030.0, 4682267.0 ], [ -1021024.0, 4682276.0 ], [ -1021019.0, 4682287.0 ], [ -1021013.0, 4682296.0 ], [ -1021015.0, 4682300.0 ], [ -1021013.0, 4682307.0 ], [ -1020995.0, 4682368.0 ], [ -1020978.0, 4682431.0 ], [ -1020965.0, 4682505.0 ], [ -1020962.0, 4682526.0 ], [ -1020960.0, 4682537.0 ], [ -1020958.0, 4682545.0 ], [ -1020953.0, 4682557.0 ], [ -1020949.0, 4682566.0 ], [ -1020941.0, 4682579.0 ], [ -1020937.0, 4682585.0 ], [ -1020934.0, 4682586.0 ], [ -1020933.0, 4682601.0 ], [ -1020931.0, 4682615.0 ], [ -1020928.0, 4682627.0 ], [ -1020928.0, 4682630.0 ], [ -1020929.0, 4682635.0 ], [ -1020931.0, 4682647.0 ], [ -1020930.0, 4682665.0 ], [ -1020928.0, 4682683.0 ], [ -1020923.0, 4682697.0 ], [ -1020918.0, 4682710.0 ], [ -1020918.0, 4682717.0 ], [ -1020908.0, 4682749.0 ], [ -1020906.0, 4682759.0 ], [ -1020902.0, 4682772.0 ], [ -1020856.0, 4682899.0 ], [ -1020852.0, 4682909.0 ], [ -1020848.0, 4682918.0 ], [ -1020843.0, 4682926.0 ], [ -1020837.0, 4682934.0 ], [ -1020833.0, 4682939.0 ], [ -1020823.0, 4682945.0 ], [ -1020817.0, 4682949.0 ], [ -1020815.0, 4682953.0 ], [ -1020812.0, 4682957.0 ], [ -1020810.0, 4682964.0 ], [ -1020809.0, 4682972.0 ], [ -1020808.0, 4682978.0 ], [ -1020806.0, 4682983.0 ], [ -1020801.0, 4682987.0 ], [ -1020789.0, 4682995.0 ], [ -1020776.0, 4683004.0 ], [ -1020763.0, 4683017.0 ], [ -1020752.0, 4683030.0 ], [ -1020749.0, 4683035.0 ], [ -1020745.0, 4683042.0 ], [ -1020744.0, 4683048.0 ], [ -1020743.0, 4683053.0 ], [ -1020743.0, 4683058.0 ], [ -1020745.0, 4683065.0 ], [ -1020750.0, 4683080.0 ], [ -1020751.0, 4683086.0 ], [ -1020751.0, 4683091.0 ], [ -1020751.0, 4683095.0 ], [ -1020750.0, 4683100.0 ], [ -1020748.0, 4683104.0 ], [ -1020726.0, 4683143.0 ], [ -1020708.0, 4683177.0 ], [ -1020690.0, 4683211.0 ], [ -1020665.0, 4683256.0 ], [ -1020639.0, 4683301.0 ], [ -1020635.0, 4683305.0 ] ] } },
{ "type": "Feature", "properties": { "betweenness_centrality": 0.023228803716608595, "source": 12769171873, "target": 11582750223, "ordering_betweenness_centrality": 56, "length": 681, "length_cumulative": 96420 }, "geometry": { "type": "LineString", "coordinates": [ [ -1018015.0, 4679572.0 ], [ -1018015.0, 4679574.0 ], [ -1018014.0, 4679578.0 ], [ -1018014.0, 4679589.0 ], [ -1018014.0, 4679591.0 ], [ -1018012.0, 4679617.0 ], [ -1018012.0, 4679631.0 ], [ -1018011.0, 4679651.0 ], [ -1018010.0, 4679668.0 ], [ -1018005.0, 4679672.0 ], [ -1018005.0, 4679678.0 ], [ -1018005.0, 4679682.0 ], [ -1018005.0, 4679683.0 ], [ -1018005.0, 4679686.0 ], [ -1018005.0, 4679689.0 ], [ -1018005.0, 4679702.0 ], [ -1018004.0, 4679715.0 ], [ -1018004.0, 4679723.0 ], [ -1018004.0, 4679730.0 ], [ -1018004.0, 4679736.0 ], [ -1018036.0, 4679736.0 ], [ -1018034.0, 4679831.0 ], [ -1018033.0, 4679839.0 ], [ -1018061.0, 4679856.0 ], [ -1018044.0, 4679892.0 ], [ -1018113.0, 4679922.0 ], [ -1018132.0, 4679931.0 ], [ -1018121.0, 4679968.0 ], [ -1018121.0, 4679970.0 ], [ -1018149.0, 4679982.0 ], [ -1018162.0, 4679987.0 ], [ -1018185.0, 4679994.0 ], [ -1018184.0, 4679996.0 ], [ -1018182.0, 4680002.0 ], [ -1018169.0, 4680033.0 ], [ -1018193.0, 4680041.0 ], [ -1018195.0, 4680042.0 ], [ -1018200.0, 4680044.0 ], [ -1018194.0, 4680058.0 ], [ -1018191.0, 4680067.0 ], [ -1018194.0, 4680068.0 ], [ -1018195.0, 4680068.0 ] ] } },
{ "type": "Feature", "properties": { "betweenness_centrality": 0.020905923344947737, "source": 3432357023, "target": 12379062332, "ordering_betweenness_centrality": 57, "length": 3176, "length_cumulative": 99597 }, "geometry": { "type": "MultiLineString", "coordinates": [ [ [ -1022081.0, 4684944.0 ], [ -1022090.0, 4684951.0 ] ], [ [ -1022090.0, 4684951.0 ], [ -1022149.0, 4684997.0 ] ], [ [ -1021908.0, 4685885.0 ], [ -1021910.0, 4685876.0 ], [ -1021923.0, 4685877.0 ], [ -1021929.0, 4685834.0 ], [ -1021933.0, 4685810.0 ], [ -1021935.0, 4685801.0 ], [ -1021941.0, 4685766.0 ], [ -1021965.0, 4685670.0 ], [ -1021970.0, 4685653.0 ], [ -1021981.0, 4685624.0 ], [ -1021993.0, 4685595.0 ], [ -1021999.0, 4685579.0 ], [ -1022012.0, 4685549.0 ], [ -1022035.0, 4685503.0 ], [ -1022062.0, 4685454.0 ], [ -1022098.0, 4685398.0 ], [ -1022066.0, 4685375.0 ], [ -1022064.0, 4685373.0 ], [ -1022063.0, 4685369.0 ], [ -1022064.0, 4685366.0 ], [ -1022094.0, 4685320.0 ], [ -1022106.0, 4685300.0 ], [ -1022070.0, 4685274.0 ], [ -1022079.0, 4685263.0 ], [ -1022088.0, 4685252.0 ], [ -1022111.0, 4685225.0 ], [ -1022119.0, 4685215.0 ], [ -1022126.0, 4685207.0 ], [ -1022065.0, 4685158.0 ], [ -1022129.0, 4685077.0 ], [ -1022123.0, 4685073.0 ], [ -1022118.0, 4685069.0 ], [ -1022125.0, 4685056.0 ], [ -1022128.0, 4685050.0 ], [ -1022129.0, 4685048.0 ], [ -1022131.0, 4685044.0 ], [ -1022073.0, 4685010.0 ], [ -1022074.0, 4685007.0 ], [ -1022128.0, 4685039.0 ], [ -1022129.0, 4685037.0 ], [ -1022063.0, 4684998.0 ], [ -1022090.0, 4684951.0 ] ], [ [ -1022090.0, 4684951.0 ], [ -1022109.0, 4684919.0 ], [ -1022164.0, 4684937.0 ], [ -1022165.0, 4684934.0 ], [ -1022150.0, 4684929.0 ], [ -1022149.0, 4684916.0 ], [ -1022139.0, 4684915.0 ], [ -1022136.0, 4684918.0 ], [ -1022130.0, 4684918.0 ], [ -1022128.0, 4684916.0 ], [ -1022126.0, 4684914.0 ], [ -1022125.0, 4684909.0 ], [ -1022122.0, 4684906.0 ], [ -1022119.0, 4684905.0 ], [ -1022116.0, 4684905.0 ], [ -1022111.0, 4684908.0 ], [ -1022108.0, 4684910.0 ], [ -1022105.0, 4684910.0 ], [ -1022086.0, 4684901.0 ], [ -1022082.0, 4684901.0 ], [ -1022078.0, 4684901.0 ], [ -1022074.0, 4684903.0 ], [ -1022071.0, 4684906.0 ], [ -1022055.0, 4684900.0 ], [ -1021971.0, 4684854.0 ], [ -1021883.0, 4684794.0 ], [ -1021825.0, 4684749.0 ], [ -1021740.0, 4684686.0 ], [ -1021684.0, 4684643.0 ], [ -1021540.0, 4684536.0 ], [ -1021402.0, 4684431.0 ], [ -1021332.0, 4684378.0 ], [ -1021298.0, 4684349.0 ], [ -1021263.0, 4684323.0 ], [ -1021237.0, 4684306.0 ], [ -1021210.0, 4684289.0 ], [ -1021197.0, 4684281.0 ], [ -1021185.0, 4684270.0 ], [ -1021175.0, 4684258.0 ], [ -1021158.0, 4684230.0 ], [ -1021135.0, 4684188.0 ], [ -1021114.0, 4684148.0 ], [ -1021105.0, 4684130.0 ], [ -1021097.0, 4684113.0 ], [ -1021082.0, 4684076.0 ], [ -1021070.0, 4684044.0 ], [ -1021063.0, 4684020.0 ], [ -1021065.0, 4684017.0 ], [ -1021069.0, 4684014.0 ], [ -1021069.0, 4684010.0 ], [ -1021068.0, 4684007.0 ], [ -1021054.0, 4684013.0 ], [ -1021050.0, 4683998.0 ], [ -1021056.0, 4683990.0 ], [ -1021058.0, 4683982.0 ], [ -1021058.0, 4683973.0 ], [ -1021055.0, 4683964.0 ], [ -1021050.0, 4683957.0 ], [ -1021046.0, 4683954.0 ], [ -1021043.0, 4683929.0 ], [ -1021035.0, 4683897.0 ] ], [ [ -1020649.0, 4683338.0 ], [ -1020625.0, 4683314.0 ] ], [ [ -1020625.0, 4683314.0 ], [ -1020620.0, 4683309.0 ] ], [ [ -1020620.0, 4683309.0 ], [ -1020608.0, 4683296.0 ] ] ] } },
{ "type": "Feature", "properties": { "betweenness_centrality": 0.020905923344947737, "source": 13500771182, "target": 11171974060, "ordering_betweenness_centrality": 58, "length": 3342, "length_cumulative": 102940 }, "geometry": { "type": "LineString", "coordinates": [ [ -1021207.0, 4679698.0 ], [ -1021212.0, 4679701.0 ], [ -1021228.0, 4679710.0 ], [ -1021244.0, 4679720.0 ], [ -1021269.0, 4679735.0 ], [ -1021278.0, 4679739.0 ], [ -1021286.0, 4679742.0 ], [ -1021298.0, 4679732.0 ], [ -1021305.0, 4679727.0 ], [ -1021325.0, 4679715.0 ], [ -1021332.0, 4679711.0 ], [ -1021333.0, 4679710.0 ], [ -1021340.0, 4679707.0 ], [ -1021347.0, 4679704.0 ], [ -1021355.0, 4679701.0 ], [ -1021361.0, 4679700.0 ], [ -1021366.0, 4679698.0 ], [ -1021391.0, 4679692.0 ], [ -1021398.0, 4679690.0 ], [ -1021406.0, 4679687.0 ], [ -1021407.0, 4679687.0 ], [ -1021415.0, 4679683.0 ], [ -1021423.0, 4679678.0 ], [ -1021430.0, 4679673.0 ], [ -1021436.0, 4679667.0 ], [ -1021441.0, 4679660.0 ], [ -1021471.0, 4679622.0 ], [ -1021487.0, 4679598.0 ], [ -1021490.0, 4679593.0 ], [ -1021511.0, 4679566.0 ], [ -1021516.0, 4679560.0 ], [ -1021519.0, 4679557.0 ], [ -1021522.0, 4679553.0 ], [ -1021529.0, 4679547.0 ], [ -1021552.0, 4679529.0 ], [ -1021558.0, 4679524.0 ], [ -1021564.0, 4679520.0 ], [ -1021592.0, 4679503.0 ], [ -1021602.0, 4679497.0 ], [ -1021613.0, 4679492.0 ], [ -1021660.0, 4679465.0 ], [ -1021666.0, 4679462.0 ], [ -1021668.0, 4679460.0 ], [ -1021685.0, 4679451.0 ], [ -1021710.0, 4679434.0 ], [ -1021715.0, 4679430.0 ], [ -1021722.0, 4679424.0 ], [ -1021726.0, 4679421.0 ], [ -1021730.0, 4679418.0 ], [ -1021766.0, 4679388.0 ], [ -1021771.0, 4679383.0 ], [ -1021795.0, 4679360.0 ], [ -1021807.0, 4679344.0 ], [ -1021832.0, 4679307.0 ], [ -1021857.0, 4679273.0 ], [ -1021894.0, 4679215.0 ], [ -1021903.0, 4679204.0 ], [ -1021930.0, 4679180.0 ], [ -1021938.0, 4679172.0 ], [ -1021951.0, 4679160.0 ], [ -1021962.0, 4679150.0 ], [ -1021978.0, 4679133.0 ], [ -1021982.0, 4679129.0 ], [ -1021991.0, 4679118.0 ], [ -1021999.0, 4679107.0 ], [ -1022024.0, 4679070.0 ], [ -1022033.0, 4679057.0 ], [ -1022054.0, 4679017.0 ], [ -1022092.0, 4678965.0 ], [ -1022096.0, 4678962.0 ], [ -1022099.0, 4678959.0 ], [ -1022105.0, 4678954.0 ], [ -1022144.0, 4678924.0 ], [ -1022173.0, 4678901.0 ], [ -1022195.0, 4678885.0 ], [ -1022218.0, 4678867.0 ], [ -1022229.0, 4678859.0 ], [ -1022234.0, 4678856.0 ], [ -1022266.0, 4678841.0 ], [ -1022275.0, 4678836.0 ], [ -1022281.0, 4678833.0 ], [ -1022296.0, 4678823.0 ], [ -1022316.0, 4678812.0 ], [ -1022334.0, 4678802.0 ], [ -1022350.0, 4678794.0 ], [ -1022367.0, 4678787.0 ], [ -1022416.0, 4678760.0 ], [ -1022444.0, 4678742.0 ], [ -1022486.0, 4678719.0 ], [ -1022527.0, 4678698.0 ], [ -1022539.0, 4678694.0 ], [ -1022548.0, 4678689.0 ], [ -1022560.0, 4678683.0 ], [ -1022569.0, 4678676.0 ], [ -1022633.0, 4678641.0 ], [ -1022643.0, 4678636.0 ], [ -1022660.0, 4678630.0 ], [ -1022694.0, 4678616.0 ], [ -1022717.0, 4678609.0 ], [ -1022778.0, 4678592.0 ], [ -1022790.0, 4678589.0 ], [ -1022800.0, 4678587.0 ], [ -1022822.0, 4678583.0 ], [ -1022840.0, 4678578.0 ], [ -1022863.0, 4678571.0 ], [ -1022916.0, 4678553.0 ], [ -1022971.0, 4678536.0 ], [ -1023116.0, 4678511.0 ], [ -1023126.0, 4678509.0 ], [ -1023163.0, 4678501.0 ], [ -1023190.0, 4678496.0 ], [ -1023259.0, 4678480.0 ], [ -1023292.0, 4678472.0 ], [ -1023302.0, 4678468.0 ], [ -1023311.0, 4678464.0 ], [ -1023321.0, 4678459.0 ], [ -1023369.0, 4678447.0 ], [ -1023374.0, 4678446.0 ], [ -1023399.0, 4678440.0 ], [ -1023420.0, 4678435.0 ], [ -1023429.0, 4678433.0 ], [ -1023470.0, 4678425.0 ], [ -1023481.0, 4678423.0 ], [ -1023491.0, 4678422.0 ], [ -1023500.0, 4678422.0 ], [ -1023516.0, 4678422.0 ], [ -1023533.0, 4678423.0 ], [ -1023543.0, 4678423.0 ], [ -1023550.0, 4678424.0 ], [ -1023555.0, 4678425.0 ], [ -1023564.0, 4678426.0 ], [ -1023574.0, 4678429.0 ], [ -1023574.0, 4678426.0 ], [ -1023575.0, 4678408.0 ], [ -1023575.0, 4678360.0 ], [ -1023575.0, 4678352.0 ], [ -1023579.0, 4678342.0 ], [ -1023599.0, 4678345.0 ], [ -1023610.0, 4678306.0 ], [ -1023737.0, 4678295.0 ], [ -1023782.0, 4678291.0 ], [ -1023784.0, 4678291.0 ], [ -1023802.0, 4678296.0 ], [ -1023815.0, 4678301.0 ], [ -1023834.0, 4678298.0 ], [ -1023903.0, 4678289.0 ], [ -1023903.0, 4678287.0 ], [ -1023903.0, 4678282.0 ], [ -1023902.0, 4678279.0 ], [ -1023902.0, 4678277.0 ], [ -1023895.0, 4678278.0 ], [ -1023895.0, 4678276.0 ], [ -1023895.0, 4678268.0 ], [ -1023894.0, 4678261.0 ], [ -1023893.0, 4678255.0 ], [ -1023897.0, 4678255.0 ], [ -1023897.0, 4678252.0 ], [ -1023887.0, 4678253.0 ], [ -1023887.0, 4678252.0 ] ] } },
{ "type": "Feature", "properties": { "betweenness_centrality": 0.020905923344947737, "source": 3969735551, "target": 3432357023, "ordering_betweenness_centrality": 59, "length": 956, "length_cumulative": 103897 }, "geometry": { "type": "LineString", "coordinates": [ [ -1021908.0, 4685885.0 ], [ -1021922.0, 4685886.0 ], [ -1021935.0, 4685888.0 ], [ -1022015.0, 4685895.0 ], [ -1022195.0, 4685915.0 ], [ -1022254.0, 4685930.0 ], [ -1022281.0, 4685940.0 ], [ -1022322.0, 4685959.0 ], [ -1022341.0, 4685970.0 ], [ -1022438.0, 4686031.0 ], [ -1022459.0, 4686048.0 ], [ -1022488.0, 4686065.0 ], [ -1022485.0, 4686053.0 ], [ -1022485.0, 4686048.0 ], [ -1022487.0, 4686043.0 ], [ -1022489.0, 4686039.0 ], [ -1022494.0, 4686034.0 ], [ -1022499.0, 4686029.0 ], [ -1022504.0, 4686024.0 ], [ -1022507.0, 4686021.0 ], [ -1022523.0, 4686022.0 ], [ -1022600.0, 4686030.0 ], [ -1022682.0, 4686038.0 ], [ -1022725.0, 4686042.0 ], [ -1022739.0, 4686042.0 ], [ -1022740.0, 4686057.0 ], [ -1022741.0, 4686059.0 ], [ -1022767.0, 4686079.0 ] ] } },
{ "type": "Feature", "properties": { "betweenness_centrality": 0.020905923344947737, "source": 1145508344, "target": 13172450638, "ordering_betweenness_centrality": 60, "length": 2531, "length_cumulative": 106428 }, "geometry": { "type": "LineString", "coordinates": [ [ -1013115.0, 4687781.0 ], [ -1013117.0, 4687778.0 ], [ -1013118.0, 4687774.0 ], [ -1013122.0, 4687763.0 ], [ -1013125.0, 4687753.0 ], [ -1013127.0, 4687747.0 ], [ -1013170.0, 4687613.0 ], [ -1013216.0, 4687466.0 ], [ -1013261.0, 4687326.0 ], [ -1013357.0, 4687318.0 ], [ -1013387.0, 4687316.0 ], [ -1013385.0, 4687279.0 ], [ -1013381.0, 4687227.0 ], [ -1013373.0, 4687123.0 ], [ -1013365.0, 4687024.0 ], [ -1013363.0, 4686966.0 ], [ -1013351.0, 4686820.0 ], [ -1013341.0, 4686685.0 ], [ -1013337.0, 4686637.0 ], [ -1013337.0, 4686617.0 ], [ -1013337.0, 4686569.0 ], [ -1013341.0, 4686522.0 ], [ -1013347.0, 4686487.0 ], [ -1013350.0, 4686448.0 ], [ -1013369.0, 4686390.0 ], [ -1013380.0, 4686361.0 ], [ -1013448.0, 4686177.0 ], [ -1013452.0, 4686166.0 ], [ -1013458.0, 4686149.0 ], [ -1013479.0, 4686087.0 ], [ -1013488.0, 4686064.0 ], [ -1013508.0, 4685998.0 ], [ -1013511.0, 4685992.0 ], [ -1013525.0, 4685961.0 ], [ -1013529.0, 4685954.0 ], [ -1013516.0, 4685930.0 ], [ -1013522.0, 4685926.0 ], [ -1013521.0, 4685919.0 ], [ -1013519.0, 4685905.0 ], [ -1013489.0, 4685908.0 ], [ -1013489.0, 4685897.0 ], [ -1013490.0, 4685845.0 ], [ -1013491.0, 4685793.0 ], [ -1013491.0, 4685779.0 ], [ -1013490.0, 4685765.0 ], [ -1013486.0, 4685707.0 ], [ -1013485.0, 4685696.0 ], [ -1013481.0, 4685640.0 ], [ -1013480.0, 4685618.0 ], [ -1013476.0, 4685560.0 ], [ -1013471.0, 4685501.0 ], [ -1013470.0, 4685482.0 ], [ -1013469.0, 4685465.0 ] ] } },
{ "type": "Feature", "properties": { "betweenness_centrality": 0.020905923344947737, "source": 10898510164, "target": 3432357023, "ordering_betweenness_centrality": 61, "length": 1885, "length_cumulative": 108313 }, "geometry": { "type": "LineString", "coordinates": [ [ -1021981.0, 4685624.0 ], [ -1021923.0, 4685588.0 ], [ -1021926.0, 4685586.0 ], [ -1021949.0, 4685563.0 ], [ -1021955.0, 4685549.0 ], [ -1021961.0, 4685535.0 ], [ -1021969.0, 4685500.0 ], [ -1021973.0, 4685444.0 ], [ -1021972.0, 4685433.0 ], [ -1021959.0, 4685357.0 ], [ -1021956.0, 4685341.0 ], [ -1021947.0, 4685322.0 ], [ -1021947.0, 4685309.0 ], [ -1021948.0, 4685298.0 ], [ -1021941.0, 4685248.0 ], [ -1021940.0, 4685226.0 ], [ -1021936.0, 4685222.0 ], [ -1021941.0, 4685208.0 ], [ -1021947.0, 4685200.0 ], [ -1021890.0, 4685171.0 ], [ -1021849.0, 4685148.0 ], [ -1021837.0, 4685143.0 ], [ -1021773.0, 4685122.0 ], [ -1021733.0, 4685109.0 ], [ -1021723.0, 4685105.0 ], [ -1021631.0, 4685075.0 ], [ -1021607.0, 4685067.0 ], [ -1021596.0, 4685063.0 ], [ -1021559.0, 4685050.0 ], [ -1021550.0, 4685047.0 ], [ -1021526.0, 4685036.0 ], [ -1021463.0, 4685015.0 ], [ -1021438.0, 4685008.0 ], [ -1021418.0, 4685002.0 ], [ -1021392.0, 4684995.0 ], [ -1021289.0, 4684950.0 ], [ -1021271.0, 4684942.0 ], [ -1021231.0, 4684923.0 ], [ -1021218.0, 4684918.0 ], [ -1021187.0, 4684904.0 ], [ -1021094.0, 4684859.0 ], [ -1021049.0, 4684838.0 ], [ -1021037.0, 4684832.0 ], [ -1021030.0, 4684828.0 ], [ -1021021.0, 4684825.0 ], [ -1021011.0, 4684820.0 ], [ -1021001.0, 4684817.0 ], [ -1020928.0, 4684794.0 ], [ -1020918.0, 4684790.0 ], [ -1020914.0, 4684787.0 ], [ -1020911.0, 4684785.0 ], [ -1020909.0, 4684784.0 ], [ -1020907.0, 4684782.0 ], [ -1020905.0, 4684780.0 ], [ -1020903.0, 4684779.0 ], [ -1020901.0, 4684776.0 ], [ -1020899.0, 4684774.0 ], [ -1020896.0, 4684770.0 ], [ -1020892.0, 4684764.0 ], [ -1020888.0, 4684766.0 ], [ -1020887.0, 4684767.0 ], [ -1020878.0, 4684773.0 ], [ -1020830.0, 4684740.0 ], [ -1020807.0, 4684755.0 ], [ -1020746.0, 4684796.0 ], [ -1020691.0, 4684833.0 ], [ -1020682.0, 4684819.0 ] ] } },
{ "type": "Feature", "properties": { "betweenness_centrality": 0.019744483159117306, "source": 10115457774, "target": 9491204076, "ordering_betweenness_centrality": 63, "length": 179, "length_cumulative": 108493 }, "geometry": { "type": "LineString", "coordinates": [ [ -1015625.0, 4680745.0 ], [ -1015624.0, 4680748.0 ], [ -1015620.0, 4680756.0 ], [ -1015617.0, 4680759.0 ], [ -1015616.0, 4680763.0 ], [ -1015582.0, 4680799.0 ], [ -1015508.0, 4680879.0 ] ] } },
{ "type": "Feature", "properties": { "betweenness_centrality": 0.019744483159117306, "source": 4357882443, "target": 4119522959, "ordering_betweenness_centrality": 64, "length": 1185, "length_cumulative": 109679 }, "geometry": { "type": "MultiLineString", "coordinates": [ [ [ -1016896.0, 4685286.0 ], [ -1016901.0, 4685285.0 ] ], [ [ -1016901.0, 4685285.0 ], [ -1016912.0, 4685284.0 ] ], [ [ -1016107.0, 4684624.0 ], [ -1016109.0, 4684627.0 ], [ -1016118.0, 4684644.0 ], [ -1016148.0, 4684681.0 ], [ -1016171.0, 4684706.0 ], [ -1016184.0, 4684716.0 ], [ -1016209.0, 4684733.0 ], [ -1016243.0, 4684748.0 ], [ -1016276.0, 4684758.0 ], [ -1016291.0, 4684763.0 ], [ -1016324.0, 4684772.0 ], [ -1016363.0, 4684783.0 ], [ -1016394.0, 4684789.0 ], [ -1016454.0, 4684802.0 ], [ -1016483.0, 4684804.0 ], [ -1016488.0, 4684805.0 ], [ -1016522.0, 4684808.0 ], [ -1016553.0, 4684811.0 ], [ -1016577.0, 4684813.0 ], [ -1016583.0, 4684813.0 ], [ -1016616.0, 4684812.0 ], [ -1016654.0, 4684815.0 ], [ -1016659.0, 4684816.0 ], [ -1016665.0, 4684818.0 ], [ -1016673.0, 4684822.0 ], [ -1016675.0, 4684823.0 ], [ -1016681.0, 4684829.0 ], [ -1016687.0, 4684835.0 ], [ -1016690.0, 4684840.0 ], [ -1016694.0, 4684850.0 ], [ -1016696.0, 4684853.0 ], [ -1016699.0, 4684857.0 ], [ -1016703.0, 4684860.0 ], [ -1016706.0, 4684862.0 ], [ -1016716.0, 4684872.0 ], [ -1016723.0, 4684878.0 ], [ -1016729.0, 4684884.0 ], [ -1016733.0, 4684890.0 ], [ -1016739.0, 4684901.0 ], [ -1016748.0, 4684926.0 ], [ -1016758.0, 4684953.0 ], [ -1016765.0, 4684972.0 ], [ -1016770.0, 4684983.0 ], [ -1016779.0, 4685003.0 ], [ -1016786.0, 4685022.0 ], [ -1016793.0, 4685040.0 ], [ -1016800.0, 4685057.0 ], [ -1016819.0, 4685107.0 ], [ -1016814.0, 4685109.0 ], [ -1016812.0, 4685110.0 ], [ -1016815.0, 4685118.0 ], [ -1016820.0, 4685130.0 ], [ -1016842.0, 4685168.0 ], [ -1016852.0, 4685193.0 ], [ -1016882.0, 4685270.0 ], [ -1016896.0, 4685281.0 ] ], [ [ -1016896.0, 4685281.0 ], [ -1016901.0, 4685285.0 ] ], [ [ -1016901.0, 4685285.0 ], [ -1016909.0, 4685291.0 ] ] ] } },
{ "type": "Feature", "properties": { "betweenness_centrality": 0.018583042973286876, "source": 1122767518, "target": 11582750223, "ordering_betweenness_centrality": 65, "length": 36, "length_cumulative": 109716 }, "geometry": { "type": "LineString", "coordinates": [ [ -1018185.0, 4679994.0 ], [ -1018202.0, 4679997.0 ], [ -1018213.0, 4679998.0 ], [ -1018221.0, 4679998.0 ] ] } },
{ "type": "Feature", "properties": { "betweenness_centrality": 0.018583042973286876, "source": 1138897712, "target": 11582750223, "ordering_betweenness_centrality": 66, "length": 3373, "length_cumulative": 113089 }, "geometry": { "type": "LineString", "coordinates": [ [ -1018104.0, 4679595.0 ], [ -1018111.0, 4679596.0 ], [ -1018122.0, 4679598.0 ], [ -1018129.0, 4679599.0 ], [ -1018138.0, 4679599.0 ], [ -1018168.0, 4679600.0 ], [ -1018195.0, 4679601.0 ], [ -1018241.0, 4679602.0 ], [ -1018273.0, 4679605.0 ], [ -1018294.0, 4679605.0 ], [ -1018353.0, 4679624.0 ], [ -1018428.0, 4679647.0 ], [ -1018448.0, 4679653.0 ], [ -1018494.0, 4679662.0 ], [ -1018505.0, 4679664.0 ], [ -1018516.0, 4679665.0 ], [ -1018528.0, 4679666.0 ], [ -1018598.0, 4679668.0 ], [ -1018617.0, 4679669.0 ], [ -1018681.0, 4679670.0 ], [ -1018747.0, 4679672.0 ], [ -1018827.0, 4679670.0 ], [ -1018837.0, 4679670.0 ], [ -1018850.0, 4679670.0 ], [ -1018974.0, 4679671.0 ], [ -1019011.0, 4679671.0 ], [ -1019056.0, 4679667.0 ], [ -1019134.0, 4679653.0 ], [ -1019165.0, 4679646.0 ], [ -1019209.0, 4679631.0 ], [ -1019237.0, 4679622.0 ], [ -1019294.0, 4679597.0 ], [ -1019307.0, 4679591.0 ], [ -1019332.0, 4679579.0 ], [ -1019347.0, 4679571.0 ], [ -1019397.0, 4679544.0 ], [ -1019459.0, 4679510.0 ], [ -1019464.0, 4679507.0 ], [ -1019557.0, 4679449.0 ], [ -1019641.0, 4679403.0 ], [ -1019723.0, 4679366.0 ], [ -1019823.0, 4679332.0 ], [ -1019835.0, 4679327.0 ], [ -1019845.0, 4679320.0 ], [ -1019887.0, 4679288.0 ], [ -1019894.0, 4679282.0 ], [ -1019902.0, 4679279.0 ], [ -1019920.0, 4679273.0 ], [ -1019943.0, 4679266.0 ], [ -1019971.0, 4679253.0 ], [ -1019972.0, 4679253.0 ], [ -1020003.0, 4679245.0 ], [ -1020010.0, 4679243.0 ], [ -1020019.0, 4679242.0 ], [ -1020058.0, 4679240.0 ], [ -1020080.0, 4679241.0 ], [ -1020091.0, 4679244.0 ], [ -1020105.0, 4679250.0 ], [ -1020116.0, 4679253.0 ], [ -1020139.0, 4679255.0 ], [ -1020155.0, 4679256.0 ], [ -1020178.0, 4679257.0 ], [ -1020192.0, 4679257.0 ], [ -1020217.0, 4679260.0 ], [ -1020252.0, 4679260.0 ], [ -1020332.0, 4679260.0 ], [ -1020468.0, 4679260.0 ], [ -1020528.0, 4679261.0 ], [ -1020589.0, 4679262.0 ], [ -1020600.0, 4679264.0 ], [ -1020609.0, 4679265.0 ], [ -1020640.0, 4679266.0 ], [ -1020720.0, 4679266.0 ], [ -1020759.0, 4679266.0 ], [ -1020797.0, 4679264.0 ], [ -1020818.0, 4679255.0 ], [ -1020862.0, 4679252.0 ], [ -1020888.0, 4679249.0 ], [ -1020912.0, 4679245.0 ], [ -1020939.0, 4679240.0 ], [ -1020965.0, 4679234.0 ], [ -1020996.0, 4679225.0 ], [ -1021012.0, 4679221.0 ], [ -1021027.0, 4679215.0 ], [ -1021057.0, 4679201.0 ], [ -1021105.0, 4679176.0 ], [ -1021113.0, 4679191.0 ], [ -1021124.0, 4679186.0 ], [ -1021146.0, 4679176.0 ], [ -1021176.0, 4679159.0 ], [ -1021208.0, 4679140.0 ], [ -1021254.0, 4679113.0 ], [ -1021281.0, 4679097.0 ], [ -1021291.0, 4679091.0 ], [ -1021293.0, 4679115.0 ] ] } },
{ "type": "Feature", "properties": { "betweenness_centrality": 0.016260162601626015, "source": 1122550735, "target": 3432357023, "ordering_betweenness_centrality": 67, "length": 1700, "length_cumulative": 114790 }, "geometry": { "type": "MultiLineString", "coordinates": [ [ [ -1021908.0, 4685885.0 ], [ -1021907.0, 4685893.0 ], [ -1021904.0, 4685938.0 ], [ -1021915.0, 4685940.0 ], [ -1021929.0, 4685941.0 ], [ -1021972.0, 4685947.0 ], [ -1021979.0, 4685948.0 ], [ -1022021.0, 4685955.0 ], [ -1022134.0, 4685972.0 ], [ -1022184.0, 4685976.0 ], [ -1022214.0, 4685981.0 ], [ -1022227.0, 4685984.0 ], [ -1022289.0, 4686008.0 ], [ -1022363.0, 4686049.0 ], [ -1022392.0, 4686065.0 ], [ -1022498.0, 4686111.0 ], [ -1022542.0, 4686140.0 ], [ -1022611.0, 4686186.0 ], [ -1022683.0, 4686234.0 ], [ -1022698.0, 4686245.0 ], [ -1022744.0, 4686278.0 ], [ -1022819.0, 4686331.0 ], [ -1022857.0, 4686358.0 ], [ -1022868.0, 4686365.0 ] ], [ [ -1022868.0, 4686365.0 ], [ -1023095.0, 4686524.0 ], [ -1023154.0, 4686563.0 ], [ -1023215.0, 4686605.0 ], [ -1023279.0, 4686665.0 ], [ -1023324.0, 4686708.0 ] ] ] } },
{ "type": "Feature", "properties": { "betweenness_centrality": 0.016260162601626015, "source": 10898510164, "target": 12379062332, "ordering_betweenness_centrality": 69, "length": 1065, "length_cumulative": 115855 }, "geometry": { "type": "LineString", "coordinates": [ [ -1021005.0, 4683987.0 ], [ -1020994.0, 4683996.0 ], [ -1020991.0, 4683998.0 ], [ -1020986.0, 4684001.0 ], [ -1020980.0, 4684004.0 ], [ -1020975.0, 4684007.0 ], [ -1020968.0, 4684009.0 ], [ -1020959.0, 4684013.0 ], [ -1020929.0, 4684016.0 ], [ -1020883.0, 4684020.0 ], [ -1020875.0, 4684032.0 ], [ -1020857.0, 4684063.0 ], [ -1020854.0, 4684068.0 ], [ -1020850.0, 4684078.0 ], [ -1020847.0, 4684086.0 ], [ -1020839.0, 4684110.0 ], [ -1020839.0, 4684117.0 ], [ -1020840.0, 4684125.0 ], [ -1020842.0, 4684132.0 ], [ -1020846.0, 4684140.0 ], [ -1020851.0, 4684148.0 ], [ -1020857.0, 4684157.0 ], [ -1020866.0, 4684167.0 ], [ -1020878.0, 4684181.0 ], [ -1020906.0, 4684220.0 ], [ -1020914.0, 4684239.0 ], [ -1020919.0, 4684260.0 ], [ -1020923.0, 4684284.0 ], [ -1020933.0, 4684345.0 ], [ -1020919.0, 4684395.0 ], [ -1020904.0, 4684431.0 ], [ -1020887.0, 4684464.0 ], [ -1020855.0, 4684522.0 ], [ -1020805.0, 4684556.0 ], [ -1020764.0, 4684593.0 ], [ -1020741.0, 4684613.0 ], [ -1020710.0, 4684636.0 ], [ -1020683.0, 4684655.0 ], [ -1020640.0, 4684684.0 ], [ -1020632.0, 4684692.0 ], [ -1020640.0, 4684705.0 ], [ -1020649.0, 4684720.0 ], [ -1020653.0, 4684728.0 ], [ -1020655.0, 4684736.0 ], [ -1020656.0, 4684743.0 ], [ -1020656.0, 4684747.0 ], [ -1020655.0, 4684753.0 ], [ -1020654.0, 4684759.0 ], [ -1020652.0, 4684763.0 ], [ -1020651.0, 4684765.0 ], [ -1020635.0, 4684777.0 ] ] } },
{ "type": "Feature", "properties": { "betweenness_centrality": 0.015098722415795587, "source": 4119522959, "target": 10115457774, "ordering_betweenness_centrality": 70, "length": 3967, "length_cumulative": 119823 }, "geometry": { "type": "LineString", "coordinates": [ [ -1015930.0, 4684169.0 ], [ -1015928.0, 4684152.0 ], [ -1015927.0, 4684134.0 ], [ -1015920.0, 4684116.0 ], [ -1015864.0, 4683991.0 ], [ -1015850.0, 4683961.0 ], [ -1015842.0, 4683917.0 ], [ -1015823.0, 4683879.0 ], [ -1015801.0, 4683830.0 ], [ -1015764.0, 4683750.0 ], [ -1015778.0, 4683744.0 ], [ -1015774.0, 4683731.0 ], [ -1015774.0, 4683716.0 ], [ -1015773.0, 4683700.0 ], [ -1015780.0, 4683694.0 ], [ -1015785.0, 4683688.0 ], [ -1015789.0, 4683681.0 ], [ -1015792.0, 4683674.0 ], [ -1015793.0, 4683666.0 ], [ -1015793.0, 4683658.0 ], [ -1015792.0, 4683652.0 ], [ -1015789.0, 4683645.0 ], [ -1015786.0, 4683639.0 ], [ -1015782.0, 4683632.0 ], [ -1015774.0, 4683626.0 ], [ -1015781.0, 4683611.0 ], [ -1015789.0, 4683593.0 ], [ -1015781.0, 4683589.0 ], [ -1015780.0, 4683588.0 ], [ -1015773.0, 4683586.0 ], [ -1015812.0, 4683503.0 ], [ -1015831.0, 4683461.0 ], [ -1015937.0, 4683325.0 ], [ -1015943.0, 4683310.0 ], [ -1015948.0, 4683297.0 ], [ -1015952.0, 4683289.0 ], [ -1015974.0, 4683255.0 ], [ -1015980.0, 4683247.0 ], [ -1015992.0, 4683236.0 ], [ -1016020.0, 4683193.0 ], [ -1016024.0, 4683185.0 ], [ -1016027.0, 4683173.0 ], [ -1016031.0, 4683166.0 ], [ -1016034.0, 4683160.0 ], [ -1016035.0, 4683155.0 ], [ -1016030.0, 4683146.0 ], [ -1016018.0, 4683135.0 ], [ -1015986.0, 4683104.0 ], [ -1015993.0, 4683097.0 ], [ -1015985.0, 4683089.0 ], [ -1015915.0, 4683024.0 ], [ -1015908.0, 4683017.0 ], [ -1015881.0, 4682989.0 ], [ -1015819.0, 4682925.0 ], [ -1015812.0, 4682918.0 ], [ -1015787.0, 4682889.0 ], [ -1015744.0, 4682836.0 ], [ -1015740.0, 4682829.0 ], [ -1015737.0, 4682822.0 ], [ -1015732.0, 4682811.0 ], [ -1015724.0, 4682792.0 ], [ -1015723.0, 4682787.0 ], [ -1015721.0, 4682783.0 ], [ -1015719.0, 4682776.0 ], [ -1015716.0, 4682771.0 ], [ -1015712.0, 4682765.0 ], [ -1015708.0, 4682760.0 ], [ -1015704.0, 4682756.0 ], [ -1015699.0, 4682752.0 ], [ -1015696.0, 4682751.0 ], [ -1015676.0, 4682735.0 ], [ -1015658.0, 4682721.0 ], [ -1015586.0, 4682601.0 ], [ -1015536.0, 4682491.0 ], [ -1015503.0, 4682406.0 ], [ -1015490.0, 4682367.0 ], [ -1015475.0, 4682316.0 ], [ -1015437.0, 4682155.0 ], [ -1015435.0, 4682146.0 ], [ -1015420.0, 4682085.0 ], [ -1015412.0, 4682068.0 ], [ -1015395.0, 4682037.0 ], [ -1015368.0, 4682002.0 ], [ -1015356.0, 4681991.0 ], [ -1015259.0, 4681903.0 ], [ -1015217.0, 4681846.0 ], [ -1015209.0, 4681836.0 ], [ -1015202.0, 4681829.0 ], [ -1015190.0, 4681819.0 ], [ -1015137.0, 4681780.0 ], [ -1015139.0, 4681775.0 ], [ -1015128.0, 4681767.0 ], [ -1015130.0, 4681761.0 ], [ -1015098.0, 4681725.0 ], [ -1015063.0, 4681685.0 ], [ -1015079.0, 4681673.0 ], [ -1015041.0, 4681593.0 ], [ -1015029.0, 4681576.0 ], [ -1015020.0, 4681573.0 ], [ -1015022.0, 4681565.0 ], [ -1015033.0, 4681513.0 ], [ -1015047.0, 4681463.0 ], [ -1015050.0, 4681452.0 ], [ -1015054.0, 4681440.0 ], [ -1015057.0, 4681432.0 ], [ -1015059.0, 4681427.0 ], [ -1015080.0, 4681398.0 ], [ -1015084.0, 4681393.0 ], [ -1015088.0, 4681388.0 ], [ -1015093.0, 4681382.0 ], [ -1015097.0, 4681377.0 ], [ -1015102.0, 4681371.0 ], [ -1015115.0, 4681354.0 ], [ -1015121.0, 4681347.0 ], [ -1015126.0, 4681340.0 ], [ -1015130.0, 4681336.0 ], [ -1015198.0, 4681250.0 ], [ -1015221.0, 4681228.0 ], [ -1015267.0, 4681183.0 ], [ -1015271.0, 4681178.0 ], [ -1015275.0, 4681174.0 ], [ -1015289.0, 4681157.0 ], [ -1015316.0, 4681127.0 ], [ -1015378.0, 4681052.0 ], [ -1015404.0, 4681015.0 ], [ -1015412.0, 4681001.0 ], [ -1015498.0, 4680890.0 ] ] } },
{ "type": "Feature", "properties": { "betweenness_centrality": 0.013937282229965157, "source": 2182353146, "target": 1122508386, "ordering_betweenness_centrality": 71, "length": 1545, "length_cumulative": 121368 }, "geometry": { "type": "LineString", "coordinates": [ [ -1019290.0, 4687223.0 ], [ -1019297.0, 4687221.0 ], [ -1019295.0, 4687219.0 ], [ -1019290.0, 4687208.0 ], [ -1019288.0, 4687201.0 ], [ -1019288.0, 4687198.0 ], [ -1019290.0, 4687190.0 ], [ -1019273.0, 4687148.0 ], [ -1019245.0, 4687082.0 ], [ -1019238.0, 4687068.0 ], [ -1019235.0, 4687059.0 ], [ -1019220.0, 4687027.0 ], [ -1019214.0, 4687005.0 ], [ -1019210.0, 4686996.0 ], [ -1019190.0, 4686957.0 ], [ -1019165.0, 4686906.0 ], [ -1019160.0, 4686897.0 ], [ -1019159.0, 4686895.0 ], [ -1019154.0, 4686886.0 ], [ -1019134.0, 4686848.0 ], [ -1019127.0, 4686837.0 ], [ -1019124.0, 4686833.0 ], [ -1019128.0, 4686831.0 ], [ -1019123.0, 4686827.0 ], [ -1019115.0, 4686816.0 ], [ -1019100.0, 4686795.0 ], [ -1019103.0, 4686791.0 ], [ -1019219.0, 4686745.0 ], [ -1019223.0, 4686743.0 ], [ -1019235.0, 4686738.0 ], [ -1019283.0, 4686720.0 ], [ -1019305.0, 4686711.0 ], [ -1019317.0, 4686706.0 ], [ -1019342.0, 4686698.0 ], [ -1019339.0, 4686690.0 ], [ -1019354.0, 4686684.0 ], [ -1019351.0, 4686679.0 ], [ -1019384.0, 4686665.0 ], [ -1019386.0, 4686660.0 ], [ -1019387.0, 4686655.0 ], [ -1019390.0, 4686646.0 ], [ -1019386.0, 4686636.0 ], [ -1019326.0, 4686494.0 ], [ -1019339.0, 4686489.0 ], [ -1019333.0, 4686474.0 ], [ -1019337.0, 4686473.0 ], [ -1019342.0, 4686470.0 ], [ -1019354.0, 4686454.0 ], [ -1019396.0, 4686437.0 ], [ -1019392.0, 4686427.0 ], [ -1019391.0, 4686425.0 ], [ -1019427.0, 4686408.0 ], [ -1019444.0, 4686401.0 ], [ -1019465.0, 4686392.0 ], [ -1019484.0, 4686384.0 ], [ -1019526.0, 4686367.0 ], [ -1019580.0, 4686344.0 ], [ -1019586.0, 4686339.0 ], [ -1019588.0, 4686335.0 ], [ -1019588.0, 4686329.0 ], [ -1019587.0, 4686323.0 ], [ -1019550.0, 4686235.0 ], [ -1019546.0, 4686224.0 ], [ -1019541.0, 4686213.0 ], [ -1019547.0, 4686204.0 ], [ -1019571.0, 4686165.0 ], [ -1019567.0, 4686156.0 ], [ -1019581.0, 4686150.0 ] ] } },
{ "type": "Feature", "properties": { "betweenness_centrality": 0.013937282229965157, "source": 4357882443, "target": 1122508386, "ordering_betweenness_centrality": 72, "length": 2615, "length_cumulative": 123983 }, "geometry": { "type": "LineString", "coordinates": [ [ -1018196.0, 4685422.0 ], [ -1018199.0, 4685433.0 ], [ -1018200.0, 4685435.0 ], [ -1018229.0, 4685513.0 ], [ -1018251.0, 4685570.0 ], [ -1018292.0, 4685674.0 ], [ -1018293.0, 4685683.0 ], [ -1018297.0, 4685684.0 ], [ -1018299.0, 4685685.0 ], [ -1018300.0, 4685685.0 ], [ -1018302.0, 4685693.0 ], [ -1018305.0, 4685711.0 ], [ -1018306.0, 4685718.0 ], [ -1018307.0, 4685724.0 ], [ -1018312.0, 4685733.0 ], [ -1018313.0, 4685742.0 ], [ -1018350.0, 4685832.0 ], [ -1018350.0, 4685836.0 ], [ -1018350.0, 4685837.0 ], [ -1018353.0, 4685843.0 ], [ -1018357.0, 4685845.0 ], [ -1018360.0, 4685846.0 ], [ -1018363.0, 4685847.0 ], [ -1018364.0, 4685848.0 ], [ -1018371.0, 4685855.0 ], [ -1018379.0, 4685868.0 ], [ -1018386.0, 4685889.0 ], [ -1018396.0, 4685915.0 ], [ -1018455.0, 4686053.0 ], [ -1018468.0, 4686087.0 ], [ -1018470.0, 4686101.0 ], [ -1018474.0, 4686113.0 ], [ -1018478.0, 4686124.0 ], [ -1018488.0, 4686146.0 ], [ -1018512.0, 4686205.0 ], [ -1018526.0, 4686239.0 ], [ -1018531.0, 4686251.0 ], [ -1018559.0, 4686314.0 ], [ -1018619.0, 4686448.0 ], [ -1018646.0, 4686507.0 ], [ -1018670.0, 4686562.0 ], [ -1018693.0, 4686614.0 ], [ -1018699.0, 4686629.0 ], [ -1018705.0, 4686642.0 ], [ -1018713.0, 4686659.0 ], [ -1018728.0, 4686692.0 ], [ -1018736.0, 4686710.0 ], [ -1018740.0, 4686720.0 ], [ -1018744.0, 4686729.0 ], [ -1018749.0, 4686741.0 ], [ -1018755.0, 4686755.0 ], [ -1018773.0, 4686797.0 ], [ -1018786.0, 4686812.0 ], [ -1018814.0, 4686856.0 ], [ -1018840.0, 4686890.0 ], [ -1018868.0, 4686932.0 ], [ -1018950.0, 4687032.0 ], [ -1018951.0, 4687039.0 ], [ -1018956.0, 4687049.0 ], [ -1018985.0, 4687093.0 ], [ -1018988.0, 4687100.0 ], [ -1019025.0, 4687142.0 ], [ -1019037.0, 4687156.0 ], [ -1019070.0, 4687200.0 ], [ -1019094.0, 4687237.0 ], [ -1019109.0, 4687261.0 ], [ -1019113.0, 4687268.0 ], [ -1019145.0, 4687325.0 ], [ -1019151.0, 4687336.0 ], [ -1019163.0, 4687358.0 ], [ -1019172.0, 4687376.0 ], [ -1019177.0, 4687385.0 ], [ -1019189.0, 4687422.0 ], [ -1019195.0, 4687436.0 ], [ -1019202.0, 4687445.0 ], [ -1019204.0, 4687449.0 ], [ -1019210.0, 4687466.0 ], [ -1019220.0, 4687495.0 ], [ -1019224.0, 4687504.0 ], [ -1019230.0, 4687519.0 ], [ -1019237.0, 4687540.0 ], [ -1019254.0, 4687594.0 ], [ -1019269.0, 4687637.0 ], [ -1019300.0, 4687720.0 ], [ -1019316.0, 4687755.0 ] ] } },
{ "type": "Feature", "properties": { "betweenness_centrality": 0.013937282229965157, "source": 12825969205, "target": 4119522959, "ordering_betweenness_centrality": 73, "length": 2693, "length_cumulative": 126677 }, "geometry": { "type": "LineString", "coordinates": [ [ -1016380.0, 4681100.0 ], [ -1016380.0, 4681101.0 ], [ -1016380.0, 4681107.0 ], [ -1016380.0, 4681109.0 ], [ -1016380.0, 4681111.0 ], [ -1016388.0, 4681141.0 ], [ -1016388.0, 4681143.0 ], [ -1016389.0, 4681145.0 ], [ -1016388.0, 4681147.0 ], [ -1016388.0, 4681149.0 ], [ -1016384.0, 4681171.0 ], [ -1016379.0, 4681189.0 ], [ -1016363.0, 4681256.0 ], [ -1016358.0, 4681277.0 ], [ -1016356.0, 4681281.0 ], [ -1016354.0, 4681283.0 ], [ -1016352.0, 4681285.0 ], [ -1016347.0, 4681287.0 ], [ -1016343.0, 4681289.0 ], [ -1016341.0, 4681290.0 ], [ -1016341.0, 4681299.0 ], [ -1016341.0, 4681302.0 ], [ -1016340.0, 4681317.0 ], [ -1016333.0, 4681364.0 ], [ -1016333.0, 4681373.0 ], [ -1016333.0, 4681387.0 ], [ -1016335.0, 4681402.0 ], [ -1016336.0, 4681428.0 ], [ -1016337.0, 4681434.0 ], [ -1016337.0, 4681439.0 ], [ -1016338.0, 4681453.0 ], [ -1016338.0, 4681469.0 ], [ -1016337.0, 4681478.0 ], [ -1016335.0, 4681493.0 ], [ -1016333.0, 4681504.0 ], [ -1016332.0, 4681513.0 ], [ -1016331.0, 4681516.0 ], [ -1016327.0, 4681535.0 ], [ -1016326.0, 4681541.0 ], [ -1016324.0, 4681550.0 ], [ -1016322.0, 4681561.0 ], [ -1016320.0, 4681573.0 ], [ -1016318.0, 4681583.0 ], [ -1016318.0, 4681596.0 ], [ -1016318.0, 4681608.0 ], [ -1016318.0, 4681618.0 ], [ -1016319.0, 4681623.0 ], [ -1016318.0, 4681629.0 ], [ -1016307.0, 4681667.0 ], [ -1016305.0, 4681672.0 ], [ -1016302.0, 4681697.0 ], [ -1016298.0, 4681713.0 ], [ -1016292.0, 4681721.0 ], [ -1016281.0, 4681741.0 ], [ -1016277.0, 4681748.0 ], [ -1016269.0, 4681761.0 ], [ -1016255.0, 4681783.0 ], [ -1016252.0, 4681791.0 ], [ -1016244.0, 4681822.0 ], [ -1016241.0, 4681828.0 ], [ -1016236.0, 4681835.0 ], [ -1016229.0, 4681841.0 ], [ -1016225.0, 4681846.0 ], [ -1016222.0, 4681855.0 ], [ -1016220.0, 4681862.0 ], [ -1016218.0, 4681894.0 ], [ -1016216.0, 4681921.0 ], [ -1016214.0, 4681940.0 ], [ -1016211.0, 4681979.0 ], [ -1016211.0, 4681989.0 ], [ -1016210.0, 4681997.0 ], [ -1016206.0, 4682056.0 ], [ -1016198.0, 4682154.0 ], [ -1016194.0, 4682212.0 ], [ -1016193.0, 4682221.0 ], [ -1016184.0, 4682338.0 ], [ -1016183.0, 4682352.0 ], [ -1016183.0, 4682361.0 ], [ -1016181.0, 4682384.0 ], [ -1016180.0, 4682394.0 ], [ -1016178.0, 4682426.0 ], [ -1016172.0, 4682508.0 ], [ -1016170.0, 4682529.0 ], [ -1016165.0, 4682602.0 ], [ -1016163.0, 4682622.0 ], [ -1016162.0, 4682634.0 ], [ -1016160.0, 4682661.0 ], [ -1016158.0, 4682691.0 ], [ -1016156.0, 4682710.0 ], [ -1016154.0, 4682747.0 ], [ -1016153.0, 4682756.0 ], [ -1016152.0, 4682771.0 ], [ -1016149.0, 4682805.0 ], [ -1016147.0, 4682834.0 ], [ -1016145.0, 4682867.0 ], [ -1016144.0, 4682877.0 ], [ -1016142.0, 4682897.0 ], [ -1016134.0, 4683013.0 ], [ -1016132.0, 4683026.0 ], [ -1016126.0, 4683070.0 ], [ -1016125.0, 4683073.0 ], [ -1016125.0, 4683079.0 ], [ -1016122.0, 4683093.0 ], [ -1016119.0, 4683108.0 ], [ -1016114.0, 4683119.0 ], [ -1016110.0, 4683129.0 ], [ -1016099.0, 4683157.0 ], [ -1016093.0, 4683171.0 ], [ -1016102.0, 4683179.0 ], [ -1016107.0, 4683184.0 ], [ -1016110.0, 4683190.0 ], [ -1016113.0, 4683197.0 ], [ -1016115.0, 4683204.0 ], [ -1016116.0, 4683208.0 ], [ -1016116.0, 4683220.0 ], [ -1016108.0, 4683239.0 ], [ -1016101.0, 4683253.0 ], [ -1016083.0, 4683292.0 ], [ -1016074.0, 4683308.0 ], [ -1016066.0, 4683315.0 ], [ -1016018.0, 4683343.0 ], [ -1015987.0, 4683360.0 ], [ -1015967.0, 4683372.0 ], [ -1015951.0, 4683379.0 ], [ -1015939.0, 4683386.0 ], [ -1015927.0, 4683393.0 ], [ -1015916.0, 4683400.0 ], [ -1015903.0, 4683409.0 ], [ -1015897.0, 4683414.0 ], [ -1015888.0, 4683420.0 ], [ -1015879.0, 4683428.0 ], [ -1015870.0, 4683435.0 ], [ -1015863.0, 4683442.0 ], [ -1015856.0, 4683451.0 ], [ -1015851.0, 4683457.0 ], [ -1015846.0, 4683466.0 ], [ -1015841.0, 4683474.0 ], [ -1015790.0, 4683590.0 ], [ -1015789.0, 4683593.0 ] ] } },
{ "type": "Feature", "properties": { "betweenness_centrality": 0.012775842044134726, "source": 12825969205, "target": 11582750223, "ordering_betweenness_centrality": 74, "length": 2424, "length_cumulative": 129101 }, "geometry": { "type": "LineString", "coordinates": [ [ -1016443.0, 4680866.0 ], [ -1016436.0, 4680853.0 ], [ -1016429.0, 4680842.0 ], [ -1016425.0, 4680834.0 ], [ -1016426.0, 4680826.0 ], [ -1016432.0, 4680813.0 ], [ -1016422.0, 4680792.0 ], [ -1016419.0, 4680777.0 ], [ -1016418.0, 4680751.0 ], [ -1016419.0, 4680749.0 ], [ -1016425.0, 4680740.0 ], [ -1016446.0, 4680710.0 ], [ -1016451.0, 4680696.0 ], [ -1016456.0, 4680681.0 ], [ -1016464.0, 4680664.0 ], [ -1016461.0, 4680632.0 ], [ -1016464.0, 4680631.0 ], [ -1016466.0, 4680628.0 ], [ -1016477.0, 4680614.0 ], [ -1016488.0, 4680607.0 ], [ -1016498.0, 4680593.0 ], [ -1016509.0, 4680582.0 ], [ -1016531.0, 4680564.0 ], [ -1016546.0, 4680554.0 ], [ -1016552.0, 4680550.0 ], [ -1016554.0, 4680552.0 ], [ -1016556.0, 4680553.0 ], [ -1016558.0, 4680554.0 ], [ -1016561.0, 4680555.0 ], [ -1016563.0, 4680555.0 ], [ -1016595.0, 4680544.0 ], [ -1016621.0, 4680535.0 ], [ -1016630.0, 4680532.0 ], [ -1016636.0, 4680530.0 ], [ -1016635.0, 4680529.0 ], [ -1016635.0, 4680527.0 ], [ -1016636.0, 4680525.0 ], [ -1016638.0, 4680524.0 ], [ -1016645.0, 4680521.0 ], [ -1016663.0, 4680517.0 ], [ -1016665.0, 4680514.0 ], [ -1016663.0, 4680481.0 ], [ -1016662.0, 4680477.0 ], [ -1016669.0, 4680426.0 ], [ -1016702.0, 4680437.0 ], [ -1016716.0, 4680439.0 ], [ -1016745.0, 4680443.0 ], [ -1016718.0, 4680415.0 ], [ -1016714.0, 4680389.0 ], [ -1016715.0, 4680382.0 ], [ -1016764.0, 4680352.0 ], [ -1016774.0, 4680358.0 ], [ -1016777.0, 4680359.0 ], [ -1016779.0, 4680356.0 ], [ -1016772.0, 4680352.0 ], [ -1016773.0, 4680351.0 ], [ -1016774.0, 4680349.0 ], [ -1016779.0, 4680351.0 ], [ -1016793.0, 4680325.0 ], [ -1016809.0, 4680296.0 ], [ -1016814.0, 4680288.0 ], [ -1016839.0, 4680245.0 ], [ -1016845.0, 4680234.0 ], [ -1016846.0, 4680232.0 ], [ -1016846.0, 4680231.0 ], [ -1016849.0, 4680227.0 ], [ -1016848.0, 4680195.0 ], [ -1016897.0, 4680180.0 ], [ -1016905.0, 4680178.0 ], [ -1016903.0, 4680169.0 ], [ -1016889.0, 4680124.0 ], [ -1016934.0, 4680110.0 ], [ -1016939.0, 4680108.0 ], [ -1016941.0, 4680107.0 ], [ -1016950.0, 4680105.0 ], [ -1017026.0, 4680081.0 ], [ -1017029.0, 4680080.0 ], [ -1017032.0, 4680079.0 ], [ -1017033.0, 4680079.0 ], [ -1017036.0, 4680078.0 ], [ -1017043.0, 4680076.0 ], [ -1017122.0, 4680051.0 ], [ -1017201.0, 4680027.0 ], [ -1017211.0, 4680024.0 ], [ -1017234.0, 4680017.0 ], [ -1017272.0, 4680005.0 ], [ -1017274.0, 4680004.0 ], [ -1017333.0, 4679986.0 ], [ -1017343.0, 4679983.0 ], [ -1017345.0, 4679980.0 ], [ -1017353.0, 4679978.0 ], [ -1017352.0, 4679973.0 ], [ -1017382.0, 4679963.0 ], [ -1017395.0, 4679926.0 ], [ -1017388.0, 4679903.0 ], [ -1017394.0, 4679901.0 ], [ -1017395.0, 4679894.0 ], [ -1017395.0, 4679891.0 ], [ -1017413.0, 4679886.0 ], [ -1017430.0, 4679881.0 ], [ -1017438.0, 4679878.0 ], [ -1017447.0, 4679875.0 ], [ -1017455.0, 4679871.0 ], [ -1017467.0, 4679865.0 ], [ -1017477.0, 4679861.0 ], [ -1017488.0, 4679857.0 ], [ -1017576.0, 4679830.0 ], [ -1017617.0, 4679818.0 ], [ -1017626.0, 4679815.0 ], [ -1017629.0, 4679814.0 ], [ -1017637.0, 4679812.0 ], [ -1017657.0, 4679806.0 ], [ -1017659.0, 4679806.0 ], [ -1017676.0, 4679801.0 ], [ -1017688.0, 4679797.0 ], [ -1017696.0, 4679795.0 ], [ -1017762.0, 4679775.0 ], [ -1017807.0, 4679761.0 ], [ -1017815.0, 4679758.0 ], [ -1017819.0, 4679756.0 ], [ -1017823.0, 4679754.0 ], [ -1017826.0, 4679751.0 ], [ -1017830.0, 4679746.0 ], [ -1017832.0, 4679742.0 ], [ -1017832.0, 4679741.0 ], [ -1017832.0, 4679739.0 ], [ -1017833.0, 4679735.0 ], [ -1017835.0, 4679740.0 ], [ -1017839.0, 4679743.0 ], [ -1017842.0, 4679746.0 ], [ -1017845.0, 4679747.0 ], [ -1017850.0, 4679747.0 ], [ -1017853.0, 4679747.0 ], [ -1017857.0, 4679747.0 ], [ -1017859.0, 4679746.0 ], [ -1017860.0, 4679746.0 ], [ -1017864.0, 4679744.0 ], [ -1017867.0, 4679742.0 ], [ -1017872.0, 4679736.0 ], [ -1017882.0, 4679717.0 ], [ -1017893.0, 4679710.0 ], [ -1017897.0, 4679708.0 ], [ -1017904.0, 4679705.0 ], [ -1017910.0, 4679704.0 ], [ -1017918.0, 4679705.0 ], [ -1017920.0, 4679701.0 ], [ -1017921.0, 4679699.0 ], [ -1017923.0, 4679694.0 ], [ -1017925.0, 4679691.0 ], [ -1017927.0, 4679688.0 ], [ -1017928.0, 4679686.0 ], [ -1017930.0, 4679682.0 ], [ -1017931.0, 4679680.0 ], [ -1017932.0, 4679678.0 ], [ -1017936.0, 4679669.0 ], [ -1018005.0, 4679672.0 ] ] } },
{ "type": "Feature", "properties": { "betweenness_centrality": 0.012775842044134726, "source": 13500771182, "target": 11582750223, "ordering_betweenness_centrality": 75, "length": 4267, "length_cumulative": 133368 }, "geometry": { "type": "MultiLineString", "coordinates": [ [ [ -1023895.0, 4678268.0 ], [ -1023848.0, 4678273.0 ], [ -1023799.0, 4678278.0 ], [ -1023787.0, 4678279.0 ], [ -1023737.0, 4678283.0 ], [ -1023526.0, 4678300.0 ], [ -1023500.0, 4678302.0 ], [ -1023417.0, 4678310.0 ], [ -1023353.0, 4678320.0 ], [ -1023267.0, 4678336.0 ], [ -1022929.0, 4678407.0 ], [ -1022881.0, 4678419.0 ], [ -1022831.0, 4678431.0 ], [ -1022809.0, 4678436.0 ], [ -1022801.0, 4678437.0 ], [ -1022780.0, 4678442.0 ], [ -1022765.0, 4678444.0 ], [ -1022753.0, 4678447.0 ], [ -1022683.0, 4678459.0 ], [ -1022640.0, 4678466.0 ], [ -1022564.0, 4678482.0 ], [ -1022460.0, 4678508.0 ], [ -1022365.0, 4678537.0 ], [ -1022303.0, 4678557.0 ], [ -1022265.0, 4678572.0 ], [ -1022259.0, 4678575.0 ], [ -1022249.0, 4678578.0 ], [ -1022143.0, 4678621.0 ], [ -1022103.0, 4678636.0 ], [ -1022036.0, 4678668.0 ], [ -1022008.0, 4678682.0 ], [ -1021950.0, 4678711.0 ], [ -1021869.0, 4678756.0 ], [ -1021785.0, 4678807.0 ], [ -1021771.0, 4678816.0 ], [ -1021752.0, 4678828.0 ], [ -1021725.0, 4678846.0 ], [ -1021709.0, 4678856.0 ], [ -1021664.0, 4678885.0 ], [ -1021572.0, 4678943.0 ], [ -1021554.0, 4678955.0 ], [ -1021523.0, 4678975.0 ], [ -1021476.0, 4679005.0 ], [ -1021456.0, 4679019.0 ], [ -1021439.0, 4679031.0 ], [ -1021428.0, 4679040.0 ], [ -1021416.0, 4679047.0 ], [ -1021412.0, 4679049.0 ], [ -1021395.0, 4679056.0 ], [ -1021381.0, 4679062.0 ], [ -1021375.0, 4679065.0 ], [ -1021367.0, 4679069.0 ], [ -1021353.0, 4679081.0 ], [ -1021307.0, 4679121.0 ], [ -1021295.0, 4679130.0 ] ], [ [ -1021295.0, 4679130.0 ], [ -1021267.0, 4679153.0 ], [ -1021244.0, 4679169.0 ], [ -1021221.0, 4679188.0 ], [ -1021196.0, 4679201.0 ], [ -1021172.0, 4679212.0 ], [ -1021169.0, 4679213.0 ], [ -1021154.0, 4679220.0 ], [ -1021132.0, 4679229.0 ], [ -1021110.0, 4679238.0 ], [ -1021087.0, 4679245.0 ], [ -1021051.0, 4679256.0 ], [ -1020968.0, 4679269.0 ], [ -1020955.0, 4679273.0 ], [ -1020919.0, 4679283.0 ], [ -1020912.0, 4679285.0 ], [ -1020906.0, 4679284.0 ], [ -1020899.0, 4679283.0 ], [ -1020886.0, 4679283.0 ], [ -1020875.0, 4679284.0 ], [ -1020865.0, 4679285.0 ], [ -1020843.0, 4679287.0 ], [ -1020822.0, 4679288.0 ], [ -1020762.0, 4679288.0 ], [ -1020613.0, 4679289.0 ], [ -1020546.0, 4679289.0 ], [ -1020516.0, 4679289.0 ], [ -1020472.0, 4679290.0 ], [ -1020187.0, 4679290.0 ], [ -1020138.0, 4679290.0 ], [ -1020118.0, 4679291.0 ], [ -1020099.0, 4679293.0 ], [ -1020068.0, 4679297.0 ], [ -1020034.0, 4679303.0 ], [ -1019996.0, 4679312.0 ], [ -1019960.0, 4679321.0 ], [ -1019959.0, 4679319.0 ], [ -1019959.0, 4679316.0 ], [ -1019984.0, 4679309.0 ], [ -1019982.0, 4679304.0 ], [ -1019981.0, 4679299.0 ], [ -1019980.0, 4679294.0 ], [ -1019975.0, 4679275.0 ], [ -1019955.0, 4679273.0 ], [ -1019946.0, 4679275.0 ], [ -1019943.0, 4679266.0 ] ] ] } },
{ "type": "Feature", "properties": { "betweenness_centrality": 0.011614401858304297, "source": 205322499, "target": 1120110515, "ordering_betweenness_centrality": 76, "length": 1490, "length_cumulative": 134859 }, "geometry": { "type": "LineString", "coordinates": [ [ -1017904.0, 4680794.0 ], [ -1017915.0, 4680821.0 ], [ -1017920.0, 4680834.0 ], [ -1017924.0, 4680840.0 ], [ -1017927.0, 4680846.0 ], [ -1017937.0, 4680867.0 ], [ -1017943.0, 4680879.0 ], [ -1017952.0, 4680899.0 ], [ -1017957.0, 4680908.0 ], [ -1017968.0, 4680930.0 ], [ -1017978.0, 4680950.0 ], [ -1017989.0, 4680976.0 ], [ -1017991.0, 4680980.0 ], [ -1017994.0, 4680984.0 ], [ -1017997.0, 4680987.0 ], [ -1018005.0, 4680992.0 ], [ -1018010.0, 4680994.0 ], [ -1018015.0, 4680996.0 ], [ -1018026.0, 4680999.0 ], [ -1018032.0, 4681001.0 ], [ -1018078.0, 4681013.0 ], [ -1018082.0, 4681014.0 ], [ -1018127.0, 4681026.0 ], [ -1018135.0, 4681028.0 ], [ -1018153.0, 4681033.0 ], [ -1018232.0, 4681060.0 ], [ -1018268.0, 4681074.0 ], [ -1018278.0, 4681079.0 ], [ -1018287.0, 4681084.0 ], [ -1018295.0, 4681090.0 ], [ -1018308.0, 4681102.0 ], [ -1018315.0, 4681109.0 ], [ -1018329.0, 4681124.0 ], [ -1018344.0, 4681137.0 ], [ -1018357.0, 4681145.0 ], [ -1018368.0, 4681153.0 ], [ -1018374.0, 4681157.0 ], [ -1018379.0, 4681161.0 ], [ -1018390.0, 4681168.0 ], [ -1018400.0, 4681174.0 ], [ -1018411.0, 4681180.0 ], [ -1018480.0, 4681224.0 ], [ -1018489.0, 4681230.0 ], [ -1018512.0, 4681242.0 ], [ -1018575.0, 4681263.0 ], [ -1018587.0, 4681266.0 ], [ -1018608.0, 4681273.0 ], [ -1018639.0, 4681283.0 ], [ -1018669.0, 4681293.0 ], [ -1018684.0, 4681299.0 ], [ -1018704.0, 4681306.0 ], [ -1018716.0, 4681310.0 ], [ -1018727.0, 4681313.0 ], [ -1018738.0, 4681318.0 ], [ -1018750.0, 4681327.0 ], [ -1018784.0, 4681358.0 ], [ -1018809.0, 4681379.0 ], [ -1018838.0, 4681400.0 ], [ -1018847.0, 4681407.0 ], [ -1018853.0, 4681411.0 ], [ -1018871.0, 4681423.0 ], [ -1018878.0, 4681430.0 ], [ -1018906.0, 4681449.0 ], [ -1018914.0, 4681456.0 ], [ -1018931.0, 4681474.0 ], [ -1018958.0, 4681507.0 ], [ -1018970.0, 4681523.0 ], [ -1019007.0, 4681579.0 ], [ -1019040.0, 4681632.0 ], [ -1019041.0, 4681641.0 ], [ -1019041.0, 4681645.0 ] ] } },
{ "type": "Feature", "properties": { "betweenness_centrality": 0.011614401858304297, "source": 9196746624, "target": 6273933810, "ordering_betweenness_centrality": 77, "length": 1051, "length_cumulative": 135910 }, "geometry": { "type": "LineString", "coordinates": [ [ -1018929.0, 4684362.0 ], [ -1018916.0, 4684369.0 ], [ -1018765.0, 4684457.0 ], [ -1018748.0, 4684466.0 ], [ -1018731.0, 4684477.0 ], [ -1018616.0, 4684543.0 ], [ -1018602.0, 4684551.0 ], [ -1018604.0, 4684556.0 ], [ -1018604.0, 4684557.0 ], [ -1018606.0, 4684559.0 ], [ -1018569.0, 4684581.0 ], [ -1018568.0, 4684583.0 ], [ -1018566.0, 4684585.0 ], [ -1018563.0, 4684586.0 ], [ -1018583.0, 4684625.0 ], [ -1018584.0, 4684635.0 ], [ -1018597.0, 4684635.0 ], [ -1018606.0, 4684654.0 ], [ -1018605.0, 4684660.0 ], [ -1018601.0, 4684663.0 ], [ -1018586.0, 4684667.0 ], [ -1018586.0, 4684675.0 ], [ -1018581.0, 4684685.0 ], [ -1018560.0, 4684708.0 ], [ -1018556.0, 4684717.0 ], [ -1018553.0, 4684717.0 ], [ -1018550.0, 4684717.0 ], [ -1018548.0, 4684718.0 ], [ -1018545.0, 4684721.0 ], [ -1018543.0, 4684724.0 ], [ -1018541.0, 4684727.0 ], [ -1018520.0, 4684744.0 ], [ -1018488.0, 4684760.0 ], [ -1018471.0, 4684770.0 ], [ -1018463.0, 4684775.0 ], [ -1018445.0, 4684780.0 ], [ -1018448.0, 4684793.0 ], [ -1018468.0, 4684909.0 ], [ -1018470.0, 4684915.0 ], [ -1018473.0, 4684933.0 ], [ -1018495.0, 4685052.0 ], [ -1018482.0, 4685058.0 ], [ -1018484.0, 4685072.0 ] ] } },
{ "type": "Feature", "properties": { "betweenness_centrality": 0.011614401858304297, "source": 12769171873, "target": 1120110515, "ordering_betweenness_centrality": 78, "length": 1112, "length_cumulative": 137023 }, "geometry": { "type": "LineString", "coordinates": [ [ -1018480.0, 4681224.0 ], [ -1018481.0, 4681222.0 ], [ -1018483.0, 4681214.0 ], [ -1018475.0, 4681209.0 ], [ -1018473.0, 4681208.0 ], [ -1018471.0, 4681205.0 ], [ -1018465.0, 4681201.0 ], [ -1018420.0, 4681167.0 ], [ -1018409.0, 4681159.0 ], [ -1018398.0, 4681151.0 ], [ -1018377.0, 4681139.0 ], [ -1018348.0, 4681117.0 ], [ -1018342.0, 4681113.0 ], [ -1018340.0, 4681111.0 ], [ -1018336.0, 4681111.0 ], [ -1018334.0, 4681109.0 ], [ -1018333.0, 4681107.0 ], [ -1018332.0, 4681106.0 ], [ -1018325.0, 4681101.0 ], [ -1018334.0, 4681092.0 ], [ -1018329.0, 4681075.0 ], [ -1018327.0, 4681070.0 ], [ -1018325.0, 4681049.0 ], [ -1018319.0, 4680990.0 ], [ -1018320.0, 4680986.0 ], [ -1018310.0, 4680947.0 ], [ -1018308.0, 4680935.0 ], [ -1018299.0, 4680859.0 ], [ -1018294.0, 4680804.0 ], [ -1018301.0, 4680718.0 ], [ -1018302.0, 4680701.0 ], [ -1018303.0, 4680691.0 ], [ -1018304.0, 4680667.0 ], [ -1018309.0, 4680599.0 ], [ -1018305.0, 4680569.0 ], [ -1018302.0, 4680555.0 ], [ -1018294.0, 4680520.0 ], [ -1018289.0, 4680498.0 ], [ -1018271.0, 4680444.0 ], [ -1018261.0, 4680410.0 ], [ -1018254.0, 4680360.0 ], [ -1018254.0, 4680358.0 ], [ -1018239.0, 4680356.0 ], [ -1018216.0, 4680353.0 ], [ -1018163.0, 4680344.0 ], [ -1018151.0, 4680342.0 ], [ -1018127.0, 4680337.0 ], [ -1018122.0, 4680337.0 ], [ -1018106.0, 4680334.0 ] ] } },
{ "type": "Feature", "properties": { "betweenness_centrality": 0.010452961672473868, "source": 2182353146, "target": 10898510164, "ordering_betweenness_centrality": 79, "length": 1992, "length_cumulative": 139015 }, "geometry": { "type": "LineString", "coordinates": [ [ -1019496.0, 4685970.0 ], [ -1019504.0, 4685955.0 ], [ -1019512.0, 4685941.0 ], [ -1019508.0, 4685929.0 ], [ -1019498.0, 4685906.0 ], [ -1019390.0, 4685638.0 ], [ -1019386.0, 4685627.0 ], [ -1019361.0, 4685566.0 ], [ -1019359.0, 4685561.0 ], [ -1019359.0, 4685548.0 ], [ -1019360.0, 4685543.0 ], [ -1019362.0, 4685537.0 ], [ -1019366.0, 4685529.0 ], [ -1019371.0, 4685523.0 ], [ -1019376.0, 4685518.0 ], [ -1019390.0, 4685509.0 ], [ -1019422.0, 4685492.0 ], [ -1019504.0, 4685441.0 ], [ -1019788.0, 4685306.0 ], [ -1019814.0, 4685292.0 ], [ -1019993.0, 4685193.0 ], [ -1020009.0, 4685182.0 ], [ -1020028.0, 4685169.0 ], [ -1020055.0, 4685150.0 ], [ -1020099.0, 4685122.0 ], [ -1020134.0, 4685110.0 ], [ -1020161.0, 4685107.0 ], [ -1020194.0, 4685107.0 ], [ -1020215.0, 4685113.0 ], [ -1020244.0, 4685118.0 ], [ -1020276.0, 4685117.0 ], [ -1020296.0, 4685106.0 ], [ -1020308.0, 4685092.0 ], [ -1020319.0, 4685069.0 ], [ -1020334.0, 4685020.0 ], [ -1020349.0, 4684991.0 ], [ -1020356.0, 4684969.0 ], [ -1020362.0, 4684958.0 ], [ -1020369.0, 4684951.0 ], [ -1020376.0, 4684943.0 ], [ -1020386.0, 4684931.0 ], [ -1020395.0, 4684931.0 ], [ -1020403.0, 4684929.0 ], [ -1020413.0, 4684922.0 ], [ -1020419.0, 4684918.0 ], [ -1020429.0, 4684917.0 ], [ -1020435.0, 4684913.0 ], [ -1020439.0, 4684911.0 ], [ -1020446.0, 4684921.0 ], [ -1020453.0, 4684916.0 ], [ -1020461.0, 4684911.0 ], [ -1020496.0, 4684888.0 ], [ -1020498.0, 4684890.0 ], [ -1020503.0, 4684896.0 ], [ -1020521.0, 4684902.0 ], [ -1020544.0, 4684886.0 ], [ -1020555.0, 4684894.0 ], [ -1020565.0, 4684887.0 ], [ -1020584.0, 4684881.0 ], [ -1020595.0, 4684877.0 ], [ -1020605.0, 4684871.0 ], [ -1020615.0, 4684863.0 ] ] } },
{ "type": "Feature", "properties": { "betweenness_centrality": 0.010452961672473868, "source": 12825969210, "target": 4119522959, "ordering_betweenness_centrality": 80, "length": 2066, "length_cumulative": 141082 }, "geometry": { "type": "LineString", "coordinates": [ [ -1016630.0, 4681191.0 ], [ -1016637.0, 4681217.0 ], [ -1016641.0, 4681225.0 ], [ -1016657.0, 4681243.0 ], [ -1016676.0, 4681263.0 ], [ -1016706.0, 4681291.0 ], [ -1016726.0, 4681307.0 ], [ -1016728.0, 4681309.0 ], [ -1016744.0, 4681324.0 ], [ -1016756.0, 4681337.0 ], [ -1016794.0, 4681380.0 ], [ -1016804.0, 4681395.0 ], [ -1016815.0, 4681431.0 ], [ -1016820.0, 4681457.0 ], [ -1016822.0, 4681496.0 ], [ -1016823.0, 4681512.0 ], [ -1016824.0, 4681554.0 ], [ -1016824.0, 4681572.0 ], [ -1016828.0, 4681618.0 ], [ -1016829.0, 4681634.0 ], [ -1016830.0, 4681640.0 ], [ -1016828.0, 4681648.0 ], [ -1016757.0, 4681768.0 ], [ -1016746.0, 4681787.0 ], [ -1016729.0, 4681815.0 ], [ -1016726.0, 4681821.0 ], [ -1016703.0, 4681862.0 ], [ -1016641.0, 4681986.0 ], [ -1016635.0, 4681995.0 ], [ -1016627.0, 4682033.0 ], [ -1016624.0, 4682040.0 ], [ -1016621.0, 4682045.0 ], [ -1016613.0, 4682055.0 ], [ -1016605.0, 4682062.0 ], [ -1016600.0, 4682066.0 ], [ -1016573.0, 4682089.0 ], [ -1016559.0, 4682101.0 ], [ -1016547.0, 4682110.0 ], [ -1016538.0, 4682118.0 ], [ -1016541.0, 4682134.0 ], [ -1016544.0, 4682158.0 ], [ -1016540.0, 4682167.0 ], [ -1016504.0, 4682241.0 ], [ -1016446.0, 4682359.0 ], [ -1016442.0, 4682367.0 ], [ -1016401.0, 4682451.0 ], [ -1016400.0, 4682455.0 ], [ -1016387.0, 4682508.0 ], [ -1016381.0, 4682532.0 ], [ -1016380.0, 4682538.0 ], [ -1016372.0, 4682551.0 ], [ -1016373.0, 4682566.0 ], [ -1016375.0, 4682572.0 ], [ -1016371.0, 4682573.0 ], [ -1016369.0, 4682574.0 ], [ -1016378.0, 4682609.0 ], [ -1016378.0, 4682610.0 ], [ -1016377.0, 4682612.0 ], [ -1016376.0, 4682613.0 ], [ -1016375.0, 4682613.0 ], [ -1016354.0, 4682614.0 ], [ -1016354.0, 4682615.0 ], [ -1016355.0, 4682620.0 ], [ -1016288.0, 4682684.0 ], [ -1016279.0, 4682694.0 ], [ -1016242.0, 4682726.0 ], [ -1016224.0, 4682742.0 ], [ -1016219.0, 4682810.0 ], [ -1016217.0, 4682834.0 ], [ -1016216.0, 4682847.0 ], [ -1016212.0, 4682902.0 ], [ -1016154.0, 4682898.0 ], [ -1016142.0, 4682897.0 ] ] } },
{ "type": "Feature", "properties": { "betweenness_centrality": 0.010452961672473868, "source": 1122508386, "target": 1122550735, "ordering_betweenness_centrality": 81, "length": 4874, "length_cumulative": 145956 }, "geometry": { "type": "LineString", "coordinates": [ [ -1019788.0, 4689350.0 ], [ -1019799.0, 4689346.0 ], [ -1019821.0, 4689338.0 ], [ -1019835.0, 4689332.0 ], [ -1019856.0, 4689324.0 ], [ -1019860.0, 4689322.0 ], [ -1019865.0, 4689320.0 ], [ -1019879.0, 4689314.0 ], [ -1019882.0, 4689320.0 ], [ -1019901.0, 4689356.0 ], [ -1019910.0, 4689373.0 ], [ -1019913.0, 4689378.0 ], [ -1019921.0, 4689393.0 ], [ -1019927.0, 4689402.0 ], [ -1019946.0, 4689391.0 ], [ -1019951.0, 4689389.0 ], [ -1019974.0, 4689377.0 ], [ -1019987.0, 4689371.0 ], [ -1020005.0, 4689367.0 ], [ -1020009.0, 4689366.0 ], [ -1020013.0, 4689366.0 ], [ -1020016.0, 4689366.0 ], [ -1020038.0, 4689367.0 ], [ -1020055.0, 4689368.0 ], [ -1020057.0, 4689354.0 ], [ -1020078.0, 4689355.0 ], [ -1020088.0, 4689356.0 ], [ -1020093.0, 4689355.0 ], [ -1020100.0, 4689352.0 ], [ -1020107.0, 4689361.0 ], [ -1020117.0, 4689364.0 ], [ -1020223.0, 4689347.0 ], [ -1020214.0, 4689408.0 ], [ -1020212.0, 4689416.0 ], [ -1020279.0, 4689414.0 ], [ -1020348.0, 4689415.0 ], [ -1020359.0, 4689413.0 ], [ -1020370.0, 4689412.0 ], [ -1020382.0, 4689406.0 ], [ -1020398.0, 4689401.0 ], [ -1020411.0, 4689399.0 ], [ -1020541.0, 4689394.0 ], [ -1020551.0, 4689393.0 ], [ -1020556.0, 4689392.0 ], [ -1020568.0, 4689390.0 ], [ -1020590.0, 4689383.0 ], [ -1020605.0, 4689376.0 ], [ -1020624.0, 4689362.0 ], [ -1020634.0, 4689355.0 ], [ -1020644.0, 4689350.0 ], [ -1020653.0, 4689348.0 ], [ -1020664.0, 4689346.0 ], [ -1020746.0, 4689345.0 ], [ -1020800.0, 4689343.0 ], [ -1020833.0, 4689340.0 ], [ -1020913.0, 4689327.0 ], [ -1020921.0, 4689325.0 ], [ -1020927.0, 4689321.0 ], [ -1020936.0, 4689315.0 ], [ -1020958.0, 4689295.0 ], [ -1020986.0, 4689275.0 ], [ -1021005.0, 4689261.0 ], [ -1021035.0, 4689239.0 ], [ -1021059.0, 4689221.0 ], [ -1021071.0, 4689212.0 ], [ -1021089.0, 4689198.0 ], [ -1021122.0, 4689175.0 ], [ -1021134.0, 4689166.0 ], [ -1021149.0, 4689155.0 ], [ -1021166.0, 4689141.0 ], [ -1021170.0, 4689137.0 ], [ -1021188.0, 4689120.0 ], [ -1021199.0, 4689108.0 ], [ -1021209.0, 4689091.0 ], [ -1021217.0, 4689079.0 ], [ -1021236.0, 4689051.0 ], [ -1021239.0, 4689048.0 ], [ -1021243.0, 4689047.0 ], [ -1021247.0, 4689047.0 ], [ -1021253.0, 4689047.0 ], [ -1021261.0, 4689050.0 ], [ -1021265.0, 4689051.0 ], [ -1021268.0, 4689050.0 ], [ -1021272.0, 4689048.0 ], [ -1021287.0, 4689037.0 ], [ -1021438.0, 4688934.0 ], [ -1021569.0, 4688847.0 ], [ -1021600.0, 4688822.0 ], [ -1021619.0, 4688807.0 ], [ -1021641.0, 4688789.0 ], [ -1021751.0, 4688702.0 ], [ -1021798.0, 4688671.0 ], [ -1021821.0, 4688656.0 ], [ -1021823.0, 4688655.0 ], [ -1021835.0, 4688647.0 ], [ -1021841.0, 4688643.0 ], [ -1021852.0, 4688635.0 ], [ -1021866.0, 4688626.0 ], [ -1021885.0, 4688613.0 ], [ -1021896.0, 4688604.0 ], [ -1021904.0, 4688595.0 ], [ -1021970.0, 4688513.0 ], [ -1021979.0, 4688501.0 ], [ -1021991.0, 4688486.0 ], [ -1022064.0, 4688395.0 ], [ -1022069.0, 4688389.0 ], [ -1022076.0, 4688382.0 ], [ -1022090.0, 4688398.0 ], [ -1022092.0, 4688404.0 ], [ -1022095.0, 4688412.0 ], [ -1022119.0, 4688409.0 ], [ -1022154.0, 4688404.0 ], [ -1022169.0, 4688396.0 ], [ -1022198.0, 4688365.0 ], [ -1022250.0, 4688311.0 ], [ -1022284.0, 4688274.0 ], [ -1022289.0, 4688278.0 ], [ -1022297.0, 4688269.0 ], [ -1022313.0, 4688278.0 ], [ -1022328.0, 4688285.0 ], [ -1022349.0, 4688294.0 ], [ -1022361.0, 4688298.0 ], [ -1022368.0, 4688301.0 ], [ -1022379.0, 4688304.0 ], [ -1022391.0, 4688307.0 ], [ -1022404.0, 4688311.0 ], [ -1022407.0, 4688312.0 ], [ -1022411.0, 4688310.0 ], [ -1022413.0, 4688304.0 ], [ -1022423.0, 4688307.0 ], [ -1022445.0, 4688311.0 ], [ -1022470.0, 4688314.0 ], [ -1022475.0, 4688315.0 ], [ -1022482.0, 4688315.0 ], [ -1022489.0, 4688316.0 ], [ -1022498.0, 4688316.0 ], [ -1022507.0, 4688315.0 ], [ -1022516.0, 4688314.0 ], [ -1022523.0, 4688312.0 ], [ -1022529.0, 4688310.0 ], [ -1022533.0, 4688309.0 ], [ -1022546.0, 4688304.0 ], [ -1022552.0, 4688302.0 ], [ -1022558.0, 4688300.0 ], [ -1022575.0, 4688294.0 ], [ -1022618.0, 4688277.0 ], [ -1022727.0, 4688207.0 ], [ -1022952.0, 4688062.0 ], [ -1022989.0, 4688029.0 ], [ -1022990.0, 4688028.0 ], [ -1023015.0, 4688000.0 ], [ -1023024.0, 4687987.0 ], [ -1023044.0, 4687956.0 ], [ -1023055.0, 4687937.0 ], [ -1023063.0, 4687919.0 ], [ -1023074.0, 4687896.0 ], [ -1023080.0, 4687877.0 ], [ -1023086.0, 4687860.0 ], [ -1023090.0, 4687837.0 ], [ -1023101.0, 4687784.0 ], [ -1023141.0, 4687595.0 ], [ -1023145.0, 4687576.0 ], [ -1023151.0, 4687555.0 ], [ -1023158.0, 4687535.0 ], [ -1023169.0, 4687511.0 ], [ -1023189.0, 4687475.0 ], [ -1023200.0, 4687458.0 ], [ -1023231.0, 4687405.0 ], [ -1023237.0, 4687395.0 ], [ -1023249.0, 4687388.0 ], [ -1023258.0, 4687372.0 ], [ -1023264.0, 4687362.0 ], [ -1023271.0, 4687351.0 ], [ -1023308.0, 4687364.0 ], [ -1023339.0, 4687374.0 ], [ -1023342.0, 4687363.0 ], [ -1023334.0, 4687360.0 ], [ -1023336.0, 4687359.0 ], [ -1023307.0, 4687341.0 ], [ -1023316.0, 4687325.0 ], [ -1023313.0, 4687323.0 ], [ -1023306.0, 4687319.0 ], [ -1023333.0, 4687272.0 ] ] } },
{ "type": "Feature", "properties": { "betweenness_centrality": 0.0092915214866434379, "source": 4357882443, "target": 6273933810, "ordering_betweenness_centrality": 82, "length": 1073, "length_cumulative": 147030 }, "geometry": { "type": "LineString", "coordinates": [ [ -1018296.0, 4684983.0 ], [ -1018286.0, 4684985.0 ], [ -1018279.0, 4684986.0 ], [ -1018268.0, 4684988.0 ], [ -1018236.0, 4684995.0 ], [ -1018227.0, 4684970.0 ], [ -1018223.0, 4684970.0 ], [ -1018214.0, 4684972.0 ], [ -1018168.0, 4684981.0 ], [ -1018107.0, 4684993.0 ], [ -1018095.0, 4684995.0 ], [ -1018071.0, 4685000.0 ], [ -1018027.0, 4685008.0 ], [ -1017988.0, 4685016.0 ], [ -1017984.0, 4685017.0 ], [ -1017968.0, 4685020.0 ], [ -1017955.0, 4684992.0 ], [ -1017940.0, 4684998.0 ], [ -1017891.0, 4685021.0 ], [ -1017881.0, 4685024.0 ], [ -1017822.0, 4685052.0 ], [ -1017800.0, 4685062.0 ], [ -1017695.0, 4685110.0 ], [ -1017593.0, 4685157.0 ], [ -1017489.0, 4685182.0 ], [ -1017480.0, 4685184.0 ], [ -1017475.0, 4685183.0 ], [ -1017470.0, 4685180.0 ], [ -1017450.0, 4685185.0 ], [ -1017430.0, 4685190.0 ], [ -1017426.0, 4685191.0 ], [ -1017437.0, 4685221.0 ], [ -1017428.0, 4685223.0 ], [ -1017423.0, 4685224.0 ], [ -1017417.0, 4685226.0 ], [ -1017409.0, 4685231.0 ], [ -1017410.0, 4685239.0 ], [ -1017410.0, 4685240.0 ], [ -1017410.0, 4685244.0 ], [ -1017411.0, 4685249.0 ], [ -1017411.0, 4685253.0 ], [ -1017418.0, 4685271.0 ], [ -1017426.0, 4685287.0 ] ] } },
{ "type": "Feature", "properties": { "betweenness_centrality": 0.0090011614401858311, "source": 364000708, "target": 376811870, "ordering_betweenness_centrality": 83, "length": 222, "length_cumulative": 147252 }, "geometry": { "type": "LineString", "coordinates": [ [ -1017642.0, 4680963.0 ], [ -1017630.0, 4680972.0 ], [ -1017625.0, 4680975.0 ], [ -1017600.0, 4680992.0 ], [ -1017595.0, 4680996.0 ], [ -1017590.0, 4680999.0 ], [ -1017586.0, 4681002.0 ], [ -1017584.0, 4681004.0 ], [ -1017588.0, 4681010.0 ], [ -1017612.0, 4681046.0 ], [ -1017619.0, 4681057.0 ], [ -1017659.0, 4681121.0 ], [ -1017660.0, 4681133.0 ] ] } },
{ "type": "Feature", "properties": { "betweenness_centrality": 0.0081300813008130073, "source": 2182353146, "target": 9196746624, "ordering_betweenness_centrality": 84, "length": 1874, "length_cumulative": 149126 }, "geometry": { "type": "LineString", "coordinates": [ [ -1019588.0, 4684164.0 ], [ -1019586.0, 4684164.0 ], [ -1019584.0, 4684162.0 ], [ -1019581.0, 4684160.0 ], [ -1019579.0, 4684159.0 ], [ -1019578.0, 4684159.0 ], [ -1019576.0, 4684158.0 ], [ -1019574.0, 4684159.0 ], [ -1019573.0, 4684160.0 ], [ -1019571.0, 4684161.0 ], [ -1019570.0, 4684162.0 ], [ -1019569.0, 4684163.0 ], [ -1019566.0, 4684164.0 ], [ -1019564.0, 4684165.0 ], [ -1019547.0, 4684169.0 ], [ -1019567.0, 4684207.0 ], [ -1019557.0, 4684212.0 ], [ -1019553.0, 4684220.0 ], [ -1019536.0, 4684241.0 ], [ -1019535.0, 4684243.0 ], [ -1019535.0, 4684244.0 ], [ -1019535.0, 4684246.0 ], [ -1019536.0, 4684247.0 ], [ -1019509.0, 4684262.0 ], [ -1019468.0, 4684285.0 ], [ -1019460.0, 4684289.0 ], [ -1019454.0, 4684292.0 ], [ -1019450.0, 4684293.0 ], [ -1019445.0, 4684293.0 ], [ -1019441.0, 4684292.0 ], [ -1019440.0, 4684296.0 ], [ -1019439.0, 4684298.0 ], [ -1019437.0, 4684307.0 ], [ -1019434.0, 4684316.0 ], [ -1019430.0, 4684318.0 ], [ -1019436.0, 4684328.0 ], [ -1019445.0, 4684346.0 ], [ -1019450.0, 4684354.0 ], [ -1019451.0, 4684357.0 ], [ -1019451.0, 4684358.0 ], [ -1019451.0, 4684359.0 ], [ -1019449.0, 4684360.0 ], [ -1019441.0, 4684365.0 ], [ -1019430.0, 4684371.0 ], [ -1019420.0, 4684377.0 ], [ -1019427.0, 4684390.0 ], [ -1019437.0, 4684413.0 ], [ -1019443.0, 4684424.0 ], [ -1019448.0, 4684434.0 ], [ -1019465.0, 4684464.0 ], [ -1019495.0, 4684518.0 ], [ -1019518.0, 4684555.0 ], [ -1019536.0, 4684587.0 ], [ -1019559.0, 4684625.0 ], [ -1019582.0, 4684665.0 ], [ -1019599.0, 4684703.0 ], [ -1019604.0, 4684731.0 ], [ -1019604.0, 4684739.0 ], [ -1019602.0, 4684748.0 ], [ -1019600.0, 4684757.0 ], [ -1019596.0, 4684765.0 ], [ -1019590.0, 4684773.0 ], [ -1019587.0, 4684777.0 ], [ -1019575.0, 4684788.0 ], [ -1019564.0, 4684795.0 ], [ -1019508.0, 4684832.0 ], [ -1019497.0, 4684838.0 ], [ -1019454.0, 4684862.0 ], [ -1019445.0, 4684867.0 ], [ -1019435.0, 4684872.0 ], [ -1019379.0, 4684903.0 ], [ -1019373.0, 4684907.0 ], [ -1019367.0, 4684913.0 ], [ -1019321.0, 4684949.0 ], [ -1019266.0, 4684994.0 ], [ -1019251.0, 4685006.0 ], [ -1019271.0, 4685070.0 ], [ -1019292.0, 4685133.0 ], [ -1019309.0, 4685185.0 ], [ -1019313.0, 4685198.0 ], [ -1019318.0, 4685212.0 ], [ -1019326.0, 4685244.0 ], [ -1019328.0, 4685249.0 ], [ -1019334.0, 4685272.0 ], [ -1019335.0, 4685275.0 ], [ -1019337.0, 4685277.0 ], [ -1019340.0, 4685279.0 ], [ -1019345.0, 4685277.0 ], [ -1019335.0, 4685298.0 ], [ -1019338.0, 4685298.0 ], [ -1019342.0, 4685300.0 ], [ -1019344.0, 4685305.0 ], [ -1019346.0, 4685315.0 ], [ -1019359.0, 4685379.0 ], [ -1019346.0, 4685373.0 ], [ -1019319.0, 4685378.0 ], [ -1019310.0, 4685412.0 ], [ -1019308.0, 4685416.0 ], [ -1019307.0, 4685421.0 ], [ -1019305.0, 4685426.0 ], [ -1019305.0, 4685429.0 ], [ -1019322.0, 4685461.0 ], [ -1019327.0, 4685470.0 ], [ -1019329.0, 4685474.0 ], [ -1019334.0, 4685483.0 ], [ -1019336.0, 4685487.0 ], [ -1019339.0, 4685492.0 ], [ -1019343.0, 4685499.0 ], [ -1019348.0, 4685507.0 ], [ -1019352.0, 4685514.0 ], [ -1019339.0, 4685520.0 ], [ -1019359.0, 4685561.0 ] ] } },
{ "type": "Feature", "properties": { "betweenness_centrality": 0.0081300813008130073, "source": 1122767518, "target": 11171974060, "ordering_betweenness_centrality": 85, "length": 2755, "length_cumulative": 151882 }, "geometry": { "type": "LineString", "coordinates": [ [ -1021199.0, 4679694.0 ], [ -1021195.0, 4679691.0 ], [ -1021189.0, 4679687.0 ], [ -1021166.0, 4679672.0 ], [ -1021156.0, 4679666.0 ], [ -1021148.0, 4679661.0 ], [ -1021144.0, 4679659.0 ], [ -1021123.0, 4679648.0 ], [ -1021099.0, 4679640.0 ], [ -1021089.0, 4679636.0 ], [ -1021078.0, 4679632.0 ], [ -1021061.0, 4679625.0 ], [ -1021000.0, 4679601.0 ], [ -1020994.0, 4679599.0 ], [ -1020964.0, 4679587.0 ], [ -1020947.0, 4679580.0 ], [ -1020935.0, 4679575.0 ], [ -1020916.0, 4679565.0 ], [ -1020910.0, 4679561.0 ], [ -1020901.0, 4679554.0 ], [ -1020877.0, 4679537.0 ], [ -1020833.0, 4679508.0 ], [ -1020821.0, 4679500.0 ], [ -1020804.0, 4679489.0 ], [ -1020799.0, 4679486.0 ], [ -1020796.0, 4679484.0 ], [ -1020791.0, 4679481.0 ], [ -1020787.0, 4679479.0 ], [ -1020783.0, 4679477.0 ], [ -1020776.0, 4679474.0 ], [ -1020759.0, 4679469.0 ], [ -1020723.0, 4679460.0 ], [ -1020712.0, 4679458.0 ], [ -1020707.0, 4679458.0 ], [ -1020702.0, 4679457.0 ], [ -1020693.0, 4679458.0 ], [ -1020682.0, 4679459.0 ], [ -1020626.0, 4679462.0 ], [ -1020594.0, 4679464.0 ], [ -1020570.0, 4679465.0 ], [ -1020563.0, 4679465.0 ], [ -1020555.0, 4679464.0 ], [ -1020544.0, 4679462.0 ], [ -1020506.0, 4679451.0 ], [ -1020503.0, 4679450.0 ], [ -1020499.0, 4679449.0 ], [ -1020487.0, 4679446.0 ], [ -1020476.0, 4679443.0 ], [ -1020464.0, 4679440.0 ], [ -1020453.0, 4679438.0 ], [ -1020445.0, 4679436.0 ], [ -1020437.0, 4679435.0 ], [ -1020347.0, 4679419.0 ], [ -1020339.0, 4679418.0 ], [ -1020330.0, 4679417.0 ], [ -1020321.0, 4679417.0 ], [ -1020312.0, 4679417.0 ], [ -1020283.0, 4679419.0 ], [ -1020270.0, 4679419.0 ], [ -1020255.0, 4679420.0 ], [ -1020228.0, 4679422.0 ], [ -1020183.0, 4679429.0 ], [ -1020166.0, 4679432.0 ], [ -1020156.0, 4679433.0 ], [ -1020147.0, 4679435.0 ], [ -1020113.0, 4679440.0 ], [ -1020087.0, 4679443.0 ], [ -1020054.0, 4679448.0 ], [ -1020045.0, 4679449.0 ], [ -1020037.0, 4679449.0 ], [ -1020023.0, 4679450.0 ], [ -1019951.0, 4679457.0 ], [ -1019940.0, 4679457.0 ], [ -1019933.0, 4679459.0 ], [ -1019926.0, 4679460.0 ], [ -1019922.0, 4679462.0 ], [ -1019920.0, 4679463.0 ], [ -1019916.0, 4679465.0 ], [ -1019914.0, 4679466.0 ], [ -1019872.0, 4679490.0 ], [ -1019838.0, 4679509.0 ], [ -1019829.0, 4679514.0 ], [ -1019819.0, 4679520.0 ], [ -1019800.0, 4679531.0 ], [ -1019793.0, 4679535.0 ], [ -1019761.0, 4679553.0 ], [ -1019760.0, 4679554.0 ], [ -1019740.0, 4679564.0 ], [ -1019737.0, 4679566.0 ], [ -1019724.0, 4679573.0 ], [ -1019719.0, 4679577.0 ], [ -1019667.0, 4679610.0 ], [ -1019615.0, 4679644.0 ], [ -1019556.0, 4679684.0 ], [ -1019527.0, 4679706.0 ], [ -1019502.0, 4679725.0 ], [ -1019497.0, 4679729.0 ], [ -1019475.0, 4679746.0 ], [ -1019466.0, 4679753.0 ], [ -1019463.0, 4679756.0 ], [ -1019461.0, 4679757.0 ], [ -1019460.0, 4679758.0 ], [ -1019454.0, 4679762.0 ], [ -1019447.0, 4679768.0 ], [ -1019408.0, 4679791.0 ], [ -1019400.0, 4679796.0 ], [ -1019394.0, 4679799.0 ], [ -1019366.0, 4679808.0 ], [ -1019332.0, 4679823.0 ], [ -1019307.0, 4679836.0 ], [ -1019282.0, 4679848.0 ], [ -1019268.0, 4679853.0 ], [ -1019222.0, 4679869.0 ], [ -1019199.0, 4679877.0 ], [ -1019078.0, 4679919.0 ], [ -1019033.0, 4679934.0 ], [ -1019020.0, 4679939.0 ], [ -1018912.0, 4679976.0 ], [ -1018908.0, 4679978.0 ], [ -1018898.0, 4679995.0 ], [ -1018895.0, 4679990.0 ], [ -1018890.0, 4679987.0 ], [ -1018886.0, 4679987.0 ], [ -1018884.0, 4679986.0 ], [ -1018878.0, 4679988.0 ], [ -1018839.0, 4680002.0 ], [ -1018809.0, 4680012.0 ], [ -1018804.0, 4680014.0 ], [ -1018796.0, 4680017.0 ], [ -1018785.0, 4680020.0 ], [ -1018776.0, 4680023.0 ], [ -1018768.0, 4680025.0 ], [ -1018746.0, 4680032.0 ], [ -1018714.0, 4680043.0 ], [ -1018667.0, 4680057.0 ] ] } },
{ "type": "Feature", "properties": { "betweenness_centrality": 0.0081300813008130073, "source": 13500771182, "target": 12379062332, "ordering_betweenness_centrality": 86, "length": 225, "length_cumulative": 152107 }, "geometry": { "type": "LineString", "coordinates": [ [ -1021210.0, 4679928.0 ], [ -1021210.0, 4679917.0 ], [ -1021211.0, 4679904.0 ], [ -1021223.0, 4679904.0 ], [ -1021223.0, 4679887.0 ], [ -1021229.0, 4679802.0 ], [ -1021233.0, 4679781.0 ], [ -1021241.0, 4679773.0 ], [ -1021276.0, 4679750.0 ], [ -1021286.0, 4679742.0 ] ] } },
{ "type": "Feature", "properties": { "betweenness_centrality": 0.0081300813008130073, "source": 10048345477, "target": 1122508386, "ordering_betweenness_centrality": 88, "length": 8863, "length_cumulative": 160971 }, "geometry": { "type": "LineString", "coordinates": [ [ -1012727.0, 4689529.0 ], [ -1012739.0, 4689517.0 ], [ -1012744.0, 4689514.0 ], [ -1012750.0, 4689512.0 ], [ -1012751.0, 4689493.0 ], [ -1012755.0, 4689495.0 ], [ -1012759.0, 4689496.0 ], [ -1012830.0, 4689497.0 ], [ -1012874.0, 4689498.0 ], [ -1012939.0, 4689494.0 ], [ -1013020.0, 4689489.0 ], [ -1013194.0, 4689479.0 ], [ -1013221.0, 4689477.0 ], [ -1013302.0, 4689471.0 ], [ -1013326.0, 4689466.0 ], [ -1013350.0, 4689466.0 ], [ -1013369.0, 4689465.0 ], [ -1013373.0, 4689465.0 ], [ -1013386.0, 4689464.0 ], [ -1013396.0, 4689461.0 ], [ -1013403.0, 4689456.0 ], [ -1013407.0, 4689449.0 ], [ -1013410.0, 4689442.0 ], [ -1013412.0, 4689422.0 ], [ -1013409.0, 4689401.0 ], [ -1013401.0, 4689338.0 ], [ -1013396.0, 4689306.0 ], [ -1013423.0, 4689287.0 ], [ -1013453.0, 4689264.0 ], [ -1013473.0, 4689250.0 ], [ -1013498.0, 4689232.0 ], [ -1013503.0, 4689239.0 ], [ -1013509.0, 4689242.0 ], [ -1013528.0, 4689254.0 ], [ -1013530.0, 4689254.0 ], [ -1013531.0, 4689253.0 ], [ -1013535.0, 4689252.0 ], [ -1013539.0, 4689251.0 ], [ -1013541.0, 4689251.0 ], [ -1013542.0, 4689252.0 ], [ -1013549.0, 4689257.0 ], [ -1013560.0, 4689238.0 ], [ -1013567.0, 4689234.0 ], [ -1013574.0, 4689230.0 ], [ -1013580.0, 4689228.0 ], [ -1013591.0, 4689226.0 ], [ -1013596.0, 4689225.0 ], [ -1013604.0, 4689225.0 ], [ -1013614.0, 4689226.0 ], [ -1013631.0, 4689215.0 ], [ -1013635.0, 4689212.0 ], [ -1013672.0, 4689186.0 ], [ -1013747.0, 4689109.0 ], [ -1013787.0, 4689071.0 ], [ -1013806.0, 4689052.0 ], [ -1013826.0, 4689035.0 ], [ -1013836.0, 4689027.0 ], [ -1013852.0, 4689013.0 ], [ -1013874.0, 4688995.0 ], [ -1013876.0, 4688993.0 ], [ -1013919.0, 4688969.0 ], [ -1013943.0, 4688958.0 ], [ -1013947.0, 4688956.0 ], [ -1013960.0, 4688950.0 ], [ -1013987.0, 4688939.0 ], [ -1014004.0, 4688926.0 ], [ -1014027.0, 4688916.0 ], [ -1014028.0, 4688915.0 ], [ -1014040.0, 4688910.0 ], [ -1014053.0, 4688903.0 ], [ -1014065.0, 4688896.0 ], [ -1014076.0, 4688887.0 ], [ -1014077.0, 4688886.0 ], [ -1014113.0, 4688856.0 ], [ -1014128.0, 4688846.0 ], [ -1014146.0, 4688831.0 ], [ -1014149.0, 4688828.0 ], [ -1014177.0, 4688810.0 ], [ -1014199.0, 4688797.0 ], [ -1014242.0, 4688776.0 ], [ -1014284.0, 4688758.0 ], [ -1014304.0, 4688751.0 ], [ -1014314.0, 4688747.0 ], [ -1014360.0, 4688730.0 ], [ -1014391.0, 4688719.0 ], [ -1014405.0, 4688715.0 ], [ -1014438.0, 4688705.0 ], [ -1014475.0, 4688695.0 ], [ -1014512.0, 4688685.0 ], [ -1014551.0, 4688677.0 ], [ -1014576.0, 4688671.0 ], [ -1014595.0, 4688668.0 ], [ -1014601.0, 4688667.0 ], [ -1014607.0, 4688666.0 ], [ -1014612.0, 4688665.0 ], [ -1014636.0, 4688660.0 ], [ -1014688.0, 4688651.0 ], [ -1014715.0, 4688648.0 ], [ -1014742.0, 4688645.0 ], [ -1014860.0, 4688640.0 ], [ -1014891.0, 4688640.0 ], [ -1014906.0, 4688640.0 ], [ -1014931.0, 4688640.0 ], [ -1014956.0, 4688640.0 ], [ -1014998.0, 4688642.0 ], [ -1015034.0, 4688640.0 ], [ -1015059.0, 4688643.0 ], [ -1015073.0, 4688644.0 ], [ -1015079.0, 4688645.0 ], [ -1015100.0, 4688648.0 ], [ -1015122.0, 4688650.0 ], [ -1015145.0, 4688654.0 ], [ -1015160.0, 4688656.0 ], [ -1015178.0, 4688660.0 ], [ -1015192.0, 4688662.0 ], [ -1015220.0, 4688667.0 ], [ -1015510.0, 4688705.0 ], [ -1015544.0, 4688709.0 ], [ -1015575.0, 4688712.0 ], [ -1015589.0, 4688714.0 ], [ -1015609.0, 4688716.0 ], [ -1015638.0, 4688715.0 ], [ -1015649.0, 4688712.0 ], [ -1015659.0, 4688709.0 ], [ -1015668.0, 4688704.0 ], [ -1015686.0, 4688684.0 ], [ -1015707.0, 4688627.0 ], [ -1015739.0, 4688545.0 ], [ -1015771.0, 4688478.0 ], [ -1015819.0, 4688389.0 ], [ -1015853.0, 4688335.0 ], [ -1015890.0, 4688281.0 ], [ -1015956.0, 4688189.0 ], [ -1016016.0, 4688120.0 ], [ -1016137.0, 4687975.0 ], [ -1016246.0, 4687850.0 ], [ -1016253.0, 4687839.0 ], [ -1016255.0, 4687829.0 ], [ -1016255.0, 4687819.0 ], [ -1016262.0, 4687826.0 ], [ -1016270.0, 4687832.0 ], [ -1016283.0, 4687837.0 ], [ -1016293.0, 4687841.0 ], [ -1016306.0, 4687841.0 ], [ -1016319.0, 4687837.0 ], [ -1016334.0, 4687827.0 ], [ -1016345.0, 4687813.0 ], [ -1016364.0, 4687802.0 ], [ -1016367.0, 4687800.0 ], [ -1016398.0, 4687786.0 ], [ -1016421.0, 4687777.0 ], [ -1016442.0, 4687774.0 ], [ -1016465.0, 4687775.0 ], [ -1016486.0, 4687781.0 ], [ -1016506.0, 4687789.0 ], [ -1016570.0, 4687825.0 ], [ -1016611.0, 4687848.0 ], [ -1016654.0, 4687862.0 ], [ -1016665.0, 4687866.0 ], [ -1016726.0, 4687871.0 ], [ -1016754.0, 4687870.0 ], [ -1016809.0, 4687865.0 ], [ -1016864.0, 4687852.0 ], [ -1016977.0, 4687826.0 ], [ -1017075.0, 4687810.0 ], [ -1017153.0, 4687812.0 ], [ -1017269.0, 4687814.0 ], [ -1017377.0, 4687812.0 ], [ -1017421.0, 4687811.0 ], [ -1017487.0, 4687808.0 ], [ -1017591.0, 4687798.0 ], [ -1017625.0, 4687794.0 ], [ -1017669.0, 4687788.0 ], [ -1017764.0, 4687772.0 ], [ -1017778.0, 4687770.0 ], [ -1017822.0, 4687761.0 ], [ -1017989.0, 4687723.0 ], [ -1018014.0, 4687717.0 ], [ -1018166.0, 4687697.0 ], [ -1018188.0, 4687694.0 ], [ -1018192.0, 4687695.0 ], [ -1018196.0, 4687695.0 ], [ -1018200.0, 4687697.0 ], [ -1018205.0, 4687699.0 ], [ -1018208.0, 4687702.0 ], [ -1018211.0, 4687706.0 ], [ -1018214.0, 4687710.0 ], [ -1018218.0, 4687719.0 ], [ -1018232.0, 4687752.0 ], [ -1018234.0, 4687759.0 ], [ -1018236.0, 4687766.0 ], [ -1018240.0, 4687773.0 ], [ -1018244.0, 4687780.0 ], [ -1018251.0, 4687787.0 ], [ -1018259.0, 4687794.0 ], [ -1018266.0, 4687800.0 ], [ -1018276.0, 4687808.0 ], [ -1018281.0, 4687810.0 ], [ -1018286.0, 4687812.0 ], [ -1018291.0, 4687813.0 ], [ -1018297.0, 4687815.0 ], [ -1018303.0, 4687816.0 ], [ -1018312.0, 4687817.0 ], [ -1018331.0, 4687829.0 ], [ -1018339.0, 4687842.0 ], [ -1018343.0, 4687877.0 ], [ -1018364.0, 4688103.0 ], [ -1018366.0, 4688130.0 ], [ -1018382.0, 4688289.0 ], [ -1018392.0, 4688388.0 ], [ -1018405.0, 4688387.0 ], [ -1018428.0, 4688385.0 ], [ -1018434.0, 4688384.0 ], [ -1018436.0, 4688399.0 ], [ -1018437.0, 4688408.0 ], [ -1018438.0, 4688423.0 ], [ -1018445.0, 4688496.0 ], [ -1018464.0, 4688494.0 ], [ -1018471.0, 4688568.0 ], [ -1018476.0, 4688568.0 ], [ -1018482.0, 4688567.0 ], [ -1018489.0, 4688569.0 ], [ -1018496.0, 4688574.0 ], [ -1018503.0, 4688590.0 ], [ -1018514.0, 4688591.0 ], [ -1018539.0, 4688586.0 ], [ -1018558.0, 4688582.0 ], [ -1018579.0, 4688581.0 ], [ -1018616.0, 4688577.0 ], [ -1018638.0, 4688580.0 ], [ -1018659.0, 4688589.0 ], [ -1018666.0, 4688595.0 ], [ -1018682.0, 4688595.0 ], [ -1018699.0, 4688598.0 ], [ -1018774.0, 4688651.0 ], [ -1018795.0, 4688669.0 ], [ -1018818.0, 4688686.0 ], [ -1018830.0, 4688695.0 ], [ -1018880.0, 4688732.0 ], [ -1018950.0, 4688774.0 ], [ -1019013.0, 4688753.0 ], [ -1019026.0, 4688748.0 ], [ -1019044.0, 4688742.0 ], [ -1019056.0, 4688738.0 ], [ -1019103.0, 4688772.0 ], [ -1019127.0, 4688789.0 ], [ -1019173.0, 4688823.0 ], [ -1019177.0, 4688826.0 ], [ -1019178.0, 4688827.0 ], [ -1019222.0, 4688859.0 ], [ -1019248.0, 4688880.0 ], [ -1019255.0, 4688885.0 ], [ -1019263.0, 4688890.0 ], [ -1019296.0, 4688906.0 ], [ -1019302.0, 4688917.0 ], [ -1019342.0, 4688902.0 ], [ -1019346.0, 4688910.0 ], [ -1019347.0, 4688921.0 ], [ -1019351.0, 4688936.0 ], [ -1019405.0, 4688921.0 ], [ -1019424.0, 4688996.0 ], [ -1019426.0, 4689001.0 ], [ -1019430.0, 4689009.0 ], [ -1019432.0, 4689014.0 ], [ -1019433.0, 4689027.0 ], [ -1019435.0, 4689039.0 ], [ -1019436.0, 4689045.0 ], [ -1019439.0, 4689054.0 ], [ -1019440.0, 4689061.0 ], [ -1019441.0, 4689066.0 ], [ -1019441.0, 4689071.0 ], [ -1019445.0, 4689074.0 ], [ -1019451.0, 4689080.0 ], [ -1019454.0, 4689080.0 ], [ -1019545.0, 4689060.0 ], [ -1019568.0, 4689055.0 ], [ -1019572.0, 4689053.0 ], [ -1019579.0, 4689050.0 ], [ -1019582.0, 4689048.0 ], [ -1019587.0, 4689048.0 ], [ -1019590.0, 4689047.0 ], [ -1019593.0, 4689046.0 ], [ -1019595.0, 4689045.0 ] ] } },
{ "type": "Feature", "properties": { "betweenness_centrality": 0.0069686411149825784, "source": 9556520076, "target": 1122508386, "ordering_betweenness_centrality": 89, "length": 2709, "length_cumulative": 163680 }, "geometry": { "type": "LineString", "coordinates": [ [ -1014166.0, 4687596.0 ], [ -1014185.0, 4687581.0 ], [ -1014192.0, 4687577.0 ], [ -1014201.0, 4687583.0 ], [ -1014228.0, 4687567.0 ], [ -1014255.0, 4687551.0 ], [ -1014287.0, 4687533.0 ], [ -1014315.0, 4687517.0 ], [ -1014330.0, 4687514.0 ], [ -1014337.0, 4687513.0 ], [ -1014343.0, 4687514.0 ], [ -1014357.0, 4687520.0 ], [ -1014367.0, 4687532.0 ], [ -1014369.0, 4687536.0 ], [ -1014379.0, 4687559.0 ], [ -1014391.0, 4687585.0 ], [ -1014400.0, 4687602.0 ], [ -1014405.0, 4687610.0 ], [ -1014414.0, 4687618.0 ], [ -1014423.0, 4687621.0 ], [ -1014428.0, 4687622.0 ], [ -1014440.0, 4687624.0 ], [ -1014461.0, 4687624.0 ], [ -1014477.0, 4687616.0 ], [ -1014481.0, 4687628.0 ], [ -1014486.0, 4687626.0 ], [ -1014503.0, 4687619.0 ], [ -1014507.0, 4687617.0 ], [ -1014514.0, 4687615.0 ], [ -1014563.0, 4687596.0 ], [ -1014583.0, 4687591.0 ], [ -1014585.0, 4687592.0 ], [ -1014633.0, 4687611.0 ], [ -1014637.0, 4687617.0 ], [ -1014643.0, 4687622.0 ], [ -1014656.0, 4687626.0 ], [ -1014829.0, 4687693.0 ], [ -1014834.0, 4687695.0 ], [ -1014841.0, 4687698.0 ], [ -1014847.0, 4687700.0 ], [ -1014852.0, 4687702.0 ], [ -1014866.0, 4687707.0 ], [ -1014865.0, 4687710.0 ], [ -1014867.0, 4687711.0 ], [ -1014872.0, 4687713.0 ], [ -1014874.0, 4687713.0 ], [ -1014877.0, 4687715.0 ], [ -1014901.0, 4687724.0 ], [ -1014916.0, 4687730.0 ], [ -1014930.0, 4687735.0 ], [ -1014934.0, 4687747.0 ], [ -1014936.0, 4687746.0 ], [ -1014944.0, 4687745.0 ], [ -1014952.0, 4687743.0 ], [ -1014954.0, 4687742.0 ], [ -1014955.0, 4687743.0 ], [ -1014976.0, 4687747.0 ], [ -1015015.0, 4687755.0 ], [ -1015024.0, 4687757.0 ], [ -1015059.0, 4687765.0 ], [ -1015082.0, 4687766.0 ], [ -1015112.0, 4687768.0 ], [ -1015114.0, 4687769.0 ], [ -1015118.0, 4687769.0 ], [ -1015121.0, 4687769.0 ], [ -1015123.0, 4687768.0 ], [ -1015162.0, 4687733.0 ], [ -1015172.0, 4687725.0 ], [ -1015180.0, 4687720.0 ], [ -1015197.0, 4687712.0 ], [ -1015210.0, 4687702.0 ], [ -1015215.0, 4687698.0 ], [ -1015228.0, 4687694.0 ], [ -1015239.0, 4687684.0 ], [ -1015239.0, 4687683.0 ], [ -1015244.0, 4687683.0 ], [ -1015251.0, 4687683.0 ], [ -1015256.0, 4687683.0 ], [ -1015267.0, 4687670.0 ], [ -1015276.0, 4687655.0 ], [ -1015298.0, 4687608.0 ], [ -1015305.0, 4687590.0 ], [ -1015311.0, 4687582.0 ], [ -1015317.0, 4687575.0 ], [ -1015335.0, 4687559.0 ], [ -1015344.0, 4687557.0 ], [ -1015362.0, 4687551.0 ], [ -1015378.0, 4687551.0 ], [ -1015384.0, 4687552.0 ], [ -1015401.0, 4687556.0 ], [ -1015437.0, 4687570.0 ], [ -1015469.0, 4687582.0 ], [ -1015488.0, 4687589.0 ], [ -1015537.0, 4687607.0 ], [ -1015587.0, 4687624.0 ], [ -1015670.0, 4687649.0 ], [ -1015764.0, 4687685.0 ], [ -1015871.0, 4687726.0 ], [ -1015919.0, 4687740.0 ], [ -1015988.0, 4687758.0 ], [ -1016099.0, 4687776.0 ], [ -1016204.0, 4687788.0 ], [ -1016231.0, 4687791.0 ], [ -1016259.0, 4687793.0 ], [ -1016286.0, 4687792.0 ], [ -1016311.0, 4687791.0 ], [ -1016336.0, 4687788.0 ], [ -1016364.0, 4687783.0 ], [ -1016395.0, 4687775.0 ], [ -1016421.0, 4687767.0 ], [ -1016439.0, 4687764.0 ], [ -1016455.0, 4687764.0 ], [ -1016477.0, 4687768.0 ], [ -1016494.0, 4687773.0 ], [ -1016523.0, 4687789.0 ], [ -1016570.0, 4687825.0 ] ] } },
{ "type": "Feature", "properties": { "betweenness_centrality": 0.0069686411149825784, "source": 9491204076, "target": 1145516288, "ordering_betweenness_centrality": 90, "length": 2309, "length_cumulative": 165989 }, "geometry": { "type": "LineString", "coordinates": [ [ -1014046.0, 4684395.0 ], [ -1014015.0, 4684427.0 ], [ -1013987.0, 4684456.0 ], [ -1013970.0, 4684470.0 ], [ -1013955.0, 4684476.0 ], [ -1013939.0, 4684472.0 ], [ -1013929.0, 4684458.0 ], [ -1013910.0, 4684423.0 ], [ -1013907.0, 4684420.0 ], [ -1013905.0, 4684416.0 ], [ -1013902.0, 4684412.0 ], [ -1013899.0, 4684404.0 ], [ -1013896.0, 4684391.0 ], [ -1013870.0, 4684361.0 ], [ -1013831.0, 4684311.0 ], [ -1013795.0, 4684265.0 ], [ -1013809.0, 4684243.0 ], [ -1013816.0, 4684223.0 ], [ -1013817.0, 4684219.0 ], [ -1013843.0, 4684133.0 ], [ -1013885.0, 4684005.0 ], [ -1013888.0, 4683996.0 ], [ -1013902.0, 4683961.0 ], [ -1013945.0, 4683837.0 ], [ -1013958.0, 4683819.0 ], [ -1013970.0, 4683800.0 ], [ -1013987.0, 4683771.0 ], [ -1013995.0, 4683755.0 ], [ -1014007.0, 4683730.0 ], [ -1014020.0, 4683721.0 ], [ -1014033.0, 4683707.0 ], [ -1014041.0, 4683696.0 ], [ -1014044.0, 4683692.0 ], [ -1014062.0, 4683655.0 ], [ -1014080.0, 4683617.0 ], [ -1014091.0, 4683588.0 ], [ -1014098.0, 4683562.0 ], [ -1014099.0, 4683532.0 ], [ -1014099.0, 4683480.0 ], [ -1014097.0, 4683433.0 ], [ -1014096.0, 4683404.0 ], [ -1014101.0, 4683385.0 ], [ -1014108.0, 4683355.0 ], [ -1014113.0, 4683333.0 ], [ -1014110.0, 4683262.0 ], [ -1014104.0, 4683256.0 ], [ -1014097.0, 4683249.0 ], [ -1014083.0, 4683228.0 ], [ -1014078.0, 4683220.0 ], [ -1014068.0, 4683201.0 ], [ -1014066.0, 4683196.0 ], [ -1014045.0, 4683168.0 ], [ -1013979.0, 4683067.0 ], [ -1013960.0, 4683039.0 ], [ -1013939.0, 4683010.0 ], [ -1013936.0, 4683004.0 ], [ -1013940.0, 4682995.0 ], [ -1013946.0, 4682987.0 ], [ -1013954.0, 4682977.0 ], [ -1013986.0, 4682943.0 ], [ -1014003.0, 4682924.0 ], [ -1014008.0, 4682920.0 ], [ -1014016.0, 4682909.0 ], [ -1014023.0, 4682900.0 ], [ -1014051.0, 4682859.0 ], [ -1014057.0, 4682851.0 ], [ -1014068.0, 4682835.0 ], [ -1014060.0, 4682829.0 ], [ -1014019.0, 4682798.0 ], [ -1014012.0, 4682794.0 ], [ -1014020.0, 4682783.0 ], [ -1014128.0, 4682645.0 ], [ -1014132.0, 4682639.0 ], [ -1014135.0, 4682634.0 ], [ -1014138.0, 4682628.0 ], [ -1014142.0, 4682614.0 ], [ -1014138.0, 4682613.0 ], [ -1014134.0, 4682612.0 ], [ -1014131.0, 4682610.0 ], [ -1014124.0, 4682603.0 ] ] } },
{ "type": "Feature", "properties": { "betweenness_centrality": 0.0069686411149825784, "source": 11171974060, "target": 11582750223, "ordering_betweenness_centrality": 91, "length": 865, "length_cumulative": 166855 }, "geometry": { "type": "LineString", "coordinates": [ [ -1019134.0, 4679653.0 ], [ -1019136.0, 4679660.0 ], [ -1019167.0, 4679652.0 ], [ -1019168.0, 4679655.0 ], [ -1019168.0, 4679657.0 ], [ -1019135.0, 4679666.0 ], [ -1019119.0, 4679669.0 ], [ -1019124.0, 4679690.0 ], [ -1019140.0, 4679686.0 ], [ -1019144.0, 4679686.0 ], [ -1019145.0, 4679690.0 ], [ -1019145.0, 4679692.0 ], [ -1019160.0, 4679689.0 ], [ -1019161.0, 4679693.0 ], [ -1019161.0, 4679694.0 ], [ -1019162.0, 4679698.0 ], [ -1019163.0, 4679702.0 ], [ -1019164.0, 4679705.0 ], [ -1019172.0, 4679703.0 ], [ -1019173.0, 4679708.0 ], [ -1019177.0, 4679722.0 ], [ -1019206.0, 4679714.0 ], [ -1019233.0, 4679704.0 ], [ -1019272.0, 4679684.0 ], [ -1019343.0, 4679641.0 ], [ -1019373.0, 4679622.0 ], [ -1019381.0, 4679622.0 ], [ -1019392.0, 4679622.0 ], [ -1019404.0, 4679617.0 ], [ -1019431.0, 4679600.0 ], [ -1019520.0, 4679547.0 ], [ -1019525.0, 4679554.0 ], [ -1019527.0, 4679559.0 ], [ -1019538.0, 4679575.0 ], [ -1019541.0, 4679581.0 ], [ -1019551.0, 4679575.0 ], [ -1019567.0, 4679566.0 ], [ -1019569.0, 4679569.0 ], [ -1019574.0, 4679565.0 ], [ -1019587.0, 4679557.0 ], [ -1019601.0, 4679548.0 ], [ -1019606.0, 4679558.0 ], [ -1019614.0, 4679571.0 ], [ -1019633.0, 4679567.0 ], [ -1019661.0, 4679557.0 ], [ -1019673.0, 4679551.0 ], [ -1019693.0, 4679541.0 ], [ -1019703.0, 4679538.0 ], [ -1019724.0, 4679573.0 ] ] } },
{ "type": "Feature", "properties": { "betweenness_centrality": 0.0058072009291521487, "source": 8564164552, "target": 4293972231, "ordering_betweenness_centrality": 93, "length": 1227, "length_cumulative": 168082 }, "geometry": { "type": "MultiLineString", "coordinates": [ [ [ -1020611.0, 4683314.0 ], [ -1020615.0, 4683312.0 ] ], [ [ -1020615.0, 4683312.0 ], [ -1020618.0, 4683311.0 ] ], [ [ -1020617.0, 4683320.0 ], [ -1020620.0, 4683318.0 ] ], [ [ -1020620.0, 4683318.0 ], [ -1020625.0, 4683314.0 ] ], [ [ -1020562.0, 4683264.0 ], [ -1020566.0, 4683261.0 ], [ -1020565.0, 4683259.0 ], [ -1020563.0, 4683255.0 ], [ -1020562.0, 4683250.0 ], [ -1020562.0, 4683246.0 ], [ -1020564.0, 4683242.0 ], [ -1020566.0, 4683239.0 ], [ -1020569.0, 4683236.0 ], [ -1020573.0, 4683234.0 ], [ -1020578.0, 4683234.0 ], [ -1020582.0, 4683235.0 ], [ -1020585.0, 4683236.0 ], [ -1020588.0, 4683240.0 ], [ -1020590.0, 4683243.0 ], [ -1020590.0, 4683246.0 ], [ -1020589.0, 4683253.0 ], [ -1020589.0, 4683259.0 ], [ -1020589.0, 4683267.0 ], [ -1020590.0, 4683276.0 ], [ -1020593.0, 4683286.0 ], [ -1020596.0, 4683291.0 ], [ -1020600.0, 4683296.0 ], [ -1020604.0, 4683300.0 ], [ -1020615.0, 4683312.0 ] ], [ [ -1020615.0, 4683312.0 ], [ -1020620.0, 4683318.0 ] ], [ [ -1020620.0, 4683318.0 ], [ -1020703.0, 4683408.0 ], [ -1020705.0, 4683410.0 ], [ -1020706.0, 4683411.0 ], [ -1020706.0, 4683413.0 ], [ -1020706.0, 4683415.0 ], [ -1020705.0, 4683419.0 ], [ -1020703.0, 4683425.0 ], [ -1020693.0, 4683451.0 ], [ -1020698.0, 4683453.0 ] ], [ [ -1020883.0, 4684020.0 ], [ -1020797.0, 4684028.0 ], [ -1020674.0, 4684037.0 ], [ -1020630.0, 4684047.0 ], [ -1020619.0, 4684056.0 ], [ -1020613.0, 4684056.0 ], [ -1020609.0, 4684057.0 ], [ -1020602.0, 4684057.0 ], [ -1020587.0, 4684058.0 ], [ -1020576.0, 4684094.0 ], [ -1020571.0, 4684110.0 ], [ -1020547.0, 4684171.0 ], [ -1020522.0, 4684233.0 ], [ -1020514.0, 4684252.0 ], [ -1020504.0, 4684281.0 ], [ -1020484.0, 4684343.0 ], [ -1020467.0, 4684406.0 ], [ -1020462.0, 4684425.0 ], [ -1020461.0, 4684436.0 ], [ -1020462.0, 4684445.0 ], [ -1020463.0, 4684454.0 ], [ -1020465.0, 4684461.0 ], [ -1020470.0, 4684475.0 ], [ -1020473.0, 4684482.0 ], [ -1020484.0, 4684506.0 ], [ -1020493.0, 4684525.0 ], [ -1020495.0, 4684528.0 ], [ -1020500.0, 4684538.0 ], [ -1020513.0, 4684563.0 ], [ -1020516.0, 4684568.0 ], [ -1020510.0, 4684571.0 ], [ -1020507.0, 4684573.0 ], [ -1020523.0, 4684597.0 ], [ -1020521.0, 4684603.0 ] ] ] } },
{ "type": "Feature", "properties": { "betweenness_centrality": 0.0058072009291521487, "source": 1145508344, "target": 1145516288, "ordering_betweenness_centrality": 94, "length": 1001, "length_cumulative": 169084 }, "geometry": { "type": "LineString", "coordinates": [ [ -1013473.0, 4685241.0 ], [ -1013477.0, 4685237.0 ], [ -1013474.0, 4685234.0 ], [ -1013472.0, 4685231.0 ], [ -1013471.0, 4685228.0 ], [ -1013471.0, 4685225.0 ], [ -1013471.0, 4685222.0 ], [ -1013473.0, 4685218.0 ], [ -1013635.0, 4684965.0 ], [ -1013637.0, 4684963.0 ], [ -1013639.0, 4684960.0 ], [ -1013642.0, 4684957.0 ], [ -1013645.0, 4684955.0 ], [ -1013649.0, 4684954.0 ], [ -1013653.0, 4684953.0 ], [ -1013656.0, 4684954.0 ], [ -1013657.0, 4684952.0 ], [ -1013659.0, 4684949.0 ], [ -1013662.0, 4684944.0 ], [ -1013663.0, 4684943.0 ], [ -1013662.0, 4684941.0 ], [ -1013659.0, 4684935.0 ], [ -1013659.0, 4684933.0 ], [ -1013659.0, 4684931.0 ], [ -1013660.0, 4684929.0 ], [ -1013660.0, 4684927.0 ], [ -1013661.0, 4684925.0 ], [ -1013667.0, 4684915.0 ], [ -1013725.0, 4684821.0 ], [ -1013728.0, 4684818.0 ], [ -1013731.0, 4684815.0 ], [ -1013734.0, 4684814.0 ], [ -1013738.0, 4684813.0 ], [ -1013742.0, 4684813.0 ], [ -1013746.0, 4684814.0 ], [ -1013775.0, 4684826.0 ], [ -1013775.0, 4684825.0 ], [ -1013776.0, 4684821.0 ], [ -1013765.0, 4684783.0 ], [ -1013764.0, 4684757.0 ], [ -1013774.0, 4684728.0 ], [ -1013814.0, 4684666.0 ], [ -1013823.0, 4684637.0 ], [ -1013833.0, 4684612.0 ], [ -1013849.0, 4684587.0 ], [ -1013867.0, 4684567.0 ], [ -1013901.0, 4684541.0 ], [ -1013961.0, 4684501.0 ], [ -1013939.0, 4684472.0 ] ] } },
{ "type": "Feature", "properties": { "betweenness_centrality": 0.0058072009291521487, "source": 9556520076, "target": 1145508344, "ordering_betweenness_centrality": 95, "length": 1634, "length_cumulative": 170718 }, "geometry": { "type": "LineString", "coordinates": [ [ -1013447.0, 4687771.0 ], [ -1013445.0, 4687754.0 ], [ -1013440.0, 4687695.0 ], [ -1013434.0, 4687612.0 ], [ -1013424.0, 4687479.0 ], [ -1013414.0, 4687433.0 ], [ -1013413.0, 4687426.0 ], [ -1013407.0, 4687344.0 ], [ -1013404.0, 4687315.0 ], [ -1013401.0, 4687275.0 ], [ -1013401.0, 4687271.0 ], [ -1013388.0, 4687104.0 ], [ -1013382.0, 4687035.0 ], [ -1013381.0, 4687022.0 ], [ -1013383.0, 4686987.0 ], [ -1013383.0, 4686966.0 ], [ -1013379.0, 4686898.0 ], [ -1013371.0, 4686812.0 ], [ -1013367.0, 4686791.0 ], [ -1013366.0, 4686772.0 ], [ -1013364.0, 4686758.0 ], [ -1013363.0, 4686747.0 ], [ -1013362.0, 4686740.0 ], [ -1013360.0, 4686730.0 ], [ -1013362.0, 4686701.0 ], [ -1013358.0, 4686644.0 ], [ -1013358.0, 4686640.0 ], [ -1013356.0, 4686616.0 ], [ -1013356.0, 4686607.0 ], [ -1013356.0, 4686570.0 ], [ -1013361.0, 4686524.0 ], [ -1013365.0, 4686488.0 ], [ -1013366.0, 4686450.0 ], [ -1013381.0, 4686394.0 ], [ -1013401.0, 4686338.0 ], [ -1013404.0, 4686330.0 ], [ -1013427.0, 4686269.0 ], [ -1013448.0, 4686215.0 ], [ -1013453.0, 4686202.0 ], [ -1013462.0, 4686181.0 ], [ -1013464.0, 4686176.0 ], [ -1013452.0, 4686166.0 ] ] } },
{ "type": "Feature", "properties": { "betweenness_centrality": 0.0058072009291521487, "source": 1122508386, "target": 1934929584, "ordering_betweenness_centrality": 96, "length": 1415, "length_cumulative": 172133 }, "geometry": { "type": "LineString", "coordinates": [ [ -1014555.0, 4686667.0 ], [ -1014564.0, 4686681.0 ], [ -1014560.0, 4686688.0 ], [ -1014559.0, 4686690.0 ], [ -1014563.0, 4686697.0 ], [ -1014565.0, 4686700.0 ], [ -1014567.0, 4686703.0 ], [ -1014567.0, 4686705.0 ], [ -1014572.0, 4686721.0 ], [ -1014570.0, 4686722.0 ], [ -1014564.0, 4686732.0 ], [ -1014561.0, 4686738.0 ], [ -1014558.0, 4686749.0 ], [ -1014557.0, 4686754.0 ], [ -1014555.0, 4686761.0 ], [ -1014550.0, 4686773.0 ], [ -1014543.0, 4686789.0 ], [ -1014542.0, 4686794.0 ], [ -1014543.0, 4686800.0 ], [ -1014544.0, 4686805.0 ], [ -1014546.0, 4686810.0 ], [ -1014551.0, 4686817.0 ], [ -1014665.0, 4686861.0 ], [ -1014832.0, 4686926.0 ], [ -1014844.0, 4686931.0 ], [ -1014960.0, 4686976.0 ], [ -1014958.0, 4686979.0 ], [ -1014958.0, 4686980.0 ], [ -1014955.0, 4686987.0 ], [ -1014974.0, 4686993.0 ], [ -1014990.0, 4687004.0 ], [ -1015043.0, 4687024.0 ], [ -1015059.0, 4687030.0 ], [ -1015073.0, 4687036.0 ], [ -1015147.0, 4687065.0 ], [ -1015162.0, 4687074.0 ], [ -1015172.0, 4687084.0 ], [ -1015181.0, 4687097.0 ], [ -1015193.0, 4687121.0 ], [ -1015200.0, 4687135.0 ], [ -1015204.0, 4687146.0 ], [ -1015214.0, 4687169.0 ], [ -1015236.0, 4687212.0 ], [ -1015274.0, 4687281.0 ], [ -1015320.0, 4687349.0 ], [ -1015331.0, 4687377.0 ], [ -1015333.0, 4687401.0 ], [ -1015331.0, 4687416.0 ], [ -1015326.0, 4687431.0 ], [ -1015322.0, 4687440.0 ], [ -1015329.0, 4687441.0 ], [ -1015356.0, 4687449.0 ], [ -1015364.0, 4687446.0 ], [ -1015370.0, 4687481.0 ], [ -1015376.0, 4687499.0 ], [ -1015385.0, 4687506.0 ], [ -1015393.0, 4687512.0 ], [ -1015389.0, 4687521.0 ], [ -1015379.0, 4687544.0 ], [ -1015378.0, 4687551.0 ] ] } },
{ "type": "Feature", "properties": { "betweenness_centrality": 0.0046457607433217189, "source": 10048345477, "target": 247063638, "ordering_betweenness_centrality": 98, "length": 529, "length_cumulative": 172663 }, "geometry": { "type": "LineString", "coordinates": [ [ -1012933.0, 4690417.0 ], [ -1012939.0, 4690411.0 ], [ -1012942.0, 4690402.0 ], [ -1012942.0, 4690393.0 ], [ -1012933.0, 4690361.0 ], [ -1012927.0, 4690347.0 ], [ -1012921.0, 4690330.0 ], [ -1012912.0, 4690313.0 ], [ -1012905.0, 4690301.0 ], [ -1012887.0, 4690274.0 ], [ -1012879.0, 4690268.0 ], [ -1012869.0, 4690257.0 ], [ -1012863.0, 4690245.0 ], [ -1012838.0, 4690191.0 ], [ -1012767.0, 4690037.0 ], [ -1012783.0, 4690030.0 ], [ -1012772.0, 4690007.0 ], [ -1012747.0, 4689952.0 ] ] } },
{ "type": "Feature", "properties": { "betweenness_centrality": 0.0034843205574912892, "source": 11582750223, "target": 376811870, "ordering_betweenness_centrality": 100, "length": 1672, "length_cumulative": 174336 }, "geometry": { "type": "LineString", "coordinates": [ [ -1018005.0, 4679702.0 ], [ -1017997.0, 4679701.0 ], [ -1017996.0, 4679715.0 ], [ -1017981.0, 4679714.0 ], [ -1017973.0, 4679716.0 ], [ -1017969.0, 4679717.0 ], [ -1017966.0, 4679719.0 ], [ -1017964.0, 4679720.0 ], [ -1017961.0, 4679724.0 ], [ -1017959.0, 4679728.0 ], [ -1017956.0, 4679733.0 ], [ -1017952.0, 4679742.0 ], [ -1017935.0, 4679785.0 ], [ -1017915.0, 4679835.0 ], [ -1017900.0, 4679874.0 ], [ -1017900.0, 4679877.0 ], [ -1017899.0, 4679879.0 ], [ -1017888.0, 4679911.0 ], [ -1017887.0, 4679913.0 ], [ -1017867.0, 4680010.0 ], [ -1017865.0, 4680018.0 ], [ -1017863.0, 4680024.0 ], [ -1017857.0, 4680132.0 ], [ -1017856.0, 4680138.0 ], [ -1017854.0, 4680167.0 ], [ -1017852.0, 4680200.0 ], [ -1017851.0, 4680234.0 ], [ -1017849.0, 4680240.0 ], [ -1017848.0, 4680257.0 ], [ -1017851.0, 4680271.0 ], [ -1017832.0, 4680276.0 ], [ -1017807.0, 4680282.0 ], [ -1017798.0, 4680287.0 ], [ -1017795.0, 4680289.0 ], [ -1017793.0, 4680290.0 ], [ -1017791.0, 4680291.0 ], [ -1017784.0, 4680294.0 ], [ -1017782.0, 4680294.0 ], [ -1017769.0, 4680295.0 ], [ -1017759.0, 4680296.0 ], [ -1017741.0, 4680294.0 ], [ -1017735.0, 4680292.0 ], [ -1017723.0, 4680288.0 ], [ -1017723.0, 4680289.0 ], [ -1017721.0, 4680302.0 ], [ -1017720.0, 4680309.0 ], [ -1017718.0, 4680358.0 ], [ -1017715.0, 4680443.0 ], [ -1017715.0, 4680446.0 ], [ -1017714.0, 4680456.0 ], [ -1017708.0, 4680463.0 ], [ -1017707.0, 4680466.0 ], [ -1017702.0, 4680464.0 ], [ -1017691.0, 4680465.0 ], [ -1017676.0, 4680473.0 ], [ -1017661.0, 4680481.0 ], [ -1017599.0, 4680510.0 ], [ -1017594.0, 4680513.0 ], [ -1017588.0, 4680517.0 ], [ -1017561.0, 4680530.0 ], [ -1017554.0, 4680534.0 ], [ -1017558.0, 4680546.0 ], [ -1017558.0, 4680554.0 ], [ -1017563.0, 4680569.0 ], [ -1017562.0, 4680600.0 ], [ -1017561.0, 4680662.0 ], [ -1017561.0, 4680693.0 ], [ -1017544.0, 4680705.0 ], [ -1017549.0, 4680713.0 ], [ -1017547.0, 4680715.0 ], [ -1017542.0, 4680706.0 ], [ -1017531.0, 4680714.0 ], [ -1017527.0, 4680714.0 ], [ -1017524.0, 4680715.0 ], [ -1017517.0, 4680717.0 ], [ -1017513.0, 4680718.0 ], [ -1017515.0, 4680720.0 ], [ -1017516.0, 4680722.0 ], [ -1017517.0, 4680723.0 ], [ -1017518.0, 4680725.0 ], [ -1017520.0, 4680731.0 ], [ -1017540.0, 4680790.0 ], [ -1017543.0, 4680797.0 ], [ -1017543.0, 4680802.0 ], [ -1017542.0, 4680805.0 ], [ -1017540.0, 4680809.0 ], [ -1017536.0, 4680812.0 ], [ -1017523.0, 4680820.0 ], [ -1017520.0, 4680822.0 ], [ -1017523.0, 4680827.0 ], [ -1017528.0, 4680839.0 ], [ -1017538.0, 4680853.0 ], [ -1017592.0, 4680930.0 ], [ -1017597.0, 4680936.0 ], [ -1017618.0, 4680936.0 ], [ -1017625.0, 4680936.0 ], [ -1017631.0, 4680937.0 ], [ -1017637.0, 4680939.0 ], [ -1017643.0, 4680942.0 ], [ -1017647.0, 4680947.0 ], [ -1017653.0, 4680956.0 ], [ -1017648.0, 4680959.0 ] ] } },
{ "type": "Feature", "properties": { "betweenness_centrality": 0.0034843205574912892, "source": 1145508344, "target": 1934929584, "ordering_betweenness_centrality": 101, "length": 2113, "length_cumulative": 176449 }, "geometry": { "type": "LineString", "coordinates": [ [ -1014577.0, 4686603.0 ], [ -1014576.0, 4686569.0 ], [ -1014574.0, 4686564.0 ], [ -1014569.0, 4686560.0 ], [ -1014564.0, 4686559.0 ], [ -1014559.0, 4686560.0 ], [ -1014549.0, 4686567.0 ], [ -1014551.0, 4686538.0 ], [ -1014552.0, 4686514.0 ], [ -1014553.0, 4686482.0 ], [ -1014550.0, 4686450.0 ], [ -1014541.0, 4686416.0 ], [ -1014530.0, 4686353.0 ], [ -1014525.0, 4686318.0 ], [ -1014523.0, 4686292.0 ], [ -1014523.0, 4686253.0 ], [ -1014522.0, 4686210.0 ], [ -1014521.0, 4686168.0 ], [ -1014520.0, 4686141.0 ], [ -1014520.0, 4686111.0 ], [ -1014520.0, 4686035.0 ], [ -1014506.0, 4686005.0 ], [ -1014499.0, 4685998.0 ], [ -1014489.0, 4685993.0 ], [ -1014477.0, 4685992.0 ], [ -1014358.0, 4685994.0 ], [ -1014337.0, 4685987.0 ], [ -1014307.0, 4685954.0 ], [ -1014286.0, 4685944.0 ], [ -1014261.0, 4685934.0 ], [ -1014143.0, 4685934.0 ], [ -1013973.0, 4685938.0 ], [ -1013865.0, 4685929.0 ], [ -1013763.0, 4685920.0 ], [ -1013709.0, 4685920.0 ], [ -1013668.0, 4685920.0 ], [ -1013641.0, 4685922.0 ], [ -1013634.0, 4685924.0 ], [ -1013620.0, 4685927.0 ], [ -1013619.0, 4685910.0 ], [ -1013611.0, 4685896.0 ], [ -1013598.0, 4685885.0 ], [ -1013589.0, 4685883.0 ], [ -1013586.0, 4685865.0 ], [ -1013575.0, 4685867.0 ], [ -1013566.0, 4685869.0 ], [ -1013556.0, 4685871.0 ], [ -1013560.0, 4685847.0 ], [ -1013565.0, 4685815.0 ], [ -1013569.0, 4685792.0 ], [ -1013571.0, 4685694.0 ], [ -1013561.0, 4685602.0 ], [ -1013540.0, 4685513.0 ], [ -1013531.0, 4685482.0 ], [ -1013519.0, 4685477.0 ], [ -1013507.0, 4685471.0 ], [ -1013470.0, 4685482.0 ] ] } },
{ "type": "Feature", "properties": { "betweenness_centrality": 0.0034843205574912892, "source": 269275003, "target": 1122550735, "ordering_betweenness_centrality": 102, "length": 304, "length_cumulative": 176754 }, "geometry": { "type": "LineString", "coordinates": [ [ -1019715.0, 4689620.0 ], [ -1019721.0, 4689614.0 ], [ -1019730.0, 4689603.0 ], [ -1019741.0, 4689590.0 ], [ -1019830.0, 4689491.0 ], [ -1019837.0, 4689484.0 ], [ -1019845.0, 4689477.0 ], [ -1019857.0, 4689465.0 ], [ -1019860.0, 4689462.0 ], [ -1019896.0, 4689428.0 ], [ -1019912.0, 4689412.0 ], [ -1019919.0, 4689407.0 ], [ -1019927.0, 4689402.0 ] ] } },
{ "type": "Feature", "properties": { "betweenness_centrality": 0.0034843205574912892, "source": 2182353146, "target": 8564164552, "ordering_betweenness_centrality": 103, "length": 1620, "length_cumulative": 178374 }, "geometry": { "type": "LineString", "coordinates": [ [ -1020521.0, 4684603.0 ], [ -1020520.0, 4684607.0 ], [ -1020519.0, 4684610.0 ], [ -1020523.0, 4684612.0 ], [ -1020526.0, 4684614.0 ], [ -1020529.0, 4684617.0 ], [ -1020549.0, 4684647.0 ], [ -1020584.0, 4684700.0 ], [ -1020585.0, 4684704.0 ], [ -1020583.0, 4684711.0 ], [ -1020578.0, 4684717.0 ], [ -1020566.0, 4684725.0 ], [ -1020521.0, 4684754.0 ], [ -1020527.0, 4684762.0 ], [ -1020497.0, 4684785.0 ], [ -1020477.0, 4684798.0 ], [ -1020455.0, 4684813.0 ], [ -1020435.0, 4684826.0 ], [ -1020421.0, 4684836.0 ], [ -1020416.0, 4684839.0 ], [ -1020412.0, 4684841.0 ], [ -1020401.0, 4684849.0 ], [ -1020395.0, 4684853.0 ], [ -1020379.0, 4684864.0 ], [ -1020375.0, 4684866.0 ], [ -1020363.0, 4684875.0 ], [ -1020344.0, 4684886.0 ], [ -1020340.0, 4684890.0 ], [ -1020336.0, 4684895.0 ], [ -1020330.0, 4684903.0 ], [ -1020324.0, 4684910.0 ], [ -1020318.0, 4684917.0 ], [ -1020310.0, 4684927.0 ], [ -1020306.0, 4684932.0 ], [ -1020292.0, 4684945.0 ], [ -1020287.0, 4684949.0 ], [ -1020279.0, 4684954.0 ], [ -1020275.0, 4684957.0 ], [ -1020266.0, 4684964.0 ], [ -1020257.0, 4684971.0 ], [ -1020242.0, 4684981.0 ], [ -1020230.0, 4684990.0 ], [ -1020219.0, 4684997.0 ], [ -1020207.0, 4685006.0 ], [ -1020180.0, 4685025.0 ], [ -1020161.0, 4685039.0 ], [ -1020141.0, 4685054.0 ], [ -1020121.0, 4685069.0 ], [ -1020111.0, 4685076.0 ], [ -1020098.0, 4685086.0 ], [ -1020085.0, 4685100.0 ], [ -1020046.0, 4685127.0 ], [ -1019969.0, 4685182.0 ], [ -1019953.0, 4685193.0 ], [ -1019938.0, 4685202.0 ], [ -1019924.0, 4685212.0 ], [ -1019911.0, 4685220.0 ], [ -1019874.0, 4685240.0 ], [ -1019815.0, 4685272.0 ], [ -1019786.0, 4685286.0 ], [ -1019737.0, 4685310.0 ], [ -1019714.0, 4685320.0 ], [ -1019615.0, 4685364.0 ], [ -1019569.0, 4685384.0 ], [ -1019517.0, 4685407.0 ], [ -1019461.0, 4685431.0 ], [ -1019410.0, 4685450.0 ], [ -1019370.0, 4685464.0 ], [ -1019355.0, 4685475.0 ], [ -1019334.0, 4685483.0 ] ] } },
{ "type": "Feature", "properties": { "betweenness_centrality": 0.0034843205574912892, "source": 1122508386, "target": 3432357023, "ordering_betweenness_centrality": 104, "length": 4959, "length_cumulative": 183334 }, "geometry": { "type": "LineString", "coordinates": [ [ -1019708.0, 4689180.0 ], [ -1019713.0, 4689179.0 ], [ -1019717.0, 4689178.0 ], [ -1019720.0, 4689175.0 ], [ -1019723.0, 4689173.0 ], [ -1019725.0, 4689169.0 ], [ -1019749.0, 4689126.0 ], [ -1019757.0, 4689114.0 ], [ -1019766.0, 4689109.0 ], [ -1019770.0, 4689106.0 ], [ -1019779.0, 4689098.0 ], [ -1019797.0, 4689141.0 ], [ -1019800.0, 4689146.0 ], [ -1019809.0, 4689142.0 ], [ -1019818.0, 4689138.0 ], [ -1019823.0, 4689136.0 ], [ -1019828.0, 4689134.0 ], [ -1019824.0, 4689129.0 ], [ -1019827.0, 4689126.0 ], [ -1019845.0, 4689118.0 ], [ -1019846.0, 4689117.0 ], [ -1019859.0, 4689109.0 ], [ -1019937.0, 4689021.0 ], [ -1019953.0, 4689032.0 ], [ -1019969.0, 4689046.0 ], [ -1019983.0, 4689055.0 ], [ -1020027.0, 4689010.0 ], [ -1020029.0, 4689004.0 ], [ -1020035.0, 4689001.0 ], [ -1020038.0, 4688997.0 ], [ -1020062.0, 4688953.0 ], [ -1020078.0, 4688931.0 ], [ -1020081.0, 4688928.0 ], [ -1020098.0, 4688913.0 ], [ -1020118.0, 4688906.0 ], [ -1020139.0, 4688901.0 ], [ -1020155.0, 4688846.0 ], [ -1020195.0, 4688701.0 ], [ -1020215.0, 4688635.0 ], [ -1020221.0, 4688612.0 ], [ -1020253.0, 4688507.0 ], [ -1020268.0, 4688448.0 ], [ -1020277.0, 4688402.0 ], [ -1020296.0, 4688383.0 ], [ -1020334.0, 4688358.0 ], [ -1020357.0, 4688357.0 ], [ -1020376.0, 4688353.0 ], [ -1020390.0, 4688346.0 ], [ -1020403.0, 4688335.0 ], [ -1020421.0, 4688312.0 ], [ -1020468.0, 4688244.0 ], [ -1020494.0, 4688206.0 ], [ -1020498.0, 4688200.0 ], [ -1020515.0, 4688200.0 ], [ -1020539.0, 4688196.0 ], [ -1020567.0, 4688202.0 ], [ -1020571.0, 4688203.0 ], [ -1020590.0, 4688127.0 ], [ -1020589.0, 4688111.0 ], [ -1020603.0, 4688052.0 ], [ -1020608.0, 4688026.0 ], [ -1020611.0, 4688015.0 ], [ -1020613.0, 4688006.0 ], [ -1020618.0, 4687977.0 ], [ -1020621.0, 4687967.0 ], [ -1020624.0, 4687960.0 ], [ -1020628.0, 4687957.0 ], [ -1020631.0, 4687954.0 ], [ -1020636.0, 4687953.0 ], [ -1020664.0, 4687956.0 ], [ -1020678.0, 4687959.0 ], [ -1020689.0, 4687908.0 ], [ -1020728.0, 4687911.0 ], [ -1020769.0, 4687914.0 ], [ -1020814.0, 4687917.0 ], [ -1020864.0, 4687921.0 ], [ -1020864.0, 4687914.0 ], [ -1020864.0, 4687908.0 ], [ -1020874.0, 4687908.0 ], [ -1020877.0, 4687908.0 ], [ -1020881.0, 4687908.0 ], [ -1020887.0, 4687908.0 ], [ -1020890.0, 4687908.0 ], [ -1020892.0, 4687907.0 ], [ -1020891.0, 4687894.0 ], [ -1020890.0, 4687851.0 ], [ -1020890.0, 4687834.0 ], [ -1020897.0, 4687834.0 ], [ -1020888.0, 4687816.0 ], [ -1020890.0, 4687806.0 ], [ -1020891.0, 4687798.0 ], [ -1020889.0, 4687788.0 ], [ -1020885.0, 4687781.0 ], [ -1020885.0, 4687776.0 ], [ -1020883.0, 4687746.0 ], [ -1020881.0, 4687716.0 ], [ -1020881.0, 4687705.0 ], [ -1020881.0, 4687700.0 ], [ -1020878.0, 4687648.0 ], [ -1020878.0, 4687616.0 ], [ -1020878.0, 4687602.0 ], [ -1020886.0, 4687602.0 ], [ -1020885.0, 4687588.0 ], [ -1020884.0, 4687558.0 ], [ -1020888.0, 4687547.0 ], [ -1020888.0, 4687541.0 ], [ -1020888.0, 4687534.0 ], [ -1020884.0, 4687526.0 ], [ -1020880.0, 4687438.0 ], [ -1020888.0, 4687437.0 ], [ -1020888.0, 4687423.0 ], [ -1020899.0, 4687416.0 ], [ -1020945.0, 4687413.0 ], [ -1020979.0, 4687409.0 ], [ -1020994.0, 4687406.0 ], [ -1021003.0, 4687399.0 ], [ -1021009.0, 4687393.0 ], [ -1021012.0, 4687390.0 ], [ -1021026.0, 4687382.0 ], [ -1021040.0, 4687377.0 ], [ -1021045.0, 4687370.0 ], [ -1021058.0, 4687371.0 ], [ -1021100.0, 4687371.0 ], [ -1021125.0, 4687370.0 ], [ -1021125.0, 4687364.0 ], [ -1021174.0, 4687364.0 ], [ -1021174.0, 4687358.0 ], [ -1021175.0, 4687355.0 ], [ -1021178.0, 4687352.0 ], [ -1021182.0, 4687351.0 ], [ -1021188.0, 4687351.0 ], [ -1021189.0, 4687347.0 ], [ -1021192.0, 4687345.0 ], [ -1021197.0, 4687344.0 ], [ -1021211.0, 4687342.0 ], [ -1021228.0, 4687341.0 ], [ -1021282.0, 4687341.0 ], [ -1021289.0, 4687341.0 ], [ -1021296.0, 4687341.0 ], [ -1021296.0, 4687339.0 ], [ -1021296.0, 4687336.0 ], [ -1021298.0, 4687334.0 ], [ -1021300.0, 4687332.0 ], [ -1021302.0, 4687331.0 ], [ -1021304.0, 4687331.0 ], [ -1021304.0, 4687139.0 ], [ -1021334.0, 4687112.0 ], [ -1021336.0, 4687109.0 ], [ -1021349.0, 4687088.0 ], [ -1021389.0, 4687018.0 ], [ -1021372.0, 4686988.0 ], [ -1021374.0, 4686988.0 ], [ -1021396.0, 4686986.0 ], [ -1021401.0, 4686986.0 ], [ -1021401.0, 4686980.0 ], [ -1021396.0, 4686980.0 ], [ -1021395.0, 4686977.0 ], [ -1021411.0, 4686977.0 ], [ -1021411.0, 4686975.0 ], [ -1021405.0, 4686975.0 ], [ -1021405.0, 4686968.0 ], [ -1021480.0, 4686969.0 ], [ -1021482.0, 4686969.0 ], [ -1021484.0, 4686969.0 ], [ -1021486.0, 4686967.0 ], [ -1021487.0, 4686965.0 ], [ -1021488.0, 4686963.0 ], [ -1021488.0, 4686962.0 ], [ -1021489.0, 4686927.0 ], [ -1021490.0, 4686889.0 ], [ -1021490.0, 4686881.0 ], [ -1021491.0, 4686851.0 ], [ -1021493.0, 4686797.0 ], [ -1021493.0, 4686790.0 ], [ -1021494.0, 4686783.0 ], [ -1021518.0, 4686788.0 ], [ -1021525.0, 4686790.0 ], [ -1021527.0, 4686790.0 ], [ -1021542.0, 4686796.0 ], [ -1021550.0, 4686795.0 ], [ -1021557.0, 4686792.0 ], [ -1021564.0, 4686786.0 ], [ -1021574.0, 4686778.0 ], [ -1021585.0, 4686769.0 ], [ -1021630.0, 4686743.0 ], [ -1021643.0, 4686735.0 ], [ -1021659.0, 4686725.0 ], [ -1021724.0, 4686687.0 ], [ -1021782.0, 4686652.0 ], [ -1021793.0, 4686645.0 ], [ -1021855.0, 4686608.0 ], [ -1021916.0, 4686571.0 ], [ -1021926.0, 4686563.0 ], [ -1021939.0, 4686549.0 ], [ -1021952.0, 4686530.0 ], [ -1021959.0, 4686516.0 ], [ -1021964.0, 4686499.0 ], [ -1021968.0, 4686482.0 ], [ -1021968.0, 4686462.0 ], [ -1021966.0, 4686442.0 ], [ -1021962.0, 4686428.0 ], [ -1021953.0, 4686399.0 ], [ -1021945.0, 4686371.0 ], [ -1021929.0, 4686318.0 ], [ -1021922.0, 4686273.0 ], [ -1021919.0, 4686252.0 ], [ -1021919.0, 4686218.0 ], [ -1021911.0, 4686182.0 ], [ -1021908.0, 4686138.0 ], [ -1021907.0, 4686091.0 ], [ -1021907.0, 4686070.0 ], [ -1021907.0, 4686061.0 ], [ -1021907.0, 4686050.0 ], [ -1021911.0, 4685982.0 ], [ -1021914.0, 4685953.0 ], [ -1021904.0, 4685952.0 ], [ -1021903.0, 4685944.0 ], [ -1021904.0, 4685938.0 ] ] } },
{ "type": "Feature", "properties": { "betweenness_centrality": 0.0034843205574912892, "source": 10115457774, "target": 1145516288, "ordering_betweenness_centrality": 105, "length": 1618, "length_cumulative": 184952 }, "geometry": { "type": "LineString", "coordinates": [ [ -1014068.0, 4682835.0 ], [ -1014076.0, 4682824.0 ], [ -1014091.0, 4682803.0 ], [ -1014101.0, 4682789.0 ], [ -1014129.0, 4682748.0 ], [ -1014167.0, 4682696.0 ], [ -1014173.0, 4682687.0 ], [ -1014184.0, 4682676.0 ], [ -1014199.0, 4682661.0 ], [ -1014205.0, 4682655.0 ], [ -1014242.0, 4682620.0 ], [ -1014249.0, 4682614.0 ], [ -1014265.0, 4682600.0 ], [ -1014276.0, 4682590.0 ], [ -1014292.0, 4682576.0 ], [ -1014306.0, 4682564.0 ], [ -1014310.0, 4682560.0 ], [ -1014327.0, 4682546.0 ], [ -1014377.0, 4682507.0 ], [ -1014387.0, 4682499.0 ], [ -1014396.0, 4682491.0 ], [ -1014401.0, 4682486.0 ], [ -1014404.0, 4682484.0 ], [ -1014410.0, 4682478.0 ], [ -1014418.0, 4682469.0 ], [ -1014428.0, 4682456.0 ], [ -1014436.0, 4682447.0 ], [ -1014457.0, 4682420.0 ], [ -1014470.0, 4682404.0 ], [ -1014478.0, 4682391.0 ], [ -1014484.0, 4682380.0 ], [ -1014487.0, 4682372.0 ], [ -1014491.0, 4682357.0 ], [ -1014494.0, 4682344.0 ], [ -1014497.0, 4682333.0 ], [ -1014501.0, 4682324.0 ], [ -1014504.0, 4682318.0 ], [ -1014507.0, 4682312.0 ], [ -1014533.0, 4682278.0 ], [ -1014535.0, 4682276.0 ], [ -1014537.0, 4682273.0 ], [ -1014565.0, 4682236.0 ], [ -1014588.0, 4682198.0 ], [ -1014595.0, 4682187.0 ], [ -1014655.0, 4682088.0 ], [ -1014661.0, 4682082.0 ], [ -1014666.0, 4682077.0 ], [ -1014677.0, 4682068.0 ], [ -1014683.0, 4682064.0 ], [ -1014689.0, 4682060.0 ], [ -1014695.0, 4682058.0 ], [ -1014708.0, 4682056.0 ], [ -1014715.0, 4682057.0 ], [ -1014721.0, 4682059.0 ], [ -1014733.0, 4682042.0 ], [ -1014744.0, 4682020.0 ], [ -1014760.0, 4681990.0 ], [ -1014834.0, 4681857.0 ], [ -1014847.0, 4681827.0 ], [ -1014887.0, 4681726.0 ], [ -1014892.0, 4681716.0 ], [ -1014895.0, 4681710.0 ], [ -1014899.0, 4681703.0 ], [ -1014903.0, 4681697.0 ], [ -1014910.0, 4681685.0 ], [ -1014912.0, 4681682.0 ], [ -1014914.0, 4681680.0 ], [ -1014923.0, 4681673.0 ], [ -1014937.0, 4681661.0 ], [ -1014947.0, 4681653.0 ], [ -1014953.0, 4681649.0 ], [ -1014965.0, 4681639.0 ], [ -1014973.0, 4681632.0 ], [ -1014982.0, 4681621.0 ], [ -1014991.0, 4681614.0 ], [ -1014995.0, 4681610.0 ], [ -1015000.0, 4681605.0 ], [ -1015005.0, 4681600.0 ], [ -1015009.0, 4681595.0 ], [ -1015014.0, 4681588.0 ], [ -1015018.0, 4681580.0 ], [ -1015020.0, 4681573.0 ] ] } },
{ "type": "Feature", "properties": { "betweenness_centrality": 0.0023228803716608595, "source": 1122508386, "target": 7167785856, "ordering_betweenness_centrality": 107, "length": 3044, "length_cumulative": 187997 }, "geometry": { "type": "LineString", "coordinates": [ [ -1020498.0, 4688200.0 ], [ -1020501.0, 4688189.0 ], [ -1020502.0, 4688177.0 ], [ -1020499.0, 4688164.0 ], [ -1020494.0, 4688152.0 ], [ -1020447.0, 4688076.0 ], [ -1020434.0, 4688054.0 ], [ -1020425.0, 4688033.0 ], [ -1020425.0, 4688021.0 ], [ -1020426.0, 4688009.0 ], [ -1020430.0, 4687998.0 ], [ -1020451.0, 4687950.0 ], [ -1020453.0, 4687946.0 ], [ -1020456.0, 4687938.0 ], [ -1020459.0, 4687927.0 ], [ -1020461.0, 4687916.0 ], [ -1020461.0, 4687901.0 ], [ -1020461.0, 4687894.0 ], [ -1020459.0, 4687844.0 ], [ -1020458.0, 4687829.0 ], [ -1020457.0, 4687818.0 ], [ -1020456.0, 4687772.0 ], [ -1020454.0, 4687713.0 ], [ -1020453.0, 4687691.0 ], [ -1020452.0, 4687661.0 ], [ -1020451.0, 4687642.0 ], [ -1020449.0, 4687598.0 ], [ -1020446.0, 4687584.0 ], [ -1020444.0, 4687577.0 ], [ -1020437.0, 4687563.0 ], [ -1020436.0, 4687534.0 ], [ -1020434.0, 4687462.0 ], [ -1020433.0, 4687455.0 ], [ -1020434.0, 4687451.0 ], [ -1020434.0, 4687446.0 ], [ -1020436.0, 4687444.0 ], [ -1020440.0, 4687440.0 ], [ -1020443.0, 4687436.0 ], [ -1020448.0, 4687435.0 ], [ -1020452.0, 4687433.0 ], [ -1020456.0, 4687433.0 ], [ -1020456.0, 4687421.0 ], [ -1020443.0, 4687421.0 ], [ -1020443.0, 4687417.0 ], [ -1020448.0, 4687392.0 ], [ -1020449.0, 4687392.0 ], [ -1020458.0, 4687364.0 ], [ -1020460.0, 4687356.0 ], [ -1020467.0, 4687346.0 ], [ -1020457.0, 4687336.0 ], [ -1020457.0, 4687332.0 ], [ -1020457.0, 4687304.0 ], [ -1020483.0, 4687299.0 ], [ -1020486.0, 4687283.0 ], [ -1020485.0, 4687256.0 ], [ -1020495.0, 4687241.0 ], [ -1020492.0, 4687173.0 ], [ -1020492.0, 4687155.0 ], [ -1020487.0, 4687150.0 ], [ -1020483.0, 4687130.0 ], [ -1020482.0, 4687120.0 ], [ -1020480.0, 4687115.0 ], [ -1020460.0, 4687060.0 ], [ -1020449.0, 4687037.0 ], [ -1020448.0, 4687035.0 ], [ -1020426.0, 4686999.0 ], [ -1020423.0, 4686993.0 ], [ -1020426.0, 4686991.0 ], [ -1020433.0, 4686987.0 ], [ -1020437.0, 4686981.0 ], [ -1020451.0, 4686980.0 ], [ -1020496.0, 4686983.0 ], [ -1020497.0, 4686985.0 ], [ -1020496.0, 4686998.0 ], [ -1020542.0, 4687001.0 ], [ -1020547.0, 4686917.0 ], [ -1020502.0, 4686916.0 ], [ -1020480.0, 4686923.0 ], [ -1020474.0, 4686922.0 ], [ -1020475.0, 4686900.0 ], [ -1020481.0, 4686894.0 ], [ -1020545.0, 4686844.0 ], [ -1020624.0, 4686780.0 ], [ -1020631.0, 4686773.0 ], [ -1020632.0, 4686756.0 ], [ -1020633.0, 4686749.0 ], [ -1020620.0, 4686748.0 ], [ -1020621.0, 4686744.0 ], [ -1020622.0, 4686741.0 ], [ -1020626.0, 4686733.0 ], [ -1020628.0, 4686727.0 ], [ -1020624.0, 4686721.0 ], [ -1020624.0, 4686713.0 ], [ -1020634.0, 4686706.0 ], [ -1020653.0, 4686692.0 ], [ -1020670.0, 4686679.0 ], [ -1020675.0, 4686673.0 ], [ -1020679.0, 4686664.0 ], [ -1020673.0, 4686647.0 ], [ -1020668.0, 4686636.0 ], [ -1020734.0, 4686583.0 ], [ -1020736.0, 4686575.0 ], [ -1020742.0, 4686571.0 ], [ -1020747.0, 4686567.0 ], [ -1020753.0, 4686578.0 ], [ -1020768.0, 4686578.0 ], [ -1020856.0, 4686580.0 ], [ -1020897.0, 4686581.0 ], [ -1020982.0, 4686583.0 ], [ -1021006.0, 4686582.0 ], [ -1021031.0, 4686583.0 ], [ -1021030.0, 4686577.0 ], [ -1021026.0, 4686568.0 ], [ -1021030.0, 4686553.0 ], [ -1021034.0, 4686532.0 ], [ -1021035.0, 4686482.0 ], [ -1021085.0, 4686481.0 ], [ -1021104.0, 4686467.0 ], [ -1021115.0, 4686457.0 ], [ -1021102.0, 4686439.0 ], [ -1021090.0, 4686419.0 ], [ -1021076.0, 4686393.0 ], [ -1021071.0, 4686381.0 ], [ -1021066.0, 4686367.0 ], [ -1021062.0, 4686353.0 ], [ -1021056.0, 4686329.0 ], [ -1021052.0, 4686294.0 ], [ -1021051.0, 4686286.0 ], [ -1021054.0, 4686286.0 ], [ -1021057.0, 4686285.0 ], [ -1021058.0, 4686283.0 ], [ -1021060.0, 4686280.0 ], [ -1021060.0, 4686277.0 ], [ -1021060.0, 4686274.0 ], [ -1021058.0, 4686272.0 ], [ -1021056.0, 4686270.0 ], [ -1021054.0, 4686268.0 ], [ -1021051.0, 4686268.0 ], [ -1021050.0, 4686261.0 ], [ -1021051.0, 4686104.0 ], [ -1021051.0, 4686057.0 ], [ -1021051.0, 4686041.0 ] ] } },
{ "type": "Feature", "properties": { "betweenness_centrality": 0.0023228803716608595, "source": 3969735551, "target": 13500771182, "ordering_betweenness_centrality": 108, "length": 9584, "length_cumulative": 197581 }, "geometry": { "type": "LineString", "coordinates": [ [ -1023895.0, 4678268.0 ], [ -1023922.0, 4678265.0 ], [ -1023957.0, 4678260.0 ], [ -1023979.0, 4678257.0 ], [ -1024020.0, 4678250.0 ], [ -1024037.0, 4678246.0 ], [ -1024040.0, 4678263.0 ], [ -1024048.0, 4678315.0 ], [ -1024052.0, 4678338.0 ], [ -1024062.0, 4678405.0 ], [ -1024064.0, 4678414.0 ], [ -1024064.0, 4678418.0 ], [ -1024064.0, 4678420.0 ], [ -1024065.0, 4678422.0 ], [ -1024066.0, 4678437.0 ], [ -1024066.0, 4678439.0 ], [ -1024066.0, 4678442.0 ], [ -1024073.0, 4678478.0 ], [ -1024075.0, 4678488.0 ], [ -1024075.0, 4678490.0 ], [ -1024085.0, 4678545.0 ], [ -1024089.0, 4678562.0 ], [ -1024090.0, 4678569.0 ], [ -1024091.0, 4678574.0 ], [ -1024107.0, 4678683.0 ], [ -1024109.0, 4678697.0 ], [ -1024118.0, 4678753.0 ], [ -1024125.0, 4678799.0 ], [ -1024126.0, 4678804.0 ], [ -1024127.0, 4678812.0 ], [ -1024128.0, 4678821.0 ], [ -1024128.0, 4678829.0 ], [ -1024128.0, 4678838.0 ], [ -1024125.0, 4678864.0 ], [ -1024123.0, 4678878.0 ], [ -1024122.0, 4678895.0 ], [ -1024120.0, 4678915.0 ], [ -1024116.0, 4678950.0 ], [ -1024114.0, 4678969.0 ], [ -1024111.0, 4679003.0 ], [ -1024107.0, 4679037.0 ], [ -1024105.0, 4679063.0 ], [ -1024104.0, 4679068.0 ], [ -1024100.0, 4679113.0 ], [ -1024098.0, 4679127.0 ], [ -1024097.0, 4679133.0 ], [ -1024097.0, 4679142.0 ], [ -1024094.0, 4679169.0 ], [ -1024091.0, 4679194.0 ], [ -1024089.0, 4679214.0 ], [ -1024089.0, 4679223.0 ], [ -1024088.0, 4679233.0 ], [ -1024085.0, 4679259.0 ], [ -1024080.0, 4679317.0 ], [ -1024080.0, 4679325.0 ], [ -1024079.0, 4679335.0 ], [ -1024077.0, 4679353.0 ], [ -1024074.0, 4679390.0 ], [ -1024073.0, 4679393.0 ], [ -1024071.0, 4679416.0 ], [ -1024071.0, 4679418.0 ], [ -1024068.0, 4679447.0 ], [ -1024068.0, 4679448.0 ], [ -1024067.0, 4679462.0 ], [ -1024066.0, 4679469.0 ], [ -1024065.0, 4679475.0 ], [ -1024065.0, 4679479.0 ], [ -1024064.0, 4679487.0 ], [ -1024062.0, 4679512.0 ], [ -1024052.0, 4679608.0 ], [ -1024051.0, 4679620.0 ], [ -1024045.0, 4679678.0 ], [ -1024043.0, 4679701.0 ], [ -1024042.0, 4679712.0 ], [ -1024039.0, 4679739.0 ], [ -1024038.0, 4679752.0 ], [ -1024036.0, 4679767.0 ], [ -1024035.0, 4679778.0 ], [ -1024035.0, 4679783.0 ], [ -1024035.0, 4679787.0 ], [ -1024033.0, 4679817.0 ], [ -1024032.0, 4679839.0 ], [ -1024031.0, 4679852.0 ], [ -1024031.0, 4679856.0 ], [ -1024031.0, 4679874.0 ], [ -1024032.0, 4679891.0 ], [ -1024032.0, 4679897.0 ], [ -1024034.0, 4679902.0 ], [ -1024036.0, 4679907.0 ], [ -1024086.0, 4680027.0 ], [ -1024090.0, 4680038.0 ], [ -1024109.0, 4680055.0 ], [ -1024116.0, 4680067.0 ], [ -1024122.0, 4680081.0 ], [ -1024129.0, 4680099.0 ], [ -1024139.0, 4680125.0 ], [ -1024152.0, 4680158.0 ], [ -1024134.0, 4680163.0 ], [ -1024140.0, 4680193.0 ], [ -1024144.0, 4680215.0 ], [ -1024149.0, 4680242.0 ], [ -1024154.0, 4680268.0 ], [ -1024156.0, 4680275.0 ], [ -1024160.0, 4680294.0 ], [ -1024165.0, 4680322.0 ], [ -1024170.0, 4680348.0 ], [ -1024176.0, 4680374.0 ], [ -1024179.0, 4680391.0 ], [ -1024181.0, 4680400.0 ], [ -1024192.0, 4680455.0 ], [ -1024201.0, 4680503.0 ], [ -1024207.0, 4680534.0 ], [ -1024211.0, 4680540.0 ], [ -1024214.0, 4680557.0 ], [ -1024214.0, 4680562.0 ], [ -1024229.0, 4680563.0 ], [ -1024229.0, 4680569.0 ], [ -1024229.0, 4680577.0 ], [ -1024220.0, 4680597.0 ], [ -1024215.0, 4680600.0 ], [ -1024221.0, 4680611.0 ], [ -1024229.0, 4680630.0 ], [ -1024242.0, 4680693.0 ], [ -1024246.0, 4680715.0 ], [ -1024247.0, 4680722.0 ], [ -1024246.0, 4680730.0 ], [ -1024242.0, 4680738.0 ], [ -1024238.0, 4680741.0 ], [ -1024234.0, 4680742.0 ], [ -1024228.0, 4680743.0 ], [ -1024217.0, 4680744.0 ], [ -1024217.0, 4680755.0 ], [ -1024217.0, 4680765.0 ], [ -1024217.0, 4680772.0 ], [ -1024213.0, 4680787.0 ], [ -1024212.0, 4680809.0 ], [ -1024208.0, 4680828.0 ], [ -1024204.0, 4680850.0 ], [ -1024202.0, 4680857.0 ], [ -1024192.0, 4680876.0 ], [ -1024190.0, 4680889.0 ], [ -1024189.0, 4680896.0 ], [ -1024187.0, 4680916.0 ], [ -1024187.0, 4680957.0 ], [ -1024184.0, 4680972.0 ], [ -1024154.0, 4680990.0 ], [ -1024150.0, 4681004.0 ], [ -1024150.0, 4681047.0 ], [ -1024149.0, 4681073.0 ], [ -1024144.0, 4681084.0 ], [ -1024139.0, 4681096.0 ], [ -1024134.0, 4681119.0 ], [ -1024132.0, 4681136.0 ], [ -1024135.0, 4681162.0 ], [ -1024134.0, 4681173.0 ], [ -1024138.0, 4681197.0 ], [ -1024143.0, 4681228.0 ], [ -1024089.0, 4681311.0 ], [ -1024087.0, 4681314.0 ], [ -1024070.0, 4681337.0 ], [ -1024067.0, 4681346.0 ], [ -1024061.0, 4681358.0 ], [ -1024058.0, 4681365.0 ], [ -1024055.0, 4681372.0 ], [ -1024056.0, 4681374.0 ], [ -1024057.0, 4681377.0 ], [ -1024057.0, 4681381.0 ], [ -1024056.0, 4681385.0 ], [ -1024053.0, 4681389.0 ], [ -1024050.0, 4681392.0 ], [ -1024046.0, 4681393.0 ], [ -1024041.0, 4681396.0 ], [ -1024034.0, 4681400.0 ], [ -1024024.0, 4681410.0 ], [ -1024027.0, 4681412.0 ], [ -1024029.0, 4681413.0 ], [ -1024024.0, 4681417.0 ], [ -1024023.0, 4681430.0 ], [ -1024017.0, 4681439.0 ], [ -1024014.0, 4681457.0 ], [ -1024016.0, 4681474.0 ], [ -1024015.0, 4681487.0 ], [ -1024012.0, 4681499.0 ], [ -1024002.0, 4681510.0 ], [ -1023994.0, 4681523.0 ], [ -1023988.0, 4681538.0 ], [ -1023983.0, 4681555.0 ], [ -1023983.0, 4681571.0 ], [ -1023984.0, 4681585.0 ], [ -1023991.0, 4681617.0 ], [ -1023997.0, 4681635.0 ], [ -1024014.0, 4681663.0 ], [ -1024033.0, 4681715.0 ], [ -1024051.0, 4681762.0 ], [ -1024065.0, 4681805.0 ], [ -1024076.0, 4681827.0 ], [ -1024051.0, 4681928.0 ], [ -1024045.0, 4681956.0 ], [ -1024043.0, 4681976.0 ], [ -1024041.0, 4681997.0 ], [ -1024042.0, 4682038.0 ], [ -1024050.0, 4682037.0 ], [ -1024054.0, 4682120.0 ], [ -1024056.0, 4682175.0 ], [ -1024050.0, 4682176.0 ], [ -1024054.0, 4682248.0 ], [ -1024059.0, 4682364.0 ], [ -1024060.0, 4682393.0 ], [ -1024060.0, 4682418.0 ], [ -1024056.0, 4682440.0 ], [ -1024046.0, 4682453.0 ], [ -1024044.0, 4682460.0 ], [ -1024044.0, 4682466.0 ], [ -1024051.0, 4682473.0 ], [ -1024059.0, 4682478.0 ], [ -1024064.0, 4682484.0 ], [ -1024068.0, 4682495.0 ], [ -1024073.0, 4682513.0 ], [ -1024079.0, 4682530.0 ], [ -1024091.0, 4682561.0 ], [ -1024105.0, 4682590.0 ], [ -1024119.0, 4682615.0 ], [ -1024113.0, 4682623.0 ], [ -1024105.0, 4682629.0 ], [ -1024100.0, 4682637.0 ], [ -1024097.0, 4682643.0 ], [ -1024097.0, 4682650.0 ], [ -1024099.0, 4682660.0 ], [ -1024097.0, 4682669.0 ], [ -1024097.0, 4682683.0 ], [ -1024098.0, 4682700.0 ], [ -1024098.0, 4682715.0 ], [ -1024096.0, 4682731.0 ], [ -1024093.0, 4682742.0 ], [ -1024089.0, 4682749.0 ], [ -1024078.0, 4682751.0 ], [ -1024073.0, 4682753.0 ], [ -1024068.0, 4682756.0 ], [ -1024062.0, 4682758.0 ], [ -1024058.0, 4682762.0 ], [ -1024049.0, 4682767.0 ], [ -1024042.0, 4682773.0 ], [ -1024033.0, 4682781.0 ], [ -1024026.0, 4682788.0 ], [ -1024018.0, 4682794.0 ], [ -1023989.0, 4682817.0 ], [ -1023981.0, 4682828.0 ], [ -1023971.0, 4682842.0 ], [ -1023964.0, 4682851.0 ], [ -1023959.0, 4682858.0 ], [ -1023956.0, 4682863.0 ], [ -1023955.0, 4682871.0 ], [ -1023953.0, 4682882.0 ], [ -1023953.0, 4682895.0 ], [ -1023948.0, 4682902.0 ], [ -1023937.0, 4682907.0 ], [ -1023928.0, 4682912.0 ], [ -1023924.0, 4682920.0 ], [ -1023903.0, 4682925.0 ], [ -1023907.0, 4682974.0 ], [ -1023909.0, 4683003.0 ], [ -1023911.0, 4683041.0 ], [ -1023913.0, 4683068.0 ], [ -1023914.0, 4683087.0 ], [ -1023924.0, 4683261.0 ], [ -1023929.0, 4683330.0 ], [ -1023930.0, 4683357.0 ], [ -1023929.0, 4683382.0 ], [ -1023926.0, 4683447.0 ], [ -1023926.0, 4683477.0 ], [ -1023926.0, 4683504.0 ], [ -1023928.0, 4683517.0 ], [ -1023931.0, 4683530.0 ], [ -1023937.0, 4683546.0 ], [ -1023946.0, 4683561.0 ], [ -1023955.0, 4683575.0 ], [ -1023966.0, 4683590.0 ], [ -1023987.0, 4683619.0 ], [ -1024002.0, 4683641.0 ], [ -1023988.0, 4683666.0 ], [ -1023981.0, 4683678.0 ], [ -1023979.0, 4683681.0 ], [ -1023971.0, 4683700.0 ], [ -1023968.0, 4683705.0 ], [ -1023950.0, 4683736.0 ], [ -1023943.0, 4683752.0 ], [ -1023935.0, 4683765.0 ], [ -1023925.0, 4683773.0 ], [ -1023914.0, 4683779.0 ], [ -1023900.0, 4683785.0 ], [ -1023884.0, 4683791.0 ], [ -1023869.0, 4683799.0 ], [ -1023851.0, 4683814.0 ], [ -1023840.0, 4683824.0 ], [ -1023829.0, 4683835.0 ], [ -1023805.0, 4683868.0 ], [ -1023783.0, 4683893.0 ], [ -1023773.0, 4683903.0 ], [ -1023775.0, 4683907.0 ], [ -1023775.0, 4683911.0 ], [ -1023774.0, 4683916.0 ], [ -1023771.0, 4683921.0 ], [ -1023762.0, 4683939.0 ], [ -1023772.0, 4683964.0 ], [ -1023781.0, 4683977.0 ], [ -1023782.0, 4683992.0 ], [ -1023784.0, 4684037.0 ], [ -1023786.0, 4684045.0 ], [ -1023789.0, 4684055.0 ], [ -1023801.0, 4684072.0 ], [ -1023804.0, 4684083.0 ], [ -1023804.0, 4684098.0 ], [ -1023801.0, 4684111.0 ], [ -1023798.0, 4684124.0 ], [ -1023799.0, 4684134.0 ], [ -1023797.0, 4684144.0 ], [ -1023796.0, 4684149.0 ], [ -1023797.0, 4684153.0 ], [ -1023799.0, 4684158.0 ], [ -1023801.0, 4684160.0 ], [ -1023805.0, 4684163.0 ], [ -1023824.0, 4684172.0 ], [ -1023765.0, 4684231.0 ], [ -1023704.0, 4684286.0 ], [ -1023628.0, 4684354.0 ], [ -1023565.0, 4684415.0 ], [ -1023553.0, 4684430.0 ], [ -1023543.0, 4684446.0 ], [ -1023540.0, 4684449.0 ], [ -1023536.0, 4684451.0 ], [ -1023529.0, 4684456.0 ], [ -1023527.0, 4684458.0 ], [ -1023523.0, 4684463.0 ], [ -1023522.0, 4684470.0 ], [ -1023509.0, 4684468.0 ], [ -1023498.0, 4684468.0 ], [ -1023484.0, 4684470.0 ], [ -1023466.0, 4684475.0 ], [ -1023432.0, 4684490.0 ], [ -1023439.0, 4684518.0 ], [ -1023444.0, 4684555.0 ], [ -1023445.0, 4684581.0 ], [ -1023441.0, 4684607.0 ], [ -1023433.0, 4684638.0 ], [ -1023424.0, 4684658.0 ], [ -1023427.0, 4684671.0 ], [ -1023427.0, 4684682.0 ], [ -1023425.0, 4684689.0 ], [ -1023412.0, 4684696.0 ], [ -1023402.0, 4684699.0 ], [ -1023392.0, 4684705.0 ], [ -1023383.0, 4684710.0 ], [ -1023375.0, 4684712.0 ], [ -1023361.0, 4684717.0 ], [ -1023351.0, 4684730.0 ], [ -1023348.0, 4684740.0 ], [ -1023353.0, 4684751.0 ], [ -1023352.0, 4684763.0 ], [ -1023342.0, 4684775.0 ], [ -1023329.0, 4684780.0 ], [ -1023321.0, 4684779.0 ], [ -1023311.0, 4684784.0 ], [ -1023314.0, 4684802.0 ], [ -1023312.0, 4684814.0 ], [ -1023310.0, 4684830.0 ], [ -1023308.0, 4684842.0 ], [ -1023309.0, 4684850.0 ], [ -1023302.0, 4684853.0 ], [ -1023284.0, 4684861.0 ], [ -1023266.0, 4684872.0 ], [ -1023261.0, 4684885.0 ], [ -1023276.0, 4684900.0 ], [ -1023261.0, 4684910.0 ], [ -1023253.0, 4684916.0 ], [ -1023232.0, 4684929.0 ], [ -1023219.0, 4684939.0 ], [ -1023217.0, 4684949.0 ], [ -1023211.0, 4684957.0 ], [ -1023202.0, 4684964.0 ], [ -1023174.0, 4684976.0 ], [ -1023130.0, 4684994.0 ], [ -1023095.0, 4685012.0 ], [ -1023075.0, 4685024.0 ], [ -1023061.0, 4685035.0 ], [ -1023049.0, 4685040.0 ], [ -1023033.0, 4685045.0 ], [ -1023022.0, 4685048.0 ], [ -1023002.0, 4685050.0 ], [ -1022998.0, 4685050.0 ], [ -1023021.0, 4685195.0 ], [ -1023033.0, 4685226.0 ], [ -1023034.0, 4685286.0 ], [ -1023031.0, 4685286.0 ], [ -1023031.0, 4685228.0 ], [ -1023026.0, 4685227.0 ], [ -1023021.0, 4685279.0 ], [ -1023022.0, 4685287.0 ], [ -1023025.0, 4685293.0 ], [ -1023028.0, 4685299.0 ], [ -1023026.0, 4685303.0 ], [ -1023023.0, 4685309.0 ], [ -1023021.0, 4685332.0 ], [ -1023020.0, 4685338.0 ], [ -1023020.0, 4685341.0 ], [ -1023016.0, 4685349.0 ], [ -1023013.0, 4685375.0 ], [ -1023012.0, 4685384.0 ], [ -1023004.0, 4685469.0 ], [ -1023001.0, 4685496.0 ], [ -1023001.0, 4685503.0 ], [ -1023002.0, 4685510.0 ], [ -1023005.0, 4685517.0 ], [ -1023006.0, 4685518.0 ], [ -1023008.0, 4685522.0 ], [ -1023012.0, 4685526.0 ], [ -1023016.0, 4685530.0 ], [ -1023041.0, 4685544.0 ], [ -1023044.0, 4685545.0 ], [ -1023053.0, 4685548.0 ], [ -1023059.0, 4685552.0 ], [ -1023065.0, 4685556.0 ], [ -1023068.0, 4685558.0 ], [ -1023085.0, 4685566.0 ], [ -1023087.0, 4685567.0 ], [ -1023088.0, 4685568.0 ], [ -1023089.0, 4685569.0 ], [ -1023089.0, 4685570.0 ], [ -1023088.0, 4685572.0 ], [ -1023088.0, 4685574.0 ], [ -1023085.0, 4685579.0 ], [ -1023080.0, 4685589.0 ], [ -1023096.0, 4685597.0 ], [ -1023110.0, 4685604.0 ], [ -1023149.0, 4685623.0 ], [ -1023154.0, 4685626.0 ], [ -1023160.0, 4685630.0 ], [ -1023164.0, 4685635.0 ], [ -1023167.0, 4685642.0 ], [ -1023168.0, 4685648.0 ], [ -1023168.0, 4685665.0 ], [ -1023166.0, 4685704.0 ], [ -1023164.0, 4685729.0 ], [ -1023164.0, 4685741.0 ], [ -1023161.0, 4685767.0 ], [ -1023160.0, 4685792.0 ], [ -1023161.0, 4685800.0 ], [ -1023166.0, 4685817.0 ], [ -1023165.0, 4685834.0 ], [ -1023163.0, 4685869.0 ], [ -1023163.0, 4685873.0 ], [ -1023158.0, 4685941.0 ], [ -1023156.0, 4685996.0 ], [ -1023153.0, 4686013.0 ], [ -1023153.0, 4686015.0 ], [ -1023149.0, 4686028.0 ], [ -1023146.0, 4686037.0 ], [ -1023139.0, 4686044.0 ], [ -1022999.0, 4686179.0 ], [ -1022987.0, 4686206.0 ], [ -1022980.0, 4686217.0 ], [ -1022954.0, 4686254.0 ], [ -1022946.0, 4686267.0 ], [ -1022938.0, 4686283.0 ], [ -1022909.0, 4686295.0 ], [ -1022910.0, 4686298.0 ], [ -1022911.0, 4686299.0 ], [ -1022908.0, 4686301.0 ], [ -1022876.0, 4686317.0 ], [ -1022872.0, 4686320.0 ], [ -1022867.0, 4686323.0 ] ] } },
{ "type": "Feature", "properties": { "betweenness_centrality": 0.0023228803716608595, "source": 1122550735, "target": 13500771182, "ordering_betweenness_centrality": 109, "length": 4272, "length_cumulative": 201854 }, "geometry": { "type": "LineString", "coordinates": [ [ -1024002.0, 4683641.0 ], [ -1024033.0, 4683683.0 ], [ -1024068.0, 4683732.0 ], [ -1024147.0, 4683842.0 ], [ -1024155.0, 4683851.0 ], [ -1024172.0, 4683873.0 ], [ -1024220.0, 4683922.0 ], [ -1024233.0, 4683934.0 ], [ -1024246.0, 4683945.0 ], [ -1024252.0, 4683953.0 ], [ -1024256.0, 4683961.0 ], [ -1024258.0, 4683970.0 ], [ -1024260.0, 4683975.0 ], [ -1024262.0, 4683980.0 ], [ -1024266.0, 4683984.0 ], [ -1024271.0, 4683987.0 ], [ -1024276.0, 4683989.0 ], [ -1024282.0, 4683989.0 ], [ -1024284.0, 4683989.0 ], [ -1024292.0, 4683990.0 ], [ -1024304.0, 4683994.0 ], [ -1024318.0, 4684001.0 ], [ -1024321.0, 4684005.0 ], [ -1024328.0, 4684013.0 ], [ -1024332.0, 4684019.0 ], [ -1024346.0, 4684039.0 ], [ -1024354.0, 4684056.0 ], [ -1024356.0, 4684064.0 ], [ -1024361.0, 4684076.0 ], [ -1024365.0, 4684094.0 ], [ -1024369.0, 4684116.0 ], [ -1024392.0, 4684281.0 ], [ -1024384.0, 4684319.0 ], [ -1024379.0, 4684331.0 ], [ -1024375.0, 4684341.0 ], [ -1024362.0, 4684361.0 ], [ -1024356.0, 4684374.0 ], [ -1024348.0, 4684378.0 ], [ -1024340.0, 4684385.0 ], [ -1024333.0, 4684392.0 ], [ -1024328.0, 4684401.0 ], [ -1024324.0, 4684410.0 ], [ -1024322.0, 4684420.0 ], [ -1024322.0, 4684430.0 ], [ -1024323.0, 4684440.0 ], [ -1024327.0, 4684449.0 ], [ -1024331.0, 4684458.0 ], [ -1024338.0, 4684466.0 ], [ -1024346.0, 4684473.0 ], [ -1024354.0, 4684478.0 ], [ -1024334.0, 4684478.0 ], [ -1024313.0, 4684483.0 ], [ -1024303.0, 4684491.0 ], [ -1024262.0, 4684523.0 ], [ -1024242.0, 4684545.0 ], [ -1024230.0, 4684567.0 ], [ -1024203.0, 4684694.0 ], [ -1024186.0, 4684748.0 ], [ -1024184.0, 4684770.0 ], [ -1024178.0, 4684799.0 ], [ -1024168.0, 4684838.0 ], [ -1024165.0, 4684850.0 ], [ -1024158.0, 4684860.0 ], [ -1024198.0, 4684930.0 ], [ -1024188.0, 4684948.0 ], [ -1024179.0, 4684954.0 ], [ -1024172.0, 4684959.0 ], [ -1024160.0, 4684972.0 ], [ -1024182.0, 4685007.0 ], [ -1024217.0, 4685063.0 ], [ -1024218.0, 4685073.0 ], [ -1024136.0, 4685067.0 ], [ -1024134.0, 4685087.0 ], [ -1024134.0, 4685091.0 ], [ -1024142.0, 4685097.0 ], [ -1024150.0, 4685098.0 ], [ -1024149.0, 4685106.0 ], [ -1024132.0, 4685105.0 ], [ -1024130.0, 4685122.0 ], [ -1024129.0, 4685146.0 ], [ -1024128.0, 4685154.0 ], [ -1024127.0, 4685161.0 ], [ -1024122.0, 4685162.0 ], [ -1024117.0, 4685163.0 ], [ -1024081.0, 4685184.0 ], [ -1024078.0, 4685190.0 ], [ -1024077.0, 4685197.0 ], [ -1024073.0, 4685212.0 ], [ -1024071.0, 4685224.0 ], [ -1024067.0, 4685288.0 ], [ -1024065.0, 4685302.0 ], [ -1024065.0, 4685312.0 ], [ -1024056.0, 4685416.0 ], [ -1024054.0, 4685431.0 ], [ -1024027.0, 4685737.0 ], [ -1024001.0, 4685735.0 ], [ -1023895.0, 4685728.0 ], [ -1023895.0, 4685733.0 ], [ -1023895.0, 4685740.0 ], [ -1023888.0, 4685745.0 ], [ -1023878.0, 4685882.0 ], [ -1023878.0, 4685884.0 ], [ -1023877.0, 4685891.0 ], [ -1023876.0, 4685899.0 ], [ -1023876.0, 4685900.0 ], [ -1023876.0, 4685911.0 ], [ -1023871.0, 4685911.0 ], [ -1023867.0, 4685910.0 ], [ -1023861.0, 4685981.0 ], [ -1023861.0, 4685985.0 ], [ -1023858.0, 4686003.0 ], [ -1023856.0, 4686018.0 ], [ -1023849.0, 4686108.0 ], [ -1023848.0, 4686119.0 ], [ -1023847.0, 4686130.0 ], [ -1023847.0, 4686136.0 ], [ -1023844.0, 4686170.0 ], [ -1023843.0, 4686183.0 ], [ -1023841.0, 4686196.0 ], [ -1023839.0, 4686203.0 ], [ -1023837.0, 4686212.0 ], [ -1023835.0, 4686218.0 ], [ -1023832.0, 4686227.0 ], [ -1023829.0, 4686235.0 ], [ -1023822.0, 4686249.0 ], [ -1023809.0, 4686273.0 ], [ -1023801.0, 4686288.0 ], [ -1023779.0, 4686327.0 ], [ -1023772.0, 4686338.0 ], [ -1023762.0, 4686356.0 ], [ -1023738.0, 4686398.0 ], [ -1023728.0, 4686417.0 ], [ -1023716.0, 4686438.0 ], [ -1023708.0, 4686454.0 ], [ -1023700.0, 4686477.0 ], [ -1023698.0, 4686493.0 ], [ -1023697.0, 4686498.0 ], [ -1023670.0, 4686542.0 ], [ -1023664.0, 4686556.0 ], [ -1023652.0, 4686580.0 ], [ -1023631.0, 4686619.0 ], [ -1023618.0, 4686644.0 ], [ -1023605.0, 4686672.0 ], [ -1023594.0, 4686697.0 ], [ -1023588.0, 4686718.0 ], [ -1023581.0, 4686735.0 ], [ -1023575.0, 4686753.0 ], [ -1023563.0, 4686772.0 ], [ -1023524.0, 4686870.0 ], [ -1023515.0, 4686899.0 ], [ -1023498.0, 4686940.0 ], [ -1023484.0, 4686972.0 ], [ -1023481.0, 4686989.0 ], [ -1023466.0, 4687020.0 ], [ -1023464.0, 4687024.0 ], [ -1023458.0, 4687034.0 ], [ -1023450.0, 4687049.0 ], [ -1023442.0, 4687061.0 ], [ -1023432.0, 4687081.0 ], [ -1023377.0, 4687171.0 ], [ -1023366.0, 4687190.0 ] ] } },
{ "type": "Feature", "properties": { "betweenness_centrality": 0.0023228803716608595, "source": 13240630980, "target": 1145516288, "ordering_betweenness_centrality": 110, "length": 1661, "length_cumulative": 203515 }, "geometry": { "type": "LineString", "coordinates": [ [ -1014274.0, 4684493.0 ], [ -1014287.0, 4684497.0 ], [ -1014298.0, 4684501.0 ], [ -1014310.0, 4684510.0 ], [ -1014327.0, 4684528.0 ], [ -1014336.0, 4684568.0 ], [ -1014337.0, 4684577.0 ], [ -1014342.0, 4684602.0 ], [ -1014343.0, 4684604.0 ], [ -1014345.0, 4684614.0 ], [ -1014350.0, 4684638.0 ], [ -1014352.0, 4684647.0 ], [ -1014354.0, 4684653.0 ], [ -1014361.0, 4684668.0 ], [ -1014364.0, 4684674.0 ], [ -1014372.0, 4684686.0 ], [ -1014382.0, 4684698.0 ], [ -1014407.0, 4684723.0 ], [ -1014422.0, 4684737.0 ], [ -1014445.0, 4684760.0 ], [ -1014449.0, 4684765.0 ], [ -1014454.0, 4684772.0 ], [ -1014456.0, 4684777.0 ], [ -1014458.0, 4684782.0 ], [ -1014459.0, 4684786.0 ], [ -1014459.0, 4684791.0 ], [ -1014459.0, 4684796.0 ], [ -1014473.0, 4684780.0 ], [ -1014489.0, 4684765.0 ], [ -1014493.0, 4684771.0 ], [ -1014568.0, 4684720.0 ], [ -1014592.0, 4684724.0 ], [ -1014615.0, 4684727.0 ], [ -1014627.0, 4684740.0 ], [ -1014678.0, 4684801.0 ], [ -1014698.0, 4684827.0 ], [ -1014706.0, 4684841.0 ], [ -1014714.0, 4684856.0 ], [ -1014720.0, 4684871.0 ], [ -1014726.0, 4684886.0 ], [ -1014730.0, 4684902.0 ], [ -1014734.0, 4684918.0 ], [ -1014736.0, 4684935.0 ], [ -1014738.0, 4684951.0 ], [ -1014738.0, 4684958.0 ], [ -1014741.0, 4685143.0 ], [ -1014747.0, 4685152.0 ], [ -1014747.0, 4685224.0 ], [ -1014749.0, 4685235.0 ], [ -1014751.0, 4685241.0 ], [ -1014756.0, 4685247.0 ], [ -1014768.0, 4685252.0 ], [ -1014775.0, 4685253.0 ], [ -1014782.0, 4685246.0 ], [ -1014793.0, 4685241.0 ], [ -1014820.0, 4685234.0 ], [ -1014831.0, 4685230.0 ], [ -1014828.0, 4685238.0 ], [ -1014828.0, 4685246.0 ], [ -1014830.0, 4685254.0 ], [ -1014836.0, 4685262.0 ], [ -1014845.0, 4685267.0 ], [ -1014852.0, 4685269.0 ], [ -1014859.0, 4685268.0 ], [ -1014866.0, 4685266.0 ], [ -1014865.0, 4685299.0 ], [ -1014868.0, 4685325.0 ], [ -1014880.0, 4685368.0 ], [ -1014890.0, 4685428.0 ], [ -1014892.0, 4685441.0 ], [ -1014898.0, 4685444.0 ], [ -1014903.0, 4685471.0 ], [ -1014904.0, 4685471.0 ], [ -1014905.0, 4685470.0 ], [ -1014906.0, 4685467.0 ], [ -1014907.0, 4685461.0 ], [ -1014907.0, 4685456.0 ], [ -1014910.0, 4685451.0 ], [ -1014914.0, 4685447.0 ], [ -1014919.0, 4685448.0 ], [ -1014951.0, 4685464.0 ], [ -1014980.0, 4685478.0 ], [ -1014988.0, 4685482.0 ], [ -1014991.0, 4685486.0 ], [ -1014996.0, 4685492.0 ], [ -1015002.0, 4685498.0 ], [ -1015005.0, 4685501.0 ], [ -1015007.0, 4685505.0 ], [ -1015009.0, 4685512.0 ], [ -1015013.0, 4685523.0 ], [ -1015014.0, 4685522.0 ], [ -1015030.0, 4685517.0 ] ] } },
{ "type": "Feature", "properties": { "betweenness_centrality": 0.0011614401858304297, "source": 10048345477, "target": 269275003, "ordering_betweenness_centrality": 112, "length": 2566, "length_cumulative": 206082 }, "geometry": { "type": "LineString", "coordinates": [ [ -1019609.0, 4690128.0 ], [ -1019588.0, 4690136.0 ], [ -1019580.0, 4690138.0 ], [ -1019575.0, 4690138.0 ], [ -1019569.0, 4690137.0 ], [ -1019563.0, 4690135.0 ], [ -1019548.0, 4690126.0 ], [ -1019542.0, 4690123.0 ], [ -1019544.0, 4690120.0 ], [ -1019535.0, 4690116.0 ], [ -1019519.0, 4690110.0 ], [ -1019499.0, 4690103.0 ], [ -1019477.0, 4690095.0 ], [ -1019459.0, 4690089.0 ], [ -1019421.0, 4690079.0 ], [ -1019415.0, 4690078.0 ], [ -1019407.0, 4690075.0 ], [ -1019394.0, 4690073.0 ], [ -1019415.0, 4690036.0 ], [ -1019436.0, 4689993.0 ], [ -1019442.0, 4689983.0 ], [ -1019451.0, 4689966.0 ], [ -1019441.0, 4689963.0 ], [ -1019401.0, 4689938.0 ], [ -1019347.0, 4689903.0 ], [ -1019359.0, 4689827.0 ], [ -1019381.0, 4689788.0 ], [ -1019384.0, 4689777.0 ], [ -1019392.0, 4689779.0 ], [ -1019396.0, 4689777.0 ], [ -1019416.0, 4689751.0 ], [ -1019423.0, 4689741.0 ], [ -1019382.0, 4689710.0 ], [ -1019383.0, 4689707.0 ], [ -1019384.0, 4689705.0 ], [ -1019384.0, 4689703.0 ], [ -1019382.0, 4689700.0 ], [ -1019381.0, 4689699.0 ], [ -1019378.0, 4689698.0 ], [ -1019375.0, 4689680.0 ], [ -1019362.0, 4689631.0 ], [ -1019351.0, 4689595.0 ], [ -1019347.0, 4689582.0 ], [ -1019283.0, 4689584.0 ], [ -1019283.0, 4689580.0 ], [ -1019283.0, 4689577.0 ], [ -1019283.0, 4689573.0 ], [ -1019251.0, 4689571.0 ], [ -1019247.0, 4689566.0 ], [ -1019241.0, 4689563.0 ], [ -1019229.0, 4689546.0 ], [ -1019225.0, 4689537.0 ], [ -1019222.0, 4689526.0 ], [ -1019201.0, 4689455.0 ], [ -1019198.0, 4689447.0 ], [ -1019193.0, 4689430.0 ], [ -1019184.0, 4689399.0 ], [ -1019182.0, 4689392.0 ], [ -1019181.0, 4689389.0 ], [ -1019181.0, 4689385.0 ], [ -1019183.0, 4689376.0 ], [ -1019185.0, 4689373.0 ], [ -1019187.0, 4689369.0 ], [ -1019188.0, 4689365.0 ], [ -1019188.0, 4689361.0 ], [ -1019187.0, 4689358.0 ], [ -1019185.0, 4689354.0 ], [ -1019183.0, 4689351.0 ], [ -1019180.0, 4689348.0 ], [ -1019177.0, 4689346.0 ], [ -1019173.0, 4689344.0 ], [ -1019170.0, 4689344.0 ], [ -1019162.0, 4689336.0 ], [ -1019159.0, 4689328.0 ], [ -1019152.0, 4689307.0 ], [ -1019139.0, 4689272.0 ], [ -1019124.0, 4689234.0 ], [ -1019083.0, 4689146.0 ], [ -1019082.0, 4689144.0 ], [ -1019021.0, 4689042.0 ], [ -1019014.0, 4689025.0 ], [ -1019014.0, 4689018.0 ], [ -1019012.0, 4689010.0 ], [ -1019009.0, 4689003.0 ], [ -1019000.0, 4688990.0 ], [ -1018991.0, 4688982.0 ], [ -1018983.0, 4688977.0 ], [ -1018978.0, 4688976.0 ], [ -1018967.0, 4688964.0 ], [ -1018950.0, 4688945.0 ], [ -1018902.0, 4688896.0 ], [ -1018832.0, 4688838.0 ], [ -1018783.0, 4688805.0 ], [ -1018768.0, 4688795.0 ], [ -1018688.0, 4688750.0 ], [ -1018636.0, 4688726.0 ], [ -1018588.0, 4688706.0 ], [ -1018545.0, 4688694.0 ], [ -1018508.0, 4688684.0 ], [ -1018483.0, 4688678.0 ], [ -1018462.0, 4688673.0 ], [ -1018433.0, 4688668.0 ], [ -1018419.0, 4688665.0 ], [ -1018418.0, 4688651.0 ], [ -1018394.0, 4688412.0 ], [ -1018393.0, 4688403.0 ], [ -1018392.0, 4688388.0 ] ] } },
{ "type": "Feature", "properties": { "betweenness_centrality": 0.0011614401858304297, "source": 13500771182, "target": 1138897712, "ordering_betweenness_centrality": 113, "length": 312, "length_cumulative": 206395 }, "geometry": { "type": "LineString", "coordinates": [ [ -1021324.0, 4679202.0 ], [ -1021329.0, 4679195.0 ], [ -1021332.0, 4679191.0 ], [ -1021342.0, 4679188.0 ], [ -1021340.0, 4679176.0 ], [ -1021347.0, 4679175.0 ], [ -1021361.0, 4679169.0 ], [ -1021370.0, 4679164.0 ], [ -1021378.0, 4679156.0 ], [ -1021385.0, 4679149.0 ], [ -1021392.0, 4679138.0 ], [ -1021402.0, 4679122.0 ], [ -1021430.0, 4679078.0 ], [ -1021434.0, 4679074.0 ], [ -1021461.0, 4679040.0 ], [ -1021523.0, 4678975.0 ] ] } },
{ "type": "Feature", "properties": { "betweenness_centrality": 0.0011614401858304297, "source": 269275003, "target": 247063638, "ordering_betweenness_centrality": 114, "length": 86, "length_cumulative": 206481 }, "geometry": { "type": "LineString", "coordinates": [ [ -1012730.0, 4689960.0 ], [ -1012757.0, 4690017.0 ], [ -1012767.0, 4690037.0 ] ] } }
]
}
