{
"type": "FeatureCollection",
"name": "lisbon-random-grid",
"crs": { "type": "name", "properties": { "name": "urn:ogc:def:crs:EPSG::3857" } },
"features": [
{ "type": "Feature", "properties": { "source": 1583413551, "target": 4646240298, "ordering_random": 0, "length": 2970, "length_cumulative": 2970 }, "geometry": { "type": "LineString", "coordinates": [ [ -1023184.0, 4687513.0 ], [ -1023192.0, 4687505.0 ], [ -1023199.0, 4687498.0 ], [ -1023207.0, 4687491.0 ], [ -1023205.0, 4687488.0 ], [ -1023203.0, 4687484.0 ], [ -1023201.0, 4687478.0 ], [ -1023201.0, 4687469.0 ], [ -1023223.0, 4687431.0 ], [ -1023238.0, 4687406.0 ], [ -1023249.0, 4687388.0 ], [ -1023258.0, 4687372.0 ], [ -1023264.0, 4687362.0 ], [ -1023271.0, 4687351.0 ], [ -1023284.0, 4687328.0 ], [ -1023286.0, 4687325.0 ], [ -1023291.0, 4687321.0 ], [ -1023298.0, 4687313.0 ], [ -1023321.0, 4687275.0 ], [ -1023322.0, 4687267.0 ], [ -1023366.0, 4687190.0 ], [ -1023377.0, 4687171.0 ], [ -1023432.0, 4687081.0 ], [ -1023442.0, 4687061.0 ], [ -1023450.0, 4687049.0 ], [ -1023458.0, 4687034.0 ], [ -1023464.0, 4687024.0 ], [ -1023466.0, 4687020.0 ], [ -1023481.0, 4686989.0 ], [ -1023493.0, 4686966.0 ], [ -1023510.0, 4686928.0 ], [ -1023521.0, 4686900.0 ], [ -1023579.0, 4686754.0 ], [ -1023586.0, 4686737.0 ], [ -1023599.0, 4686703.0 ], [ -1023621.0, 4686654.0 ], [ -1023656.0, 4686587.0 ], [ -1023661.0, 4686581.0 ], [ -1023664.0, 4686577.0 ], [ -1023667.0, 4686575.0 ], [ -1023671.0, 4686573.0 ], [ -1023671.0, 4686567.0 ], [ -1023677.0, 4686567.0 ], [ -1023683.0, 4686567.0 ], [ -1023687.0, 4686569.0 ], [ -1023695.0, 4686572.0 ], [ -1023707.0, 4686588.0 ], [ -1023709.0, 4686591.0 ], [ -1023711.0, 4686592.0 ], [ -1023714.0, 4686594.0 ], [ -1023717.0, 4686596.0 ], [ -1023722.0, 4686596.0 ], [ -1023725.0, 4686596.0 ], [ -1023730.0, 4686595.0 ], [ -1023735.0, 4686593.0 ], [ -1023756.0, 4686577.0 ], [ -1023766.0, 4686570.0 ], [ -1023779.0, 4686562.0 ], [ -1023796.0, 4686551.0 ], [ -1023808.0, 4686543.0 ], [ -1023826.0, 4686529.0 ], [ -1023841.0, 4686518.0 ], [ -1023838.0, 4686515.0 ], [ -1023836.0, 4686511.0 ], [ -1023836.0, 4686507.0 ], [ -1023836.0, 4686503.0 ], [ -1023838.0, 4686499.0 ], [ -1023841.0, 4686496.0 ], [ -1023844.0, 4686493.0 ], [ -1023848.0, 4686492.0 ], [ -1023852.0, 4686492.0 ], [ -1023856.0, 4686493.0 ], [ -1023860.0, 4686495.0 ], [ -1023865.0, 4686486.0 ], [ -1023894.0, 4686436.0 ], [ -1023903.0, 4686419.0 ], [ -1023923.0, 4686384.0 ], [ -1023954.0, 4686327.0 ], [ -1023984.0, 4686274.0 ], [ -1023995.0, 4686260.0 ], [ -1024007.0, 4686245.0 ], [ -1024030.0, 4686193.0 ], [ -1024048.0, 4686141.0 ], [ -1024087.0, 4686154.0 ], [ -1024095.0, 4686145.0 ], [ -1024106.0, 4686120.0 ], [ -1024111.0, 4686118.0 ], [ -1024135.0, 4686112.0 ], [ -1024148.0, 4686110.0 ], [ -1024175.0, 4686105.0 ], [ -1024190.0, 4686104.0 ], [ -1024208.0, 4686105.0 ], [ -1024229.0, 4686108.0 ], [ -1024235.0, 4686109.0 ], [ -1024235.0, 4686122.0 ], [ -1024244.0, 4686122.0 ], [ -1024292.0, 4686123.0 ], [ -1024301.0, 4686125.0 ], [ -1024334.0, 4686132.0 ], [ -1024348.0, 4686135.0 ], [ -1024371.0, 4686140.0 ], [ -1024388.0, 4686140.0 ], [ -1024407.0, 4686140.0 ], [ -1024446.0, 4686140.0 ], [ -1024473.0, 4686140.0 ], [ -1024489.0, 4686142.0 ], [ -1024510.0, 4686149.0 ], [ -1024519.0, 4686128.0 ], [ -1024522.0, 4686119.0 ], [ -1024574.0, 4686143.0 ], [ -1024600.0, 4686155.0 ], [ -1024605.0, 4686157.0 ], [ -1024612.0, 4686161.0 ], [ -1024624.0, 4686166.0 ], [ -1024669.0, 4686188.0 ], [ -1024685.0, 4686191.0 ], [ -1024709.0, 4686202.0 ], [ -1024717.0, 4686206.0 ], [ -1024730.0, 4686212.0 ], [ -1024747.0, 4686221.0 ], [ -1024769.0, 4686233.0 ], [ -1024789.0, 4686242.0 ], [ -1024794.0, 4686227.0 ], [ -1024800.0, 4686212.0 ], [ -1024812.0, 4686177.0 ], [ -1024818.0, 4686161.0 ], [ -1024821.0, 4686151.0 ], [ -1024826.0, 4686136.0 ], [ -1024833.0, 4686113.0 ], [ -1024837.0, 4686102.0 ], [ -1024841.0, 4686088.0 ], [ -1024864.0, 4686018.0 ], [ -1024873.0, 4686005.0 ], [ -1024881.0, 4685996.0 ], [ -1024885.0, 4685993.0 ], [ -1024893.0, 4685987.0 ], [ -1024914.0, 4685979.0 ], [ -1024926.0, 4685975.0 ], [ -1024928.0, 4685981.0 ], [ -1024958.0, 4686063.0 ] ] } },
{ "type": "Feature", "properties": { "source": 7167936371, "target": 1732441265, "ordering_random": 1, "length": 2751, "length_cumulative": 5722 }, "geometry": { "type": "LineString", "coordinates": [ [ -1021604.0, 4685757.0 ], [ -1021605.0, 4685749.0 ], [ -1021596.0, 4685734.0 ], [ -1021595.0, 4685684.0 ], [ -1021594.0, 4685617.0 ], [ -1021594.0, 4685611.0 ], [ -1021604.0, 4685611.0 ], [ -1021626.0, 4685611.0 ], [ -1021660.0, 4685611.0 ], [ -1021725.0, 4685610.0 ], [ -1021744.0, 4685610.0 ], [ -1021751.0, 4685610.0 ], [ -1021772.0, 4685610.0 ], [ -1021776.0, 4685601.0 ], [ -1021791.0, 4685590.0 ], [ -1021804.0, 4685586.0 ], [ -1021818.0, 4685587.0 ], [ -1021869.0, 4685597.0 ], [ -1021902.0, 4685599.0 ], [ -1021923.0, 4685588.0 ], [ -1021926.0, 4685586.0 ], [ -1021949.0, 4685563.0 ], [ -1021955.0, 4685549.0 ], [ -1021961.0, 4685535.0 ], [ -1021969.0, 4685500.0 ], [ -1021973.0, 4685444.0 ], [ -1021972.0, 4685433.0 ], [ -1021959.0, 4685357.0 ], [ -1021956.0, 4685341.0 ], [ -1021947.0, 4685322.0 ], [ -1021947.0, 4685309.0 ], [ -1021948.0, 4685298.0 ], [ -1021941.0, 4685248.0 ], [ -1021940.0, 4685226.0 ], [ -1021936.0, 4685222.0 ], [ -1021941.0, 4685208.0 ], [ -1021947.0, 4685200.0 ], [ -1021890.0, 4685171.0 ], [ -1021849.0, 4685148.0 ], [ -1021837.0, 4685143.0 ], [ -1021773.0, 4685122.0 ], [ -1021733.0, 4685109.0 ], [ -1021723.0, 4685105.0 ], [ -1021631.0, 4685075.0 ], [ -1021637.0, 4685065.0 ], [ -1021686.0, 4684984.0 ], [ -1021719.0, 4684931.0 ], [ -1021758.0, 4684871.0 ], [ -1021752.0, 4684868.0 ], [ -1021749.0, 4684860.0 ], [ -1021753.0, 4684851.0 ], [ -1021741.0, 4684844.0 ], [ -1021739.0, 4684835.0 ], [ -1021736.0, 4684824.0 ], [ -1021728.0, 4684815.0 ], [ -1021682.0, 4684786.0 ], [ -1021653.0, 4684767.0 ], [ -1021629.0, 4684747.0 ], [ -1021626.0, 4684746.0 ], [ -1021616.0, 4684745.0 ], [ -1021603.0, 4684743.0 ], [ -1021587.0, 4684726.0 ], [ -1021569.0, 4684708.0 ], [ -1021553.0, 4684694.0 ], [ -1021539.0, 4684685.0 ], [ -1021540.0, 4684683.0 ], [ -1021528.0, 4684676.0 ], [ -1021530.0, 4684674.0 ], [ -1021558.0, 4684692.0 ], [ -1021560.0, 4684690.0 ], [ -1021530.0, 4684671.0 ], [ -1021531.0, 4684670.0 ], [ -1021607.0, 4684654.0 ], [ -1021611.0, 4684647.0 ], [ -1021686.0, 4684631.0 ], [ -1021744.0, 4684613.0 ], [ -1021752.0, 4684608.0 ], [ -1021783.0, 4684598.0 ], [ -1021757.0, 4684580.0 ], [ -1021730.0, 4684564.0 ], [ -1021681.0, 4684535.0 ], [ -1021666.0, 4684503.0 ], [ -1021652.0, 4684475.0 ], [ -1021646.0, 4684454.0 ], [ -1021642.0, 4684430.0 ], [ -1021642.0, 4684415.0 ], [ -1021642.0, 4684412.0 ], [ -1021642.0, 4684408.0 ], [ -1021646.0, 4684395.0 ], [ -1021648.0, 4684383.0 ], [ -1021659.0, 4684360.0 ], [ -1021659.0, 4684339.0 ], [ -1021656.0, 4684290.0 ], [ -1021652.0, 4684286.0 ], [ -1021623.0, 4684211.0 ], [ -1021615.0, 4684173.0 ], [ -1021703.0, 4684107.0 ] ] } },
{ "type": "Feature", "properties": { "source": 7167936371, "target": 4646240298, "ordering_random": 2, "length": 2892, "length_cumulative": 8614 }, "geometry": { "type": "LineString", "coordinates": [ [ -1021604.0, 4685757.0 ], [ -1021602.0, 4685764.0 ], [ -1021600.0, 4685774.0 ], [ -1021622.0, 4685778.0 ], [ -1021622.0, 4685798.0 ], [ -1021685.0, 4685797.0 ], [ -1021693.0, 4685797.0 ], [ -1021697.0, 4685797.0 ], [ -1021709.0, 4685798.0 ], [ -1021718.0, 4685801.0 ], [ -1021729.0, 4685806.0 ], [ -1021735.0, 4685809.0 ], [ -1021740.0, 4685810.0 ], [ -1021740.0, 4685816.0 ], [ -1021741.0, 4685821.0 ], [ -1021745.0, 4685827.0 ], [ -1021751.0, 4685836.0 ], [ -1021761.0, 4685854.0 ], [ -1021761.0, 4685857.0 ], [ -1021772.0, 4685857.0 ], [ -1021774.0, 4685862.0 ], [ -1021806.0, 4685863.0 ], [ -1021835.0, 4685864.0 ], [ -1021886.0, 4685869.0 ], [ -1021893.0, 4685872.0 ], [ -1021897.0, 4685874.0 ], [ -1021910.0, 4685876.0 ], [ -1021908.0, 4685885.0 ], [ -1021907.0, 4685893.0 ], [ -1021904.0, 4685938.0 ], [ -1021915.0, 4685940.0 ], [ -1021929.0, 4685941.0 ], [ -1021972.0, 4685947.0 ], [ -1021979.0, 4685948.0 ], [ -1022021.0, 4685955.0 ], [ -1022134.0, 4685972.0 ], [ -1022184.0, 4685976.0 ], [ -1022214.0, 4685981.0 ], [ -1022227.0, 4685984.0 ], [ -1022289.0, 4686008.0 ], [ -1022363.0, 4686049.0 ], [ -1022392.0, 4686065.0 ], [ -1022498.0, 4686111.0 ], [ -1022542.0, 4686140.0 ], [ -1022611.0, 4686186.0 ], [ -1022683.0, 4686234.0 ], [ -1022698.0, 4686245.0 ], [ -1022744.0, 4686278.0 ], [ -1022819.0, 4686331.0 ], [ -1022857.0, 4686358.0 ], [ -1023095.0, 4686524.0 ], [ -1023154.0, 4686563.0 ], [ -1023215.0, 4686605.0 ], [ -1023279.0, 4686665.0 ], [ -1023324.0, 4686708.0 ], [ -1023377.0, 4686740.0 ], [ -1023388.0, 4686746.0 ], [ -1023401.0, 4686751.0 ], [ -1023409.0, 4686762.0 ], [ -1023412.0, 4686766.0 ], [ -1023415.0, 4686772.0 ], [ -1023415.0, 4686778.0 ], [ -1023414.0, 4686782.0 ], [ -1023412.0, 4686785.0 ], [ -1023406.0, 4686794.0 ], [ -1023374.0, 4686841.0 ], [ -1023343.0, 4686885.0 ], [ -1023326.0, 4686909.0 ], [ -1023341.0, 4686919.0 ], [ -1023339.0, 4686922.0 ], [ -1023336.0, 4686926.0 ], [ -1023331.0, 4686934.0 ], [ -1023356.0, 4686954.0 ], [ -1023374.0, 4686982.0 ], [ -1023383.0, 4686988.0 ], [ -1023403.0, 4687002.0 ], [ -1023417.0, 4687011.0 ], [ -1023410.0, 4687025.0 ], [ -1023404.0, 4687034.0 ], [ -1023407.0, 4687045.0 ], [ -1023395.0, 4687046.0 ], [ -1023398.0, 4687069.0 ], [ -1023398.0, 4687074.0 ], [ -1023398.0, 4687080.0 ], [ -1023393.0, 4687101.0 ], [ -1023369.0, 4687141.0 ], [ -1023360.0, 4687159.0 ], [ -1023375.0, 4687169.0 ], [ -1023364.0, 4687188.0 ], [ -1023311.0, 4687275.0 ], [ -1023294.0, 4687303.0 ], [ -1023293.0, 4687310.0 ], [ -1023291.0, 4687321.0 ] ] } },
{ "type": "Feature", "properties": { "source": 13432579767, "target": 10573661628, "ordering_random": 3, "length": 4259, "length_cumulative": 12873 }, "geometry": { "type": "LineString", "coordinates": [ [ -1012459.0, 4691855.0 ], [ -1012513.0, 4691798.0 ], [ -1012558.0, 4691767.0 ], [ -1012707.0, 4691807.0 ], [ -1012797.0, 4691832.0 ], [ -1012800.0, 4691832.0 ], [ -1012805.0, 4691833.0 ], [ -1012808.0, 4691794.0 ], [ -1012843.0, 4691801.0 ], [ -1012848.0, 4691802.0 ], [ -1012937.0, 4691817.0 ], [ -1012939.0, 4691809.0 ], [ -1012945.0, 4691770.0 ], [ -1012947.0, 4691763.0 ], [ -1012948.0, 4691751.0 ], [ -1012958.0, 4691700.0 ], [ -1012960.0, 4691686.0 ], [ -1012966.0, 4691652.0 ], [ -1012968.0, 4691634.0 ], [ -1012970.0, 4691621.0 ], [ -1012974.0, 4691592.0 ], [ -1012977.0, 4691570.0 ], [ -1012978.0, 4691557.0 ], [ -1012979.0, 4691549.0 ], [ -1012985.0, 4691492.0 ], [ -1012988.0, 4691440.0 ], [ -1012990.0, 4691405.0 ], [ -1012990.0, 4691391.0 ], [ -1012990.0, 4691327.0 ], [ -1012985.0, 4691249.0 ], [ -1012992.0, 4691227.0 ], [ -1012992.0, 4691189.0 ], [ -1012984.0, 4691137.0 ], [ -1012981.0, 4691117.0 ], [ -1012980.0, 4691112.0 ], [ -1012980.0, 4691106.0 ], [ -1012980.0, 4691101.0 ], [ -1012982.0, 4691095.0 ], [ -1012985.0, 4691089.0 ], [ -1012990.0, 4691079.0 ], [ -1012998.0, 4691078.0 ], [ -1013009.0, 4691074.0 ], [ -1013019.0, 4691067.0 ], [ -1013026.0, 4691058.0 ], [ -1013032.0, 4691046.0 ], [ -1013034.0, 4691032.0 ], [ -1013031.0, 4691019.0 ], [ -1013025.0, 4691007.0 ], [ -1013025.0, 4690995.0 ], [ -1013025.0, 4690987.0 ], [ -1013026.0, 4690979.0 ], [ -1013027.0, 4690970.0 ], [ -1013028.0, 4690962.0 ], [ -1013030.0, 4690954.0 ], [ -1013030.0, 4690945.0 ], [ -1013031.0, 4690934.0 ], [ -1013031.0, 4690899.0 ], [ -1013032.0, 4690883.0 ], [ -1013027.0, 4690813.0 ], [ -1013003.0, 4690616.0 ], [ -1012991.0, 4690557.0 ], [ -1012974.0, 4690504.0 ], [ -1012946.0, 4690446.0 ], [ -1012933.0, 4690417.0 ], [ -1012862.0, 4690265.0 ], [ -1012854.0, 4690249.0 ], [ -1012748.0, 4690021.0 ], [ -1012687.0, 4689890.0 ], [ -1012686.0, 4689887.0 ], [ -1012685.0, 4689884.0 ], [ -1012684.0, 4689881.0 ], [ -1012684.0, 4689877.0 ], [ -1012684.0, 4689875.0 ], [ -1012684.0, 4689872.0 ], [ -1012690.0, 4689759.0 ], [ -1012693.0, 4689707.0 ], [ -1012703.0, 4689551.0 ], [ -1012705.0, 4689519.0 ], [ -1012708.0, 4689480.0 ], [ -1012710.0, 4689448.0 ], [ -1012721.0, 4689276.0 ], [ -1012724.0, 4689222.0 ], [ -1012726.0, 4689191.0 ], [ -1012727.0, 4689170.0 ], [ -1012729.0, 4689151.0 ], [ -1012732.0, 4689098.0 ], [ -1012733.0, 4689080.0 ], [ -1012742.0, 4688946.0 ], [ -1012744.0, 4688916.0 ], [ -1012745.0, 4688904.0 ], [ -1012746.0, 4688891.0 ], [ -1012742.0, 4688888.0 ], [ -1012738.0, 4688888.0 ], [ -1012736.0, 4688888.0 ], [ -1012736.0, 4688877.0 ], [ -1012737.0, 4688858.0 ], [ -1012739.0, 4688838.0 ], [ -1012736.0, 4688836.0 ], [ -1012733.0, 4688832.0 ], [ -1012731.0, 4688814.0 ], [ -1012734.0, 4688781.0 ], [ -1012738.0, 4688699.0 ], [ -1012739.0, 4688675.0 ], [ -1012740.0, 4688640.0 ], [ -1012741.0, 4688626.0 ], [ -1012737.0, 4688603.0 ], [ -1012735.0, 4688602.0 ], [ -1012733.0, 4688598.0 ], [ -1012731.0, 4688596.0 ], [ -1012715.0, 4688590.0 ], [ -1012715.0, 4688586.0 ], [ -1012715.0, 4688581.0 ], [ -1012715.0, 4688577.0 ], [ -1012709.0, 4688578.0 ], [ -1012702.0, 4688572.0 ], [ -1012700.0, 4688570.0 ], [ -1012699.0, 4688569.0 ], [ -1012696.0, 4688568.0 ], [ -1012693.0, 4688567.0 ], [ -1012670.0, 4688567.0 ], [ -1012669.0, 4688567.0 ], [ -1012667.0, 4688566.0 ], [ -1012667.0, 4688564.0 ], [ -1012659.0, 4688539.0 ], [ -1012661.0, 4688506.0 ], [ -1012677.0, 4688496.0 ], [ -1012702.0, 4688497.0 ], [ -1012703.0, 4688480.0 ], [ -1012704.0, 4688465.0 ], [ -1012704.0, 4688460.0 ], [ -1012715.0, 4688461.0 ], [ -1012725.0, 4688461.0 ], [ -1012745.0, 4688463.0 ], [ -1012766.0, 4688464.0 ], [ -1012786.0, 4688465.0 ], [ -1012806.0, 4688466.0 ], [ -1012817.0, 4688467.0 ], [ -1012817.0, 4688462.0 ], [ -1012818.0, 4688453.0 ], [ -1012818.0, 4688446.0 ] ] } },
{ "type": "Feature", "properties": { "source": 8147609115, "target": 7050871650, "ordering_random": 4, "length": 1942, "length_cumulative": 14816 }, "geometry": { "type": "LineString", "coordinates": [ [ -1020392.0, 4680543.0 ], [ -1020392.0, 4680548.0 ], [ -1020362.0, 4680589.0 ], [ -1020356.0, 4680598.0 ], [ -1020364.0, 4680621.0 ], [ -1020359.0, 4680622.0 ], [ -1020354.0, 4680624.0 ], [ -1020348.0, 4680624.0 ], [ -1020342.0, 4680625.0 ], [ -1020327.0, 4680624.0 ], [ -1020285.0, 4680610.0 ], [ -1020275.0, 4680608.0 ], [ -1020270.0, 4680608.0 ], [ -1020265.0, 4680608.0 ], [ -1020246.0, 4680610.0 ], [ -1020240.0, 4680612.0 ], [ -1020228.0, 4680618.0 ], [ -1020213.0, 4680626.0 ], [ -1020159.0, 4680652.0 ], [ -1020105.0, 4680680.0 ], [ -1020054.0, 4680694.0 ], [ -1019973.0, 4680716.0 ], [ -1019925.0, 4680734.0 ], [ -1019910.0, 4680739.0 ], [ -1019904.0, 4680740.0 ], [ -1019893.0, 4680736.0 ], [ -1019887.0, 4680736.0 ], [ -1019880.0, 4680735.0 ], [ -1019875.0, 4680735.0 ], [ -1019860.0, 4680734.0 ], [ -1019852.0, 4680739.0 ], [ -1019834.0, 4680741.0 ], [ -1019813.0, 4680742.0 ], [ -1019796.0, 4680746.0 ], [ -1019789.0, 4680744.0 ], [ -1019782.0, 4680743.0 ], [ -1019772.0, 4680743.0 ], [ -1019754.0, 4680743.0 ], [ -1019745.0, 4680744.0 ], [ -1019738.0, 4680743.0 ], [ -1019731.0, 4680742.0 ], [ -1019720.0, 4680739.0 ], [ -1019698.0, 4680731.0 ], [ -1019679.0, 4680725.0 ], [ -1019653.0, 4680723.0 ], [ -1019651.0, 4680723.0 ], [ -1019643.0, 4680719.0 ], [ -1019638.0, 4680717.0 ], [ -1019632.0, 4680713.0 ], [ -1019618.0, 4680705.0 ], [ -1019608.0, 4680700.0 ], [ -1019599.0, 4680695.0 ], [ -1019511.0, 4680644.0 ], [ -1019502.0, 4680639.0 ], [ -1019493.0, 4680634.0 ], [ -1019476.0, 4680624.0 ], [ -1019466.0, 4680619.0 ], [ -1019455.0, 4680614.0 ], [ -1019422.0, 4680608.0 ], [ -1019415.0, 4680607.0 ], [ -1019400.0, 4680605.0 ], [ -1019334.0, 4680597.0 ], [ -1019311.0, 4680593.0 ], [ -1019272.0, 4680586.0 ], [ -1019261.0, 4680584.0 ], [ -1019246.0, 4680579.0 ], [ -1019174.0, 4680551.0 ], [ -1019139.0, 4680536.0 ], [ -1019096.0, 4680516.0 ], [ -1019051.0, 4680493.0 ], [ -1019034.0, 4680485.0 ], [ -1019010.0, 4680471.0 ], [ -1019000.0, 4680466.0 ], [ -1018992.0, 4680460.0 ], [ -1018981.0, 4680454.0 ], [ -1018973.0, 4680449.0 ], [ -1018971.0, 4680448.0 ], [ -1018969.0, 4680447.0 ], [ -1018957.0, 4680440.0 ], [ -1018908.0, 4680409.0 ], [ -1018884.0, 4680395.0 ], [ -1018868.0, 4680386.0 ], [ -1018858.0, 4680381.0 ], [ -1018836.0, 4680373.0 ], [ -1018831.0, 4680368.0 ], [ -1018827.0, 4680361.0 ], [ -1018825.0, 4680357.0 ], [ -1018821.0, 4680352.0 ], [ -1018812.0, 4680341.0 ], [ -1018805.0, 4680336.0 ], [ -1018785.0, 4680324.0 ], [ -1018775.0, 4680320.0 ], [ -1018765.0, 4680318.0 ], [ -1018760.0, 4680318.0 ], [ -1018748.0, 4680319.0 ], [ -1018730.0, 4680323.0 ], [ -1018708.0, 4680329.0 ], [ -1018662.0, 4680343.0 ], [ -1018654.0, 4680346.0 ] ] } },
{ "type": "Feature", "properties": { "source": 5679963412, "target": 10573661628, "ordering_random": 5, "length": 11298, "length_cumulative": 26114 }, "geometry": { "type": "LineString", "coordinates": [ [ -1012933.0, 4690417.0 ], [ -1012939.0, 4690411.0 ], [ -1012942.0, 4690402.0 ], [ -1012942.0, 4690393.0 ], [ -1012933.0, 4690361.0 ], [ -1012927.0, 4690347.0 ], [ -1012921.0, 4690330.0 ], [ -1012912.0, 4690313.0 ], [ -1012905.0, 4690301.0 ], [ -1012887.0, 4690274.0 ], [ -1012879.0, 4690268.0 ], [ -1012869.0, 4690257.0 ], [ -1012863.0, 4690245.0 ], [ -1012838.0, 4690191.0 ], [ -1012767.0, 4690037.0 ], [ -1012757.0, 4690017.0 ], [ -1012730.0, 4689960.0 ], [ -1012697.0, 4689887.0 ], [ -1012695.0, 4689884.0 ], [ -1012694.0, 4689881.0 ], [ -1012693.0, 4689878.0 ], [ -1012693.0, 4689875.0 ], [ -1012693.0, 4689871.0 ], [ -1012700.0, 4689760.0 ], [ -1012701.0, 4689742.0 ], [ -1012701.0, 4689734.0 ], [ -1012707.0, 4689648.0 ], [ -1012715.0, 4689551.0 ], [ -1012716.0, 4689542.0 ], [ -1012718.0, 4689537.0 ], [ -1012727.0, 4689529.0 ], [ -1012739.0, 4689517.0 ], [ -1012744.0, 4689514.0 ], [ -1012750.0, 4689512.0 ], [ -1012751.0, 4689493.0 ], [ -1012755.0, 4689495.0 ], [ -1012759.0, 4689496.0 ], [ -1012830.0, 4689497.0 ], [ -1012874.0, 4689498.0 ], [ -1012939.0, 4689494.0 ], [ -1013020.0, 4689489.0 ], [ -1013194.0, 4689479.0 ], [ -1013221.0, 4689477.0 ], [ -1013302.0, 4689471.0 ], [ -1013326.0, 4689466.0 ], [ -1013350.0, 4689466.0 ], [ -1013369.0, 4689465.0 ], [ -1013373.0, 4689465.0 ], [ -1013386.0, 4689464.0 ], [ -1013396.0, 4689461.0 ], [ -1013403.0, 4689456.0 ], [ -1013407.0, 4689449.0 ], [ -1013410.0, 4689442.0 ], [ -1013412.0, 4689422.0 ], [ -1013409.0, 4689401.0 ], [ -1013401.0, 4689338.0 ], [ -1013396.0, 4689306.0 ], [ -1013423.0, 4689287.0 ], [ -1013453.0, 4689264.0 ], [ -1013473.0, 4689250.0 ], [ -1013498.0, 4689232.0 ], [ -1013503.0, 4689239.0 ], [ -1013509.0, 4689242.0 ], [ -1013528.0, 4689254.0 ], [ -1013530.0, 4689254.0 ], [ -1013531.0, 4689253.0 ], [ -1013535.0, 4689252.0 ], [ -1013539.0, 4689251.0 ], [ -1013541.0, 4689251.0 ], [ -1013542.0, 4689252.0 ], [ -1013549.0, 4689257.0 ], [ -1013560.0, 4689238.0 ], [ -1013567.0, 4689234.0 ], [ -1013574.0, 4689230.0 ], [ -1013580.0, 4689228.0 ], [ -1013591.0, 4689226.0 ], [ -1013596.0, 4689225.0 ], [ -1013604.0, 4689225.0 ], [ -1013614.0, 4689226.0 ], [ -1013631.0, 4689215.0 ], [ -1013635.0, 4689212.0 ], [ -1013672.0, 4689186.0 ], [ -1013747.0, 4689109.0 ], [ -1013787.0, 4689071.0 ], [ -1013806.0, 4689052.0 ], [ -1013826.0, 4689035.0 ], [ -1013836.0, 4689027.0 ], [ -1013852.0, 4689013.0 ], [ -1013874.0, 4688995.0 ], [ -1013876.0, 4688993.0 ], [ -1013919.0, 4688969.0 ], [ -1013943.0, 4688958.0 ], [ -1013947.0, 4688956.0 ], [ -1013960.0, 4688950.0 ], [ -1013987.0, 4688939.0 ], [ -1014004.0, 4688926.0 ], [ -1014027.0, 4688916.0 ], [ -1014028.0, 4688915.0 ], [ -1014040.0, 4688910.0 ], [ -1014053.0, 4688903.0 ], [ -1014065.0, 4688896.0 ], [ -1014076.0, 4688887.0 ], [ -1014077.0, 4688886.0 ], [ -1014113.0, 4688856.0 ], [ -1014128.0, 4688846.0 ], [ -1014146.0, 4688831.0 ], [ -1014149.0, 4688828.0 ], [ -1014177.0, 4688810.0 ], [ -1014199.0, 4688797.0 ], [ -1014242.0, 4688776.0 ], [ -1014284.0, 4688758.0 ], [ -1014304.0, 4688751.0 ], [ -1014314.0, 4688747.0 ], [ -1014360.0, 4688730.0 ], [ -1014391.0, 4688719.0 ], [ -1014405.0, 4688715.0 ], [ -1014438.0, 4688705.0 ], [ -1014475.0, 4688695.0 ], [ -1014512.0, 4688685.0 ], [ -1014551.0, 4688677.0 ], [ -1014576.0, 4688671.0 ], [ -1014595.0, 4688668.0 ], [ -1014601.0, 4688667.0 ], [ -1014607.0, 4688666.0 ], [ -1014612.0, 4688665.0 ], [ -1014636.0, 4688660.0 ], [ -1014688.0, 4688651.0 ], [ -1014715.0, 4688648.0 ], [ -1014742.0, 4688645.0 ], [ -1014860.0, 4688640.0 ], [ -1014891.0, 4688640.0 ], [ -1014906.0, 4688640.0 ], [ -1014931.0, 4688640.0 ], [ -1014956.0, 4688640.0 ], [ -1014998.0, 4688642.0 ], [ -1015034.0, 4688640.0 ], [ -1015059.0, 4688643.0 ], [ -1015073.0, 4688644.0 ], [ -1015079.0, 4688645.0 ], [ -1015100.0, 4688648.0 ], [ -1015122.0, 4688650.0 ], [ -1015145.0, 4688654.0 ], [ -1015160.0, 4688656.0 ], [ -1015178.0, 4688660.0 ], [ -1015192.0, 4688662.0 ], [ -1015220.0, 4688667.0 ], [ -1015510.0, 4688705.0 ], [ -1015544.0, 4688709.0 ], [ -1015575.0, 4688712.0 ], [ -1015589.0, 4688714.0 ], [ -1015609.0, 4688716.0 ], [ -1015638.0, 4688715.0 ], [ -1015649.0, 4688712.0 ], [ -1015659.0, 4688709.0 ], [ -1015668.0, 4688704.0 ], [ -1015686.0, 4688684.0 ], [ -1015707.0, 4688627.0 ], [ -1015739.0, 4688545.0 ], [ -1015771.0, 4688478.0 ], [ -1015819.0, 4688389.0 ], [ -1015853.0, 4688335.0 ], [ -1015890.0, 4688281.0 ], [ -1015956.0, 4688189.0 ], [ -1016016.0, 4688120.0 ], [ -1016137.0, 4687975.0 ], [ -1016246.0, 4687850.0 ], [ -1016253.0, 4687839.0 ], [ -1016255.0, 4687829.0 ], [ -1016255.0, 4687819.0 ], [ -1016262.0, 4687826.0 ], [ -1016270.0, 4687832.0 ], [ -1016283.0, 4687837.0 ], [ -1016293.0, 4687841.0 ], [ -1016306.0, 4687841.0 ], [ -1016319.0, 4687837.0 ], [ -1016334.0, 4687827.0 ], [ -1016345.0, 4687813.0 ], [ -1016364.0, 4687802.0 ], [ -1016367.0, 4687800.0 ], [ -1016398.0, 4687786.0 ], [ -1016421.0, 4687777.0 ], [ -1016442.0, 4687774.0 ], [ -1016465.0, 4687775.0 ], [ -1016486.0, 4687781.0 ], [ -1016506.0, 4687789.0 ], [ -1016570.0, 4687825.0 ], [ -1016611.0, 4687848.0 ], [ -1016654.0, 4687862.0 ], [ -1016665.0, 4687866.0 ], [ -1016726.0, 4687871.0 ], [ -1016754.0, 4687870.0 ], [ -1016809.0, 4687865.0 ], [ -1016864.0, 4687852.0 ], [ -1016977.0, 4687826.0 ], [ -1017075.0, 4687810.0 ], [ -1017153.0, 4687812.0 ], [ -1017269.0, 4687814.0 ], [ -1017377.0, 4687812.0 ], [ -1017421.0, 4687811.0 ], [ -1017487.0, 4687808.0 ], [ -1017591.0, 4687798.0 ], [ -1017625.0, 4687794.0 ], [ -1017669.0, 4687788.0 ], [ -1017764.0, 4687772.0 ], [ -1017778.0, 4687770.0 ], [ -1017822.0, 4687761.0 ], [ -1017989.0, 4687723.0 ], [ -1018014.0, 4687717.0 ], [ -1018166.0, 4687697.0 ], [ -1018188.0, 4687694.0 ], [ -1018192.0, 4687695.0 ], [ -1018196.0, 4687695.0 ], [ -1018200.0, 4687697.0 ], [ -1018205.0, 4687699.0 ], [ -1018208.0, 4687702.0 ], [ -1018211.0, 4687706.0 ], [ -1018214.0, 4687710.0 ], [ -1018218.0, 4687719.0 ], [ -1018232.0, 4687752.0 ], [ -1018234.0, 4687759.0 ], [ -1018236.0, 4687766.0 ], [ -1018240.0, 4687773.0 ], [ -1018244.0, 4687780.0 ], [ -1018251.0, 4687787.0 ], [ -1018259.0, 4687794.0 ], [ -1018266.0, 4687800.0 ], [ -1018276.0, 4687808.0 ], [ -1018281.0, 4687810.0 ], [ -1018286.0, 4687812.0 ], [ -1018291.0, 4687813.0 ], [ -1018297.0, 4687815.0 ], [ -1018303.0, 4687816.0 ], [ -1018312.0, 4687817.0 ], [ -1018331.0, 4687829.0 ], [ -1018339.0, 4687842.0 ], [ -1018343.0, 4687877.0 ], [ -1018364.0, 4688103.0 ], [ -1018366.0, 4688130.0 ], [ -1018382.0, 4688289.0 ], [ -1018392.0, 4688388.0 ], [ -1018393.0, 4688403.0 ], [ -1018394.0, 4688412.0 ], [ -1018418.0, 4688651.0 ], [ -1018419.0, 4688665.0 ], [ -1018433.0, 4688668.0 ], [ -1018462.0, 4688673.0 ], [ -1018463.0, 4688684.0 ], [ -1018484.0, 4688689.0 ], [ -1018510.0, 4688696.0 ], [ -1018531.0, 4688702.0 ], [ -1018582.0, 4688718.0 ], [ -1018633.0, 4688737.0 ], [ -1018683.0, 4688760.0 ], [ -1018761.0, 4688804.0 ], [ -1018823.0, 4688847.0 ], [ -1018894.0, 4688903.0 ], [ -1018944.0, 4688953.0 ], [ -1018958.0, 4688971.0 ], [ -1018963.0, 4688985.0 ], [ -1018960.0, 4688992.0 ], [ -1018960.0, 4688998.0 ], [ -1018964.0, 4689007.0 ], [ -1018969.0, 4689017.0 ], [ -1018971.0, 4689020.0 ], [ -1018976.0, 4689026.0 ], [ -1018987.0, 4689035.0 ], [ -1018990.0, 4689037.0 ], [ -1018995.0, 4689038.0 ], [ -1018999.0, 4689039.0 ], [ -1019002.0, 4689038.0 ], [ -1019013.0, 4689048.0 ], [ -1019036.0, 4689090.0 ], [ -1019073.0, 4689153.0 ], [ -1019075.0, 4689156.0 ], [ -1019080.0, 4689164.0 ], [ -1019119.0, 4689251.0 ], [ -1019134.0, 4689288.0 ], [ -1019151.0, 4689331.0 ], [ -1019152.0, 4689351.0 ], [ -1019150.0, 4689354.0 ], [ -1019149.0, 4689358.0 ], [ -1019148.0, 4689361.0 ], [ -1019148.0, 4689364.0 ], [ -1019148.0, 4689365.0 ], [ -1019148.0, 4689367.0 ], [ -1019149.0, 4689369.0 ], [ -1019150.0, 4689373.0 ], [ -1019152.0, 4689376.0 ], [ -1019155.0, 4689379.0 ], [ -1019158.0, 4689381.0 ], [ -1019162.0, 4689383.0 ], [ -1019170.0, 4689392.0 ], [ -1019173.0, 4689402.0 ], [ -1019180.0, 4689424.0 ], [ -1019184.0, 4689438.0 ], [ -1019206.0, 4689520.0 ], [ -1019211.0, 4689553.0 ], [ -1019215.0, 4689574.0 ], [ -1019214.0, 4689580.0 ], [ -1019214.0, 4689586.0 ], [ -1019216.0, 4689591.0 ], [ -1019215.0, 4689634.0 ], [ -1019214.0, 4689665.0 ], [ -1019213.0, 4689684.0 ], [ -1019209.0, 4689709.0 ], [ -1019208.0, 4689722.0 ], [ -1019217.0, 4689723.0 ], [ -1019212.0, 4689776.0 ], [ -1019272.0, 4689776.0 ], [ -1019265.0, 4689842.0 ], [ -1019260.0, 4689867.0 ], [ -1019252.0, 4689929.0 ], [ -1019247.0, 4689959.0 ], [ -1019235.0, 4689986.0 ], [ -1019221.0, 4690022.0 ], [ -1019212.0, 4690063.0 ], [ -1019215.0, 4690065.0 ], [ -1019251.0, 4690085.0 ], [ -1019299.0, 4690109.0 ], [ -1019342.0, 4690133.0 ], [ -1019354.0, 4690141.0 ], [ -1019358.0, 4690164.0 ], [ -1019362.0, 4690174.0 ], [ -1019365.0, 4690179.0 ], [ -1019370.0, 4690185.0 ], [ -1019380.0, 4690193.0 ], [ -1019395.0, 4690202.0 ], [ -1019408.0, 4690210.0 ], [ -1019422.0, 4690219.0 ], [ -1019434.0, 4690227.0 ], [ -1019443.0, 4690236.0 ], [ -1019455.0, 4690247.0 ], [ -1019461.0, 4690254.0 ], [ -1019474.0, 4690269.0 ], [ -1019479.0, 4690276.0 ], [ -1019489.0, 4690296.0 ], [ -1019526.0, 4690322.0 ], [ -1019533.0, 4690328.0 ], [ -1019576.0, 4690358.0 ], [ -1019582.0, 4690362.0 ], [ -1019568.0, 4690386.0 ], [ -1019555.0, 4690415.0 ], [ -1019546.0, 4690441.0 ], [ -1019543.0, 4690460.0 ], [ -1019544.0, 4690485.0 ], [ -1019545.0, 4690500.0 ], [ -1019545.0, 4690506.0 ], [ -1019544.0, 4690525.0 ], [ -1019544.0, 4690531.0 ], [ -1019545.0, 4690542.0 ], [ -1019545.0, 4690546.0 ], [ -1019547.0, 4690560.0 ], [ -1019541.0, 4690571.0 ], [ -1019536.0, 4690581.0 ], [ -1019532.0, 4690589.0 ], [ -1019514.0, 4690617.0 ], [ -1019537.0, 4690640.0 ], [ -1019549.0, 4690650.0 ], [ -1019522.0, 4690682.0 ], [ -1019506.0, 4690707.0 ], [ -1019443.0, 4690779.0 ], [ -1019439.0, 4690784.0 ] ] } },
{ "type": "Feature", "properties": { "source": 3974385282, "target": 2165209268, "ordering_random": 6, "length": 2094, "length_cumulative": 28208 }, "geometry": { "type": "LineString", "coordinates": [ [ -1017876.0, 4687223.0 ], [ -1017808.0, 4687252.0 ], [ -1017769.0, 4687158.0 ], [ -1017716.0, 4687180.0 ], [ -1017682.0, 4687098.0 ], [ -1017587.0, 4687138.0 ], [ -1017579.0, 4687119.0 ], [ -1017578.0, 4687114.0 ], [ -1017556.0, 4687123.0 ], [ -1017534.0, 4687132.0 ], [ -1017458.0, 4687161.0 ], [ -1017438.0, 4687168.0 ], [ -1017333.0, 4687211.0 ], [ -1017326.0, 4687214.0 ], [ -1017320.0, 4687217.0 ], [ -1017311.0, 4687220.0 ], [ -1017305.0, 4687222.0 ], [ -1017304.0, 4687220.0 ], [ -1017301.0, 4687213.0 ], [ -1017269.0, 4687226.0 ], [ -1017149.0, 4687275.0 ], [ -1017118.0, 4687288.0 ], [ -1017080.0, 4687304.0 ], [ -1017071.0, 4687307.0 ], [ -1017029.0, 4687324.0 ], [ -1017027.0, 4687325.0 ], [ -1017004.0, 4687335.0 ], [ -1017002.0, 4687328.0 ], [ -1016998.0, 4687322.0 ], [ -1016826.0, 4687393.0 ], [ -1016819.0, 4687377.0 ], [ -1016815.0, 4687379.0 ], [ -1016743.0, 4687410.0 ], [ -1016646.0, 4687449.0 ], [ -1016648.0, 4687409.0 ], [ -1016647.0, 4687408.0 ], [ -1016633.0, 4687379.0 ], [ -1016613.0, 4687349.0 ], [ -1016593.0, 4687336.0 ], [ -1016575.0, 4687333.0 ], [ -1016552.0, 4687330.0 ], [ -1016538.0, 4687314.0 ], [ -1016521.0, 4687293.0 ], [ -1016510.0, 4687289.0 ], [ -1016490.0, 4687287.0 ], [ -1016472.0, 4687284.0 ], [ -1016455.0, 4687280.0 ], [ -1016374.0, 4687274.0 ], [ -1016364.0, 4687273.0 ], [ -1016370.0, 4687194.0 ], [ -1016352.0, 4687192.0 ], [ -1016357.0, 4687123.0 ], [ -1016359.0, 4687099.0 ], [ -1016361.0, 4687077.0 ], [ -1016361.0, 4687069.0 ], [ -1016362.0, 4687058.0 ] ] } },
{ "type": "Feature", "properties": { "source": 2441312770, "target": 6884007756, "ordering_random": 7, "length": 4163, "length_cumulative": 32372 }, "geometry": { "type": "LineString", "coordinates": [ [ -1013133.0, 4685086.0 ], [ -1013132.0, 4685089.0 ], [ -1013135.0, 4685090.0 ], [ -1013150.0, 4685095.0 ], [ -1013156.0, 4685078.0 ], [ -1013179.0, 4685015.0 ], [ -1013209.0, 4684932.0 ], [ -1013228.0, 4684886.0 ], [ -1013232.0, 4684876.0 ], [ -1013236.0, 4684867.0 ], [ -1013260.0, 4684802.0 ], [ -1013261.0, 4684801.0 ], [ -1013264.0, 4684794.0 ], [ -1013269.0, 4684784.0 ], [ -1013279.0, 4684775.0 ], [ -1013282.0, 4684763.0 ], [ -1013284.0, 4684754.0 ], [ -1013285.0, 4684748.0 ], [ -1013290.0, 4684721.0 ], [ -1013294.0, 4684698.0 ], [ -1013299.0, 4684657.0 ], [ -1013307.0, 4684596.0 ], [ -1013316.0, 4684542.0 ], [ -1013325.0, 4684491.0 ], [ -1013332.0, 4684455.0 ], [ -1013344.0, 4684402.0 ], [ -1013348.0, 4684381.0 ], [ -1013352.0, 4684367.0 ], [ -1013353.0, 4684358.0 ], [ -1013361.0, 4684325.0 ], [ -1013388.0, 4684209.0 ], [ -1013391.0, 4684193.0 ], [ -1013395.0, 4684177.0 ], [ -1013405.0, 4684137.0 ], [ -1013413.0, 4684105.0 ], [ -1013417.0, 4684090.0 ], [ -1013422.0, 4684072.0 ], [ -1013426.0, 4684057.0 ], [ -1013437.0, 4684022.0 ], [ -1013472.0, 4683908.0 ], [ -1013485.0, 4683876.0 ], [ -1013501.0, 4683837.0 ], [ -1013504.0, 4683830.0 ], [ -1013512.0, 4683815.0 ], [ -1013521.0, 4683800.0 ], [ -1013533.0, 4683779.0 ], [ -1013560.0, 4683740.0 ], [ -1013569.0, 4683726.0 ], [ -1013571.0, 4683721.0 ], [ -1013596.0, 4683673.0 ], [ -1013605.0, 4683651.0 ], [ -1013609.0, 4683637.0 ], [ -1013610.0, 4683630.0 ], [ -1013615.0, 4683594.0 ], [ -1013619.0, 4683561.0 ], [ -1013623.0, 4683541.0 ], [ -1013629.0, 4683512.0 ], [ -1013631.0, 4683506.0 ], [ -1013636.0, 4683491.0 ], [ -1013640.0, 4683483.0 ], [ -1013658.0, 4683456.0 ], [ -1013695.0, 4683406.0 ], [ -1013713.0, 4683382.0 ], [ -1013723.0, 4683369.0 ], [ -1013760.0, 4683313.0 ], [ -1013791.0, 4683263.0 ], [ -1013803.0, 4683244.0 ], [ -1013809.0, 4683234.0 ], [ -1013842.0, 4683186.0 ], [ -1013851.0, 4683172.0 ], [ -1013868.0, 4683148.0 ], [ -1013874.0, 4683139.0 ], [ -1013879.0, 4683130.0 ], [ -1013884.0, 4683121.0 ], [ -1013890.0, 4683109.0 ], [ -1013895.0, 4683095.0 ], [ -1013898.0, 4683089.0 ], [ -1013908.0, 4683062.0 ], [ -1013921.0, 4683035.0 ], [ -1013931.0, 4683015.0 ], [ -1013936.0, 4683004.0 ], [ -1013940.0, 4682995.0 ], [ -1013946.0, 4682987.0 ], [ -1013954.0, 4682977.0 ], [ -1013986.0, 4682943.0 ], [ -1014003.0, 4682924.0 ], [ -1014008.0, 4682920.0 ], [ -1014016.0, 4682909.0 ], [ -1014023.0, 4682900.0 ], [ -1014051.0, 4682859.0 ], [ -1014057.0, 4682851.0 ], [ -1014068.0, 4682835.0 ], [ -1014076.0, 4682824.0 ], [ -1014091.0, 4682803.0 ], [ -1014101.0, 4682789.0 ], [ -1014129.0, 4682748.0 ], [ -1014167.0, 4682696.0 ], [ -1014173.0, 4682687.0 ], [ -1014184.0, 4682676.0 ], [ -1014199.0, 4682661.0 ], [ -1014205.0, 4682655.0 ], [ -1014242.0, 4682620.0 ], [ -1014249.0, 4682614.0 ], [ -1014265.0, 4682600.0 ], [ -1014276.0, 4682590.0 ], [ -1014292.0, 4682576.0 ], [ -1014306.0, 4682564.0 ], [ -1014310.0, 4682560.0 ], [ -1014327.0, 4682546.0 ], [ -1014377.0, 4682507.0 ], [ -1014387.0, 4682499.0 ], [ -1014396.0, 4682491.0 ], [ -1014401.0, 4682486.0 ], [ -1014404.0, 4682484.0 ], [ -1014410.0, 4682478.0 ], [ -1014418.0, 4682469.0 ], [ -1014428.0, 4682456.0 ], [ -1014436.0, 4682447.0 ], [ -1014457.0, 4682420.0 ], [ -1014470.0, 4682404.0 ], [ -1014478.0, 4682391.0 ], [ -1014484.0, 4682380.0 ], [ -1014487.0, 4682372.0 ], [ -1014491.0, 4682357.0 ], [ -1014494.0, 4682344.0 ], [ -1014497.0, 4682333.0 ], [ -1014501.0, 4682324.0 ], [ -1014504.0, 4682318.0 ], [ -1014507.0, 4682312.0 ], [ -1014533.0, 4682278.0 ], [ -1014535.0, 4682276.0 ], [ -1014537.0, 4682273.0 ], [ -1014565.0, 4682236.0 ], [ -1014588.0, 4682198.0 ], [ -1014595.0, 4682187.0 ], [ -1014655.0, 4682088.0 ], [ -1014661.0, 4682082.0 ], [ -1014666.0, 4682077.0 ], [ -1014677.0, 4682068.0 ], [ -1014683.0, 4682064.0 ], [ -1014689.0, 4682060.0 ], [ -1014695.0, 4682058.0 ], [ -1014708.0, 4682056.0 ], [ -1014715.0, 4682057.0 ], [ -1014721.0, 4682059.0 ], [ -1014733.0, 4682042.0 ], [ -1014744.0, 4682020.0 ], [ -1014760.0, 4681990.0 ], [ -1014834.0, 4681857.0 ], [ -1014859.0, 4681886.0 ], [ -1014865.0, 4681905.0 ], [ -1014882.0, 4681889.0 ], [ -1014894.0, 4681879.0 ], [ -1014901.0, 4681882.0 ], [ -1014927.0, 4681897.0 ], [ -1014985.0, 4681878.0 ], [ -1014999.0, 4681874.0 ], [ -1015024.0, 4681879.0 ], [ -1015042.0, 4681879.0 ], [ -1015058.0, 4681884.0 ], [ -1015079.0, 4681888.0 ], [ -1015116.0, 4681829.0 ], [ -1015118.0, 4681825.0 ], [ -1015120.0, 4681821.0 ], [ -1015120.0, 4681819.0 ], [ -1015120.0, 4681817.0 ], [ -1015120.0, 4681815.0 ], [ -1015120.0, 4681811.0 ], [ -1015120.0, 4681807.0 ], [ -1015124.0, 4681800.0 ] ] } },
{ "type": "Feature", "properties": { "source": 1301476578, "target": 8165092613, "ordering_random": 8, "length": 2197, "length_cumulative": 34569 }, "geometry": { "type": "LineString", "coordinates": [ [ -1019645.0, 4689054.0 ], [ -1019663.0, 4689040.0 ], [ -1019680.0, 4689034.0 ], [ -1019710.0, 4689027.0 ], [ -1019730.0, 4689023.0 ], [ -1019734.0, 4689021.0 ], [ -1019726.0, 4688994.0 ], [ -1019714.0, 4688966.0 ], [ -1019710.0, 4688957.0 ], [ -1019715.0, 4688955.0 ], [ -1019701.0, 4688921.0 ], [ -1019685.0, 4688886.0 ], [ -1019679.0, 4688874.0 ], [ -1019674.0, 4688863.0 ], [ -1019655.0, 4688822.0 ], [ -1019649.0, 4688809.0 ], [ -1019637.0, 4688785.0 ], [ -1019633.0, 4688777.0 ], [ -1019620.0, 4688740.0 ], [ -1019590.0, 4688683.0 ], [ -1019561.0, 4688631.0 ], [ -1019558.0, 4688626.0 ], [ -1019557.0, 4688624.0 ], [ -1019542.0, 4688599.0 ], [ -1019533.0, 4688579.0 ], [ -1019528.0, 4688570.0 ], [ -1019517.0, 4688535.0 ], [ -1019514.0, 4688523.0 ], [ -1019513.0, 4688518.0 ], [ -1019515.0, 4688513.0 ], [ -1019516.0, 4688509.0 ], [ -1019517.0, 4688507.0 ], [ -1019516.0, 4688498.0 ], [ -1019515.0, 4688491.0 ], [ -1019512.0, 4688482.0 ], [ -1019499.0, 4688437.0 ], [ -1019497.0, 4688434.0 ], [ -1019499.0, 4688432.0 ], [ -1019500.0, 4688429.0 ], [ -1019500.0, 4688427.0 ], [ -1019500.0, 4688425.0 ], [ -1019484.0, 4688381.0 ], [ -1019481.0, 4688377.0 ], [ -1019476.0, 4688374.0 ], [ -1019471.0, 4688372.0 ], [ -1019458.0, 4688332.0 ], [ -1019456.0, 4688324.0 ], [ -1019451.0, 4688310.0 ], [ -1019446.0, 4688296.0 ], [ -1019442.0, 4688287.0 ], [ -1019438.0, 4688276.0 ], [ -1019434.0, 4688263.0 ], [ -1019430.0, 4688254.0 ], [ -1019433.0, 4688253.0 ], [ -1019432.0, 4688248.0 ], [ -1019427.0, 4688238.0 ], [ -1019420.0, 4688217.0 ], [ -1019410.0, 4688191.0 ], [ -1019406.0, 4688176.0 ], [ -1019403.0, 4688157.0 ], [ -1019401.0, 4688142.0 ], [ -1019396.0, 4688120.0 ], [ -1019391.0, 4688097.0 ], [ -1019390.0, 4688091.0 ], [ -1019390.0, 4688086.0 ], [ -1019389.0, 4688083.0 ], [ -1019388.0, 4688076.0 ], [ -1019386.0, 4688063.0 ], [ -1019383.0, 4688049.0 ], [ -1019380.0, 4688032.0 ], [ -1019378.0, 4688019.0 ], [ -1019374.0, 4687994.0 ], [ -1019371.0, 4687981.0 ], [ -1019368.0, 4687968.0 ], [ -1019367.0, 4687964.0 ], [ -1019368.0, 4687962.0 ], [ -1019368.0, 4687958.0 ], [ -1019367.0, 4687955.0 ], [ -1019370.0, 4687952.0 ], [ -1019373.0, 4687950.0 ], [ -1019377.0, 4687948.0 ], [ -1019455.0, 4687934.0 ], [ -1019458.0, 4687934.0 ], [ -1019483.0, 4687930.0 ], [ -1019500.0, 4687928.0 ], [ -1019525.0, 4687925.0 ], [ -1019547.0, 4687924.0 ], [ -1019551.0, 4687920.0 ], [ -1019557.0, 4687920.0 ], [ -1019568.0, 4687917.0 ], [ -1019576.0, 4687914.0 ], [ -1019585.0, 4687910.0 ], [ -1019592.0, 4687906.0 ], [ -1019595.0, 4687905.0 ], [ -1019610.0, 4687892.0 ], [ -1019616.0, 4687886.0 ], [ -1019624.0, 4687876.0 ], [ -1019632.0, 4687862.0 ], [ -1019637.0, 4687852.0 ], [ -1019640.0, 4687840.0 ], [ -1019644.0, 4687826.0 ], [ -1019648.0, 4687817.0 ], [ -1019651.0, 4687811.0 ], [ -1019655.0, 4687806.0 ], [ -1019661.0, 4687797.0 ], [ -1019667.0, 4687792.0 ], [ -1019670.0, 4687784.0 ], [ -1019671.0, 4687778.0 ], [ -1019669.0, 4687772.0 ], [ -1019665.0, 4687767.0 ], [ -1019663.0, 4687765.0 ], [ -1019665.0, 4687759.0 ], [ -1019667.0, 4687749.0 ], [ -1019669.0, 4687744.0 ], [ -1019670.0, 4687740.0 ], [ -1019674.0, 4687735.0 ], [ -1019679.0, 4687729.0 ], [ -1019681.0, 4687723.0 ], [ -1019683.0, 4687719.0 ], [ -1019684.0, 4687713.0 ], [ -1019685.0, 4687708.0 ], [ -1019685.0, 4687703.0 ], [ -1019684.0, 4687698.0 ], [ -1019682.0, 4687693.0 ], [ -1019681.0, 4687690.0 ], [ -1019677.0, 4687684.0 ], [ -1019669.0, 4687673.0 ], [ -1019661.0, 4687667.0 ], [ -1019643.0, 4687650.0 ], [ -1019636.0, 4687641.0 ], [ -1019627.0, 4687631.0 ], [ -1019618.0, 4687617.0 ], [ -1019610.0, 4687602.0 ], [ -1019603.0, 4687587.0 ], [ -1019597.0, 4687570.0 ], [ -1019593.0, 4687548.0 ], [ -1019590.0, 4687521.0 ], [ -1019592.0, 4687496.0 ], [ -1019596.0, 4687476.0 ], [ -1019602.0, 4687455.0 ], [ -1019609.0, 4687438.0 ], [ -1019619.0, 4687423.0 ], [ -1019633.0, 4687407.0 ], [ -1019638.0, 4687401.0 ], [ -1019647.0, 4687391.0 ], [ -1019661.0, 4687380.0 ], [ -1019675.0, 4687369.0 ], [ -1019678.0, 4687374.0 ], [ -1019678.0, 4687376.0 ], [ -1019684.0, 4687372.0 ], [ -1019690.0, 4687369.0 ], [ -1019693.0, 4687368.0 ], [ -1019702.0, 4687363.0 ], [ -1019708.0, 4687363.0 ], [ -1019712.0, 4687364.0 ], [ -1019715.0, 4687364.0 ], [ -1019718.0, 4687360.0 ], [ -1019721.0, 4687358.0 ], [ -1019726.0, 4687355.0 ], [ -1019736.0, 4687353.0 ], [ -1019750.0, 4687352.0 ] ] } },
{ "type": "Feature", "properties": { "source": 3538716674, "target": 6522353440, "ordering_random": 9, "length": 3186, "length_cumulative": 37756 }, "geometry": { "type": "LineString", "coordinates": [ [ -1021416.0, 4687459.0 ], [ -1021416.0, 4687407.0 ], [ -1021416.0, 4687370.0 ], [ -1021419.0, 4687370.0 ], [ -1021419.0, 4687364.0 ], [ -1021419.0, 4687358.0 ], [ -1021409.0, 4687358.0 ], [ -1021405.0, 4687357.0 ], [ -1021404.0, 4687355.0 ], [ -1021403.0, 4687354.0 ], [ -1021402.0, 4687351.0 ], [ -1021402.0, 4687348.0 ], [ -1021394.0, 4687348.0 ], [ -1021394.0, 4687339.0 ], [ -1021394.0, 4687303.0 ], [ -1021394.0, 4687237.0 ], [ -1021393.0, 4687170.0 ], [ -1021357.0, 4687135.0 ], [ -1021334.0, 4687112.0 ], [ -1021336.0, 4687109.0 ], [ -1021349.0, 4687088.0 ], [ -1021389.0, 4687018.0 ], [ -1021372.0, 4686988.0 ], [ -1021266.0, 4686967.0 ], [ -1021257.0, 4686965.0 ], [ -1021264.0, 4686947.0 ], [ -1021301.0, 4686854.0 ], [ -1021302.0, 4686792.0 ], [ -1021310.0, 4686793.0 ], [ -1021311.0, 4686786.0 ], [ -1021311.0, 4686778.0 ], [ -1021300.0, 4686778.0 ], [ -1021230.0, 4686778.0 ], [ -1021094.0, 4686778.0 ], [ -1021094.0, 4686767.0 ], [ -1021092.0, 4686760.0 ], [ -1021087.0, 4686753.0 ], [ -1021064.0, 4686728.0 ], [ -1021051.0, 4686715.0 ], [ -1021046.0, 4686709.0 ], [ -1021043.0, 4686702.0 ], [ -1021013.0, 4686604.0 ], [ -1021006.0, 4686582.0 ], [ -1020982.0, 4686583.0 ], [ -1020897.0, 4686581.0 ], [ -1020856.0, 4686580.0 ], [ -1020768.0, 4686578.0 ], [ -1020753.0, 4686578.0 ], [ -1020747.0, 4686567.0 ], [ -1020711.0, 4686521.0 ], [ -1020692.0, 4686498.0 ], [ -1020687.0, 4686491.0 ], [ -1020632.0, 4686422.0 ], [ -1020627.0, 4686415.0 ], [ -1020576.0, 4686350.0 ], [ -1020555.0, 4686331.0 ], [ -1020551.0, 4686326.0 ], [ -1020546.0, 4686322.0 ], [ -1020543.0, 4686319.0 ], [ -1020517.0, 4686304.0 ], [ -1020511.0, 4686301.0 ], [ -1020506.0, 4686296.0 ], [ -1020502.0, 4686290.0 ], [ -1020493.0, 4686280.0 ], [ -1020483.0, 4686263.0 ], [ -1020472.0, 4686248.0 ], [ -1020340.0, 4686088.0 ], [ -1020329.0, 4686077.0 ], [ -1020309.0, 4686059.0 ], [ -1020300.0, 4686051.0 ], [ -1020290.0, 4686036.0 ], [ -1020288.0, 4686023.0 ], [ -1020287.0, 4686015.0 ], [ -1020279.0, 4686012.0 ], [ -1020255.0, 4686006.0 ], [ -1020233.0, 4686000.0 ], [ -1020209.0, 4685985.0 ], [ -1020204.0, 4685983.0 ], [ -1020179.0, 4685983.0 ], [ -1020138.0, 4685984.0 ], [ -1020124.0, 4685972.0 ], [ -1020108.0, 4685960.0 ], [ -1020084.0, 4685942.0 ], [ -1019995.0, 4685940.0 ], [ -1019887.0, 4685940.0 ], [ -1019863.0, 4685938.0 ], [ -1019863.0, 4685926.0 ], [ -1019865.0, 4685917.0 ], [ -1019833.0, 4685915.0 ], [ -1019827.0, 4685910.0 ], [ -1019817.0, 4685899.0 ], [ -1019813.0, 4685888.0 ], [ -1019812.0, 4685878.0 ], [ -1019821.0, 4685871.0 ], [ -1019848.0, 4685845.0 ], [ -1019863.0, 4685831.0 ], [ -1019909.0, 4685785.0 ], [ -1019928.0, 4685770.0 ], [ -1019939.0, 4685763.0 ], [ -1019949.0, 4685754.0 ], [ -1019956.0, 4685749.0 ], [ -1019977.0, 4685731.0 ], [ -1019979.0, 4685724.0 ], [ -1019982.0, 4685716.0 ], [ -1019984.0, 4685705.0 ], [ -1019985.0, 4685692.0 ], [ -1019975.0, 4685671.0 ], [ -1019972.0, 4685668.0 ], [ -1019958.0, 4685656.0 ], [ -1019942.0, 4685651.0 ], [ -1019921.0, 4685650.0 ], [ -1019913.0, 4685649.0 ] ] } },
{ "type": "Feature", "properties": { "source": 1732441265, "target": 3128759990, "ordering_random": 10, "length": 2521, "length_cumulative": 40277 }, "geometry": { "type": "LineString", "coordinates": [ [ -1021703.0, 4684107.0 ], [ -1021690.0, 4684102.0 ], [ -1021664.0, 4684087.0 ], [ -1021624.0, 4684058.0 ], [ -1021608.0, 4684046.0 ], [ -1021593.0, 4684034.0 ], [ -1021583.0, 4684025.0 ], [ -1021574.0, 4684016.0 ], [ -1021566.0, 4684009.0 ], [ -1021559.0, 4683999.0 ], [ -1021512.0, 4683966.0 ], [ -1021495.0, 4683953.0 ], [ -1021479.0, 4683943.0 ], [ -1021461.0, 4683928.0 ], [ -1021441.0, 4683919.0 ], [ -1021431.0, 4683912.0 ], [ -1021423.0, 4683904.0 ], [ -1021410.0, 4683891.0 ], [ -1021393.0, 4683868.0 ], [ -1021339.0, 4683821.0 ], [ -1021271.0, 4683764.0 ], [ -1021260.0, 4683754.0 ], [ -1021248.0, 4683742.0 ], [ -1021221.0, 4683726.0 ], [ -1021196.0, 4683707.0 ], [ -1021160.0, 4683677.0 ], [ -1021126.0, 4683647.0 ], [ -1021100.0, 4683625.0 ], [ -1021095.0, 4683620.0 ], [ -1021084.0, 4683609.0 ], [ -1021080.0, 4683603.0 ], [ -1021077.0, 4683597.0 ], [ -1021066.0, 4683597.0 ], [ -1021064.0, 4683595.0 ], [ -1021063.0, 4683592.0 ], [ -1021060.0, 4683577.0 ], [ -1021051.0, 4683540.0 ], [ -1020973.0, 4683235.0 ], [ -1020954.0, 4683165.0 ], [ -1020771.0, 4682972.0 ], [ -1020664.0, 4682860.0 ], [ -1020426.0, 4682614.0 ], [ -1020423.0, 4682611.0 ], [ -1020388.0, 4682577.0 ], [ -1020386.0, 4682575.0 ], [ -1020384.0, 4682573.0 ], [ -1020373.0, 4682564.0 ], [ -1020364.0, 4682555.0 ], [ -1020377.0, 4682536.0 ], [ -1020400.0, 4682518.0 ], [ -1020387.0, 4682503.0 ], [ -1020414.0, 4682487.0 ], [ -1020414.0, 4682398.0 ], [ -1020400.0, 4682378.0 ], [ -1020389.0, 4682362.0 ], [ -1020374.0, 4682343.0 ], [ -1020364.0, 4682340.0 ], [ -1020262.0, 4682329.0 ], [ -1020265.0, 4682320.0 ], [ -1020271.0, 4682300.0 ] ] } },
{ "type": "Feature", "properties": { "source": 12121162736, "target": 8373497163, "ordering_random": 11, "length": 2110, "length_cumulative": 42388 }, "geometry": { "type": "LineString", "coordinates": [ [ -1014656.0, 4686884.0 ], [ -1014657.0, 4686881.0 ], [ -1014660.0, 4686873.0 ], [ -1014549.0, 4686830.0 ], [ -1014545.0, 4686829.0 ], [ -1014536.0, 4686825.0 ], [ -1014521.0, 4686827.0 ], [ -1014516.0, 4686828.0 ], [ -1014510.0, 4686828.0 ], [ -1014500.0, 4686834.0 ], [ -1014488.0, 4686842.0 ], [ -1014481.0, 4686859.0 ], [ -1014477.0, 4686867.0 ], [ -1014468.0, 4686882.0 ], [ -1014462.0, 4686892.0 ], [ -1014450.0, 4686911.0 ], [ -1014448.0, 4686916.0 ], [ -1014442.0, 4686914.0 ], [ -1014430.0, 4686909.0 ], [ -1014426.0, 4686907.0 ], [ -1014423.0, 4686915.0 ], [ -1014417.0, 4686937.0 ], [ -1014413.0, 4686947.0 ], [ -1014374.0, 4687048.0 ], [ -1014371.0, 4687054.0 ], [ -1014360.0, 4687069.0 ], [ -1014341.0, 4687083.0 ], [ -1014328.0, 4687089.0 ], [ -1014296.0, 4687094.0 ], [ -1014268.0, 4687096.0 ], [ -1014236.0, 4687084.0 ], [ -1014210.0, 4687074.0 ], [ -1014197.0, 4687068.0 ], [ -1014146.0, 4687049.0 ], [ -1013971.0, 4686981.0 ], [ -1013923.0, 4686963.0 ], [ -1013861.0, 4686939.0 ], [ -1013773.0, 4686905.0 ], [ -1013568.0, 4686826.0 ], [ -1013543.0, 4686816.0 ], [ -1013508.0, 4686798.0 ], [ -1013472.0, 4686785.0 ], [ -1013461.0, 4686781.0 ], [ -1013443.0, 4686778.0 ], [ -1013374.0, 4686751.0 ], [ -1013363.0, 4686747.0 ], [ -1013360.0, 4686746.0 ], [ -1013354.0, 4686746.0 ], [ -1013351.0, 4686746.0 ], [ -1013348.0, 4686747.0 ], [ -1013344.0, 4686750.0 ], [ -1013338.0, 4686748.0 ], [ -1013329.0, 4686745.0 ], [ -1013285.0, 4686728.0 ], [ -1013251.0, 4686714.0 ], [ -1013159.0, 4686682.0 ], [ -1013130.0, 4686671.0 ], [ -1013029.0, 4686635.0 ], [ -1013010.0, 4686634.0 ], [ -1013005.0, 4686634.0 ], [ -1013000.0, 4686636.0 ], [ -1012994.0, 4686639.0 ], [ -1012989.0, 4686643.0 ], [ -1012985.0, 4686649.0 ], [ -1012974.0, 4686669.0 ], [ -1012914.0, 4686769.0 ], [ -1012916.0, 4686771.0 ], [ -1012928.0, 4686777.0 ] ] } },
{ "type": "Feature", "properties": { "source": 6775889754, "target": 12228962543, "ordering_random": 12, "length": 7135, "length_cumulative": 49523 }, "geometry": { "type": "LineString", "coordinates": [ [ -1025670.0, 4679257.0 ], [ -1025635.0, 4679244.0 ], [ -1025619.0, 4679236.0 ], [ -1025606.0, 4679226.0 ], [ -1025595.0, 4679216.0 ], [ -1025581.0, 4679202.0 ], [ -1025565.0, 4679189.0 ], [ -1025548.0, 4679190.0 ], [ -1025536.0, 4679193.0 ], [ -1025526.0, 4679198.0 ], [ -1025517.0, 4679210.0 ], [ -1025512.0, 4679224.0 ], [ -1025510.0, 4679257.0 ], [ -1025497.0, 4679255.0 ], [ -1025486.0, 4679254.0 ], [ -1025466.0, 4679256.0 ], [ -1025420.0, 4679260.0 ], [ -1025395.0, 4679262.0 ], [ -1025353.0, 4679265.0 ], [ -1025289.0, 4679271.0 ], [ -1025224.0, 4679276.0 ], [ -1025212.0, 4679278.0 ], [ -1025188.0, 4679291.0 ], [ -1025172.0, 4679314.0 ], [ -1025161.0, 4679339.0 ], [ -1025139.0, 4679354.0 ], [ -1025131.0, 4679358.0 ], [ -1025106.0, 4679362.0 ], [ -1025047.0, 4679374.0 ], [ -1025008.0, 4679382.0 ], [ -1024959.0, 4679393.0 ], [ -1024958.0, 4679388.0 ], [ -1024956.0, 4679381.0 ], [ -1024944.0, 4679379.0 ], [ -1024936.0, 4679381.0 ], [ -1024933.0, 4679382.0 ], [ -1024930.0, 4679371.0 ], [ -1024921.0, 4679353.0 ], [ -1024911.0, 4679310.0 ], [ -1024888.0, 4679311.0 ], [ -1024865.0, 4679311.0 ], [ -1024867.0, 4679292.0 ], [ -1024866.0, 4679245.0 ], [ -1024856.0, 4679246.0 ], [ -1024843.0, 4679247.0 ], [ -1024830.0, 4679249.0 ], [ -1024694.0, 4679265.0 ], [ -1024674.0, 4679249.0 ], [ -1024660.0, 4679237.0 ], [ -1024648.0, 4679227.0 ], [ -1024627.0, 4679212.0 ], [ -1024580.0, 4679170.0 ], [ -1024567.0, 4679152.0 ], [ -1024562.0, 4679146.0 ], [ -1024537.0, 4679135.0 ], [ -1024467.0, 4679097.0 ], [ -1024435.0, 4679076.0 ], [ -1024423.0, 4679074.0 ], [ -1024414.0, 4679073.0 ], [ -1024424.0, 4679032.0 ], [ -1024270.0, 4678974.0 ], [ -1024247.0, 4678955.0 ], [ -1024238.0, 4678948.0 ], [ -1024194.0, 4678936.0 ], [ -1024165.0, 4678929.0 ], [ -1024144.0, 4678923.0 ], [ -1024146.0, 4678918.0 ], [ -1024147.0, 4678913.0 ], [ -1024143.0, 4678881.0 ], [ -1024132.0, 4678798.0 ], [ -1024118.0, 4678696.0 ], [ -1024116.0, 4678681.0 ], [ -1024097.0, 4678564.0 ], [ -1024094.0, 4678543.0 ], [ -1024074.0, 4678438.0 ], [ -1024073.0, 4678437.0 ], [ -1024066.0, 4678437.0 ], [ -1024056.0, 4678437.0 ], [ -1024050.0, 4678428.0 ], [ -1024050.0, 4678423.0 ], [ -1024050.0, 4678421.0 ], [ -1024012.0, 4678422.0 ], [ -1023995.0, 4678422.0 ], [ -1023978.0, 4678423.0 ], [ -1023970.0, 4678423.0 ], [ -1023938.0, 4678424.0 ], [ -1023913.0, 4678424.0 ], [ -1023883.0, 4678425.0 ], [ -1023835.0, 4678426.0 ], [ -1023829.0, 4678426.0 ], [ -1023804.0, 4678426.0 ], [ -1023769.0, 4678427.0 ], [ -1023737.0, 4678428.0 ], [ -1023726.0, 4678428.0 ], [ -1023692.0, 4678430.0 ], [ -1023650.0, 4678433.0 ], [ -1023631.0, 4678435.0 ], [ -1023619.0, 4678435.0 ], [ -1023610.0, 4678435.0 ], [ -1023604.0, 4678435.0 ], [ -1023597.0, 4678434.0 ], [ -1023589.0, 4678432.0 ], [ -1023583.0, 4678431.0 ], [ -1023574.0, 4678429.0 ], [ -1023574.0, 4678426.0 ], [ -1023575.0, 4678408.0 ], [ -1023575.0, 4678360.0 ], [ -1023572.0, 4678355.0 ], [ -1023570.0, 4678337.0 ], [ -1023569.0, 4678327.0 ], [ -1023567.0, 4678313.0 ], [ -1023564.0, 4678302.0 ], [ -1023560.0, 4678291.0 ], [ -1023557.0, 4678286.0 ], [ -1023551.0, 4678279.0 ], [ -1023546.0, 4678273.0 ], [ -1023540.0, 4678266.0 ], [ -1023531.0, 4678259.0 ], [ -1023525.0, 4678254.0 ], [ -1023517.0, 4678248.0 ], [ -1023509.0, 4678244.0 ], [ -1023501.0, 4678240.0 ], [ -1023493.0, 4678237.0 ], [ -1023481.0, 4678231.0 ], [ -1023458.0, 4678223.0 ], [ -1023419.0, 4678206.0 ], [ -1023413.0, 4678204.0 ], [ -1023409.0, 4678203.0 ], [ -1023404.0, 4678204.0 ], [ -1023401.0, 4678205.0 ], [ -1023398.0, 4678207.0 ], [ -1023394.0, 4678212.0 ], [ -1023376.0, 4678232.0 ], [ -1023369.0, 4678238.0 ], [ -1023363.0, 4678235.0 ], [ -1023356.0, 4678232.0 ], [ -1023350.0, 4678230.0 ], [ -1023340.0, 4678230.0 ], [ -1023330.0, 4678229.0 ], [ -1023313.0, 4678229.0 ], [ -1023305.0, 4678229.0 ], [ -1023299.0, 4678230.0 ], [ -1023284.0, 4678232.0 ], [ -1023282.0, 4678227.0 ], [ -1023281.0, 4678221.0 ], [ -1023279.0, 4678214.0 ], [ -1023126.0, 4678250.0 ], [ -1023083.0, 4678261.0 ], [ -1023014.0, 4678277.0 ], [ -1022947.0, 4678293.0 ], [ -1022901.0, 4678305.0 ], [ -1022868.0, 4678312.0 ], [ -1022767.0, 4678337.0 ], [ -1022755.0, 4678339.0 ], [ -1022750.0, 4678344.0 ], [ -1022647.0, 4678368.0 ], [ -1022534.0, 4678396.0 ], [ -1022503.0, 4678404.0 ], [ -1022469.0, 4678412.0 ], [ -1022438.0, 4678419.0 ], [ -1022409.0, 4678426.0 ], [ -1022405.0, 4678427.0 ], [ -1022373.0, 4678434.0 ], [ -1022340.0, 4678442.0 ], [ -1022307.0, 4678449.0 ], [ -1022274.0, 4678457.0 ], [ -1022237.0, 4678465.0 ], [ -1022232.0, 4678467.0 ], [ -1022198.0, 4678474.0 ], [ -1022164.0, 4678480.0 ], [ -1022158.0, 4678481.0 ], [ -1022154.0, 4678482.0 ], [ -1021984.0, 4678521.0 ], [ -1021936.0, 4678532.0 ], [ -1021909.0, 4678538.0 ], [ -1021845.0, 4678552.0 ], [ -1021767.0, 4678574.0 ], [ -1021786.0, 4678661.0 ], [ -1021798.0, 4678714.0 ], [ -1021798.0, 4678717.0 ], [ -1021796.0, 4678721.0 ], [ -1021792.0, 4678722.0 ], [ -1021504.0, 4678852.0 ], [ -1021494.0, 4678852.0 ], [ -1021482.0, 4678850.0 ], [ -1021454.0, 4678841.0 ], [ -1021455.0, 4678849.0 ], [ -1021455.0, 4678856.0 ], [ -1021438.0, 4678853.0 ], [ -1021422.0, 4678850.0 ], [ -1021395.0, 4678842.0 ], [ -1021387.0, 4678845.0 ], [ -1021391.0, 4678861.0 ], [ -1021379.0, 4678863.0 ], [ -1021372.0, 4678834.0 ], [ -1021369.0, 4678821.0 ], [ -1021356.0, 4678808.0 ], [ -1021340.0, 4678802.0 ], [ -1021332.0, 4678794.0 ], [ -1021325.0, 4678791.0 ], [ -1021314.0, 4678790.0 ], [ -1021298.0, 4678794.0 ], [ -1021287.0, 4678792.0 ], [ -1021277.0, 4678791.0 ], [ -1021261.0, 4678790.0 ], [ -1021249.0, 4678783.0 ], [ -1021230.0, 4678774.0 ], [ -1021206.0, 4678763.0 ], [ -1021192.0, 4678757.0 ], [ -1021175.0, 4678749.0 ], [ -1021151.0, 4678743.0 ], [ -1021127.0, 4678740.0 ], [ -1021108.0, 4678742.0 ], [ -1021083.0, 4678748.0 ], [ -1021069.0, 4678751.0 ], [ -1021041.0, 4678757.0 ], [ -1021028.0, 4678759.0 ], [ -1020991.0, 4678773.0 ], [ -1020878.0, 4678799.0 ], [ -1020725.0, 4678836.0 ], [ -1020336.0, 4678930.0 ], [ -1020325.0, 4678934.0 ], [ -1020324.0, 4678928.0 ], [ -1020323.0, 4678923.0 ], [ -1020321.0, 4678917.0 ], [ -1020313.0, 4678882.0 ], [ -1020310.0, 4678867.0 ], [ -1020315.0, 4678862.0 ], [ -1020652.0, 4678783.0 ] ] } },
{ "type": "Feature", "properties": { "source": 3152689482, "target": 13050240823, "ordering_random": 13, "length": 2452, "length_cumulative": 51975 }, "geometry": { "type": "LineString", "coordinates": [ [ -1018212.0, 4685429.0 ], [ -1018210.0, 4685429.0 ], [ -1018209.0, 4685430.0 ], [ -1018208.0, 4685432.0 ], [ -1018207.0, 4685434.0 ], [ -1018207.0, 4685436.0 ], [ -1018208.0, 4685438.0 ], [ -1018233.0, 4685512.0 ], [ -1018255.0, 4685569.0 ], [ -1018277.0, 4685626.0 ], [ -1018296.0, 4685673.0 ], [ -1018297.0, 4685676.0 ], [ -1018299.0, 4685685.0 ], [ -1018297.0, 4685684.0 ], [ -1018293.0, 4685683.0 ], [ -1018292.0, 4685674.0 ], [ -1018251.0, 4685570.0 ], [ -1018229.0, 4685513.0 ], [ -1018200.0, 4685435.0 ], [ -1018199.0, 4685433.0 ], [ -1018196.0, 4685422.0 ], [ -1018191.0, 4685411.0 ], [ -1018188.0, 4685404.0 ], [ -1018184.0, 4685395.0 ], [ -1018179.0, 4685387.0 ], [ -1018151.0, 4685336.0 ], [ -1018147.0, 4685328.0 ], [ -1018125.0, 4685289.0 ], [ -1018123.0, 4685285.0 ], [ -1018116.0, 4685271.0 ], [ -1018110.0, 4685264.0 ], [ -1018109.0, 4685259.0 ], [ -1018092.0, 4685235.0 ], [ -1018032.0, 4685240.0 ], [ -1018021.0, 4685241.0 ], [ -1017977.0, 4685243.0 ], [ -1017975.0, 4685245.0 ], [ -1017919.0, 4685252.0 ], [ -1017890.0, 4685254.0 ], [ -1017849.0, 4685258.0 ], [ -1017844.0, 4685259.0 ], [ -1017840.0, 4685259.0 ], [ -1017837.0, 4685258.0 ], [ -1017829.0, 4685254.0 ], [ -1017824.0, 4685252.0 ], [ -1017820.0, 4685252.0 ], [ -1017691.0, 4685263.0 ], [ -1017692.0, 4685267.0 ], [ -1017681.0, 4685268.0 ], [ -1017515.0, 4685282.0 ], [ -1017478.0, 4685288.0 ], [ -1017456.0, 4685291.0 ], [ -1017442.0, 4685290.0 ], [ -1017428.0, 4685293.0 ], [ -1017398.0, 4685299.0 ], [ -1017287.0, 4685308.0 ], [ -1017258.0, 4685310.0 ], [ -1017230.0, 4685311.0 ], [ -1017189.0, 4685314.0 ], [ -1017173.0, 4685315.0 ], [ -1017172.0, 4685315.0 ], [ -1017163.0, 4685316.0 ], [ -1017128.0, 4685321.0 ], [ -1017081.0, 4685325.0 ], [ -1017079.0, 4685325.0 ], [ -1017077.0, 4685326.0 ], [ -1017076.0, 4685328.0 ], [ -1017066.0, 4685328.0 ], [ -1017058.0, 4685328.0 ], [ -1017010.0, 4685332.0 ], [ -1016850.0, 4685345.0 ], [ -1016839.0, 4685346.0 ], [ -1016826.0, 4685347.0 ], [ -1016791.0, 4685350.0 ], [ -1016758.0, 4685353.0 ], [ -1016738.0, 4685355.0 ], [ -1016672.0, 4685361.0 ], [ -1016627.0, 4685365.0 ], [ -1016623.0, 4685366.0 ], [ -1016619.0, 4685367.0 ], [ -1016615.0, 4685369.0 ], [ -1016614.0, 4685372.0 ], [ -1016612.0, 4685375.0 ], [ -1016587.0, 4685377.0 ], [ -1016587.0, 4685383.0 ], [ -1016537.0, 4685388.0 ], [ -1016527.0, 4685389.0 ], [ -1016510.0, 4685405.0 ], [ -1016507.0, 4685402.0 ], [ -1016499.0, 4685395.0 ], [ -1016501.0, 4685373.0 ], [ -1016492.0, 4685372.0 ], [ -1016493.0, 4685356.0 ] ] } },
{ "type": "Feature", "properties": { "source": 1583413551, "target": 5147991375, "ordering_random": 14, "length": 3463, "length_cumulative": 55439 }, "geometry": { "type": "LineString", "coordinates": [ [ -1024914.0, 4685979.0 ], [ -1024911.0, 4685967.0 ], [ -1024930.0, 4685947.0 ], [ -1024968.0, 4685909.0 ], [ -1024990.0, 4685886.0 ], [ -1025000.0, 4685873.0 ], [ -1025026.0, 4685872.0 ], [ -1025021.0, 4685862.0 ], [ -1025037.0, 4685857.0 ], [ -1025027.0, 4685829.0 ], [ -1025012.0, 4685786.0 ], [ -1025010.0, 4685780.0 ], [ -1024980.0, 4685694.0 ], [ -1024971.0, 4685669.0 ], [ -1024963.0, 4685646.0 ], [ -1024955.0, 4685622.0 ], [ -1024952.0, 4685613.0 ], [ -1024947.0, 4685601.0 ], [ -1024938.0, 4685576.0 ], [ -1024926.0, 4685541.0 ], [ -1024920.0, 4685526.0 ], [ -1024914.0, 4685508.0 ], [ -1024865.0, 4685377.0 ], [ -1024862.0, 4685371.0 ], [ -1024857.0, 4685356.0 ], [ -1024856.0, 4685354.0 ], [ -1024849.0, 4685333.0 ], [ -1024837.0, 4685301.0 ], [ -1024850.0, 4685296.0 ], [ -1024847.0, 4685288.0 ], [ -1024843.0, 4685290.0 ], [ -1024834.0, 4685269.0 ], [ -1024835.0, 4685252.0 ], [ -1024808.0, 4685248.0 ], [ -1024771.0, 4685242.0 ], [ -1024736.0, 4685242.0 ], [ -1024725.0, 4685239.0 ], [ -1024719.0, 4685237.0 ], [ -1024714.0, 4685233.0 ], [ -1024711.0, 4685230.0 ], [ -1024708.0, 4685223.0 ], [ -1024706.0, 4685215.0 ], [ -1024708.0, 4685206.0 ], [ -1024718.0, 4685164.0 ], [ -1024726.0, 4685127.0 ], [ -1024750.0, 4685078.0 ], [ -1024743.0, 4685074.0 ], [ -1024757.0, 4685052.0 ], [ -1024759.0, 4685050.0 ], [ -1024755.0, 4685045.0 ], [ -1024762.0, 4685035.0 ], [ -1024762.0, 4685033.0 ], [ -1024759.0, 4685030.0 ], [ -1024729.0, 4684991.0 ], [ -1024713.0, 4684965.0 ], [ -1024705.0, 4684953.0 ], [ -1024695.0, 4684935.0 ], [ -1024684.0, 4684913.0 ], [ -1024683.0, 4684910.0 ], [ -1024680.0, 4684903.0 ], [ -1024651.0, 4684889.0 ], [ -1024602.0, 4684865.0 ], [ -1024485.0, 4684810.0 ], [ -1024456.0, 4684731.0 ], [ -1024456.0, 4684730.0 ], [ -1024407.0, 4684540.0 ], [ -1024405.0, 4684530.0 ], [ -1024391.0, 4684504.0 ], [ -1024376.0, 4684483.0 ], [ -1024365.0, 4684481.0 ], [ -1024354.0, 4684478.0 ], [ -1024346.0, 4684473.0 ], [ -1024338.0, 4684466.0 ], [ -1024331.0, 4684458.0 ], [ -1024327.0, 4684449.0 ], [ -1024323.0, 4684440.0 ], [ -1024322.0, 4684430.0 ], [ -1024317.0, 4684436.0 ], [ -1024304.0, 4684445.0 ], [ -1024286.0, 4684461.0 ], [ -1024276.0, 4684472.0 ], [ -1024263.0, 4684481.0 ], [ -1024267.0, 4684471.0 ], [ -1024261.0, 4684464.0 ], [ -1024250.0, 4684455.0 ], [ -1024240.0, 4684450.0 ], [ -1024230.0, 4684448.0 ], [ -1024221.0, 4684448.0 ], [ -1024202.0, 4684450.0 ], [ -1024185.0, 4684458.0 ], [ -1024177.0, 4684463.0 ], [ -1024172.0, 4684465.0 ], [ -1024177.0, 4684427.0 ], [ -1024182.0, 4684407.0 ], [ -1024187.0, 4684392.0 ], [ -1024189.0, 4684382.0 ], [ -1024190.0, 4684374.0 ], [ -1024190.0, 4684357.0 ], [ -1024189.0, 4684350.0 ], [ -1024187.0, 4684343.0 ], [ -1024179.0, 4684326.0 ], [ -1024167.0, 4684310.0 ], [ -1024165.0, 4684305.0 ], [ -1024165.0, 4684300.0 ], [ -1024169.0, 4684273.0 ], [ -1024176.0, 4684215.0 ], [ -1024176.0, 4684198.0 ], [ -1024174.0, 4684183.0 ], [ -1024119.0, 4684248.0 ], [ -1024100.0, 4684266.0 ], [ -1024082.0, 4684282.0 ], [ -1024061.0, 4684298.0 ], [ -1024040.0, 4684312.0 ], [ -1024034.0, 4684311.0 ], [ -1023980.0, 4684341.0 ], [ -1023962.0, 4684354.0 ], [ -1023940.0, 4684364.0 ], [ -1023908.0, 4684379.0 ], [ -1023871.0, 4684393.0 ], [ -1023843.0, 4684411.0 ], [ -1023832.0, 4684422.0 ], [ -1023821.0, 4684435.0 ], [ -1023813.0, 4684425.0 ], [ -1023818.0, 4684411.0 ], [ -1023798.0, 4684405.0 ], [ -1023779.0, 4684392.0 ], [ -1023762.0, 4684385.0 ], [ -1023750.0, 4684376.0 ], [ -1023725.0, 4684382.0 ], [ -1023701.0, 4684382.0 ], [ -1023694.0, 4684390.0 ], [ -1023680.0, 4684389.0 ], [ -1023661.0, 4684364.0 ], [ -1023628.0, 4684354.0 ], [ -1023603.0, 4684340.0 ], [ -1023587.0, 4684323.0 ], [ -1023582.0, 4684311.0 ], [ -1023575.0, 4684302.0 ], [ -1023561.0, 4684295.0 ], [ -1023537.0, 4684267.0 ], [ -1023529.0, 4684260.0 ], [ -1023510.0, 4684246.0 ], [ -1023495.0, 4684242.0 ], [ -1023459.0, 4684236.0 ], [ -1023439.0, 4684237.0 ], [ -1023418.0, 4684245.0 ], [ -1023409.0, 4684244.0 ], [ -1023400.0, 4684236.0 ], [ -1023394.0, 4684232.0 ] ] } },
{ "type": "Feature", "properties": { "source": 13432579767, "target": 989695910, "ordering_random": 15, "length": 3180, "length_cumulative": 58620 }, "geometry": { "type": "MultiLineString", "coordinates": [ [ [ -1014463.0, 4690211.0 ], [ -1014497.0, 4690230.0 ], [ -1014502.0, 4690223.0 ], [ -1014505.0, 4690219.0 ], [ -1014456.0, 4690182.0 ], [ -1014453.0, 4690175.0 ], [ -1014519.0, 4690086.0 ], [ -1014523.0, 4690082.0 ], [ -1014469.0, 4690039.0 ], [ -1014427.0, 4690006.0 ], [ -1014422.0, 4690001.0 ], [ -1014444.0, 4689972.0 ], [ -1014465.0, 4689945.0 ], [ -1014469.0, 4689939.0 ], [ -1014499.0, 4689907.0 ], [ -1014514.0, 4689887.0 ], [ -1014522.0, 4689877.0 ], [ -1014479.0, 4689843.0 ], [ -1014439.0, 4689813.0 ], [ -1014397.0, 4689790.0 ], [ -1014236.0, 4689667.0 ], [ -1014212.0, 4689648.0 ], [ -1014205.0, 4689643.0 ], [ -1014208.0, 4689639.0 ], [ -1014215.0, 4689617.0 ], [ -1014218.0, 4689613.0 ], [ -1014212.0, 4689608.0 ], [ -1014207.0, 4689602.0 ], [ -1014204.0, 4689592.0 ], [ -1014197.0, 4689585.0 ], [ -1014188.0, 4689580.0 ], [ -1014178.0, 4689579.0 ], [ -1014163.0, 4689570.0 ], [ -1014158.0, 4689566.0 ], [ -1014123.0, 4689535.0 ], [ -1014105.0, 4689519.0 ], [ -1014081.0, 4689498.0 ], [ -1014056.0, 4689479.0 ], [ -1014034.0, 4689462.0 ], [ -1014007.0, 4689444.0 ], [ -1013972.0, 4689430.0 ], [ -1013942.0, 4689414.0 ], [ -1013914.0, 4689399.0 ], [ -1013883.0, 4689385.0 ], [ -1013836.0, 4689367.0 ], [ -1013789.0, 4689354.0 ], [ -1013739.0, 4689342.0 ], [ -1013690.0, 4689332.0 ], [ -1013668.0, 4689320.0 ], [ -1013664.0, 4689317.0 ], [ -1013650.0, 4689291.0 ], [ -1013648.0, 4689275.0 ], [ -1013646.0, 4689267.0 ], [ -1013641.0, 4689251.0 ], [ -1013631.0, 4689237.0 ], [ -1013618.0, 4689229.0 ], [ -1013614.0, 4689226.0 ] ], [ [ -1013591.0, 4689226.0 ], [ -1013586.0, 4689225.0 ], [ -1013580.0, 4689224.0 ], [ -1013576.0, 4689223.0 ], [ -1013570.0, 4689219.0 ], [ -1013564.0, 4689216.0 ], [ -1013561.0, 4689212.0 ], [ -1013558.0, 4689208.0 ], [ -1013557.0, 4689203.0 ], [ -1013557.0, 4689199.0 ], [ -1013545.0, 4689023.0 ], [ -1013541.0, 4688959.0 ], [ -1013535.0, 4688884.0 ], [ -1013535.0, 4688880.0 ], [ -1013534.0, 4688870.0 ], [ -1013531.0, 4688829.0 ], [ -1013530.0, 4688821.0 ], [ -1013524.0, 4688744.0 ], [ -1013522.0, 4688693.0 ], [ -1013522.0, 4688668.0 ], [ -1013522.0, 4688665.0 ], [ -1013522.0, 4688629.0 ], [ -1013522.0, 4688615.0 ], [ -1013521.0, 4688607.0 ], [ -1013519.0, 4688599.0 ], [ -1013516.0, 4688592.0 ], [ -1013512.0, 4688586.0 ], [ -1013508.0, 4688581.0 ], [ -1013504.0, 4688578.0 ], [ -1013498.0, 4688577.0 ], [ -1013490.0, 4688577.0 ], [ -1013479.0, 4688577.0 ], [ -1013469.0, 4688577.0 ], [ -1013443.0, 4688576.0 ], [ -1013204.0, 4688574.0 ], [ -1013187.0, 4688574.0 ], [ -1013147.0, 4688574.0 ], [ -1013073.0, 4688573.0 ], [ -1012985.0, 4688572.0 ], [ -1012973.0, 4688572.0 ], [ -1012951.0, 4688572.0 ], [ -1012948.0, 4688572.0 ], [ -1012853.0, 4688571.0 ], [ -1012845.0, 4688571.0 ], [ -1012810.0, 4688571.0 ], [ -1012804.0, 4688571.0 ], [ -1012787.0, 4688569.0 ], [ -1012784.0, 4688564.0 ], [ -1012780.0, 4688560.0 ], [ -1012775.0, 4688558.0 ], [ -1012771.0, 4688556.0 ], [ -1012767.0, 4688556.0 ], [ -1012762.0, 4688555.0 ], [ -1012757.0, 4688555.0 ], [ -1012752.0, 4688556.0 ], [ -1012747.0, 4688558.0 ], [ -1012743.0, 4688560.0 ], [ -1012739.0, 4688563.0 ], [ -1012735.0, 4688566.0 ], [ -1012732.0, 4688570.0 ], [ -1012715.0, 4688577.0 ] ] ] } },
{ "type": "Feature", "properties": { "source": 6063927724, "target": 433042892, "ordering_random": 16, "length": 2689, "length_cumulative": 61309 }, "geometry": { "type": "LineString", "coordinates": [ [ -1023623.0, 4682561.0 ], [ -1023634.0, 4682526.0 ], [ -1023634.0, 4682520.0 ], [ -1023672.0, 4682473.0 ], [ -1023716.0, 4682420.0 ], [ -1023760.0, 4682371.0 ], [ -1023789.0, 4682336.0 ], [ -1023806.0, 4682311.0 ], [ -1023822.0, 4682261.0 ], [ -1023837.0, 4682222.0 ], [ -1023842.0, 4682213.0 ], [ -1023847.0, 4682207.0 ], [ -1023863.0, 4682195.0 ], [ -1023905.0, 4682175.0 ], [ -1023971.0, 4682148.0 ], [ -1024014.0, 4682129.0 ], [ -1024036.0, 4682120.0 ], [ -1024046.0, 4682120.0 ], [ -1024054.0, 4682120.0 ], [ -1024050.0, 4682037.0 ], [ -1024050.0, 4682024.0 ], [ -1024055.0, 4682021.0 ], [ -1024060.0, 4682016.0 ], [ -1024062.0, 4682011.0 ], [ -1024064.0, 4682005.0 ], [ -1024066.0, 4681995.0 ], [ -1024069.0, 4681989.0 ], [ -1024079.0, 4681974.0 ], [ -1024095.0, 4681948.0 ], [ -1024106.0, 4681936.0 ], [ -1024116.0, 4681925.0 ], [ -1024133.0, 4681912.0 ], [ -1024151.0, 4681904.0 ], [ -1024169.0, 4681897.0 ], [ -1024203.0, 4681889.0 ], [ -1024256.0, 4681880.0 ], [ -1024314.0, 4681863.0 ], [ -1024352.0, 4681850.0 ], [ -1024373.0, 4681834.0 ], [ -1024403.0, 4681798.0 ], [ -1024424.0, 4681770.0 ], [ -1024452.0, 4681736.0 ], [ -1024513.0, 4681669.0 ], [ -1024528.0, 4681659.0 ], [ -1024563.0, 4681636.0 ], [ -1024577.0, 4681622.0 ], [ -1024590.0, 4681609.0 ], [ -1024618.0, 4681578.0 ], [ -1024630.0, 4681567.0 ], [ -1024637.0, 4681561.0 ], [ -1024657.0, 4681549.0 ], [ -1024681.0, 4681536.0 ], [ -1024700.0, 4681533.0 ], [ -1024720.0, 4681532.0 ], [ -1024744.0, 4681537.0 ], [ -1024777.0, 4681538.0 ], [ -1024813.0, 4681531.0 ], [ -1024902.0, 4681512.0 ], [ -1024928.0, 4681507.0 ], [ -1024993.0, 4681497.0 ], [ -1025040.0, 4681488.0 ], [ -1025071.0, 4681480.0 ], [ -1025077.0, 4681477.0 ], [ -1025082.0, 4681472.0 ], [ -1025084.0, 4681468.0 ], [ -1025093.0, 4681466.0 ], [ -1025098.0, 4681463.0 ], [ -1025101.0, 4681459.0 ], [ -1025101.0, 4681454.0 ], [ -1025100.0, 4681449.0 ], [ -1025099.0, 4681446.0 ], [ -1025099.0, 4681442.0 ], [ -1025102.0, 4681438.0 ], [ -1025107.0, 4681434.0 ], [ -1025108.0, 4681432.0 ], [ -1025108.0, 4681429.0 ], [ -1025106.0, 4681420.0 ], [ -1025106.0, 4681418.0 ], [ -1025107.0, 4681415.0 ], [ -1025129.0, 4681405.0 ], [ -1025135.0, 4681402.0 ], [ -1025142.0, 4681394.0 ], [ -1025145.0, 4681384.0 ], [ -1025149.0, 4681376.0 ], [ -1025161.0, 4681359.0 ], [ -1025166.0, 4681351.0 ], [ -1025173.0, 4681335.0 ], [ -1025178.0, 4681325.0 ], [ -1025185.0, 4681313.0 ], [ -1025188.0, 4681305.0 ], [ -1025190.0, 4681295.0 ], [ -1025191.0, 4681284.0 ], [ -1025194.0, 4681274.0 ], [ -1025200.0, 4681260.0 ], [ -1025211.0, 4681242.0 ], [ -1025224.0, 4681227.0 ], [ -1025232.0, 4681215.0 ], [ -1025243.0, 4681198.0 ], [ -1025254.0, 4681204.0 ], [ -1025266.0, 4681211.0 ], [ -1025273.0, 4681214.0 ], [ -1025280.0, 4681212.0 ], [ -1025287.0, 4681218.0 ], [ -1025296.0, 4681223.0 ], [ -1025304.0, 4681224.0 ], [ -1025313.0, 4681225.0 ], [ -1025331.0, 4681225.0 ], [ -1025363.0, 4681225.0 ], [ -1025459.0, 4681171.0 ], [ -1025511.0, 4681141.0 ], [ -1025534.0, 4681127.0 ], [ -1025549.0, 4681116.0 ], [ -1025562.0, 4681103.0 ] ] } },
{ "type": "Feature", "properties": { "source": 1668354046, "target": 5147991375, "ordering_random": 17, "length": 3293, "length_cumulative": 64602 }, "geometry": { "type": "LineString", "coordinates": [ [ -1021910.0, 4682362.0 ], [ -1021915.0, 4682372.0 ], [ -1021936.0, 4682394.0 ], [ -1021998.0, 4682409.0 ], [ -1022066.0, 4682449.0 ], [ -1022083.0, 4682461.0 ], [ -1022093.0, 4682473.0 ], [ -1022098.0, 4682482.0 ], [ -1022104.0, 4682502.0 ], [ -1022110.0, 4682511.0 ], [ -1022114.0, 4682514.0 ], [ -1022172.0, 4682537.0 ], [ -1022258.0, 4682577.0 ], [ -1022275.0, 4682589.0 ], [ -1022295.0, 4682593.0 ], [ -1022260.0, 4682600.0 ], [ -1022238.0, 4682607.0 ], [ -1022216.0, 4682616.0 ], [ -1022190.0, 4682632.0 ], [ -1022159.0, 4682642.0 ], [ -1022156.0, 4682644.0 ], [ -1022153.0, 4682649.0 ], [ -1022145.0, 4682662.0 ], [ -1022141.0, 4682669.0 ], [ -1022137.0, 4682677.0 ], [ -1022133.0, 4682688.0 ], [ -1022130.0, 4682697.0 ], [ -1022130.0, 4682700.0 ], [ -1022142.0, 4682733.0 ], [ -1022141.0, 4682742.0 ], [ -1022139.0, 4682749.0 ], [ -1022137.0, 4682753.0 ], [ -1022181.0, 4682779.0 ], [ -1022224.0, 4682796.0 ], [ -1022276.0, 4682822.0 ], [ -1022283.0, 4682825.0 ], [ -1022299.0, 4682830.0 ], [ -1022306.0, 4682845.0 ], [ -1022316.0, 4682874.0 ], [ -1022324.0, 4682902.0 ], [ -1022339.0, 4682933.0 ], [ -1022347.0, 4682956.0 ], [ -1022366.0, 4682978.0 ], [ -1022387.0, 4682982.0 ], [ -1022405.0, 4682983.0 ], [ -1022421.0, 4682982.0 ], [ -1022431.0, 4682990.0 ], [ -1022440.0, 4683004.0 ], [ -1022447.0, 4683014.0 ], [ -1022457.0, 4683027.0 ], [ -1022460.0, 4683034.0 ], [ -1022460.0, 4683041.0 ], [ -1022455.0, 4683047.0 ], [ -1022450.0, 4683054.0 ], [ -1022443.0, 4683061.0 ], [ -1022425.0, 4683073.0 ], [ -1022422.0, 4683076.0 ], [ -1022423.0, 4683088.0 ], [ -1022440.0, 4683114.0 ], [ -1022441.0, 4683124.0 ], [ -1022438.0, 4683134.0 ], [ -1022438.0, 4683145.0 ], [ -1022446.0, 4683158.0 ], [ -1022451.0, 4683173.0 ], [ -1022456.0, 4683199.0 ], [ -1022459.0, 4683252.0 ], [ -1022463.0, 4683267.0 ], [ -1022472.0, 4683277.0 ], [ -1022482.0, 4683283.0 ], [ -1022490.0, 4683290.0 ], [ -1022493.0, 4683299.0 ], [ -1022496.0, 4683307.0 ], [ -1022497.0, 4683316.0 ], [ -1022497.0, 4683330.0 ], [ -1022496.0, 4683345.0 ], [ -1022496.0, 4683354.0 ], [ -1022497.0, 4683362.0 ], [ -1022502.0, 4683379.0 ], [ -1022509.0, 4683399.0 ], [ -1022519.0, 4683418.0 ], [ -1022520.0, 4683421.0 ], [ -1022521.0, 4683426.0 ], [ -1022521.0, 4683430.0 ], [ -1022521.0, 4683435.0 ], [ -1022517.0, 4683448.0 ], [ -1022511.0, 4683459.0 ], [ -1022505.0, 4683467.0 ], [ -1022498.0, 4683475.0 ], [ -1022465.0, 4683508.0 ], [ -1022443.0, 4683530.0 ], [ -1022439.0, 4683535.0 ], [ -1022430.0, 4683547.0 ], [ -1022388.0, 4683547.0 ], [ -1022378.0, 4683564.0 ], [ -1022375.0, 4683570.0 ], [ -1022370.0, 4683588.0 ], [ -1022364.0, 4683609.0 ], [ -1022362.0, 4683618.0 ], [ -1022360.0, 4683635.0 ], [ -1022358.0, 4683649.0 ], [ -1022358.0, 4683665.0 ], [ -1022362.0, 4683687.0 ], [ -1022367.0, 4683710.0 ], [ -1022369.0, 4683723.0 ], [ -1022375.0, 4683746.0 ], [ -1022383.0, 4683764.0 ], [ -1022389.0, 4683773.0 ], [ -1022396.0, 4683784.0 ], [ -1022418.0, 4683821.0 ], [ -1022430.0, 4683842.0 ], [ -1022441.0, 4683844.0 ], [ -1022457.0, 4683845.0 ], [ -1022496.0, 4683846.0 ], [ -1022513.0, 4683848.0 ], [ -1022554.0, 4683850.0 ], [ -1022564.0, 4683853.0 ], [ -1022577.0, 4683860.0 ], [ -1022605.0, 4683883.0 ], [ -1022614.0, 4683892.0 ], [ -1022622.0, 4683902.0 ], [ -1022639.0, 4683928.0 ], [ -1022650.0, 4683939.0 ], [ -1022659.0, 4683947.0 ], [ -1022662.0, 4683952.0 ], [ -1022676.0, 4683951.0 ], [ -1022708.0, 4683952.0 ], [ -1022739.0, 4683958.0 ], [ -1022753.0, 4683964.0 ], [ -1022780.0, 4683978.0 ], [ -1022824.0, 4684014.0 ], [ -1022833.0, 4684017.0 ], [ -1022840.0, 4684020.0 ], [ -1022850.0, 4684021.0 ], [ -1022859.0, 4684021.0 ], [ -1022900.0, 4684017.0 ], [ -1022942.0, 4684017.0 ], [ -1022968.0, 4684017.0 ], [ -1022983.0, 4684017.0 ], [ -1022988.0, 4684018.0 ], [ -1022992.0, 4684020.0 ], [ -1022996.0, 4684024.0 ], [ -1023010.0, 4684038.0 ], [ -1023028.0, 4684055.0 ], [ -1023038.0, 4684062.0 ], [ -1023073.0, 4684085.0 ], [ -1023080.0, 4684087.0 ], [ -1023146.0, 4684085.0 ], [ -1023242.0, 4684084.0 ], [ -1023257.0, 4684082.0 ], [ -1023273.0, 4684079.0 ], [ -1023279.0, 4684089.0 ], [ -1023294.0, 4684104.0 ], [ -1023309.0, 4684118.0 ], [ -1023325.0, 4684129.0 ], [ -1023335.0, 4684129.0 ], [ -1023344.0, 4684139.0 ], [ -1023352.0, 4684153.0 ], [ -1023355.0, 4684171.0 ], [ -1023362.0, 4684184.0 ], [ -1023373.0, 4684197.0 ], [ -1023374.0, 4684224.0 ], [ -1023379.0, 4684230.0 ], [ -1023387.0, 4684233.0 ], [ -1023394.0, 4684232.0 ] ] } },
{ "type": "Feature", "properties": { "source": 12151931003, "target": 582778401, "ordering_random": 18, "length": 2554, "length_cumulative": 67157 }, "geometry": { "type": "LineString", "coordinates": [ [ -1014933.0, 4683534.0 ], [ -1014936.0, 4683542.0 ], [ -1014939.0, 4683555.0 ], [ -1014941.0, 4683568.0 ], [ -1014943.0, 4683581.0 ], [ -1014944.0, 4683594.0 ], [ -1014943.0, 4683608.0 ], [ -1014943.0, 4683620.0 ], [ -1014938.0, 4683665.0 ], [ -1014929.0, 4683764.0 ], [ -1014929.0, 4683766.0 ], [ -1014931.0, 4683767.0 ], [ -1014933.0, 4683767.0 ], [ -1014933.0, 4683768.0 ], [ -1014932.0, 4683772.0 ], [ -1014951.0, 4683774.0 ], [ -1014960.0, 4683774.0 ], [ -1014983.0, 4683767.0 ], [ -1015000.0, 4683739.0 ], [ -1015008.0, 4683725.0 ], [ -1015028.0, 4683701.0 ], [ -1015034.0, 4683688.0 ], [ -1015032.0, 4683672.0 ], [ -1015040.0, 4683673.0 ], [ -1015045.0, 4683680.0 ], [ -1015050.0, 4683698.0 ], [ -1015052.0, 4683730.0 ], [ -1015066.0, 4683705.0 ], [ -1015077.0, 4683706.0 ], [ -1015079.0, 4683695.0 ], [ -1015090.0, 4683648.0 ], [ -1015148.0, 4683607.0 ], [ -1015204.0, 4683570.0 ], [ -1015217.0, 4683564.0 ], [ -1015231.0, 4683563.0 ], [ -1015244.0, 4683567.0 ], [ -1015256.0, 4683574.0 ], [ -1015267.0, 4683589.0 ], [ -1015283.0, 4683610.0 ], [ -1015302.0, 4683634.0 ], [ -1015324.0, 4683618.0 ], [ -1015357.0, 4683599.0 ], [ -1015386.0, 4683591.0 ], [ -1015410.0, 4683589.0 ], [ -1015434.0, 4683590.0 ], [ -1015439.0, 4683591.0 ], [ -1015443.0, 4683590.0 ], [ -1015447.0, 4683589.0 ], [ -1015451.0, 4683588.0 ], [ -1015457.0, 4683595.0 ], [ -1015472.0, 4683600.0 ], [ -1015481.0, 4683606.0 ], [ -1015500.0, 4683628.0 ], [ -1015509.0, 4683641.0 ], [ -1015516.0, 4683647.0 ], [ -1015523.0, 4683650.0 ], [ -1015538.0, 4683652.0 ], [ -1015554.0, 4683655.0 ], [ -1015560.0, 4683658.0 ], [ -1015568.0, 4683666.0 ], [ -1015577.0, 4683673.0 ], [ -1015588.0, 4683676.0 ], [ -1015597.0, 4683668.0 ], [ -1015600.0, 4683664.0 ], [ -1015603.0, 4683659.0 ], [ -1015603.0, 4683652.0 ], [ -1015603.0, 4683647.0 ], [ -1015612.0, 4683638.0 ], [ -1015617.0, 4683634.0 ], [ -1015625.0, 4683643.0 ], [ -1015630.0, 4683651.0 ], [ -1015634.0, 4683658.0 ], [ -1015635.0, 4683661.0 ], [ -1015643.0, 4683660.0 ], [ -1015645.0, 4683659.0 ], [ -1015647.0, 4683658.0 ], [ -1015648.0, 4683655.0 ], [ -1015649.0, 4683652.0 ], [ -1015652.0, 4683648.0 ], [ -1015654.0, 4683641.0 ], [ -1015657.0, 4683635.0 ], [ -1015660.0, 4683631.0 ], [ -1015664.0, 4683628.0 ], [ -1015669.0, 4683626.0 ], [ -1015673.0, 4683624.0 ], [ -1015684.0, 4683622.0 ], [ -1015689.0, 4683618.0 ], [ -1015699.0, 4683607.0 ], [ -1015702.0, 4683610.0 ], [ -1015707.0, 4683615.0 ], [ -1015716.0, 4683611.0 ], [ -1015726.0, 4683608.0 ], [ -1015736.0, 4683605.0 ], [ -1015746.0, 4683604.0 ], [ -1015756.0, 4683603.0 ], [ -1015766.0, 4683602.0 ], [ -1015773.0, 4683586.0 ], [ -1015780.0, 4683588.0 ], [ -1015781.0, 4683589.0 ], [ -1015789.0, 4683593.0 ], [ -1015790.0, 4683590.0 ], [ -1015841.0, 4683474.0 ], [ -1015846.0, 4683466.0 ], [ -1015851.0, 4683457.0 ], [ -1015856.0, 4683451.0 ], [ -1015863.0, 4683442.0 ], [ -1015870.0, 4683435.0 ], [ -1015879.0, 4683428.0 ], [ -1015888.0, 4683420.0 ], [ -1015897.0, 4683414.0 ], [ -1015903.0, 4683409.0 ], [ -1015916.0, 4683400.0 ], [ -1015927.0, 4683393.0 ], [ -1015939.0, 4683386.0 ], [ -1015951.0, 4683379.0 ], [ -1015967.0, 4683372.0 ], [ -1015987.0, 4683360.0 ], [ -1016018.0, 4683343.0 ], [ -1016066.0, 4683315.0 ], [ -1016077.0, 4683322.0 ], [ -1016080.0, 4683324.0 ], [ -1016082.0, 4683325.0 ], [ -1016101.0, 4683337.0 ], [ -1016104.0, 4683340.0 ], [ -1016106.0, 4683345.0 ], [ -1016107.0, 4683349.0 ], [ -1016109.0, 4683350.0 ], [ -1016115.0, 4683353.0 ], [ -1016123.0, 4683356.0 ], [ -1016125.0, 4683357.0 ], [ -1016126.0, 4683356.0 ], [ -1016127.0, 4683355.0 ], [ -1016128.0, 4683355.0 ], [ -1016130.0, 4683356.0 ], [ -1016131.0, 4683356.0 ], [ -1016162.0, 4683377.0 ], [ -1016164.0, 4683380.0 ], [ -1016171.0, 4683384.0 ], [ -1016183.0, 4683392.0 ], [ -1016196.0, 4683398.0 ], [ -1016207.0, 4683403.0 ], [ -1016208.0, 4683404.0 ], [ -1016216.0, 4683406.0 ], [ -1016221.0, 4683408.0 ], [ -1016321.0, 4683441.0 ], [ -1016393.0, 4683465.0 ], [ -1016396.0, 4683464.0 ], [ -1016437.0, 4683478.0 ], [ -1016440.0, 4683479.0 ], [ -1016443.0, 4683480.0 ], [ -1016444.0, 4683483.0 ], [ -1016446.0, 4683485.0 ], [ -1016449.0, 4683486.0 ], [ -1016454.0, 4683488.0 ], [ -1016460.0, 4683490.0 ], [ -1016461.0, 4683490.0 ], [ -1016463.0, 4683489.0 ], [ -1016464.0, 4683489.0 ], [ -1016466.0, 4683489.0 ], [ -1016467.0, 4683489.0 ], [ -1016482.0, 4683494.0 ], [ -1016486.0, 4683493.0 ], [ -1016522.0, 4683505.0 ], [ -1016524.0, 4683506.0 ], [ -1016526.0, 4683507.0 ], [ -1016528.0, 4683509.0 ], [ -1016529.0, 4683511.0 ], [ -1016531.0, 4683511.0 ], [ -1016536.0, 4683513.0 ], [ -1016541.0, 4683515.0 ], [ -1016543.0, 4683515.0 ], [ -1016545.0, 4683514.0 ], [ -1016548.0, 4683514.0 ], [ -1016550.0, 4683515.0 ], [ -1016587.0, 4683527.0 ], [ -1016589.0, 4683529.0 ], [ -1016623.0, 4683540.0 ], [ -1016626.0, 4683541.0 ], [ -1016625.0, 4683542.0 ], [ -1016616.0, 4683569.0 ], [ -1016603.0, 4683612.0 ] ] } },
{ "type": "Feature", "properties": { "source": 443009106, "target": 3128759990, "ordering_random": 19, "length": 4048, "length_cumulative": 71206 }, "geometry": { "type": "MultiLineString", "coordinates": [ [ [ -1022021.0, 4680741.0 ], [ -1021994.0, 4680752.0 ], [ -1021955.0, 4680766.0 ], [ -1021923.0, 4680777.0 ], [ -1021919.0, 4680781.0 ], [ -1021896.0, 4680790.0 ], [ -1021890.0, 4680816.0 ], [ -1021886.0, 4680818.0 ], [ -1021880.0, 4680845.0 ], [ -1021876.0, 4680869.0 ], [ -1021871.0, 4680895.0 ], [ -1021870.0, 4680906.0 ], [ -1021869.0, 4680919.0 ], [ -1021870.0, 4680942.0 ], [ -1021871.0, 4680962.0 ], [ -1021873.0, 4680975.0 ], [ -1021881.0, 4681024.0 ], [ -1021888.0, 4681076.0 ], [ -1021897.0, 4681140.0 ], [ -1021907.0, 4681202.0 ], [ -1021910.0, 4681221.0 ], [ -1021914.0, 4681237.0 ], [ -1021917.0, 4681250.0 ], [ -1021925.0, 4681264.0 ], [ -1021932.0, 4681274.0 ], [ -1022007.0, 4681373.0 ], [ -1022047.0, 4681425.0 ], [ -1022070.0, 4681453.0 ], [ -1022099.0, 4681486.0 ], [ -1022124.0, 4681507.0 ], [ -1022154.0, 4681530.0 ], [ -1022200.0, 4681563.0 ], [ -1022220.0, 4681580.0 ], [ -1022230.0, 4681592.0 ], [ -1022239.0, 4681609.0 ], [ -1022242.0, 4681618.0 ], [ -1022244.0, 4681632.0 ], [ -1022244.0, 4681636.0 ], [ -1022246.0, 4681640.0 ], [ -1022248.0, 4681647.0 ], [ -1022249.0, 4681656.0 ], [ -1022249.0, 4681664.0 ], [ -1022248.0, 4681684.0 ], [ -1022234.0, 4681746.0 ], [ -1022225.0, 4681781.0 ], [ -1022216.0, 4681799.0 ], [ -1022210.0, 4681808.0 ], [ -1022199.0, 4681822.0 ], [ -1022185.0, 4681835.0 ], [ -1022151.0, 4681865.0 ], [ -1022143.0, 4681872.0 ], [ -1022135.0, 4681879.0 ], [ -1022126.0, 4681889.0 ], [ -1022118.0, 4681901.0 ], [ -1022115.0, 4681909.0 ], [ -1022112.0, 4681921.0 ], [ -1022111.0, 4681932.0 ], [ -1022112.0, 4681949.0 ], [ -1022120.0, 4681991.0 ], [ -1022127.0, 4682023.0 ], [ -1022134.0, 4682064.0 ], [ -1022138.0, 4682079.0 ], [ -1022152.0, 4682160.0 ], [ -1022157.0, 4682190.0 ], [ -1022158.0, 4682201.0 ], [ -1022157.0, 4682213.0 ], [ -1022145.0, 4682232.0 ], [ -1022139.0, 4682238.0 ], [ -1022134.0, 4682241.0 ], [ -1022128.0, 4682244.0 ], [ -1022117.0, 4682247.0 ], [ -1022105.0, 4682247.0 ], [ -1022095.0, 4682245.0 ], [ -1022090.0, 4682242.0 ], [ -1022085.0, 4682239.0 ], [ -1022075.0, 4682231.0 ], [ -1022066.0, 4682223.0 ], [ -1022054.0, 4682227.0 ], [ -1022040.0, 4682228.0 ], [ -1022012.0, 4682224.0 ], [ -1021968.0, 4682219.0 ], [ -1021927.0, 4682214.0 ], [ -1021895.0, 4682211.0 ], [ -1021875.0, 4682208.0 ], [ -1021849.0, 4682204.0 ], [ -1021827.0, 4682200.0 ], [ -1021778.0, 4682191.0 ], [ -1021691.0, 4682171.0 ], [ -1021636.0, 4682155.0 ], [ -1021606.0, 4682146.0 ], [ -1021094.0, 4681990.0 ], [ -1021069.0, 4681983.0 ], [ -1021042.0, 4681976.0 ], [ -1021025.0, 4681973.0 ], [ -1021006.0, 4681970.0 ], [ -1020989.0, 4681968.0 ], [ -1020973.0, 4681966.0 ], [ -1020955.0, 4681966.0 ], [ -1020937.0, 4681967.0 ], [ -1020919.0, 4681968.0 ], [ -1020900.0, 4681970.0 ], [ -1020881.0, 4681973.0 ], [ -1020862.0, 4681977.0 ], [ -1020769.0, 4682000.0 ], [ -1020700.0, 4682017.0 ], [ -1020615.0, 4682038.0 ], [ -1020513.0, 4682063.0 ], [ -1020497.0, 4682067.0 ], [ -1020458.0, 4682076.0 ], [ -1020445.0, 4682079.0 ] ], [ [ -1020445.0, 4682079.0 ], [ -1020438.0, 4682081.0 ], [ -1020373.0, 4682097.0 ], [ -1020352.0, 4682085.0 ], [ -1020354.0, 4682082.0 ], [ -1020355.0, 4682081.0 ], [ -1020361.0, 4682084.0 ], [ -1020369.0, 4682086.0 ], [ -1020378.0, 4682085.0 ], [ -1020392.0, 4682082.0 ], [ -1020425.0, 4682073.0 ], [ -1020442.0, 4682069.0 ], [ -1020445.0, 4682079.0 ] ], [ [ -1020445.0, 4682079.0 ], [ -1020451.0, 4682105.0 ], [ -1020434.0, 4682109.0 ], [ -1020437.0, 4682112.0 ], [ -1020365.0, 4682132.0 ], [ -1020356.0, 4682145.0 ], [ -1020332.0, 4682177.0 ], [ -1020312.0, 4682209.0 ], [ -1020287.0, 4682252.0 ], [ -1020271.0, 4682300.0 ] ] ] } },
{ "type": "Feature", "properties": { "source": 486151084, "target": 3128759990, "ordering_random": 20, "length": 1894, "length_cumulative": 73100 }, "geometry": { "type": "LineString", "coordinates": [ [ -1020127.0, 4683946.0 ], [ -1020151.0, 4683887.0 ], [ -1020159.0, 4683883.0 ], [ -1020161.0, 4683882.0 ], [ -1020168.0, 4683865.0 ], [ -1020161.0, 4683853.0 ], [ -1020157.0, 4683844.0 ], [ -1020153.0, 4683836.0 ], [ -1020148.0, 4683828.0 ], [ -1020142.0, 4683821.0 ], [ -1020134.0, 4683815.0 ], [ -1020127.0, 4683809.0 ], [ -1020120.0, 4683806.0 ], [ -1020113.0, 4683803.0 ], [ -1020106.0, 4683800.0 ], [ -1020082.0, 4683795.0 ], [ -1020077.0, 4683793.0 ], [ -1020057.0, 4683774.0 ], [ -1020054.0, 4683772.0 ], [ -1020076.0, 4683748.0 ], [ -1020059.0, 4683733.0 ], [ -1020048.0, 4683723.0 ], [ -1020059.0, 4683709.0 ], [ -1020052.0, 4683693.0 ], [ -1020045.0, 4683680.0 ], [ -1020035.0, 4683669.0 ], [ -1020025.0, 4683662.0 ], [ -1020018.0, 4683657.0 ], [ -1020014.0, 4683651.0 ], [ -1020010.0, 4683644.0 ], [ -1020007.0, 4683636.0 ], [ -1020007.0, 4683626.0 ], [ -1020008.0, 4683618.0 ], [ -1020012.0, 4683609.0 ], [ -1020018.0, 4683599.0 ], [ -1020039.0, 4683577.0 ], [ -1020044.0, 4683572.0 ], [ -1020052.0, 4683565.0 ], [ -1020050.0, 4683549.0 ], [ -1020044.0, 4683514.0 ], [ -1020040.0, 4683502.0 ], [ -1020035.0, 4683496.0 ], [ -1020016.0, 4683484.0 ], [ -1020011.0, 4683482.0 ], [ -1020006.0, 4683478.0 ], [ -1020001.0, 4683469.0 ], [ -1019996.0, 4683443.0 ], [ -1019989.0, 4683417.0 ], [ -1019982.0, 4683380.0 ], [ -1019980.0, 4683371.0 ], [ -1019976.0, 4683348.0 ], [ -1019973.0, 4683334.0 ], [ -1019970.0, 4683325.0 ], [ -1019970.0, 4683322.0 ], [ -1019973.0, 4683233.0 ], [ -1019973.0, 4683225.0 ], [ -1019972.0, 4683216.0 ], [ -1019970.0, 4683204.0 ], [ -1019965.0, 4683191.0 ], [ -1019950.0, 4683157.0 ], [ -1019947.0, 4683149.0 ], [ -1019942.0, 4683135.0 ], [ -1019939.0, 4683119.0 ], [ -1019940.0, 4683078.0 ], [ -1019949.0, 4683012.0 ], [ -1019950.0, 4682999.0 ], [ -1019951.0, 4682992.0 ], [ -1019954.0, 4682948.0 ], [ -1019957.0, 4682881.0 ], [ -1019957.0, 4682869.0 ], [ -1019956.0, 4682853.0 ], [ -1019955.0, 4682845.0 ], [ -1019967.0, 4682831.0 ], [ -1019970.0, 4682828.0 ], [ -1020060.0, 4682724.0 ], [ -1020069.0, 4682713.0 ], [ -1020075.0, 4682706.0 ], [ -1020082.0, 4682697.0 ], [ -1020109.0, 4682664.0 ], [ -1020206.0, 4682551.0 ], [ -1020218.0, 4682536.0 ], [ -1020224.0, 4682525.0 ], [ -1020238.0, 4682504.0 ], [ -1020234.0, 4682496.0 ], [ -1020232.0, 4682485.0 ], [ -1020223.0, 4682439.0 ], [ -1020262.0, 4682329.0 ] ] } },
{ "type": "Feature", "properties": { "source": 8165092613, "target": 2165209268, "ordering_random": 21, "length": 2639, "length_cumulative": 75739 }, "geometry": { "type": "LineString", "coordinates": [ [ -1019750.0, 4687352.0 ], [ -1019750.0, 4687351.0 ], [ -1019750.0, 4687345.0 ], [ -1019737.0, 4687346.0 ], [ -1019724.0, 4687349.0 ], [ -1019717.0, 4687351.0 ], [ -1019686.0, 4687352.0 ], [ -1019671.0, 4687353.0 ], [ -1019664.0, 4687354.0 ], [ -1019657.0, 4687356.0 ], [ -1019652.0, 4687358.0 ], [ -1019639.0, 4687363.0 ], [ -1019608.0, 4687375.0 ], [ -1019583.0, 4687378.0 ], [ -1019581.0, 4687365.0 ], [ -1019580.0, 4687360.0 ], [ -1019569.0, 4687365.0 ], [ -1019568.0, 4687365.0 ], [ -1019566.0, 4687365.0 ], [ -1019565.0, 4687365.0 ], [ -1019564.0, 4687364.0 ], [ -1019563.0, 4687364.0 ], [ -1019562.0, 4687360.0 ], [ -1019539.0, 4687311.0 ], [ -1019538.0, 4687309.0 ], [ -1019537.0, 4687307.0 ], [ -1019535.0, 4687306.0 ], [ -1019530.0, 4687305.0 ], [ -1019519.0, 4687302.0 ], [ -1019517.0, 4687301.0 ], [ -1019516.0, 4687300.0 ], [ -1019514.0, 4687299.0 ], [ -1019512.0, 4687296.0 ], [ -1019507.0, 4687286.0 ], [ -1019486.0, 4687284.0 ], [ -1019460.0, 4687282.0 ], [ -1019438.0, 4687280.0 ], [ -1019418.0, 4687278.0 ], [ -1019414.0, 4687280.0 ], [ -1019408.0, 4687282.0 ], [ -1019405.0, 4687277.0 ], [ -1019398.0, 4687281.0 ], [ -1019381.0, 4687288.0 ], [ -1019378.0, 4687289.0 ], [ -1019374.0, 4687290.0 ], [ -1019370.0, 4687289.0 ], [ -1019367.0, 4687288.0 ], [ -1019347.0, 4687280.0 ], [ -1019342.0, 4687277.0 ], [ -1019333.0, 4687280.0 ], [ -1019329.0, 4687269.0 ], [ -1019316.0, 4687272.0 ], [ -1019297.0, 4687277.0 ], [ -1019293.0, 4687278.0 ], [ -1019279.0, 4687282.0 ], [ -1019237.0, 4687292.0 ], [ -1019205.0, 4687301.0 ], [ -1019194.0, 4687304.0 ], [ -1019184.0, 4687304.0 ], [ -1019178.0, 4687303.0 ], [ -1019172.0, 4687300.0 ], [ -1019145.0, 4687270.0 ], [ -1019137.0, 4687258.0 ], [ -1019113.0, 4687268.0 ], [ -1019102.0, 4687272.0 ], [ -1019077.0, 4687282.0 ], [ -1019046.0, 4687294.0 ], [ -1019000.0, 4687311.0 ], [ -1018957.0, 4687328.0 ], [ -1018946.0, 4687333.0 ], [ -1018934.0, 4687340.0 ], [ -1018910.0, 4687355.0 ], [ -1018850.0, 4687390.0 ], [ -1018805.0, 4687426.0 ], [ -1018697.0, 4687472.0 ], [ -1018636.0, 4687479.0 ], [ -1018588.0, 4687482.0 ], [ -1018575.0, 4687484.0 ], [ -1018559.0, 4687487.0 ], [ -1018548.0, 4687489.0 ], [ -1018538.0, 4687488.0 ], [ -1018529.0, 4687487.0 ], [ -1018520.0, 4687485.0 ], [ -1018511.0, 4687481.0 ], [ -1018501.0, 4687476.0 ], [ -1018492.0, 4687470.0 ], [ -1018469.0, 4687451.0 ], [ -1018447.0, 4687436.0 ], [ -1018443.0, 4687434.0 ], [ -1018437.0, 4687432.0 ], [ -1018432.0, 4687429.0 ], [ -1018430.0, 4687427.0 ], [ -1018428.0, 4687424.0 ], [ -1018427.0, 4687422.0 ], [ -1018414.0, 4687428.0 ], [ -1018353.0, 4687453.0 ], [ -1018364.0, 4687485.0 ], [ -1018367.0, 4687491.0 ], [ -1018369.0, 4687498.0 ], [ -1018369.0, 4687515.0 ], [ -1018368.0, 4687526.0 ], [ -1018366.0, 4687535.0 ], [ -1018364.0, 4687542.0 ], [ -1018361.0, 4687548.0 ], [ -1018357.0, 4687554.0 ], [ -1018350.0, 4687546.0 ], [ -1018344.0, 4687547.0 ], [ -1018341.0, 4687547.0 ], [ -1018333.0, 4687539.0 ], [ -1018330.0, 4687536.0 ], [ -1018324.0, 4687532.0 ], [ -1018317.0, 4687529.0 ], [ -1018311.0, 4687526.0 ], [ -1018303.0, 4687524.0 ], [ -1018296.0, 4687524.0 ], [ -1018290.0, 4687524.0 ], [ -1018279.0, 4687527.0 ], [ -1018264.0, 4687531.0 ], [ -1018249.0, 4687534.0 ], [ -1018233.0, 4687536.0 ], [ -1018216.0, 4687536.0 ], [ -1018199.0, 4687534.0 ], [ -1018176.0, 4687526.0 ], [ -1018177.0, 4687530.0 ], [ -1018182.0, 4687547.0 ], [ -1018185.0, 4687573.0 ], [ -1018181.0, 4687578.0 ], [ -1018109.0, 4687602.0 ], [ -1018106.0, 4687605.0 ], [ -1018038.0, 4687629.0 ], [ -1017977.0, 4687651.0 ], [ -1017955.0, 4687598.0 ], [ -1017945.0, 4687586.0 ], [ -1017917.0, 4687570.0 ], [ -1017900.0, 4687554.0 ], [ -1017885.0, 4687521.0 ], [ -1017820.0, 4687362.0 ], [ -1017802.0, 4687316.0 ], [ -1017780.0, 4687264.0 ], [ -1017808.0, 4687252.0 ] ] } },
{ "type": "Feature", "properties": { "source": 6884007756, "target": 12151931003, "ordering_random": 22, "length": 3029, "length_cumulative": 78769 }, "geometry": { "type": "LineString", "coordinates": [ [ -1014938.0, 4683665.0 ], [ -1014934.0, 4683664.0 ], [ -1014929.0, 4683664.0 ], [ -1014925.0, 4683663.0 ], [ -1014923.0, 4683663.0 ], [ -1014912.0, 4683783.0 ], [ -1014911.0, 4683785.0 ], [ -1014909.0, 4683786.0 ], [ -1014906.0, 4683786.0 ], [ -1014906.0, 4683787.0 ], [ -1014906.0, 4683791.0 ], [ -1014865.0, 4683786.0 ], [ -1014859.0, 4683787.0 ], [ -1014852.0, 4683790.0 ], [ -1014845.0, 4683794.0 ], [ -1014839.0, 4683797.0 ], [ -1014831.0, 4683798.0 ], [ -1014827.0, 4683799.0 ], [ -1014825.0, 4683800.0 ], [ -1014820.0, 4683811.0 ], [ -1014813.0, 4683835.0 ], [ -1014806.0, 4683880.0 ], [ -1014798.0, 4683894.0 ], [ -1014770.0, 4683941.0 ], [ -1014761.0, 4683951.0 ], [ -1014748.0, 4683960.0 ], [ -1014734.0, 4683974.0 ], [ -1014714.0, 4684020.0 ], [ -1014767.0, 4684075.0 ], [ -1014771.0, 4684078.0 ], [ -1014774.0, 4684086.0 ], [ -1014777.0, 4684100.0 ], [ -1014780.0, 4684146.0 ], [ -1014781.0, 4684156.0 ], [ -1014786.0, 4684227.0 ], [ -1014787.0, 4684229.0 ], [ -1014782.0, 4684235.0 ], [ -1014779.0, 4684244.0 ], [ -1014777.0, 4684246.0 ], [ -1014774.0, 4684250.0 ], [ -1014748.0, 4684270.0 ], [ -1014737.0, 4684274.0 ], [ -1014731.0, 4684276.0 ], [ -1014723.0, 4684278.0 ], [ -1014718.0, 4684281.0 ], [ -1014706.0, 4684287.0 ], [ -1014696.0, 4684292.0 ], [ -1014685.0, 4684296.0 ], [ -1014679.0, 4684299.0 ], [ -1014673.0, 4684303.0 ], [ -1014661.0, 4684308.0 ], [ -1014651.0, 4684313.0 ], [ -1014641.0, 4684323.0 ], [ -1014644.0, 4684329.0 ], [ -1014627.0, 4684350.0 ], [ -1014620.0, 4684381.0 ], [ -1014616.0, 4684412.0 ], [ -1014612.0, 4684417.0 ], [ -1014595.0, 4684445.0 ], [ -1014571.0, 4684438.0 ], [ -1014530.0, 4684429.0 ], [ -1014526.0, 4684422.0 ], [ -1014522.0, 4684406.0 ], [ -1014518.0, 4684393.0 ], [ -1014514.0, 4684386.0 ], [ -1014512.0, 4684386.0 ], [ -1014503.0, 4684385.0 ], [ -1014502.0, 4684380.0 ], [ -1014490.0, 4684369.0 ], [ -1014484.0, 4684365.0 ], [ -1014476.0, 4684362.0 ], [ -1014461.0, 4684358.0 ], [ -1014455.0, 4684359.0 ], [ -1014446.0, 4684362.0 ], [ -1014437.0, 4684365.0 ], [ -1014429.0, 4684370.0 ], [ -1014423.0, 4684374.0 ], [ -1014416.0, 4684379.0 ], [ -1014399.0, 4684395.0 ], [ -1014388.0, 4684405.0 ], [ -1014382.0, 4684411.0 ], [ -1014342.0, 4684448.0 ], [ -1014305.0, 4684473.0 ], [ -1014274.0, 4684493.0 ], [ -1014180.0, 4684506.0 ], [ -1014159.0, 4684509.0 ], [ -1014143.0, 4684512.0 ], [ -1014132.0, 4684515.0 ], [ -1014123.0, 4684519.0 ], [ -1014111.0, 4684525.0 ], [ -1014096.0, 4684534.0 ], [ -1014068.0, 4684554.0 ], [ -1014021.0, 4684586.0 ], [ -1013996.0, 4684602.0 ], [ -1013972.0, 4684620.0 ], [ -1013958.0, 4684630.0 ], [ -1013924.0, 4684667.0 ], [ -1013919.0, 4684673.0 ], [ -1013892.0, 4684717.0 ], [ -1013880.0, 4684738.0 ], [ -1013867.0, 4684762.0 ], [ -1013856.0, 4684778.0 ], [ -1013819.0, 4684841.0 ], [ -1013780.0, 4684823.0 ], [ -1013776.0, 4684821.0 ], [ -1013775.0, 4684825.0 ], [ -1013775.0, 4684826.0 ], [ -1013746.0, 4684814.0 ], [ -1013742.0, 4684813.0 ], [ -1013738.0, 4684813.0 ], [ -1013734.0, 4684814.0 ], [ -1013731.0, 4684815.0 ], [ -1013728.0, 4684818.0 ], [ -1013725.0, 4684821.0 ], [ -1013667.0, 4684915.0 ], [ -1013661.0, 4684925.0 ], [ -1013660.0, 4684924.0 ], [ -1013656.0, 4684921.0 ], [ -1013644.0, 4684940.0 ], [ -1013594.0, 4684911.0 ], [ -1013561.0, 4684893.0 ], [ -1013530.0, 4684871.0 ], [ -1013524.0, 4684875.0 ], [ -1013526.0, 4684877.0 ], [ -1013528.0, 4684879.0 ], [ -1013533.0, 4684883.0 ], [ -1013553.0, 4684894.0 ], [ -1013550.0, 4684896.0 ], [ -1013543.0, 4684900.0 ], [ -1013533.0, 4684901.0 ], [ -1013526.0, 4684898.0 ], [ -1013518.0, 4684892.0 ], [ -1013513.0, 4684884.0 ], [ -1013510.0, 4684876.0 ], [ -1013510.0, 4684868.0 ], [ -1013484.0, 4684859.0 ], [ -1013451.0, 4684896.0 ], [ -1013443.0, 4684905.0 ], [ -1013423.0, 4684927.0 ], [ -1013365.0, 4684949.0 ], [ -1013308.0, 4684977.0 ], [ -1013287.0, 4684991.0 ], [ -1013301.0, 4685018.0 ], [ -1013308.0, 4685028.0 ], [ -1013283.0, 4685041.0 ], [ -1013220.0, 4685077.0 ], [ -1013199.0, 4685089.0 ], [ -1013197.0, 4685090.0 ], [ -1013194.0, 4685091.0 ], [ -1013192.0, 4685091.0 ], [ -1013189.0, 4685091.0 ], [ -1013186.0, 4685090.0 ], [ -1013169.0, 4685083.0 ], [ -1013156.0, 4685078.0 ] ] } },
{ "type": "Feature", "properties": { "source": 13432579767, "target": 8373497163, "ordering_random": 23, "length": 1995, "length_cumulative": 80764 }, "geometry": { "type": "LineString", "coordinates": [ [ -1012818.0, 4688446.0 ], [ -1012815.0, 4688446.0 ], [ -1012807.0, 4688445.0 ], [ -1012754.0, 4688442.0 ], [ -1012719.0, 4688440.0 ], [ -1012716.0, 4688440.0 ], [ -1012645.0, 4688436.0 ], [ -1012645.0, 4688431.0 ], [ -1012646.0, 4688415.0 ], [ -1012646.0, 4688412.0 ], [ -1012647.0, 4688392.0 ], [ -1012648.0, 4688381.0 ], [ -1012654.0, 4688335.0 ], [ -1012655.0, 4688330.0 ], [ -1012650.0, 4688330.0 ], [ -1012647.0, 4688329.0 ], [ -1012616.0, 4688325.0 ], [ -1012614.0, 4688323.0 ], [ -1012611.0, 4688322.0 ], [ -1012599.0, 4688318.0 ], [ -1012598.0, 4688318.0 ], [ -1012597.0, 4688317.0 ], [ -1012595.0, 4688316.0 ], [ -1012590.0, 4688312.0 ], [ -1012570.0, 4688309.0 ], [ -1012570.0, 4688308.0 ], [ -1012571.0, 4688302.0 ], [ -1012571.0, 4688301.0 ], [ -1012571.0, 4688297.0 ], [ -1012571.0, 4688293.0 ], [ -1012572.0, 4688287.0 ], [ -1012573.0, 4688274.0 ], [ -1012574.0, 4688245.0 ], [ -1012577.0, 4688243.0 ], [ -1012580.0, 4688190.0 ], [ -1012578.0, 4688187.0 ], [ -1012580.0, 4688158.0 ], [ -1012580.0, 4688151.0 ], [ -1012581.0, 4688145.0 ], [ -1012581.0, 4688140.0 ], [ -1012581.0, 4688139.0 ], [ -1012582.0, 4688130.0 ], [ -1012582.0, 4688129.0 ], [ -1012582.0, 4688124.0 ], [ -1012585.0, 4688118.0 ], [ -1012595.0, 4687968.0 ], [ -1012592.0, 4687963.0 ], [ -1012593.0, 4687957.0 ], [ -1012593.0, 4687956.0 ], [ -1012593.0, 4687948.0 ], [ -1012593.0, 4687947.0 ], [ -1012594.0, 4687941.0 ], [ -1012594.0, 4687935.0 ], [ -1012597.0, 4687888.0 ], [ -1012601.0, 4687834.0 ], [ -1012604.0, 4687788.0 ], [ -1012604.0, 4687782.0 ], [ -1012604.0, 4687776.0 ], [ -1012604.0, 4687775.0 ], [ -1012605.0, 4687766.0 ], [ -1012605.0, 4687765.0 ], [ -1012605.0, 4687758.0 ], [ -1012606.0, 4687754.0 ], [ -1012613.0, 4687636.0 ], [ -1012614.0, 4687619.0 ], [ -1012620.0, 4687609.0 ], [ -1012626.0, 4687599.0 ], [ -1012626.0, 4687588.0 ], [ -1012627.0, 4687576.0 ], [ -1012628.0, 4687569.0 ], [ -1012614.0, 4687555.0 ], [ -1012611.0, 4687544.0 ], [ -1012618.0, 4687431.0 ], [ -1012624.0, 4687334.0 ], [ -1012626.0, 4687291.0 ], [ -1012644.0, 4687262.0 ], [ -1012733.0, 4687111.0 ], [ -1012741.0, 4687098.0 ], [ -1012748.0, 4687087.0 ], [ -1012760.0, 4687067.0 ], [ -1012799.0, 4686992.0 ], [ -1012849.0, 4686905.0 ], [ -1012857.0, 4686892.0 ], [ -1012865.0, 4686879.0 ], [ -1012912.0, 4686804.0 ], [ -1012920.0, 4686790.0 ], [ -1012928.0, 4686777.0 ] ] } },
{ "type": "Feature", "properties": { "source": 417178863, "target": 443009106, "ordering_random": 24, "length": 2224, "length_cumulative": 82989 }, "geometry": { "type": "LineString", "coordinates": [ [ -1022224.0, 4679010.0 ], [ -1022218.0, 4679014.0 ], [ -1022215.0, 4679015.0 ], [ -1022180.0, 4679052.0 ], [ -1022170.0, 4679051.0 ], [ -1022138.0, 4679052.0 ], [ -1022080.0, 4679065.0 ], [ -1022066.0, 4679063.0 ], [ -1022054.0, 4679067.0 ], [ -1022039.0, 4679058.0 ], [ -1022035.0, 4679057.0 ], [ -1022033.0, 4679057.0 ], [ -1022024.0, 4679070.0 ], [ -1021999.0, 4679107.0 ], [ -1021991.0, 4679118.0 ], [ -1021982.0, 4679129.0 ], [ -1021978.0, 4679133.0 ], [ -1021962.0, 4679150.0 ], [ -1021951.0, 4679160.0 ], [ -1021938.0, 4679172.0 ], [ -1021930.0, 4679180.0 ], [ -1021903.0, 4679204.0 ], [ -1021894.0, 4679215.0 ], [ -1021857.0, 4679273.0 ], [ -1021832.0, 4679307.0 ], [ -1021807.0, 4679344.0 ], [ -1021795.0, 4679360.0 ], [ -1021771.0, 4679383.0 ], [ -1021766.0, 4679388.0 ], [ -1021730.0, 4679418.0 ], [ -1021726.0, 4679421.0 ], [ -1021722.0, 4679424.0 ], [ -1021723.0, 4679427.0 ], [ -1021725.0, 4679432.0 ], [ -1021728.0, 4679437.0 ], [ -1021730.0, 4679443.0 ], [ -1021740.0, 4679470.0 ], [ -1021782.0, 4679582.0 ], [ -1021786.0, 4679592.0 ], [ -1021789.0, 4679600.0 ], [ -1021805.0, 4679644.0 ], [ -1021808.0, 4679656.0 ], [ -1021819.0, 4679689.0 ], [ -1021821.0, 4679692.0 ], [ -1021822.0, 4679698.0 ], [ -1021783.0, 4679711.0 ], [ -1021779.0, 4679712.0 ], [ -1021762.0, 4679717.0 ], [ -1021771.0, 4679726.0 ], [ -1021774.0, 4679731.0 ], [ -1021778.0, 4679737.0 ], [ -1021783.0, 4679759.0 ], [ -1021788.0, 4679771.0 ], [ -1021798.0, 4679781.0 ], [ -1021803.0, 4679792.0 ], [ -1021811.0, 4679807.0 ], [ -1021832.0, 4679847.0 ], [ -1021837.0, 4679858.0 ], [ -1021844.0, 4679880.0 ], [ -1021858.0, 4679905.0 ], [ -1021859.0, 4679916.0 ], [ -1021859.0, 4679918.0 ], [ -1021860.0, 4679920.0 ], [ -1021864.0, 4679933.0 ], [ -1021867.0, 4679946.0 ], [ -1021870.0, 4679966.0 ], [ -1021871.0, 4679976.0 ], [ -1021871.0, 4679986.0 ], [ -1021871.0, 4680039.0 ], [ -1021864.0, 4680096.0 ], [ -1021860.0, 4680126.0 ], [ -1021858.0, 4680141.0 ], [ -1021857.0, 4680149.0 ], [ -1021857.0, 4680156.0 ], [ -1021859.0, 4680163.0 ], [ -1021860.0, 4680167.0 ], [ -1021863.0, 4680176.0 ], [ -1021868.0, 4680185.0 ], [ -1021872.0, 4680192.0 ], [ -1021879.0, 4680199.0 ], [ -1021888.0, 4680207.0 ], [ -1021894.0, 4680211.0 ], [ -1021899.0, 4680216.0 ], [ -1021931.0, 4680243.0 ], [ -1021951.0, 4680264.0 ], [ -1021954.0, 4680268.0 ], [ -1021956.0, 4680273.0 ], [ -1021957.0, 4680278.0 ], [ -1021958.0, 4680283.0 ], [ -1021957.0, 4680292.0 ], [ -1021956.0, 4680297.0 ], [ -1021954.0, 4680303.0 ], [ -1021951.0, 4680310.0 ], [ -1021945.0, 4680320.0 ], [ -1021934.0, 4680340.0 ], [ -1021930.0, 4680349.0 ], [ -1021921.0, 4680377.0 ], [ -1021909.0, 4680417.0 ], [ -1021906.0, 4680425.0 ], [ -1021901.0, 4680435.0 ], [ -1021890.0, 4680454.0 ], [ -1021871.0, 4680483.0 ], [ -1021867.0, 4680491.0 ], [ -1021865.0, 4680499.0 ], [ -1021865.0, 4680507.0 ], [ -1021865.0, 4680516.0 ], [ -1021868.0, 4680525.0 ], [ -1021870.0, 4680534.0 ], [ -1021895.0, 4680601.0 ], [ -1021912.0, 4680646.0 ], [ -1021918.0, 4680656.0 ], [ -1021923.0, 4680664.0 ], [ -1021931.0, 4680671.0 ], [ -1021945.0, 4680682.0 ], [ -1021980.0, 4680709.0 ], [ -1022021.0, 4680741.0 ] ] } },
{ "type": "Feature", "properties": { "source": 3152689482, "target": 2165209268, "ordering_random": 25, "length": 2488, "length_cumulative": 85477 }, "geometry": { "type": "LineString", "coordinates": [ [ -1017556.0, 4687123.0 ], [ -1017555.0, 4687119.0 ], [ -1017554.0, 4687117.0 ], [ -1017550.0, 4687106.0 ], [ -1017546.0, 4687096.0 ], [ -1017548.0, 4687094.0 ], [ -1017550.0, 4687092.0 ], [ -1017551.0, 4687091.0 ], [ -1017549.0, 4687086.0 ], [ -1017541.0, 4687066.0 ], [ -1017539.0, 4687053.0 ], [ -1017536.0, 4687044.0 ], [ -1017505.0, 4686970.0 ], [ -1017490.0, 4686935.0 ], [ -1017480.0, 4686911.0 ], [ -1017469.0, 4686885.0 ], [ -1017458.0, 4686860.0 ], [ -1017447.0, 4686832.0 ], [ -1017438.0, 4686811.0 ], [ -1017392.0, 4686701.0 ], [ -1017386.0, 4686688.0 ], [ -1017379.0, 4686670.0 ], [ -1017376.0, 4686662.0 ], [ -1017366.0, 4686632.0 ], [ -1017361.0, 4686617.0 ], [ -1017362.0, 4686614.0 ], [ -1017362.0, 4686611.0 ], [ -1017362.0, 4686608.0 ], [ -1017362.0, 4686605.0 ], [ -1017361.0, 4686603.0 ], [ -1017360.0, 4686600.0 ], [ -1017359.0, 4686597.0 ], [ -1017358.0, 4686594.0 ], [ -1017356.0, 4686592.0 ], [ -1017354.0, 4686589.0 ], [ -1017352.0, 4686587.0 ], [ -1017349.0, 4686585.0 ], [ -1017347.0, 4686584.0 ], [ -1017344.0, 4686582.0 ], [ -1017342.0, 4686582.0 ], [ -1017339.0, 4686581.0 ], [ -1017336.0, 4686581.0 ], [ -1017334.0, 4686570.0 ], [ -1017326.0, 4686544.0 ], [ -1017248.0, 4686361.0 ], [ -1017238.0, 4686337.0 ], [ -1017234.0, 4686325.0 ], [ -1017228.0, 4686312.0 ], [ -1017219.0, 4686288.0 ], [ -1017199.0, 4686240.0 ], [ -1017189.0, 4686215.0 ], [ -1017179.0, 4686190.0 ], [ -1017172.0, 4686168.0 ], [ -1017168.0, 4686150.0 ], [ -1017165.0, 4686127.0 ], [ -1017163.0, 4686108.0 ], [ -1017163.0, 4686089.0 ], [ -1017164.0, 4686068.0 ], [ -1017164.0, 4686059.0 ], [ -1017169.0, 4685973.0 ], [ -1017170.0, 4685957.0 ], [ -1017171.0, 4685951.0 ], [ -1017167.0, 4685928.0 ], [ -1017168.0, 4685916.0 ], [ -1017169.0, 4685900.0 ], [ -1017172.0, 4685857.0 ], [ -1017173.0, 4685813.0 ], [ -1017173.0, 4685799.0 ], [ -1017161.0, 4685798.0 ], [ -1017138.0, 4685797.0 ], [ -1017050.0, 4685792.0 ], [ -1017046.0, 4685791.0 ], [ -1016968.0, 4685786.0 ], [ -1016966.0, 4685786.0 ], [ -1016957.0, 4685786.0 ], [ -1016867.0, 4685780.0 ], [ -1016765.0, 4685774.0 ], [ -1016667.0, 4685768.0 ], [ -1016629.0, 4685765.0 ], [ -1016611.0, 4685764.0 ], [ -1016612.0, 4685747.0 ], [ -1016600.0, 4685746.0 ], [ -1016575.0, 4685744.0 ], [ -1016520.0, 4685741.0 ], [ -1016500.0, 4685740.0 ], [ -1016481.0, 4685718.0 ], [ -1016466.0, 4685701.0 ], [ -1016468.0, 4685677.0 ], [ -1016471.0, 4685635.0 ], [ -1016487.0, 4685427.0 ], [ -1016490.0, 4685389.0 ], [ -1016492.0, 4685372.0 ] ] } },
{ "type": "Feature", "properties": { "source": 1668354046, "target": 12693359588, "ordering_random": 26, "length": 3939, "length_cumulative": 89417 }, "geometry": { "type": "LineString", "coordinates": [ [ -1023736.0, 4680790.0 ], [ -1023700.0, 4680791.0 ], [ -1023702.0, 4680818.0 ], [ -1023696.0, 4680870.0 ], [ -1023694.0, 4680887.0 ], [ -1023694.0, 4680917.0 ], [ -1023696.0, 4680930.0 ], [ -1023705.0, 4680962.0 ], [ -1023707.0, 4680973.0 ], [ -1023709.0, 4680995.0 ], [ -1023708.0, 4681002.0 ], [ -1023704.0, 4681015.0 ], [ -1023698.0, 4681027.0 ], [ -1023683.0, 4681051.0 ], [ -1023679.0, 4681057.0 ], [ -1023676.0, 4681068.0 ], [ -1023677.0, 4681073.0 ], [ -1023680.0, 4681081.0 ], [ -1023696.0, 4681101.0 ], [ -1023705.0, 4681119.0 ], [ -1023708.0, 4681126.0 ], [ -1023709.0, 4681132.0 ], [ -1023709.0, 4681138.0 ], [ -1023711.0, 4681181.0 ], [ -1023715.0, 4681209.0 ], [ -1023720.0, 4681232.0 ], [ -1023725.0, 4681255.0 ], [ -1023730.0, 4681258.0 ], [ -1023736.0, 4681268.0 ], [ -1023718.0, 4681282.0 ], [ -1023706.0, 4681300.0 ], [ -1023698.0, 4681314.0 ], [ -1023676.0, 4681340.0 ], [ -1023663.0, 4681353.0 ], [ -1023655.0, 4681358.0 ], [ -1023638.0, 4681369.0 ], [ -1023629.0, 4681384.0 ], [ -1023626.0, 4681399.0 ], [ -1023624.0, 4681424.0 ], [ -1023620.0, 4681474.0 ], [ -1023621.0, 4681530.0 ], [ -1023619.0, 4681560.0 ], [ -1023611.0, 4681602.0 ], [ -1023603.0, 4681644.0 ], [ -1023595.0, 4681683.0 ], [ -1023593.0, 4681693.0 ], [ -1023591.0, 4681700.0 ], [ -1023579.0, 4681724.0 ], [ -1023576.0, 4681730.0 ], [ -1023575.0, 4681736.0 ], [ -1023575.0, 4681740.0 ], [ -1023564.0, 4681745.0 ], [ -1023553.0, 4681747.0 ], [ -1023541.0, 4681747.0 ], [ -1023528.0, 4681746.0 ], [ -1023508.0, 4681740.0 ], [ -1023506.0, 4681755.0 ], [ -1023504.0, 4681763.0 ], [ -1023501.0, 4681771.0 ], [ -1023496.0, 4681776.0 ], [ -1023479.0, 4681794.0 ], [ -1023474.0, 4681801.0 ], [ -1023466.0, 4681817.0 ], [ -1023469.0, 4681829.0 ], [ -1023475.0, 4681847.0 ], [ -1023475.0, 4681856.0 ], [ -1023463.0, 4681875.0 ], [ -1023461.0, 4681897.0 ], [ -1023465.0, 4681928.0 ], [ -1023461.0, 4681966.0 ], [ -1023456.0, 4681995.0 ], [ -1023455.0, 4682010.0 ], [ -1023460.0, 4682035.0 ], [ -1023462.0, 4682062.0 ], [ -1023462.0, 4682084.0 ], [ -1023443.0, 4682093.0 ], [ -1023432.0, 4682135.0 ], [ -1023425.0, 4682146.0 ], [ -1023426.0, 4682161.0 ], [ -1023421.0, 4682174.0 ], [ -1023417.0, 4682183.0 ], [ -1023418.0, 4682198.0 ], [ -1023418.0, 4682206.0 ], [ -1023426.0, 4682217.0 ], [ -1023424.0, 4682221.0 ], [ -1023412.0, 4682233.0 ], [ -1023408.0, 4682238.0 ], [ -1023404.0, 4682244.0 ], [ -1023401.0, 4682253.0 ], [ -1023409.0, 4682250.0 ], [ -1023409.0, 4682256.0 ], [ -1023410.0, 4682262.0 ], [ -1023412.0, 4682268.0 ], [ -1023414.0, 4682272.0 ], [ -1023418.0, 4682276.0 ], [ -1023422.0, 4682279.0 ], [ -1023426.0, 4682282.0 ], [ -1023431.0, 4682283.0 ], [ -1023430.0, 4682292.0 ], [ -1023430.0, 4682299.0 ], [ -1023431.0, 4682305.0 ], [ -1023433.0, 4682312.0 ], [ -1023463.0, 4682384.0 ], [ -1023464.0, 4682387.0 ], [ -1023473.0, 4682407.0 ], [ -1023481.0, 4682425.0 ], [ -1023491.0, 4682450.0 ], [ -1023490.0, 4682458.0 ], [ -1023489.0, 4682464.0 ], [ -1023488.0, 4682470.0 ], [ -1023486.0, 4682477.0 ], [ -1023483.0, 4682482.0 ], [ -1023471.0, 4682497.0 ], [ -1023467.0, 4682501.0 ], [ -1023463.0, 4682506.0 ], [ -1023461.0, 4682512.0 ], [ -1023460.0, 4682518.0 ], [ -1023459.0, 4682524.0 ], [ -1023461.0, 4682530.0 ], [ -1023463.0, 4682536.0 ], [ -1023466.0, 4682541.0 ], [ -1023470.0, 4682546.0 ], [ -1023476.0, 4682549.0 ], [ -1023466.0, 4682562.0 ], [ -1023445.0, 4682593.0 ], [ -1023440.0, 4682600.0 ], [ -1023438.0, 4682595.0 ], [ -1023435.0, 4682591.0 ], [ -1023431.0, 4682586.0 ], [ -1023428.0, 4682582.0 ], [ -1023422.0, 4682577.0 ], [ -1023417.0, 4682572.0 ], [ -1023404.0, 4682563.0 ], [ -1023401.0, 4682561.0 ], [ -1023397.0, 4682559.0 ], [ -1023390.0, 4682556.0 ], [ -1023381.0, 4682553.0 ], [ -1023375.0, 4682552.0 ], [ -1023369.0, 4682551.0 ], [ -1023348.0, 4682551.0 ], [ -1023336.0, 4682551.0 ], [ -1023322.0, 4682551.0 ], [ -1023311.0, 4682553.0 ], [ -1023299.0, 4682555.0 ], [ -1023286.0, 4682557.0 ], [ -1023273.0, 4682558.0 ], [ -1023240.0, 4682561.0 ], [ -1023223.0, 4682561.0 ], [ -1023206.0, 4682561.0 ], [ -1023195.0, 4682560.0 ], [ -1023183.0, 4682559.0 ], [ -1023158.0, 4682556.0 ], [ -1023146.0, 4682554.0 ], [ -1023133.0, 4682553.0 ], [ -1023121.0, 4682552.0 ], [ -1023109.0, 4682552.0 ], [ -1023105.0, 4682552.0 ], [ -1023100.0, 4682553.0 ], [ -1023096.0, 4682554.0 ], [ -1023092.0, 4682555.0 ], [ -1023083.0, 4682558.0 ], [ -1023075.0, 4682560.0 ], [ -1023067.0, 4682562.0 ], [ -1023063.0, 4682562.0 ], [ -1023059.0, 4682562.0 ], [ -1023055.0, 4682562.0 ], [ -1023051.0, 4682561.0 ], [ -1023044.0, 4682559.0 ], [ -1023039.0, 4682558.0 ], [ -1023034.0, 4682555.0 ], [ -1023028.0, 4682551.0 ], [ -1023022.0, 4682546.0 ], [ -1023016.0, 4682541.0 ], [ -1023009.0, 4682537.0 ], [ -1023006.0, 4682535.0 ], [ -1023002.0, 4682533.0 ], [ -1022999.0, 4682532.0 ], [ -1022995.0, 4682531.0 ], [ -1022992.0, 4682530.0 ], [ -1022988.0, 4682530.0 ], [ -1022980.0, 4682530.0 ], [ -1022949.0, 4682531.0 ], [ -1022934.0, 4682532.0 ], [ -1022918.0, 4682534.0 ], [ -1022902.0, 4682536.0 ], [ -1022885.0, 4682539.0 ], [ -1022869.0, 4682543.0 ], [ -1022853.0, 4682546.0 ], [ -1022849.0, 4682547.0 ], [ -1022845.0, 4682549.0 ], [ -1022838.0, 4682552.0 ], [ -1022834.0, 4682555.0 ], [ -1022831.0, 4682559.0 ], [ -1022826.0, 4682564.0 ], [ -1022824.0, 4682568.0 ], [ -1022823.0, 4682569.0 ], [ -1022822.0, 4682571.0 ], [ -1022820.0, 4682576.0 ], [ -1022818.0, 4682581.0 ], [ -1022817.0, 4682586.0 ], [ -1022817.0, 4682591.0 ], [ -1022816.0, 4682600.0 ], [ -1022816.0, 4682610.0 ], [ -1022816.0, 4682629.0 ], [ -1022816.0, 4682649.0 ], [ -1022816.0, 4682659.0 ], [ -1022815.0, 4682668.0 ], [ -1022815.0, 4682670.0 ], [ -1022814.0, 4682671.0 ], [ -1022813.0, 4682673.0 ], [ -1022811.0, 4682675.0 ], [ -1022809.0, 4682676.0 ], [ -1022808.0, 4682677.0 ], [ -1022805.0, 4682678.0 ], [ -1022804.0, 4682679.0 ], [ -1022802.0, 4682679.0 ], [ -1022801.0, 4682678.0 ], [ -1022799.0, 4682678.0 ], [ -1022797.0, 4682677.0 ], [ -1022795.0, 4682675.0 ], [ -1022791.0, 4682672.0 ], [ -1022788.0, 4682668.0 ], [ -1022785.0, 4682663.0 ], [ -1022772.0, 4682636.0 ], [ -1022747.0, 4682597.0 ], [ -1022723.0, 4682564.0 ], [ -1022705.0, 4682533.0 ], [ -1022703.0, 4682528.0 ], [ -1022699.0, 4682525.0 ], [ -1022694.0, 4682523.0 ], [ -1022688.0, 4682522.0 ], [ -1022648.0, 4682524.0 ], [ -1022622.0, 4682523.0 ], [ -1022606.0, 4682524.0 ], [ -1022527.0, 4682548.0 ], [ -1022515.0, 4682551.0 ], [ -1022503.0, 4682551.0 ], [ -1022484.0, 4682549.0 ], [ -1022465.0, 4682550.0 ], [ -1022447.0, 4682549.0 ], [ -1022391.0, 4682532.0 ], [ -1022363.0, 4682521.0 ], [ -1022335.0, 4682514.0 ], [ -1022328.0, 4682510.0 ], [ -1022323.0, 4682507.0 ], [ -1022320.0, 4682502.0 ], [ -1022318.0, 4682493.0 ], [ -1022315.0, 4682477.0 ], [ -1022313.0, 4682457.0 ], [ -1022308.0, 4682437.0 ], [ -1022302.0, 4682429.0 ], [ -1022291.0, 4682418.0 ], [ -1022278.0, 4682409.0 ], [ -1022265.0, 4682402.0 ], [ -1022251.0, 4682396.0 ], [ -1022236.0, 4682393.0 ], [ -1022225.0, 4682391.0 ], [ -1022212.0, 4682391.0 ], [ -1022194.0, 4682393.0 ], [ -1022176.0, 4682396.0 ], [ -1022160.0, 4682396.0 ], [ -1022135.0, 4682395.0 ], [ -1022111.0, 4682395.0 ], [ -1022090.0, 4682390.0 ], [ -1022066.0, 4682380.0 ], [ -1022046.0, 4682377.0 ], [ -1022025.0, 4682373.0 ], [ -1022000.0, 4682366.0 ], [ -1021979.0, 4682362.0 ], [ -1021943.0, 4682359.0 ], [ -1021926.0, 4682360.0 ], [ -1021910.0, 4682362.0 ] ] } },
{ "type": "Feature", "properties": { "source": 3991027444, "target": 3128759990, "ordering_random": 27, "length": 2065, "length_cumulative": 91482 }, "geometry": { "type": "LineString", "coordinates": [ [ -1020218.0, 4682536.0 ], [ -1020211.0, 4682532.0 ], [ -1020128.0, 4682488.0 ], [ -1020002.0, 4682443.0 ], [ -1019989.0, 4682439.0 ], [ -1019982.0, 4682433.0 ], [ -1019977.0, 4682428.0 ], [ -1019923.0, 4682381.0 ], [ -1019882.0, 4682348.0 ], [ -1019874.0, 4682340.0 ], [ -1019869.0, 4682336.0 ], [ -1019829.0, 4682298.0 ], [ -1019808.0, 4682277.0 ], [ -1019805.0, 4682267.0 ], [ -1019814.0, 4682262.0 ], [ -1019814.0, 4682260.0 ], [ -1019813.0, 4682255.0 ], [ -1019796.0, 4682260.0 ], [ -1019769.0, 4682268.0 ], [ -1019740.0, 4682276.0 ], [ -1019693.0, 4682289.0 ], [ -1019678.0, 4682293.0 ], [ -1019675.0, 4682293.0 ], [ -1019673.0, 4682294.0 ], [ -1019668.0, 4682295.0 ], [ -1019658.0, 4682297.0 ], [ -1019648.0, 4682299.0 ], [ -1019639.0, 4682301.0 ], [ -1019629.0, 4682301.0 ], [ -1019620.0, 4682301.0 ], [ -1019611.0, 4682301.0 ], [ -1019603.0, 4682302.0 ], [ -1019595.0, 4682303.0 ], [ -1019586.0, 4682306.0 ], [ -1019578.0, 4682308.0 ], [ -1019569.0, 4682310.0 ], [ -1019559.0, 4682312.0 ], [ -1019539.0, 4682315.0 ], [ -1019514.0, 4682319.0 ], [ -1019475.0, 4682325.0 ], [ -1019400.0, 4682336.0 ], [ -1019381.0, 4682340.0 ], [ -1019325.0, 4682348.0 ], [ -1019306.0, 4682350.0 ], [ -1019279.0, 4682331.0 ], [ -1019263.0, 4682333.0 ], [ -1019249.0, 4682334.0 ], [ -1019231.0, 4682338.0 ], [ -1019220.0, 4682338.0 ], [ -1019146.0, 4682344.0 ], [ -1019113.0, 4682347.0 ], [ -1018987.0, 4682357.0 ], [ -1018980.0, 4682357.0 ], [ -1018964.0, 4682358.0 ], [ -1018948.0, 4682360.0 ], [ -1018920.0, 4682362.0 ], [ -1018870.0, 4682366.0 ], [ -1018849.0, 4682367.0 ], [ -1018821.0, 4682367.0 ], [ -1018793.0, 4682369.0 ], [ -1018718.0, 4682375.0 ], [ -1018689.0, 4682378.0 ], [ -1018688.0, 4682370.0 ], [ -1018686.0, 4682362.0 ], [ -1018682.0, 4682353.0 ], [ -1018679.0, 4682345.0 ], [ -1018674.0, 4682338.0 ], [ -1018669.0, 4682330.0 ], [ -1018665.0, 4682324.0 ], [ -1018659.0, 4682317.0 ], [ -1018652.0, 4682310.0 ], [ -1018649.0, 4682307.0 ], [ -1018639.0, 4682299.0 ], [ -1018627.0, 4682291.0 ], [ -1018632.0, 4682280.0 ], [ -1018651.0, 4682241.0 ], [ -1018651.0, 4682239.0 ], [ -1018644.0, 4682235.0 ], [ -1018625.0, 4682226.0 ], [ -1018575.0, 4682148.0 ], [ -1018512.0, 4682054.0 ] ] } },
{ "type": "Feature", "properties": { "source": 2273528482, "target": 10573661628, "ordering_random": 28, "length": 4156, "length_cumulative": 95639 }, "geometry": { "type": "MultiLineString", "coordinates": [ [ [ -1012750.0, 4689512.0 ], [ -1012754.0, 4689511.0 ], [ -1012758.0, 4689510.0 ], [ -1012875.0, 4689511.0 ], [ -1012938.0, 4689507.0 ], [ -1013021.0, 4689499.0 ], [ -1013222.0, 4689487.0 ], [ -1013323.0, 4689480.0 ], [ -1013387.0, 4689478.0 ], [ -1013547.0, 4689466.0 ], [ -1013566.0, 4689464.0 ], [ -1013581.0, 4689460.0 ], [ -1013583.0, 4689462.0 ], [ -1013588.0, 4689463.0 ], [ -1013596.0, 4689464.0 ], [ -1013614.0, 4689464.0 ], [ -1013630.0, 4689460.0 ], [ -1013651.0, 4689447.0 ], [ -1013654.0, 4689438.0 ], [ -1013660.0, 4689433.0 ], [ -1013665.0, 4689426.0 ], [ -1013669.0, 4689418.0 ], [ -1013673.0, 4689411.0 ], [ -1013673.0, 4689409.0 ], [ -1013678.0, 4689400.0 ], [ -1013680.0, 4689397.0 ], [ -1013681.0, 4689395.0 ], [ -1013683.0, 4689394.0 ], [ -1013689.0, 4689387.0 ], [ -1013693.0, 4689383.0 ], [ -1013695.0, 4689382.0 ], [ -1013698.0, 4689378.0 ], [ -1013704.0, 4689375.0 ], [ -1013709.0, 4689371.0 ], [ -1013711.0, 4689369.0 ], [ -1013715.0, 4689367.0 ], [ -1013720.0, 4689364.0 ], [ -1013732.0, 4689364.0 ], [ -1013755.0, 4689369.0 ], [ -1013792.0, 4689378.0 ], [ -1013829.0, 4689389.0 ], [ -1013882.0, 4689406.0 ], [ -1013921.0, 4689425.0 ], [ -1013993.0, 4689459.0 ], [ -1014021.0, 4689479.0 ], [ -1014058.0, 4689507.0 ], [ -1014093.0, 4689536.0 ], [ -1014142.0, 4689580.0 ], [ -1014210.0, 4689634.0 ] ], [ [ -1014210.0, 4689634.0 ], [ -1014214.0, 4689637.0 ], [ -1014393.0, 4689775.0 ], [ -1014439.0, 4689813.0 ] ], [ [ -1014522.0, 4689877.0 ], [ -1014552.0, 4689900.0 ], [ -1014677.0, 4689996.0 ], [ -1014755.0, 4690056.0 ], [ -1014807.0, 4690096.0 ], [ -1014810.0, 4690099.0 ], [ -1014827.0, 4690111.0 ], [ -1014839.0, 4690120.0 ], [ -1014841.0, 4690122.0 ], [ -1014845.0, 4690117.0 ], [ -1014847.0, 4690115.0 ], [ -1014851.0, 4690110.0 ], [ -1014853.0, 4690112.0 ], [ -1014855.0, 4690114.0 ], [ -1014887.0, 4690138.0 ], [ -1014931.0, 4690174.0 ], [ -1014970.0, 4690201.0 ], [ -1015057.0, 4690271.0 ], [ -1015097.0, 4690298.0 ], [ -1015171.0, 4690353.0 ], [ -1015241.0, 4690410.0 ], [ -1015298.0, 4690453.0 ], [ -1015355.0, 4690494.0 ], [ -1015398.0, 4690528.0 ], [ -1015424.0, 4690549.0 ], [ -1015453.0, 4690573.0 ], [ -1015498.0, 4690600.0 ], [ -1015546.0, 4690625.0 ], [ -1015570.0, 4690632.0 ], [ -1015583.0, 4690637.0 ], [ -1015597.0, 4690638.0 ], [ -1015624.0, 4690636.0 ], [ -1015646.0, 4690630.0 ], [ -1015679.0, 4690619.0 ], [ -1015713.0, 4690608.0 ], [ -1015733.0, 4690603.0 ], [ -1015745.0, 4690601.0 ], [ -1015756.0, 4690599.0 ], [ -1015769.0, 4690598.0 ], [ -1015783.0, 4690598.0 ], [ -1015782.0, 4690587.0 ], [ -1015804.0, 4690586.0 ], [ -1015808.0, 4690585.0 ], [ -1015816.0, 4690585.0 ], [ -1015822.0, 4690585.0 ], [ -1015826.0, 4690587.0 ], [ -1015848.0, 4690592.0 ], [ -1015854.0, 4690593.0 ], [ -1015862.0, 4690593.0 ], [ -1015868.0, 4690591.0 ], [ -1015876.0, 4690585.0 ], [ -1015880.0, 4690580.0 ], [ -1015883.0, 4690568.0 ], [ -1015882.0, 4690556.0 ], [ -1015880.0, 4690549.0 ], [ -1015871.0, 4690539.0 ], [ -1015864.0, 4690536.0 ], [ -1015855.0, 4690534.0 ], [ -1015850.0, 4690533.0 ], [ -1015845.0, 4690531.0 ], [ -1015841.0, 4690529.0 ], [ -1015809.0, 4690521.0 ], [ -1015796.0, 4690511.0 ], [ -1015786.0, 4690496.0 ], [ -1015782.0, 4690486.0 ], [ -1015781.0, 4690473.0 ], [ -1015777.0, 4690462.0 ], [ -1015776.0, 4690454.0 ], [ -1015776.0, 4690441.0 ], [ -1015779.0, 4690428.0 ], [ -1015777.0, 4690403.0 ], [ -1015788.0, 4690402.0 ], [ -1015786.0, 4690378.0 ], [ -1015819.0, 4690376.0 ], [ -1015832.0, 4690374.0 ], [ -1015842.0, 4690370.0 ], [ -1015856.0, 4690370.0 ], [ -1015871.0, 4690370.0 ], [ -1015884.0, 4690370.0 ], [ -1015901.0, 4690371.0 ], [ -1015924.0, 4690375.0 ], [ -1015966.0, 4690387.0 ], [ -1016042.0, 4690408.0 ], [ -1016051.0, 4690416.0 ], [ -1016056.0, 4690424.0 ], [ -1016056.0, 4690435.0 ], [ -1016050.0, 4690464.0 ], [ -1016046.0, 4690477.0 ], [ -1016042.0, 4690483.0 ], [ -1016030.0, 4690491.0 ] ] ] } },
{ "type": "Feature", "properties": { "source": 9186301011, "target": 1730550086, "ordering_random": 29, "length": 3261, "length_cumulative": 98901 }, "geometry": { "type": "LineString", "coordinates": [ [ -1018059.0, 4689018.0 ], [ -1018079.0, 4688984.0 ], [ -1018104.0, 4688943.0 ], [ -1018121.0, 4688910.0 ], [ -1018127.0, 4688896.0 ], [ -1018138.0, 4688859.0 ], [ -1018152.0, 4688809.0 ], [ -1018160.0, 4688786.0 ], [ -1018163.0, 4688780.0 ], [ -1018168.0, 4688776.0 ], [ -1018178.0, 4688766.0 ], [ -1018188.0, 4688769.0 ], [ -1018192.0, 4688769.0 ], [ -1018200.0, 4688767.0 ], [ -1018207.0, 4688763.0 ], [ -1018212.0, 4688757.0 ], [ -1018216.0, 4688749.0 ], [ -1018217.0, 4688741.0 ], [ -1018226.0, 4688722.0 ], [ -1018240.0, 4688706.0 ], [ -1018253.0, 4688695.0 ], [ -1018279.0, 4688677.0 ], [ -1018291.0, 4688670.0 ], [ -1018312.0, 4688664.0 ], [ -1018321.0, 4688663.0 ], [ -1018330.0, 4688662.0 ], [ -1018357.0, 4688663.0 ], [ -1018374.0, 4688666.0 ], [ -1018401.0, 4688675.0 ], [ -1018402.0, 4688689.0 ], [ -1018418.0, 4688905.0 ], [ -1018432.0, 4689105.0 ], [ -1018428.0, 4689108.0 ], [ -1018422.0, 4689114.0 ], [ -1018418.0, 4689121.0 ], [ -1018413.0, 4689128.0 ], [ -1018411.0, 4689134.0 ], [ -1018409.0, 4689140.0 ], [ -1018407.0, 4689147.0 ], [ -1018406.0, 4689153.0 ], [ -1018406.0, 4689161.0 ], [ -1018406.0, 4689169.0 ], [ -1018408.0, 4689177.0 ], [ -1018410.0, 4689184.0 ], [ -1018413.0, 4689192.0 ], [ -1018417.0, 4689199.0 ], [ -1018419.0, 4689203.0 ], [ -1018378.0, 4689332.0 ], [ -1018369.0, 4689360.0 ], [ -1018350.0, 4689420.0 ], [ -1018348.0, 4689426.0 ], [ -1018346.0, 4689434.0 ], [ -1018344.0, 4689438.0 ], [ -1018290.0, 4689444.0 ], [ -1018257.0, 4689447.0 ], [ -1018241.0, 4689449.0 ], [ -1018231.0, 4689450.0 ], [ -1018229.0, 4689454.0 ], [ -1018228.0, 4689457.0 ], [ -1018226.0, 4689462.0 ], [ -1018126.0, 4689471.0 ], [ -1018053.0, 4689705.0 ], [ -1018046.0, 4689726.0 ], [ -1018040.0, 4689746.0 ], [ -1018006.0, 4689858.0 ], [ -1017979.0, 4689941.0 ], [ -1017974.0, 4689955.0 ], [ -1017944.0, 4690051.0 ], [ -1017939.0, 4690068.0 ], [ -1017926.0, 4690064.0 ], [ -1017854.0, 4690041.0 ], [ -1017839.0, 4690036.0 ], [ -1017700.0, 4689991.0 ], [ -1017688.0, 4689990.0 ], [ -1017678.0, 4689992.0 ], [ -1017671.0, 4689997.0 ], [ -1017665.0, 4690005.0 ], [ -1017561.0, 4690212.0 ], [ -1017558.0, 4690219.0 ], [ -1017555.0, 4690234.0 ], [ -1017554.0, 4690247.0 ], [ -1017555.0, 4690262.0 ], [ -1017560.0, 4690291.0 ], [ -1017572.0, 4690343.0 ], [ -1017579.0, 4690366.0 ], [ -1017585.0, 4690387.0 ], [ -1017594.0, 4690412.0 ], [ -1017604.0, 4690437.0 ], [ -1017614.0, 4690456.0 ], [ -1017626.0, 4690474.0 ], [ -1017655.0, 4690520.0 ], [ -1017663.0, 4690534.0 ], [ -1017692.0, 4690594.0 ], [ -1017724.0, 4690663.0 ], [ -1017731.0, 4690674.0 ], [ -1017734.0, 4690679.0 ], [ -1017739.0, 4690689.0 ], [ -1017760.0, 4690679.0 ] ] } },
{ "type": "Feature", "properties": { "source": 13432579767, "target": 1142766000, "ordering_random": 30, "length": 1341, "length_cumulative": 100242 }, "geometry": { "type": "LineString", "coordinates": [ [ -1012736.0, 4688888.0 ], [ -1012732.0, 4688930.0 ], [ -1012731.0, 4688946.0 ], [ -1012722.0, 4689098.0 ], [ -1012721.0, 4689109.0 ], [ -1012720.0, 4689134.0 ], [ -1012719.0, 4689151.0 ], [ -1012716.0, 4689190.0 ], [ -1012716.0, 4689200.0 ], [ -1012711.0, 4689276.0 ], [ -1012704.0, 4689391.0 ], [ -1012700.0, 4689447.0 ], [ -1012698.0, 4689479.0 ], [ -1012696.0, 4689518.0 ], [ -1012694.0, 4689551.0 ], [ -1012683.0, 4689707.0 ], [ -1012678.0, 4689790.0 ], [ -1012677.0, 4689799.0 ], [ -1012668.0, 4689809.0 ], [ -1012666.0, 4689838.0 ], [ -1012664.0, 4689868.0 ], [ -1012664.0, 4689873.0 ], [ -1012664.0, 4689878.0 ], [ -1012665.0, 4689883.0 ], [ -1012666.0, 4689887.0 ], [ -1012667.0, 4689891.0 ], [ -1012669.0, 4689897.0 ], [ -1012704.0, 4689971.0 ], [ -1012731.0, 4690029.0 ], [ -1012762.0, 4690097.0 ], [ -1012751.0, 4690102.0 ], [ -1012746.0, 4690104.0 ], [ -1012692.0, 4690129.0 ], [ -1012680.0, 4690134.0 ], [ -1012666.0, 4690140.0 ] ] } },
{ "type": "Feature", "properties": { "source": 417178863, "target": 12693359588, "ordering_random": 31, "length": 2708, "length_cumulative": 102950 }, "geometry": { "type": "LineString", "coordinates": [ [ -1022224.0, 4679010.0 ], [ -1022221.0, 4679017.0 ], [ -1022219.0, 4679023.0 ], [ -1022218.0, 4679030.0 ], [ -1022217.0, 4679036.0 ], [ -1022218.0, 4679042.0 ], [ -1022220.0, 4679048.0 ], [ -1022222.0, 4679054.0 ], [ -1022225.0, 4679059.0 ], [ -1022229.0, 4679064.0 ], [ -1022234.0, 4679068.0 ], [ -1022249.0, 4679081.0 ], [ -1022253.0, 4679085.0 ], [ -1022257.0, 4679090.0 ], [ -1022259.0, 4679095.0 ], [ -1022260.0, 4679101.0 ], [ -1022260.0, 4679107.0 ], [ -1022259.0, 4679113.0 ], [ -1022259.0, 4679115.0 ], [ -1022262.0, 4679116.0 ], [ -1022263.0, 4679117.0 ], [ -1022263.0, 4679119.0 ], [ -1022264.0, 4679121.0 ], [ -1022288.0, 4679127.0 ], [ -1022322.0, 4679138.0 ], [ -1022346.0, 4679145.0 ], [ -1022345.0, 4679147.0 ], [ -1022343.0, 4679153.0 ], [ -1022360.0, 4679159.0 ], [ -1022366.0, 4679163.0 ], [ -1022381.0, 4679179.0 ], [ -1022374.0, 4679184.0 ], [ -1022383.0, 4679200.0 ], [ -1022434.0, 4679296.0 ], [ -1022439.0, 4679304.0 ], [ -1022443.0, 4679312.0 ], [ -1022488.0, 4679397.0 ], [ -1022492.0, 4679406.0 ], [ -1022497.0, 4679415.0 ], [ -1022548.0, 4679512.0 ], [ -1022551.0, 4679518.0 ], [ -1022552.0, 4679520.0 ], [ -1022554.0, 4679522.0 ], [ -1022558.0, 4679530.0 ], [ -1022593.0, 4679597.0 ], [ -1022593.0, 4679605.0 ], [ -1022616.0, 4679607.0 ], [ -1022644.0, 4679610.0 ], [ -1022672.0, 4679614.0 ], [ -1022741.0, 4679625.0 ], [ -1022753.0, 4679627.0 ], [ -1022770.0, 4679632.0 ], [ -1022810.0, 4679638.0 ], [ -1022840.0, 4679644.0 ], [ -1022852.0, 4679646.0 ], [ -1022860.0, 4679647.0 ], [ -1022865.0, 4679648.0 ], [ -1022871.0, 4679648.0 ], [ -1022926.0, 4679639.0 ], [ -1023015.0, 4679627.0 ], [ -1023034.0, 4679625.0 ], [ -1023049.0, 4679634.0 ], [ -1023055.0, 4679641.0 ], [ -1023058.0, 4679645.0 ], [ -1023104.0, 4679702.0 ], [ -1023118.0, 4679718.0 ], [ -1023157.0, 4679764.0 ], [ -1023191.0, 4679805.0 ], [ -1023198.0, 4679814.0 ], [ -1023247.0, 4679857.0 ], [ -1023334.0, 4679932.0 ], [ -1023354.0, 4679949.0 ], [ -1023448.0, 4680031.0 ], [ -1023454.0, 4680037.0 ], [ -1023490.0, 4680065.0 ], [ -1023493.0, 4680067.0 ], [ -1023532.0, 4680091.0 ], [ -1023550.0, 4680102.0 ], [ -1023568.0, 4680113.0 ], [ -1023578.0, 4680118.0 ], [ -1023572.0, 4680132.0 ], [ -1023576.0, 4680136.0 ], [ -1023574.0, 4680140.0 ], [ -1023572.0, 4680144.0 ], [ -1023570.0, 4680152.0 ], [ -1023568.0, 4680160.0 ], [ -1023564.0, 4680178.0 ], [ -1023562.0, 4680190.0 ], [ -1023561.0, 4680195.0 ], [ -1023562.0, 4680199.0 ], [ -1023563.0, 4680202.0 ], [ -1023565.0, 4680206.0 ], [ -1023562.0, 4680215.0 ], [ -1023568.0, 4680217.0 ], [ -1023579.0, 4680220.0 ], [ -1023617.0, 4680227.0 ], [ -1023630.0, 4680235.0 ], [ -1023638.0, 4680253.0 ], [ -1023642.0, 4680285.0 ], [ -1023653.0, 4680336.0 ], [ -1023655.0, 4680346.0 ], [ -1023656.0, 4680353.0 ], [ -1023659.0, 4680382.0 ], [ -1023660.0, 4680394.0 ], [ -1023660.0, 4680402.0 ], [ -1023664.0, 4680496.0 ], [ -1023668.0, 4680608.0 ], [ -1023669.0, 4680621.0 ], [ -1023672.0, 4680677.0 ], [ -1023674.0, 4680696.0 ], [ -1023676.0, 4680706.0 ], [ -1023679.0, 4680715.0 ], [ -1023687.0, 4680719.0 ], [ -1023691.0, 4680724.0 ], [ -1023693.0, 4680726.0 ], [ -1023697.0, 4680735.0 ], [ -1023711.0, 4680744.0 ], [ -1023725.0, 4680752.0 ], [ -1023736.0, 4680754.0 ], [ -1023736.0, 4680758.0 ], [ -1023736.0, 4680769.0 ], [ -1023736.0, 4680776.0 ], [ -1023736.0, 4680779.0 ], [ -1023736.0, 4680790.0 ] ] } },
{ "type": "Feature", "properties": { "source": 10573661628, "target": 9186301011, "ordering_random": 32, "length": 451, "length_cumulative": 103402 }, "geometry": { "type": "LineString", "coordinates": [ [ -1018419.0, 4688665.0 ], [ -1018420.0, 4688676.0 ], [ -1018422.0, 4688693.0 ], [ -1018426.0, 4688749.0 ], [ -1018436.0, 4688903.0 ], [ -1018450.0, 4689094.0 ], [ -1018444.0, 4689097.0 ], [ -1018438.0, 4689101.0 ], [ -1018432.0, 4689105.0 ] ] } },
{ "type": "Feature", "properties": { "source": 1730550086, "target": 2165209268, "ordering_random": 33, "length": 1400, "length_cumulative": 104802 }, "geometry": { "type": "MultiLineString", "coordinates": [ [ [ -1018357.0, 4687554.0 ], [ -1018366.0, 4687561.0 ], [ -1018361.0, 4687593.0 ], [ -1018356.0, 4687637.0 ], [ -1018349.0, 4687671.0 ], [ -1018345.0, 4687679.0 ], [ -1018352.0, 4687681.0 ], [ -1018349.0, 4687686.0 ], [ -1018346.0, 4687691.0 ], [ -1018341.0, 4687696.0 ], [ -1018336.0, 4687699.0 ], [ -1018330.0, 4687703.0 ], [ -1018322.0, 4687705.0 ], [ -1018292.0, 4687713.0 ], [ -1018274.0, 4687713.0 ], [ -1018264.0, 4687714.0 ], [ -1018256.0, 4687716.0 ], [ -1018250.0, 4687718.0 ], [ -1018245.0, 4687721.0 ], [ -1018240.0, 4687725.0 ], [ -1018236.0, 4687730.0 ], [ -1018233.0, 4687737.0 ], [ -1018232.0, 4687744.0 ], [ -1018232.0, 4687752.0 ] ], [ [ -1018240.0, 4687773.0 ], [ -1018238.0, 4687797.0 ], [ -1018238.0, 4687801.0 ], [ -1018237.0, 4687805.0 ], [ -1018188.0, 4687947.0 ], [ -1018183.0, 4687961.0 ], [ -1018173.0, 4688010.0 ], [ -1018170.0, 4688044.0 ], [ -1018165.0, 4688073.0 ], [ -1018163.0, 4688107.0 ], [ -1018164.0, 4688140.0 ], [ -1018166.0, 4688167.0 ], [ -1018171.0, 4688196.0 ], [ -1018178.0, 4688218.0 ], [ -1018192.0, 4688255.0 ], [ -1018202.0, 4688291.0 ], [ -1018206.0, 4688305.0 ], [ -1018206.0, 4688322.0 ], [ -1018201.0, 4688340.0 ], [ -1018194.0, 4688358.0 ], [ -1018183.0, 4688379.0 ], [ -1018180.0, 4688385.0 ], [ -1018179.0, 4688392.0 ], [ -1018179.0, 4688398.0 ], [ -1018181.0, 4688405.0 ], [ -1018184.0, 4688410.0 ], [ -1018189.0, 4688415.0 ], [ -1018194.0, 4688419.0 ], [ -1018201.0, 4688421.0 ], [ -1018208.0, 4688422.0 ], [ -1018215.0, 4688420.0 ], [ -1018219.0, 4688426.0 ], [ -1018225.0, 4688434.0 ], [ -1018234.0, 4688451.0 ], [ -1018241.0, 4688477.0 ], [ -1018242.0, 4688488.0 ], [ -1018241.0, 4688499.0 ], [ -1018236.0, 4688517.0 ], [ -1018193.0, 4688628.0 ], [ -1018182.0, 4688659.0 ], [ -1018171.0, 4688679.0 ], [ -1018169.0, 4688694.0 ], [ -1018169.0, 4688696.0 ], [ -1018169.0, 4688725.0 ], [ -1018165.0, 4688732.0 ], [ -1018163.0, 4688740.0 ], [ -1018164.0, 4688749.0 ], [ -1018161.0, 4688764.0 ], [ -1018158.0, 4688772.0 ], [ -1018154.0, 4688784.0 ], [ -1018152.0, 4688809.0 ] ] ] } },
{ "type": "Feature", "properties": { "source": 417178863, "target": 12228962543, "ordering_random": 34, "length": 1053, "length_cumulative": 105855 }, "geometry": { "type": "LineString", "coordinates": [ [ -1021832.0, 4679307.0 ], [ -1021830.0, 4679306.0 ], [ -1021827.0, 4679304.0 ], [ -1021816.0, 4679295.0 ], [ -1021811.0, 4679292.0 ], [ -1021796.0, 4679265.0 ], [ -1021797.0, 4679264.0 ], [ -1021797.0, 4679263.0 ], [ -1021797.0, 4679262.0 ], [ -1021797.0, 4679260.0 ], [ -1021794.0, 4679256.0 ], [ -1021783.0, 4679239.0 ], [ -1021722.0, 4679148.0 ], [ -1021693.0, 4679103.0 ], [ -1021659.0, 4679052.0 ], [ -1021639.0, 4679066.0 ], [ -1021629.0, 4679072.0 ], [ -1021619.0, 4679079.0 ], [ -1021574.0, 4679108.0 ], [ -1021567.0, 4679112.0 ], [ -1021526.0, 4679138.0 ], [ -1021515.0, 4679145.0 ], [ -1021505.0, 4679152.0 ], [ -1021458.0, 4679077.0 ], [ -1021448.0, 4679075.0 ], [ -1021434.0, 4679074.0 ], [ -1021430.0, 4679078.0 ], [ -1021402.0, 4679122.0 ], [ -1021392.0, 4679138.0 ], [ -1021385.0, 4679149.0 ], [ -1021378.0, 4679156.0 ], [ -1021370.0, 4679164.0 ], [ -1021361.0, 4679169.0 ], [ -1021362.0, 4679161.0 ], [ -1021365.0, 4679152.0 ], [ -1021373.0, 4679137.0 ], [ -1021397.0, 4679096.0 ], [ -1021400.0, 4679090.0 ], [ -1021406.0, 4679075.0 ], [ -1021411.0, 4679061.0 ], [ -1021413.0, 4679053.0 ], [ -1021415.0, 4679039.0 ], [ -1021416.0, 4679031.0 ], [ -1021417.0, 4679018.0 ], [ -1021416.0, 4679005.0 ], [ -1021413.0, 4678989.0 ], [ -1021405.0, 4678973.0 ], [ -1021388.0, 4678900.0 ], [ -1021379.0, 4678863.0 ] ] } },
{ "type": "Feature", "properties": { "source": 12121162736, "target": 540137816, "ordering_random": 35, "length": 1882, "length_cumulative": 107738 }, "geometry": { "type": "LineString", "coordinates": [ [ -1014660.0, 4686873.0 ], [ -1014663.0, 4686865.0 ], [ -1014665.0, 4686861.0 ], [ -1014551.0, 4686817.0 ], [ -1014546.0, 4686810.0 ], [ -1014544.0, 4686805.0 ], [ -1014543.0, 4686800.0 ], [ -1014542.0, 4686794.0 ], [ -1014543.0, 4686789.0 ], [ -1014550.0, 4686773.0 ], [ -1014555.0, 4686761.0 ], [ -1014557.0, 4686754.0 ], [ -1014558.0, 4686749.0 ], [ -1014561.0, 4686738.0 ], [ -1014564.0, 4686732.0 ], [ -1014570.0, 4686722.0 ], [ -1014572.0, 4686721.0 ], [ -1014567.0, 4686705.0 ], [ -1014567.0, 4686703.0 ], [ -1014565.0, 4686700.0 ], [ -1014563.0, 4686697.0 ], [ -1014559.0, 4686690.0 ], [ -1014560.0, 4686688.0 ], [ -1014564.0, 4686681.0 ], [ -1014555.0, 4686667.0 ], [ -1014573.0, 4686619.0 ], [ -1014577.0, 4686603.0 ], [ -1014584.0, 4686575.0 ], [ -1014590.0, 4686532.0 ], [ -1014589.0, 4686504.0 ], [ -1014588.0, 4686482.0 ], [ -1014584.0, 4686450.0 ], [ -1014583.0, 4686436.0 ], [ -1014577.0, 4686404.0 ], [ -1014568.0, 4686352.0 ], [ -1014564.0, 4686311.0 ], [ -1014561.0, 4686278.0 ], [ -1014560.0, 4686254.0 ], [ -1014560.0, 4686235.0 ], [ -1014559.0, 4686205.0 ], [ -1014558.0, 4686157.0 ], [ -1014557.0, 4686109.0 ], [ -1014554.0, 4685927.0 ], [ -1014552.0, 4685836.0 ], [ -1014549.0, 4685689.0 ], [ -1014549.0, 4685673.0 ], [ -1014560.0, 4685666.0 ], [ -1014620.0, 4685606.0 ], [ -1014663.0, 4685564.0 ], [ -1014675.0, 4685552.0 ], [ -1014690.0, 4685537.0 ], [ -1014710.0, 4685512.0 ], [ -1014733.0, 4685486.0 ], [ -1014735.0, 4685481.0 ], [ -1014738.0, 4685476.0 ], [ -1014740.0, 4685474.0 ], [ -1014742.0, 4685472.0 ], [ -1014744.0, 4685470.0 ], [ -1014747.0, 4685460.0 ], [ -1014754.0, 4685431.0 ], [ -1014756.0, 4685405.0 ], [ -1014764.0, 4685282.0 ], [ -1014768.0, 4685263.0 ], [ -1014775.0, 4685253.0 ], [ -1014782.0, 4685246.0 ], [ -1014793.0, 4685241.0 ], [ -1014820.0, 4685234.0 ], [ -1014831.0, 4685230.0 ], [ -1014835.0, 4685224.0 ], [ -1014841.0, 4685219.0 ] ] } },
{ "type": "Feature", "properties": { "source": 10573661628, "target": 989695910, "ordering_random": 36, "length": 22, "length_cumulative": 107760 }, "geometry": { "type": "MultiLineString", "coordinates": [ [ [ -1014210.0, 4689634.0 ], [ -1014215.0, 4689617.0 ] ], [ [ -1014210.0, 4689634.0 ], [ -1014214.0, 4689637.0 ] ] ] } },
{ "type": "Feature", "properties": { "source": 8165092613, "target": 13050240823, "ordering_random": 37, "length": 1983, "length_cumulative": 109744 }, "geometry": { "type": "LineString", "coordinates": [ [ -1019342.0, 4687277.0 ], [ -1019339.0, 4687266.0 ], [ -1019337.0, 4687259.0 ], [ -1019304.0, 4687219.0 ], [ -1019297.0, 4687221.0 ], [ -1019290.0, 4687223.0 ], [ -1019280.0, 4687212.0 ], [ -1019250.0, 4687194.0 ], [ -1019232.0, 4687164.0 ], [ -1019218.0, 4687142.0 ], [ -1019173.0, 4687061.0 ], [ -1019164.0, 4687045.0 ], [ -1019149.0, 4687020.0 ], [ -1019130.0, 4686988.0 ], [ -1019107.0, 4686969.0 ], [ -1019078.0, 4686928.0 ], [ -1019062.0, 4686899.0 ], [ -1019053.0, 4686876.0 ], [ -1019047.0, 4686875.0 ], [ -1019040.0, 4686875.0 ], [ -1019026.0, 4686849.0 ], [ -1019018.0, 4686823.0 ], [ -1018954.0, 4686713.0 ], [ -1018926.0, 4686664.0 ], [ -1018883.0, 4686592.0 ], [ -1018878.0, 4686584.0 ], [ -1018875.0, 4686580.0 ], [ -1018871.0, 4686572.0 ], [ -1018864.0, 4686560.0 ], [ -1018860.0, 4686552.0 ], [ -1018825.0, 4686494.0 ], [ -1018782.0, 4686415.0 ], [ -1018743.0, 4686343.0 ], [ -1018731.0, 4686319.0 ], [ -1018695.0, 4686251.0 ], [ -1018681.0, 4686225.0 ], [ -1018676.0, 4686215.0 ], [ -1018643.0, 4686154.0 ], [ -1018626.0, 4686121.0 ], [ -1018603.0, 4686078.0 ], [ -1018584.0, 4686043.0 ], [ -1018482.0, 4685853.0 ], [ -1018439.0, 4685780.0 ], [ -1018416.0, 4685738.0 ], [ -1018410.0, 4685740.0 ], [ -1018384.0, 4685747.0 ], [ -1018361.0, 4685745.0 ], [ -1018355.0, 4685745.0 ], [ -1018348.0, 4685745.0 ], [ -1018343.0, 4685744.0 ], [ -1018338.0, 4685742.0 ], [ -1018335.0, 4685740.0 ], [ -1018331.0, 4685737.0 ], [ -1018327.0, 4685734.0 ], [ -1018324.0, 4685731.0 ], [ -1018322.0, 4685731.0 ], [ -1018318.0, 4685732.0 ], [ -1018314.0, 4685733.0 ], [ -1018312.0, 4685733.0 ], [ -1018307.0, 4685724.0 ], [ -1018306.0, 4685718.0 ], [ -1018305.0, 4685711.0 ], [ -1018302.0, 4685693.0 ], [ -1018300.0, 4685685.0 ], [ -1018299.0, 4685685.0 ] ] } },
{ "type": "Feature", "properties": { "source": 13005729519, "target": 12228962543, "ordering_random": 38, "length": 5069, "length_cumulative": 114814 }, "geometry": { "type": "LineString", "coordinates": [ [ -1016971.0, 4680223.0 ], [ -1016973.0, 4680222.0 ], [ -1016975.0, 4680222.0 ], [ -1016976.0, 4680221.0 ], [ -1016977.0, 4680221.0 ], [ -1016982.0, 4680219.0 ], [ -1016983.0, 4680219.0 ], [ -1016982.0, 4680217.0 ], [ -1016983.0, 4680217.0 ], [ -1016985.0, 4680216.0 ], [ -1017022.0, 4680204.0 ], [ -1017060.0, 4680193.0 ], [ -1017060.0, 4680192.0 ], [ -1017059.0, 4680190.0 ], [ -1017058.0, 4680188.0 ], [ -1017064.0, 4680186.0 ], [ -1017066.0, 4680186.0 ], [ -1017068.0, 4680185.0 ], [ -1017075.0, 4680183.0 ], [ -1017111.0, 4680172.0 ], [ -1017143.0, 4680162.0 ], [ -1017155.0, 4680158.0 ], [ -1017163.0, 4680156.0 ], [ -1017200.0, 4680144.0 ], [ -1017236.0, 4680133.0 ], [ -1017244.0, 4680131.0 ], [ -1017252.0, 4680128.0 ], [ -1017290.0, 4680116.0 ], [ -1017330.0, 4680104.0 ], [ -1017337.0, 4680102.0 ], [ -1017344.0, 4680100.0 ], [ -1017353.0, 4680096.0 ], [ -1017363.0, 4680092.0 ], [ -1017371.0, 4680086.0 ], [ -1017379.0, 4680080.0 ], [ -1017387.0, 4680074.0 ], [ -1017394.0, 4680067.0 ], [ -1017401.0, 4680059.0 ], [ -1017407.0, 4680051.0 ], [ -1017414.0, 4680039.0 ], [ -1017421.0, 4680028.0 ], [ -1017427.0, 4680015.0 ], [ -1017432.0, 4680003.0 ], [ -1017435.0, 4679992.0 ], [ -1017436.0, 4679990.0 ], [ -1017439.0, 4679977.0 ], [ -1017441.0, 4679972.0 ], [ -1017444.0, 4679968.0 ], [ -1017449.0, 4679963.0 ], [ -1017450.0, 4679962.0 ], [ -1017451.0, 4679960.0 ], [ -1017452.0, 4679957.0 ], [ -1017455.0, 4679944.0 ], [ -1017456.0, 4679940.0 ], [ -1017457.0, 4679938.0 ], [ -1017460.0, 4679936.0 ], [ -1017463.0, 4679933.0 ], [ -1017466.0, 4679931.0 ], [ -1017468.0, 4679931.0 ], [ -1017471.0, 4679930.0 ], [ -1017474.0, 4679930.0 ], [ -1017478.0, 4679931.0 ], [ -1017483.0, 4679931.0 ], [ -1017490.0, 4679932.0 ], [ -1017496.0, 4679932.0 ], [ -1017504.0, 4679932.0 ], [ -1017511.0, 4679932.0 ], [ -1017525.0, 4679932.0 ], [ -1017551.0, 4679931.0 ], [ -1017562.0, 4679930.0 ], [ -1017569.0, 4679930.0 ], [ -1017576.0, 4679930.0 ], [ -1017576.0, 4679928.0 ], [ -1017571.0, 4679875.0 ], [ -1017592.0, 4679868.0 ], [ -1017596.0, 4679870.0 ], [ -1017597.0, 4679867.0 ], [ -1017599.0, 4679865.0 ], [ -1017602.0, 4679864.0 ], [ -1017604.0, 4679864.0 ], [ -1017635.0, 4679871.0 ], [ -1017637.0, 4679870.0 ], [ -1017664.0, 4679862.0 ], [ -1017671.0, 4679857.0 ], [ -1017675.0, 4679856.0 ], [ -1017693.0, 4679850.0 ], [ -1017702.0, 4679847.0 ], [ -1017711.0, 4679845.0 ], [ -1017713.0, 4679844.0 ], [ -1017777.0, 4679824.0 ], [ -1017780.0, 4679822.0 ], [ -1017839.0, 4679805.0 ], [ -1017842.0, 4679767.0 ], [ -1017842.0, 4679761.0 ], [ -1017844.0, 4679761.0 ], [ -1017846.0, 4679761.0 ], [ -1017849.0, 4679761.0 ], [ -1017850.0, 4679748.0 ], [ -1017850.0, 4679747.0 ], [ -1017853.0, 4679747.0 ], [ -1017857.0, 4679747.0 ], [ -1017859.0, 4679746.0 ], [ -1017860.0, 4679746.0 ], [ -1017864.0, 4679744.0 ], [ -1017867.0, 4679742.0 ], [ -1017872.0, 4679736.0 ], [ -1017882.0, 4679717.0 ], [ -1017893.0, 4679710.0 ], [ -1017897.0, 4679708.0 ], [ -1017904.0, 4679705.0 ], [ -1017910.0, 4679704.0 ], [ -1017918.0, 4679705.0 ], [ -1017920.0, 4679701.0 ], [ -1017921.0, 4679699.0 ], [ -1017923.0, 4679694.0 ], [ -1017925.0, 4679691.0 ], [ -1017927.0, 4679688.0 ], [ -1017928.0, 4679686.0 ], [ -1017930.0, 4679682.0 ], [ -1017932.0, 4679683.0 ], [ -1017948.0, 4679684.0 ], [ -1017997.0, 4679686.0 ], [ -1018005.0, 4679686.0 ], [ -1018021.0, 4679686.0 ], [ -1018054.0, 4679687.0 ], [ -1018127.0, 4679689.0 ], [ -1018274.0, 4679693.0 ], [ -1018369.0, 4679694.0 ], [ -1018412.0, 4679696.0 ], [ -1018443.0, 4679697.0 ], [ -1018474.0, 4679698.0 ], [ -1018523.0, 4679698.0 ], [ -1018619.0, 4679718.0 ], [ -1018722.0, 4679720.0 ], [ -1018815.0, 4679704.0 ], [ -1018856.0, 4679705.0 ], [ -1018960.0, 4679708.0 ], [ -1019025.0, 4679709.0 ], [ -1019046.0, 4679710.0 ], [ -1019063.0, 4679710.0 ], [ -1019082.0, 4679709.0 ], [ -1019116.0, 4679706.0 ], [ -1019120.0, 4679705.0 ], [ -1019132.0, 4679704.0 ], [ -1019142.0, 4679702.0 ], [ -1019151.0, 4679700.0 ], [ -1019162.0, 4679698.0 ], [ -1019193.0, 4679690.0 ], [ -1019216.0, 4679682.0 ], [ -1019228.0, 4679677.0 ], [ -1019238.0, 4679672.0 ], [ -1019247.0, 4679668.0 ], [ -1019255.0, 4679663.0 ], [ -1019329.0, 4679617.0 ], [ -1019484.0, 4679523.0 ], [ -1019605.0, 4679451.0 ], [ -1019675.0, 4679414.0 ], [ -1019722.0, 4679394.0 ], [ -1019779.0, 4679370.0 ], [ -1019816.0, 4679360.0 ], [ -1019951.0, 4679324.0 ], [ -1019960.0, 4679321.0 ], [ -1019959.0, 4679319.0 ], [ -1019959.0, 4679316.0 ], [ -1019984.0, 4679309.0 ], [ -1019982.0, 4679304.0 ], [ -1019981.0, 4679299.0 ], [ -1019980.0, 4679294.0 ], [ -1019975.0, 4679275.0 ], [ -1019974.0, 4679260.0 ], [ -1019972.0, 4679253.0 ], [ -1020003.0, 4679245.0 ], [ -1020010.0, 4679243.0 ], [ -1020019.0, 4679242.0 ], [ -1020058.0, 4679240.0 ], [ -1020080.0, 4679241.0 ], [ -1020091.0, 4679244.0 ], [ -1020105.0, 4679250.0 ], [ -1020116.0, 4679253.0 ], [ -1020139.0, 4679255.0 ], [ -1020155.0, 4679256.0 ], [ -1020154.0, 4679240.0 ], [ -1020172.0, 4679239.0 ], [ -1020182.0, 4679239.0 ], [ -1020281.0, 4679240.0 ], [ -1020444.0, 4679203.0 ], [ -1020746.0, 4679131.0 ], [ -1021116.0, 4679045.0 ], [ -1021177.0, 4679031.0 ], [ -1021226.0, 4679020.0 ], [ -1021308.0, 4679001.0 ], [ -1021297.0, 4678952.0 ], [ -1021293.0, 4678932.0 ], [ -1021304.0, 4678930.0 ], [ -1021291.0, 4678873.0 ], [ -1021287.0, 4678857.0 ], [ -1021283.0, 4678840.0 ], [ -1021277.0, 4678813.0 ], [ -1021263.0, 4678792.0 ], [ -1021261.0, 4678790.0 ] ] } },
{ "type": "Feature", "properties": { "source": 9812111192, "target": 989695910, "ordering_random": 39, "length": 2240, "length_cumulative": 117054 }, "geometry": { "type": "MultiLineString", "coordinates": [ [ [ -1014505.0, 4690219.0 ], [ -1014577.0, 4690125.0 ], [ -1014601.0, 4690095.0 ], [ -1014656.0, 4690024.0 ], [ -1014669.0, 4690006.0 ], [ -1014677.0, 4689996.0 ] ], [ [ -1014855.0, 4690114.0 ], [ -1014879.0, 4690105.0 ], [ -1014892.0, 4690097.0 ], [ -1014910.0, 4690073.0 ], [ -1014919.0, 4690061.0 ], [ -1014921.0, 4690057.0 ], [ -1014932.0, 4690040.0 ], [ -1014940.0, 4690026.0 ], [ -1014955.0, 4689997.0 ], [ -1014968.0, 4689967.0 ], [ -1014977.0, 4689943.0 ], [ -1014979.0, 4689938.0 ], [ -1014980.0, 4689933.0 ], [ -1014985.0, 4689919.0 ], [ -1014992.0, 4689888.0 ], [ -1014995.0, 4689872.0 ], [ -1014998.0, 4689852.0 ], [ -1015000.0, 4689839.0 ], [ -1015003.0, 4689821.0 ], [ -1015003.0, 4689816.0 ], [ -1015003.0, 4689811.0 ], [ -1015003.0, 4689805.0 ], [ -1015005.0, 4689783.0 ], [ -1015008.0, 4689761.0 ], [ -1015008.0, 4689758.0 ], [ -1015009.0, 4689743.0 ], [ -1015009.0, 4689740.0 ], [ -1015009.0, 4689731.0 ], [ -1015008.0, 4689710.0 ], [ -1015008.0, 4689708.0 ], [ -1015007.0, 4689702.0 ], [ -1015007.0, 4689696.0 ], [ -1015007.0, 4689685.0 ], [ -1015006.0, 4689683.0 ], [ -1015004.0, 4689657.0 ], [ -1015000.0, 4689631.0 ], [ -1014997.0, 4689612.0 ], [ -1014996.0, 4689605.0 ], [ -1014990.0, 4689579.0 ], [ -1014987.0, 4689567.0 ], [ -1014979.0, 4689541.0 ], [ -1014971.0, 4689516.0 ], [ -1014968.0, 4689509.0 ], [ -1014963.0, 4689496.0 ], [ -1014961.0, 4689491.0 ], [ -1014960.0, 4689488.0 ], [ -1014958.0, 4689485.0 ], [ -1014956.0, 4689479.0 ], [ -1014954.0, 4689474.0 ], [ -1014951.0, 4689467.0 ], [ -1014948.0, 4689462.0 ], [ -1014942.0, 4689451.0 ], [ -1014939.0, 4689444.0 ], [ -1014934.0, 4689436.0 ], [ -1014930.0, 4689428.0 ], [ -1014926.0, 4689420.0 ], [ -1014920.0, 4689411.0 ], [ -1014912.0, 4689398.0 ], [ -1014912.0, 4689397.0 ], [ -1014911.0, 4689396.0 ], [ -1014899.0, 4689379.0 ], [ -1014893.0, 4689370.0 ], [ -1014889.0, 4689365.0 ], [ -1014880.0, 4689352.0 ], [ -1014878.0, 4689350.0 ], [ -1014863.0, 4689330.0 ], [ -1014846.0, 4689312.0 ], [ -1014839.0, 4689304.0 ], [ -1014838.0, 4689304.0 ], [ -1014837.0, 4689302.0 ], [ -1014835.0, 4689301.0 ], [ -1014827.0, 4689292.0 ], [ -1014821.0, 4689286.0 ], [ -1014815.0, 4689281.0 ], [ -1014809.0, 4689275.0 ], [ -1014804.0, 4689271.0 ], [ -1014794.0, 4689262.0 ], [ -1014787.0, 4689256.0 ], [ -1014770.0, 4689242.0 ], [ -1014764.0, 4689238.0 ], [ -1014763.0, 4689236.0 ], [ -1014754.0, 4689230.0 ], [ -1014746.0, 4689224.0 ], [ -1014741.0, 4689221.0 ], [ -1014732.0, 4689215.0 ], [ -1014723.0, 4689209.0 ], [ -1014714.0, 4689203.0 ], [ -1014712.0, 4689202.0 ], [ -1014691.0, 4689191.0 ], [ -1014670.0, 4689179.0 ], [ -1014649.0, 4689169.0 ], [ -1014637.0, 4689164.0 ], [ -1014613.0, 4689154.0 ], [ -1014588.0, 4689146.0 ], [ -1014578.0, 4689143.0 ], [ -1014573.0, 4689141.0 ], [ -1014568.0, 4689139.0 ], [ -1014563.0, 4689138.0 ], [ -1014545.0, 4689134.0 ], [ -1014538.0, 4689133.0 ], [ -1014530.0, 4689131.0 ], [ -1014527.0, 4689131.0 ], [ -1014531.0, 4689104.0 ], [ -1014531.0, 4689099.0 ], [ -1014532.0, 4689096.0 ], [ -1014532.0, 4689093.0 ], [ -1014542.0, 4689024.0 ], [ -1014543.0, 4689017.0 ], [ -1014544.0, 4689009.0 ], [ -1014543.0, 4689002.0 ], [ -1014541.0, 4688995.0 ], [ -1014537.0, 4688989.0 ], [ -1014533.0, 4688984.0 ], [ -1014529.0, 4688980.0 ], [ -1014528.0, 4688979.0 ], [ -1014523.0, 4688976.0 ], [ -1014525.0, 4688959.0 ], [ -1014531.0, 4688923.0 ], [ -1014531.0, 4688917.0 ], [ -1014534.0, 4688902.0 ], [ -1014535.0, 4688889.0 ], [ -1014541.0, 4688850.0 ], [ -1014543.0, 4688839.0 ], [ -1014545.0, 4688827.0 ], [ -1014549.0, 4688794.0 ], [ -1014551.0, 4688783.0 ], [ -1014559.0, 4688731.0 ], [ -1014560.0, 4688729.0 ], [ -1014560.0, 4688725.0 ], [ -1014563.0, 4688707.0 ], [ -1014565.0, 4688703.0 ], [ -1014567.0, 4688701.0 ], [ -1014568.0, 4688700.0 ], [ -1014571.0, 4688699.0 ], [ -1014580.0, 4688699.0 ], [ -1014580.0, 4688696.0 ], [ -1014580.0, 4688692.0 ], [ -1014581.0, 4688687.0 ], [ -1014581.0, 4688686.0 ], [ -1014582.0, 4688677.0 ], [ -1014582.0, 4688676.0 ], [ -1014588.0, 4688675.0 ], [ -1014602.0, 4688673.0 ], [ -1014602.0, 4688671.0 ], [ -1014601.0, 4688667.0 ] ], [ [ -1014601.0, 4688667.0 ], [ -1014600.0, 4688662.0 ], [ -1014599.0, 4688657.0 ], [ -1014599.0, 4688654.0 ], [ -1014607.0, 4688652.0 ], [ -1014613.0, 4688649.0 ], [ -1014616.0, 4688645.0 ], [ -1014618.0, 4688639.0 ], [ -1014622.0, 4688602.0 ], [ -1014621.0, 4688597.0 ], [ -1014568.0, 4688590.0 ], [ -1014562.0, 4688587.0 ], [ -1014526.0, 4688583.0 ], [ -1014527.0, 4688579.0 ], [ -1014528.0, 4688573.0 ] ] ] } },
{ "type": "Feature", "properties": { "source": 540137816, "target": 582778401, "ordering_random": 40, "length": 2919, "length_cumulative": 119973 }, "geometry": { "type": "LineString", "coordinates": [ [ -1016603.0, 4683612.0 ], [ -1016607.0, 4683667.0 ], [ -1016605.0, 4683675.0 ], [ -1016596.0, 4683684.0 ], [ -1016575.0, 4683698.0 ], [ -1016567.0, 4683703.0 ], [ -1016585.0, 4683731.0 ], [ -1016606.0, 4683761.0 ], [ -1016612.0, 4683771.0 ], [ -1016611.0, 4683772.0 ], [ -1016608.0, 4683774.0 ], [ -1016605.0, 4683777.0 ], [ -1016604.0, 4683778.0 ], [ -1016602.0, 4683779.0 ], [ -1016600.0, 4683782.0 ], [ -1016597.0, 4683785.0 ], [ -1016595.0, 4683788.0 ], [ -1016593.0, 4683792.0 ], [ -1016592.0, 4683795.0 ], [ -1016590.0, 4683798.0 ], [ -1016589.0, 4683802.0 ], [ -1016588.0, 4683806.0 ], [ -1016588.0, 4683809.0 ], [ -1016587.0, 4683813.0 ], [ -1016587.0, 4683817.0 ], [ -1016587.0, 4683821.0 ], [ -1016587.0, 4683824.0 ], [ -1016588.0, 4683828.0 ], [ -1016589.0, 4683832.0 ], [ -1016590.0, 4683835.0 ], [ -1016591.0, 4683839.0 ], [ -1016593.0, 4683842.0 ], [ -1016593.0, 4683843.0 ], [ -1016578.0, 4683851.0 ], [ -1016483.0, 4683899.0 ], [ -1016483.0, 4683907.0 ], [ -1016483.0, 4683910.0 ], [ -1016480.0, 4683996.0 ], [ -1016480.0, 4684027.0 ], [ -1016480.0, 4684031.0 ], [ -1016479.0, 4684041.0 ], [ -1016451.0, 4684043.0 ], [ -1016384.0, 4684048.0 ], [ -1016351.0, 4684051.0 ], [ -1016311.0, 4684054.0 ], [ -1016302.0, 4684055.0 ], [ -1016294.0, 4684058.0 ], [ -1016286.0, 4684062.0 ], [ -1016278.0, 4684067.0 ], [ -1016271.0, 4684073.0 ], [ -1016266.0, 4684080.0 ], [ -1016261.0, 4684087.0 ], [ -1016257.0, 4684095.0 ], [ -1016255.0, 4684104.0 ], [ -1016253.0, 4684111.0 ], [ -1016250.0, 4684113.0 ], [ -1016248.0, 4684115.0 ], [ -1016245.0, 4684116.0 ], [ -1016241.0, 4684117.0 ], [ -1016235.0, 4684117.0 ], [ -1016230.0, 4684117.0 ], [ -1016225.0, 4684116.0 ], [ -1016218.0, 4684114.0 ], [ -1016214.0, 4684112.0 ], [ -1016209.0, 4684109.0 ], [ -1016201.0, 4684106.0 ], [ -1016196.0, 4684105.0 ], [ -1016191.0, 4684104.0 ], [ -1016187.0, 4684104.0 ], [ -1016183.0, 4684104.0 ], [ -1016178.0, 4684105.0 ], [ -1016122.0, 4684122.0 ], [ -1016108.0, 4684127.0 ], [ -1016095.0, 4684132.0 ], [ -1016089.0, 4684134.0 ], [ -1016083.0, 4684137.0 ], [ -1016078.0, 4684140.0 ], [ -1016072.0, 4684143.0 ], [ -1016069.0, 4684145.0 ], [ -1016062.0, 4684149.0 ], [ -1016044.0, 4684161.0 ], [ -1016039.0, 4684164.0 ], [ -1016033.0, 4684166.0 ], [ -1016025.0, 4684166.0 ], [ -1016014.0, 4684163.0 ], [ -1016003.0, 4684156.0 ], [ -1015991.0, 4684152.0 ], [ -1015979.0, 4684150.0 ], [ -1015961.0, 4684151.0 ], [ -1015944.0, 4684158.0 ], [ -1015930.0, 4684169.0 ], [ -1015927.0, 4684172.0 ], [ -1015922.0, 4684179.0 ], [ -1015918.0, 4684187.0 ], [ -1015915.0, 4684196.0 ], [ -1015913.0, 4684211.0 ], [ -1015914.0, 4684226.0 ], [ -1015903.0, 4684240.0 ], [ -1015898.0, 4684245.0 ], [ -1015875.0, 4684260.0 ], [ -1015861.0, 4684268.0 ], [ -1015850.0, 4684276.0 ], [ -1015836.0, 4684286.0 ], [ -1015804.0, 4684312.0 ], [ -1015678.0, 4684405.0 ], [ -1015673.0, 4684409.0 ], [ -1015667.0, 4684416.0 ], [ -1015662.0, 4684426.0 ], [ -1015658.0, 4684434.0 ], [ -1015656.0, 4684443.0 ], [ -1015655.0, 4684490.0 ], [ -1015654.0, 4684516.0 ], [ -1015653.0, 4684535.0 ], [ -1015650.0, 4684545.0 ], [ -1015648.0, 4684550.0 ], [ -1015646.0, 4684554.0 ], [ -1015637.0, 4684566.0 ], [ -1015630.0, 4684574.0 ], [ -1015612.0, 4684585.0 ], [ -1015602.0, 4684588.0 ], [ -1015596.0, 4684591.0 ], [ -1015587.0, 4684592.0 ], [ -1015537.0, 4684592.0 ], [ -1015442.0, 4684581.0 ], [ -1015426.0, 4684580.0 ], [ -1015409.0, 4684579.0 ], [ -1015401.0, 4684578.0 ], [ -1015379.0, 4684579.0 ], [ -1015358.0, 4684580.0 ], [ -1015336.0, 4684582.0 ], [ -1015315.0, 4684586.0 ], [ -1015294.0, 4684591.0 ], [ -1015274.0, 4684596.0 ], [ -1015254.0, 4684603.0 ], [ -1015234.0, 4684611.0 ], [ -1015214.0, 4684620.0 ], [ -1015195.0, 4684631.0 ], [ -1015177.0, 4684642.0 ], [ -1015159.0, 4684654.0 ], [ -1015142.0, 4684667.0 ], [ -1015112.0, 4684694.0 ], [ -1015098.0, 4684707.0 ], [ -1015092.0, 4684716.0 ], [ -1015070.0, 4684737.0 ], [ -1015048.0, 4684759.0 ], [ -1015034.0, 4684772.0 ], [ -1015019.0, 4684786.0 ], [ -1015015.0, 4684789.0 ], [ -1015002.0, 4684801.0 ], [ -1014989.0, 4684825.0 ], [ -1014981.0, 4684838.0 ], [ -1014967.0, 4684864.0 ], [ -1014960.0, 4684892.0 ], [ -1014959.0, 4684897.0 ], [ -1014957.0, 4684905.0 ], [ -1014956.0, 4684932.0 ], [ -1014956.0, 4684942.0 ], [ -1014956.0, 4685023.0 ], [ -1014956.0, 4685054.0 ], [ -1014956.0, 4685071.0 ], [ -1014950.0, 4685081.0 ], [ -1014943.0, 4685088.0 ], [ -1014936.0, 4685093.0 ], [ -1014928.0, 4685096.0 ], [ -1014924.0, 4685100.0 ], [ -1014921.0, 4685104.0 ], [ -1014920.0, 4685109.0 ], [ -1014920.0, 4685115.0 ], [ -1014918.0, 4685144.0 ], [ -1014915.0, 4685204.0 ], [ -1014915.0, 4685209.0 ], [ -1014914.0, 4685214.0 ], [ -1014912.0, 4685220.0 ], [ -1014903.0, 4685224.0 ], [ -1014897.0, 4685226.0 ], [ -1014891.0, 4685228.0 ], [ -1014878.0, 4685231.0 ], [ -1014873.0, 4685224.0 ], [ -1014866.0, 4685219.0 ], [ -1014858.0, 4685217.0 ], [ -1014849.0, 4685217.0 ], [ -1014841.0, 4685219.0 ] ] } },
{ "type": "Feature", "properties": { "source": 1301476578, "target": 13698132595, "ordering_random": 41, "length": 2150, "length_cumulative": 122124 }, "geometry": { "type": "LineString", "coordinates": [ [ -1021332.0, 4689230.0 ], [ -1021345.0, 4689257.0 ], [ -1021347.0, 4689261.0 ], [ -1021313.0, 4689277.0 ], [ -1021304.0, 4689280.0 ], [ -1021294.0, 4689280.0 ], [ -1021277.0, 4689275.0 ], [ -1021159.0, 4689213.0 ], [ -1021152.0, 4689219.0 ], [ -1021141.0, 4689231.0 ], [ -1021121.0, 4689260.0 ], [ -1021085.0, 4689292.0 ], [ -1021064.0, 4689296.0 ], [ -1021052.0, 4689305.0 ], [ -1021033.0, 4689319.0 ], [ -1021019.0, 4689321.0 ], [ -1020990.0, 4689330.0 ], [ -1020971.0, 4689327.0 ], [ -1020959.0, 4689326.0 ], [ -1020940.0, 4689327.0 ], [ -1020935.0, 4689327.0 ], [ -1020931.0, 4689325.0 ], [ -1020929.0, 4689323.0 ], [ -1020927.0, 4689321.0 ], [ -1020921.0, 4689325.0 ], [ -1020913.0, 4689327.0 ], [ -1020833.0, 4689340.0 ], [ -1020800.0, 4689343.0 ], [ -1020746.0, 4689345.0 ], [ -1020664.0, 4689346.0 ], [ -1020653.0, 4689348.0 ], [ -1020644.0, 4689350.0 ], [ -1020634.0, 4689355.0 ], [ -1020624.0, 4689362.0 ], [ -1020605.0, 4689376.0 ], [ -1020590.0, 4689383.0 ], [ -1020568.0, 4689390.0 ], [ -1020556.0, 4689392.0 ], [ -1020551.0, 4689393.0 ], [ -1020541.0, 4689394.0 ], [ -1020411.0, 4689399.0 ], [ -1020398.0, 4689401.0 ], [ -1020382.0, 4689406.0 ], [ -1020370.0, 4689412.0 ], [ -1020359.0, 4689413.0 ], [ -1020348.0, 4689415.0 ], [ -1020279.0, 4689414.0 ], [ -1020212.0, 4689416.0 ], [ -1020214.0, 4689408.0 ], [ -1020223.0, 4689347.0 ], [ -1020117.0, 4689364.0 ], [ -1020107.0, 4689361.0 ], [ -1020100.0, 4689352.0 ], [ -1020093.0, 4689355.0 ], [ -1020088.0, 4689356.0 ], [ -1020078.0, 4689355.0 ], [ -1020057.0, 4689354.0 ], [ -1020055.0, 4689368.0 ], [ -1020038.0, 4689367.0 ], [ -1020016.0, 4689366.0 ], [ -1020013.0, 4689366.0 ], [ -1020009.0, 4689366.0 ], [ -1020005.0, 4689367.0 ], [ -1019987.0, 4689371.0 ], [ -1019972.0, 4689339.0 ], [ -1019959.0, 4689312.0 ], [ -1019934.0, 4689276.0 ], [ -1019917.0, 4689263.0 ], [ -1019914.0, 4689265.0 ], [ -1019913.0, 4689263.0 ], [ -1019916.0, 4689261.0 ], [ -1019913.0, 4689255.0 ], [ -1019899.0, 4689263.0 ], [ -1019886.0, 4689268.0 ], [ -1019882.0, 4689270.0 ], [ -1019878.0, 4689261.0 ], [ -1019876.0, 4689257.0 ], [ -1019874.0, 4689254.0 ], [ -1019826.0, 4689146.0 ], [ -1019825.0, 4689142.0 ], [ -1019823.0, 4689136.0 ], [ -1019818.0, 4689125.0 ], [ -1019814.0, 4689120.0 ], [ -1019812.0, 4689116.0 ], [ -1019809.0, 4689112.0 ], [ -1019805.0, 4689107.0 ], [ -1019802.0, 4689101.0 ], [ -1019789.0, 4689071.0 ], [ -1019778.0, 4689076.0 ], [ -1019771.0, 4689080.0 ], [ -1019768.0, 4689074.0 ], [ -1019759.0, 4689054.0 ], [ -1019753.0, 4689042.0 ], [ -1019745.0, 4689044.0 ], [ -1019736.0, 4689046.0 ], [ -1019715.0, 4689051.0 ], [ -1019687.0, 4689057.0 ], [ -1019664.0, 4689057.0 ], [ -1019645.0, 4689054.0 ] ] } },
{ "type": "Feature", "properties": { "source": 7167936371, "target": 6522353440, "ordering_random": 42, "length": 1665, "length_cumulative": 123790 }, "geometry": { "type": "LineString", "coordinates": [ [ -1021357.0, 4687135.0 ], [ -1021372.0, 4687117.0 ], [ -1021390.0, 4687096.0 ], [ -1021429.0, 4687046.0 ], [ -1021412.0, 4687017.0 ], [ -1021429.0, 4686988.0 ], [ -1021506.0, 4686971.0 ], [ -1021522.0, 4686967.0 ], [ -1021528.0, 4686958.0 ], [ -1021533.0, 4686952.0 ], [ -1021538.0, 4686948.0 ], [ -1021543.0, 4686946.0 ], [ -1021548.0, 4686944.0 ], [ -1021556.0, 4686943.0 ], [ -1021633.0, 4686933.0 ], [ -1021642.0, 4686932.0 ], [ -1021648.0, 4686930.0 ], [ -1021652.0, 4686927.0 ], [ -1021656.0, 4686922.0 ], [ -1021658.0, 4686917.0 ], [ -1021659.0, 4686913.0 ], [ -1021663.0, 4686915.0 ], [ -1021663.0, 4686907.0 ], [ -1021661.0, 4686886.0 ], [ -1021629.0, 4686853.0 ], [ -1021606.0, 4686827.0 ], [ -1021597.0, 4686807.0 ], [ -1021587.0, 4686795.0 ], [ -1021590.0, 4686792.0 ], [ -1021589.0, 4686776.0 ], [ -1021585.0, 4686769.0 ], [ -1021630.0, 4686743.0 ], [ -1021643.0, 4686735.0 ], [ -1021659.0, 4686725.0 ], [ -1021724.0, 4686687.0 ], [ -1021782.0, 4686652.0 ], [ -1021793.0, 4686645.0 ], [ -1021855.0, 4686608.0 ], [ -1021916.0, 4686571.0 ], [ -1021926.0, 4686563.0 ], [ -1021939.0, 4686549.0 ], [ -1021952.0, 4686530.0 ], [ -1021959.0, 4686516.0 ], [ -1021964.0, 4686499.0 ], [ -1021968.0, 4686482.0 ], [ -1021968.0, 4686462.0 ], [ -1021966.0, 4686442.0 ], [ -1021962.0, 4686428.0 ], [ -1021953.0, 4686399.0 ], [ -1021945.0, 4686371.0 ], [ -1021929.0, 4686318.0 ], [ -1021922.0, 4686273.0 ], [ -1021919.0, 4686252.0 ], [ -1021919.0, 4686218.0 ], [ -1021911.0, 4686182.0 ], [ -1021908.0, 4686138.0 ], [ -1021907.0, 4686091.0 ], [ -1021907.0, 4686070.0 ], [ -1021907.0, 4686061.0 ], [ -1021907.0, 4686050.0 ], [ -1021911.0, 4685982.0 ], [ -1021914.0, 4685953.0 ], [ -1021904.0, 4685952.0 ], [ -1021903.0, 4685944.0 ], [ -1021904.0, 4685938.0 ] ] } },
{ "type": "Feature", "properties": { "source": 433042892, "target": 9035567849, "ordering_random": 43, "length": 1760, "length_cumulative": 125550 }, "geometry": { "type": "LineString", "coordinates": [ [ -1024054.0, 4682120.0 ], [ -1024056.0, 4682175.0 ], [ -1024068.0, 4682175.0 ], [ -1024071.0, 4682175.0 ], [ -1024096.0, 4682172.0 ], [ -1024104.0, 4682171.0 ], [ -1024114.0, 4682173.0 ], [ -1024126.0, 4682178.0 ], [ -1024140.0, 4682188.0 ], [ -1024157.0, 4682198.0 ], [ -1024170.0, 4682211.0 ], [ -1024194.0, 4682248.0 ], [ -1024212.0, 4682274.0 ], [ -1024299.0, 4682395.0 ], [ -1024317.0, 4682421.0 ], [ -1024379.0, 4682505.0 ], [ -1024398.0, 4682529.0 ], [ -1024405.0, 4682548.0 ], [ -1024427.0, 4682580.0 ], [ -1024444.0, 4682598.0 ], [ -1024467.0, 4682610.0 ], [ -1024493.0, 4682614.0 ], [ -1024547.0, 4682607.0 ], [ -1024602.0, 4682601.0 ], [ -1024660.0, 4682604.0 ], [ -1024754.0, 4682612.0 ], [ -1024892.0, 4682628.0 ], [ -1024928.0, 4682653.0 ], [ -1024987.0, 4682700.0 ], [ -1024997.0, 4682708.0 ], [ -1025024.0, 4682733.0 ], [ -1025041.0, 4682766.0 ], [ -1025044.0, 4682804.0 ], [ -1025047.0, 4682847.0 ], [ -1025052.0, 4682882.0 ], [ -1025055.0, 4682892.0 ], [ -1025059.0, 4682901.0 ], [ -1025115.0, 4682990.0 ], [ -1025153.0, 4682932.0 ], [ -1025160.0, 4682917.0 ], [ -1025167.0, 4682886.0 ], [ -1025170.0, 4682849.0 ], [ -1025162.0, 4682809.0 ], [ -1025168.0, 4682807.0 ] ] } },
{ "type": "Feature", "properties": { "source": 3991027444, "target": 25877766, "ordering_random": 44, "length": 2106, "length_cumulative": 127656 }, "geometry": { "type": "LineString", "coordinates": [ [ -1018512.0, 4682054.0 ], [ -1018501.0, 4682039.0 ], [ -1018480.0, 4682049.0 ], [ -1018432.0, 4682081.0 ], [ -1018423.0, 4682087.0 ], [ -1018397.0, 4682105.0 ], [ -1018383.0, 4682114.0 ], [ -1018369.0, 4682124.0 ], [ -1018344.0, 4682141.0 ], [ -1018334.0, 4682148.0 ], [ -1018284.0, 4682182.0 ], [ -1018279.0, 4682186.0 ], [ -1018274.0, 4682179.0 ], [ -1018271.0, 4682175.0 ], [ -1018251.0, 4682144.0 ], [ -1018243.0, 4682149.0 ], [ -1018241.0, 4682151.0 ], [ -1018239.0, 4682152.0 ], [ -1018223.0, 4682162.0 ], [ -1018214.0, 4682168.0 ], [ -1018200.0, 4682137.0 ], [ -1018187.0, 4682115.0 ], [ -1018186.0, 4682115.0 ], [ -1018179.0, 4682108.0 ], [ -1018159.0, 4682094.0 ], [ -1018139.0, 4682081.0 ], [ -1018122.0, 4682067.0 ], [ -1018115.0, 4682061.0 ], [ -1018108.0, 4682058.0 ], [ -1018100.0, 4682056.0 ], [ -1018096.0, 4682070.0 ], [ -1018096.0, 4682073.0 ], [ -1018090.0, 4682074.0 ], [ -1017937.0, 4682098.0 ], [ -1017937.0, 4682095.0 ], [ -1017936.0, 4682092.0 ], [ -1017935.0, 4682089.0 ], [ -1017934.0, 4682086.0 ], [ -1017933.0, 4682083.0 ], [ -1017922.0, 4682053.0 ], [ -1017906.0, 4682061.0 ], [ -1017859.0, 4682082.0 ], [ -1017858.0, 4682083.0 ], [ -1017850.0, 4682087.0 ], [ -1017849.0, 4682085.0 ], [ -1017848.0, 4682084.0 ], [ -1017846.0, 4682083.0 ], [ -1017844.0, 4682083.0 ], [ -1017758.0, 4682106.0 ], [ -1017744.0, 4682115.0 ], [ -1017734.0, 4682106.0 ], [ -1017721.0, 4682096.0 ], [ -1017671.0, 4682057.0 ], [ -1017651.0, 4682040.0 ], [ -1017644.0, 4682035.0 ], [ -1017627.0, 4682021.0 ], [ -1017601.0, 4682002.0 ], [ -1017597.0, 4681999.0 ], [ -1017595.0, 4681998.0 ], [ -1017554.0, 4681986.0 ], [ -1017544.0, 4681983.0 ], [ -1017515.0, 4681979.0 ], [ -1017497.0, 4681979.0 ], [ -1017452.0, 4681975.0 ], [ -1017438.0, 4681974.0 ], [ -1017433.0, 4681974.0 ], [ -1017422.0, 4681973.0 ], [ -1017403.0, 4681971.0 ], [ -1017395.0, 4681971.0 ], [ -1017381.0, 4681972.0 ], [ -1017377.0, 4681972.0 ], [ -1017376.0, 4681973.0 ], [ -1017368.0, 4681974.0 ], [ -1017359.0, 4681980.0 ], [ -1017342.0, 4681998.0 ], [ -1017337.0, 4681990.0 ], [ -1017323.0, 4681966.0 ], [ -1017285.0, 4681964.0 ], [ -1017278.0, 4681966.0 ], [ -1017267.0, 4681974.0 ], [ -1017251.0, 4681987.0 ], [ -1017225.0, 4682012.0 ], [ -1017217.0, 4682017.0 ], [ -1017197.0, 4682038.0 ], [ -1017125.0, 4682110.0 ], [ -1017112.0, 4682123.0 ], [ -1017110.0, 4682126.0 ], [ -1017106.0, 4682138.0 ], [ -1017100.0, 4682135.0 ], [ -1017071.0, 4682121.0 ], [ -1017041.0, 4682118.0 ], [ -1017033.0, 4682118.0 ], [ -1017027.0, 4682119.0 ], [ -1016994.0, 4682129.0 ], [ -1016988.0, 4682131.0 ], [ -1016986.0, 4682132.0 ], [ -1016971.0, 4682085.0 ], [ -1016955.0, 4682053.0 ], [ -1016948.0, 4682044.0 ], [ -1016942.0, 4682035.0 ], [ -1016940.0, 4682032.0 ], [ -1016931.0, 4682025.0 ], [ -1016930.0, 4682023.0 ], [ -1016924.0, 4682020.0 ], [ -1016917.0, 4682019.0 ], [ -1016821.0, 4682011.0 ] ] } },
{ "type": "Feature", "properties": { "source": 3432238402, "target": 1730550086, "ordering_random": 45, "length": 1049, "length_cumulative": 128706 }, "geometry": { "type": "LineString", "coordinates": [ [ -1016181.0, 4688769.0 ], [ -1016166.0, 4688772.0 ], [ -1016160.0, 4688743.0 ], [ -1016151.0, 4688702.0 ], [ -1016153.0, 4688695.0 ], [ -1016156.0, 4688689.0 ], [ -1016163.0, 4688684.0 ], [ -1016155.0, 4688680.0 ], [ -1016160.0, 4688670.0 ], [ -1016163.0, 4688662.0 ], [ -1016163.0, 4688653.0 ], [ -1016158.0, 4688623.0 ], [ -1016157.0, 4688615.0 ], [ -1016151.0, 4688575.0 ], [ -1016146.0, 4688555.0 ], [ -1016186.0, 4688547.0 ], [ -1016184.0, 4688538.0 ], [ -1016197.0, 4688535.0 ], [ -1016198.0, 4688539.0 ], [ -1016206.0, 4688537.0 ], [ -1016203.0, 4688520.0 ], [ -1016202.0, 4688511.0 ], [ -1016203.0, 4688504.0 ], [ -1016205.0, 4688495.0 ], [ -1016207.0, 4688489.0 ], [ -1016217.0, 4688475.0 ], [ -1016223.0, 4688466.0 ], [ -1016231.0, 4688449.0 ], [ -1016224.0, 4688447.0 ], [ -1016226.0, 4688437.0 ], [ -1016232.0, 4688405.0 ], [ -1016228.0, 4688382.0 ], [ -1016227.0, 4688380.0 ], [ -1016226.0, 4688378.0 ], [ -1016224.0, 4688373.0 ], [ -1016223.0, 4688370.0 ], [ -1016223.0, 4688359.0 ], [ -1016224.0, 4688335.0 ], [ -1016225.0, 4688316.0 ], [ -1016226.0, 4688311.0 ], [ -1016235.0, 4688305.0 ], [ -1016241.0, 4688303.0 ], [ -1016241.0, 4688298.0 ], [ -1016241.0, 4688291.0 ], [ -1016243.0, 4688285.0 ], [ -1016246.0, 4688277.0 ], [ -1016250.0, 4688268.0 ], [ -1016253.0, 4688257.0 ], [ -1016260.0, 4688201.0 ], [ -1016266.0, 4688112.0 ], [ -1016269.0, 4688088.0 ], [ -1016274.0, 4688062.0 ], [ -1016277.0, 4688053.0 ], [ -1016283.0, 4688038.0 ], [ -1016297.0, 4687919.0 ], [ -1016299.0, 4687860.0 ], [ -1016301.0, 4687849.0 ], [ -1016306.0, 4687841.0 ] ] } },
{ "type": "Feature", "properties": { "source": 1668354046, "target": 3128759990, "ordering_random": 46, "length": 3406, "length_cumulative": 132113 }, "geometry": { "type": "MultiLineString", "coordinates": [ [ [ -1020771.0, 4682972.0 ], [ -1020739.0, 4682939.0 ] ], [ [ -1020739.0, 4682939.0 ], [ -1020664.0, 4682860.0 ] ], [ [ -1020218.0, 4682536.0 ], [ -1020221.0, 4682545.0 ], [ -1020247.0, 4682567.0 ], [ -1020252.0, 4682571.0 ], [ -1020264.0, 4682581.0 ], [ -1020253.0, 4682595.0 ], [ -1020237.0, 4682629.0 ], [ -1020219.0, 4682667.0 ], [ -1020223.0, 4682674.0 ], [ -1020256.0, 4682722.0 ], [ -1020260.0, 4682728.0 ], [ -1020305.0, 4682795.0 ], [ -1020310.0, 4682832.0 ], [ -1020311.0, 4682841.0 ], [ -1020327.0, 4682945.0 ], [ -1020328.0, 4682956.0 ], [ -1020336.0, 4682956.0 ], [ -1020345.0, 4682956.0 ], [ -1020341.0, 4682966.0 ], [ -1020340.0, 4682969.0 ], [ -1020339.0, 4682973.0 ], [ -1020339.0, 4682978.0 ], [ -1020340.0, 4682981.0 ], [ -1020340.0, 4682983.0 ], [ -1020342.0, 4682988.0 ], [ -1020346.0, 4682998.0 ], [ -1020348.0, 4683000.0 ], [ -1020349.0, 4683001.0 ], [ -1020374.0, 4683020.0 ], [ -1020376.0, 4683022.0 ], [ -1020376.0, 4683023.0 ], [ -1020377.0, 4683026.0 ], [ -1020377.0, 4683027.0 ], [ -1020376.0, 4683030.0 ], [ -1020376.0, 4683031.0 ], [ -1020375.0, 4683032.0 ], [ -1020373.0, 4683034.0 ], [ -1020359.0, 4683041.0 ], [ -1020346.0, 4683050.0 ], [ -1020343.0, 4683053.0 ], [ -1020341.0, 4683056.0 ], [ -1020339.0, 4683060.0 ], [ -1020338.0, 4683063.0 ], [ -1020338.0, 4683071.0 ], [ -1020341.0, 4683068.0 ], [ -1020357.0, 4683058.0 ], [ -1020365.0, 4683053.0 ], [ -1020380.0, 4683045.0 ], [ -1020430.0, 4683077.0 ], [ -1020438.0, 4683075.0 ], [ -1020442.0, 4683075.0 ], [ -1020447.0, 4683078.0 ], [ -1020455.0, 4683078.0 ], [ -1020480.0, 4683082.0 ], [ -1020531.0, 4683089.0 ], [ -1020551.0, 4683088.0 ], [ -1020565.0, 4683090.0 ], [ -1020571.0, 4683092.0 ], [ -1020571.0, 4683082.0 ], [ -1020572.0, 4683077.0 ], [ -1020578.0, 4683078.0 ], [ -1020584.0, 4683076.0 ], [ -1020604.0, 4683070.0 ], [ -1020619.0, 4683065.0 ], [ -1020622.0, 4683066.0 ], [ -1020633.0, 4683049.0 ], [ -1020647.0, 4683026.0 ], [ -1020690.0, 4682985.0 ], [ -1020739.0, 4682939.0 ] ], [ [ -1020739.0, 4682939.0 ], [ -1020745.0, 4682933.0 ], [ -1020789.0, 4682890.0 ], [ -1020800.0, 4682879.0 ], [ -1020815.0, 4682866.0 ], [ -1020829.0, 4682857.0 ], [ -1020848.0, 4682851.0 ], [ -1020866.0, 4682848.0 ], [ -1020896.0, 4682852.0 ], [ -1020919.0, 4682866.0 ], [ -1020955.0, 4682900.0 ], [ -1020973.0, 4682915.0 ], [ -1020993.0, 4682924.0 ], [ -1021022.0, 4682924.0 ], [ -1021045.0, 4682917.0 ], [ -1021065.0, 4682905.0 ], [ -1021084.0, 4682887.0 ], [ -1021096.0, 4682866.0 ], [ -1021116.0, 4682819.0 ], [ -1021132.0, 4682805.0 ], [ -1021148.0, 4682797.0 ], [ -1021184.0, 4682786.0 ], [ -1021194.0, 4682783.0 ], [ -1021206.0, 4682775.0 ], [ -1021216.0, 4682758.0 ], [ -1021217.0, 4682731.0 ], [ -1021209.0, 4682695.0 ], [ -1021200.0, 4682649.0 ], [ -1021192.0, 4682609.0 ], [ -1021190.0, 4682564.0 ], [ -1021196.0, 4682533.0 ], [ -1021205.0, 4682510.0 ], [ -1021208.0, 4682504.0 ], [ -1021220.0, 4682496.0 ], [ -1021237.0, 4682491.0 ], [ -1021242.0, 4682504.0 ], [ -1021243.0, 4682514.0 ], [ -1021240.0, 4682527.0 ], [ -1021234.0, 4682548.0 ], [ -1021226.0, 4682583.0 ], [ -1021230.0, 4682615.0 ], [ -1021243.0, 4682642.0 ], [ -1021258.0, 4682673.0 ], [ -1021271.0, 4682696.0 ], [ -1021301.0, 4682720.0 ], [ -1021314.0, 4682731.0 ], [ -1021330.0, 4682740.0 ], [ -1021349.0, 4682746.0 ], [ -1021377.0, 4682750.0 ], [ -1021408.0, 4682753.0 ], [ -1021409.0, 4682745.0 ], [ -1021415.0, 4682733.0 ], [ -1021427.0, 4682727.0 ], [ -1021435.0, 4682723.0 ], [ -1021437.0, 4682715.0 ], [ -1021445.0, 4682709.0 ], [ -1021454.0, 4682707.0 ], [ -1021464.0, 4682699.0 ], [ -1021463.0, 4682686.0 ], [ -1021451.0, 4682667.0 ], [ -1021444.0, 4682658.0 ], [ -1021446.0, 4682647.0 ], [ -1021448.0, 4682622.0 ], [ -1021449.0, 4682597.0 ], [ -1021452.0, 4682588.0 ], [ -1021457.0, 4682578.0 ], [ -1021475.0, 4682573.0 ], [ -1021493.0, 4682576.0 ], [ -1021511.0, 4682574.0 ], [ -1021527.0, 4682564.0 ], [ -1021540.0, 4682559.0 ], [ -1021547.0, 4682557.0 ], [ -1021545.0, 4682537.0 ], [ -1021543.0, 4682517.0 ], [ -1021542.0, 4682509.0 ], [ -1021538.0, 4682502.0 ], [ -1021529.0, 4682495.0 ], [ -1021525.0, 4682489.0 ], [ -1021521.0, 4682484.0 ], [ -1021520.0, 4682477.0 ], [ -1021519.0, 4682470.0 ], [ -1021521.0, 4682461.0 ], [ -1021525.0, 4682454.0 ], [ -1021545.0, 4682431.0 ], [ -1021583.0, 4682395.0 ], [ -1021626.0, 4682376.0 ], [ -1021636.0, 4682367.0 ], [ -1021681.0, 4682362.0 ], [ -1021702.0, 4682358.0 ], [ -1021724.0, 4682355.0 ], [ -1021738.0, 4682353.0 ], [ -1021767.0, 4682352.0 ], [ -1021795.0, 4682350.0 ], [ -1021808.0, 4682351.0 ], [ -1021825.0, 4682355.0 ], [ -1021841.0, 4682358.0 ], [ -1021910.0, 4682362.0 ] ] ] } },
{ "type": "Feature", "properties": { "source": 6522353440, "target": 4646240298, "ordering_random": 48, "length": 2024, "length_cumulative": 134137 }, "geometry": { "type": "LineString", "coordinates": [ [ -1021419.0, 4687364.0 ], [ -1021656.0, 4687364.0 ], [ -1021676.0, 4687364.0 ], [ -1021702.0, 4687364.0 ], [ -1021755.0, 4687364.0 ], [ -1021774.0, 4687364.0 ], [ -1021847.0, 4687363.0 ], [ -1021865.0, 4687362.0 ], [ -1021882.0, 4687362.0 ], [ -1021897.0, 4687360.0 ], [ -1021913.0, 4687360.0 ], [ -1022003.0, 4687366.0 ], [ -1022015.0, 4687368.0 ], [ -1022023.0, 4687370.0 ], [ -1022043.0, 4687374.0 ], [ -1022160.0, 4687393.0 ], [ -1022227.0, 4687404.0 ], [ -1022234.0, 4687403.0 ], [ -1022237.0, 4687400.0 ], [ -1022241.0, 4687395.0 ], [ -1022260.0, 4687402.0 ], [ -1022270.0, 4687405.0 ], [ -1022374.0, 4687406.0 ], [ -1022387.0, 4687400.0 ], [ -1022396.0, 4687396.0 ], [ -1022407.0, 4687395.0 ], [ -1022437.0, 4687395.0 ], [ -1022456.0, 4687394.0 ], [ -1022470.0, 4687390.0 ], [ -1022487.0, 4687390.0 ], [ -1022506.0, 4687386.0 ], [ -1022557.0, 4687366.0 ], [ -1022573.0, 4687360.0 ], [ -1022630.0, 4687339.0 ], [ -1022636.0, 4687337.0 ], [ -1022642.0, 4687334.0 ], [ -1022646.0, 4687329.0 ], [ -1022665.0, 4687328.0 ], [ -1022673.0, 4687327.0 ], [ -1022720.0, 4687322.0 ], [ -1022770.0, 4687324.0 ], [ -1022798.0, 4687327.0 ], [ -1022798.0, 4687323.0 ], [ -1022801.0, 4687317.0 ], [ -1022887.0, 4687315.0 ], [ -1022939.0, 4687316.0 ], [ -1022968.0, 4687319.0 ], [ -1023053.0, 4687329.0 ], [ -1023076.0, 4687330.0 ], [ -1023087.0, 4687330.0 ], [ -1023089.0, 4687347.0 ], [ -1023101.0, 4687339.0 ], [ -1023124.0, 4687334.0 ], [ -1023159.0, 4687327.0 ], [ -1023208.0, 4687344.0 ], [ -1023238.0, 4687353.0 ], [ -1023244.0, 4687355.0 ], [ -1023260.0, 4687360.0 ], [ -1023253.0, 4687371.0 ], [ -1023237.0, 4687395.0 ], [ -1023231.0, 4687405.0 ], [ -1023200.0, 4687458.0 ], [ -1023201.0, 4687469.0 ] ] } },
{ "type": "Feature", "properties": { "source": 13050240823, "target": 582778401, "ordering_random": 49, "length": 2107, "length_cumulative": 136244 }, "geometry": { "type": "LineString", "coordinates": [ [ -1017691.0, 4685263.0 ], [ -1017681.0, 4685263.0 ], [ -1017477.0, 4685281.0 ], [ -1017467.0, 4685282.0 ], [ -1017455.0, 4685253.0 ], [ -1017454.0, 4685247.0 ], [ -1017452.0, 4685242.0 ], [ -1017450.0, 4685236.0 ], [ -1017440.0, 4685229.0 ], [ -1017437.0, 4685221.0 ], [ -1017428.0, 4685223.0 ], [ -1017416.0, 4685193.0 ], [ -1017397.0, 4685146.0 ], [ -1017387.0, 4685124.0 ], [ -1017373.0, 4685091.0 ], [ -1017365.0, 4685072.0 ], [ -1017359.0, 4685059.0 ], [ -1017331.0, 4684993.0 ], [ -1017323.0, 4684976.0 ], [ -1017319.0, 4684965.0 ], [ -1017287.0, 4684883.0 ], [ -1017281.0, 4684866.0 ], [ -1017268.0, 4684865.0 ], [ -1017262.0, 4684851.0 ], [ -1017256.0, 4684836.0 ], [ -1017254.0, 4684832.0 ], [ -1017250.0, 4684822.0 ], [ -1017209.0, 4684726.0 ], [ -1017206.0, 4684722.0 ], [ -1017203.0, 4684717.0 ], [ -1017200.0, 4684712.0 ], [ -1017196.0, 4684709.0 ], [ -1017192.0, 4684705.0 ], [ -1017186.0, 4684697.0 ], [ -1017182.0, 4684689.0 ], [ -1017178.0, 4684681.0 ], [ -1017164.0, 4684650.0 ], [ -1017156.0, 4684634.0 ], [ -1017144.0, 4684639.0 ], [ -1017141.0, 4684634.0 ], [ -1017139.0, 4684630.0 ], [ -1017091.0, 4684527.0 ], [ -1017089.0, 4684523.0 ], [ -1017087.0, 4684519.0 ], [ -1017086.0, 4684515.0 ], [ -1017086.0, 4684510.0 ], [ -1017086.0, 4684506.0 ], [ -1017086.0, 4684502.0 ], [ -1017086.0, 4684498.0 ], [ -1017087.0, 4684494.0 ], [ -1017088.0, 4684493.0 ], [ -1017085.0, 4684491.0 ], [ -1017081.0, 4684488.0 ], [ -1017076.0, 4684484.0 ], [ -1017073.0, 4684481.0 ], [ -1017070.0, 4684478.0 ], [ -1017065.0, 4684473.0 ], [ -1017055.0, 4684459.0 ], [ -1016828.0, 4684160.0 ], [ -1016821.0, 4684151.0 ], [ -1016817.0, 4684145.0 ], [ -1016815.0, 4684139.0 ], [ -1016812.0, 4684135.0 ], [ -1016811.0, 4684132.0 ], [ -1016794.0, 4684132.0 ], [ -1016789.0, 4684128.0 ], [ -1016784.0, 4684119.0 ], [ -1016779.0, 4684118.0 ], [ -1016777.0, 4684118.0 ], [ -1016776.0, 4684117.0 ], [ -1016776.0, 4684116.0 ], [ -1016768.0, 4684107.0 ], [ -1016769.0, 4684097.0 ], [ -1016769.0, 4684087.0 ], [ -1016770.0, 4684081.0 ], [ -1016772.0, 4684064.0 ], [ -1016775.0, 4684029.0 ], [ -1016776.0, 4684017.0 ], [ -1016776.0, 4684002.0 ], [ -1016780.0, 4683950.0 ], [ -1016783.0, 4683904.0 ], [ -1016783.0, 4683902.0 ], [ -1016774.0, 4683899.0 ], [ -1016774.0, 4683892.0 ], [ -1016774.0, 4683890.0 ], [ -1016705.0, 4683846.0 ], [ -1016705.0, 4683839.0 ], [ -1016705.0, 4683836.0 ], [ -1016703.0, 4683835.0 ], [ -1016697.0, 4683834.0 ], [ -1016698.0, 4683830.0 ], [ -1016699.0, 4683826.0 ], [ -1016700.0, 4683823.0 ], [ -1016700.0, 4683819.0 ], [ -1016700.0, 4683815.0 ], [ -1016699.0, 4683811.0 ], [ -1016699.0, 4683808.0 ], [ -1016698.0, 4683804.0 ], [ -1016697.0, 4683800.0 ], [ -1016696.0, 4683797.0 ], [ -1016694.0, 4683793.0 ], [ -1016692.0, 4683790.0 ], [ -1016691.0, 4683788.0 ], [ -1016690.0, 4683787.0 ], [ -1016688.0, 4683784.0 ], [ -1016686.0, 4683781.0 ], [ -1016683.0, 4683778.0 ], [ -1016682.0, 4683777.0 ], [ -1016680.0, 4683775.0 ], [ -1016678.0, 4683773.0 ], [ -1016675.0, 4683771.0 ], [ -1016671.0, 4683769.0 ], [ -1016668.0, 4683767.0 ], [ -1016665.0, 4683766.0 ], [ -1016661.0, 4683764.0 ], [ -1016657.0, 4683763.0 ], [ -1016654.0, 4683762.0 ], [ -1016650.0, 4683762.0 ], [ -1016646.0, 4683762.0 ], [ -1016642.0, 4683761.0 ], [ -1016639.0, 4683762.0 ], [ -1016635.0, 4683762.0 ], [ -1016631.0, 4683763.0 ], [ -1016628.0, 4683764.0 ], [ -1016624.0, 4683765.0 ], [ -1016621.0, 4683766.0 ], [ -1016617.0, 4683768.0 ], [ -1016614.0, 4683770.0 ], [ -1016612.0, 4683771.0 ] ] } },
{ "type": "Feature", "properties": { "source": 1301476578, "target": 6522353440, "ordering_random": 50, "length": 2899, "length_cumulative": 139143 }, "geometry": { "type": "LineString", "coordinates": [ [ -1019778.0, 4689076.0 ], [ -1019774.0, 4689067.0 ], [ -1019774.0, 4689063.0 ], [ -1019775.0, 4689059.0 ], [ -1019778.0, 4689051.0 ], [ -1019789.0, 4689040.0 ], [ -1019820.0, 4689026.0 ], [ -1019830.0, 4689022.0 ], [ -1019859.0, 4689004.0 ], [ -1019866.0, 4688998.0 ], [ -1019905.0, 4688959.0 ], [ -1019923.0, 4688939.0 ], [ -1019932.0, 4688946.0 ], [ -1019934.0, 4688944.0 ], [ -1019938.0, 4688945.0 ], [ -1019943.0, 4688938.0 ], [ -1020010.0, 4688992.0 ], [ -1020019.0, 4689000.0 ], [ -1020027.0, 4689010.0 ], [ -1020029.0, 4689004.0 ], [ -1020035.0, 4689001.0 ], [ -1020038.0, 4688997.0 ], [ -1020062.0, 4688953.0 ], [ -1020078.0, 4688931.0 ], [ -1020081.0, 4688928.0 ], [ -1020098.0, 4688913.0 ], [ -1020118.0, 4688906.0 ], [ -1020139.0, 4688901.0 ], [ -1020150.0, 4688895.0 ], [ -1020153.0, 4688882.0 ], [ -1020159.0, 4688862.0 ], [ -1020169.0, 4688860.0 ], [ -1020170.0, 4688864.0 ], [ -1020187.0, 4688856.0 ], [ -1020193.0, 4688852.0 ], [ -1020195.0, 4688855.0 ], [ -1020198.0, 4688858.0 ], [ -1020203.0, 4688860.0 ], [ -1020209.0, 4688860.0 ], [ -1020215.0, 4688858.0 ], [ -1020303.0, 4688808.0 ], [ -1020311.0, 4688804.0 ], [ -1020323.0, 4688810.0 ], [ -1020329.0, 4688811.0 ], [ -1020335.0, 4688810.0 ], [ -1020343.0, 4688807.0 ], [ -1020361.0, 4688797.0 ], [ -1020376.0, 4688787.0 ], [ -1020378.0, 4688786.0 ], [ -1020384.0, 4688781.0 ], [ -1020388.0, 4688777.0 ], [ -1020393.0, 4688769.0 ], [ -1020398.0, 4688762.0 ], [ -1020416.0, 4688724.0 ], [ -1020426.0, 4688710.0 ], [ -1020438.0, 4688699.0 ], [ -1020496.0, 4688665.0 ], [ -1020506.0, 4688660.0 ], [ -1020520.0, 4688652.0 ], [ -1020553.0, 4688633.0 ], [ -1020618.0, 4688596.0 ], [ -1020632.0, 4688588.0 ], [ -1020648.0, 4688579.0 ], [ -1020705.0, 4688546.0 ], [ -1020745.0, 4688523.0 ], [ -1020785.0, 4688501.0 ], [ -1020788.0, 4688499.0 ], [ -1020809.0, 4688487.0 ], [ -1020820.0, 4688480.0 ], [ -1020832.0, 4688468.0 ], [ -1020839.0, 4688438.0 ], [ -1020845.0, 4688409.0 ], [ -1020851.0, 4688387.0 ], [ -1020853.0, 4688381.0 ], [ -1020858.0, 4688373.0 ], [ -1020865.0, 4688367.0 ], [ -1020873.0, 4688361.0 ], [ -1020904.0, 4688339.0 ], [ -1020907.0, 4688337.0 ], [ -1020926.0, 4688323.0 ], [ -1020931.0, 4688319.0 ], [ -1020935.0, 4688311.0 ], [ -1020938.0, 4688295.0 ], [ -1020951.0, 4688236.0 ], [ -1020965.0, 4688167.0 ], [ -1020980.0, 4688134.0 ], [ -1020981.0, 4688132.0 ], [ -1020989.0, 4688101.0 ], [ -1020990.0, 4688096.0 ], [ -1021005.0, 4688029.0 ], [ -1021013.0, 4688015.0 ], [ -1021019.0, 4688021.0 ], [ -1021020.0, 4688018.0 ], [ -1021020.0, 4688017.0 ], [ -1021022.0, 4688015.0 ], [ -1021040.0, 4687996.0 ], [ -1021051.0, 4687984.0 ], [ -1021056.0, 4687979.0 ], [ -1021061.0, 4687972.0 ], [ -1021065.0, 4687966.0 ], [ -1021067.0, 4687957.0 ], [ -1021069.0, 4687950.0 ], [ -1021070.0, 4687943.0 ], [ -1021070.0, 4687935.0 ], [ -1021068.0, 4687928.0 ], [ -1021066.0, 4687922.0 ], [ -1021064.0, 4687916.0 ], [ -1021061.0, 4687910.0 ], [ -1021058.0, 4687905.0 ], [ -1021052.0, 4687899.0 ], [ -1021046.0, 4687893.0 ], [ -1021035.0, 4687861.0 ], [ -1021044.0, 4687865.0 ], [ -1021051.0, 4687870.0 ], [ -1021056.0, 4687874.0 ], [ -1021059.0, 4687870.0 ], [ -1021064.0, 4687866.0 ], [ -1021070.0, 4687868.0 ], [ -1021071.0, 4687861.0 ], [ -1021095.0, 4687866.0 ], [ -1021107.0, 4687870.0 ], [ -1021140.0, 4687879.0 ], [ -1021145.0, 4687878.0 ], [ -1021149.0, 4687877.0 ], [ -1021157.0, 4687874.0 ], [ -1021161.0, 4687871.0 ], [ -1021165.0, 4687868.0 ], [ -1021173.0, 4687859.0 ], [ -1021182.0, 4687864.0 ], [ -1021193.0, 4687858.0 ], [ -1021201.0, 4687855.0 ], [ -1021204.0, 4687853.0 ], [ -1021214.0, 4687840.0 ], [ -1021309.0, 4687840.0 ], [ -1021315.0, 4687840.0 ], [ -1021314.0, 4687771.0 ], [ -1021313.0, 4687657.0 ], [ -1021365.0, 4687657.0 ], [ -1021365.0, 4687637.0 ], [ -1021364.0, 4687616.0 ], [ -1021362.0, 4687613.0 ], [ -1021359.0, 4687610.0 ], [ -1021360.0, 4687567.0 ], [ -1021347.0, 4687560.0 ], [ -1021348.0, 4687499.0 ], [ -1021348.0, 4687468.0 ], [ -1021368.0, 4687467.0 ], [ -1021368.0, 4687459.0 ], [ -1021416.0, 4687459.0 ] ] } },
{ "type": "Feature", "properties": { "source": 417178863, "target": 8147609115, "ordering_random": 51, "length": 2075, "length_cumulative": 141219 }, "geometry": { "type": "LineString", "coordinates": [ [ -1020364.0, 4680621.0 ], [ -1020365.0, 4680620.0 ], [ -1020373.0, 4680617.0 ], [ -1020384.0, 4680613.0 ], [ -1020387.0, 4680612.0 ], [ -1020391.0, 4680611.0 ], [ -1020400.0, 4680611.0 ], [ -1020408.0, 4680609.0 ], [ -1020432.0, 4680601.0 ], [ -1020448.0, 4680597.0 ], [ -1020468.0, 4680594.0 ], [ -1020485.0, 4680594.0 ], [ -1020499.0, 4680594.0 ], [ -1020528.0, 4680596.0 ], [ -1020547.0, 4680580.0 ], [ -1020570.0, 4680568.0 ], [ -1020582.0, 4680563.0 ], [ -1020586.0, 4680560.0 ], [ -1020595.0, 4680553.0 ], [ -1020611.0, 4680537.0 ], [ -1020615.0, 4680533.0 ], [ -1020641.0, 4680513.0 ], [ -1020652.0, 4680504.0 ], [ -1020660.0, 4680498.0 ], [ -1020703.0, 4680464.0 ], [ -1020720.0, 4680451.0 ], [ -1020723.0, 4680448.0 ], [ -1020840.0, 4680357.0 ], [ -1020887.0, 4680319.0 ], [ -1020915.0, 4680297.0 ], [ -1020925.0, 4680290.0 ], [ -1020929.0, 4680286.0 ], [ -1020939.0, 4680276.0 ], [ -1020946.0, 4680268.0 ], [ -1020952.0, 4680260.0 ], [ -1020955.0, 4680254.0 ], [ -1020958.0, 4680247.0 ], [ -1020961.0, 4680236.0 ], [ -1020963.0, 4680213.0 ], [ -1020965.0, 4680199.0 ], [ -1020974.0, 4680160.0 ], [ -1020974.0, 4680152.0 ], [ -1020974.0, 4680146.0 ], [ -1020963.0, 4680081.0 ], [ -1020961.0, 4680070.0 ], [ -1020956.0, 4680048.0 ], [ -1020955.0, 4680038.0 ], [ -1020955.0, 4680028.0 ], [ -1020956.0, 4680012.0 ], [ -1020961.0, 4679962.0 ], [ -1020968.0, 4679910.0 ], [ -1020993.0, 4679914.0 ], [ -1021005.0, 4679871.0 ], [ -1021011.0, 4679856.0 ], [ -1021017.0, 4679843.0 ], [ -1021023.0, 4679833.0 ], [ -1021029.0, 4679822.0 ], [ -1021050.0, 4679837.0 ], [ -1021075.0, 4679816.0 ], [ -1021103.0, 4679789.0 ], [ -1021111.0, 4679784.0 ], [ -1021114.0, 4679782.0 ], [ -1021143.0, 4679762.0 ], [ -1021149.0, 4679760.0 ], [ -1021188.0, 4679711.0 ], [ -1021199.0, 4679694.0 ], [ -1021207.0, 4679698.0 ], [ -1021212.0, 4679701.0 ], [ -1021228.0, 4679710.0 ], [ -1021244.0, 4679720.0 ], [ -1021269.0, 4679735.0 ], [ -1021278.0, 4679739.0 ], [ -1021286.0, 4679742.0 ], [ -1021298.0, 4679732.0 ], [ -1021305.0, 4679727.0 ], [ -1021325.0, 4679715.0 ], [ -1021332.0, 4679711.0 ], [ -1021333.0, 4679710.0 ], [ -1021340.0, 4679707.0 ], [ -1021347.0, 4679704.0 ], [ -1021355.0, 4679701.0 ], [ -1021361.0, 4679700.0 ], [ -1021366.0, 4679698.0 ], [ -1021391.0, 4679692.0 ], [ -1021398.0, 4679690.0 ], [ -1021406.0, 4679687.0 ], [ -1021407.0, 4679687.0 ], [ -1021415.0, 4679683.0 ], [ -1021423.0, 4679678.0 ], [ -1021430.0, 4679673.0 ], [ -1021436.0, 4679667.0 ], [ -1021441.0, 4679660.0 ], [ -1021471.0, 4679622.0 ], [ -1021487.0, 4679598.0 ], [ -1021490.0, 4679593.0 ], [ -1021511.0, 4679566.0 ], [ -1021516.0, 4679560.0 ], [ -1021519.0, 4679557.0 ], [ -1021522.0, 4679553.0 ], [ -1021529.0, 4679547.0 ], [ -1021552.0, 4679529.0 ], [ -1021558.0, 4679524.0 ], [ -1021564.0, 4679520.0 ], [ -1021592.0, 4679503.0 ], [ -1021602.0, 4679497.0 ], [ -1021613.0, 4679492.0 ], [ -1021660.0, 4679465.0 ], [ -1021666.0, 4679462.0 ], [ -1021668.0, 4679460.0 ], [ -1021685.0, 4679451.0 ], [ -1021710.0, 4679434.0 ], [ -1021715.0, 4679430.0 ], [ -1021722.0, 4679424.0 ] ] } },
{ "type": "Feature", "properties": { "source": 1142766000, "target": 989695910, "ordering_random": 52, "length": 324, "length_cumulative": 141543 }, "geometry": { "type": "MultiLineString", "coordinates": [ [ [ -1012696.0, 4689518.0 ], [ -1012694.0, 4689549.0 ] ], [ [ -1012694.0, 4689549.0 ], [ -1012694.0, 4689551.0 ] ], [ [ -1012668.0, 4689809.0 ], [ -1012669.0, 4689790.0 ], [ -1012683.0, 4689549.0 ], [ -1012694.0, 4689549.0 ] ], [ [ -1012694.0, 4689549.0 ], [ -1012703.0, 4689550.0 ] ], [ [ -1012703.0, 4689550.0 ], [ -1012715.0, 4689551.0 ] ] ] } },
{ "type": "Feature", "properties": { "source": 13050240823, "target": 2165209268, "ordering_random": 53, "length": 2044, "length_cumulative": 143588 }, "geometry": { "type": "LineString", "coordinates": [ [ -1017682.0, 4687098.0 ], [ -1017706.0, 4687089.0 ], [ -1017725.0, 4687081.0 ], [ -1017715.0, 4687059.0 ], [ -1017713.0, 4687054.0 ], [ -1017712.0, 4687052.0 ], [ -1017711.0, 4687044.0 ], [ -1017763.0, 4687023.0 ], [ -1017802.0, 4687006.0 ], [ -1017818.0, 4687000.0 ], [ -1017851.0, 4686986.0 ], [ -1017959.0, 4686942.0 ], [ -1017983.0, 4686932.0 ], [ -1017996.0, 4686926.0 ], [ -1018019.0, 4686917.0 ], [ -1018077.0, 4686893.0 ], [ -1018091.0, 4686887.0 ], [ -1018095.0, 4686866.0 ], [ -1018098.0, 4686850.0 ], [ -1018081.0, 4686810.0 ], [ -1018065.0, 4686765.0 ], [ -1018049.0, 4686754.0 ], [ -1018003.0, 4686644.0 ], [ -1018005.0, 4686630.0 ], [ -1017990.0, 4686597.0 ], [ -1017984.0, 4686583.0 ], [ -1017978.0, 4686566.0 ], [ -1017991.0, 4686560.0 ], [ -1017983.0, 4686538.0 ], [ -1017968.0, 4686503.0 ], [ -1017952.0, 4686462.0 ], [ -1017950.0, 4686455.0 ], [ -1017944.0, 4686428.0 ], [ -1017942.0, 4686419.0 ], [ -1017949.0, 4686386.0 ], [ -1017952.0, 4686375.0 ], [ -1017957.0, 4686366.0 ], [ -1017967.0, 4686351.0 ], [ -1018001.0, 4686326.0 ], [ -1018016.0, 4686320.0 ], [ -1018028.0, 4686315.0 ], [ -1018039.0, 4686310.0 ], [ -1018075.0, 4686295.0 ], [ -1018088.0, 4686289.0 ], [ -1018151.0, 4686263.0 ], [ -1018162.0, 4686258.0 ], [ -1018223.0, 4686232.0 ], [ -1018235.0, 4686227.0 ], [ -1018277.0, 4686209.0 ], [ -1018296.0, 4686201.0 ], [ -1018306.0, 4686197.0 ], [ -1018370.0, 4686169.0 ], [ -1018368.0, 4686163.0 ], [ -1018366.0, 4686159.0 ], [ -1018364.0, 4686154.0 ], [ -1018354.0, 4686131.0 ], [ -1018364.0, 4686127.0 ], [ -1018375.0, 4686122.0 ], [ -1018384.0, 4686113.0 ], [ -1018386.0, 4686103.0 ], [ -1018337.0, 4685955.0 ], [ -1018315.0, 4685904.0 ], [ -1018305.0, 4685878.0 ], [ -1018302.0, 4685870.0 ], [ -1018300.0, 4685865.0 ], [ -1018353.0, 4685843.0 ], [ -1018350.0, 4685837.0 ], [ -1018350.0, 4685836.0 ], [ -1018350.0, 4685832.0 ], [ -1018313.0, 4685742.0 ], [ -1018312.0, 4685733.0 ] ] } },
{ "type": "Feature", "properties": { "source": 1515257359, "target": 486151084, "ordering_random": 54, "length": 1964, "length_cumulative": 145552 }, "geometry": { "type": "LineString", "coordinates": [ [ -1020127.0, 4683946.0 ], [ -1020112.0, 4683984.0 ], [ -1020109.0, 4683990.0 ], [ -1020105.0, 4683994.0 ], [ -1020100.0, 4683998.0 ], [ -1020095.0, 4684002.0 ], [ -1020087.0, 4684005.0 ], [ -1020081.0, 4684006.0 ], [ -1020075.0, 4684007.0 ], [ -1020070.0, 4684006.0 ], [ -1020064.0, 4684005.0 ], [ -1020059.0, 4684003.0 ], [ -1019990.0, 4683975.0 ], [ -1019972.0, 4683974.0 ], [ -1019972.0, 4683982.0 ], [ -1019972.0, 4683991.0 ], [ -1019966.0, 4684006.0 ], [ -1019954.0, 4684020.0 ], [ -1019948.0, 4684035.0 ], [ -1019886.0, 4684010.0 ], [ -1019832.0, 4683989.0 ], [ -1019830.0, 4683988.0 ], [ -1019803.0, 4683977.0 ], [ -1019682.0, 4683929.0 ], [ -1019668.0, 4683923.0 ], [ -1019664.0, 4683921.0 ], [ -1019657.0, 4683919.0 ], [ -1019635.0, 4683910.0 ], [ -1019628.0, 4683907.0 ], [ -1019611.0, 4683904.0 ], [ -1019589.0, 4683904.0 ], [ -1019559.0, 4683907.0 ], [ -1019526.0, 4683912.0 ], [ -1019498.0, 4683915.0 ], [ -1019476.0, 4683914.0 ], [ -1019466.0, 4683913.0 ], [ -1019445.0, 4683908.0 ], [ -1019430.0, 4683905.0 ], [ -1019418.0, 4683902.0 ], [ -1019381.0, 4683893.0 ], [ -1019339.0, 4683883.0 ], [ -1019332.0, 4683881.0 ], [ -1019320.0, 4683878.0 ], [ -1019146.0, 4683830.0 ], [ -1019117.0, 4683822.0 ], [ -1019103.0, 4683818.0 ], [ -1019095.0, 4683814.0 ], [ -1019091.0, 4683811.0 ], [ -1019079.0, 4683799.0 ], [ -1019053.0, 4683759.0 ], [ -1019030.0, 4683727.0 ], [ -1019011.0, 4683699.0 ], [ -1019006.0, 4683705.0 ], [ -1019002.0, 4683706.0 ], [ -1018999.0, 4683707.0 ], [ -1018993.0, 4683710.0 ], [ -1018972.0, 4683723.0 ], [ -1018953.0, 4683725.0 ], [ -1018944.0, 4683728.0 ], [ -1018937.0, 4683731.0 ], [ -1018934.0, 4683732.0 ], [ -1018932.0, 4683733.0 ], [ -1018922.0, 4683737.0 ], [ -1018919.0, 4683739.0 ], [ -1018912.0, 4683746.0 ], [ -1018892.0, 4683754.0 ], [ -1018882.0, 4683754.0 ], [ -1018860.0, 4683762.0 ], [ -1018827.0, 4683778.0 ], [ -1018819.0, 4683781.0 ], [ -1018811.0, 4683782.0 ], [ -1018805.0, 4683782.0 ], [ -1018798.0, 4683782.0 ], [ -1018790.0, 4683783.0 ], [ -1018480.0, 4683793.0 ], [ -1018462.0, 4683793.0 ], [ -1018367.0, 4683796.0 ] ] } },
{ "type": "Feature", "properties": { "source": 8147609115, "target": 3991027444, "ordering_random": 55, "length": 2072, "length_cumulative": 147625 }, "geometry": { "type": "LineString", "coordinates": [ [ -1018512.0, 4682054.0 ], [ -1018575.0, 4682010.0 ], [ -1018593.0, 4681998.0 ], [ -1018603.0, 4681991.0 ], [ -1018659.0, 4681952.0 ], [ -1018663.0, 4681952.0 ], [ -1018669.0, 4681948.0 ], [ -1018677.0, 4681942.0 ], [ -1018684.0, 4681937.0 ], [ -1018688.0, 4681935.0 ], [ -1018690.0, 4681931.0 ], [ -1018788.0, 4681864.0 ], [ -1018789.0, 4681858.0 ], [ -1018810.0, 4681844.0 ], [ -1018823.0, 4681835.0 ], [ -1018827.0, 4681833.0 ], [ -1018835.0, 4681831.0 ], [ -1018836.0, 4681830.0 ], [ -1018840.0, 4681829.0 ], [ -1018853.0, 4681825.0 ], [ -1018857.0, 4681818.0 ], [ -1018875.0, 4681784.0 ], [ -1018920.0, 4681754.0 ], [ -1018980.0, 4681713.0 ], [ -1018987.0, 4681708.0 ], [ -1019005.0, 4681695.0 ], [ -1019011.0, 4681692.0 ], [ -1019026.0, 4681671.0 ], [ -1019045.0, 4681660.0 ], [ -1019046.0, 4681660.0 ], [ -1019055.0, 4681656.0 ], [ -1019066.0, 4681647.0 ], [ -1019101.0, 4681638.0 ], [ -1019130.0, 4681632.0 ], [ -1019142.0, 4681629.0 ], [ -1019147.0, 4681628.0 ], [ -1019154.0, 4681625.0 ], [ -1019176.0, 4681617.0 ], [ -1019183.0, 4681614.0 ], [ -1019194.0, 4681608.0 ], [ -1019205.0, 4681601.0 ], [ -1019223.0, 4681583.0 ], [ -1019240.0, 4681566.0 ], [ -1019244.0, 4681560.0 ], [ -1019251.0, 4681548.0 ], [ -1019298.0, 4681464.0 ], [ -1019316.0, 4681434.0 ], [ -1019336.0, 4681399.0 ], [ -1019367.0, 4681346.0 ], [ -1019376.0, 4681331.0 ], [ -1019383.0, 4681319.0 ], [ -1019401.0, 4681288.0 ], [ -1019415.0, 4681264.0 ], [ -1019419.0, 4681257.0 ], [ -1019426.0, 4681245.0 ], [ -1019433.0, 4681232.0 ], [ -1019501.0, 4681116.0 ], [ -1019535.0, 4681057.0 ], [ -1019540.0, 4681059.0 ], [ -1019545.0, 4681059.0 ], [ -1019551.0, 4681058.0 ], [ -1019555.0, 4681055.0 ], [ -1019559.0, 4681050.0 ], [ -1019561.0, 4681045.0 ], [ -1019561.0, 4681040.0 ], [ -1019569.0, 4681039.0 ], [ -1019636.0, 4681029.0 ], [ -1019695.0, 4681021.0 ], [ -1019733.0, 4681016.0 ], [ -1019742.0, 4681014.0 ], [ -1019748.0, 4681012.0 ], [ -1019755.0, 4681006.0 ], [ -1019759.0, 4680999.0 ], [ -1019761.0, 4680993.0 ], [ -1019762.0, 4680984.0 ], [ -1019761.0, 4680963.0 ], [ -1019761.0, 4680928.0 ], [ -1019762.0, 4680891.0 ], [ -1019768.0, 4680846.0 ], [ -1019770.0, 4680826.0 ], [ -1019772.0, 4680815.0 ], [ -1019788.0, 4680794.0 ], [ -1019799.0, 4680780.0 ], [ -1019810.0, 4680773.0 ], [ -1019816.0, 4680770.0 ], [ -1019821.0, 4680768.0 ], [ -1019823.0, 4680767.0 ], [ -1019825.0, 4680766.0 ], [ -1019830.0, 4680764.0 ], [ -1019841.0, 4680758.0 ], [ -1019852.0, 4680752.0 ], [ -1019863.0, 4680745.0 ], [ -1019871.0, 4680744.0 ], [ -1019887.0, 4680744.0 ], [ -1019904.0, 4680740.0 ] ] } },
{ "type": "Feature", "properties": { "source": 3991027444, "target": 7050871650, "ordering_random": 56, "length": 2152, "length_cumulative": 149778 }, "geometry": { "type": "LineString", "coordinates": [ [ -1018603.0, 4681991.0 ], [ -1018598.0, 4681985.0 ], [ -1018593.0, 4681977.0 ], [ -1018588.0, 4681970.0 ], [ -1018584.0, 4681963.0 ], [ -1018640.0, 4681924.0 ], [ -1018653.0, 4681915.0 ], [ -1018657.0, 4681913.0 ], [ -1018660.0, 4681910.0 ], [ -1018671.0, 4681903.0 ], [ -1018773.0, 4681833.0 ], [ -1018767.0, 4681823.0 ], [ -1018717.0, 4681749.0 ], [ -1018654.0, 4681655.0 ], [ -1018651.0, 4681651.0 ], [ -1018649.0, 4681646.0 ], [ -1018648.0, 4681641.0 ], [ -1018649.0, 4681635.0 ], [ -1018651.0, 4681631.0 ], [ -1018653.0, 4681626.0 ], [ -1018656.0, 4681622.0 ], [ -1018674.0, 4681602.0 ], [ -1018673.0, 4681601.0 ], [ -1018669.0, 4681597.0 ], [ -1018668.0, 4681597.0 ], [ -1018678.0, 4681585.0 ], [ -1018722.0, 4681537.0 ], [ -1018745.0, 4681512.0 ], [ -1018748.0, 4681509.0 ], [ -1018812.0, 4681438.0 ], [ -1018830.0, 4681419.0 ], [ -1018832.0, 4681416.0 ], [ -1018833.0, 4681415.0 ], [ -1018833.0, 4681414.0 ], [ -1018832.0, 4681414.0 ], [ -1018830.0, 4681411.0 ], [ -1018748.0, 4681335.0 ], [ -1018745.0, 4681332.0 ], [ -1018743.0, 4681331.0 ], [ -1018741.0, 4681329.0 ], [ -1018729.0, 4681323.0 ], [ -1018727.0, 4681322.0 ], [ -1018724.0, 4681321.0 ], [ -1018721.0, 4681320.0 ], [ -1018719.0, 4681320.0 ], [ -1018714.0, 4681318.0 ], [ -1018714.0, 4681317.0 ], [ -1018716.0, 4681312.0 ], [ -1018716.0, 4681310.0 ], [ -1018704.0, 4681306.0 ], [ -1018704.0, 4681303.0 ], [ -1018706.0, 4681297.0 ], [ -1018706.0, 4681294.0 ], [ -1018738.0, 4681234.0 ], [ -1018774.0, 4681167.0 ], [ -1018821.0, 4681079.0 ], [ -1018807.0, 4681048.0 ], [ -1018790.0, 4681014.0 ], [ -1018774.0, 4680980.0 ], [ -1018772.0, 4680976.0 ], [ -1018761.0, 4680970.0 ], [ -1018764.0, 4680967.0 ], [ -1018769.0, 4680963.0 ], [ -1018763.0, 4680941.0 ], [ -1018764.0, 4680940.0 ], [ -1018765.0, 4680938.0 ], [ -1018765.0, 4680936.0 ], [ -1018764.0, 4680933.0 ], [ -1018762.0, 4680931.0 ], [ -1018761.0, 4680915.0 ], [ -1018761.0, 4680910.0 ], [ -1018772.0, 4680903.0 ], [ -1018771.0, 4680901.0 ], [ -1018769.0, 4680898.0 ], [ -1018766.0, 4680893.0 ], [ -1018702.0, 4680835.0 ], [ -1018718.0, 4680782.0 ], [ -1018723.0, 4680762.0 ], [ -1018700.0, 4680660.0 ], [ -1018712.0, 4680561.0 ], [ -1018661.0, 4680559.0 ], [ -1018651.0, 4680557.0 ], [ -1018648.0, 4680557.0 ], [ -1018645.0, 4680555.0 ], [ -1018644.0, 4680554.0 ], [ -1018643.0, 4680551.0 ], [ -1018642.0, 4680534.0 ], [ -1018641.0, 4680531.0 ], [ -1018640.0, 4680529.0 ], [ -1018639.0, 4680527.0 ], [ -1018638.0, 4680526.0 ], [ -1018635.0, 4680525.0 ], [ -1018633.0, 4680524.0 ], [ -1018622.0, 4680525.0 ], [ -1018622.0, 4680520.0 ], [ -1018617.0, 4680481.0 ], [ -1018607.0, 4680384.0 ], [ -1018603.0, 4680353.0 ], [ -1018603.0, 4680352.0 ], [ -1018611.0, 4680351.0 ], [ -1018628.0, 4680349.0 ], [ -1018643.0, 4680348.0 ], [ -1018654.0, 4680346.0 ] ] } },
{ "type": "Feature", "properties": { "source": 3152689482, "target": 582778401, "ordering_random": 57, "length": 1311, "length_cumulative": 151089 }, "geometry": { "type": "LineString", "coordinates": [ [ -1016768.0, 4684107.0 ], [ -1016767.0, 4684112.0 ], [ -1016767.0, 4684117.0 ], [ -1016765.0, 4684131.0 ], [ -1016764.0, 4684145.0 ], [ -1016764.0, 4684158.0 ], [ -1016755.0, 4684280.0 ], [ -1016755.0, 4684291.0 ], [ -1016742.0, 4684435.0 ], [ -1016739.0, 4684477.0 ], [ -1016734.0, 4684542.0 ], [ -1016727.0, 4684628.0 ], [ -1016726.0, 4684643.0 ], [ -1016726.0, 4684648.0 ], [ -1016718.0, 4684739.0 ], [ -1016716.0, 4684753.0 ], [ -1016714.0, 4684761.0 ], [ -1016712.0, 4684767.0 ], [ -1016710.0, 4684772.0 ], [ -1016707.0, 4684777.0 ], [ -1016699.0, 4684791.0 ], [ -1016696.0, 4684797.0 ], [ -1016693.0, 4684804.0 ], [ -1016692.0, 4684810.0 ], [ -1016691.0, 4684823.0 ], [ -1016690.0, 4684840.0 ], [ -1016687.0, 4684859.0 ], [ -1016686.0, 4684867.0 ], [ -1016683.0, 4684879.0 ], [ -1016679.0, 4684890.0 ], [ -1016691.0, 4684898.0 ], [ -1016655.0, 4684960.0 ], [ -1016624.0, 4685014.0 ], [ -1016619.0, 4685023.0 ], [ -1016596.0, 4685061.0 ], [ -1016587.0, 4685078.0 ], [ -1016575.0, 4685097.0 ], [ -1016570.0, 4685107.0 ], [ -1016562.0, 4685123.0 ], [ -1016536.0, 4685170.0 ], [ -1016515.0, 4685223.0 ], [ -1016498.0, 4685287.0 ], [ -1016497.0, 4685299.0 ], [ -1016495.0, 4685325.0 ], [ -1016493.0, 4685356.0 ] ] } },
{ "type": "Feature", "properties": { "source": 12145974808, "target": 12693359588, "ordering_random": 58, "length": 2060, "length_cumulative": 153150 }, "geometry": { "type": "LineString", "coordinates": [ [ -1023898.0, 4679144.0 ], [ -1023891.0, 4679152.0 ], [ -1023887.0, 4679153.0 ], [ -1023886.0, 4679155.0 ], [ -1023880.0, 4679162.0 ], [ -1023866.0, 4679165.0 ], [ -1023867.0, 4679168.0 ], [ -1023867.0, 4679170.0 ], [ -1023868.0, 4679172.0 ], [ -1023868.0, 4679173.0 ], [ -1023862.0, 4679175.0 ], [ -1023850.0, 4679177.0 ], [ -1023853.0, 4679188.0 ], [ -1023849.0, 4679191.0 ], [ -1023835.0, 4679200.0 ], [ -1023833.0, 4679202.0 ], [ -1023829.0, 4679236.0 ], [ -1023832.0, 4679241.0 ], [ -1023833.0, 4679249.0 ], [ -1023833.0, 4679266.0 ], [ -1023832.0, 4679281.0 ], [ -1023832.0, 4679282.0 ], [ -1023832.0, 4679287.0 ], [ -1023832.0, 4679289.0 ], [ -1023843.0, 4679289.0 ], [ -1023843.0, 4679291.0 ], [ -1023843.0, 4679293.0 ], [ -1023837.0, 4679292.0 ], [ -1023844.0, 4679320.0 ], [ -1023836.0, 4679321.0 ], [ -1023839.0, 4679335.0 ], [ -1023845.0, 4679358.0 ], [ -1023797.0, 4679369.0 ], [ -1023795.0, 4679370.0 ], [ -1023797.0, 4679382.0 ], [ -1023795.0, 4679382.0 ], [ -1023792.0, 4679383.0 ], [ -1023793.0, 4679388.0 ], [ -1023788.0, 4679389.0 ], [ -1023788.0, 4679390.0 ], [ -1023788.0, 4679392.0 ], [ -1023759.0, 4679399.0 ], [ -1023718.0, 4679408.0 ], [ -1023675.0, 4679418.0 ], [ -1023673.0, 4679418.0 ], [ -1023680.0, 4679451.0 ], [ -1023684.0, 4679466.0 ], [ -1023688.0, 4679480.0 ], [ -1023689.0, 4679484.0 ], [ -1023690.0, 4679491.0 ], [ -1023692.0, 4679498.0 ], [ -1023702.0, 4679534.0 ], [ -1023705.0, 4679545.0 ], [ -1023707.0, 4679556.0 ], [ -1023709.0, 4679563.0 ], [ -1023709.0, 4679564.0 ], [ -1023743.0, 4679728.0 ], [ -1023759.0, 4679804.0 ], [ -1023761.0, 4679813.0 ], [ -1023679.0, 4679833.0 ], [ -1023681.0, 4679870.0 ], [ -1023682.0, 4679879.0 ], [ -1023680.0, 4679879.0 ], [ -1023678.0, 4679880.0 ], [ -1023677.0, 4679881.0 ], [ -1023676.0, 4679883.0 ], [ -1023676.0, 4679886.0 ], [ -1023676.0, 4679898.0 ], [ -1023676.0, 4679900.0 ], [ -1023678.0, 4679902.0 ], [ -1023679.0, 4679903.0 ], [ -1023682.0, 4679903.0 ], [ -1023680.0, 4679915.0 ], [ -1023679.0, 4679922.0 ], [ -1023679.0, 4679929.0 ], [ -1023680.0, 4679934.0 ], [ -1023690.0, 4679961.0 ], [ -1023704.0, 4680011.0 ], [ -1023708.0, 4680074.0 ], [ -1023744.0, 4680086.0 ], [ -1023745.0, 4680102.0 ], [ -1023737.0, 4680197.0 ], [ -1023737.0, 4680208.0 ], [ -1023740.0, 4680253.0 ], [ -1023742.0, 4680256.0 ], [ -1023744.0, 4680262.0 ], [ -1023747.0, 4680269.0 ], [ -1023748.0, 4680273.0 ], [ -1023748.0, 4680278.0 ], [ -1023746.0, 4680302.0 ], [ -1023745.0, 4680320.0 ], [ -1023744.0, 4680342.0 ], [ -1023706.0, 4680347.0 ], [ -1023700.0, 4680348.0 ], [ -1023665.0, 4680335.0 ], [ -1023657.0, 4680335.0 ], [ -1023660.0, 4680348.0 ], [ -1023664.0, 4680363.0 ], [ -1023676.0, 4680385.0 ], [ -1023677.0, 4680401.0 ], [ -1023684.0, 4680609.0 ], [ -1023684.0, 4680642.0 ], [ -1023683.0, 4680677.0 ], [ -1023686.0, 4680695.0 ], [ -1023699.0, 4680717.0 ], [ -1023715.0, 4680733.0 ], [ -1023721.0, 4680737.0 ], [ -1023728.0, 4680739.0 ], [ -1023736.0, 4680740.0 ], [ -1023736.0, 4680748.0 ], [ -1023736.0, 4680754.0 ] ] } },
{ "type": "Feature", "properties": { "source": 3974385282, "target": 9812111192, "ordering_random": 59, "length": 3026, "length_cumulative": 156177 }, "geometry": { "type": "LineString", "coordinates": [ [ -1016362.0, 4687058.0 ], [ -1016355.0, 4687058.0 ], [ -1016345.0, 4687057.0 ], [ -1016344.0, 4687068.0 ], [ -1016344.0, 4687076.0 ], [ -1016304.0, 4687588.0 ], [ -1016303.0, 4687602.0 ], [ -1016302.0, 4687614.0 ], [ -1016299.0, 4687664.0 ], [ -1016296.0, 4687694.0 ], [ -1016290.0, 4687714.0 ], [ -1016284.0, 4687736.0 ], [ -1016273.0, 4687741.0 ], [ -1016259.0, 4687752.0 ], [ -1016249.0, 4687767.0 ], [ -1016246.0, 4687777.0 ], [ -1016245.0, 4687787.0 ], [ -1016246.0, 4687797.0 ], [ -1016249.0, 4687807.0 ], [ -1016241.0, 4687806.0 ], [ -1016229.0, 4687804.0 ], [ -1016229.0, 4687811.0 ], [ -1016227.0, 4687818.0 ], [ -1016230.0, 4687823.0 ], [ -1016232.0, 4687829.0 ], [ -1016233.0, 4687835.0 ], [ -1016232.0, 4687841.0 ], [ -1016231.0, 4687847.0 ], [ -1016228.0, 4687851.0 ], [ -1016224.0, 4687856.0 ], [ -1016208.0, 4687877.0 ], [ -1016103.0, 4688003.0 ], [ -1016021.0, 4688103.0 ], [ -1016001.0, 4688123.0 ], [ -1016001.0, 4688124.0 ], [ -1015981.0, 4688143.0 ], [ -1015936.0, 4688188.0 ], [ -1015901.0, 4688232.0 ], [ -1015874.0, 4688267.0 ], [ -1015872.0, 4688266.0 ], [ -1015871.0, 4688264.0 ], [ -1015779.0, 4688320.0 ], [ -1015770.0, 4688325.0 ], [ -1015759.0, 4688342.0 ], [ -1015748.0, 4688358.0 ], [ -1015737.0, 4688369.0 ], [ -1015726.0, 4688377.0 ], [ -1015718.0, 4688379.0 ], [ -1015713.0, 4688380.0 ], [ -1015709.0, 4688379.0 ], [ -1015675.0, 4688359.0 ], [ -1015668.0, 4688372.0 ], [ -1015659.0, 4688366.0 ], [ -1015598.0, 4688470.0 ], [ -1015594.0, 4688477.0 ], [ -1015590.0, 4688484.0 ], [ -1015580.0, 4688497.0 ], [ -1015569.0, 4688510.0 ], [ -1015558.0, 4688522.0 ], [ -1015545.0, 4688533.0 ], [ -1015532.0, 4688543.0 ], [ -1015518.0, 4688551.0 ], [ -1015504.0, 4688559.0 ], [ -1015489.0, 4688566.0 ], [ -1015481.0, 4688569.0 ], [ -1015466.0, 4688574.0 ], [ -1015451.0, 4688578.0 ], [ -1015439.0, 4688580.0 ], [ -1015435.0, 4688581.0 ], [ -1015419.0, 4688583.0 ], [ -1015403.0, 4688583.0 ], [ -1015387.0, 4688582.0 ], [ -1015372.0, 4688581.0 ], [ -1015356.0, 4688578.0 ], [ -1015350.0, 4688576.0 ], [ -1015341.0, 4688573.0 ], [ -1015329.0, 4688569.0 ], [ -1015326.0, 4688568.0 ], [ -1015285.0, 4688550.0 ], [ -1015259.0, 4688539.0 ], [ -1015245.0, 4688532.0 ], [ -1015222.0, 4688522.0 ], [ -1015203.0, 4688514.0 ], [ -1015184.0, 4688506.0 ], [ -1015169.0, 4688502.0 ], [ -1015154.0, 4688495.0 ], [ -1015152.0, 4688494.0 ], [ -1015147.0, 4688488.0 ], [ -1015134.0, 4688490.0 ], [ -1015111.0, 4688544.0 ], [ -1015102.0, 4688585.0 ], [ -1015099.0, 4688598.0 ], [ -1015093.0, 4688612.0 ], [ -1015088.0, 4688617.0 ], [ -1015082.0, 4688621.0 ], [ -1015077.0, 4688623.0 ], [ -1015065.0, 4688627.0 ], [ -1015034.0, 4688632.0 ], [ -1015013.0, 4688634.0 ], [ -1014999.0, 4688633.0 ], [ -1014953.0, 4688629.0 ], [ -1014936.0, 4688628.0 ], [ -1014931.0, 4688627.0 ], [ -1014908.0, 4688624.0 ], [ -1014865.0, 4688619.0 ], [ -1014849.0, 4688617.0 ], [ -1014836.0, 4688613.0 ], [ -1014798.0, 4688607.0 ], [ -1014730.0, 4688600.0 ], [ -1014668.0, 4688591.0 ], [ -1014634.0, 4688587.0 ], [ -1014628.0, 4688586.0 ], [ -1014622.0, 4688585.0 ], [ -1014617.0, 4688585.0 ], [ -1014608.0, 4688583.0 ], [ -1014571.0, 4688579.0 ], [ -1014528.0, 4688573.0 ] ] } },
{ "type": "Feature", "properties": { "source": 5679963412, "target": 9186301011, "ordering_random": 60, "length": 2383, "length_cumulative": 158560 }, "geometry": { "type": "LineString", "coordinates": [ [ -1017731.0, 4690674.0 ], [ -1017829.0, 4690631.0 ], [ -1017836.0, 4690630.0 ], [ -1017923.0, 4690640.0 ], [ -1017930.0, 4690646.0 ], [ -1017916.0, 4690652.0 ], [ -1017944.0, 4690649.0 ], [ -1017972.0, 4690644.0 ], [ -1017986.0, 4690646.0 ], [ -1018024.0, 4690647.0 ], [ -1018051.0, 4690648.0 ], [ -1018119.0, 4690643.0 ], [ -1018201.0, 4690633.0 ], [ -1018244.0, 4690630.0 ], [ -1018261.0, 4690620.0 ], [ -1018270.0, 4690594.0 ], [ -1018278.0, 4690567.0 ], [ -1018306.0, 4690480.0 ], [ -1018323.0, 4690424.0 ], [ -1018331.0, 4690426.0 ], [ -1018336.0, 4690426.0 ], [ -1018342.0, 4690425.0 ], [ -1018395.0, 4690402.0 ], [ -1018415.0, 4690394.0 ], [ -1018426.0, 4690389.0 ], [ -1018523.0, 4690349.0 ], [ -1018581.0, 4690325.0 ], [ -1018596.0, 4690318.0 ], [ -1018607.0, 4690314.0 ], [ -1018643.0, 4690299.0 ], [ -1018648.0, 4690305.0 ], [ -1018720.0, 4690375.0 ], [ -1018785.0, 4690438.0 ], [ -1018832.0, 4690485.0 ], [ -1018846.0, 4690503.0 ], [ -1018868.0, 4690544.0 ], [ -1018879.0, 4690580.0 ], [ -1018886.0, 4690584.0 ], [ -1018893.0, 4690585.0 ], [ -1018900.0, 4690584.0 ], [ -1018913.0, 4690579.0 ], [ -1018915.0, 4690556.0 ], [ -1018916.0, 4690534.0 ], [ -1018916.0, 4690523.0 ], [ -1018923.0, 4690523.0 ], [ -1018930.0, 4690524.0 ], [ -1018934.0, 4690524.0 ], [ -1018935.0, 4690530.0 ], [ -1018935.0, 4690538.0 ], [ -1018931.0, 4690570.0 ], [ -1018924.0, 4690609.0 ], [ -1018914.0, 4690650.0 ], [ -1018905.0, 4690676.0 ], [ -1018901.0, 4690686.0 ], [ -1018921.0, 4690691.0 ], [ -1018967.0, 4690703.0 ], [ -1019057.0, 4690726.0 ], [ -1019138.0, 4690746.0 ], [ -1019144.0, 4690751.0 ], [ -1019150.0, 4690761.0 ], [ -1019163.0, 4690782.0 ], [ -1019179.0, 4690794.0 ], [ -1019208.0, 4690790.0 ], [ -1019253.0, 4690778.0 ], [ -1019286.0, 4690797.0 ], [ -1019312.0, 4690811.0 ], [ -1019342.0, 4690831.0 ], [ -1019350.0, 4690835.0 ], [ -1019371.0, 4690808.0 ], [ -1019389.0, 4690793.0 ], [ -1019395.0, 4690788.0 ], [ -1019439.0, 4690784.0 ] ] } },
{ "type": "Feature", "properties": { "source": 1732441265, "target": 5147991375, "ordering_random": 61, "length": 963, "length_cumulative": 159523 }, "geometry": { "type": "LineString", "coordinates": [ [ -1021703.0, 4684107.0 ], [ -1021825.0, 4684031.0 ], [ -1021835.0, 4684024.0 ], [ -1021904.0, 4683974.0 ], [ -1021921.0, 4683958.0 ], [ -1021936.0, 4683945.0 ], [ -1021941.0, 4683941.0 ], [ -1021950.0, 4683943.0 ], [ -1021959.0, 4683947.0 ], [ -1021974.0, 4683951.0 ], [ -1021975.0, 4683946.0 ], [ -1022053.0, 4683974.0 ], [ -1022078.0, 4683991.0 ], [ -1022086.0, 4683997.0 ], [ -1022090.0, 4683999.0 ], [ -1022103.0, 4684002.0 ], [ -1022107.0, 4684003.0 ], [ -1022120.0, 4684004.0 ], [ -1022126.0, 4684004.0 ], [ -1022148.0, 4684007.0 ], [ -1022163.0, 4684014.0 ], [ -1022200.0, 4684029.0 ], [ -1022232.0, 4684042.0 ], [ -1022234.0, 4684035.0 ], [ -1022238.0, 4684019.0 ], [ -1022265.0, 4683979.0 ], [ -1022292.0, 4683952.0 ], [ -1022311.0, 4683944.0 ], [ -1022315.0, 4683943.0 ], [ -1022333.0, 4683935.0 ], [ -1022389.0, 4683897.0 ], [ -1022446.0, 4683869.0 ], [ -1022488.0, 4683853.0 ], [ -1022513.0, 4683848.0 ] ] } },
{ "type": "Feature", "properties": { "source": 2441312770, "target": 25877766, "ordering_random": 62, "length": 2175, "length_cumulative": 161698 }, "geometry": { "type": "LineString", "coordinates": [ [ -1016821.0, 4682011.0 ], [ -1016730.0, 4682003.0 ], [ -1016718.0, 4682002.0 ], [ -1016647.0, 4681996.0 ], [ -1016635.0, 4681995.0 ], [ -1016627.0, 4682033.0 ], [ -1016624.0, 4682040.0 ], [ -1016621.0, 4682045.0 ], [ -1016613.0, 4682055.0 ], [ -1016605.0, 4682062.0 ], [ -1016600.0, 4682066.0 ], [ -1016573.0, 4682089.0 ], [ -1016559.0, 4682101.0 ], [ -1016547.0, 4682110.0 ], [ -1016538.0, 4682118.0 ], [ -1016532.0, 4682108.0 ], [ -1016518.0, 4682082.0 ], [ -1016503.0, 4682056.0 ], [ -1016476.0, 4682005.0 ], [ -1016460.0, 4681975.0 ], [ -1016416.0, 4681892.0 ], [ -1016414.0, 4681889.0 ], [ -1016412.0, 4681886.0 ], [ -1016409.0, 4681884.0 ], [ -1016406.0, 4681881.0 ], [ -1016354.0, 4681850.0 ], [ -1016346.0, 4681845.0 ], [ -1016344.0, 4681845.0 ], [ -1016322.0, 4681849.0 ], [ -1016315.0, 4681849.0 ], [ -1016296.0, 4681845.0 ], [ -1016276.0, 4681842.0 ], [ -1016258.0, 4681839.0 ], [ -1016255.0, 4681838.0 ], [ -1016236.0, 4681835.0 ], [ -1016213.0, 4681834.0 ], [ -1016196.0, 4681831.0 ], [ -1016128.0, 4681823.0 ], [ -1016070.0, 4681817.0 ], [ -1016058.0, 4681815.0 ], [ -1016045.0, 4681809.0 ], [ -1016037.0, 4681808.0 ], [ -1016016.0, 4681807.0 ], [ -1016004.0, 4681806.0 ], [ -1015984.0, 4681804.0 ], [ -1015914.0, 4681798.0 ], [ -1015847.0, 4681792.0 ], [ -1015816.0, 4681790.0 ], [ -1015799.0, 4681789.0 ], [ -1015791.0, 4681793.0 ], [ -1015769.0, 4681810.0 ], [ -1015740.0, 4681832.0 ], [ -1015719.0, 4681849.0 ], [ -1015693.0, 4681870.0 ], [ -1015691.0, 4681867.0 ], [ -1015662.0, 4681826.0 ], [ -1015648.0, 4681813.0 ], [ -1015531.0, 4681732.0 ], [ -1015431.0, 4681662.0 ], [ -1015409.0, 4681646.0 ], [ -1015407.0, 4681648.0 ], [ -1015407.0, 4681649.0 ], [ -1015396.0, 4681641.0 ], [ -1015395.0, 4681641.0 ], [ -1015394.0, 4681641.0 ], [ -1015393.0, 4681641.0 ], [ -1015392.0, 4681642.0 ], [ -1015389.0, 4681639.0 ], [ -1015385.0, 4681637.0 ], [ -1015318.0, 4681717.0 ], [ -1015307.0, 4681733.0 ], [ -1015304.0, 4681743.0 ], [ -1015304.0, 4681753.0 ], [ -1015305.0, 4681765.0 ], [ -1015309.0, 4681778.0 ], [ -1015296.0, 4681783.0 ], [ -1015277.0, 4681779.0 ], [ -1015243.0, 4681764.0 ], [ -1015236.0, 4681770.0 ], [ -1015228.0, 4681773.0 ], [ -1015218.0, 4681771.0 ], [ -1015168.0, 4681744.0 ], [ -1015145.0, 4681779.0 ], [ -1015139.0, 4681775.0 ], [ -1015137.0, 4681780.0 ], [ -1015124.0, 4681800.0 ] ] } },
{ "type": "Feature", "properties": { "source": 13698132595, "target": 1583413551, "ordering_random": 63, "length": 3936, "length_cumulative": 165635 }, "geometry": { "type": "MultiLineString", "coordinates": [ [ [ -1023671.0, 4686567.0 ], [ -1023667.0, 4686568.0 ], [ -1023664.0, 4686569.0 ], [ -1023659.0, 4686573.0 ], [ -1023652.0, 4686580.0 ], [ -1023631.0, 4686619.0 ], [ -1023618.0, 4686644.0 ], [ -1023605.0, 4686672.0 ], [ -1023594.0, 4686697.0 ], [ -1023586.0, 4686710.0 ], [ -1023581.0, 4686717.0 ], [ -1023574.0, 4686723.0 ], [ -1023567.0, 4686727.0 ], [ -1023563.0, 4686738.0 ], [ -1023558.0, 4686750.0 ], [ -1023551.0, 4686767.0 ], [ -1023541.0, 4686789.0 ], [ -1023512.0, 4686866.0 ], [ -1023493.0, 4686912.0 ], [ -1023475.0, 4686945.0 ], [ -1023460.0, 4686976.0 ], [ -1023441.0, 4687011.0 ], [ -1023436.0, 4687021.0 ], [ -1023428.0, 4687036.0 ], [ -1023420.0, 4687048.0 ], [ -1023407.0, 4687075.0 ], [ -1023393.0, 4687101.0 ] ], [ [ -1023360.0, 4687159.0 ], [ -1023348.0, 4687179.0 ], [ -1023344.0, 4687186.0 ], [ -1023325.0, 4687219.0 ], [ -1023280.0, 4687294.0 ], [ -1023275.0, 4687301.0 ], [ -1023254.0, 4687338.0 ], [ -1023251.0, 4687344.0 ], [ -1023244.0, 4687355.0 ] ], [ [ -1023244.0, 4687355.0 ], [ -1023238.0, 4687366.0 ], [ -1023229.0, 4687381.0 ], [ -1023172.0, 4687476.0 ], [ -1023147.0, 4687526.0 ], [ -1023130.0, 4687580.0 ], [ -1023087.0, 4687780.0 ], [ -1023078.0, 4687826.0 ], [ -1023076.0, 4687831.0 ], [ -1023074.0, 4687834.0 ], [ -1023073.0, 4687836.0 ], [ -1023070.0, 4687840.0 ], [ -1023063.0, 4687846.0 ], [ -1023061.0, 4687850.0 ], [ -1023059.0, 4687853.0 ], [ -1023046.0, 4687892.0 ], [ -1023043.0, 4687902.0 ], [ -1023038.0, 4687914.0 ], [ -1023027.0, 4687934.0 ], [ -1023013.0, 4687956.0 ], [ -1023006.0, 4687966.0 ], [ -1022995.0, 4687981.0 ], [ -1022984.0, 4687995.0 ], [ -1022981.0, 4687999.0 ], [ -1022978.0, 4688004.0 ], [ -1022976.0, 4688009.0 ], [ -1022974.0, 4688013.0 ], [ -1022961.0, 4688032.0 ], [ -1022928.0, 4688058.0 ], [ -1022746.0, 4688177.0 ], [ -1022616.0, 4688263.0 ], [ -1022593.0, 4688273.0 ], [ -1022572.0, 4688281.0 ], [ -1022548.0, 4688291.0 ], [ -1022542.0, 4688293.0 ], [ -1022529.0, 4688298.0 ], [ -1022524.0, 4688300.0 ], [ -1022512.0, 4688304.0 ], [ -1022505.0, 4688304.0 ], [ -1022497.0, 4688305.0 ], [ -1022488.0, 4688304.0 ], [ -1022483.0, 4688304.0 ], [ -1022482.0, 4688315.0 ], [ -1022475.0, 4688315.0 ], [ -1022470.0, 4688314.0 ], [ -1022445.0, 4688311.0 ], [ -1022423.0, 4688307.0 ], [ -1022413.0, 4688304.0 ], [ -1022411.0, 4688310.0 ], [ -1022407.0, 4688312.0 ], [ -1022404.0, 4688311.0 ], [ -1022391.0, 4688307.0 ], [ -1022379.0, 4688304.0 ], [ -1022368.0, 4688301.0 ], [ -1022361.0, 4688298.0 ], [ -1022349.0, 4688294.0 ], [ -1022328.0, 4688285.0 ], [ -1022313.0, 4688278.0 ], [ -1022297.0, 4688269.0 ], [ -1022289.0, 4688278.0 ], [ -1022284.0, 4688274.0 ], [ -1022250.0, 4688311.0 ], [ -1022198.0, 4688365.0 ], [ -1022169.0, 4688396.0 ], [ -1022154.0, 4688404.0 ], [ -1022119.0, 4688409.0 ], [ -1022095.0, 4688412.0 ], [ -1022092.0, 4688404.0 ], [ -1022090.0, 4688398.0 ], [ -1022076.0, 4688382.0 ], [ -1022069.0, 4688389.0 ], [ -1022064.0, 4688395.0 ], [ -1021991.0, 4688486.0 ], [ -1021979.0, 4688501.0 ], [ -1021970.0, 4688513.0 ], [ -1021904.0, 4688595.0 ], [ -1021896.0, 4688604.0 ], [ -1021882.0, 4688623.0 ], [ -1021870.0, 4688640.0 ], [ -1021867.0, 4688647.0 ], [ -1021864.0, 4688653.0 ], [ -1021856.0, 4688668.0 ], [ -1021838.0, 4688687.0 ], [ -1021832.0, 4688692.0 ], [ -1021807.0, 4688716.0 ], [ -1021803.0, 4688722.0 ], [ -1021801.0, 4688726.0 ], [ -1021800.0, 4688731.0 ], [ -1021801.0, 4688737.0 ], [ -1021804.0, 4688744.0 ], [ -1021799.0, 4688747.0 ], [ -1021793.0, 4688769.0 ], [ -1021786.0, 4688799.0 ], [ -1021775.0, 4688833.0 ], [ -1021693.0, 4688878.0 ], [ -1021684.0, 4688910.0 ], [ -1021706.0, 4688948.0 ], [ -1021634.0, 4688989.0 ], [ -1021528.0, 4689047.0 ], [ -1021490.0, 4689037.0 ], [ -1021485.0, 4689045.0 ], [ -1021474.0, 4689055.0 ], [ -1021466.0, 4689059.0 ], [ -1021462.0, 4689065.0 ], [ -1021476.0, 4689081.0 ], [ -1021462.0, 4689102.0 ], [ -1021471.0, 4689139.0 ], [ -1021466.0, 4689180.0 ], [ -1021443.0, 4689194.0 ], [ -1021433.0, 4689227.0 ], [ -1021424.0, 4689231.0 ], [ -1021420.0, 4689234.0 ], [ -1021416.0, 4689238.0 ], [ -1021408.0, 4689234.0 ], [ -1021402.0, 4689236.0 ], [ -1021347.0, 4689261.0 ] ] ] } },
{ "type": "Feature", "properties": { "source": 1583413551, "target": 433042892, "ordering_random": 64, "length": 2684, "length_cumulative": 168320 }, "geometry": { "type": "LineString", "coordinates": [ [ -1024405.0, 4684530.0 ], [ -1024401.0, 4684498.0 ], [ -1024408.0, 4684475.0 ], [ -1024418.0, 4684466.0 ], [ -1024429.0, 4684452.0 ], [ -1024434.0, 4684437.0 ], [ -1024435.0, 4684426.0 ], [ -1024434.0, 4684415.0 ], [ -1024431.0, 4684404.0 ], [ -1024425.0, 4684394.0 ], [ -1024418.0, 4684386.0 ], [ -1024410.0, 4684379.0 ], [ -1024402.0, 4684368.0 ], [ -1024399.0, 4684362.0 ], [ -1024397.0, 4684354.0 ], [ -1024396.0, 4684345.0 ], [ -1024397.0, 4684333.0 ], [ -1024396.0, 4684316.0 ], [ -1024392.0, 4684281.0 ], [ -1024369.0, 4684116.0 ], [ -1024365.0, 4684094.0 ], [ -1024361.0, 4684076.0 ], [ -1024356.0, 4684064.0 ], [ -1024354.0, 4684056.0 ], [ -1024346.0, 4684039.0 ], [ -1024332.0, 4684019.0 ], [ -1024328.0, 4684013.0 ], [ -1024321.0, 4684005.0 ], [ -1024318.0, 4684001.0 ], [ -1024304.0, 4683994.0 ], [ -1024292.0, 4683990.0 ], [ -1024284.0, 4683989.0 ], [ -1024282.0, 4683989.0 ], [ -1024276.0, 4683989.0 ], [ -1024271.0, 4683987.0 ], [ -1024266.0, 4683984.0 ], [ -1024262.0, 4683980.0 ], [ -1024260.0, 4683975.0 ], [ -1024258.0, 4683970.0 ], [ -1024256.0, 4683961.0 ], [ -1024252.0, 4683953.0 ], [ -1024246.0, 4683945.0 ], [ -1024233.0, 4683934.0 ], [ -1024220.0, 4683922.0 ], [ -1024172.0, 4683873.0 ], [ -1024155.0, 4683851.0 ], [ -1024147.0, 4683842.0 ], [ -1024068.0, 4683732.0 ], [ -1024033.0, 4683683.0 ], [ -1024002.0, 4683641.0 ], [ -1023987.0, 4683619.0 ], [ -1023966.0, 4683590.0 ], [ -1023955.0, 4683575.0 ], [ -1023946.0, 4683561.0 ], [ -1023937.0, 4683546.0 ], [ -1023931.0, 4683530.0 ], [ -1023928.0, 4683517.0 ], [ -1023926.0, 4683504.0 ], [ -1023926.0, 4683477.0 ], [ -1023926.0, 4683447.0 ], [ -1023929.0, 4683382.0 ], [ -1023930.0, 4683357.0 ], [ -1023929.0, 4683330.0 ], [ -1023924.0, 4683261.0 ], [ -1023914.0, 4683087.0 ], [ -1023913.0, 4683068.0 ], [ -1023911.0, 4683041.0 ], [ -1023909.0, 4683003.0 ], [ -1023907.0, 4682974.0 ], [ -1023903.0, 4682925.0 ], [ -1023924.0, 4682920.0 ], [ -1023928.0, 4682912.0 ], [ -1023937.0, 4682907.0 ], [ -1023948.0, 4682902.0 ], [ -1023953.0, 4682895.0 ], [ -1023953.0, 4682882.0 ], [ -1023955.0, 4682871.0 ], [ -1023956.0, 4682863.0 ], [ -1023959.0, 4682858.0 ], [ -1023964.0, 4682851.0 ], [ -1023971.0, 4682842.0 ], [ -1023981.0, 4682828.0 ], [ -1023989.0, 4682817.0 ], [ -1024018.0, 4682794.0 ], [ -1024026.0, 4682788.0 ], [ -1024033.0, 4682781.0 ], [ -1024042.0, 4682773.0 ], [ -1024049.0, 4682767.0 ], [ -1024058.0, 4682762.0 ], [ -1024062.0, 4682758.0 ], [ -1024068.0, 4682756.0 ], [ -1024073.0, 4682753.0 ], [ -1024078.0, 4682751.0 ], [ -1024089.0, 4682749.0 ], [ -1024093.0, 4682742.0 ], [ -1024096.0, 4682731.0 ], [ -1024098.0, 4682715.0 ], [ -1024098.0, 4682700.0 ], [ -1024097.0, 4682683.0 ], [ -1024097.0, 4682669.0 ], [ -1024099.0, 4682660.0 ], [ -1024097.0, 4682650.0 ], [ -1024097.0, 4682643.0 ], [ -1024100.0, 4682637.0 ], [ -1024105.0, 4682629.0 ], [ -1024113.0, 4682623.0 ], [ -1024119.0, 4682615.0 ], [ -1024105.0, 4682590.0 ], [ -1024091.0, 4682561.0 ], [ -1024079.0, 4682530.0 ], [ -1024073.0, 4682513.0 ], [ -1024068.0, 4682495.0 ], [ -1024064.0, 4682484.0 ], [ -1024059.0, 4682478.0 ], [ -1024051.0, 4682473.0 ], [ -1024044.0, 4682466.0 ], [ -1024044.0, 4682460.0 ], [ -1024046.0, 4682453.0 ], [ -1024056.0, 4682440.0 ], [ -1024060.0, 4682418.0 ], [ -1024060.0, 4682393.0 ], [ -1024059.0, 4682364.0 ], [ -1024054.0, 4682248.0 ], [ -1024050.0, 4682176.0 ], [ -1024056.0, 4682175.0 ] ] } },
{ "type": "Feature", "properties": { "source": 13005729519, "target": 25877766, "ordering_random": 65, "length": 1896, "length_cumulative": 170217 }, "geometry": { "type": "LineString", "coordinates": [ [ -1016917.0, 4682019.0 ], [ -1016920.0, 4682008.0 ], [ -1016924.0, 4682003.0 ], [ -1016932.0, 4681997.0 ], [ -1016934.0, 4681995.0 ], [ -1016938.0, 4681946.0 ], [ -1016944.0, 4681850.0 ], [ -1016945.0, 4681834.0 ], [ -1016945.0, 4681822.0 ], [ -1016950.0, 4681761.0 ], [ -1016952.0, 4681753.0 ], [ -1016953.0, 4681747.0 ], [ -1016959.0, 4681677.0 ], [ -1016961.0, 4681639.0 ], [ -1016963.0, 4681615.0 ], [ -1016972.0, 4681616.0 ], [ -1016974.0, 4681601.0 ], [ -1016980.0, 4681523.0 ], [ -1016999.0, 4681277.0 ], [ -1017002.0, 4681262.0 ], [ -1017005.0, 4681251.0 ], [ -1017009.0, 4681243.0 ], [ -1017014.0, 4681235.0 ], [ -1017021.0, 4681223.0 ], [ -1017030.0, 4681215.0 ], [ -1017035.0, 4681210.0 ], [ -1017042.0, 4681204.0 ], [ -1017047.0, 4681197.0 ], [ -1017053.0, 4681186.0 ], [ -1017066.0, 4681155.0 ], [ -1017067.0, 4681153.0 ], [ -1017082.0, 4681113.0 ], [ -1017096.0, 4681075.0 ], [ -1017103.0, 4681059.0 ], [ -1017112.0, 4681037.0 ], [ -1017115.0, 4681028.0 ], [ -1017134.0, 4680983.0 ], [ -1017136.0, 4680975.0 ], [ -1017141.0, 4680965.0 ], [ -1017147.0, 4680950.0 ], [ -1017153.0, 4680941.0 ], [ -1017162.0, 4680927.0 ], [ -1017169.0, 4680916.0 ], [ -1017174.0, 4680905.0 ], [ -1017177.0, 4680899.0 ], [ -1017179.0, 4680893.0 ], [ -1017180.0, 4680887.0 ], [ -1017180.0, 4680878.0 ], [ -1017180.0, 4680871.0 ], [ -1017180.0, 4680864.0 ], [ -1017176.0, 4680851.0 ], [ -1017169.0, 4680819.0 ], [ -1017169.0, 4680818.0 ], [ -1017169.0, 4680816.0 ], [ -1017169.0, 4680815.0 ], [ -1017169.0, 4680813.0 ], [ -1017169.0, 4680812.0 ], [ -1017169.0, 4680810.0 ], [ -1017169.0, 4680808.0 ], [ -1017170.0, 4680806.0 ], [ -1017170.0, 4680805.0 ], [ -1017171.0, 4680803.0 ], [ -1017172.0, 4680800.0 ], [ -1017171.0, 4680797.0 ], [ -1017161.0, 4680768.0 ], [ -1017152.0, 4680736.0 ], [ -1017150.0, 4680731.0 ], [ -1017148.0, 4680727.0 ], [ -1017146.0, 4680724.0 ], [ -1017143.0, 4680720.0 ], [ -1017140.0, 4680717.0 ], [ -1017137.0, 4680714.0 ], [ -1017134.0, 4680711.0 ], [ -1017133.0, 4680710.0 ], [ -1017130.0, 4680704.0 ], [ -1017122.0, 4680686.0 ], [ -1017097.0, 4680609.0 ], [ -1017094.0, 4680599.0 ], [ -1017092.0, 4680592.0 ], [ -1017066.0, 4680511.0 ], [ -1017035.0, 4680412.0 ], [ -1017011.0, 4680335.0 ], [ -1016999.0, 4680298.0 ], [ -1016975.0, 4680222.0 ] ] } },
{ "type": "Feature", "properties": { "source": 3974385282, "target": 3432238402, "ordering_random": 66, "length": 499, "length_cumulative": 170717 }, "geometry": { "type": "MultiLineString", "coordinates": [ [ [ -1016249.0, 4687807.0 ], [ -1016251.0, 4687813.0 ], [ -1016255.0, 4687819.0 ] ], [ [ -1016270.0, 4687832.0 ], [ -1016275.0, 4687843.0 ], [ -1016279.0, 4687853.0 ], [ -1016280.0, 4687862.0 ], [ -1016272.0, 4687991.0 ], [ -1016264.0, 4688067.0 ], [ -1016257.0, 4688115.0 ], [ -1016254.0, 4688150.0 ], [ -1016252.0, 4688194.0 ], [ -1016248.0, 4688236.0 ], [ -1016244.0, 4688255.0 ], [ -1016241.0, 4688266.0 ], [ -1016237.0, 4688277.0 ], [ -1016228.0, 4688302.0 ], [ -1016226.0, 4688311.0 ] ] ] } },
{ "type": "Feature", "properties": { "source": 3974385282, "target": 12121162736, "ordering_random": 67, "length": 2167, "length_cumulative": 172884 }, "geometry": { "type": "LineString", "coordinates": [ [ -1014660.0, 4686873.0 ], [ -1014806.0, 4686929.0 ], [ -1014811.0, 4686931.0 ], [ -1014827.0, 4686937.0 ], [ -1014839.0, 4686942.0 ], [ -1014955.0, 4686987.0 ], [ -1014974.0, 4686993.0 ], [ -1014990.0, 4687004.0 ], [ -1015043.0, 4687024.0 ], [ -1015059.0, 4687030.0 ], [ -1015073.0, 4687036.0 ], [ -1015147.0, 4687065.0 ], [ -1015162.0, 4687074.0 ], [ -1015172.0, 4687084.0 ], [ -1015181.0, 4687097.0 ], [ -1015193.0, 4687121.0 ], [ -1015200.0, 4687135.0 ], [ -1015204.0, 4687146.0 ], [ -1015214.0, 4687169.0 ], [ -1015236.0, 4687212.0 ], [ -1015274.0, 4687281.0 ], [ -1015320.0, 4687349.0 ], [ -1015331.0, 4687377.0 ], [ -1015333.0, 4687401.0 ], [ -1015331.0, 4687416.0 ], [ -1015326.0, 4687431.0 ], [ -1015322.0, 4687440.0 ], [ -1015329.0, 4687441.0 ], [ -1015356.0, 4687449.0 ], [ -1015364.0, 4687446.0 ], [ -1015370.0, 4687481.0 ], [ -1015376.0, 4687499.0 ], [ -1015385.0, 4687506.0 ], [ -1015393.0, 4687512.0 ], [ -1015397.0, 4687515.0 ], [ -1015406.0, 4687520.0 ], [ -1015415.0, 4687525.0 ], [ -1015433.0, 4687532.0 ], [ -1015449.0, 4687538.0 ], [ -1015481.0, 4687550.0 ], [ -1015501.0, 4687558.0 ], [ -1015564.0, 4687581.0 ], [ -1015669.0, 4687632.0 ], [ -1015877.0, 4687711.0 ], [ -1015925.0, 4687726.0 ], [ -1015968.0, 4687738.0 ], [ -1016007.0, 4687745.0 ], [ -1016051.0, 4687750.0 ], [ -1016083.0, 4687754.0 ], [ -1016149.0, 4687762.0 ], [ -1016191.0, 4687767.0 ], [ -1016202.0, 4687768.0 ], [ -1016217.0, 4687767.0 ], [ -1016219.0, 4687767.0 ], [ -1016217.0, 4687760.0 ], [ -1016217.0, 4687758.0 ], [ -1016233.0, 4687750.0 ], [ -1016257.0, 4687731.0 ], [ -1016262.0, 4687727.0 ], [ -1016267.0, 4687723.0 ], [ -1016280.0, 4687712.0 ], [ -1016282.0, 4687683.0 ], [ -1016283.0, 4687659.0 ], [ -1016285.0, 4687610.0 ], [ -1016286.0, 4687609.0 ], [ -1016287.0, 4687606.0 ], [ -1016287.0, 4687604.0 ], [ -1016287.0, 4687602.0 ], [ -1016288.0, 4687601.0 ], [ -1016288.0, 4687598.0 ], [ -1016290.0, 4687594.0 ], [ -1016304.0, 4687588.0 ] ] } },
{ "type": "Feature", "properties": { "source": 12145974808, "target": 12228962543, "ordering_random": 68, "length": 2237, "length_cumulative": 175121 }, "geometry": { "type": "MultiLineString", "coordinates": [ [ [ -1023867.0, 4679170.0 ], [ -1023860.0, 4679171.0 ], [ -1023754.0, 4679197.0 ], [ -1023644.0, 4679223.0 ], [ -1023629.0, 4679226.0 ], [ -1023626.0, 4679216.0 ], [ -1023621.0, 4679193.0 ], [ -1023614.0, 4679195.0 ], [ -1023537.0, 4679218.0 ], [ -1023505.0, 4679227.0 ], [ -1023494.0, 4679229.0 ], [ -1023491.0, 4679229.0 ], [ -1023488.0, 4679229.0 ], [ -1023486.0, 4679229.0 ], [ -1023481.0, 4679228.0 ], [ -1023467.0, 4679227.0 ], [ -1023463.0, 4679227.0 ], [ -1023451.0, 4679225.0 ], [ -1023444.0, 4679224.0 ], [ -1023439.0, 4679220.0 ], [ -1023438.0, 4679219.0 ], [ -1023433.0, 4679215.0 ], [ -1023346.0, 4679111.0 ], [ -1023339.0, 4679102.0 ], [ -1023256.0, 4679002.0 ], [ -1023243.0, 4678987.0 ], [ -1023241.0, 4678982.0 ], [ -1023108.0, 4678838.0 ], [ -1023097.0, 4678827.0 ], [ -1023091.0, 4678821.0 ], [ -1023070.0, 4678790.0 ], [ -1023050.0, 4678761.0 ], [ -1023030.0, 4678731.0 ], [ -1023024.0, 4678723.0 ], [ -1023012.0, 4678703.0 ], [ -1022916.0, 4678553.0 ], [ -1022914.0, 4678550.0 ], [ -1022912.0, 4678548.0 ], [ -1022910.0, 4678546.0 ], [ -1022907.0, 4678541.0 ], [ -1022845.0, 4678555.0 ], [ -1022822.0, 4678561.0 ], [ -1022817.0, 4678562.0 ], [ -1022806.0, 4678564.0 ], [ -1022793.0, 4678567.0 ], [ -1022773.0, 4678572.0 ], [ -1022770.0, 4678564.0 ], [ -1022754.0, 4678567.0 ], [ -1022726.0, 4678575.0 ], [ -1022706.0, 4678583.0 ], [ -1022620.0, 4678621.0 ], [ -1022615.0, 4678623.0 ], [ -1022614.0, 4678619.0 ], [ -1022611.0, 4678610.0 ], [ -1022608.0, 4678600.0 ], [ -1022606.0, 4678592.0 ], [ -1022603.0, 4678587.0 ], [ -1022602.0, 4678583.0 ], [ -1022599.0, 4678573.0 ], [ -1022592.0, 4678552.0 ], [ -1022587.0, 4678550.0 ], [ -1022579.0, 4678546.0 ], [ -1022570.0, 4678542.0 ], [ -1022565.0, 4678540.0 ], [ -1022557.0, 4678539.0 ], [ -1022546.0, 4678537.0 ], [ -1022539.0, 4678536.0 ], [ -1022533.0, 4678534.0 ], [ -1022529.0, 4678532.0 ], [ -1022523.0, 4678528.0 ], [ -1022506.0, 4678519.0 ], [ -1022504.0, 4678510.0 ], [ -1022465.0, 4678519.0 ], [ -1022304.0, 4678569.0 ], [ -1022289.0, 4678575.0 ] ], [ [ -1022289.0, 4678575.0 ], [ -1022287.0, 4678576.0 ], [ -1022275.0, 4678581.0 ], [ -1022273.0, 4678584.0 ], [ -1022274.0, 4678589.0 ], [ -1022292.0, 4678583.0 ], [ -1022289.0, 4678575.0 ] ], [ [ -1022289.0, 4678575.0 ], [ -1022274.0, 4678530.0 ], [ -1022266.0, 4678507.0 ], [ -1022249.0, 4678513.0 ], [ -1022247.0, 4678503.0 ], [ -1022237.0, 4678465.0 ] ] ] } },
{ "type": "Feature", "properties": { "source": 3974385282, "target": 540137816, "ordering_random": 69, "length": 2921, "length_cumulative": 178043 }, "geometry": { "type": "LineString", "coordinates": [ [ -1016362.0, 4687058.0 ], [ -1016375.0, 4686890.0 ], [ -1016377.0, 4686862.0 ], [ -1016378.0, 4686856.0 ], [ -1016391.0, 4686690.0 ], [ -1016400.0, 4686572.0 ], [ -1016401.0, 4686547.0 ], [ -1016385.0, 4686539.0 ], [ -1016370.0, 4686537.0 ], [ -1016338.0, 4686534.0 ], [ -1016321.0, 4686533.0 ], [ -1016304.0, 4686536.0 ], [ -1016288.0, 4686542.0 ], [ -1016253.0, 4686565.0 ], [ -1016228.0, 4686584.0 ], [ -1016195.0, 4686601.0 ], [ -1016167.0, 4686605.0 ], [ -1016140.0, 4686602.0 ], [ -1016110.0, 4686589.0 ], [ -1016106.0, 4686588.0 ], [ -1016087.0, 4686569.0 ], [ -1016067.0, 4686537.0 ], [ -1015990.0, 4686388.0 ], [ -1015980.0, 4686373.0 ], [ -1015970.0, 4686356.0 ], [ -1015941.0, 4686315.0 ], [ -1015933.0, 4686304.0 ], [ -1015926.0, 4686295.0 ], [ -1015890.0, 4686252.0 ], [ -1015876.0, 4686232.0 ], [ -1015843.0, 4686185.0 ], [ -1015801.0, 4686125.0 ], [ -1015792.0, 4686108.0 ], [ -1015782.0, 4686096.0 ], [ -1015765.0, 4686076.0 ], [ -1015740.0, 4686051.0 ], [ -1015713.0, 4686024.0 ], [ -1015703.0, 4686013.0 ], [ -1015662.0, 4685970.0 ], [ -1015626.0, 4685932.0 ], [ -1015618.0, 4685924.0 ], [ -1015561.0, 4685865.0 ], [ -1015508.0, 4685813.0 ], [ -1015435.0, 4685743.0 ], [ -1015422.0, 4685730.0 ], [ -1015417.0, 4685720.0 ], [ -1015411.0, 4685705.0 ], [ -1015416.0, 4685696.0 ], [ -1015421.0, 4685676.0 ], [ -1015422.0, 4685666.0 ], [ -1015421.0, 4685656.0 ], [ -1015418.0, 4685643.0 ], [ -1015412.0, 4685631.0 ], [ -1015406.0, 4685622.0 ], [ -1015390.0, 4685608.0 ], [ -1015382.0, 4685603.0 ], [ -1015362.0, 4685597.0 ], [ -1015342.0, 4685597.0 ], [ -1015324.0, 4685601.0 ], [ -1015313.0, 4685607.0 ], [ -1015294.0, 4685606.0 ], [ -1015288.0, 4685605.0 ], [ -1015282.0, 4685602.0 ], [ -1015279.0, 4685600.0 ], [ -1015276.0, 4685598.0 ], [ -1015272.0, 4685594.0 ], [ -1015240.0, 4685559.0 ], [ -1015237.0, 4685557.0 ], [ -1015233.0, 4685553.0 ], [ -1015227.0, 4685548.0 ], [ -1015217.0, 4685543.0 ], [ -1015211.0, 4685539.0 ], [ -1015203.0, 4685537.0 ], [ -1015182.0, 4685532.0 ], [ -1015175.0, 4685530.0 ], [ -1015151.0, 4685525.0 ], [ -1015142.0, 4685523.0 ], [ -1015132.0, 4685521.0 ], [ -1015110.0, 4685517.0 ], [ -1015093.0, 4685514.0 ], [ -1015081.0, 4685513.0 ], [ -1015073.0, 4685513.0 ], [ -1015064.0, 4685513.0 ], [ -1015051.0, 4685514.0 ], [ -1015040.0, 4685515.0 ], [ -1015030.0, 4685517.0 ], [ -1015014.0, 4685522.0 ], [ -1015013.0, 4685523.0 ], [ -1015009.0, 4685512.0 ], [ -1015007.0, 4685505.0 ], [ -1015005.0, 4685501.0 ], [ -1015002.0, 4685498.0 ], [ -1014996.0, 4685492.0 ], [ -1014991.0, 4685486.0 ], [ -1014988.0, 4685482.0 ], [ -1014980.0, 4685478.0 ], [ -1014951.0, 4685464.0 ], [ -1014919.0, 4685448.0 ], [ -1014914.0, 4685447.0 ], [ -1014910.0, 4685451.0 ], [ -1014907.0, 4685456.0 ], [ -1014907.0, 4685461.0 ], [ -1014906.0, 4685467.0 ], [ -1014905.0, 4685470.0 ], [ -1014904.0, 4685471.0 ], [ -1014903.0, 4685471.0 ], [ -1014898.0, 4685444.0 ], [ -1014892.0, 4685441.0 ], [ -1014890.0, 4685428.0 ], [ -1014880.0, 4685368.0 ], [ -1014868.0, 4685325.0 ], [ -1014865.0, 4685299.0 ], [ -1014866.0, 4685266.0 ], [ -1014859.0, 4685268.0 ], [ -1014852.0, 4685269.0 ], [ -1014845.0, 4685267.0 ], [ -1014836.0, 4685262.0 ], [ -1014830.0, 4685254.0 ], [ -1014828.0, 4685246.0 ], [ -1014828.0, 4685238.0 ], [ -1014831.0, 4685230.0 ] ] } },
{ "type": "Feature", "properties": { "source": 8165092613, "target": 6522353440, "ordering_random": 70, "length": 1816, "length_cumulative": 179859 }, "geometry": { "type": "LineString", "coordinates": [ [ -1019750.0, 4687345.0 ], [ -1019750.0, 4687343.0 ], [ -1019750.0, 4687338.0 ], [ -1019750.0, 4687335.0 ], [ -1019750.0, 4687332.0 ], [ -1019749.0, 4687328.0 ], [ -1019755.0, 4687328.0 ], [ -1019755.0, 4687332.0 ], [ -1019757.0, 4687334.0 ], [ -1019758.0, 4687334.0 ], [ -1019759.0, 4687335.0 ], [ -1019824.0, 4687334.0 ], [ -1019901.0, 4687332.0 ], [ -1019917.0, 4687332.0 ], [ -1019957.0, 4687332.0 ], [ -1019968.0, 4687332.0 ], [ -1019997.0, 4687334.0 ], [ -1020005.0, 4687334.0 ], [ -1020054.0, 4687335.0 ], [ -1020067.0, 4687326.0 ], [ -1020079.0, 4687320.0 ], [ -1020126.0, 4687314.0 ], [ -1020129.0, 4687311.0 ], [ -1020141.0, 4687310.0 ], [ -1020153.0, 4687309.0 ], [ -1020210.0, 4687308.0 ], [ -1020261.0, 4687309.0 ], [ -1020278.0, 4687308.0 ], [ -1020294.0, 4687306.0 ], [ -1020322.0, 4687305.0 ], [ -1020323.0, 4687307.0 ], [ -1020323.0, 4687325.0 ], [ -1020315.0, 4687325.0 ], [ -1020315.0, 4687338.0 ], [ -1020319.0, 4687339.0 ], [ -1020339.0, 4687343.0 ], [ -1020374.0, 4687349.0 ], [ -1020416.0, 4687356.0 ], [ -1020439.0, 4687361.0 ], [ -1020448.0, 4687362.0 ], [ -1020458.0, 4687364.0 ], [ -1020468.0, 4687366.0 ], [ -1020473.0, 4687366.0 ], [ -1020483.0, 4687368.0 ], [ -1020490.0, 4687368.0 ], [ -1020508.0, 4687371.0 ], [ -1020541.0, 4687377.0 ], [ -1020567.0, 4687382.0 ], [ -1020592.0, 4687386.0 ], [ -1020621.0, 4687392.0 ], [ -1020643.0, 4687396.0 ], [ -1020664.0, 4687399.0 ], [ -1020705.0, 4687406.0 ], [ -1020719.0, 4687414.0 ], [ -1020728.0, 4687414.0 ], [ -1020779.0, 4687413.0 ], [ -1020787.0, 4687409.0 ], [ -1020789.0, 4687408.0 ], [ -1020798.0, 4687408.0 ], [ -1020808.0, 4687408.0 ], [ -1020809.0, 4687410.0 ], [ -1020812.0, 4687413.0 ], [ -1020815.0, 4687415.0 ], [ -1020820.0, 4687415.0 ], [ -1020852.0, 4687413.0 ], [ -1020872.0, 4687408.0 ], [ -1020878.0, 4687404.0 ], [ -1020882.0, 4687412.0 ], [ -1020887.0, 4687420.0 ], [ -1020944.0, 4687383.0 ], [ -1020955.0, 4687378.0 ], [ -1020970.0, 4687374.0 ], [ -1020988.0, 4687371.0 ], [ -1021045.0, 4687370.0 ], [ -1021058.0, 4687371.0 ], [ -1021100.0, 4687371.0 ], [ -1021125.0, 4687370.0 ], [ -1021174.0, 4687371.0 ], [ -1021268.0, 4687370.0 ], [ -1021276.0, 4687373.0 ], [ -1021299.0, 4687373.0 ], [ -1021308.0, 4687371.0 ], [ -1021336.0, 4687371.0 ], [ -1021336.0, 4687378.0 ], [ -1021336.0, 4687408.0 ], [ -1021416.0, 4687407.0 ] ] } },
{ "type": "Feature", "properties": { "source": 1515257359, "target": 3538716674, "ordering_random": 71, "length": 3408, "length_cumulative": 183268 }, "geometry": { "type": "LineString", "coordinates": [ [ -1019913.0, 4685649.0 ], [ -1019913.0, 4685640.0 ], [ -1019913.0, 4685564.0 ], [ -1019917.0, 4685552.0 ], [ -1019927.0, 4685540.0 ], [ -1019938.0, 4685534.0 ], [ -1019934.0, 4685521.0 ], [ -1019934.0, 4685518.0 ], [ -1019930.0, 4685509.0 ], [ -1019934.0, 4685500.0 ], [ -1019905.0, 4685499.0 ], [ -1019892.0, 4685499.0 ], [ -1019859.0, 4685498.0 ], [ -1019815.0, 4685497.0 ], [ -1019756.0, 4685496.0 ], [ -1019701.0, 4685494.0 ], [ -1019691.0, 4685497.0 ], [ -1019685.0, 4685497.0 ], [ -1019606.0, 4685496.0 ], [ -1019595.0, 4685497.0 ], [ -1019587.0, 4685497.0 ], [ -1019582.0, 4685492.0 ], [ -1019576.0, 4685485.0 ], [ -1019506.0, 4685490.0 ], [ -1019474.0, 4685492.0 ], [ -1019457.0, 4685502.0 ], [ -1019446.0, 4685512.0 ], [ -1019442.0, 4685522.0 ], [ -1019439.0, 4685537.0 ], [ -1019443.0, 4685554.0 ], [ -1019451.0, 4685570.0 ], [ -1019483.0, 4685602.0 ], [ -1019487.0, 4685610.0 ], [ -1019494.0, 4685624.0 ], [ -1019476.0, 4685622.0 ], [ -1019470.0, 4685619.0 ], [ -1019439.0, 4685614.0 ], [ -1019414.0, 4685616.0 ], [ -1019395.0, 4685624.0 ], [ -1019386.0, 4685627.0 ], [ -1019361.0, 4685566.0 ], [ -1019359.0, 4685561.0 ], [ -1019339.0, 4685520.0 ], [ -1019330.0, 4685503.0 ], [ -1019320.0, 4685488.0 ], [ -1019314.0, 4685480.0 ], [ -1019305.0, 4685467.0 ], [ -1019302.0, 4685462.0 ], [ -1019292.0, 4685450.0 ], [ -1019272.0, 4685429.0 ], [ -1019264.0, 4685421.0 ], [ -1019220.0, 4685380.0 ], [ -1019216.0, 4685377.0 ], [ -1019208.0, 4685369.0 ], [ -1019197.0, 4685359.0 ], [ -1019189.0, 4685352.0 ], [ -1019178.0, 4685343.0 ], [ -1019170.0, 4685336.0 ], [ -1019160.0, 4685330.0 ], [ -1019152.0, 4685324.0 ], [ -1019143.0, 4685319.0 ], [ -1019140.0, 4685317.0 ], [ -1019135.0, 4685315.0 ], [ -1019117.0, 4685305.0 ], [ -1019106.0, 4685300.0 ], [ -1019093.0, 4685295.0 ], [ -1019083.0, 4685292.0 ], [ -1019066.0, 4685287.0 ], [ -1019058.0, 4685285.0 ], [ -1019045.0, 4685281.0 ], [ -1019030.0, 4685277.0 ], [ -1019012.0, 4685273.0 ], [ -1018994.0, 4685269.0 ], [ -1018989.0, 4685268.0 ], [ -1018956.0, 4685261.0 ], [ -1018923.0, 4685253.0 ], [ -1018894.0, 4685247.0 ], [ -1018857.0, 4685235.0 ], [ -1018851.0, 4685233.0 ], [ -1018823.0, 4685224.0 ], [ -1018817.0, 4685222.0 ], [ -1018809.0, 4685218.0 ], [ -1018804.0, 4685216.0 ], [ -1018798.0, 4685213.0 ], [ -1018785.0, 4685207.0 ], [ -1018775.0, 4685202.0 ], [ -1018737.0, 4685179.0 ], [ -1018708.0, 4685160.0 ], [ -1018672.0, 4685138.0 ], [ -1018663.0, 4685132.0 ], [ -1018654.0, 4685128.0 ], [ -1018645.0, 4685125.0 ], [ -1018634.0, 4685124.0 ], [ -1018624.0, 4685124.0 ], [ -1018614.0, 4685125.0 ], [ -1018546.0, 4685138.0 ], [ -1018545.0, 4685131.0 ], [ -1018545.0, 4685129.0 ], [ -1018544.0, 4685127.0 ], [ -1018537.0, 4685124.0 ], [ -1018534.0, 4685119.0 ], [ -1018534.0, 4685115.0 ], [ -1018524.0, 4685065.0 ], [ -1018523.0, 4685062.0 ], [ -1018522.0, 4685058.0 ], [ -1018520.0, 4685054.0 ], [ -1018519.0, 4685050.0 ], [ -1018519.0, 4685048.0 ], [ -1018518.0, 4685043.0 ], [ -1018518.0, 4685039.0 ], [ -1018516.0, 4685035.0 ], [ -1018508.0, 4684992.0 ], [ -1018502.0, 4684961.0 ], [ -1018497.0, 4684934.0 ], [ -1018493.0, 4684909.0 ], [ -1018491.0, 4684909.0 ], [ -1018486.0, 4684910.0 ], [ -1018465.0, 4684785.0 ], [ -1018463.0, 4684775.0 ], [ -1018461.0, 4684764.0 ], [ -1018458.0, 4684749.0 ], [ -1018441.0, 4684654.0 ], [ -1018440.0, 4684649.0 ], [ -1018439.0, 4684643.0 ], [ -1018436.0, 4684627.0 ], [ -1018435.0, 4684619.0 ], [ -1018433.0, 4684612.0 ], [ -1018412.0, 4684508.0 ], [ -1018411.0, 4684501.0 ], [ -1018409.0, 4684490.0 ], [ -1018407.0, 4684481.0 ], [ -1018388.0, 4684371.0 ], [ -1018386.0, 4684358.0 ], [ -1018383.0, 4684342.0 ], [ -1018380.0, 4684327.0 ], [ -1018359.0, 4684216.0 ], [ -1018358.0, 4684209.0 ], [ -1018356.0, 4684197.0 ], [ -1018355.0, 4684189.0 ], [ -1018332.0, 4684069.0 ], [ -1018329.0, 4684058.0 ], [ -1018326.0, 4684041.0 ], [ -1018308.0, 4683941.0 ], [ -1018307.0, 4683928.0 ], [ -1018304.0, 4683915.0 ], [ -1018283.0, 4683810.0 ], [ -1018282.0, 4683806.0 ], [ -1018290.0, 4683806.0 ], [ -1018367.0, 4683803.0 ], [ -1018367.0, 4683796.0 ] ] } },
{ "type": "Feature", "properties": { "source": 486151084, "target": 1732441265, "ordering_random": 72, "length": 1455, "length_cumulative": 184723 }, "geometry": { "type": "LineString", "coordinates": [ [ -1020127.0, 4683946.0 ], [ -1020133.0, 4683948.0 ], [ -1020167.0, 4683962.0 ], [ -1020172.0, 4683964.0 ], [ -1020194.0, 4683973.0 ], [ -1020220.0, 4683983.0 ], [ -1020242.0, 4683992.0 ], [ -1020300.0, 4684015.0 ], [ -1020315.0, 4684021.0 ], [ -1020324.0, 4684025.0 ], [ -1020328.0, 4684036.0 ], [ -1020333.0, 4684042.0 ], [ -1020337.0, 4684049.0 ], [ -1020341.0, 4684056.0 ], [ -1020346.0, 4684061.0 ], [ -1020351.0, 4684066.0 ], [ -1020357.0, 4684071.0 ], [ -1020364.0, 4684075.0 ], [ -1020371.0, 4684077.0 ], [ -1020378.0, 4684079.0 ], [ -1020386.0, 4684079.0 ], [ -1020392.0, 4684077.0 ], [ -1020398.0, 4684073.0 ], [ -1020428.0, 4684071.0 ], [ -1020428.0, 4684068.0 ], [ -1020428.0, 4684064.0 ], [ -1020441.0, 4684063.0 ], [ -1020484.0, 4684059.0 ], [ -1020515.0, 4684057.0 ], [ -1020546.0, 4684054.0 ], [ -1020576.0, 4684050.0 ], [ -1020588.0, 4684050.0 ], [ -1020596.0, 4684049.0 ], [ -1020601.0, 4684049.0 ], [ -1020612.0, 4684048.0 ], [ -1020614.0, 4684048.0 ], [ -1020630.0, 4684047.0 ], [ -1020674.0, 4684037.0 ], [ -1020797.0, 4684028.0 ], [ -1020883.0, 4684020.0 ], [ -1020929.0, 4684016.0 ], [ -1020959.0, 4684013.0 ], [ -1020972.0, 4684014.0 ], [ -1020993.0, 4684016.0 ], [ -1021001.0, 4684019.0 ], [ -1021003.0, 4684015.0 ], [ -1021005.0, 4684016.0 ], [ -1021009.0, 4684016.0 ], [ -1021013.0, 4684017.0 ], [ -1021016.0, 4684021.0 ], [ -1021017.0, 4684024.0 ], [ -1021018.0, 4684025.0 ], [ -1021019.0, 4684025.0 ], [ -1021026.0, 4684024.0 ], [ -1021055.0, 4684016.0 ], [ -1021069.0, 4684010.0 ], [ -1021117.0, 4684000.0 ], [ -1021146.0, 4683992.0 ], [ -1021146.0, 4683996.0 ], [ -1021146.0, 4683998.0 ], [ -1021148.0, 4683999.0 ], [ -1021150.0, 4683998.0 ], [ -1021160.0, 4683984.0 ], [ -1021176.0, 4683969.0 ], [ -1021189.0, 4683958.0 ], [ -1021193.0, 4683955.0 ], [ -1021208.0, 4683943.0 ], [ -1021213.0, 4683940.0 ], [ -1021219.0, 4683937.0 ], [ -1021230.0, 4683934.0 ], [ -1021237.0, 4683934.0 ], [ -1021247.0, 4683937.0 ], [ -1021260.0, 4683930.0 ], [ -1021289.0, 4683922.0 ], [ -1021292.0, 4683922.0 ], [ -1021318.0, 4683920.0 ], [ -1021344.0, 4683920.0 ], [ -1021367.0, 4683924.0 ], [ -1021422.0, 4683945.0 ], [ -1021456.0, 4683945.0 ], [ -1021479.0, 4683943.0 ] ] } },
{ "type": "Feature", "properties": { "source": 1515257359, "target": 25877766, "ordering_random": 73, "length": 2574, "length_cumulative": 187297 }, "geometry": { "type": "LineString", "coordinates": [ [ -1018367.0, 4683796.0 ], [ -1018323.0, 4683798.0 ], [ -1018288.0, 4683799.0 ], [ -1018281.0, 4683799.0 ], [ -1018280.0, 4683790.0 ], [ -1018262.0, 4683791.0 ], [ -1018261.0, 4683784.0 ], [ -1018246.0, 4683705.0 ], [ -1018244.0, 4683692.0 ], [ -1018236.0, 4683694.0 ], [ -1018232.0, 4683694.0 ], [ -1018228.0, 4683693.0 ], [ -1018225.0, 4683692.0 ], [ -1018223.0, 4683690.0 ], [ -1018145.0, 4683605.0 ], [ -1018143.0, 4683602.0 ], [ -1018142.0, 4683599.0 ], [ -1018140.0, 4683592.0 ], [ -1018137.0, 4683593.0 ], [ -1018133.0, 4683594.0 ], [ -1018082.0, 4683603.0 ], [ -1018082.0, 4683600.0 ], [ -1018081.0, 4683596.0 ], [ -1018081.0, 4683594.0 ], [ -1018081.0, 4683592.0 ], [ -1018080.0, 4683588.0 ], [ -1018079.0, 4683584.0 ], [ -1018078.0, 4683583.0 ], [ -1018078.0, 4683582.0 ], [ -1018077.0, 4683580.0 ], [ -1018076.0, 4683576.0 ], [ -1018074.0, 4683572.0 ], [ -1018072.0, 4683568.0 ], [ -1018070.0, 4683565.0 ], [ -1018068.0, 4683561.0 ], [ -1018066.0, 4683558.0 ], [ -1018063.0, 4683554.0 ], [ -1018060.0, 4683551.0 ], [ -1018057.0, 4683548.0 ], [ -1018054.0, 4683545.0 ], [ -1018051.0, 4683543.0 ], [ -1018049.0, 4683541.0 ], [ -1018048.0, 4683540.0 ], [ -1018047.0, 4683540.0 ], [ -1018046.0, 4683539.0 ], [ -1018044.0, 4683538.0 ], [ -1018042.0, 4683536.0 ], [ -1018041.0, 4683536.0 ], [ -1018037.0, 4683534.0 ], [ -1018036.0, 4683533.0 ], [ -1018034.0, 4683532.0 ], [ -1018032.0, 4683531.0 ], [ -1018029.0, 4683530.0 ], [ -1018028.0, 4683530.0 ], [ -1018032.0, 4683525.0 ], [ -1018052.0, 4683481.0 ], [ -1018052.0, 4683467.0 ], [ -1018048.0, 4683461.0 ], [ -1018034.0, 4683436.0 ], [ -1018015.0, 4683405.0 ], [ -1018009.0, 4683394.0 ], [ -1017972.0, 4683335.0 ], [ -1017961.0, 4683317.0 ], [ -1017958.0, 4683311.0 ], [ -1017951.0, 4683300.0 ], [ -1017901.0, 4683222.0 ], [ -1017898.0, 4683216.0 ], [ -1017893.0, 4683206.0 ], [ -1017887.0, 4683188.0 ], [ -1017883.0, 4683173.0 ], [ -1017881.0, 4683157.0 ], [ -1017880.0, 4683148.0 ], [ -1017874.0, 4683124.0 ], [ -1017868.0, 4683097.0 ], [ -1017861.0, 4683066.0 ], [ -1017859.0, 4683057.0 ], [ -1017856.0, 4683043.0 ], [ -1017852.0, 4683027.0 ], [ -1017853.0, 4683008.0 ], [ -1017856.0, 4682994.0 ], [ -1017863.0, 4682979.0 ], [ -1017870.0, 4682965.0 ], [ -1017862.0, 4682952.0 ], [ -1017853.0, 4682940.0 ], [ -1017785.0, 4682844.0 ], [ -1017763.0, 4682813.0 ], [ -1017722.0, 4682755.0 ], [ -1017714.0, 4682755.0 ], [ -1017711.0, 4682754.0 ], [ -1017695.0, 4682748.0 ], [ -1017694.0, 4682745.0 ], [ -1017690.0, 4682737.0 ], [ -1017635.0, 4682734.0 ], [ -1017551.0, 4682729.0 ], [ -1017532.0, 4682728.0 ], [ -1017523.0, 4682727.0 ], [ -1017507.0, 4682726.0 ], [ -1017443.0, 4682722.0 ], [ -1017433.0, 4682722.0 ], [ -1017392.0, 4682719.0 ], [ -1017386.0, 4682719.0 ], [ -1017293.0, 4682713.0 ], [ -1017281.0, 4682713.0 ], [ -1017259.0, 4682711.0 ], [ -1017247.0, 4682710.0 ], [ -1017237.0, 4682709.0 ], [ -1017232.0, 4682708.0 ], [ -1017221.0, 4682706.0 ], [ -1017204.0, 4682700.0 ], [ -1017193.0, 4682695.0 ], [ -1017183.0, 4682690.0 ], [ -1017178.0, 4682686.0 ], [ -1017170.0, 4682681.0 ], [ -1017163.0, 4682677.0 ], [ -1017151.0, 4682668.0 ], [ -1017140.0, 4682661.0 ], [ -1017125.0, 4682648.0 ], [ -1017118.0, 4682643.0 ], [ -1017106.0, 4682633.0 ], [ -1017099.0, 4682628.0 ], [ -1017079.0, 4682605.0 ], [ -1017060.0, 4682577.0 ], [ -1017057.0, 4682572.0 ], [ -1017052.0, 4682568.0 ], [ -1017051.0, 4682551.0 ], [ -1017050.0, 4682544.0 ], [ -1017050.0, 4682537.0 ], [ -1017025.0, 4682347.0 ], [ -1017025.0, 4682335.0 ], [ -1017024.0, 4682328.0 ], [ -1017010.0, 4682256.0 ], [ -1016994.0, 4682177.0 ], [ -1016986.0, 4682132.0 ] ] } },
{ "type": "Feature", "properties": { "source": 7167936371, "target": 486151084, "ordering_random": 74, "length": 3210, "length_cumulative": 190508 }, "geometry": { "type": "LineString", "coordinates": [ [ -1021604.0, 4685757.0 ], [ -1021598.0, 4685755.0 ], [ -1021444.0, 4685714.0 ], [ -1021436.0, 4685711.0 ], [ -1021438.0, 4685786.0 ], [ -1021439.0, 4685866.0 ], [ -1021440.0, 4685880.0 ], [ -1021374.0, 4685885.0 ], [ -1021343.0, 4685888.0 ], [ -1021254.0, 4685890.0 ], [ -1021247.0, 4685887.0 ], [ -1021242.0, 4685884.0 ], [ -1021238.0, 4685880.0 ], [ -1021217.0, 4685850.0 ], [ -1021165.0, 4685763.0 ], [ -1021136.0, 4685717.0 ], [ -1021131.0, 4685710.0 ], [ -1021108.0, 4685673.0 ], [ -1021104.0, 4685667.0 ], [ -1021102.0, 4685664.0 ], [ -1021096.0, 4685659.0 ], [ -1021090.0, 4685655.0 ], [ -1021080.0, 4685652.0 ], [ -1021069.0, 4685651.0 ], [ -1021011.0, 4685652.0 ], [ -1020972.0, 4685653.0 ], [ -1020949.0, 4685653.0 ], [ -1020947.0, 4685640.0 ], [ -1020942.0, 4685628.0 ], [ -1020928.0, 4685606.0 ], [ -1020926.0, 4685602.0 ], [ -1020918.0, 4685593.0 ], [ -1020900.0, 4685573.0 ], [ -1020879.0, 4685533.0 ], [ -1020869.0, 4685514.0 ], [ -1020846.0, 4685481.0 ], [ -1020836.0, 4685470.0 ], [ -1020822.0, 4685455.0 ], [ -1020807.0, 4685442.0 ], [ -1020787.0, 4685424.0 ], [ -1020779.0, 4685415.0 ], [ -1020773.0, 4685405.0 ], [ -1020756.0, 4685355.0 ], [ -1020739.0, 4685305.0 ], [ -1020732.0, 4685284.0 ], [ -1020722.0, 4685266.0 ], [ -1020699.0, 4685222.0 ], [ -1020692.0, 4685212.0 ], [ -1020683.0, 4685203.0 ], [ -1020657.0, 4685179.0 ], [ -1020650.0, 4685172.0 ], [ -1020637.0, 4685156.0 ], [ -1020627.0, 4685144.0 ], [ -1020609.0, 4685126.0 ], [ -1020600.0, 4685118.0 ], [ -1020597.0, 4685114.0 ], [ -1020590.0, 4685106.0 ], [ -1020582.0, 4685098.0 ], [ -1020576.0, 4685091.0 ], [ -1020563.0, 4685076.0 ], [ -1020543.0, 4685055.0 ], [ -1020548.0, 4685050.0 ], [ -1020550.0, 4685048.0 ], [ -1020525.0, 4685018.0 ], [ -1020501.0, 4684985.0 ], [ -1020495.0, 4684963.0 ], [ -1020489.0, 4684953.0 ], [ -1020487.0, 4684951.0 ], [ -1020475.0, 4684933.0 ], [ -1020464.0, 4684916.0 ], [ -1020461.0, 4684911.0 ], [ -1020458.0, 4684906.0 ], [ -1020461.0, 4684904.0 ], [ -1020460.0, 4684902.0 ], [ -1020455.0, 4684894.0 ], [ -1020453.0, 4684891.0 ], [ -1020451.0, 4684889.0 ], [ -1020449.0, 4684886.0 ], [ -1020448.0, 4684884.0 ], [ -1020445.0, 4684879.0 ], [ -1020603.0, 4684774.0 ], [ -1020607.0, 4684766.0 ], [ -1020608.0, 4684762.0 ], [ -1020609.0, 4684759.0 ], [ -1020609.0, 4684758.0 ], [ -1020608.0, 4684756.0 ], [ -1020608.0, 4684754.0 ], [ -1020607.0, 4684752.0 ], [ -1020605.0, 4684749.0 ], [ -1020594.0, 4684737.0 ], [ -1020582.0, 4684725.0 ], [ -1020589.0, 4684718.0 ], [ -1020591.0, 4684713.0 ], [ -1020592.0, 4684707.0 ], [ -1020593.0, 4684700.0 ], [ -1020588.0, 4684667.0 ], [ -1020570.0, 4684644.0 ], [ -1020548.0, 4684615.0 ], [ -1020529.0, 4684588.0 ], [ -1020516.0, 4684568.0 ], [ -1020513.0, 4684563.0 ], [ -1020500.0, 4684538.0 ], [ -1020495.0, 4684528.0 ], [ -1020493.0, 4684525.0 ], [ -1020484.0, 4684506.0 ], [ -1020473.0, 4684482.0 ], [ -1020470.0, 4684475.0 ], [ -1020465.0, 4684461.0 ], [ -1020463.0, 4684454.0 ], [ -1020462.0, 4684445.0 ], [ -1020461.0, 4684436.0 ], [ -1020462.0, 4684425.0 ], [ -1020467.0, 4684406.0 ], [ -1020484.0, 4684343.0 ], [ -1020504.0, 4684281.0 ], [ -1020497.0, 4684266.0 ], [ -1020495.0, 4684262.0 ], [ -1020478.0, 4684246.0 ], [ -1020411.0, 4684222.0 ], [ -1020389.0, 4684212.0 ], [ -1020380.0, 4684209.0 ], [ -1020361.0, 4684201.0 ], [ -1020216.0, 4684143.0 ], [ -1020211.0, 4684141.0 ], [ -1020178.0, 4684128.0 ], [ -1020177.0, 4684128.0 ], [ -1020150.0, 4684117.0 ], [ -1020116.0, 4684102.0 ], [ -1020120.0, 4684093.0 ], [ -1020122.0, 4684087.0 ], [ -1020123.0, 4684085.0 ], [ -1020096.0, 4684075.0 ], [ -1020089.0, 4684069.0 ], [ -1020089.0, 4684050.0 ], [ -1020094.0, 4684034.0 ], [ -1020098.0, 4684027.0 ], [ -1020100.0, 4684022.0 ], [ -1020104.0, 4684020.0 ], [ -1020101.0, 4684009.0 ], [ -1020100.0, 4684008.0 ], [ -1020099.0, 4684006.0 ], [ -1020095.0, 4684002.0 ] ] } },
{ "type": "Feature", "properties": { "source": 2441312770, "target": 13005729519, "ordering_random": 75, "length": 3004, "length_cumulative": 193512 }, "geometry": { "type": "LineString", "coordinates": [ [ -1015139.0, 4681775.0 ], [ -1015128.0, 4681767.0 ], [ -1015130.0, 4681761.0 ], [ -1015098.0, 4681725.0 ], [ -1015063.0, 4681685.0 ], [ -1015079.0, 4681673.0 ], [ -1015041.0, 4681593.0 ], [ -1015029.0, 4681576.0 ], [ -1015020.0, 4681573.0 ], [ -1015022.0, 4681565.0 ], [ -1015033.0, 4681513.0 ], [ -1015047.0, 4681463.0 ], [ -1015050.0, 4681452.0 ], [ -1015054.0, 4681440.0 ], [ -1015057.0, 4681432.0 ], [ -1015059.0, 4681427.0 ], [ -1015080.0, 4681398.0 ], [ -1015084.0, 4681393.0 ], [ -1015088.0, 4681388.0 ], [ -1015093.0, 4681382.0 ], [ -1015097.0, 4681377.0 ], [ -1015102.0, 4681371.0 ], [ -1015115.0, 4681354.0 ], [ -1015121.0, 4681347.0 ], [ -1015126.0, 4681340.0 ], [ -1015130.0, 4681336.0 ], [ -1015198.0, 4681250.0 ], [ -1015221.0, 4681228.0 ], [ -1015267.0, 4681183.0 ], [ -1015271.0, 4681178.0 ], [ -1015275.0, 4681174.0 ], [ -1015289.0, 4681157.0 ], [ -1015316.0, 4681127.0 ], [ -1015378.0, 4681052.0 ], [ -1015404.0, 4681015.0 ], [ -1015419.0, 4681006.0 ], [ -1015436.0, 4680986.0 ], [ -1015441.0, 4680981.0 ], [ -1015495.0, 4680946.0 ], [ -1015503.0, 4680940.0 ], [ -1015511.0, 4680937.0 ], [ -1015517.0, 4680936.0 ], [ -1015522.0, 4680939.0 ], [ -1015527.0, 4680944.0 ], [ -1015541.0, 4680971.0 ], [ -1015559.0, 4680990.0 ], [ -1015568.0, 4680974.0 ], [ -1015570.0, 4680969.0 ], [ -1015584.0, 4680954.0 ], [ -1015589.0, 4680947.0 ], [ -1015596.0, 4680944.0 ], [ -1015619.0, 4680899.0 ], [ -1015629.0, 4680881.0 ], [ -1015680.0, 4680826.0 ], [ -1015688.0, 4680818.0 ], [ -1015717.0, 4680793.0 ], [ -1015722.0, 4680787.0 ], [ -1015747.0, 4680768.0 ], [ -1015753.0, 4680762.0 ], [ -1015773.0, 4680748.0 ], [ -1015774.0, 4680745.0 ], [ -1015778.0, 4680736.0 ], [ -1015792.0, 4680725.0 ], [ -1015807.0, 4680710.0 ], [ -1015834.0, 4680690.0 ], [ -1015839.0, 4680686.0 ], [ -1015843.0, 4680684.0 ], [ -1015870.0, 4680663.0 ], [ -1015875.0, 4680659.0 ], [ -1015884.0, 4680651.0 ], [ -1015891.0, 4680644.0 ], [ -1015895.0, 4680641.0 ], [ -1015924.0, 4680611.0 ], [ -1015937.0, 4680596.0 ], [ -1015956.0, 4680570.0 ], [ -1015970.0, 4680551.0 ], [ -1015977.0, 4680542.0 ], [ -1015996.0, 4680527.0 ], [ -1016005.0, 4680519.0 ], [ -1016023.0, 4680506.0 ], [ -1016034.0, 4680498.0 ], [ -1016052.0, 4680486.0 ], [ -1016057.0, 4680487.0 ], [ -1016066.0, 4680484.0 ], [ -1016084.0, 4680472.0 ], [ -1016098.0, 4680465.0 ], [ -1016102.0, 4680459.0 ], [ -1016110.0, 4680448.0 ], [ -1016120.0, 4680438.0 ], [ -1016127.0, 4680432.0 ], [ -1016127.0, 4680422.0 ], [ -1016128.0, 4680418.0 ], [ -1016128.0, 4680414.0 ], [ -1016127.0, 4680413.0 ], [ -1016127.0, 4680410.0 ], [ -1016128.0, 4680405.0 ], [ -1016145.0, 4680389.0 ], [ -1016154.0, 4680392.0 ], [ -1016165.0, 4680392.0 ], [ -1016171.0, 4680393.0 ], [ -1016173.0, 4680393.0 ], [ -1016179.0, 4680389.0 ], [ -1016186.0, 4680382.0 ], [ -1016196.0, 4680370.0 ], [ -1016206.0, 4680363.0 ], [ -1016215.0, 4680357.0 ], [ -1016229.0, 4680347.0 ], [ -1016260.0, 4680321.0 ], [ -1016263.0, 4680321.0 ], [ -1016270.0, 4680310.0 ], [ -1016271.0, 4680307.0 ], [ -1016275.0, 4680301.0 ], [ -1016286.0, 4680290.0 ], [ -1016292.0, 4680285.0 ], [ -1016298.0, 4680284.0 ], [ -1016302.0, 4680284.0 ], [ -1016315.0, 4680258.0 ], [ -1016330.0, 4680228.0 ], [ -1016337.0, 4680216.0 ], [ -1016341.0, 4680211.0 ], [ -1016346.0, 4680206.0 ], [ -1016351.0, 4680203.0 ], [ -1016355.0, 4680199.0 ], [ -1016366.0, 4680196.0 ], [ -1016379.0, 4680193.0 ], [ -1016393.0, 4680190.0 ], [ -1016401.0, 4680179.0 ], [ -1016401.0, 4680167.0 ], [ -1016450.0, 4680160.0 ], [ -1016453.0, 4680160.0 ], [ -1016457.0, 4680159.0 ], [ -1016505.0, 4680155.0 ], [ -1016571.0, 4680150.0 ], [ -1016573.0, 4680150.0 ], [ -1016577.0, 4680150.0 ], [ -1016579.0, 4680151.0 ], [ -1016584.0, 4680152.0 ], [ -1016591.0, 4680154.0 ], [ -1016613.0, 4680161.0 ], [ -1016623.0, 4680163.0 ], [ -1016627.0, 4680164.0 ], [ -1016629.0, 4680164.0 ], [ -1016632.0, 4680164.0 ], [ -1016636.0, 4680164.0 ], [ -1016648.0, 4680163.0 ], [ -1016691.0, 4680159.0 ], [ -1016695.0, 4680159.0 ], [ -1016699.0, 4680159.0 ], [ -1016707.0, 4680161.0 ], [ -1016712.0, 4680163.0 ], [ -1016714.0, 4680164.0 ], [ -1016718.0, 4680166.0 ], [ -1016726.0, 4680170.0 ], [ -1016739.0, 4680183.0 ], [ -1016742.0, 4680185.0 ], [ -1016748.0, 4680184.0 ], [ -1016753.0, 4680185.0 ], [ -1016758.0, 4680187.0 ], [ -1016766.0, 4680191.0 ], [ -1016782.0, 4680199.0 ], [ -1016790.0, 4680203.0 ], [ -1016796.0, 4680206.0 ], [ -1016798.0, 4680207.0 ], [ -1016818.0, 4680218.0 ], [ -1016840.0, 4680229.0 ], [ -1016846.0, 4680232.0 ], [ -1016849.0, 4680234.0 ], [ -1016886.0, 4680253.0 ], [ -1016892.0, 4680253.0 ], [ -1016900.0, 4680249.0 ], [ -1016913.0, 4680239.0 ], [ -1016914.0, 4680238.0 ], [ -1016921.0, 4680232.0 ], [ -1016924.0, 4680230.0 ], [ -1016934.0, 4680227.0 ], [ -1016967.0, 4680217.0 ], [ -1016968.0, 4680216.0 ], [ -1016973.0, 4680215.0 ], [ -1016973.0, 4680216.0 ], [ -1016975.0, 4680221.0 ], [ -1016975.0, 4680222.0 ] ] } },
{ "type": "Feature", "properties": { "source": 7050871650, "target": 12228962543, "ordering_random": 76, "length": 3427, "length_cumulative": 196940 }, "geometry": { "type": "MultiLineString", "coordinates": [ [ [ -1021304.0, 4678930.0 ], [ -1021309.0, 4678949.0 ], [ -1021313.0, 4678969.0 ], [ -1021315.0, 4678976.0 ], [ -1021319.0, 4678987.0 ], [ -1021318.0, 4679002.0 ], [ -1021318.0, 4679006.0 ], [ -1021321.0, 4679013.0 ], [ -1021323.0, 4679019.0 ], [ -1021325.0, 4679026.0 ], [ -1021325.0, 4679032.0 ], [ -1021324.0, 4679037.0 ], [ -1021322.0, 4679041.0 ], [ -1021317.0, 4679047.0 ], [ -1021267.0, 4679077.0 ], [ -1021231.0, 4679099.0 ], [ -1021206.0, 4679121.0 ], [ -1021143.0, 4679157.0 ], [ -1021129.0, 4679164.0 ], [ -1021113.0, 4679172.0 ], [ -1021105.0, 4679176.0 ], [ -1021057.0, 4679201.0 ], [ -1021027.0, 4679215.0 ], [ -1021012.0, 4679221.0 ], [ -1020996.0, 4679225.0 ], [ -1020965.0, 4679234.0 ], [ -1020939.0, 4679240.0 ], [ -1020912.0, 4679245.0 ], [ -1020888.0, 4679249.0 ], [ -1020862.0, 4679252.0 ], [ -1020818.0, 4679255.0 ], [ -1020797.0, 4679264.0 ], [ -1020759.0, 4679266.0 ], [ -1020720.0, 4679266.0 ], [ -1020640.0, 4679266.0 ], [ -1020609.0, 4679265.0 ], [ -1020600.0, 4679264.0 ], [ -1020597.0, 4679267.0 ], [ -1020583.0, 4679267.0 ], [ -1020583.0, 4679270.0 ], [ -1020581.0, 4679270.0 ] ], [ [ -1020581.0, 4679270.0 ], [ -1020580.0, 4679270.0 ], [ -1020572.0, 4679270.0 ], [ -1020572.0, 4679267.0 ], [ -1020581.0, 4679267.0 ], [ -1020581.0, 4679270.0 ] ], [ [ -1020581.0, 4679270.0 ], [ -1020580.0, 4679294.0 ], [ -1020556.0, 4679294.0 ], [ -1020557.0, 4679300.0 ], [ -1020543.0, 4679300.0 ], [ -1020499.0, 4679304.0 ], [ -1020471.0, 4679303.0 ], [ -1020462.0, 4679314.0 ], [ -1020437.0, 4679314.0 ], [ -1020349.0, 4679314.0 ], [ -1020344.0, 4679314.0 ], [ -1020335.0, 4679317.0 ], [ -1020312.0, 4679316.0 ], [ -1020299.0, 4679313.0 ], [ -1020288.0, 4679314.0 ], [ -1020284.0, 4679316.0 ], [ -1020256.0, 4679316.0 ], [ -1020251.0, 4679313.0 ], [ -1020170.0, 4679313.0 ], [ -1020160.0, 4679316.0 ], [ -1020130.0, 4679317.0 ], [ -1020110.0, 4679318.0 ], [ -1020100.0, 4679316.0 ], [ -1020081.0, 4679318.0 ], [ -1020062.0, 4679321.0 ], [ -1020055.0, 4679323.0 ], [ -1020057.0, 4679328.0 ], [ -1020027.0, 4679336.0 ], [ -1020029.0, 4679342.0 ], [ -1020056.0, 4679342.0 ], [ -1020057.0, 4679347.0 ], [ -1020033.0, 4679361.0 ], [ -1020033.0, 4679369.0 ], [ -1020033.0, 4679376.0 ], [ -1020025.0, 4679378.0 ], [ -1020020.0, 4679379.0 ], [ -1019996.0, 4679386.0 ], [ -1019997.0, 4679394.0 ], [ -1019988.0, 4679397.0 ], [ -1019982.0, 4679403.0 ], [ -1019978.0, 4679412.0 ], [ -1019979.0, 4679422.0 ], [ -1019961.0, 4679428.0 ], [ -1019956.0, 4679441.0 ], [ -1019953.0, 4679452.0 ], [ -1019951.0, 4679457.0 ], [ -1019940.0, 4679457.0 ], [ -1019933.0, 4679459.0 ], [ -1019926.0, 4679460.0 ], [ -1019922.0, 4679462.0 ], [ -1019920.0, 4679463.0 ], [ -1019916.0, 4679465.0 ], [ -1019914.0, 4679466.0 ], [ -1019872.0, 4679490.0 ], [ -1019838.0, 4679509.0 ], [ -1019829.0, 4679514.0 ], [ -1019819.0, 4679520.0 ], [ -1019800.0, 4679531.0 ], [ -1019793.0, 4679535.0 ], [ -1019761.0, 4679553.0 ], [ -1019760.0, 4679554.0 ], [ -1019740.0, 4679564.0 ], [ -1019737.0, 4679566.0 ], [ -1019724.0, 4679573.0 ], [ -1019719.0, 4679577.0 ], [ -1019667.0, 4679610.0 ], [ -1019615.0, 4679644.0 ], [ -1019556.0, 4679684.0 ], [ -1019527.0, 4679706.0 ], [ -1019502.0, 4679725.0 ], [ -1019497.0, 4679729.0 ], [ -1019475.0, 4679746.0 ], [ -1019466.0, 4679753.0 ], [ -1019463.0, 4679756.0 ], [ -1019461.0, 4679757.0 ], [ -1019460.0, 4679758.0 ], [ -1019454.0, 4679762.0 ], [ -1019447.0, 4679768.0 ], [ -1019408.0, 4679791.0 ], [ -1019400.0, 4679796.0 ], [ -1019394.0, 4679799.0 ], [ -1019366.0, 4679808.0 ], [ -1019332.0, 4679823.0 ], [ -1019307.0, 4679836.0 ], [ -1019282.0, 4679848.0 ], [ -1019276.0, 4679861.0 ], [ -1019245.0, 4679899.0 ], [ -1019192.0, 4679927.0 ], [ -1019131.0, 4679940.0 ], [ -1019127.0, 4679942.0 ], [ -1019092.0, 4679959.0 ], [ -1019034.0, 4679998.0 ], [ -1019000.0, 4680020.0 ], [ -1018952.0, 4680046.0 ], [ -1018946.0, 4680049.0 ], [ -1018933.0, 4680059.0 ], [ -1018931.0, 4680060.0 ], [ -1018917.0, 4680070.0 ], [ -1018914.0, 4680072.0 ], [ -1018916.0, 4680084.0 ], [ -1018918.0, 4680096.0 ], [ -1018917.0, 4680096.0 ], [ -1018907.0, 4680106.0 ], [ -1018891.0, 4680122.0 ], [ -1018878.0, 4680135.0 ], [ -1018874.0, 4680139.0 ], [ -1018870.0, 4680143.0 ], [ -1018847.0, 4680158.0 ], [ -1018839.0, 4680162.0 ], [ -1018833.0, 4680165.0 ], [ -1018821.0, 4680170.0 ], [ -1018763.0, 4680193.0 ], [ -1018726.0, 4680209.0 ], [ -1018704.0, 4680221.0 ], [ -1018666.0, 4680249.0 ], [ -1018620.0, 4680283.0 ], [ -1018654.0, 4680346.0 ] ] ] } },
{ "type": "Feature", "properties": { "source": 3432238402, "target": 2273528482, "ordering_random": 77, "length": 2314, "length_cumulative": 199255 }, "geometry": { "type": "LineString", "coordinates": [ [ -1016166.0, 4688772.0 ], [ -1016158.0, 4688773.0 ], [ -1016137.0, 4688777.0 ], [ -1016130.0, 4688779.0 ], [ -1016136.0, 4688805.0 ], [ -1016133.0, 4688806.0 ], [ -1016106.0, 4688784.0 ], [ -1016096.0, 4688786.0 ], [ -1016088.0, 4688788.0 ], [ -1016086.0, 4688805.0 ], [ -1016085.0, 4688812.0 ], [ -1016072.0, 4688810.0 ], [ -1016064.0, 4688812.0 ], [ -1016061.0, 4688815.0 ], [ -1016058.0, 4688814.0 ], [ -1016054.0, 4688813.0 ], [ -1016054.0, 4688809.0 ], [ -1016017.0, 4688801.0 ], [ -1016009.0, 4688801.0 ], [ -1016101.0, 4688890.0 ], [ -1016105.0, 4688899.0 ], [ -1016110.0, 4688922.0 ], [ -1016110.0, 4688924.0 ], [ -1016114.0, 4688945.0 ], [ -1016114.0, 4688970.0 ], [ -1016115.0, 4688974.0 ], [ -1016117.0, 4688975.0 ], [ -1016118.0, 4688977.0 ], [ -1016127.0, 4688982.0 ], [ -1016131.0, 4688986.0 ], [ -1016135.0, 4689004.0 ], [ -1016138.0, 4689020.0 ], [ -1016165.0, 4689152.0 ], [ -1016168.0, 4689165.0 ], [ -1016169.0, 4689173.0 ], [ -1016168.0, 4689179.0 ], [ -1016167.0, 4689183.0 ], [ -1016164.0, 4689187.0 ], [ -1016195.0, 4689185.0 ], [ -1016215.0, 4689183.0 ], [ -1016222.0, 4689185.0 ], [ -1016227.0, 4689188.0 ], [ -1016232.0, 4689192.0 ], [ -1016236.0, 4689201.0 ], [ -1016242.0, 4689223.0 ], [ -1016249.0, 4689264.0 ], [ -1016260.0, 4689316.0 ], [ -1016264.0, 4689329.0 ], [ -1016266.0, 4689333.0 ], [ -1016271.0, 4689337.0 ], [ -1016281.0, 4689344.0 ], [ -1016286.0, 4689350.0 ], [ -1016290.0, 4689367.0 ], [ -1016300.0, 4689404.0 ], [ -1016316.0, 4689424.0 ], [ -1016341.0, 4689454.0 ], [ -1016357.0, 4689473.0 ], [ -1016371.0, 4689492.0 ], [ -1016379.0, 4689511.0 ], [ -1016407.0, 4689625.0 ], [ -1016409.0, 4689632.0 ], [ -1016413.0, 4689639.0 ], [ -1016420.0, 4689643.0 ], [ -1016419.0, 4689701.0 ], [ -1016421.0, 4689743.0 ], [ -1016428.0, 4689802.0 ], [ -1016430.0, 4689820.0 ], [ -1016434.0, 4689849.0 ], [ -1016435.0, 4689860.0 ], [ -1016465.0, 4690005.0 ], [ -1016374.0, 4690142.0 ], [ -1016198.0, 4690413.0 ], [ -1016189.0, 4690428.0 ], [ -1016146.0, 4690495.0 ], [ -1016139.0, 4690500.0 ], [ -1016129.0, 4690502.0 ], [ -1016094.0, 4690502.0 ], [ -1016067.0, 4690503.0 ], [ -1016043.0, 4690503.0 ], [ -1016035.0, 4690501.0 ], [ -1016033.0, 4690498.0 ], [ -1016030.0, 4690491.0 ] ] } },
{ "type": "Feature", "properties": { "source": 8373497163, "target": 10573661628, "ordering_random": 78, "length": 4472, "length_cumulative": 203727 }, "geometry": { "type": "LineString", "coordinates": [ [ -1012611.0, 4687544.0 ], [ -1012600.0, 4687544.0 ], [ -1012584.0, 4687543.0 ], [ -1012581.0, 4687551.0 ], [ -1012580.0, 4687555.0 ], [ -1012579.0, 4687558.0 ], [ -1012576.0, 4687563.0 ], [ -1012572.0, 4687567.0 ], [ -1012570.0, 4687571.0 ], [ -1012568.0, 4687576.0 ], [ -1012567.0, 4687582.0 ], [ -1012568.0, 4687587.0 ], [ -1012570.0, 4687590.0 ], [ -1012569.0, 4687604.0 ], [ -1012568.0, 4687611.0 ], [ -1012568.0, 4687625.0 ], [ -1012566.0, 4687651.0 ], [ -1012557.0, 4687790.0 ], [ -1012555.0, 4687818.0 ], [ -1012554.0, 4687831.0 ], [ -1012553.0, 4687845.0 ], [ -1012552.0, 4687870.0 ], [ -1012551.0, 4687885.0 ], [ -1012547.0, 4687941.0 ], [ -1012547.0, 4687946.0 ], [ -1012542.0, 4688029.0 ], [ -1012541.0, 4688032.0 ], [ -1012541.0, 4688047.0 ], [ -1012540.0, 4688054.0 ], [ -1012540.0, 4688058.0 ], [ -1012540.0, 4688060.0 ], [ -1012539.0, 4688074.0 ], [ -1012536.0, 4688123.0 ], [ -1012531.0, 4688195.0 ], [ -1012529.0, 4688231.0 ], [ -1012527.0, 4688258.0 ], [ -1012526.0, 4688271.0 ], [ -1012525.0, 4688285.0 ], [ -1012524.0, 4688312.0 ], [ -1012523.0, 4688325.0 ], [ -1012520.0, 4688375.0 ], [ -1012518.0, 4688402.0 ], [ -1012517.0, 4688420.0 ], [ -1012515.0, 4688451.0 ], [ -1012514.0, 4688455.0 ], [ -1012513.0, 4688474.0 ], [ -1012507.0, 4688576.0 ], [ -1012506.0, 4688581.0 ], [ -1012506.0, 4688586.0 ], [ -1012505.0, 4688608.0 ], [ -1012504.0, 4688622.0 ], [ -1012500.0, 4688686.0 ], [ -1012500.0, 4688689.0 ], [ -1012499.0, 4688698.0 ], [ -1012498.0, 4688716.0 ], [ -1012497.0, 4688729.0 ], [ -1012494.0, 4688775.0 ], [ -1012486.0, 4688896.0 ], [ -1012486.0, 4688905.0 ], [ -1012485.0, 4688923.0 ], [ -1012484.0, 4688936.0 ], [ -1012474.0, 4689093.0 ], [ -1012473.0, 4689102.0 ], [ -1012472.0, 4689120.0 ], [ -1012471.0, 4689134.0 ], [ -1012467.0, 4689192.0 ], [ -1012466.0, 4689219.0 ], [ -1012465.0, 4689233.0 ], [ -1012461.0, 4689288.0 ], [ -1012460.0, 4689305.0 ], [ -1012454.0, 4689400.0 ], [ -1012452.0, 4689427.0 ], [ -1012452.0, 4689441.0 ], [ -1012450.0, 4689451.0 ], [ -1012449.0, 4689454.0 ], [ -1012446.0, 4689466.0 ], [ -1012443.0, 4689471.0 ], [ -1012441.0, 4689476.0 ], [ -1012440.0, 4689482.0 ], [ -1012440.0, 4689488.0 ], [ -1012442.0, 4689494.0 ], [ -1012445.0, 4689499.0 ], [ -1012449.0, 4689504.0 ], [ -1012453.0, 4689517.0 ], [ -1012456.0, 4689534.0 ], [ -1012457.0, 4689542.0 ], [ -1012458.0, 4689551.0 ], [ -1012457.0, 4689565.0 ], [ -1012449.0, 4689574.0 ], [ -1012444.0, 4689580.0 ], [ -1012442.0, 4689584.0 ], [ -1012441.0, 4689588.0 ], [ -1012438.0, 4689621.0 ], [ -1012437.0, 4689635.0 ], [ -1012436.0, 4689651.0 ], [ -1012434.0, 4689672.0 ], [ -1012426.0, 4689803.0 ], [ -1012425.0, 4689825.0 ], [ -1012424.0, 4689844.0 ], [ -1012424.0, 4689877.0 ], [ -1012424.0, 4689889.0 ], [ -1012424.0, 4689916.0 ], [ -1012428.0, 4689932.0 ], [ -1012419.0, 4689934.0 ], [ -1012413.0, 4689970.0 ], [ -1012408.0, 4690100.0 ], [ -1012408.0, 4690109.0 ], [ -1012404.0, 4690180.0 ], [ -1012402.0, 4690213.0 ], [ -1012398.0, 4690280.0 ], [ -1012394.0, 4690337.0 ], [ -1012390.0, 4690409.0 ], [ -1012395.0, 4690420.0 ], [ -1012401.0, 4690432.0 ], [ -1012394.0, 4690435.0 ], [ -1012386.0, 4690439.0 ], [ -1012385.0, 4690445.0 ], [ -1012379.0, 4690556.0 ], [ -1012378.0, 4690577.0 ], [ -1012378.0, 4690594.0 ], [ -1012375.0, 4690632.0 ], [ -1012373.0, 4690651.0 ], [ -1012374.0, 4690652.0 ], [ -1012390.0, 4690677.0 ], [ -1012382.0, 4690683.0 ], [ -1012379.0, 4690686.0 ], [ -1012375.0, 4690690.0 ], [ -1012370.0, 4690697.0 ], [ -1012371.0, 4690711.0 ], [ -1012369.0, 4690718.0 ], [ -1012367.0, 4690725.0 ], [ -1012369.0, 4690744.0 ], [ -1012371.0, 4690754.0 ], [ -1012373.0, 4690768.0 ], [ -1012384.0, 4690784.0 ], [ -1012395.0, 4690798.0 ], [ -1012433.0, 4690845.0 ], [ -1012480.0, 4690895.0 ], [ -1012568.0, 4690980.0 ], [ -1012585.0, 4690995.0 ], [ -1012614.0, 4691027.0 ], [ -1012629.0, 4691046.0 ], [ -1012654.0, 4691080.0 ], [ -1012669.0, 4691105.0 ], [ -1012681.0, 4691124.0 ], [ -1012692.0, 4691141.0 ], [ -1012717.0, 4691190.0 ], [ -1012726.0, 4691208.0 ], [ -1012754.0, 4691273.0 ], [ -1012777.0, 4691356.0 ], [ -1012783.0, 4691377.0 ], [ -1012783.0, 4691380.0 ], [ -1012788.0, 4691404.0 ], [ -1012795.0, 4691469.0 ], [ -1012797.0, 4691478.0 ], [ -1012802.0, 4691512.0 ], [ -1012803.0, 4691528.0 ], [ -1012805.0, 4691558.0 ], [ -1012808.0, 4691595.0 ], [ -1012810.0, 4691642.0 ], [ -1012810.0, 4691660.0 ], [ -1012810.0, 4691728.0 ], [ -1012808.0, 4691794.0 ] ] } },
{ "type": "Feature", "properties": { "source": 6063927724, "target": 1668354046, "ordering_random": 79, "length": 175, "length_cumulative": 203902 }, "geometry": { "type": "LineString", "coordinates": [ [ -1023634.0, 4682526.0 ], [ -1023551.0, 4682524.0 ], [ -1023523.0, 4682523.0 ], [ -1023522.0, 4682529.0 ], [ -1023520.0, 4682535.0 ], [ -1023517.0, 4682540.0 ], [ -1023513.0, 4682544.0 ], [ -1023508.0, 4682548.0 ], [ -1023503.0, 4682551.0 ], [ -1023498.0, 4682552.0 ], [ -1023492.0, 4682553.0 ], [ -1023486.0, 4682553.0 ], [ -1023481.0, 4682551.0 ], [ -1023476.0, 4682549.0 ] ] } },
{ "type": "Feature", "properties": { "source": 6063927724, "target": 12693359588, "ordering_random": 80, "length": 238, "length_cumulative": 204141 }, "geometry": { "type": "LineString", "coordinates": [ [ -1023464.0, 4682387.0 ], [ -1023468.0, 4682387.0 ], [ -1023475.0, 4682386.0 ], [ -1023479.0, 4682393.0 ], [ -1023499.0, 4682438.0 ], [ -1023505.0, 4682447.0 ], [ -1023512.0, 4682460.0 ], [ -1023516.0, 4682472.0 ], [ -1023536.0, 4682473.0 ], [ -1023574.0, 4682476.0 ], [ -1023579.0, 4682482.0 ], [ -1023634.0, 4682520.0 ] ] } },
{ "type": "Feature", "properties": { "source": 1668354046, "target": 443009106, "ordering_random": 81, "length": 1628, "length_cumulative": 205769 }, "geometry": { "type": "MultiLineString", "coordinates": [ [ [ -1021606.0, 4682146.0 ], [ -1021541.0, 4682126.0 ] ], [ [ -1021541.0, 4682126.0 ], [ -1021094.0, 4681990.0 ] ], [ [ -1022066.0, 4682223.0 ], [ -1022057.0, 4682208.0 ], [ -1022026.0, 4682165.0 ], [ -1022007.0, 4682141.0 ], [ -1021985.0, 4682123.0 ], [ -1021963.0, 4682111.0 ], [ -1021938.0, 4682101.0 ], [ -1021903.0, 4682088.0 ], [ -1021872.0, 4682079.0 ], [ -1021828.0, 4682070.0 ], [ -1021804.0, 4682068.0 ], [ -1021783.0, 4682068.0 ], [ -1021764.0, 4682069.0 ], [ -1021689.0, 4682078.0 ], [ -1021647.0, 4682085.0 ], [ -1021596.0, 4682092.0 ], [ -1021581.0, 4682097.0 ], [ -1021567.0, 4682105.0 ], [ -1021541.0, 4682126.0 ] ], [ [ -1021541.0, 4682126.0 ], [ -1021532.0, 4682133.0 ], [ -1021505.0, 4682155.0 ], [ -1021315.0, 4682334.0 ], [ -1021288.0, 4682358.0 ], [ -1021266.0, 4682383.0 ], [ -1021252.0, 4682409.0 ], [ -1021241.0, 4682434.0 ], [ -1021225.0, 4682467.0 ], [ -1021237.0, 4682491.0 ] ] ] } },
{ "type": "Feature", "properties": { "source": 12121162736, "target": 9812111192, "ordering_random": 82, "length": 2161, "length_cumulative": 207930 }, "geometry": { "type": "LineString", "coordinates": [ [ -1014528.0, 4688573.0 ], [ -1014520.0, 4688572.0 ], [ -1014389.0, 4688554.0 ], [ -1014352.0, 4688549.0 ], [ -1014298.0, 4688542.0 ], [ -1014265.0, 4688538.0 ], [ -1014254.0, 4688536.0 ], [ -1014239.0, 4688534.0 ], [ -1014185.0, 4688522.0 ], [ -1014179.0, 4688520.0 ], [ -1014173.0, 4688518.0 ], [ -1014169.0, 4688516.0 ], [ -1014164.0, 4688513.0 ], [ -1014162.0, 4688512.0 ], [ -1014157.0, 4688499.0 ], [ -1014152.0, 4688491.0 ], [ -1014149.0, 4688483.0 ], [ -1014146.0, 4688475.0 ], [ -1014145.0, 4688470.0 ], [ -1014144.0, 4688467.0 ], [ -1014145.0, 4688463.0 ], [ -1014145.0, 4688453.0 ], [ -1014146.0, 4688439.0 ], [ -1014147.0, 4688419.0 ], [ -1014147.0, 4688407.0 ], [ -1014147.0, 4688395.0 ], [ -1014133.0, 4688316.0 ], [ -1014131.0, 4688306.0 ], [ -1014127.0, 4688288.0 ], [ -1014123.0, 4688266.0 ], [ -1014115.0, 4688219.0 ], [ -1014113.0, 4688206.0 ], [ -1014098.0, 4688083.0 ], [ -1014090.0, 4688024.0 ], [ -1014082.0, 4687961.0 ], [ -1014081.0, 4687954.0 ], [ -1014078.0, 4687933.0 ], [ -1014060.0, 4687823.0 ], [ -1014060.0, 4687801.0 ], [ -1014060.0, 4687789.0 ], [ -1014062.0, 4687770.0 ], [ -1014065.0, 4687756.0 ], [ -1014068.0, 4687742.0 ], [ -1014070.0, 4687738.0 ], [ -1014077.0, 4687731.0 ], [ -1014082.0, 4687723.0 ], [ -1014096.0, 4687697.0 ], [ -1014097.0, 4687693.0 ], [ -1014098.0, 4687688.0 ], [ -1014100.0, 4687684.0 ], [ -1014107.0, 4687676.0 ], [ -1014126.0, 4687657.0 ], [ -1014169.0, 4687614.0 ], [ -1014195.0, 4687595.0 ], [ -1014191.0, 4687590.0 ], [ -1014201.0, 4687583.0 ], [ -1014198.0, 4687572.0 ], [ -1014207.0, 4687567.0 ], [ -1014228.0, 4687554.0 ], [ -1014270.0, 4687530.0 ], [ -1014305.0, 4687510.0 ], [ -1014317.0, 4687496.0 ], [ -1014327.0, 4687482.0 ], [ -1014332.0, 4687474.0 ], [ -1014334.0, 4687466.0 ], [ -1014334.0, 4687456.0 ], [ -1014331.0, 4687429.0 ], [ -1014329.0, 4687421.0 ], [ -1014319.0, 4687394.0 ], [ -1014313.0, 4687380.0 ], [ -1014301.0, 4687345.0 ], [ -1014298.0, 4687330.0 ], [ -1014295.0, 4687314.0 ], [ -1014295.0, 4687303.0 ], [ -1014295.0, 4687291.0 ], [ -1014296.0, 4687275.0 ], [ -1014299.0, 4687255.0 ], [ -1014300.0, 4687251.0 ], [ -1014309.0, 4687227.0 ], [ -1014331.0, 4687204.0 ], [ -1014338.0, 4687196.0 ], [ -1014344.0, 4687190.0 ], [ -1014352.0, 4687187.0 ], [ -1014360.0, 4687183.0 ], [ -1014377.0, 4687165.0 ], [ -1014381.0, 4687154.0 ], [ -1014386.0, 4687142.0 ], [ -1014389.0, 4687133.0 ], [ -1014387.0, 4687111.0 ], [ -1014385.0, 4687105.0 ], [ -1014386.0, 4687080.0 ], [ -1014390.0, 4687067.0 ], [ -1014411.0, 4687013.0 ], [ -1014435.0, 4686950.0 ], [ -1014440.0, 4686937.0 ], [ -1014443.0, 4686929.0 ], [ -1014448.0, 4686916.0 ] ] } },
{ "type": "Feature", "properties": { "source": 6775889754, "target": 12693359588, "ordering_random": 83, "length": 3282, "length_cumulative": 211213 }, "geometry": { "type": "LineString", "coordinates": [ [ -1025670.0, 4679257.0 ], [ -1025673.0, 4679259.0 ], [ -1025684.0, 4679265.0 ], [ -1025695.0, 4679275.0 ], [ -1025710.0, 4679294.0 ], [ -1025698.0, 4679302.0 ], [ -1025655.0, 4679333.0 ], [ -1025643.0, 4679341.0 ], [ -1025662.0, 4679366.0 ], [ -1025665.0, 4679378.0 ], [ -1025666.0, 4679390.0 ], [ -1025652.0, 4679477.0 ], [ -1025639.0, 4679500.0 ], [ -1025631.0, 4679505.0 ], [ -1025612.0, 4679516.0 ], [ -1025598.0, 4679523.0 ], [ -1025580.0, 4679524.0 ], [ -1025555.0, 4679520.0 ], [ -1025547.0, 4679557.0 ], [ -1025541.0, 4679589.0 ], [ -1025527.0, 4679657.0 ], [ -1025525.0, 4679669.0 ], [ -1025543.0, 4679675.0 ], [ -1025557.0, 4679683.0 ], [ -1025564.0, 4679688.0 ], [ -1025574.0, 4679699.0 ], [ -1025590.0, 4679723.0 ], [ -1025559.0, 4679745.0 ], [ -1025514.0, 4679776.0 ], [ -1025479.0, 4679801.0 ], [ -1025466.0, 4679810.0 ], [ -1025442.0, 4679828.0 ], [ -1025436.0, 4679857.0 ], [ -1025427.0, 4679898.0 ], [ -1025410.0, 4679978.0 ], [ -1025403.0, 4680013.0 ], [ -1025381.0, 4680009.0 ], [ -1025369.0, 4680062.0 ], [ -1025351.0, 4680091.0 ], [ -1025350.0, 4680092.0 ], [ -1025349.0, 4680094.0 ], [ -1025343.0, 4680096.0 ], [ -1025337.0, 4680097.0 ], [ -1025334.0, 4680098.0 ], [ -1025329.0, 4680099.0 ], [ -1025329.0, 4680116.0 ], [ -1025323.0, 4680121.0 ], [ -1025320.0, 4680127.0 ], [ -1025317.0, 4680134.0 ], [ -1025302.0, 4680148.0 ], [ -1025292.0, 4680154.0 ], [ -1025165.0, 4680201.0 ], [ -1025131.0, 4680210.0 ], [ -1025113.0, 4680205.0 ], [ -1025105.0, 4680202.0 ], [ -1025099.0, 4680199.0 ], [ -1025093.0, 4680194.0 ], [ -1025075.0, 4680206.0 ], [ -1025035.0, 4680209.0 ], [ -1024959.0, 4680240.0 ], [ -1024924.0, 4680254.0 ], [ -1024904.0, 4680261.0 ], [ -1024885.0, 4680267.0 ], [ -1024857.0, 4680273.0 ], [ -1024834.0, 4680275.0 ], [ -1024773.0, 4680273.0 ], [ -1024694.0, 4680264.0 ], [ -1024672.0, 4680261.0 ], [ -1024676.0, 4680268.0 ], [ -1024677.0, 4680272.0 ], [ -1024677.0, 4680275.0 ], [ -1024676.0, 4680278.0 ], [ -1024670.0, 4680282.0 ], [ -1024659.0, 4680285.0 ], [ -1024669.0, 4680288.0 ], [ -1024671.0, 4680295.0 ], [ -1024671.0, 4680302.0 ], [ -1024670.0, 4680307.0 ], [ -1024672.0, 4680315.0 ], [ -1024676.0, 4680315.0 ], [ -1024676.0, 4680321.0 ], [ -1024679.0, 4680321.0 ], [ -1024676.0, 4680341.0 ], [ -1024640.0, 4680336.0 ], [ -1024607.0, 4680331.0 ], [ -1024581.0, 4680335.0 ], [ -1024572.0, 4680338.0 ], [ -1024581.0, 4680365.0 ], [ -1024584.0, 4680379.0 ], [ -1024586.0, 4680392.0 ], [ -1024587.0, 4680405.0 ], [ -1024587.0, 4680420.0 ], [ -1024587.0, 4680426.0 ], [ -1024586.0, 4680436.0 ], [ -1024584.0, 4680446.0 ], [ -1024574.0, 4680495.0 ], [ -1024561.0, 4680562.0 ], [ -1024559.0, 4680573.0 ], [ -1024547.0, 4680633.0 ], [ -1024544.0, 4680643.0 ], [ -1024540.0, 4680654.0 ], [ -1024536.0, 4680662.0 ], [ -1024532.0, 4680668.0 ], [ -1024524.0, 4680671.0 ], [ -1024518.0, 4680673.0 ], [ -1024511.0, 4680674.0 ], [ -1024500.0, 4680675.0 ], [ -1024493.0, 4680673.0 ], [ -1024487.0, 4680673.0 ], [ -1024480.0, 4680674.0 ], [ -1024475.0, 4680678.0 ], [ -1024471.0, 4680683.0 ], [ -1024469.0, 4680689.0 ], [ -1024469.0, 4680696.0 ], [ -1024471.0, 4680702.0 ], [ -1024452.0, 4680697.0 ], [ -1024440.0, 4680695.0 ], [ -1024426.0, 4680695.0 ], [ -1024402.0, 4680696.0 ], [ -1024364.0, 4680702.0 ], [ -1024324.0, 4680716.0 ], [ -1024296.0, 4680731.0 ], [ -1024288.0, 4680736.0 ], [ -1024280.0, 4680744.0 ], [ -1024276.0, 4680750.0 ], [ -1024272.0, 4680759.0 ], [ -1024271.0, 4680763.0 ], [ -1024269.0, 4680767.0 ], [ -1024267.0, 4680770.0 ], [ -1024264.0, 4680772.0 ], [ -1024261.0, 4680774.0 ], [ -1024257.0, 4680776.0 ], [ -1024252.0, 4680776.0 ], [ -1024246.0, 4680775.0 ], [ -1024241.0, 4680773.0 ], [ -1024239.0, 4680772.0 ], [ -1024232.0, 4680768.0 ], [ -1024224.0, 4680766.0 ], [ -1024217.0, 4680765.0 ], [ -1024217.0, 4680772.0 ], [ -1024108.0, 4680774.0 ], [ -1024088.0, 4680775.0 ], [ -1024088.0, 4680782.0 ], [ -1024023.0, 4680784.0 ], [ -1023923.0, 4680787.0 ], [ -1023862.0, 4680788.0 ], [ -1023826.0, 4680789.0 ], [ -1023736.0, 4680790.0 ] ] } },
{ "type": "Feature", "properties": { "source": 1515257359, "target": 3991027444, "ordering_random": 84, "length": 2066, "length_cumulative": 213279 }, "geometry": { "type": "LineString", "coordinates": [ [ -1018512.0, 4682054.0 ], [ -1018500.0, 4682062.0 ], [ -1018494.0, 4682062.0 ], [ -1018443.0, 4682097.0 ], [ -1018443.0, 4682099.0 ], [ -1018442.0, 4682100.0 ], [ -1018442.0, 4682102.0 ], [ -1018442.0, 4682104.0 ], [ -1018444.0, 4682107.0 ], [ -1018458.0, 4682128.0 ], [ -1018487.0, 4682170.0 ], [ -1018533.0, 4682238.0 ], [ -1018533.0, 4682240.0 ], [ -1018541.0, 4682251.0 ], [ -1018538.0, 4682253.0 ], [ -1018536.0, 4682255.0 ], [ -1018535.0, 4682256.0 ], [ -1018532.0, 4682257.0 ], [ -1018528.0, 4682260.0 ], [ -1018512.0, 4682271.0 ], [ -1018519.0, 4682281.0 ], [ -1018521.0, 4682284.0 ], [ -1018526.0, 4682289.0 ], [ -1018521.0, 4682292.0 ], [ -1018512.0, 4682297.0 ], [ -1018512.0, 4682306.0 ], [ -1018514.0, 4682311.0 ], [ -1018516.0, 4682315.0 ], [ -1018520.0, 4682324.0 ], [ -1018522.0, 4682331.0 ], [ -1018523.0, 4682337.0 ], [ -1018524.0, 4682343.0 ], [ -1018524.0, 4682352.0 ], [ -1018523.0, 4682361.0 ], [ -1018520.0, 4682367.0 ], [ -1018517.0, 4682373.0 ], [ -1018515.0, 4682380.0 ], [ -1018514.0, 4682386.0 ], [ -1018513.0, 4682393.0 ], [ -1018513.0, 4682400.0 ], [ -1018514.0, 4682407.0 ], [ -1018515.0, 4682413.0 ], [ -1018517.0, 4682420.0 ], [ -1018520.0, 4682426.0 ], [ -1018523.0, 4682432.0 ], [ -1018526.0, 4682443.0 ], [ -1018528.0, 4682450.0 ], [ -1018529.0, 4682457.0 ], [ -1018530.0, 4682464.0 ], [ -1018530.0, 4682472.0 ], [ -1018530.0, 4682478.0 ], [ -1018529.0, 4682485.0 ], [ -1018528.0, 4682488.0 ], [ -1018526.0, 4682494.0 ], [ -1018523.0, 4682500.0 ], [ -1018520.0, 4682515.0 ], [ -1018510.0, 4682539.0 ], [ -1018508.0, 4682545.0 ], [ -1018507.0, 4682549.0 ], [ -1018503.0, 4682565.0 ], [ -1018502.0, 4682567.0 ], [ -1018501.0, 4682570.0 ], [ -1018428.0, 4682719.0 ], [ -1018405.0, 4682769.0 ], [ -1018403.0, 4682773.0 ], [ -1018403.0, 4682777.0 ], [ -1018405.0, 4682784.0 ], [ -1018409.0, 4682792.0 ], [ -1018412.0, 4682798.0 ], [ -1018416.0, 4682806.0 ], [ -1018423.0, 4682818.0 ], [ -1018461.0, 4682877.0 ], [ -1018494.0, 4682926.0 ], [ -1018555.0, 4683016.0 ], [ -1018563.0, 4683028.0 ], [ -1018584.0, 4683061.0 ], [ -1018587.0, 4683066.0 ], [ -1018611.0, 4683102.0 ], [ -1018613.0, 4683105.0 ], [ -1018649.0, 4683160.0 ], [ -1018651.0, 4683165.0 ], [ -1018658.0, 4683174.0 ], [ -1018645.0, 4683183.0 ], [ -1018616.0, 4683206.0 ], [ -1018598.0, 4683221.0 ], [ -1018596.0, 4683226.0 ], [ -1018548.0, 4683329.0 ], [ -1018541.0, 4683342.0 ], [ -1018538.0, 4683361.0 ], [ -1018496.0, 4683451.0 ], [ -1018491.0, 4683461.0 ], [ -1018486.0, 4683472.0 ], [ -1018481.0, 4683482.0 ], [ -1018438.0, 4683574.0 ], [ -1018434.0, 4683582.0 ], [ -1018429.0, 4683592.0 ], [ -1018426.0, 4683599.0 ], [ -1018390.0, 4683674.0 ], [ -1018385.0, 4683685.0 ], [ -1018381.0, 4683695.0 ], [ -1018377.0, 4683701.0 ], [ -1018348.0, 4683764.0 ], [ -1018346.0, 4683769.0 ], [ -1018342.0, 4683772.0 ], [ -1018339.0, 4683773.0 ], [ -1018339.0, 4683784.0 ], [ -1018339.0, 4683788.0 ], [ -1018354.0, 4683787.0 ], [ -1018366.0, 4683787.0 ], [ -1018367.0, 4683791.0 ], [ -1018367.0, 4683796.0 ] ] } },
{ "type": "Feature", "properties": { "source": 1668354046, "target": 1732441265, "ordering_random": 85, "length": 1684, "length_cumulative": 214964 }, "geometry": { "type": "LineString", "coordinates": [ [ -1021941.0, 4683941.0 ], [ -1021944.0, 4683935.0 ], [ -1021947.0, 4683936.0 ], [ -1021950.0, 4683928.0 ], [ -1021952.0, 4683925.0 ], [ -1021954.0, 4683924.0 ], [ -1021957.0, 4683924.0 ], [ -1021956.0, 4683916.0 ], [ -1021942.0, 4683883.0 ], [ -1021919.0, 4683828.0 ], [ -1021884.0, 4683735.0 ], [ -1021879.0, 4683725.0 ], [ -1021868.0, 4683704.0 ], [ -1021872.0, 4683692.0 ], [ -1021874.0, 4683675.0 ], [ -1021877.0, 4683650.0 ], [ -1021876.0, 4683625.0 ], [ -1021873.0, 4683607.0 ], [ -1021865.0, 4683566.0 ], [ -1021855.0, 4683536.0 ], [ -1021853.0, 4683524.0 ], [ -1021854.0, 4683500.0 ], [ -1021852.0, 4683493.0 ], [ -1021847.0, 4683485.0 ], [ -1021845.0, 4683480.0 ], [ -1021836.0, 4683471.0 ], [ -1021830.0, 4683462.0 ], [ -1021826.0, 4683454.0 ], [ -1021828.0, 4683448.0 ], [ -1021828.0, 4683432.0 ], [ -1021886.0, 4683406.0 ], [ -1021893.0, 4683402.0 ], [ -1021901.0, 4683397.0 ], [ -1021910.0, 4683388.0 ], [ -1021914.0, 4683382.0 ], [ -1021920.0, 4683375.0 ], [ -1021923.0, 4683367.0 ], [ -1021927.0, 4683359.0 ], [ -1021930.0, 4683353.0 ], [ -1021929.0, 4683341.0 ], [ -1021927.0, 4683332.0 ], [ -1021925.0, 4683327.0 ], [ -1021921.0, 4683320.0 ], [ -1021916.0, 4683312.0 ], [ -1021911.0, 4683305.0 ], [ -1021804.0, 4683176.0 ], [ -1021692.0, 4683048.0 ], [ -1021695.0, 4683041.0 ], [ -1021700.0, 4683022.0 ], [ -1021721.0, 4682971.0 ], [ -1021733.0, 4682953.0 ], [ -1021744.0, 4682929.0 ], [ -1021750.0, 4682911.0 ], [ -1021752.0, 4682893.0 ], [ -1021755.0, 4682867.0 ], [ -1021761.0, 4682852.0 ], [ -1021738.0, 4682755.0 ], [ -1021729.0, 4682743.0 ], [ -1021705.0, 4682732.0 ], [ -1021698.0, 4682725.0 ], [ -1021687.0, 4682682.0 ], [ -1021681.0, 4682663.0 ], [ -1021663.0, 4682633.0 ], [ -1021645.0, 4682611.0 ], [ -1021636.0, 4682602.0 ], [ -1021624.0, 4682599.0 ], [ -1021612.0, 4682596.0 ], [ -1021602.0, 4682597.0 ], [ -1021594.0, 4682600.0 ], [ -1021588.0, 4682587.0 ], [ -1021585.0, 4682583.0 ], [ -1021581.0, 4682581.0 ], [ -1021568.0, 4682576.0 ], [ -1021560.0, 4682571.0 ], [ -1021553.0, 4682565.0 ], [ -1021547.0, 4682557.0 ] ] } },
{ "type": "Feature", "properties": { "source": 540137816, "target": 12151931003, "ordering_random": 86, "length": 1587, "length_cumulative": 216552 }, "geometry": { "type": "LineString", "coordinates": [ [ -1014929.0, 4683664.0 ], [ -1014927.0, 4683688.0 ], [ -1014923.0, 4683734.0 ], [ -1014919.0, 4683771.0 ], [ -1014917.0, 4683792.0 ], [ -1014916.0, 4683802.0 ], [ -1014915.0, 4683816.0 ], [ -1014914.0, 4683830.0 ], [ -1014909.0, 4683877.0 ], [ -1014906.0, 4683907.0 ], [ -1014905.0, 4683920.0 ], [ -1014903.0, 4683942.0 ], [ -1014900.0, 4683970.0 ], [ -1014902.0, 4683985.0 ], [ -1014910.0, 4684034.0 ], [ -1014916.0, 4684067.0 ], [ -1014941.0, 4684161.0 ], [ -1014951.0, 4684210.0 ], [ -1014959.0, 4684262.0 ], [ -1014967.0, 4684297.0 ], [ -1014976.0, 4684359.0 ], [ -1014978.0, 4684390.0 ], [ -1014980.0, 4684422.0 ], [ -1014982.0, 4684444.0 ], [ -1014979.0, 4684459.0 ], [ -1014975.0, 4684473.0 ], [ -1014972.0, 4684481.0 ], [ -1014962.0, 4684501.0 ], [ -1014951.0, 4684519.0 ], [ -1014933.0, 4684553.0 ], [ -1014922.0, 4684579.0 ], [ -1014912.0, 4684608.0 ], [ -1014906.0, 4684629.0 ], [ -1014902.0, 4684652.0 ], [ -1014897.0, 4684691.0 ], [ -1014894.0, 4684719.0 ], [ -1014888.0, 4684781.0 ], [ -1014884.0, 4684828.0 ], [ -1014884.0, 4684833.0 ], [ -1014884.0, 4684843.0 ], [ -1014885.0, 4684865.0 ], [ -1014887.0, 4684880.0 ], [ -1014888.0, 4684895.0 ], [ -1014888.0, 4684909.0 ], [ -1014887.0, 4684924.0 ], [ -1014879.0, 4685020.0 ], [ -1014876.0, 4685043.0 ], [ -1014863.0, 4685079.0 ], [ -1014851.0, 4685113.0 ], [ -1014848.0, 4685127.0 ], [ -1014846.0, 4685146.0 ], [ -1014844.0, 4685177.0 ], [ -1014843.0, 4685210.0 ], [ -1014841.0, 4685219.0 ] ] } },
{ "type": "Feature", "properties": { "source": 3432238402, "target": 2165209268, "ordering_random": 87, "length": 863, "length_cumulative": 217415 }, "geometry": { "type": "LineString", "coordinates": [ [ -1016345.0, 4687813.0 ], [ -1016351.0, 4687796.0 ], [ -1016351.0, 4687780.0 ], [ -1016346.0, 4687764.0 ], [ -1016353.0, 4687742.0 ], [ -1016367.0, 4687709.0 ], [ -1016370.0, 4687705.0 ], [ -1016373.0, 4687702.0 ], [ -1016387.0, 4687685.0 ], [ -1016389.0, 4687683.0 ], [ -1016396.0, 4687674.0 ], [ -1016400.0, 4687670.0 ], [ -1016406.0, 4687662.0 ], [ -1016415.0, 4687652.0 ], [ -1016429.0, 4687635.0 ], [ -1016438.0, 4687624.0 ], [ -1016462.0, 4687597.0 ], [ -1016475.0, 4687582.0 ], [ -1016490.0, 4687569.0 ], [ -1016506.0, 4687556.0 ], [ -1016522.0, 4687544.0 ], [ -1016538.0, 4687533.0 ], [ -1016555.0, 4687523.0 ], [ -1016573.0, 4687514.0 ], [ -1016590.0, 4687505.0 ], [ -1016608.0, 4687498.0 ], [ -1016965.0, 4687351.0 ], [ -1017004.0, 4687335.0 ] ] } },
{ "type": "Feature", "properties": { "source": 1301476578, "target": 1730550086, "ordering_random": 88, "length": 952, "length_cumulative": 218367 }, "geometry": { "type": "MultiLineString", "coordinates": [ [ [ -1018401.0, 4688675.0 ], [ -1018420.0, 4688676.0 ] ], [ [ -1018420.0, 4688676.0 ], [ -1018428.0, 4688677.0 ], [ -1018451.0, 4688682.0 ], [ -1018463.0, 4688684.0 ] ], [ [ -1018958.0, 4688971.0 ], [ -1018967.0, 4688964.0 ], [ -1018973.0, 4688959.0 ], [ -1018979.0, 4688966.0 ], [ -1018985.0, 4688969.0 ], [ -1018990.0, 4688971.0 ], [ -1018998.0, 4688976.0 ], [ -1019004.0, 4688981.0 ], [ -1019011.0, 4688988.0 ], [ -1019016.0, 4688991.0 ], [ -1019022.0, 4688992.0 ], [ -1019030.0, 4688990.0 ], [ -1019231.0, 4688925.0 ], [ -1019246.0, 4688926.0 ], [ -1019253.0, 4688924.0 ], [ -1019289.0, 4688922.0 ], [ -1019291.0, 4688930.0 ], [ -1019294.0, 4688952.0 ], [ -1019298.0, 4688951.0 ], [ -1019315.0, 4688946.0 ], [ -1019351.0, 4688936.0 ], [ -1019405.0, 4688921.0 ], [ -1019424.0, 4688996.0 ], [ -1019426.0, 4689001.0 ], [ -1019430.0, 4689009.0 ], [ -1019432.0, 4689014.0 ], [ -1019433.0, 4689027.0 ], [ -1019435.0, 4689039.0 ], [ -1019436.0, 4689045.0 ], [ -1019439.0, 4689054.0 ], [ -1019440.0, 4689061.0 ], [ -1019441.0, 4689066.0 ], [ -1019441.0, 4689071.0 ], [ -1019445.0, 4689074.0 ], [ -1019451.0, 4689080.0 ], [ -1019454.0, 4689080.0 ], [ -1019545.0, 4689060.0 ], [ -1019568.0, 4689055.0 ], [ -1019572.0, 4689053.0 ], [ -1019579.0, 4689050.0 ], [ -1019582.0, 4689048.0 ], [ -1019587.0, 4689048.0 ], [ -1019590.0, 4689047.0 ], [ -1019593.0, 4689046.0 ], [ -1019595.0, 4689045.0 ], [ -1019595.0, 4689050.0 ], [ -1019596.0, 4689054.0 ], [ -1019597.0, 4689064.0 ], [ -1019645.0, 4689054.0 ] ] ] } },
{ "type": "Feature", "properties": { "source": 7167936371, "target": 5147991375, "ordering_random": 89, "length": 2469, "length_cumulative": 220837 }, "geometry": { "type": "LineString", "coordinates": [ [ -1021947.0, 4685200.0 ], [ -1021995.0, 4685227.0 ], [ -1022006.0, 4685233.0 ], [ -1022012.0, 4685225.0 ], [ -1022065.0, 4685158.0 ], [ -1022129.0, 4685077.0 ], [ -1022123.0, 4685073.0 ], [ -1022118.0, 4685069.0 ], [ -1022125.0, 4685056.0 ], [ -1022128.0, 4685050.0 ], [ -1022129.0, 4685048.0 ], [ -1022131.0, 4685044.0 ], [ -1022073.0, 4685010.0 ], [ -1022074.0, 4685007.0 ], [ -1022128.0, 4685039.0 ], [ -1022129.0, 4685037.0 ], [ -1022063.0, 4684998.0 ], [ -1022109.0, 4684919.0 ], [ -1022164.0, 4684937.0 ], [ -1022165.0, 4684934.0 ], [ -1022150.0, 4684929.0 ], [ -1022149.0, 4684916.0 ], [ -1022148.0, 4684899.0 ], [ -1022136.0, 4684880.0 ], [ -1022137.0, 4684871.0 ], [ -1022129.0, 4684857.0 ], [ -1022141.0, 4684852.0 ], [ -1022149.0, 4684851.0 ], [ -1022155.0, 4684840.0 ], [ -1022170.0, 4684832.0 ], [ -1022211.0, 4684822.0 ], [ -1022219.0, 4684820.0 ], [ -1022237.0, 4684810.0 ], [ -1022250.0, 4684802.0 ], [ -1022291.0, 4684786.0 ], [ -1022307.0, 4684782.0 ], [ -1022348.0, 4684773.0 ], [ -1022343.0, 4684766.0 ], [ -1022364.0, 4684758.0 ], [ -1022394.0, 4684749.0 ], [ -1022411.0, 4684745.0 ], [ -1022432.0, 4684738.0 ], [ -1022454.0, 4684724.0 ], [ -1022471.0, 4684705.0 ], [ -1022480.0, 4684694.0 ], [ -1022494.0, 4684691.0 ], [ -1022515.0, 4684692.0 ], [ -1022536.0, 4684695.0 ], [ -1022552.0, 4684699.0 ], [ -1022579.0, 4684706.0 ], [ -1022587.0, 4684707.0 ], [ -1022599.0, 4684708.0 ], [ -1022646.0, 4684708.0 ], [ -1022665.0, 4684688.0 ], [ -1022678.0, 4684677.0 ], [ -1022687.0, 4684675.0 ], [ -1022695.0, 4684675.0 ], [ -1022709.0, 4684679.0 ], [ -1022724.0, 4684685.0 ], [ -1022739.0, 4684692.0 ], [ -1022748.0, 4684683.0 ], [ -1022752.0, 4684678.0 ], [ -1022754.0, 4684671.0 ], [ -1022760.0, 4684674.0 ], [ -1022768.0, 4684676.0 ], [ -1022819.0, 4684687.0 ], [ -1022833.0, 4684688.0 ], [ -1022881.0, 4684686.0 ], [ -1022893.0, 4684685.0 ], [ -1022906.0, 4684683.0 ], [ -1022918.0, 4684679.0 ], [ -1022931.0, 4684675.0 ], [ -1022975.0, 4684657.0 ], [ -1022997.0, 4684644.0 ], [ -1023017.0, 4684630.0 ], [ -1023033.0, 4684615.0 ], [ -1023042.0, 4684601.0 ], [ -1023053.0, 4684581.0 ], [ -1023065.0, 4684557.0 ], [ -1023070.0, 4684551.0 ], [ -1023045.0, 4684535.0 ], [ -1023035.0, 4684528.0 ], [ -1023026.0, 4684512.0 ], [ -1023032.0, 4684506.0 ], [ -1023037.0, 4684499.0 ], [ -1023039.0, 4684490.0 ], [ -1023040.0, 4684466.0 ], [ -1023039.0, 4684444.0 ], [ -1023035.0, 4684424.0 ], [ -1023030.0, 4684412.0 ], [ -1023019.0, 4684397.0 ], [ -1023012.0, 4684390.0 ], [ -1023012.0, 4684376.0 ], [ -1023052.0, 4684350.0 ], [ -1023100.0, 4684308.0 ], [ -1023174.0, 4684250.0 ], [ -1023183.0, 4684245.0 ], [ -1023189.0, 4684241.0 ], [ -1023257.0, 4684194.0 ], [ -1023292.0, 4684177.0 ], [ -1023352.0, 4684153.0 ] ] } },
{ "type": "Feature", "properties": { "source": 2441312770, "target": 582778401, "ordering_random": 90, "length": 2495, "length_cumulative": 223332 }, "geometry": { "type": "LineString", "coordinates": [ [ -1016626.0, 4683541.0 ], [ -1016629.0, 4683530.0 ], [ -1016626.0, 4683529.0 ], [ -1016619.0, 4683527.0 ], [ -1016571.0, 4683511.0 ], [ -1016560.0, 4683507.0 ], [ -1016540.0, 4683501.0 ], [ -1016533.0, 4683499.0 ], [ -1016525.0, 4683496.0 ], [ -1016473.0, 4683479.0 ], [ -1016450.0, 4683471.0 ], [ -1016450.0, 4683459.0 ], [ -1016447.0, 4683414.0 ], [ -1016445.0, 4683369.0 ], [ -1016444.0, 4683356.0 ], [ -1016441.0, 4683296.0 ], [ -1016434.0, 4683294.0 ], [ -1016283.0, 4683253.0 ], [ -1016269.0, 4683250.0 ], [ -1016215.0, 4683235.0 ], [ -1016136.0, 4683214.0 ], [ -1016116.0, 4683208.0 ], [ -1016115.0, 4683204.0 ], [ -1016113.0, 4683197.0 ], [ -1016110.0, 4683190.0 ], [ -1016107.0, 4683184.0 ], [ -1016102.0, 4683179.0 ], [ -1016093.0, 4683171.0 ], [ -1016086.0, 4683166.0 ], [ -1016078.0, 4683163.0 ], [ -1016071.0, 4683162.0 ], [ -1016067.0, 4683161.0 ], [ -1016060.0, 4683157.0 ], [ -1016045.0, 4683145.0 ], [ -1015993.0, 4683097.0 ], [ -1015985.0, 4683089.0 ], [ -1015915.0, 4683024.0 ], [ -1015908.0, 4683017.0 ], [ -1015881.0, 4682989.0 ], [ -1015819.0, 4682925.0 ], [ -1015812.0, 4682918.0 ], [ -1015787.0, 4682889.0 ], [ -1015744.0, 4682836.0 ], [ -1015740.0, 4682829.0 ], [ -1015737.0, 4682822.0 ], [ -1015732.0, 4682811.0 ], [ -1015724.0, 4682792.0 ], [ -1015723.0, 4682787.0 ], [ -1015721.0, 4682783.0 ], [ -1015719.0, 4682776.0 ], [ -1015716.0, 4682771.0 ], [ -1015712.0, 4682765.0 ], [ -1015708.0, 4682760.0 ], [ -1015704.0, 4682756.0 ], [ -1015699.0, 4682752.0 ], [ -1015696.0, 4682751.0 ], [ -1015676.0, 4682735.0 ], [ -1015658.0, 4682721.0 ], [ -1015586.0, 4682601.0 ], [ -1015536.0, 4682491.0 ], [ -1015503.0, 4682406.0 ], [ -1015490.0, 4682367.0 ], [ -1015475.0, 4682316.0 ], [ -1015437.0, 4682155.0 ], [ -1015426.0, 4682157.0 ], [ -1015415.0, 4682109.0 ], [ -1015401.0, 4682071.0 ], [ -1015391.0, 4682053.0 ], [ -1015384.0, 4682042.0 ], [ -1015377.0, 4682033.0 ], [ -1015357.0, 4682005.0 ], [ -1015232.0, 4681895.0 ], [ -1015198.0, 4681864.0 ], [ -1015191.0, 4681858.0 ], [ -1015182.0, 4681849.0 ], [ -1015137.0, 4681811.0 ], [ -1015124.0, 4681800.0 ] ] } },
{ "type": "Feature", "properties": { "source": 1515257359, "target": 3128759990, "ordering_random": 91, "length": 2136, "length_cumulative": 225469 }, "geometry": { "type": "LineString", "coordinates": [ [ -1020109.0, 4682664.0 ], [ -1020102.0, 4682670.0 ], [ -1020095.0, 4682675.0 ], [ -1020087.0, 4682680.0 ], [ -1020079.0, 4682684.0 ], [ -1020070.0, 4682687.0 ], [ -1020062.0, 4682690.0 ], [ -1020006.0, 4682706.0 ], [ -1019962.0, 4682719.0 ], [ -1019946.0, 4682724.0 ], [ -1019938.0, 4682725.0 ], [ -1019932.0, 4682728.0 ], [ -1019916.0, 4682732.0 ], [ -1019890.0, 4682739.0 ], [ -1019872.0, 4682744.0 ], [ -1019870.0, 4682744.0 ], [ -1019868.0, 4682745.0 ], [ -1019854.0, 4682753.0 ], [ -1019840.0, 4682757.0 ], [ -1019819.0, 4682759.0 ], [ -1019799.0, 4682765.0 ], [ -1019771.0, 4682776.0 ], [ -1019762.0, 4682781.0 ], [ -1019754.0, 4682788.0 ], [ -1019748.0, 4682793.0 ], [ -1019737.0, 4682803.0 ], [ -1019728.0, 4682813.0 ], [ -1019713.0, 4682825.0 ], [ -1019686.0, 4682848.0 ], [ -1019682.0, 4682851.0 ], [ -1019673.0, 4682860.0 ], [ -1019620.0, 4682908.0 ], [ -1019590.0, 4682935.0 ], [ -1019561.0, 4682962.0 ], [ -1019552.0, 4682970.0 ], [ -1019542.0, 4682980.0 ], [ -1019511.0, 4683008.0 ], [ -1019491.0, 4683026.0 ], [ -1019469.0, 4683045.0 ], [ -1019451.0, 4683064.0 ], [ -1019432.0, 4683079.0 ], [ -1019399.0, 4683109.0 ], [ -1019391.0, 4683116.0 ], [ -1019379.0, 4683127.0 ], [ -1019363.0, 4683142.0 ], [ -1019346.0, 4683158.0 ], [ -1019307.0, 4683193.0 ], [ -1019304.0, 4683196.0 ], [ -1019298.0, 4683201.0 ], [ -1019289.0, 4683209.0 ], [ -1019285.0, 4683213.0 ], [ -1019258.0, 4683238.0 ], [ -1019246.0, 4683248.0 ], [ -1019172.0, 4683316.0 ], [ -1019163.0, 4683325.0 ], [ -1019155.0, 4683334.0 ], [ -1019147.0, 4683344.0 ], [ -1019141.0, 4683355.0 ], [ -1019136.0, 4683366.0 ], [ -1019132.0, 4683377.0 ], [ -1019129.0, 4683389.0 ], [ -1019126.0, 4683401.0 ], [ -1019123.0, 4683422.0 ], [ -1019122.0, 4683428.0 ], [ -1019120.0, 4683435.0 ], [ -1019103.0, 4683498.0 ], [ -1019096.0, 4683537.0 ], [ -1019087.0, 4683573.0 ], [ -1019078.0, 4683598.0 ], [ -1019073.0, 4683607.0 ], [ -1019066.0, 4683619.0 ], [ -1019057.0, 4683634.0 ], [ -1019052.0, 4683642.0 ], [ -1019047.0, 4683648.0 ], [ -1019043.0, 4683653.0 ], [ -1019032.0, 4683657.0 ], [ -1019028.0, 4683661.0 ], [ -1019016.0, 4683669.0 ], [ -1019010.0, 4683673.0 ], [ -1018999.0, 4683681.0 ], [ -1018987.0, 4683689.0 ], [ -1018981.0, 4683693.0 ], [ -1018973.0, 4683705.0 ], [ -1018970.0, 4683706.0 ], [ -1018968.0, 4683708.0 ], [ -1018964.0, 4683709.0 ], [ -1018960.0, 4683711.0 ], [ -1018954.0, 4683713.0 ], [ -1018940.0, 4683719.0 ], [ -1018930.0, 4683723.0 ], [ -1018914.0, 4683729.0 ], [ -1018902.0, 4683734.0 ], [ -1018872.0, 4683746.0 ], [ -1018849.0, 4683754.0 ], [ -1018828.0, 4683763.0 ], [ -1018822.0, 4683765.0 ], [ -1018816.0, 4683768.0 ], [ -1018803.0, 4683771.0 ], [ -1018796.0, 4683773.0 ], [ -1018790.0, 4683773.0 ], [ -1018784.0, 4683773.0 ], [ -1018760.0, 4683775.0 ], [ -1018573.0, 4683780.0 ], [ -1018562.0, 4683781.0 ], [ -1018536.0, 4683782.0 ], [ -1018498.0, 4683783.0 ], [ -1018480.0, 4683783.0 ], [ -1018480.0, 4683793.0 ] ] } },
{ "type": "Feature", "properties": { "source": 13005729519, "target": 3991027444, "ordering_random": 92, "length": 2504, "length_cumulative": 227973 }, "geometry": { "type": "LineString", "coordinates": [ [ -1016999.0, 4680298.0 ], [ -1017002.0, 4680298.0 ], [ -1017007.0, 4680299.0 ], [ -1017008.0, 4680299.0 ], [ -1017029.0, 4680306.0 ], [ -1017051.0, 4680299.0 ], [ -1017081.0, 4680398.0 ], [ -1017110.0, 4680491.0 ], [ -1017111.0, 4680496.0 ], [ -1017142.0, 4680595.0 ], [ -1017181.0, 4680583.0 ], [ -1017183.0, 4680583.0 ], [ -1017185.0, 4680582.0 ], [ -1017187.0, 4680582.0 ], [ -1017189.0, 4680581.0 ], [ -1017191.0, 4680580.0 ], [ -1017193.0, 4680580.0 ], [ -1017232.0, 4680568.0 ], [ -1017260.0, 4680661.0 ], [ -1017260.0, 4680663.0 ], [ -1017261.0, 4680665.0 ], [ -1017262.0, 4680669.0 ], [ -1017266.0, 4680668.0 ], [ -1017269.0, 4680666.0 ], [ -1017295.0, 4680658.0 ], [ -1017299.0, 4680658.0 ], [ -1017302.0, 4680658.0 ], [ -1017307.0, 4680659.0 ], [ -1017310.0, 4680660.0 ], [ -1017315.0, 4680662.0 ], [ -1017318.0, 4680664.0 ], [ -1017321.0, 4680666.0 ], [ -1017323.0, 4680669.0 ], [ -1017325.0, 4680673.0 ], [ -1017327.0, 4680678.0 ], [ -1017330.0, 4680688.0 ], [ -1017338.0, 4680718.0 ], [ -1017355.0, 4680768.0 ], [ -1017371.0, 4680819.0 ], [ -1017379.0, 4680844.0 ], [ -1017381.0, 4680848.0 ], [ -1017382.0, 4680850.0 ], [ -1017386.0, 4680854.0 ], [ -1017390.0, 4680857.0 ], [ -1017394.0, 4680857.0 ], [ -1017398.0, 4680858.0 ], [ -1017402.0, 4680858.0 ], [ -1017407.0, 4680857.0 ], [ -1017417.0, 4680854.0 ], [ -1017430.0, 4680851.0 ], [ -1017434.0, 4680850.0 ], [ -1017443.0, 4680849.0 ], [ -1017448.0, 4680849.0 ], [ -1017452.0, 4680850.0 ], [ -1017455.0, 4680850.0 ], [ -1017458.0, 4680851.0 ], [ -1017462.0, 4680853.0 ], [ -1017469.0, 4680855.0 ], [ -1017473.0, 4680857.0 ], [ -1017482.0, 4680861.0 ], [ -1017494.0, 4680866.0 ], [ -1017515.0, 4680875.0 ], [ -1017536.0, 4680884.0 ], [ -1017543.0, 4680887.0 ], [ -1017549.0, 4680891.0 ], [ -1017551.0, 4680893.0 ], [ -1017554.0, 4680896.0 ], [ -1017556.0, 4680899.0 ], [ -1017582.0, 4680938.0 ], [ -1017598.0, 4680948.0 ], [ -1017607.0, 4680955.0 ], [ -1017614.0, 4680960.0 ], [ -1017624.0, 4680958.0 ], [ -1017635.0, 4680959.0 ], [ -1017640.0, 4680961.0 ], [ -1017642.0, 4680963.0 ], [ -1017649.0, 4680972.0 ], [ -1017665.0, 4680995.0 ], [ -1017694.0, 4681037.0 ], [ -1017708.0, 4681057.0 ], [ -1017723.0, 4681081.0 ], [ -1017733.0, 4681089.0 ], [ -1017750.0, 4681103.0 ], [ -1017758.0, 4681111.0 ], [ -1017769.0, 4681125.0 ], [ -1017827.0, 4681209.0 ], [ -1017834.0, 4681223.0 ], [ -1017843.0, 4681237.0 ], [ -1017862.0, 4681265.0 ], [ -1017899.0, 4681319.0 ], [ -1017939.0, 4681377.0 ], [ -1017950.0, 4681393.0 ], [ -1017961.0, 4681409.0 ], [ -1018046.0, 4681535.0 ], [ -1018058.0, 4681552.0 ], [ -1018060.0, 4681556.0 ], [ -1018071.0, 4681571.0 ], [ -1018084.0, 4681589.0 ], [ -1018131.0, 4681659.0 ], [ -1018135.0, 4681665.0 ], [ -1018150.0, 4681687.0 ], [ -1018211.0, 4681777.0 ], [ -1018283.0, 4681882.0 ], [ -1018294.0, 4681899.0 ], [ -1018306.0, 4681916.0 ], [ -1018308.0, 4681919.0 ], [ -1018349.0, 4681980.0 ], [ -1018360.0, 4681995.0 ], [ -1018414.0, 4682074.0 ], [ -1018417.0, 4682072.0 ], [ -1018419.0, 4682070.0 ], [ -1018426.0, 4682072.0 ], [ -1018428.0, 4682074.0 ], [ -1018432.0, 4682081.0 ] ] } },
{ "type": "Feature", "properties": { "source": 2441312770, "target": 12151931003, "ordering_random": 93, "length": 2242, "length_cumulative": 230215 }, "geometry": { "type": "LineString", "coordinates": [ [ -1014929.0, 4683664.0 ], [ -1014931.0, 4683649.0 ], [ -1014934.0, 4683620.0 ], [ -1014935.0, 4683607.0 ], [ -1014935.0, 4683595.0 ], [ -1014934.0, 4683582.0 ], [ -1014933.0, 4683569.0 ], [ -1014930.0, 4683557.0 ], [ -1014927.0, 4683545.0 ], [ -1014918.0, 4683511.0 ], [ -1014917.0, 4683504.0 ], [ -1014916.0, 4683496.0 ], [ -1014915.0, 4683489.0 ], [ -1014916.0, 4683482.0 ], [ -1014916.0, 4683474.0 ], [ -1014917.0, 4683467.0 ], [ -1014919.0, 4683460.0 ], [ -1014921.0, 4683452.0 ], [ -1014927.0, 4683434.0 ], [ -1014928.0, 4683425.0 ], [ -1014928.0, 4683420.0 ], [ -1014928.0, 4683411.0 ], [ -1014928.0, 4683403.0 ], [ -1014921.0, 4683375.0 ], [ -1014893.0, 4683273.0 ], [ -1014888.0, 4683251.0 ], [ -1014886.0, 4683245.0 ], [ -1014884.0, 4683239.0 ], [ -1014881.0, 4683233.0 ], [ -1014878.0, 4683228.0 ], [ -1014874.0, 4683221.0 ], [ -1014881.0, 4683204.0 ], [ -1014882.0, 4683185.0 ], [ -1014887.0, 4683151.0 ], [ -1014886.0, 4683134.0 ], [ -1014881.0, 4683119.0 ], [ -1014878.0, 4683113.0 ], [ -1014870.0, 4683089.0 ], [ -1014869.0, 4683083.0 ], [ -1014868.0, 4683077.0 ], [ -1014867.0, 4683070.0 ], [ -1014867.0, 4683055.0 ], [ -1014866.0, 4683048.0 ], [ -1014865.0, 4683042.0 ], [ -1014863.0, 4683037.0 ], [ -1014861.0, 4683032.0 ], [ -1014858.0, 4683025.0 ], [ -1014848.0, 4683004.0 ], [ -1014845.0, 4682999.0 ], [ -1014843.0, 4682992.0 ], [ -1014840.0, 4682984.0 ], [ -1014836.0, 4682970.0 ], [ -1014821.0, 4682915.0 ], [ -1014806.0, 4682858.0 ], [ -1014817.0, 4682812.0 ], [ -1014860.0, 4682736.0 ], [ -1014837.0, 4682695.0 ], [ -1014797.0, 4682648.0 ], [ -1014770.0, 4682628.0 ], [ -1014764.0, 4682620.0 ], [ -1014759.0, 4682612.0 ], [ -1014744.0, 4682584.0 ], [ -1014731.0, 4682559.0 ], [ -1014732.0, 4682544.0 ], [ -1014732.0, 4682541.0 ], [ -1014733.0, 4682529.0 ], [ -1014737.0, 4682488.0 ], [ -1014745.0, 4682436.0 ], [ -1014747.0, 4682403.0 ], [ -1014733.0, 4682358.0 ], [ -1014730.0, 4682349.0 ], [ -1014724.0, 4682316.0 ], [ -1014724.0, 4682306.0 ], [ -1014730.0, 4682288.0 ], [ -1014736.0, 4682291.0 ], [ -1014742.0, 4682293.0 ], [ -1014748.0, 4682294.0 ], [ -1014755.0, 4682295.0 ], [ -1014813.0, 4682292.0 ], [ -1014818.0, 4682292.0 ], [ -1014828.0, 4682292.0 ], [ -1014829.0, 4682292.0 ], [ -1014858.0, 4682290.0 ], [ -1014857.0, 4682274.0 ], [ -1014860.0, 4682257.0 ], [ -1014876.0, 4682235.0 ], [ -1014889.0, 4682222.0 ], [ -1014895.0, 4682214.0 ], [ -1014898.0, 4682208.0 ], [ -1014905.0, 4682194.0 ], [ -1014913.0, 4682197.0 ], [ -1014919.0, 4682196.0 ], [ -1014925.0, 4682195.0 ], [ -1014934.0, 4682193.0 ], [ -1014938.0, 4682192.0 ], [ -1014949.0, 4682193.0 ], [ -1014970.0, 4682194.0 ], [ -1014967.0, 4682182.0 ], [ -1014960.0, 4682154.0 ], [ -1015006.0, 4682123.0 ], [ -1015032.0, 4682106.0 ], [ -1015038.0, 4682103.0 ], [ -1015035.0, 4682096.0 ], [ -1015030.0, 4682087.0 ], [ -1015006.0, 4682016.0 ], [ -1015042.0, 4681959.0 ], [ -1015094.0, 4681878.0 ], [ -1015128.0, 4681825.0 ], [ -1015137.0, 4681811.0 ] ] } },
{ "type": "Feature", "properties": { "source": 3432238402, "target": 989695910, "ordering_random": 94, "length": 1653, "length_cumulative": 231869 }, "geometry": { "type": "LineString", "coordinates": [ [ -1014963.0, 4689496.0 ], [ -1014969.0, 4689495.0 ], [ -1014975.0, 4689493.0 ], [ -1014984.0, 4689491.0 ], [ -1015000.0, 4689486.0 ], [ -1015017.0, 4689480.0 ], [ -1015024.0, 4689476.0 ], [ -1015040.0, 4689469.0 ], [ -1015055.0, 4689460.0 ], [ -1015070.0, 4689451.0 ], [ -1015084.0, 4689441.0 ], [ -1015098.0, 4689430.0 ], [ -1015104.0, 4689424.0 ], [ -1015117.0, 4689412.0 ], [ -1015128.0, 4689399.0 ], [ -1015136.0, 4689389.0 ], [ -1015138.0, 4689387.0 ], [ -1015139.0, 4689385.0 ], [ -1015141.0, 4689383.0 ], [ -1015150.0, 4689371.0 ], [ -1015154.0, 4689374.0 ], [ -1015154.0, 4689370.0 ], [ -1015154.0, 4689366.0 ], [ -1015155.0, 4689361.0 ], [ -1015156.0, 4689358.0 ], [ -1015163.0, 4689347.0 ], [ -1015171.0, 4689332.0 ], [ -1015173.0, 4689329.0 ], [ -1015175.0, 4689325.0 ], [ -1015179.0, 4689310.0 ], [ -1015180.0, 4689307.0 ], [ -1015182.0, 4689298.0 ], [ -1015185.0, 4689285.0 ], [ -1015187.0, 4689271.0 ], [ -1015188.0, 4689258.0 ], [ -1015188.0, 4689252.0 ], [ -1015187.0, 4689238.0 ], [ -1015185.0, 4689224.0 ], [ -1015183.0, 4689211.0 ], [ -1015182.0, 4689209.0 ], [ -1015181.0, 4689205.0 ], [ -1015179.0, 4689197.0 ], [ -1015178.0, 4689194.0 ], [ -1015177.0, 4689191.0 ], [ -1015172.0, 4689178.0 ], [ -1015168.0, 4689167.0 ], [ -1015167.0, 4689166.0 ], [ -1015160.0, 4689158.0 ], [ -1015163.0, 4689155.0 ], [ -1015167.0, 4689152.0 ], [ -1015169.0, 4689150.0 ], [ -1015206.0, 4689121.0 ], [ -1015213.0, 4689116.0 ], [ -1015220.0, 4689110.0 ], [ -1015274.0, 4689068.0 ], [ -1015278.0, 4689065.0 ], [ -1015287.0, 4689057.0 ], [ -1015294.0, 4689052.0 ], [ -1015334.0, 4689021.0 ], [ -1015339.0, 4689016.0 ], [ -1015345.0, 4689012.0 ], [ -1015349.0, 4689009.0 ], [ -1015351.0, 4689007.0 ], [ -1015413.0, 4688958.0 ], [ -1015417.0, 4688955.0 ], [ -1015422.0, 4688951.0 ], [ -1015426.0, 4688947.0 ], [ -1015429.0, 4688942.0 ], [ -1015431.0, 4688937.0 ], [ -1015432.0, 4688931.0 ], [ -1015431.0, 4688926.0 ], [ -1015429.0, 4688921.0 ], [ -1015427.0, 4688917.0 ], [ -1015440.0, 4688906.0 ], [ -1015445.0, 4688903.0 ], [ -1015449.0, 4688899.0 ], [ -1015542.0, 4688826.0 ], [ -1015551.0, 4688819.0 ], [ -1015556.0, 4688816.0 ], [ -1015570.0, 4688805.0 ], [ -1015579.0, 4688815.0 ], [ -1015585.0, 4688821.0 ], [ -1015596.0, 4688831.0 ], [ -1015608.0, 4688838.0 ], [ -1015626.0, 4688846.0 ], [ -1015639.0, 4688848.0 ], [ -1015650.0, 4688845.0 ], [ -1015653.0, 4688828.0 ], [ -1015656.0, 4688810.0 ], [ -1015659.0, 4688795.0 ], [ -1015662.0, 4688780.0 ], [ -1015665.0, 4688770.0 ], [ -1015671.0, 4688745.0 ], [ -1015677.0, 4688746.0 ], [ -1015697.0, 4688747.0 ], [ -1015731.0, 4688754.0 ], [ -1015770.0, 4688760.0 ], [ -1015774.0, 4688767.0 ], [ -1015784.0, 4688764.0 ], [ -1015809.0, 4688763.0 ], [ -1015831.0, 4688767.0 ], [ -1015837.0, 4688769.0 ], [ -1015845.0, 4688773.0 ], [ -1015858.0, 4688779.0 ], [ -1015861.0, 4688785.0 ], [ -1015865.0, 4688790.0 ], [ -1015870.0, 4688793.0 ], [ -1015876.0, 4688796.0 ], [ -1015882.0, 4688798.0 ], [ -1015888.0, 4688799.0 ], [ -1015894.0, 4688798.0 ], [ -1015900.0, 4688796.0 ], [ -1015906.0, 4688793.0 ], [ -1015910.0, 4688789.0 ], [ -1015938.0, 4688783.0 ], [ -1015953.0, 4688782.0 ], [ -1015965.0, 4688783.0 ], [ -1015981.0, 4688786.0 ], [ -1015995.0, 4688788.0 ], [ -1016049.0, 4688798.0 ], [ -1016062.0, 4688800.0 ], [ -1016086.0, 4688805.0 ] ] } },
{ "type": "Feature", "properties": { "source": 10653443044, "target": 4646240298, "ordering_random": 95, "length": 1552, "length_cumulative": 233421 }, "geometry": { "type": "MultiLineString", "coordinates": [ [ [ -1023323.0, 4685939.0 ], [ -1023363.0, 4685989.0 ], [ -1023366.0, 4685994.0 ], [ -1023368.0, 4685996.0 ], [ -1023371.0, 4685998.0 ], [ -1023377.0, 4685999.0 ], [ -1023393.0, 4686003.0 ], [ -1023398.0, 4686004.0 ], [ -1023402.0, 4686003.0 ], [ -1023410.0, 4685997.0 ], [ -1023416.0, 4685994.0 ], [ -1023419.0, 4685993.0 ], [ -1023423.0, 4685993.0 ], [ -1023461.0, 4685996.0 ], [ -1023492.0, 4685999.0 ], [ -1023576.0, 4686019.0 ], [ -1023644.0, 4686038.0 ], [ -1023715.0, 4686054.0 ], [ -1023784.0, 4686062.0 ], [ -1023794.0, 4686067.0 ], [ -1023786.0, 4686164.0 ], [ -1023786.0, 4686180.0 ], [ -1023785.0, 4686186.0 ], [ -1023782.0, 4686195.0 ], [ -1023778.0, 4686202.0 ], [ -1023753.0, 4686245.0 ], [ -1023747.0, 4686259.0 ], [ -1023724.0, 4686298.0 ], [ -1023718.0, 4686308.0 ], [ -1023680.0, 4686375.0 ], [ -1023673.0, 4686386.0 ], [ -1023662.0, 4686408.0 ], [ -1023624.0, 4686476.0 ], [ -1023619.0, 4686486.0 ], [ -1023663.0, 4686510.0 ], [ -1023659.0, 4686518.0 ], [ -1023644.0, 4686544.0 ], [ -1023647.0, 4686546.0 ], [ -1023595.0, 4686644.0 ], [ -1023590.0, 4686656.0 ], [ -1023582.0, 4686671.0 ], [ -1023579.0, 4686678.0 ], [ -1023566.0, 4686708.0 ], [ -1023563.0, 4686715.0 ], [ -1023567.0, 4686727.0 ] ], [ [ -1023493.0, 4686912.0 ], [ -1023478.0, 4686960.0 ], [ -1023461.0, 4686997.0 ], [ -1023455.0, 4687011.0 ], [ -1023451.0, 4687017.0 ], [ -1023446.0, 4687027.0 ], [ -1023437.0, 4687041.0 ], [ -1023430.0, 4687054.0 ], [ -1023427.0, 4687060.0 ], [ -1023415.0, 4687082.0 ], [ -1023406.0, 4687100.0 ], [ -1023399.0, 4687123.0 ], [ -1023385.0, 4687150.0 ], [ -1023375.0, 4687169.0 ] ] ] } },
{ "type": "Feature", "properties": { "source": 1142766000, "target": 10573661628, "ordering_random": 96, "length": 1276, "length_cumulative": 234697 }, "geometry": { "type": "LineString", "coordinates": [ [ -1012666.0, 4690140.0 ], [ -1012587.0, 4690176.0 ], [ -1012574.0, 4690182.0 ], [ -1012612.0, 4690259.0 ], [ -1012633.0, 4690304.0 ], [ -1012653.0, 4690349.0 ], [ -1012652.0, 4690373.0 ], [ -1012665.0, 4690395.0 ], [ -1012669.0, 4690401.0 ], [ -1012676.0, 4690406.0 ], [ -1012688.0, 4690415.0 ], [ -1012694.0, 4690417.0 ], [ -1012699.0, 4690420.0 ], [ -1012703.0, 4690425.0 ], [ -1012706.0, 4690430.0 ], [ -1012708.0, 4690436.0 ], [ -1012709.0, 4690442.0 ], [ -1012708.0, 4690448.0 ], [ -1012706.0, 4690454.0 ], [ -1012707.0, 4690466.0 ], [ -1012705.0, 4690468.0 ], [ -1012706.0, 4690477.0 ], [ -1012707.0, 4690486.0 ], [ -1012709.0, 4690496.0 ], [ -1012744.0, 4690570.0 ], [ -1012780.0, 4690646.0 ], [ -1012777.0, 4690647.0 ], [ -1012775.0, 4690648.0 ], [ -1012772.0, 4690650.0 ], [ -1012805.0, 4690720.0 ], [ -1012885.0, 4690891.0 ], [ -1012907.0, 4690936.0 ], [ -1012932.0, 4690987.0 ], [ -1012935.0, 4690993.0 ], [ -1012937.0, 4691000.0 ], [ -1012940.0, 4691007.0 ], [ -1012941.0, 4691015.0 ], [ -1012943.0, 4691025.0 ], [ -1012942.0, 4691037.0 ], [ -1012945.0, 4691049.0 ], [ -1012951.0, 4691059.0 ], [ -1012967.0, 4691107.0 ], [ -1012968.0, 4691113.0 ], [ -1012969.0, 4691119.0 ], [ -1012972.0, 4691138.0 ], [ -1012985.0, 4691249.0 ] ] } },
{ "type": "Feature", "properties": { "source": 13698132595, "target": 4646240298, "ordering_random": 97, "length": 1204, "length_cumulative": 235902 }, "geometry": { "type": "LineString", "coordinates": [ [ -1022482.0, 4688315.0 ], [ -1022489.0, 4688316.0 ], [ -1022498.0, 4688316.0 ], [ -1022507.0, 4688315.0 ], [ -1022516.0, 4688314.0 ], [ -1022523.0, 4688312.0 ], [ -1022529.0, 4688310.0 ], [ -1022533.0, 4688309.0 ], [ -1022546.0, 4688304.0 ], [ -1022552.0, 4688302.0 ], [ -1022558.0, 4688300.0 ], [ -1022575.0, 4688294.0 ], [ -1022618.0, 4688277.0 ], [ -1022727.0, 4688207.0 ], [ -1022952.0, 4688062.0 ], [ -1022989.0, 4688029.0 ], [ -1022990.0, 4688028.0 ], [ -1023015.0, 4688000.0 ], [ -1023024.0, 4687987.0 ], [ -1023044.0, 4687956.0 ], [ -1023055.0, 4687937.0 ], [ -1023063.0, 4687919.0 ], [ -1023074.0, 4687896.0 ], [ -1023080.0, 4687877.0 ], [ -1023086.0, 4687860.0 ], [ -1023090.0, 4687837.0 ], [ -1023098.0, 4687839.0 ], [ -1023136.0, 4687641.0 ], [ -1023146.0, 4687595.0 ], [ -1023152.0, 4687570.0 ], [ -1023164.0, 4687538.0 ], [ -1023171.0, 4687520.0 ], [ -1023195.0, 4687479.0 ], [ -1023201.0, 4687469.0 ] ] } },
{ "type": "Feature", "properties": { "source": 2273528482, "target": 9186301011, "ordering_random": 98, "length": 3250, "length_cumulative": 239152 }, "geometry": { "type": "LineString", "coordinates": [ [ -1016420.0, 4689643.0 ], [ -1016431.0, 4689641.0 ], [ -1016482.0, 4689631.0 ], [ -1016425.0, 4689354.0 ], [ -1016440.0, 4689331.0 ], [ -1016451.0, 4689313.0 ], [ -1016507.0, 4689264.0 ], [ -1016527.0, 4689258.0 ], [ -1016557.0, 4689237.0 ], [ -1016574.0, 4689219.0 ], [ -1016641.0, 4689163.0 ], [ -1016725.0, 4689145.0 ], [ -1016729.0, 4689139.0 ], [ -1016731.0, 4689132.0 ], [ -1016723.0, 4689086.0 ], [ -1016727.0, 4689076.0 ], [ -1016738.0, 4689067.0 ], [ -1016759.0, 4689063.0 ], [ -1016850.0, 4689043.0 ], [ -1016861.0, 4689035.0 ], [ -1016918.0, 4688959.0 ], [ -1016923.0, 4688957.0 ], [ -1016926.0, 4688953.0 ], [ -1016931.0, 4688949.0 ], [ -1016938.0, 4688947.0 ], [ -1017002.0, 4688933.0 ], [ -1017089.0, 4688915.0 ], [ -1017098.0, 4688910.0 ], [ -1017102.0, 4688906.0 ], [ -1017105.0, 4688900.0 ], [ -1017110.0, 4688893.0 ], [ -1017105.0, 4688870.0 ], [ -1017070.0, 4688699.0 ], [ -1017066.0, 4688676.0 ], [ -1017061.0, 4688667.0 ], [ -1017059.0, 4688660.0 ], [ -1017060.0, 4688650.0 ], [ -1017064.0, 4688642.0 ], [ -1017072.0, 4688635.0 ], [ -1017071.0, 4688621.0 ], [ -1017070.0, 4688613.0 ], [ -1017001.0, 4688296.0 ], [ -1016989.0, 4688233.0 ], [ -1016984.0, 4688219.0 ], [ -1016976.0, 4688206.0 ], [ -1016968.0, 4688196.0 ], [ -1016957.0, 4688187.0 ], [ -1016948.0, 4688182.0 ], [ -1016935.0, 4688175.0 ], [ -1016920.0, 4688161.0 ], [ -1016906.0, 4688144.0 ], [ -1016892.0, 4688119.0 ], [ -1016887.0, 4688101.0 ], [ -1016885.0, 4688067.0 ], [ -1016876.0, 4688001.0 ], [ -1016880.0, 4687992.0 ], [ -1016884.0, 4687981.0 ], [ -1016896.0, 4687964.0 ], [ -1016904.0, 4687959.0 ], [ -1016909.0, 4687960.0 ], [ -1016917.0, 4687959.0 ], [ -1016922.0, 4687963.0 ], [ -1016938.0, 4687976.0 ], [ -1016957.0, 4688004.0 ], [ -1016965.0, 4688007.0 ], [ -1016977.0, 4688002.0 ], [ -1016985.0, 4687993.0 ], [ -1016994.0, 4687985.0 ], [ -1017081.0, 4687967.0 ], [ -1017201.0, 4687942.0 ], [ -1017254.0, 4687931.0 ], [ -1017271.0, 4687932.0 ], [ -1017286.0, 4687939.0 ], [ -1017301.0, 4687946.0 ], [ -1017323.0, 4687956.0 ], [ -1017347.0, 4687964.0 ], [ -1017374.0, 4687965.0 ], [ -1017397.0, 4687961.0 ], [ -1017420.0, 4687954.0 ], [ -1017432.0, 4687950.0 ], [ -1017460.0, 4687938.0 ], [ -1017478.0, 4687928.0 ], [ -1017498.0, 4687919.0 ], [ -1017516.0, 4687913.0 ], [ -1017528.0, 4687910.0 ], [ -1017539.0, 4687908.0 ], [ -1017652.0, 4687869.0 ], [ -1017666.0, 4687864.0 ], [ -1017679.0, 4687861.0 ], [ -1017695.0, 4687858.0 ], [ -1017711.0, 4687854.0 ], [ -1017725.0, 4687853.0 ], [ -1017742.0, 4687849.0 ], [ -1017758.0, 4687848.0 ], [ -1017771.0, 4687844.0 ], [ -1017776.0, 4687789.0 ], [ -1017778.0, 4687770.0 ] ] } },
{ "type": "Feature", "properties": { "source": 10653443044, "target": 5147991375, "ordering_random": 99, "length": 2337, "length_cumulative": 241490 }, "geometry": { "type": "LineString", "coordinates": [ [ -1023323.0, 4685939.0 ], [ -1023320.0, 4685935.0 ], [ -1023318.0, 4685930.0 ], [ -1023318.0, 4685926.0 ], [ -1023319.0, 4685923.0 ], [ -1023327.0, 4685898.0 ], [ -1023330.0, 4685882.0 ], [ -1023333.0, 4685873.0 ], [ -1023334.0, 4685868.0 ], [ -1023334.0, 4685864.0 ], [ -1023332.0, 4685857.0 ], [ -1023319.0, 4685850.0 ], [ -1023315.0, 4685846.0 ], [ -1023314.0, 4685841.0 ], [ -1023313.0, 4685835.0 ], [ -1023313.0, 4685826.0 ], [ -1023328.0, 4685771.0 ], [ -1023331.0, 4685758.0 ], [ -1023331.0, 4685747.0 ], [ -1023331.0, 4685737.0 ], [ -1023329.0, 4685725.0 ], [ -1023327.0, 4685713.0 ], [ -1023324.0, 4685705.0 ], [ -1023319.0, 4685696.0 ], [ -1023315.0, 4685690.0 ], [ -1023305.0, 4685684.0 ], [ -1023293.0, 4685678.0 ], [ -1023250.0, 4685664.0 ], [ -1023238.0, 4685659.0 ], [ -1023217.0, 4685649.0 ], [ -1023197.0, 4685638.0 ], [ -1023186.0, 4685631.0 ], [ -1023144.0, 4685608.0 ], [ -1023085.0, 4685579.0 ], [ -1023088.0, 4685574.0 ], [ -1023088.0, 4685572.0 ], [ -1023089.0, 4685570.0 ], [ -1023089.0, 4685569.0 ], [ -1023088.0, 4685568.0 ], [ -1023087.0, 4685567.0 ], [ -1023085.0, 4685566.0 ], [ -1023068.0, 4685558.0 ], [ -1023065.0, 4685556.0 ], [ -1023059.0, 4685552.0 ], [ -1023053.0, 4685548.0 ], [ -1023044.0, 4685545.0 ], [ -1023041.0, 4685544.0 ], [ -1023016.0, 4685530.0 ], [ -1023012.0, 4685526.0 ], [ -1023008.0, 4685522.0 ], [ -1023006.0, 4685518.0 ], [ -1023005.0, 4685517.0 ], [ -1023002.0, 4685510.0 ], [ -1023001.0, 4685503.0 ], [ -1023001.0, 4685496.0 ], [ -1023004.0, 4685469.0 ], [ -1023012.0, 4685384.0 ], [ -1023013.0, 4685375.0 ], [ -1023016.0, 4685349.0 ], [ -1023020.0, 4685341.0 ], [ -1023020.0, 4685338.0 ], [ -1023021.0, 4685332.0 ], [ -1023023.0, 4685309.0 ], [ -1023026.0, 4685303.0 ], [ -1023028.0, 4685299.0 ], [ -1023025.0, 4685293.0 ], [ -1023022.0, 4685287.0 ], [ -1023021.0, 4685279.0 ], [ -1023026.0, 4685227.0 ], [ -1023031.0, 4685228.0 ], [ -1023031.0, 4685286.0 ], [ -1023034.0, 4685286.0 ], [ -1023033.0, 4685226.0 ], [ -1023021.0, 4685195.0 ], [ -1022998.0, 4685050.0 ], [ -1023002.0, 4685050.0 ], [ -1023022.0, 4685048.0 ], [ -1023033.0, 4685045.0 ], [ -1023049.0, 4685040.0 ], [ -1023061.0, 4685035.0 ], [ -1023075.0, 4685024.0 ], [ -1023095.0, 4685012.0 ], [ -1023130.0, 4684994.0 ], [ -1023174.0, 4684976.0 ], [ -1023202.0, 4684964.0 ], [ -1023211.0, 4684957.0 ], [ -1023217.0, 4684949.0 ], [ -1023219.0, 4684939.0 ], [ -1023232.0, 4684929.0 ], [ -1023253.0, 4684916.0 ], [ -1023261.0, 4684910.0 ], [ -1023276.0, 4684900.0 ], [ -1023261.0, 4684885.0 ], [ -1023266.0, 4684872.0 ], [ -1023284.0, 4684861.0 ], [ -1023302.0, 4684853.0 ], [ -1023309.0, 4684850.0 ], [ -1023308.0, 4684842.0 ], [ -1023310.0, 4684830.0 ], [ -1023312.0, 4684814.0 ], [ -1023314.0, 4684802.0 ], [ -1023311.0, 4684784.0 ], [ -1023321.0, 4684779.0 ], [ -1023329.0, 4684780.0 ], [ -1023342.0, 4684775.0 ], [ -1023352.0, 4684763.0 ], [ -1023353.0, 4684751.0 ], [ -1023348.0, 4684740.0 ], [ -1023351.0, 4684730.0 ], [ -1023361.0, 4684717.0 ], [ -1023375.0, 4684712.0 ], [ -1023383.0, 4684710.0 ], [ -1023392.0, 4684705.0 ], [ -1023402.0, 4684699.0 ], [ -1023412.0, 4684696.0 ], [ -1023425.0, 4684689.0 ], [ -1023427.0, 4684682.0 ], [ -1023427.0, 4684671.0 ], [ -1023424.0, 4684658.0 ], [ -1023433.0, 4684638.0 ], [ -1023441.0, 4684607.0 ], [ -1023445.0, 4684581.0 ], [ -1023444.0, 4684555.0 ], [ -1023439.0, 4684518.0 ], [ -1023432.0, 4684490.0 ], [ -1023466.0, 4684475.0 ], [ -1023484.0, 4684470.0 ], [ -1023498.0, 4684468.0 ], [ -1023509.0, 4684468.0 ], [ -1023522.0, 4684470.0 ], [ -1023523.0, 4684463.0 ], [ -1023527.0, 4684458.0 ], [ -1023529.0, 4684456.0 ], [ -1023536.0, 4684451.0 ], [ -1023540.0, 4684449.0 ], [ -1023543.0, 4684446.0 ], [ -1023553.0, 4684430.0 ], [ -1023565.0, 4684415.0 ], [ -1023628.0, 4684354.0 ] ] } },
{ "type": "Feature", "properties": { "source": 540137816, "target": 6884007756, "ordering_random": 100, "length": 1710, "length_cumulative": 243200 }, "geometry": { "type": "LineString", "coordinates": [ [ -1014549.0, 4685673.0 ], [ -1014539.0, 4685677.0 ], [ -1014520.0, 4685679.0 ], [ -1014512.0, 4685678.0 ], [ -1014505.0, 4685676.0 ], [ -1014486.0, 4685667.0 ], [ -1014464.0, 4685658.0 ], [ -1014449.0, 4685650.0 ], [ -1014444.0, 4685648.0 ], [ -1014414.0, 4685632.0 ], [ -1014393.0, 4685625.0 ], [ -1014385.0, 4685622.0 ], [ -1014377.0, 4685617.0 ], [ -1014376.0, 4685615.0 ], [ -1014374.0, 4685614.0 ], [ -1014369.0, 4685605.0 ], [ -1014361.0, 4685608.0 ], [ -1014356.0, 4685609.0 ], [ -1014350.0, 4685610.0 ], [ -1014345.0, 4685610.0 ], [ -1014317.0, 4685610.0 ], [ -1014302.0, 4685609.0 ], [ -1014256.0, 4685608.0 ], [ -1014241.0, 4685608.0 ], [ -1014233.0, 4685607.0 ], [ -1014225.0, 4685605.0 ], [ -1014219.0, 4685602.0 ], [ -1014212.0, 4685597.0 ], [ -1014206.0, 4685593.0 ], [ -1014167.0, 4685558.0 ], [ -1014156.0, 4685548.0 ], [ -1014152.0, 4685545.0 ], [ -1014143.0, 4685538.0 ], [ -1014102.0, 4685504.0 ], [ -1014084.0, 4685502.0 ], [ -1014085.0, 4685489.0 ], [ -1014082.0, 4685486.0 ], [ -1014076.0, 4685482.0 ], [ -1014071.0, 4685478.0 ], [ -1014068.0, 4685476.0 ], [ -1014046.0, 4685501.0 ], [ -1014027.0, 4685503.0 ], [ -1014013.0, 4685501.0 ], [ -1013986.0, 4685493.0 ], [ -1013983.0, 4685495.0 ], [ -1013980.0, 4685498.0 ], [ -1013971.0, 4685493.0 ], [ -1013972.0, 4685489.0 ], [ -1013972.0, 4685488.0 ], [ -1013973.0, 4685487.0 ], [ -1013972.0, 4685485.0 ], [ -1013972.0, 4685483.0 ], [ -1013971.0, 4685480.0 ], [ -1013969.0, 4685476.0 ], [ -1013966.0, 4685472.0 ], [ -1013961.0, 4685466.0 ], [ -1013954.0, 4685460.0 ], [ -1013950.0, 4685457.0 ], [ -1013936.0, 4685448.0 ], [ -1013930.0, 4685445.0 ], [ -1013924.0, 4685443.0 ], [ -1013920.0, 4685442.0 ], [ -1013908.0, 4685439.0 ], [ -1013892.0, 4685438.0 ], [ -1013878.0, 4685438.0 ], [ -1013866.0, 4685438.0 ], [ -1013845.0, 4685440.0 ], [ -1013833.0, 4685441.0 ], [ -1013817.0, 4685443.0 ], [ -1013809.0, 4685444.0 ], [ -1013790.0, 4685448.0 ], [ -1013771.0, 4685452.0 ], [ -1013719.0, 4685461.0 ], [ -1013700.0, 4685463.0 ], [ -1013675.0, 4685466.0 ], [ -1013643.0, 4685470.0 ], [ -1013630.0, 4685471.0 ], [ -1013622.0, 4685471.0 ], [ -1013615.0, 4685471.0 ], [ -1013607.0, 4685469.0 ], [ -1013602.0, 4685467.0 ], [ -1013596.0, 4685464.0 ], [ -1013590.0, 4685460.0 ], [ -1013584.0, 4685455.0 ], [ -1013578.0, 4685450.0 ], [ -1013574.0, 4685446.0 ], [ -1013570.0, 4685441.0 ], [ -1013566.0, 4685436.0 ], [ -1013564.0, 4685432.0 ], [ -1013562.0, 4685429.0 ], [ -1013559.0, 4685424.0 ], [ -1013556.0, 4685417.0 ], [ -1013553.0, 4685406.0 ], [ -1013549.0, 4685392.0 ], [ -1013534.0, 4685343.0 ], [ -1013529.0, 4685327.0 ], [ -1013523.0, 4685311.0 ], [ -1013509.0, 4685285.0 ], [ -1013498.0, 4685291.0 ], [ -1013495.0, 4685287.0 ], [ -1013494.0, 4685286.0 ], [ -1013491.0, 4685282.0 ], [ -1013481.0, 4685285.0 ], [ -1013470.0, 4685287.0 ], [ -1013448.0, 4685258.0 ], [ -1013444.0, 4685252.0 ], [ -1013439.0, 4685247.0 ], [ -1013433.0, 4685241.0 ], [ -1013384.0, 4685192.0 ], [ -1013380.0, 4685188.0 ], [ -1013376.0, 4685185.0 ], [ -1013371.0, 4685181.0 ], [ -1013364.0, 4685176.0 ], [ -1013334.0, 4685160.0 ], [ -1013252.0, 4685129.0 ], [ -1013196.0, 4685111.0 ], [ -1013162.0, 4685100.0 ], [ -1013150.0, 4685095.0 ] ] } },
{ "type": "Feature", "properties": { "source": 540137816, "target": 3152689482, "ordering_random": 101, "length": 1544, "length_cumulative": 244745 }, "geometry": { "type": "LineString", "coordinates": [ [ -1016493.0, 4685356.0 ], [ -1016485.0, 4685356.0 ], [ -1016475.0, 4685356.0 ], [ -1016474.0, 4685371.0 ], [ -1016474.0, 4685381.0 ], [ -1016459.0, 4685564.0 ], [ -1016454.0, 4685634.0 ], [ -1016452.0, 4685661.0 ], [ -1016451.0, 4685676.0 ], [ -1016449.0, 4685702.0 ], [ -1016421.0, 4685721.0 ], [ -1016420.0, 4685722.0 ], [ -1016404.0, 4685733.0 ], [ -1016381.0, 4685731.0 ], [ -1016378.0, 4685731.0 ], [ -1016357.0, 4685728.0 ], [ -1016342.0, 4685725.0 ], [ -1016322.0, 4685721.0 ], [ -1016301.0, 4685715.0 ], [ -1016278.0, 4685706.0 ], [ -1016254.0, 4685694.0 ], [ -1016228.0, 4685677.0 ], [ -1016197.0, 4685649.0 ], [ -1016146.0, 4685589.0 ], [ -1016117.0, 4685557.0 ], [ -1016086.0, 4685529.0 ], [ -1016056.0, 4685510.0 ], [ -1016028.0, 4685497.0 ], [ -1016000.0, 4685486.0 ], [ -1015980.0, 4685482.0 ], [ -1015960.0, 4685479.0 ], [ -1015943.0, 4685477.0 ], [ -1015926.0, 4685476.0 ], [ -1015908.0, 4685476.0 ], [ -1015798.0, 4685475.0 ], [ -1015748.0, 4685482.0 ], [ -1015706.0, 4685496.0 ], [ -1015682.0, 4685508.0 ], [ -1015667.0, 4685516.0 ], [ -1015598.0, 4685546.0 ], [ -1015560.0, 4685564.0 ], [ -1015530.0, 4685577.0 ], [ -1015479.0, 4685596.0 ], [ -1015443.0, 4685606.0 ], [ -1015427.0, 4685610.0 ], [ -1015413.0, 4685612.0 ], [ -1015401.0, 4685612.0 ], [ -1015390.0, 4685608.0 ] ] } },
{ "type": "Feature", "properties": { "source": 8147609115, "target": 443009106, "ordering_random": 102, "length": 943, "length_cumulative": 245688 }, "geometry": { "type": "LineString", "coordinates": [ [ -1021860.0, 4680126.0 ], [ -1021852.0, 4680125.0 ], [ -1021848.0, 4680125.0 ], [ -1021801.0, 4680122.0 ], [ -1021794.0, 4680121.0 ], [ -1021780.0, 4680127.0 ], [ -1021746.0, 4680101.0 ], [ -1021732.0, 4680089.0 ], [ -1021728.0, 4680076.0 ], [ -1021731.0, 4680024.0 ], [ -1021730.0, 4679981.0 ], [ -1021723.0, 4679954.0 ], [ -1021710.0, 4679935.0 ], [ -1021691.0, 4679926.0 ], [ -1021665.0, 4679923.0 ], [ -1021642.0, 4679928.0 ], [ -1021620.0, 4679935.0 ], [ -1021580.0, 4679942.0 ], [ -1021538.0, 4679950.0 ], [ -1021534.0, 4679950.0 ], [ -1021505.0, 4679957.0 ], [ -1021493.0, 4679950.0 ], [ -1021488.0, 4679943.0 ], [ -1021485.0, 4679934.0 ], [ -1021475.0, 4679882.0 ], [ -1021473.0, 4679873.0 ], [ -1021466.0, 4679839.0 ], [ -1021461.0, 4679814.0 ], [ -1021459.0, 4679806.0 ], [ -1021451.0, 4679801.0 ], [ -1021416.0, 4679787.0 ], [ -1021399.0, 4679790.0 ], [ -1021388.0, 4679790.0 ], [ -1021307.0, 4679780.0 ], [ -1021295.0, 4679781.0 ], [ -1021291.0, 4679781.0 ], [ -1021291.0, 4679775.0 ], [ -1021291.0, 4679772.0 ], [ -1021291.0, 4679766.0 ], [ -1021291.0, 4679759.0 ], [ -1021291.0, 4679757.0 ], [ -1021279.0, 4679752.0 ], [ -1021276.0, 4679750.0 ], [ -1021272.0, 4679749.0 ], [ -1021249.0, 4679738.0 ], [ -1021242.0, 4679737.0 ], [ -1021244.0, 4679720.0 ] ] } },
{ "type": "Feature", "properties": { "source": 10653443044, "target": 7167936371, "ordering_random": 104, "length": 2151, "length_cumulative": 247839 }, "geometry": { "type": "LineString", "coordinates": [ [ -1021604.0, 4685757.0 ], [ -1021609.0, 4685758.0 ], [ -1021649.0, 4685764.0 ], [ -1021688.0, 4685770.0 ], [ -1021720.0, 4685773.0 ], [ -1021757.0, 4685775.0 ], [ -1021767.0, 4685776.0 ], [ -1021805.0, 4685776.0 ], [ -1021858.0, 4685773.0 ], [ -1021925.0, 4685768.0 ], [ -1021941.0, 4685766.0 ], [ -1021965.0, 4685670.0 ], [ -1021985.0, 4685670.0 ], [ -1021985.0, 4685671.0 ], [ -1022018.0, 4685673.0 ], [ -1022034.0, 4685674.0 ], [ -1022048.0, 4685676.0 ], [ -1022063.0, 4685680.0 ], [ -1022080.0, 4685687.0 ], [ -1022090.0, 4685692.0 ], [ -1022107.0, 4685702.0 ], [ -1022121.0, 4685711.0 ], [ -1022134.0, 4685719.0 ], [ -1022283.0, 4685813.0 ], [ -1022304.0, 4685824.0 ], [ -1022324.0, 4685832.0 ], [ -1022341.0, 4685838.0 ], [ -1022359.0, 4685842.0 ], [ -1022400.0, 4685847.0 ], [ -1022424.0, 4685849.0 ], [ -1022423.0, 4685857.0 ], [ -1022635.0, 4685879.0 ], [ -1022658.0, 4685882.0 ], [ -1022683.0, 4685882.0 ], [ -1022702.0, 4685877.0 ], [ -1022722.0, 4685868.0 ], [ -1022739.0, 4685856.0 ], [ -1022750.0, 4685840.0 ], [ -1022756.0, 4685795.0 ], [ -1022782.0, 4685761.0 ], [ -1022799.0, 4685762.0 ], [ -1022800.0, 4685752.0 ], [ -1022813.0, 4685753.0 ], [ -1022814.0, 4685758.0 ], [ -1022817.0, 4685763.0 ], [ -1022821.0, 4685767.0 ], [ -1022827.0, 4685769.0 ], [ -1022832.0, 4685769.0 ], [ -1022838.0, 4685767.0 ], [ -1022848.0, 4685793.0 ], [ -1022864.0, 4685808.0 ], [ -1022874.0, 4685811.0 ], [ -1022883.0, 4685811.0 ], [ -1022891.0, 4685809.0 ], [ -1022898.0, 4685802.0 ], [ -1022905.0, 4685788.0 ], [ -1022910.0, 4685747.0 ], [ -1022914.0, 4685692.0 ], [ -1023015.0, 4685724.0 ], [ -1023008.0, 4685745.0 ], [ -1023008.0, 4685754.0 ], [ -1023011.0, 4685762.0 ], [ -1023016.0, 4685768.0 ], [ -1023025.0, 4685775.0 ], [ -1023034.0, 4685780.0 ], [ -1023052.0, 4685789.0 ], [ -1023062.0, 4685791.0 ], [ -1023068.0, 4685793.0 ], [ -1023126.0, 4685805.0 ], [ -1023153.0, 4685814.0 ], [ -1023166.0, 4685817.0 ], [ -1023177.0, 4685820.0 ], [ -1023274.0, 4685847.0 ], [ -1023306.0, 4685855.0 ], [ -1023314.0, 4685859.0 ], [ -1023318.0, 4685861.0 ], [ -1023321.0, 4685864.0 ], [ -1023325.0, 4685868.0 ], [ -1023328.0, 4685875.0 ], [ -1023330.0, 4685882.0 ] ] } },
{ "type": "Feature", "properties": { "source": 12145974808, "target": 6775889754, "ordering_random": 105, "length": 822, "length_cumulative": 248662 }, "geometry": { "type": "LineString", "coordinates": [ [ -1024414.0, 4679073.0 ], [ -1024392.0, 4679083.0 ], [ -1024378.0, 4679091.0 ], [ -1024288.0, 4679136.0 ], [ -1024276.0, 4679143.0 ], [ -1024265.0, 4679151.0 ], [ -1024241.0, 4679171.0 ], [ -1024201.0, 4679204.0 ], [ -1024187.0, 4679216.0 ], [ -1024182.0, 4679220.0 ], [ -1024173.0, 4679226.0 ], [ -1024173.0, 4679179.0 ], [ -1024146.0, 4679178.0 ], [ -1024141.0, 4679222.0 ], [ -1024141.0, 4679225.0 ], [ -1024089.0, 4679223.0 ], [ -1024089.0, 4679214.0 ], [ -1024091.0, 4679194.0 ], [ -1024094.0, 4679169.0 ], [ -1024097.0, 4679142.0 ], [ -1024097.0, 4679133.0 ], [ -1024098.0, 4679127.0 ], [ -1024094.0, 4679127.0 ], [ -1024091.0, 4679126.0 ], [ -1024086.0, 4679124.0 ], [ -1023974.0, 4679076.0 ], [ -1023970.0, 4679075.0 ], [ -1023966.0, 4679074.0 ], [ -1023959.0, 4679074.0 ], [ -1023959.0, 4679077.0 ], [ -1023958.0, 4679080.0 ], [ -1023957.0, 4679084.0 ], [ -1023892.0, 4679160.0 ], [ -1023888.0, 4679157.0 ], [ -1023886.0, 4679155.0 ] ] } },
{ "type": "Feature", "properties": { "source": 8165092613, "target": 1730550086, "ordering_random": 107, "length": 1904, "length_cumulative": 250567 }, "geometry": { "type": "LineString", "coordinates": [ [ -1018394.0, 4688412.0 ], [ -1018424.0, 4688409.0 ], [ -1018437.0, 4688408.0 ], [ -1018455.0, 4688406.0 ], [ -1018454.0, 4688397.0 ], [ -1018475.0, 4688393.0 ], [ -1018517.0, 4688384.0 ], [ -1018633.0, 4688358.0 ], [ -1018649.0, 4688354.0 ], [ -1018646.0, 4688340.0 ], [ -1018641.0, 4688313.0 ], [ -1018644.0, 4688302.0 ], [ -1018673.0, 4688277.0 ], [ -1018685.0, 4688272.0 ], [ -1018768.0, 4688258.0 ], [ -1018777.0, 4688252.0 ], [ -1018782.0, 4688239.0 ], [ -1018770.0, 4688179.0 ], [ -1018776.0, 4688169.0 ], [ -1018861.0, 4688155.0 ], [ -1018870.0, 4688154.0 ], [ -1018862.0, 4688110.0 ], [ -1018862.0, 4688093.0 ], [ -1018863.0, 4688088.0 ], [ -1018867.0, 4688071.0 ], [ -1018873.0, 4688065.0 ], [ -1018886.0, 4688049.0 ], [ -1018966.0, 4687957.0 ], [ -1018969.0, 4687943.0 ], [ -1018972.0, 4687928.0 ], [ -1018979.0, 4687905.0 ], [ -1018977.0, 4687890.0 ], [ -1018972.0, 4687860.0 ], [ -1018970.0, 4687853.0 ], [ -1018968.0, 4687839.0 ], [ -1018964.0, 4687817.0 ], [ -1018961.0, 4687794.0 ], [ -1018957.0, 4687774.0 ], [ -1018953.0, 4687750.0 ], [ -1018951.0, 4687736.0 ], [ -1018947.0, 4687713.0 ], [ -1018941.0, 4687678.0 ], [ -1018945.0, 4687651.0 ], [ -1018948.0, 4687649.0 ], [ -1018951.0, 4687646.0 ], [ -1018952.0, 4687643.0 ], [ -1018952.0, 4687639.0 ], [ -1018968.0, 4687624.0 ], [ -1019006.0, 4687608.0 ], [ -1019017.0, 4687604.0 ], [ -1019039.0, 4687595.0 ], [ -1019098.0, 4687572.0 ], [ -1019118.0, 4687562.0 ], [ -1019125.0, 4687556.0 ], [ -1019159.0, 4687536.0 ], [ -1019189.0, 4687520.0 ], [ -1019197.0, 4687513.0 ], [ -1019212.0, 4687502.0 ], [ -1019220.0, 4687495.0 ], [ -1019231.0, 4687486.0 ], [ -1019235.0, 4687500.0 ], [ -1019335.0, 4687466.0 ], [ -1019355.0, 4687449.0 ], [ -1019364.0, 4687446.0 ], [ -1019375.0, 4687443.0 ], [ -1019377.0, 4687443.0 ], [ -1019384.0, 4687441.0 ], [ -1019385.0, 4687441.0 ], [ -1019396.0, 4687436.0 ], [ -1019425.0, 4687423.0 ], [ -1019456.0, 4687408.0 ], [ -1019525.0, 4687375.0 ], [ -1019533.0, 4687372.0 ], [ -1019562.0, 4687360.0 ] ] } },
{ "type": "Feature", "properties": { "source": 3538716674, "target": 486151084, "ordering_random": 108, "length": 2508, "length_cumulative": 253076 }, "geometry": { "type": "MultiLineString", "coordinates": [ [ [ -1019803.0, 4683977.0 ], [ -1019766.0, 4683962.0 ] ], [ [ -1019766.0, 4683962.0 ], [ -1019682.0, 4683929.0 ] ], [ [ -1019972.0, 4683974.0 ], [ -1019883.0, 4683937.0 ], [ -1019866.0, 4683931.0 ], [ -1019856.0, 4683927.0 ], [ -1019849.0, 4683933.0 ], [ -1019794.0, 4683956.0 ], [ -1019766.0, 4683962.0 ] ], [ [ -1019766.0, 4683962.0 ], [ -1019739.0, 4683968.0 ], [ -1019736.0, 4683969.0 ], [ -1019729.0, 4683972.0 ], [ -1019697.0, 4683986.0 ], [ -1019695.0, 4684017.0 ], [ -1019695.0, 4684024.0 ], [ -1019694.0, 4684039.0 ], [ -1019694.0, 4684040.0 ], [ -1019693.0, 4684047.0 ], [ -1019688.0, 4684046.0 ], [ -1019688.0, 4684063.0 ], [ -1019687.0, 4684066.0 ], [ -1019686.0, 4684068.0 ], [ -1019680.0, 4684073.0 ], [ -1019677.0, 4684075.0 ], [ -1019675.0, 4684076.0 ], [ -1019671.0, 4684078.0 ], [ -1019667.0, 4684079.0 ], [ -1019664.0, 4684081.0 ], [ -1019657.0, 4684084.0 ], [ -1019649.0, 4684086.0 ], [ -1019639.0, 4684089.0 ], [ -1019633.0, 4684091.0 ], [ -1019628.0, 4684092.0 ], [ -1019628.0, 4684093.0 ], [ -1019628.0, 4684094.0 ], [ -1019628.0, 4684098.0 ], [ -1019621.0, 4684099.0 ], [ -1019613.0, 4684099.0 ], [ -1019606.0, 4684099.0 ], [ -1019601.0, 4684099.0 ], [ -1019596.0, 4684099.0 ], [ -1019591.0, 4684098.0 ], [ -1019583.0, 4684096.0 ], [ -1019579.0, 4684095.0 ], [ -1019578.0, 4684097.0 ], [ -1019569.0, 4684137.0 ], [ -1019566.0, 4684147.0 ], [ -1019553.0, 4684144.0 ], [ -1019547.0, 4684169.0 ], [ -1019567.0, 4684207.0 ], [ -1019557.0, 4684212.0 ], [ -1019553.0, 4684220.0 ], [ -1019536.0, 4684241.0 ], [ -1019535.0, 4684243.0 ], [ -1019535.0, 4684244.0 ], [ -1019535.0, 4684246.0 ], [ -1019536.0, 4684247.0 ], [ -1019509.0, 4684262.0 ], [ -1019468.0, 4684285.0 ], [ -1019460.0, 4684289.0 ], [ -1019454.0, 4684292.0 ], [ -1019450.0, 4684293.0 ], [ -1019445.0, 4684293.0 ], [ -1019441.0, 4684292.0 ], [ -1019440.0, 4684296.0 ], [ -1019439.0, 4684298.0 ], [ -1019437.0, 4684307.0 ], [ -1019434.0, 4684316.0 ], [ -1019430.0, 4684318.0 ], [ -1019436.0, 4684328.0 ], [ -1019445.0, 4684346.0 ], [ -1019450.0, 4684354.0 ], [ -1019451.0, 4684357.0 ], [ -1019451.0, 4684358.0 ], [ -1019451.0, 4684359.0 ], [ -1019449.0, 4684360.0 ], [ -1019441.0, 4684365.0 ], [ -1019430.0, 4684371.0 ], [ -1019420.0, 4684377.0 ], [ -1019427.0, 4684390.0 ], [ -1019437.0, 4684413.0 ], [ -1019443.0, 4684424.0 ], [ -1019448.0, 4684434.0 ], [ -1019465.0, 4684464.0 ], [ -1019495.0, 4684518.0 ], [ -1019518.0, 4684555.0 ], [ -1019536.0, 4684587.0 ], [ -1019559.0, 4684625.0 ], [ -1019582.0, 4684665.0 ], [ -1019599.0, 4684703.0 ], [ -1019604.0, 4684731.0 ], [ -1019604.0, 4684739.0 ], [ -1019602.0, 4684748.0 ], [ -1019600.0, 4684757.0 ], [ -1019596.0, 4684765.0 ], [ -1019590.0, 4684773.0 ], [ -1019587.0, 4684777.0 ], [ -1019575.0, 4684788.0 ], [ -1019564.0, 4684795.0 ], [ -1019508.0, 4684832.0 ], [ -1019497.0, 4684838.0 ], [ -1019454.0, 4684862.0 ], [ -1019445.0, 4684867.0 ], [ -1019435.0, 4684872.0 ], [ -1019379.0, 4684903.0 ], [ -1019373.0, 4684907.0 ], [ -1019367.0, 4684913.0 ], [ -1019321.0, 4684949.0 ], [ -1019266.0, 4684994.0 ], [ -1019251.0, 4685006.0 ], [ -1019271.0, 4685070.0 ], [ -1019292.0, 4685133.0 ], [ -1019309.0, 4685185.0 ], [ -1019313.0, 4685198.0 ], [ -1019318.0, 4685212.0 ], [ -1019326.0, 4685244.0 ], [ -1019328.0, 4685249.0 ], [ -1019334.0, 4685272.0 ], [ -1019335.0, 4685275.0 ], [ -1019337.0, 4685277.0 ], [ -1019340.0, 4685279.0 ], [ -1019345.0, 4685277.0 ], [ -1019335.0, 4685298.0 ], [ -1019338.0, 4685298.0 ], [ -1019342.0, 4685300.0 ], [ -1019344.0, 4685305.0 ], [ -1019346.0, 4685315.0 ], [ -1019359.0, 4685379.0 ], [ -1019346.0, 4685373.0 ], [ -1019319.0, 4685378.0 ], [ -1019310.0, 4685412.0 ], [ -1019308.0, 4685416.0 ], [ -1019307.0, 4685421.0 ], [ -1019305.0, 4685426.0 ], [ -1019305.0, 4685429.0 ], [ -1019322.0, 4685461.0 ], [ -1019327.0, 4685470.0 ], [ -1019329.0, 4685474.0 ], [ -1019334.0, 4685483.0 ], [ -1019336.0, 4685487.0 ], [ -1019339.0, 4685492.0 ], [ -1019343.0, 4685499.0 ], [ -1019348.0, 4685507.0 ], [ -1019352.0, 4685514.0 ], [ -1019339.0, 4685520.0 ] ] ] } },
{ "type": "Feature", "properties": { "source": 10653443044, "target": 1583413551, "ordering_random": 109, "length": 1801, "length_cumulative": 254877 }, "geometry": { "type": "LineString", "coordinates": [ [ -1023334.0, 4685868.0 ], [ -1023337.0, 4685868.0 ], [ -1023344.0, 4685868.0 ], [ -1023346.0, 4685860.0 ], [ -1023350.0, 4685861.0 ], [ -1023397.0, 4685873.0 ], [ -1023472.0, 4685891.0 ], [ -1023484.0, 4685894.0 ], [ -1023500.0, 4685898.0 ], [ -1023514.0, 4685901.0 ], [ -1023541.0, 4685908.0 ], [ -1023566.0, 4685914.0 ], [ -1023578.0, 4685917.0 ], [ -1023647.0, 4685938.0 ], [ -1023697.0, 4685955.0 ], [ -1023707.0, 4685957.0 ], [ -1023722.0, 4685962.0 ], [ -1023781.0, 4685981.0 ], [ -1023814.0, 4685991.0 ], [ -1023827.0, 4685995.0 ], [ -1023842.0, 4685999.0 ], [ -1023858.0, 4686003.0 ], [ -1023873.0, 4686006.0 ], [ -1023913.0, 4686018.0 ], [ -1023937.0, 4686023.0 ], [ -1023962.0, 4686028.0 ], [ -1023973.0, 4686030.0 ], [ -1023985.0, 4686032.0 ], [ -1023996.0, 4686032.0 ], [ -1024006.0, 4686033.0 ], [ -1024028.0, 4686032.0 ], [ -1024040.0, 4686031.0 ], [ -1024078.0, 4686026.0 ], [ -1024130.0, 4686020.0 ], [ -1024156.0, 4686016.0 ], [ -1024194.0, 4686011.0 ], [ -1024213.0, 4686010.0 ], [ -1024230.0, 4686009.0 ], [ -1024247.0, 4686009.0 ], [ -1024254.0, 4686009.0 ], [ -1024260.0, 4686010.0 ], [ -1024264.0, 4686011.0 ], [ -1024271.0, 4686014.0 ], [ -1024300.0, 4686025.0 ], [ -1024304.0, 4686026.0 ], [ -1024331.0, 4686037.0 ], [ -1024368.0, 4686052.0 ], [ -1024402.0, 4686066.0 ], [ -1024419.0, 4686073.0 ], [ -1024425.0, 4686058.0 ], [ -1024442.0, 4686065.0 ], [ -1024470.0, 4685997.0 ], [ -1024475.0, 4685984.0 ], [ -1024485.0, 4685961.0 ], [ -1024492.0, 4685945.0 ], [ -1024516.0, 4685886.0 ], [ -1024520.0, 4685875.0 ], [ -1024534.0, 4685878.0 ], [ -1024642.0, 4685928.0 ], [ -1024650.0, 4685932.0 ], [ -1024709.0, 4685959.0 ], [ -1024719.0, 4685964.0 ], [ -1024724.0, 4685966.0 ], [ -1024730.0, 4685966.0 ], [ -1024739.0, 4685965.0 ], [ -1024767.0, 4685956.0 ], [ -1024833.0, 4685932.0 ], [ -1024846.0, 4685927.0 ], [ -1024864.0, 4685971.0 ], [ -1024872.0, 4685978.0 ], [ -1024880.0, 4685984.0 ], [ -1024885.0, 4685986.0 ], [ -1024893.0, 4685987.0 ] ] } },
{ "type": "Feature", "properties": { "source": 8147609115, "target": 3128759990, "ordering_random": 110, "length": 1905, "length_cumulative": 256782 }, "geometry": { "type": "MultiLineString", "coordinates": [ [ [ -1020392.0, 4682082.0 ], [ -1020402.0, 4682079.0 ] ], [ [ -1020402.0, 4682079.0 ], [ -1020425.0, 4682073.0 ] ], [ [ -1020365.0, 4682132.0 ], [ -1020368.0, 4682127.0 ], [ -1020394.0, 4682092.0 ] ], [ [ -1020394.0, 4682092.0 ], [ -1020402.0, 4682079.0 ] ], [ [ -1020402.0, 4682079.0 ], [ -1020404.0, 4682077.0 ], [ -1020409.0, 4682070.0 ], [ -1020413.0, 4682056.0 ], [ -1020417.0, 4682047.0 ], [ -1020446.0, 4681990.0 ], [ -1020475.0, 4681925.0 ], [ -1020483.0, 4681899.0 ], [ -1020484.0, 4681889.0 ], [ -1020485.0, 4681870.0 ], [ -1020484.0, 4681864.0 ], [ -1020485.0, 4681857.0 ], [ -1020485.0, 4681850.0 ], [ -1020487.0, 4681833.0 ], [ -1020480.0, 4681827.0 ], [ -1020457.0, 4681814.0 ], [ -1020436.0, 4681804.0 ], [ -1020433.0, 4681802.0 ], [ -1020419.0, 4681796.0 ], [ -1020403.0, 4681796.0 ], [ -1020323.0, 4681796.0 ], [ -1020323.0, 4681787.0 ], [ -1020321.0, 4681678.0 ], [ -1020320.0, 4681668.0 ], [ -1020318.0, 4681548.0 ], [ -1020317.0, 4681539.0 ], [ -1020317.0, 4681526.0 ], [ -1020315.0, 4681421.0 ], [ -1020315.0, 4681406.0 ], [ -1020314.0, 4681396.0 ], [ -1020313.0, 4681351.0 ], [ -1020312.0, 4681287.0 ], [ -1020312.0, 4681275.0 ], [ -1020311.0, 4681267.0 ], [ -1020309.0, 4681155.0 ], [ -1020309.0, 4681144.0 ], [ -1020308.0, 4681136.0 ], [ -1020308.0, 4681132.0 ], [ -1020259.0, 4680980.0 ], [ -1020258.0, 4680978.0 ], [ -1020255.0, 4680968.0 ], [ -1020255.0, 4680966.0 ], [ -1020268.0, 4680962.0 ], [ -1020335.0, 4680940.0 ], [ -1020342.0, 4680938.0 ], [ -1020341.0, 4680936.0 ], [ -1020340.0, 4680931.0 ], [ -1020339.0, 4680929.0 ], [ -1020295.0, 4680810.0 ], [ -1020293.0, 4680808.0 ], [ -1020293.0, 4680806.0 ], [ -1020301.0, 4680805.0 ], [ -1020318.0, 4680804.0 ], [ -1020317.0, 4680792.0 ], [ -1020331.0, 4680768.0 ], [ -1020335.0, 4680763.0 ], [ -1020341.0, 4680759.0 ], [ -1020352.0, 4680756.0 ], [ -1020427.0, 4680734.0 ], [ -1020430.0, 4680732.0 ], [ -1020433.0, 4680728.0 ], [ -1020434.0, 4680724.0 ], [ -1020434.0, 4680719.0 ], [ -1020404.0, 4680628.0 ], [ -1020400.0, 4680611.0 ] ] ] } },
{ "type": "Feature", "properties": { "source": 6063927724, "target": 9035567849, "ordering_random": 111, "length": 809, "length_cumulative": 257592 }, "geometry": { "type": "MultiLineString", "coordinates": [ [ [ -1023634.0, 4682526.0 ], [ -1023726.0, 4682531.0 ], [ -1023743.0, 4682532.0 ], [ -1023747.0, 4682532.0 ], [ -1023781.0, 4682534.0 ], [ -1023787.0, 4682533.0 ], [ -1023905.0, 4682523.0 ], [ -1023955.0, 4682506.0 ], [ -1024007.0, 4682487.0 ], [ -1024022.0, 4682479.0 ], [ -1024044.0, 4682466.0 ] ], [ [ -1024044.0, 4682466.0 ], [ -1024052.0, 4682463.0 ], [ -1024070.0, 4682459.0 ], [ -1024079.0, 4682457.0 ], [ -1024084.0, 4682461.0 ], [ -1024089.0, 4682467.0 ], [ -1024101.0, 4682485.0 ], [ -1024120.0, 4682499.0 ], [ -1024151.0, 4682509.0 ], [ -1024185.0, 4682518.0 ], [ -1024224.0, 4682520.0 ], [ -1024255.0, 4682527.0 ], [ -1024294.0, 4682536.0 ], [ -1024319.0, 4682543.0 ], [ -1024341.0, 4682548.0 ], [ -1024370.0, 4682551.0 ], [ -1024388.0, 4682549.0 ], [ -1024405.0, 4682548.0 ] ] ] } },
{ "type": "Feature", "properties": { "source": 12693359588, "target": 433042892, "ordering_random": 112, "length": 1212, "length_cumulative": 258805 }, "geometry": { "type": "LineString", "coordinates": [ [ -1025243.0, 4681198.0 ], [ -1025223.0, 4681191.0 ], [ -1025187.0, 4681182.0 ], [ -1025080.0, 4681182.0 ], [ -1025060.0, 4681186.0 ], [ -1025045.0, 4681186.0 ], [ -1025018.0, 4681181.0 ], [ -1024995.0, 4681178.0 ], [ -1024978.0, 4681178.0 ], [ -1024938.0, 4681176.0 ], [ -1024929.0, 4681181.0 ], [ -1024916.0, 4681195.0 ], [ -1024910.0, 4681185.0 ], [ -1024890.0, 4681161.0 ], [ -1024876.0, 4681161.0 ], [ -1024871.0, 4681153.0 ], [ -1024835.0, 4681113.0 ], [ -1024802.0, 4681080.0 ], [ -1024771.0, 4681058.0 ], [ -1024751.0, 4681052.0 ], [ -1024726.0, 4681046.0 ], [ -1024708.0, 4681047.0 ], [ -1024698.0, 4681051.0 ], [ -1024695.0, 4681055.0 ], [ -1024675.0, 4681058.0 ], [ -1024662.0, 4681060.0 ], [ -1024648.0, 4681063.0 ], [ -1024640.0, 4681064.0 ], [ -1024620.0, 4681064.0 ], [ -1024596.0, 4681068.0 ], [ -1024591.0, 4681069.0 ], [ -1024583.0, 4681065.0 ], [ -1024578.0, 4681059.0 ], [ -1024577.0, 4681058.0 ], [ -1024572.0, 4681044.0 ], [ -1024567.0, 4681031.0 ], [ -1024559.0, 4681024.0 ], [ -1024551.0, 4681023.0 ], [ -1024539.0, 4681017.0 ], [ -1024528.0, 4681013.0 ], [ -1024517.0, 4681011.0 ], [ -1024505.0, 4681005.0 ], [ -1024489.0, 4680985.0 ], [ -1024472.0, 4680964.0 ], [ -1024462.0, 4680957.0 ], [ -1024441.0, 4680953.0 ], [ -1024429.0, 4680952.0 ], [ -1024431.0, 4680949.0 ], [ -1024433.0, 4680943.0 ], [ -1024428.0, 4680917.0 ], [ -1024407.0, 4680882.0 ], [ -1024398.0, 4680858.0 ], [ -1024393.0, 4680845.0 ], [ -1024388.0, 4680838.0 ], [ -1024377.0, 4680826.0 ], [ -1024356.0, 4680813.0 ], [ -1024335.0, 4680803.0 ], [ -1024313.0, 4680790.0 ], [ -1024301.0, 4680783.0 ], [ -1024293.0, 4680783.0 ], [ -1024285.0, 4680786.0 ], [ -1024279.0, 4680783.0 ], [ -1024274.0, 4680776.0 ], [ -1024269.0, 4680767.0 ] ] } },
{ "type": "Feature", "properties": { "source": 1301476578, "target": 5679963412, "ordering_random": 113, "length": 1508, "length_cumulative": 260313 }, "geometry": { "type": "LineString", "coordinates": [ [ -1019582.0, 4690362.0 ], [ -1019585.0, 4690356.0 ], [ -1019603.0, 4690329.0 ], [ -1019617.0, 4690310.0 ], [ -1019631.0, 4690291.0 ], [ -1019659.0, 4690255.0 ], [ -1019665.0, 4690243.0 ], [ -1019669.0, 4690233.0 ], [ -1019670.0, 4690220.0 ], [ -1019667.0, 4690190.0 ], [ -1019667.0, 4690182.0 ], [ -1019670.0, 4690169.0 ], [ -1019672.0, 4690160.0 ], [ -1019674.0, 4690153.0 ], [ -1019679.0, 4690139.0 ], [ -1019683.0, 4690131.0 ], [ -1019686.0, 4690124.0 ], [ -1019686.0, 4690118.0 ], [ -1019684.0, 4690110.0 ], [ -1019682.0, 4690096.0 ], [ -1019686.0, 4690093.0 ], [ -1019674.0, 4690077.0 ], [ -1019676.0, 4690072.0 ], [ -1019680.0, 4690034.0 ], [ -1019678.0, 4690028.0 ], [ -1019673.0, 4690025.0 ], [ -1019677.0, 4690015.0 ], [ -1019683.0, 4689999.0 ], [ -1019692.0, 4689899.0 ], [ -1019692.0, 4689860.0 ], [ -1019690.0, 4689852.0 ], [ -1019687.0, 4689837.0 ], [ -1019678.0, 4689824.0 ], [ -1019658.0, 4689801.0 ], [ -1019654.0, 4689795.0 ], [ -1019653.0, 4689786.0 ], [ -1019648.0, 4689751.0 ], [ -1019647.0, 4689743.0 ], [ -1019641.0, 4689715.0 ], [ -1019641.0, 4689710.0 ], [ -1019642.0, 4689702.0 ], [ -1019667.0, 4689674.0 ], [ -1019715.0, 4689620.0 ], [ -1019710.0, 4689616.0 ], [ -1019715.0, 4689609.0 ], [ -1019697.0, 4689592.0 ], [ -1019681.0, 4689578.0 ], [ -1019674.0, 4689571.0 ], [ -1019668.0, 4689567.0 ], [ -1019729.0, 4689497.0 ], [ -1019775.0, 4689442.0 ], [ -1019769.0, 4689435.0 ], [ -1019768.0, 4689431.0 ], [ -1019768.0, 4689428.0 ], [ -1019768.0, 4689425.0 ], [ -1019769.0, 4689421.0 ], [ -1019788.0, 4689379.0 ], [ -1019790.0, 4689371.0 ], [ -1019791.0, 4689366.0 ], [ -1019791.0, 4689364.0 ], [ -1019791.0, 4689361.0 ], [ -1019791.0, 4689357.0 ], [ -1019788.0, 4689350.0 ], [ -1019783.0, 4689339.0 ], [ -1019778.0, 4689327.0 ], [ -1019774.0, 4689318.0 ], [ -1019759.0, 4689283.0 ], [ -1019759.0, 4689272.0 ], [ -1019759.0, 4689268.0 ], [ -1019727.0, 4689196.0 ], [ -1019717.0, 4689178.0 ], [ -1019720.0, 4689175.0 ], [ -1019723.0, 4689173.0 ], [ -1019725.0, 4689169.0 ], [ -1019749.0, 4689126.0 ], [ -1019757.0, 4689114.0 ], [ -1019766.0, 4689097.0 ], [ -1019761.0, 4689084.0 ], [ -1019756.0, 4689072.0 ], [ -1019745.0, 4689044.0 ] ] } },
{ "type": "Feature", "properties": { "source": 25877766, "target": 582778401, "ordering_random": 114, "length": 1669, "length_cumulative": 261983 }, "geometry": { "type": "LineString", "coordinates": [ [ -1016821.0, 4682011.0 ], [ -1016820.0, 4682023.0 ], [ -1016810.0, 4682131.0 ], [ -1016809.0, 4682140.0 ], [ -1016809.0, 4682142.0 ], [ -1016809.0, 4682145.0 ], [ -1016808.0, 4682151.0 ], [ -1016801.0, 4682234.0 ], [ -1016793.0, 4682326.0 ], [ -1016791.0, 4682342.0 ], [ -1016784.0, 4682429.0 ], [ -1016783.0, 4682438.0 ], [ -1016782.0, 4682450.0 ], [ -1016798.0, 4682471.0 ], [ -1016824.0, 4682506.0 ], [ -1016841.0, 4682529.0 ], [ -1016853.0, 4682544.0 ], [ -1016879.0, 4682546.0 ], [ -1016878.0, 4682554.0 ], [ -1016878.0, 4682555.0 ], [ -1016882.0, 4682564.0 ], [ -1016881.0, 4682576.0 ], [ -1016879.0, 4682578.0 ], [ -1016866.0, 4682751.0 ], [ -1016865.0, 4682763.0 ], [ -1016861.0, 4682815.0 ], [ -1016860.0, 4682816.0 ], [ -1016860.0, 4682822.0 ], [ -1016860.0, 4682828.0 ], [ -1016856.0, 4682867.0 ], [ -1016858.0, 4682869.0 ], [ -1016848.0, 4682992.0 ], [ -1016848.0, 4682999.0 ], [ -1016844.0, 4683002.0 ], [ -1016840.0, 4683003.0 ], [ -1016809.0, 4683001.0 ], [ -1016805.0, 4683002.0 ], [ -1016803.0, 4683002.0 ], [ -1016768.0, 4683026.0 ], [ -1016759.0, 4683032.0 ], [ -1016759.0, 4683033.0 ], [ -1016760.0, 4683037.0 ], [ -1016746.0, 4683216.0 ], [ -1016745.0, 4683224.0 ], [ -1016745.0, 4683229.0 ], [ -1016744.0, 4683234.0 ], [ -1016737.0, 4683239.0 ], [ -1016734.0, 4683243.0 ], [ -1016732.0, 4683246.0 ], [ -1016731.0, 4683248.0 ], [ -1016726.0, 4683256.0 ], [ -1016724.0, 4683261.0 ], [ -1016605.0, 4683453.0 ], [ -1016599.0, 4683466.0 ], [ -1016577.0, 4683501.0 ], [ -1016571.0, 4683511.0 ] ] } },
{ "type": "Feature", "properties": { "source": 1583413551, "target": 9035567849, "ordering_random": 115, "length": 1906, "length_cumulative": 263889 }, "geometry": { "type": "LineString", "coordinates": [ [ -1024429.0, 4684452.0 ], [ -1024434.0, 4684445.0 ], [ -1024439.0, 4684439.0 ], [ -1024446.0, 4684430.0 ], [ -1024498.0, 4684377.0 ], [ -1024530.0, 4684358.0 ], [ -1024533.0, 4684350.0 ], [ -1024580.0, 4684338.0 ], [ -1024601.0, 4684331.0 ], [ -1024622.0, 4684319.0 ], [ -1024637.0, 4684303.0 ], [ -1024639.0, 4684299.0 ], [ -1024647.0, 4684286.0 ], [ -1024658.0, 4684266.0 ], [ -1024673.0, 4684232.0 ], [ -1024751.0, 4684069.0 ], [ -1024752.0, 4684067.0 ], [ -1024766.0, 4684040.0 ], [ -1024774.0, 4684020.0 ], [ -1024777.0, 4684015.0 ], [ -1024786.0, 4683992.0 ], [ -1024811.0, 4683932.0 ], [ -1024831.0, 4683864.0 ], [ -1024851.0, 4683820.0 ], [ -1024935.0, 4683648.0 ], [ -1024982.0, 4683558.0 ], [ -1024999.0, 4683551.0 ], [ -1025037.0, 4683488.0 ], [ -1025039.0, 4683485.0 ], [ -1025047.0, 4683472.0 ], [ -1025049.0, 4683468.0 ], [ -1025060.0, 4683450.0 ], [ -1025063.0, 4683445.0 ], [ -1025131.0, 4683306.0 ], [ -1025140.0, 4683257.0 ], [ -1025138.0, 4683216.0 ], [ -1025132.0, 4683188.0 ], [ -1025130.0, 4683181.0 ], [ -1025127.0, 4683171.0 ], [ -1025106.0, 4683109.0 ], [ -1025099.0, 4683071.0 ], [ -1025102.0, 4683043.0 ], [ -1025104.0, 4683028.0 ], [ -1025115.0, 4682996.0 ], [ -1025117.0, 4682993.0 ], [ -1025152.0, 4682941.0 ], [ -1025168.0, 4682908.0 ], [ -1025175.0, 4682870.0 ], [ -1025174.0, 4682847.0 ], [ -1025168.0, 4682809.0 ], [ -1025168.0, 4682807.0 ] ] } },
{ "type": "Feature", "properties": { "source": 1515257359, "target": 13050240823, "ordering_random": 116, "length": 1274, "length_cumulative": 265164 }, "geometry": { "type": "LineString", "coordinates": [ [ -1018436.0, 4684627.0 ], [ -1018418.0, 4684634.0 ], [ -1018420.0, 4684649.0 ], [ -1018422.0, 4684656.0 ], [ -1018422.0, 4684660.0 ], [ -1018443.0, 4684768.0 ], [ -1018445.0, 4684780.0 ], [ -1018448.0, 4684793.0 ], [ -1018468.0, 4684909.0 ], [ -1018470.0, 4684915.0 ], [ -1018473.0, 4684933.0 ], [ -1018495.0, 4685052.0 ], [ -1018482.0, 4685058.0 ], [ -1018484.0, 4685072.0 ], [ -1018438.0, 4685089.0 ], [ -1018384.0, 4685117.0 ], [ -1018354.0, 4685132.0 ], [ -1018329.0, 4685146.0 ], [ -1018327.0, 4685152.0 ], [ -1018337.0, 4685201.0 ], [ -1018338.0, 4685209.0 ], [ -1018346.0, 4685248.0 ], [ -1018348.0, 4685263.0 ], [ -1018342.0, 4685264.0 ], [ -1018341.0, 4685264.0 ], [ -1018339.0, 4685264.0 ], [ -1018336.0, 4685265.0 ], [ -1018332.0, 4685266.0 ], [ -1018342.0, 4685320.0 ], [ -1018343.0, 4685333.0 ], [ -1018344.0, 4685347.0 ], [ -1018345.0, 4685365.0 ], [ -1018349.0, 4685387.0 ], [ -1018395.0, 4685630.0 ], [ -1018368.0, 4685635.0 ], [ -1018357.0, 4685636.0 ], [ -1018347.0, 4685636.0 ], [ -1018347.0, 4685641.0 ], [ -1018346.0, 4685646.0 ], [ -1018344.0, 4685651.0 ], [ -1018341.0, 4685657.0 ], [ -1018336.0, 4685669.0 ], [ -1018333.0, 4685673.0 ], [ -1018331.0, 4685675.0 ], [ -1018329.0, 4685677.0 ], [ -1018327.0, 4685678.0 ], [ -1018323.0, 4685680.0 ], [ -1018317.0, 4685682.0 ], [ -1018300.0, 4685685.0 ] ] } },
{ "type": "Feature", "properties": { "source": 3538716674, "target": 7167936371, "ordering_random": 117, "length": 1385, "length_cumulative": 266550 }, "geometry": { "type": "LineString", "coordinates": [ [ -1021440.0, 4685880.0 ], [ -1021453.0, 4685880.0 ], [ -1021415.0, 4685890.0 ], [ -1021370.0, 4685901.0 ], [ -1021319.0, 4685903.0 ], [ -1020899.0, 4685913.0 ], [ -1020686.0, 4685919.0 ], [ -1020647.0, 4685919.0 ], [ -1020636.0, 4685920.0 ], [ -1020620.0, 4685920.0 ], [ -1020544.0, 4685923.0 ], [ -1020512.0, 4685923.0 ], [ -1020381.0, 4685926.0 ], [ -1020330.0, 4685928.0 ], [ -1020315.0, 4685930.0 ], [ -1020300.0, 4685931.0 ], [ -1020291.0, 4685931.0 ], [ -1020281.0, 4685931.0 ], [ -1020261.0, 4685932.0 ], [ -1020236.0, 4685932.0 ], [ -1020205.0, 4685934.0 ], [ -1020173.0, 4685940.0 ], [ -1020164.0, 4685941.0 ], [ -1020149.0, 4685941.0 ], [ -1020117.0, 4685942.0 ], [ -1020084.0, 4685942.0 ] ] } },
{ "type": "Feature", "properties": { "source": 13698132595, "target": 6522353440, "ordering_random": 118, "length": 1961, "length_cumulative": 268511 }, "geometry": { "type": "LineString", "coordinates": [ [ -1021365.0, 4687657.0 ], [ -1021373.0, 4687657.0 ], [ -1021373.0, 4687681.0 ], [ -1021397.0, 4687681.0 ], [ -1021397.0, 4687719.0 ], [ -1021412.0, 4687719.0 ], [ -1021412.0, 4687736.0 ], [ -1021422.0, 4687736.0 ], [ -1021422.0, 4687757.0 ], [ -1021430.0, 4687761.0 ], [ -1021429.0, 4687838.0 ], [ -1021445.0, 4687841.0 ], [ -1021456.0, 4687849.0 ], [ -1021467.0, 4687861.0 ], [ -1021482.0, 4687871.0 ], [ -1021508.0, 4687878.0 ], [ -1021590.0, 4687879.0 ], [ -1021593.0, 4687896.0 ], [ -1021593.0, 4687934.0 ], [ -1021593.0, 4687947.0 ], [ -1021594.0, 4687959.0 ], [ -1021594.0, 4687976.0 ], [ -1021594.0, 4688006.0 ], [ -1021593.0, 4688072.0 ], [ -1021593.0, 4688107.0 ], [ -1021593.0, 4688128.0 ], [ -1021593.0, 4688153.0 ], [ -1021592.0, 4688160.0 ], [ -1021589.0, 4688168.0 ], [ -1021585.0, 4688175.0 ], [ -1021576.0, 4688186.0 ], [ -1021574.0, 4688190.0 ], [ -1021573.0, 4688194.0 ], [ -1021578.0, 4688291.0 ], [ -1021566.0, 4688408.0 ], [ -1021564.0, 4688423.0 ], [ -1021548.0, 4688584.0 ], [ -1021546.0, 4688608.0 ], [ -1021544.0, 4688625.0 ], [ -1021541.0, 4688639.0 ], [ -1021551.0, 4688722.0 ], [ -1021552.0, 4688743.0 ], [ -1021555.0, 4688809.0 ], [ -1021558.0, 4688826.0 ], [ -1021569.0, 4688847.0 ], [ -1021570.0, 4688848.0 ], [ -1021439.0, 4688935.0 ], [ -1021290.0, 4689040.0 ], [ -1021262.0, 4689055.0 ], [ -1021230.0, 4689086.0 ], [ -1021213.0, 4689119.0 ], [ -1021213.0, 4689129.0 ], [ -1021211.0, 4689140.0 ], [ -1021208.0, 4689149.0 ], [ -1021196.0, 4689167.0 ], [ -1021181.0, 4689190.0 ], [ -1021175.0, 4689198.0 ], [ -1021159.0, 4689213.0 ] ] } },
{ "type": "Feature", "properties": { "source": 3538716674, "target": 8165092613, "ordering_random": 119, "length": 2214, "length_cumulative": 270725 }, "geometry": { "type": "LineString", "coordinates": [ [ -1019995.0, 4685940.0 ], [ -1019995.0, 4685956.0 ], [ -1019995.0, 4685958.0 ], [ -1019994.0, 4685961.0 ], [ -1019993.0, 4685994.0 ], [ -1019993.0, 4686031.0 ], [ -1019992.0, 4686111.0 ], [ -1019992.0, 4686120.0 ], [ -1019991.0, 4686140.0 ], [ -1019991.0, 4686146.0 ], [ -1019991.0, 4686147.0 ], [ -1019988.0, 4686272.0 ], [ -1019992.0, 4686294.0 ], [ -1019993.0, 4686323.0 ], [ -1019992.0, 4686363.0 ], [ -1019990.0, 4686483.0 ], [ -1019988.0, 4686605.0 ], [ -1019988.0, 4686633.0 ], [ -1020040.0, 4686761.0 ], [ -1019939.0, 4686804.0 ], [ -1019964.0, 4686865.0 ], [ -1019961.0, 4686880.0 ], [ -1019959.0, 4686905.0 ], [ -1019962.0, 4686916.0 ], [ -1019960.0, 4686925.0 ], [ -1019960.0, 4686936.0 ], [ -1019953.0, 4686955.0 ], [ -1019944.0, 4686963.0 ], [ -1019932.0, 4686977.0 ], [ -1019929.0, 4686984.0 ], [ -1019930.0, 4686988.0 ], [ -1019935.0, 4687002.0 ], [ -1019936.0, 4687004.0 ], [ -1019936.0, 4687008.0 ], [ -1019941.0, 4687011.0 ], [ -1019945.0, 4687012.0 ], [ -1019953.0, 4687015.0 ], [ -1019959.0, 4687016.0 ], [ -1019948.0, 4687019.0 ], [ -1019916.0, 4687028.0 ], [ -1019816.0, 4687059.0 ], [ -1019743.0, 4687061.0 ], [ -1019704.0, 4687062.0 ], [ -1019691.0, 4687060.0 ], [ -1019648.0, 4687063.0 ], [ -1019639.0, 4687068.0 ], [ -1019623.0, 4687063.0 ], [ -1019570.0, 4687084.0 ], [ -1019575.0, 4687097.0 ], [ -1019528.0, 4687115.0 ], [ -1019495.0, 4687128.0 ], [ -1019375.0, 4687176.0 ], [ -1019357.0, 4687188.0 ], [ -1019350.0, 4687195.0 ], [ -1019346.0, 4687204.0 ], [ -1019344.0, 4687214.0 ], [ -1019345.0, 4687222.0 ], [ -1019347.0, 4687230.0 ], [ -1019353.0, 4687241.0 ], [ -1019357.0, 4687248.0 ], [ -1019370.0, 4687258.0 ], [ -1019411.0, 4687246.0 ], [ -1019457.0, 4687234.0 ], [ -1019467.0, 4687232.0 ], [ -1019482.0, 4687232.0 ], [ -1019494.0, 4687233.0 ], [ -1019505.0, 4687234.0 ], [ -1019513.0, 4687235.0 ], [ -1019520.0, 4687239.0 ], [ -1019526.0, 4687244.0 ], [ -1019530.0, 4687249.0 ], [ -1019536.0, 4687255.0 ], [ -1019542.0, 4687268.0 ], [ -1019544.0, 4687274.0 ], [ -1019550.0, 4687287.0 ], [ -1019555.0, 4687300.0 ], [ -1019572.0, 4687340.0 ], [ -1019578.0, 4687353.0 ], [ -1019580.0, 4687360.0 ] ] } },
{ "type": "Feature", "properties": { "source": 6063927724, "target": 5147991375, "ordering_random": 120, "length": 2083, "length_cumulative": 272809 }, "geometry": { "type": "LineString", "coordinates": [ [ -1023352.0, 4684153.0 ], [ -1023397.0, 4684135.0 ], [ -1023444.0, 4684114.0 ], [ -1023461.0, 4684111.0 ], [ -1023447.0, 4684101.0 ], [ -1023431.0, 4684086.0 ], [ -1023407.0, 4684055.0 ], [ -1023398.0, 4684036.0 ], [ -1023394.0, 4684024.0 ], [ -1023405.0, 4684017.0 ], [ -1023415.0, 4684005.0 ], [ -1023440.0, 4684005.0 ], [ -1023441.0, 4683995.0 ], [ -1023445.0, 4683982.0 ], [ -1023453.0, 4683954.0 ], [ -1023460.0, 4683936.0 ], [ -1023464.0, 4683927.0 ], [ -1023470.0, 4683922.0 ], [ -1023482.0, 4683878.0 ], [ -1023486.0, 4683846.0 ], [ -1023486.0, 4683832.0 ], [ -1023489.0, 4683818.0 ], [ -1023490.0, 4683806.0 ], [ -1023499.0, 4683800.0 ], [ -1023508.0, 4683793.0 ], [ -1023520.0, 4683783.0 ], [ -1023533.0, 4683771.0 ], [ -1023546.0, 4683755.0 ], [ -1023561.0, 4683741.0 ], [ -1023568.0, 4683732.0 ], [ -1023571.0, 4683726.0 ], [ -1023574.0, 4683719.0 ], [ -1023577.0, 4683682.0 ], [ -1023568.0, 4683676.0 ], [ -1023562.0, 4683666.0 ], [ -1023557.0, 4683653.0 ], [ -1023554.0, 4683641.0 ], [ -1023550.0, 4683633.0 ], [ -1023548.0, 4683629.0 ], [ -1023543.0, 4683622.0 ], [ -1023535.0, 4683612.0 ], [ -1023522.0, 4683605.0 ], [ -1023508.0, 4683599.0 ], [ -1023496.0, 4683582.0 ], [ -1023486.0, 4683563.0 ], [ -1023477.0, 4683550.0 ], [ -1023466.0, 4683539.0 ], [ -1023466.0, 4683531.0 ], [ -1023466.0, 4683516.0 ], [ -1023465.0, 4683503.0 ], [ -1023465.0, 4683489.0 ], [ -1023466.0, 4683478.0 ], [ -1023468.0, 4683469.0 ], [ -1023481.0, 4683471.0 ], [ -1023491.0, 4683454.0 ], [ -1023497.0, 4683449.0 ], [ -1023504.0, 4683439.0 ], [ -1023511.0, 4683431.0 ], [ -1023523.0, 4683418.0 ], [ -1023532.0, 4683403.0 ], [ -1023515.0, 4683387.0 ], [ -1023504.0, 4683373.0 ], [ -1023499.0, 4683356.0 ], [ -1023484.0, 4683333.0 ], [ -1023454.0, 4683316.0 ], [ -1023433.0, 4683296.0 ], [ -1023421.0, 4683285.0 ], [ -1023441.0, 4683247.0 ], [ -1023498.0, 4683143.0 ], [ -1023507.0, 4683123.0 ], [ -1023512.0, 4683106.0 ], [ -1023520.0, 4683084.0 ], [ -1023523.0, 4683078.0 ], [ -1023529.0, 4683072.0 ], [ -1023540.0, 4683063.0 ], [ -1023546.0, 4683060.0 ], [ -1023553.0, 4683057.0 ], [ -1023567.0, 4683052.0 ], [ -1023571.0, 4683034.0 ], [ -1023577.0, 4683012.0 ], [ -1023581.0, 4682985.0 ], [ -1023582.0, 4682961.0 ], [ -1023555.0, 4682898.0 ], [ -1023554.0, 4682877.0 ], [ -1023561.0, 4682764.0 ], [ -1023532.0, 4682733.0 ], [ -1023519.0, 4682717.0 ], [ -1023511.0, 4682707.0 ], [ -1023507.0, 4682701.0 ], [ -1023504.0, 4682696.0 ], [ -1023501.0, 4682689.0 ], [ -1023499.0, 4682687.0 ], [ -1023501.0, 4682683.0 ], [ -1023502.0, 4682680.0 ], [ -1023500.0, 4682675.0 ], [ -1023496.0, 4682653.0 ], [ -1023489.0, 4682638.0 ], [ -1023520.0, 4682630.0 ], [ -1023513.0, 4682609.0 ], [ -1023530.0, 4682601.0 ], [ -1023514.0, 4682576.0 ], [ -1023521.0, 4682572.0 ], [ -1023528.0, 4682569.0 ], [ -1023525.0, 4682563.0 ], [ -1023524.0, 4682555.0 ], [ -1023524.0, 4682545.0 ], [ -1023526.0, 4682540.0 ], [ -1023531.0, 4682534.0 ], [ -1023539.0, 4682531.0 ], [ -1023545.0, 4682530.0 ], [ -1023552.0, 4682530.0 ], [ -1023551.0, 4682524.0 ] ] } },
{ "type": "Feature", "properties": { "source": 5147991375, "target": 9035567849, "ordering_random": 121, "length": 1925, "length_cumulative": 274734 }, "geometry": { "type": "MultiLineString", "coordinates": [ [ [ -1025060.0, 4683450.0 ], [ -1025025.0, 4683465.0 ], [ -1025011.0, 4683470.0 ], [ -1024944.0, 4683492.0 ], [ -1024868.0, 4683517.0 ], [ -1024854.0, 4683531.0 ], [ -1024843.0, 4683553.0 ], [ -1024830.0, 4683579.0 ], [ -1024779.0, 4683672.0 ], [ -1024776.0, 4683679.0 ], [ -1024731.0, 4683772.0 ], [ -1024709.0, 4683817.0 ], [ -1024707.0, 4683825.0 ], [ -1024706.0, 4683840.0 ], [ -1024619.0, 4683867.0 ], [ -1024557.0, 4683887.0 ], [ -1024542.0, 4683890.0 ], [ -1024526.0, 4683890.0 ], [ -1024513.0, 4683888.0 ], [ -1024500.0, 4683887.0 ], [ -1024493.0, 4683885.0 ], [ -1024481.0, 4683881.0 ], [ -1024460.0, 4683873.0 ], [ -1024435.0, 4683863.0 ], [ -1024399.0, 4683849.0 ], [ -1024374.0, 4683839.0 ], [ -1024348.0, 4683829.0 ], [ -1024335.0, 4683823.0 ], [ -1024337.0, 4683816.0 ], [ -1024327.0, 4683814.0 ], [ -1024315.0, 4683816.0 ], [ -1024302.0, 4683819.0 ], [ -1024284.0, 4683814.0 ], [ -1024269.0, 4683805.0 ], [ -1024248.0, 4683795.0 ], [ -1024231.0, 4683791.0 ], [ -1024207.0, 4683789.0 ], [ -1024196.0, 4683793.0 ], [ -1024187.0, 4683804.0 ], [ -1024178.0, 4683819.0 ], [ -1024172.0, 4683836.0 ], [ -1024166.0, 4683843.0 ], [ -1024155.0, 4683851.0 ] ], [ [ -1024155.0, 4683851.0 ], [ -1024149.0, 4683859.0 ], [ -1024138.0, 4683864.0 ], [ -1024096.0, 4683902.0 ], [ -1024079.0, 4683925.0 ], [ -1024062.0, 4683948.0 ], [ -1024043.0, 4683975.0 ], [ -1024037.0, 4683972.0 ], [ -1024017.0, 4684001.0 ], [ -1023961.0, 4684037.0 ], [ -1023908.0, 4684079.0 ], [ -1023824.0, 4684172.0 ], [ -1023765.0, 4684231.0 ], [ -1023704.0, 4684286.0 ], [ -1023628.0, 4684354.0 ] ] ] } },
{ "type": "Feature", "properties": { "source": 9812111192, "target": 8373497163, "ordering_random": 122, "length": 2191, "length_cumulative": 276926 }, "geometry": { "type": "LineString", "coordinates": [ [ -1014146.0, 4688439.0 ], [ -1014143.0, 4688437.0 ], [ -1014141.0, 4688434.0 ], [ -1014142.0, 4688416.0 ], [ -1014142.0, 4688403.0 ], [ -1014141.0, 4688389.0 ], [ -1014139.0, 4688377.0 ], [ -1014138.0, 4688376.0 ], [ -1014133.0, 4688346.0 ], [ -1014128.0, 4688318.0 ], [ -1014126.0, 4688308.0 ], [ -1014122.0, 4688289.0 ], [ -1014110.0, 4688221.0 ], [ -1014108.0, 4688206.0 ], [ -1014101.0, 4688155.0 ], [ -1014092.0, 4688084.0 ], [ -1014089.0, 4688063.0 ], [ -1014078.0, 4688060.0 ], [ -1014064.0, 4687960.0 ], [ -1014061.0, 4687935.0 ], [ -1014048.0, 4687839.0 ], [ -1014044.0, 4687816.0 ], [ -1014044.0, 4687813.0 ], [ -1014039.0, 4687800.0 ], [ -1014035.0, 4687794.0 ], [ -1014032.0, 4687791.0 ], [ -1014022.0, 4687783.0 ], [ -1014015.0, 4687779.0 ], [ -1014010.0, 4687777.0 ], [ -1013976.0, 4687770.0 ], [ -1013963.0, 4687770.0 ], [ -1013836.0, 4687771.0 ], [ -1013834.0, 4687763.0 ], [ -1013826.0, 4687718.0 ], [ -1013819.0, 4687686.0 ], [ -1013809.0, 4687657.0 ], [ -1013790.0, 4687628.0 ], [ -1013761.0, 4687574.0 ], [ -1013751.0, 4687556.0 ], [ -1013726.0, 4687514.0 ], [ -1013693.0, 4687455.0 ], [ -1013687.0, 4687440.0 ], [ -1013682.0, 4687426.0 ], [ -1013671.0, 4687399.0 ], [ -1013658.0, 4687369.0 ], [ -1013639.0, 4687313.0 ], [ -1013575.0, 4687314.0 ], [ -1013563.0, 4687310.0 ], [ -1013520.0, 4687312.0 ], [ -1013519.0, 4687307.0 ], [ -1013484.0, 4687308.0 ], [ -1013478.0, 4687309.0 ], [ -1013476.0, 4687309.0 ], [ -1013473.0, 4687309.0 ], [ -1013468.0, 4687310.0 ], [ -1013434.0, 4687313.0 ], [ -1013404.0, 4687315.0 ], [ -1013401.0, 4687275.0 ], [ -1013401.0, 4687271.0 ], [ -1013388.0, 4687104.0 ], [ -1013382.0, 4687035.0 ], [ -1013381.0, 4687022.0 ], [ -1013383.0, 4686987.0 ], [ -1013383.0, 4686966.0 ], [ -1013379.0, 4686898.0 ], [ -1013371.0, 4686812.0 ], [ -1013364.0, 4686802.0 ], [ -1013362.0, 4686798.0 ], [ -1013359.0, 4686788.0 ], [ -1013358.0, 4686784.0 ], [ -1013357.0, 4686769.0 ], [ -1013356.0, 4686755.0 ], [ -1013344.0, 4686750.0 ] ] } },
{ "type": "Feature", "properties": { "source": 1515257359, "target": 582778401, "ordering_random": 123, "length": 1719, "length_cumulative": 278646 }, "geometry": { "type": "LineString", "coordinates": [ [ -1016629.0, 4683530.0 ], [ -1016653.0, 4683538.0 ], [ -1016660.0, 4683540.0 ], [ -1016706.0, 4683555.0 ], [ -1016719.0, 4683560.0 ], [ -1016751.0, 4683570.0 ], [ -1016769.0, 4683580.0 ], [ -1016792.0, 4683588.0 ], [ -1016805.0, 4683595.0 ], [ -1016814.0, 4683599.0 ], [ -1016823.0, 4683602.0 ], [ -1016834.0, 4683606.0 ], [ -1016860.0, 4683611.0 ], [ -1016886.0, 4683618.0 ], [ -1016910.0, 4683627.0 ], [ -1016912.0, 4683628.0 ], [ -1016937.0, 4683636.0 ], [ -1016945.0, 4683639.0 ], [ -1016948.0, 4683640.0 ], [ -1016951.0, 4683641.0 ], [ -1016965.0, 4683642.0 ], [ -1016984.0, 4683651.0 ], [ -1016987.0, 4683653.0 ], [ -1017033.0, 4683674.0 ], [ -1017098.0, 4683707.0 ], [ -1017108.0, 4683711.0 ], [ -1017124.0, 4683718.0 ], [ -1017138.0, 4683724.0 ], [ -1017140.0, 4683725.0 ], [ -1017165.0, 4683737.0 ], [ -1017171.0, 4683740.0 ], [ -1017195.0, 4683751.0 ], [ -1017202.0, 4683754.0 ], [ -1017209.0, 4683756.0 ], [ -1017216.0, 4683757.0 ], [ -1017223.0, 4683758.0 ], [ -1017230.0, 4683758.0 ], [ -1017240.0, 4683756.0 ], [ -1017340.0, 4683741.0 ], [ -1017347.0, 4683740.0 ], [ -1017350.0, 4683740.0 ], [ -1017354.0, 4683740.0 ], [ -1017361.0, 4683741.0 ], [ -1017368.0, 4683742.0 ], [ -1017371.0, 4683743.0 ], [ -1017375.0, 4683745.0 ], [ -1017381.0, 4683748.0 ], [ -1017419.0, 4683769.0 ], [ -1017420.0, 4683770.0 ], [ -1017436.0, 4683779.0 ], [ -1017460.0, 4683792.0 ], [ -1017501.0, 4683815.0 ], [ -1017513.0, 4683822.0 ], [ -1017515.0, 4683823.0 ], [ -1017520.0, 4683823.0 ], [ -1017525.0, 4683823.0 ], [ -1017528.0, 4683823.0 ], [ -1017531.0, 4683823.0 ], [ -1017637.0, 4683820.0 ], [ -1017641.0, 4683819.0 ], [ -1017647.0, 4683819.0 ], [ -1017711.0, 4683817.0 ], [ -1017817.0, 4683814.0 ], [ -1017826.0, 4683813.0 ], [ -1017832.0, 4683813.0 ], [ -1017847.0, 4683813.0 ], [ -1017853.0, 4683813.0 ], [ -1017856.0, 4683813.0 ], [ -1018002.0, 4683808.0 ], [ -1018021.0, 4683807.0 ], [ -1018029.0, 4683807.0 ], [ -1018045.0, 4683807.0 ], [ -1018056.0, 4683806.0 ], [ -1018073.0, 4683806.0 ], [ -1018257.0, 4683800.0 ], [ -1018263.0, 4683800.0 ], [ -1018281.0, 4683799.0 ] ] } },
{ "type": "Feature", "properties": { "source": 3974385282, "target": 3152689482, "ordering_random": 124, "length": 848, "length_cumulative": 279494 }, "geometry": { "type": "LineString", "coordinates": [ [ -1016401.0, 4686547.0 ], [ -1016403.0, 4686527.0 ], [ -1016407.0, 4686473.0 ], [ -1016421.0, 4686296.0 ], [ -1016426.0, 4686227.0 ], [ -1016429.0, 4686183.0 ], [ -1016430.0, 4686177.0 ], [ -1016439.0, 4686060.0 ], [ -1016450.0, 4685910.0 ], [ -1016453.0, 4685871.0 ], [ -1016459.0, 4685798.0 ], [ -1016461.0, 4685769.0 ], [ -1016462.0, 4685755.0 ], [ -1016464.0, 4685737.0 ], [ -1016464.0, 4685726.0 ], [ -1016466.0, 4685701.0 ] ] } },
{ "type": "Feature", "properties": { "source": 3538716674, "target": 13050240823, "ordering_random": 125, "length": 1080, "length_cumulative": 280575 }, "geometry": { "type": "LineString", "coordinates": [ [ -1019339.0, 4685520.0 ], [ -1019323.0, 4685527.0 ], [ -1019317.0, 4685529.0 ], [ -1019315.0, 4685530.0 ], [ -1019314.0, 4685533.0 ], [ -1019312.0, 4685537.0 ], [ -1019304.0, 4685536.0 ], [ -1019303.0, 4685535.0 ], [ -1019290.0, 4685533.0 ], [ -1019271.0, 4685532.0 ], [ -1019226.0, 4685529.0 ], [ -1019195.0, 4685535.0 ], [ -1019157.0, 4685543.0 ], [ -1019128.0, 4685549.0 ], [ -1019113.0, 4685552.0 ], [ -1019024.0, 4685568.0 ], [ -1019001.0, 4685573.0 ], [ -1018949.0, 4685584.0 ], [ -1018938.0, 4685586.0 ], [ -1018909.0, 4685591.0 ], [ -1018870.0, 4685599.0 ], [ -1018859.0, 4685601.0 ], [ -1018832.0, 4685606.0 ], [ -1018741.0, 4685624.0 ], [ -1018734.0, 4685625.0 ], [ -1018720.0, 4685627.0 ], [ -1018677.0, 4685636.0 ], [ -1018638.0, 4685644.0 ], [ -1018623.0, 4685647.0 ], [ -1018605.0, 4685651.0 ], [ -1018590.0, 4685654.0 ], [ -1018563.0, 4685659.0 ], [ -1018489.0, 4685673.0 ], [ -1018476.0, 4685676.0 ], [ -1018472.0, 4685677.0 ], [ -1018469.0, 4685678.0 ], [ -1018459.0, 4685664.0 ], [ -1018454.0, 4685665.0 ], [ -1018447.0, 4685665.0 ], [ -1018441.0, 4685665.0 ], [ -1018435.0, 4685664.0 ], [ -1018430.0, 4685662.0 ], [ -1018423.0, 4685660.0 ], [ -1018415.0, 4685656.0 ], [ -1018410.0, 4685654.0 ], [ -1018406.0, 4685653.0 ], [ -1018400.0, 4685652.0 ], [ -1018395.0, 4685652.0 ], [ -1018391.0, 4685652.0 ], [ -1018384.0, 4685653.0 ], [ -1018380.0, 4685654.0 ], [ -1018376.0, 4685656.0 ], [ -1018370.0, 4685659.0 ], [ -1018366.0, 4685661.0 ], [ -1018362.0, 4685664.0 ], [ -1018356.0, 4685670.0 ], [ -1018350.0, 4685675.0 ], [ -1018344.0, 4685679.0 ], [ -1018337.0, 4685682.0 ], [ -1018330.0, 4685685.0 ], [ -1018323.0, 4685688.0 ], [ -1018316.0, 4685690.0 ], [ -1018302.0, 4685693.0 ] ] } },
{ "type": "Feature", "properties": { "source": 8147609115, "target": 12228962543, "ordering_random": 126, "length": 747, "length_cumulative": 281322 }, "geometry": { "type": "MultiLineString", "coordinates": [ [ [ -1021308.0, 4679001.0 ], [ -1021309.0, 4679003.0 ], [ -1021310.0, 4679007.0 ], [ -1021313.0, 4679030.0 ], [ -1021315.0, 4679038.0 ], [ -1021316.0, 4679042.0 ], [ -1021312.0, 4679049.0 ] ], [ [ -1021312.0, 4679049.0 ], [ -1021291.0, 4679091.0 ], [ -1021293.0, 4679115.0 ], [ -1021294.0, 4679124.0 ], [ -1021302.0, 4679196.0 ], [ -1021309.0, 4679198.0 ], [ -1021324.0, 4679202.0 ], [ -1021320.0, 4679209.0 ], [ -1021305.0, 4679294.0 ], [ -1021285.0, 4679380.0 ], [ -1021285.0, 4679388.0 ], [ -1021283.0, 4679399.0 ], [ -1021278.0, 4679397.0 ], [ -1021277.0, 4679400.0 ], [ -1021275.0, 4679407.0 ], [ -1021273.0, 4679411.0 ], [ -1021273.0, 4679414.0 ], [ -1021272.0, 4679416.0 ], [ -1021278.0, 4679420.0 ], [ -1021228.0, 4679635.0 ], [ -1021219.0, 4679671.0 ], [ -1021215.0, 4679681.0 ], [ -1021207.0, 4679698.0 ] ] ] } },
{ "type": "Feature", "properties": { "source": 9812111192, "target": 3432238402, "ordering_random": 127, "length": 502, "length_cumulative": 281825 }, "geometry": { "type": "MultiLineString", "coordinates": [ [ [ -1016088.0, 4688788.0 ], [ -1016086.0, 4688777.0 ], [ -1016076.0, 4688771.0 ], [ -1016072.0, 4688776.0 ], [ -1016067.0, 4688780.0 ], [ -1016061.0, 4688783.0 ], [ -1016053.0, 4688784.0 ], [ -1016042.0, 4688783.0 ], [ -1016001.0, 4688773.0 ], [ -1015980.0, 4688770.0 ], [ -1015968.0, 4688768.0 ], [ -1015954.0, 4688765.0 ], [ -1015941.0, 4688763.0 ], [ -1015935.0, 4688761.0 ], [ -1015929.0, 4688759.0 ], [ -1015916.0, 4688753.0 ], [ -1015913.0, 4688748.0 ], [ -1015909.0, 4688743.0 ], [ -1015904.0, 4688739.0 ], [ -1015898.0, 4688736.0 ], [ -1015892.0, 4688735.0 ], [ -1015885.0, 4688734.0 ], [ -1015879.0, 4688735.0 ], [ -1015874.0, 4688737.0 ], [ -1015868.0, 4688740.0 ], [ -1015860.0, 4688743.0 ], [ -1015852.0, 4688744.0 ], [ -1015839.0, 4688745.0 ], [ -1015828.0, 4688743.0 ], [ -1015796.0, 4688739.0 ], [ -1015755.0, 4688732.0 ], [ -1015691.0, 4688721.0 ], [ -1015678.0, 4688720.0 ], [ -1015667.0, 4688718.0 ], [ -1015638.0, 4688715.0 ] ], [ [ -1015034.0, 4688640.0 ], [ -1015013.0, 4688634.0 ] ] ] } },
{ "type": "Feature", "properties": { "source": 13005729519, "target": 7050871650, "ordering_random": 128, "length": 1710, "length_cumulative": 283536 }, "geometry": { "type": "LineString", "coordinates": [ [ -1018603.0, 4680352.0 ], [ -1018560.0, 4680358.0 ], [ -1018542.0, 4680361.0 ], [ -1018524.0, 4680363.0 ], [ -1018495.0, 4680367.0 ], [ -1018462.0, 4680372.0 ], [ -1018452.0, 4680373.0 ], [ -1018446.0, 4680373.0 ], [ -1018441.0, 4680373.0 ], [ -1018430.0, 4680372.0 ], [ -1018379.0, 4680367.0 ], [ -1018368.0, 4680366.0 ], [ -1018322.0, 4680362.0 ], [ -1018313.0, 4680362.0 ], [ -1018293.0, 4680361.0 ], [ -1018254.0, 4680358.0 ], [ -1018239.0, 4680356.0 ], [ -1018216.0, 4680353.0 ], [ -1018163.0, 4680344.0 ], [ -1018151.0, 4680342.0 ], [ -1018127.0, 4680337.0 ], [ -1018122.0, 4680337.0 ], [ -1018106.0, 4680334.0 ], [ -1018085.0, 4680330.0 ], [ -1018050.0, 4680323.0 ], [ -1018045.0, 4680322.0 ], [ -1018020.0, 4680317.0 ], [ -1018011.0, 4680315.0 ], [ -1017992.0, 4680310.0 ], [ -1017980.0, 4680309.0 ], [ -1017969.0, 4680309.0 ], [ -1017947.0, 4680311.0 ], [ -1017898.0, 4680317.0 ], [ -1017879.0, 4680321.0 ], [ -1017877.0, 4680321.0 ], [ -1017874.0, 4680321.0 ], [ -1017869.0, 4680322.0 ], [ -1017857.0, 4680324.0 ], [ -1017835.0, 4680327.0 ], [ -1017826.0, 4680328.0 ], [ -1017815.0, 4680327.0 ], [ -1017810.0, 4680326.0 ], [ -1017801.0, 4680317.0 ], [ -1017794.0, 4680310.0 ], [ -1017792.0, 4680308.0 ], [ -1017790.0, 4680306.0 ], [ -1017788.0, 4680305.0 ], [ -1017783.0, 4680302.0 ], [ -1017770.0, 4680299.0 ], [ -1017759.0, 4680296.0 ], [ -1017741.0, 4680294.0 ], [ -1017735.0, 4680292.0 ], [ -1017723.0, 4680288.0 ], [ -1017717.0, 4680285.0 ], [ -1017715.0, 4680284.0 ], [ -1017715.0, 4680285.0 ], [ -1017715.0, 4680287.0 ], [ -1017714.0, 4680288.0 ], [ -1017696.0, 4680282.0 ], [ -1017694.0, 4680286.0 ], [ -1017690.0, 4680297.0 ], [ -1017688.0, 4680302.0 ], [ -1017680.0, 4680304.0 ], [ -1017677.0, 4680308.0 ], [ -1017653.0, 4680313.0 ], [ -1017648.0, 4680310.0 ], [ -1017646.0, 4680314.0 ], [ -1017620.0, 4680319.0 ], [ -1017616.0, 4680316.0 ], [ -1017612.0, 4680313.0 ], [ -1017584.0, 4680319.0 ], [ -1017577.0, 4680323.0 ], [ -1017567.0, 4680323.0 ], [ -1017538.0, 4680308.0 ], [ -1017540.0, 4680305.0 ], [ -1017540.0, 4680304.0 ], [ -1017504.0, 4680286.0 ], [ -1017452.0, 4680288.0 ], [ -1017448.0, 4680288.0 ], [ -1017443.0, 4680289.0 ], [ -1017440.0, 4680289.0 ], [ -1017435.0, 4680291.0 ], [ -1017403.0, 4680299.0 ], [ -1017404.0, 4680300.0 ], [ -1017404.0, 4680303.0 ], [ -1017391.0, 4680306.0 ], [ -1017384.0, 4680308.0 ], [ -1017371.0, 4680311.0 ], [ -1017370.0, 4680309.0 ], [ -1017370.0, 4680308.0 ], [ -1017358.0, 4680311.0 ], [ -1017353.0, 4680313.0 ], [ -1017349.0, 4680300.0 ], [ -1017341.0, 4680272.0 ], [ -1017323.0, 4680214.0 ], [ -1017280.0, 4680228.0 ], [ -1017278.0, 4680228.0 ], [ -1017274.0, 4680229.0 ], [ -1017270.0, 4680231.0 ], [ -1017268.0, 4680231.0 ], [ -1017266.0, 4680232.0 ], [ -1017234.0, 4680242.0 ], [ -1017230.0, 4680243.0 ], [ -1017226.0, 4680245.0 ], [ -1017193.0, 4680255.0 ], [ -1017185.0, 4680257.0 ], [ -1017177.0, 4680259.0 ], [ -1017145.0, 4680269.0 ], [ -1017141.0, 4680271.0 ], [ -1017137.0, 4680272.0 ], [ -1017118.0, 4680278.0 ], [ -1017105.0, 4680282.0 ], [ -1017103.0, 4680283.0 ], [ -1017100.0, 4680283.0 ], [ -1017098.0, 4680284.0 ], [ -1017096.0, 4680285.0 ], [ -1017094.0, 4680285.0 ], [ -1017092.0, 4680286.0 ], [ -1017090.0, 4680286.0 ], [ -1017089.0, 4680287.0 ], [ -1017055.0, 4680298.0 ], [ -1017051.0, 4680299.0 ] ] } },
{ "type": "Feature", "properties": { "source": 6884007756, "target": 8373497163, "ordering_random": 129, "length": 1922, "length_cumulative": 285459 }, "geometry": { "type": "MultiLineString", "coordinates": [ [ [ -1013132.0, 4685089.0 ], [ -1013128.0, 4685101.0 ], [ -1013130.0, 4685102.0 ], [ -1013145.0, 4685107.0 ], [ -1013157.0, 4685112.0 ], [ -1013163.0, 4685118.0 ], [ -1013166.0, 4685125.0 ], [ -1013173.0, 4685268.0 ], [ -1013173.0, 4685309.0 ], [ -1013171.0, 4685330.0 ], [ -1013154.0, 4685496.0 ], [ -1013152.0, 4685524.0 ], [ -1013152.0, 4685562.0 ], [ -1013152.0, 4685621.0 ], [ -1013152.0, 4685635.0 ], [ -1013153.0, 4685741.0 ], [ -1013151.0, 4685779.0 ], [ -1013146.0, 4685822.0 ], [ -1013141.0, 4685861.0 ], [ -1013138.0, 4685882.0 ], [ -1013133.0, 4685904.0 ], [ -1013112.0, 4685990.0 ], [ -1013107.0, 4686018.0 ], [ -1013102.0, 4686067.0 ], [ -1013093.0, 4686132.0 ], [ -1013093.0, 4686141.0 ], [ -1013092.0, 4686170.0 ], [ -1013089.0, 4686217.0 ], [ -1013077.0, 4686282.0 ], [ -1013071.0, 4686318.0 ], [ -1013067.0, 4686351.0 ], [ -1013061.0, 4686407.0 ], [ -1013059.0, 4686471.0 ], [ -1013057.0, 4686513.0 ], [ -1013054.0, 4686562.0 ], [ -1013048.0, 4686590.0 ], [ -1013044.0, 4686608.0 ], [ -1013041.0, 4686640.0 ] ], [ [ -1013041.0, 4686640.0 ], [ -1013040.0, 4686653.0 ], [ -1013026.0, 4686853.0 ], [ -1013003.0, 4686840.0 ], [ -1012920.0, 4686790.0 ] ] ] } },
{ "type": "Feature", "properties": { "source": 12121162736, "target": 6884007756, "ordering_random": 130, "length": 2581, "length_cumulative": 288040 }, "geometry": { "type": "LineString", "coordinates": [ [ -1013157.0, 4685112.0 ], [ -1013194.0, 4685123.0 ], [ -1013246.0, 4685141.0 ], [ -1013312.0, 4685165.0 ], [ -1013322.0, 4685169.0 ], [ -1013331.0, 4685173.0 ], [ -1013340.0, 4685178.0 ], [ -1013350.0, 4685184.0 ], [ -1013360.0, 4685190.0 ], [ -1013373.0, 4685200.0 ], [ -1013381.0, 4685207.0 ], [ -1013390.0, 4685216.0 ], [ -1013426.0, 4685253.0 ], [ -1013435.0, 4685264.0 ], [ -1013442.0, 4685272.0 ], [ -1013449.0, 4685280.0 ], [ -1013456.0, 4685290.0 ], [ -1013485.0, 4685341.0 ], [ -1013503.0, 4685386.0 ], [ -1013521.0, 4685447.0 ], [ -1013531.0, 4685482.0 ], [ -1013540.0, 4685513.0 ], [ -1013561.0, 4685602.0 ], [ -1013571.0, 4685694.0 ], [ -1013569.0, 4685792.0 ], [ -1013565.0, 4685815.0 ], [ -1013560.0, 4685847.0 ], [ -1013556.0, 4685871.0 ], [ -1013554.0, 4685892.0 ], [ -1013546.0, 4685902.0 ], [ -1013542.0, 4685910.0 ], [ -1013541.0, 4685919.0 ], [ -1013541.0, 4685927.0 ], [ -1013543.0, 4685935.0 ], [ -1013529.0, 4685954.0 ], [ -1013525.0, 4685961.0 ], [ -1013534.0, 4685966.0 ], [ -1013538.0, 4685972.0 ], [ -1013533.0, 4685978.0 ], [ -1013529.0, 4685986.0 ], [ -1013531.0, 4685995.0 ], [ -1013534.0, 4686017.0 ], [ -1013542.0, 4686051.0 ], [ -1013551.0, 4686088.0 ], [ -1013557.0, 4686136.0 ], [ -1013561.0, 4686144.0 ], [ -1013566.0, 4686156.0 ], [ -1013620.0, 4686192.0 ], [ -1013597.0, 4686229.0 ], [ -1013582.0, 4686241.0 ], [ -1013584.0, 4686245.0 ], [ -1013590.0, 4686268.0 ], [ -1013603.0, 4686314.0 ], [ -1013614.0, 4686333.0 ], [ -1013626.0, 4686350.0 ], [ -1013630.0, 4686356.0 ], [ -1013635.0, 4686361.0 ], [ -1013645.0, 4686372.0 ], [ -1013656.0, 4686382.0 ], [ -1013667.0, 4686390.0 ], [ -1013677.0, 4686397.0 ], [ -1013691.0, 4686406.0 ], [ -1013741.0, 4686435.0 ], [ -1013776.0, 4686457.0 ], [ -1013790.0, 4686465.0 ], [ -1013804.0, 4686472.0 ], [ -1013814.0, 4686476.0 ], [ -1013826.0, 4686482.0 ], [ -1013927.0, 4686521.0 ], [ -1013966.0, 4686536.0 ], [ -1013980.0, 4686541.0 ], [ -1014007.0, 4686551.0 ], [ -1014027.0, 4686559.0 ], [ -1014047.0, 4686566.0 ], [ -1014181.0, 4686618.0 ], [ -1014211.0, 4686630.0 ], [ -1014274.0, 4686654.0 ], [ -1014389.0, 4686700.0 ], [ -1014438.0, 4686718.0 ], [ -1014441.0, 4686719.0 ], [ -1014455.0, 4686724.0 ], [ -1014466.0, 4686722.0 ], [ -1014466.0, 4686726.0 ], [ -1014477.0, 4686736.0 ], [ -1014480.0, 4686737.0 ], [ -1014487.0, 4686740.0 ], [ -1014492.0, 4686742.0 ], [ -1014499.0, 4686744.0 ], [ -1014492.0, 4686802.0 ], [ -1014497.0, 4686803.0 ], [ -1014503.0, 4686806.0 ], [ -1014509.0, 4686808.0 ], [ -1014511.0, 4686810.0 ], [ -1014517.0, 4686817.0 ], [ -1014522.0, 4686821.0 ], [ -1014521.0, 4686823.0 ], [ -1014521.0, 4686827.0 ] ] } },
{ "type": "Feature", "properties": { "source": 13432579767, "target": 9812111192, "ordering_random": 131, "length": 1556, "length_cumulative": 289596 }, "geometry": { "type": "LineString", "coordinates": [ [ -1012655.0, 4688330.0 ], [ -1012659.0, 4688331.0 ], [ -1012728.0, 4688341.0 ], [ -1012728.0, 4688338.0 ], [ -1012728.0, 4688334.0 ], [ -1012732.0, 4688336.0 ], [ -1012738.0, 4688340.0 ], [ -1012749.0, 4688348.0 ], [ -1012752.0, 4688353.0 ], [ -1012757.0, 4688358.0 ], [ -1012761.0, 4688360.0 ], [ -1012765.0, 4688362.0 ], [ -1012769.0, 4688363.0 ], [ -1012774.0, 4688364.0 ], [ -1012779.0, 4688364.0 ], [ -1012786.0, 4688363.0 ], [ -1012792.0, 4688361.0 ], [ -1012796.0, 4688357.0 ], [ -1012811.0, 4688354.0 ], [ -1012814.0, 4688354.0 ], [ -1012820.0, 4688355.0 ], [ -1012860.0, 4688360.0 ], [ -1012908.0, 4688366.0 ], [ -1012962.0, 4688374.0 ], [ -1012965.0, 4688374.0 ], [ -1012986.0, 4688377.0 ], [ -1013000.0, 4688379.0 ], [ -1013094.0, 4688391.0 ], [ -1013158.0, 4688400.0 ], [ -1013199.0, 4688405.0 ], [ -1013215.0, 4688408.0 ], [ -1013240.0, 4688411.0 ], [ -1013283.0, 4688417.0 ], [ -1013293.0, 4688418.0 ], [ -1013335.0, 4688424.0 ], [ -1013441.0, 4688438.0 ], [ -1013448.0, 4688439.0 ], [ -1013453.0, 4688439.0 ], [ -1013467.0, 4688441.0 ], [ -1013498.0, 4688444.0 ], [ -1013512.0, 4688446.0 ], [ -1013525.0, 4688447.0 ], [ -1013558.0, 4688451.0 ], [ -1013593.0, 4688448.0 ], [ -1013659.0, 4688456.0 ], [ -1013686.0, 4688460.0 ], [ -1013748.0, 4688468.0 ], [ -1013762.0, 4688470.0 ], [ -1013895.0, 4688488.0 ], [ -1013977.0, 4688499.0 ], [ -1014013.0, 4688504.0 ], [ -1014034.0, 4688507.0 ], [ -1014035.0, 4688507.0 ], [ -1014061.0, 4688505.0 ], [ -1014069.0, 4688504.0 ], [ -1014077.0, 4688502.0 ], [ -1014079.0, 4688501.0 ], [ -1014091.0, 4688497.0 ], [ -1014095.0, 4688493.0 ], [ -1014100.0, 4688489.0 ], [ -1014104.0, 4688486.0 ], [ -1014111.0, 4688483.0 ], [ -1014119.0, 4688481.0 ], [ -1014124.0, 4688481.0 ], [ -1014128.0, 4688482.0 ], [ -1014135.0, 4688484.0 ], [ -1014141.0, 4688489.0 ], [ -1014148.0, 4688495.0 ], [ -1014153.0, 4688504.0 ], [ -1014162.0, 4688512.0 ] ] } },
{ "type": "Feature", "properties": { "source": 13698132595, "target": 5679963412, "ordering_random": 132, "length": 1825, "length_cumulative": 291422 }, "geometry": { "type": "LineString", "coordinates": [ [ -1020370.0, 4689412.0 ], [ -1020351.0, 4689430.0 ], [ -1020343.0, 4689437.0 ], [ -1020334.0, 4689441.0 ], [ -1020262.0, 4689467.0 ], [ -1020220.0, 4689491.0 ], [ -1020202.0, 4689507.0 ], [ -1020169.0, 4689526.0 ], [ -1020161.0, 4689528.0 ], [ -1020158.0, 4689529.0 ], [ -1020154.0, 4689529.0 ], [ -1020140.0, 4689529.0 ], [ -1020123.0, 4689531.0 ], [ -1020113.0, 4689539.0 ], [ -1020107.0, 4689535.0 ], [ -1020094.0, 4689539.0 ], [ -1020084.0, 4689541.0 ], [ -1020077.0, 4689542.0 ], [ -1020068.0, 4689543.0 ], [ -1020065.0, 4689547.0 ], [ -1020069.0, 4689554.0 ], [ -1020071.0, 4689558.0 ], [ -1020071.0, 4689562.0 ], [ -1020070.0, 4689566.0 ], [ -1020068.0, 4689568.0 ], [ -1020066.0, 4689570.0 ], [ -1020085.0, 4689603.0 ], [ -1020099.0, 4689622.0 ], [ -1020066.0, 4689646.0 ], [ -1020094.0, 4689683.0 ], [ -1020105.0, 4689699.0 ], [ -1020116.0, 4689723.0 ], [ -1020122.0, 4689738.0 ], [ -1020114.0, 4689761.0 ], [ -1020105.0, 4689794.0 ], [ -1020098.0, 4689803.0 ], [ -1020093.0, 4689814.0 ], [ -1020073.0, 4689861.0 ], [ -1020068.0, 4689880.0 ], [ -1020067.0, 4689886.0 ], [ -1020068.0, 4689904.0 ], [ -1020069.0, 4689908.0 ], [ -1020074.0, 4689924.0 ], [ -1020082.0, 4689953.0 ], [ -1020083.0, 4689961.0 ], [ -1020079.0, 4689968.0 ], [ -1020070.0, 4689976.0 ], [ -1020072.0, 4689984.0 ], [ -1020073.0, 4689990.0 ], [ -1020074.0, 4690015.0 ], [ -1020070.0, 4690015.0 ], [ -1020065.0, 4690015.0 ], [ -1020065.0, 4690008.0 ], [ -1020060.0, 4690007.0 ], [ -1020057.0, 4690019.0 ], [ -1020054.0, 4690018.0 ], [ -1020055.0, 4690009.0 ], [ -1020050.0, 4690008.0 ], [ -1020044.0, 4690006.0 ], [ -1020026.0, 4690093.0 ], [ -1020024.0, 4690100.0 ], [ -1020022.0, 4690107.0 ], [ -1020019.0, 4690114.0 ], [ -1020015.0, 4690120.0 ], [ -1020011.0, 4690126.0 ], [ -1020007.0, 4690132.0 ], [ -1019993.0, 4690151.0 ], [ -1019987.0, 4690162.0 ], [ -1019986.0, 4690165.0 ], [ -1019969.0, 4690188.0 ], [ -1019960.0, 4690199.0 ], [ -1019950.0, 4690213.0 ], [ -1019943.0, 4690226.0 ], [ -1019937.0, 4690237.0 ], [ -1019922.0, 4690268.0 ], [ -1019912.0, 4690294.0 ], [ -1019907.0, 4690310.0 ], [ -1019904.0, 4690326.0 ], [ -1019901.0, 4690332.0 ], [ -1019899.0, 4690335.0 ], [ -1019889.0, 4690340.0 ], [ -1019883.0, 4690344.0 ], [ -1019880.0, 4690347.0 ], [ -1019878.0, 4690349.0 ], [ -1019877.0, 4690352.0 ], [ -1019870.0, 4690372.0 ], [ -1019867.0, 4690400.0 ], [ -1019865.0, 4690416.0 ], [ -1019861.0, 4690426.0 ], [ -1019857.0, 4690436.0 ], [ -1019845.0, 4690456.0 ], [ -1019841.0, 4690461.0 ], [ -1019834.0, 4690467.0 ], [ -1019825.0, 4690473.0 ], [ -1019804.0, 4690481.0 ], [ -1019789.0, 4690489.0 ], [ -1019782.0, 4690493.0 ], [ -1019775.0, 4690495.0 ], [ -1019758.0, 4690497.0 ], [ -1019737.0, 4690502.0 ], [ -1019663.0, 4690521.0 ], [ -1019663.0, 4690557.0 ], [ -1019658.0, 4690566.0 ], [ -1019654.0, 4690574.0 ], [ -1019645.0, 4690584.0 ], [ -1019647.0, 4690587.0 ], [ -1019645.0, 4690589.0 ], [ -1019637.0, 4690595.0 ], [ -1019631.0, 4690599.0 ], [ -1019625.0, 4690602.0 ], [ -1019601.0, 4690609.0 ], [ -1019596.0, 4690611.0 ], [ -1019592.0, 4690613.0 ], [ -1019564.0, 4690635.0 ], [ -1019549.0, 4690650.0 ] ] } },
{ "type": "Feature", "properties": { "source": 12693359588, "target": 443009106, "ordering_random": 133, "length": 2488, "length_cumulative": 293911 }, "geometry": { "type": "LineString", "coordinates": [ [ -1022021.0, 4680741.0 ], [ -1022045.0, 4680760.0 ], [ -1022065.0, 4680776.0 ], [ -1022072.0, 4680781.0 ], [ -1022086.0, 4680791.0 ], [ -1022106.0, 4680806.0 ], [ -1022115.0, 4680814.0 ], [ -1022125.0, 4680822.0 ], [ -1022140.0, 4680832.0 ], [ -1022146.0, 4680836.0 ], [ -1022164.0, 4680851.0 ], [ -1022195.0, 4680876.0 ], [ -1022213.0, 4680894.0 ], [ -1022227.0, 4680914.0 ], [ -1022240.0, 4680932.0 ], [ -1022254.0, 4680962.0 ], [ -1022303.0, 4681091.0 ], [ -1022323.0, 4681144.0 ], [ -1022335.0, 4681177.0 ], [ -1022336.0, 4681179.0 ], [ -1022346.0, 4681204.0 ], [ -1022370.0, 4681269.0 ], [ -1022381.0, 4681270.0 ], [ -1022403.0, 4681280.0 ], [ -1022565.0, 4681347.0 ], [ -1022643.0, 4681383.0 ], [ -1022667.0, 4681389.0 ], [ -1022711.0, 4681396.0 ], [ -1022830.0, 4681421.0 ], [ -1022846.0, 4681424.0 ], [ -1022948.0, 4681442.0 ], [ -1022967.0, 4681454.0 ], [ -1022988.0, 4681469.0 ], [ -1023015.0, 4681492.0 ], [ -1023028.0, 4681497.0 ], [ -1023042.0, 4681501.0 ], [ -1023069.0, 4681507.0 ], [ -1023085.0, 4681510.0 ], [ -1023102.0, 4681511.0 ], [ -1023124.0, 4681510.0 ], [ -1023147.0, 4681509.0 ], [ -1023163.0, 4681508.0 ], [ -1023177.0, 4681504.0 ], [ -1023208.0, 4681496.0 ], [ -1023251.0, 4681491.0 ], [ -1023290.0, 4681490.0 ], [ -1023322.0, 4681491.0 ], [ -1023348.0, 4681495.0 ], [ -1023376.0, 4681496.0 ], [ -1023400.0, 4681499.0 ], [ -1023414.0, 4681500.0 ], [ -1023428.0, 4681505.0 ], [ -1023438.0, 4681502.0 ], [ -1023445.0, 4681494.0 ], [ -1023447.0, 4681489.0 ], [ -1023450.0, 4681469.0 ], [ -1023457.0, 4681441.0 ], [ -1023466.0, 4681411.0 ], [ -1023467.0, 4681396.0 ], [ -1023471.0, 4681351.0 ], [ -1023471.0, 4681331.0 ], [ -1023474.0, 4681266.0 ], [ -1023509.0, 4681233.0 ], [ -1023549.0, 4681211.0 ], [ -1023549.0, 4681205.0 ], [ -1023559.0, 4681174.0 ], [ -1023569.0, 4681133.0 ], [ -1023572.0, 4681102.0 ], [ -1023577.0, 4681082.0 ], [ -1023578.0, 4681079.0 ], [ -1023580.0, 4681072.0 ], [ -1023595.0, 4681044.0 ], [ -1023599.0, 4681029.0 ], [ -1023601.0, 4681015.0 ], [ -1023602.0, 4680985.0 ], [ -1023602.0, 4680969.0 ], [ -1023603.0, 4680963.0 ], [ -1023606.0, 4680957.0 ], [ -1023609.0, 4680952.0 ], [ -1023614.0, 4680948.0 ], [ -1023621.0, 4680945.0 ], [ -1023635.0, 4680941.0 ], [ -1023647.0, 4680936.0 ], [ -1023659.0, 4680929.0 ], [ -1023673.0, 4680918.0 ], [ -1023680.0, 4680909.0 ], [ -1023687.0, 4680900.0 ], [ -1023694.0, 4680887.0 ] ] } },
{ "type": "Feature", "properties": { "source": 6775889754, "target": 433042892, "ordering_random": 134, "length": 2032, "length_cumulative": 295943 }, "geometry": { "type": "LineString", "coordinates": [ [ -1025710.0, 4679294.0 ], [ -1025736.0, 4679329.0 ], [ -1025765.0, 4679370.0 ], [ -1025769.0, 4679492.0 ], [ -1025784.0, 4679567.0 ], [ -1025776.0, 4679615.0 ], [ -1025766.0, 4679666.0 ], [ -1025825.0, 4679755.0 ], [ -1025831.0, 4679766.0 ], [ -1025832.0, 4679780.0 ], [ -1025829.0, 4679794.0 ], [ -1025784.0, 4680004.0 ], [ -1025781.0, 4680020.0 ], [ -1025766.0, 4680080.0 ], [ -1025771.0, 4680081.0 ], [ -1025773.0, 4680082.0 ], [ -1025775.0, 4680084.0 ], [ -1025776.0, 4680087.0 ], [ -1025777.0, 4680090.0 ], [ -1025776.0, 4680092.0 ], [ -1025792.0, 4680096.0 ], [ -1025798.0, 4680099.0 ], [ -1025808.0, 4680105.0 ], [ -1025815.0, 4680113.0 ], [ -1025821.0, 4680127.0 ], [ -1025822.0, 4680135.0 ], [ -1025823.0, 4680142.0 ], [ -1025813.0, 4680189.0 ], [ -1025810.0, 4680205.0 ], [ -1025809.0, 4680211.0 ], [ -1025811.0, 4680216.0 ], [ -1025814.0, 4680220.0 ], [ -1025818.0, 4680224.0 ], [ -1025799.0, 4680310.0 ], [ -1025777.0, 4680409.0 ], [ -1025773.0, 4680423.0 ], [ -1025771.0, 4680428.0 ], [ -1025764.0, 4680455.0 ], [ -1025773.0, 4680467.0 ], [ -1025782.0, 4680490.0 ], [ -1025785.0, 4680497.0 ], [ -1025789.0, 4680511.0 ], [ -1025788.0, 4680519.0 ], [ -1025787.0, 4680523.0 ], [ -1025781.0, 4680540.0 ], [ -1025772.0, 4680557.0 ], [ -1025767.0, 4680569.0 ], [ -1025766.0, 4680580.0 ], [ -1025762.0, 4680776.0 ], [ -1025763.0, 4680804.0 ], [ -1025734.0, 4680804.0 ], [ -1025695.0, 4680805.0 ], [ -1025651.0, 4680851.0 ], [ -1025651.0, 4680858.0 ], [ -1025651.0, 4680883.0 ], [ -1025651.0, 4680900.0 ], [ -1025651.0, 4680954.0 ], [ -1025652.0, 4681020.0 ], [ -1025648.0, 4681020.0 ], [ -1025645.0, 4681023.0 ], [ -1025562.0, 4681103.0 ] ] } },
{ "type": "Feature", "properties": { "source": 417178863, "target": 12145974808, "ordering_random": 135, "length": 1367, "length_cumulative": 297311 }, "geometry": { "type": "LineString", "coordinates": [ [ -1022381.0, 4679179.0 ], [ -1022388.0, 4679174.0 ], [ -1022397.0, 4679172.0 ], [ -1022406.0, 4679172.0 ], [ -1022413.0, 4679174.0 ], [ -1022416.0, 4679175.0 ], [ -1022526.0, 4679197.0 ], [ -1022536.0, 4679199.0 ], [ -1022548.0, 4679201.0 ], [ -1022561.0, 4679203.0 ], [ -1022656.0, 4679214.0 ], [ -1022663.0, 4679215.0 ], [ -1022671.0, 4679217.0 ], [ -1022678.0, 4679220.0 ], [ -1022685.0, 4679224.0 ], [ -1022690.0, 4679228.0 ], [ -1022697.0, 4679234.0 ], [ -1022704.0, 4679241.0 ], [ -1022781.0, 4679317.0 ], [ -1022788.0, 4679324.0 ], [ -1022793.0, 4679331.0 ], [ -1022835.0, 4679391.0 ], [ -1022836.0, 4679394.0 ], [ -1022836.0, 4679397.0 ], [ -1022802.0, 4679494.0 ], [ -1022799.0, 4679500.0 ], [ -1022798.0, 4679503.0 ], [ -1022847.0, 4679486.0 ], [ -1022850.0, 4679485.0 ], [ -1022854.0, 4679483.0 ], [ -1022863.0, 4679478.0 ], [ -1022870.0, 4679474.0 ], [ -1022953.0, 4679421.0 ], [ -1022974.0, 4679408.0 ], [ -1022989.0, 4679399.0 ], [ -1023031.0, 4679372.0 ], [ -1023118.0, 4679317.0 ], [ -1023143.0, 4679302.0 ], [ -1023157.0, 4679294.0 ], [ -1023173.0, 4679288.0 ], [ -1023183.0, 4679285.0 ], [ -1023203.0, 4679281.0 ], [ -1023302.0, 4679255.0 ], [ -1023356.0, 4679242.0 ], [ -1023376.0, 4679237.0 ], [ -1023396.0, 4679231.0 ], [ -1023407.0, 4679228.0 ], [ -1023416.0, 4679226.0 ], [ -1023428.0, 4679223.0 ], [ -1023432.0, 4679223.0 ], [ -1023436.0, 4679222.0 ], [ -1023439.0, 4679223.0 ], [ -1023444.0, 4679224.0 ] ] } }
]
}
