{
"type": "FeatureCollection",
"name": "london-rail",
"crs": { "type": "name", "properties": { "name": "urn:ogc:def:crs:EPSG::3857" } },
"features": [
{ "type": "Feature", "properties": { "osmid": 21442171.0 }, "geometry": { "type": "Point", "coordinates": [ -17780.0, 6698715.0 ] } },
{ "type": "Feature", "properties": { "osmid": 5182424566.0 }, "geometry": { "type": "Point", "coordinates": [ -14225.0, 6733915.0 ] } },
{ "type": "Feature", "properties": { "osmid": 7600082413.0 }, "geometry": { "type": "Point", "coordinates": [ -2335.0, 6711131.0 ] } },
{ "type": "Feature", "properties": { "osmid": 12229309550.0 }, "geometry": { "type": "Point", "coordinates": [ -394.0, 6717604.0 ] } },
{ "type": "Feature", "properties": { "osmid": 3007487340.0 }, "geometry": { "type": "Point", "coordinates": [ -10990.0, 6682908.0 ] } },
{ "type": "Feature", "properties": { "osmid": 12881928892.0 }, "geometry": { "type": "Point", "coordinates": [ -14621.0, 6696992.0 ] } },
{ "type": "Feature", "properties": { "osmid": 10946651258.0 }, "geometry": { "type": "Point", "coordinates": [ -52999.0, 6705035.0 ] } },
{ "type": "Feature", "properties": { "osmid": 8296877771.0 }, "geometry": { "type": "Point", "coordinates": [ -11713.0, 6724101.0 ] } },
{ "type": "Feature", "properties": { "osmid": 1591017306.0 }, "geometry": { "type": "Point", "coordinates": [ -34767.0, 6694950.0 ] } },
{ "type": "Feature", "properties": { "osmid": 10756241152.0 }, "geometry": { "type": "Point", "coordinates": [ -21603.0, 6723163.0 ] } },
{ "type": "Feature", "properties": { "osmid": 8723271658.0 }, "geometry": { "type": "Point", "coordinates": [ -18198.0, 6700586.0 ] } },
{ "type": "Feature", "properties": { "osmid": 6779310759.0 }, "geometry": { "type": "Point", "coordinates": [ 11315.0, 6703937.0 ] } },
{ "type": "Feature", "properties": { "osmid": 12279370541.0 }, "geometry": { "type": "Point", "coordinates": [ -15907.0, 6711400.0 ] } },
{ "type": "Feature", "properties": { "osmid": 7737038838.0 }, "geometry": { "type": "Point", "coordinates": [ -18194.0, 6714197.0 ] } },
{ "type": "Feature", "properties": { "osmid": 11886824862.0 }, "geometry": { "type": "Point", "coordinates": [ -47773.0, 6726104.0 ] } },
{ "type": "Feature", "properties": { "osmid": 3475040041.0 }, "geometry": { "type": "Point", "coordinates": [ -2283.0, 6711432.0 ] } },
{ "type": "Feature", "properties": { "osmid": 5482470133.0 }, "geometry": { "type": "Point", "coordinates": [ -19856.0, 6720351.0 ] } },
{ "type": "Feature", "properties": { "osmid": 11140837037.0 }, "geometry": { "type": "Point", "coordinates": [ -48072.0, 6726861.0 ] } },
{ "type": "Feature", "properties": { "osmid": 10959358999.0 }, "geometry": { "type": "Point", "coordinates": [ -53566.0, 6705035.0 ] } },
{ "type": "Feature", "properties": { "osmid": 2509787385.0 }, "geometry": { "type": "Point", "coordinates": [ 16462.0, 6699544.0 ] } },
{ "type": "Feature", "properties": { "osmid": 7161157096.0 }, "geometry": { "type": "Point", "coordinates": [ 14018.0, 6698665.0 ] } },
{ "type": "Feature", "properties": { "osmid": 9747616045.0 }, "geometry": { "type": "Point", "coordinates": [ -46900.0, 6723007.0 ] } },
{ "type": "Feature", "properties": { "osmid": 8089844494.0 }, "geometry": { "type": "Point", "coordinates": [ -21380.0, 6718674.0 ] } },
{ "type": "Feature", "properties": { "osmid": 12206883319.0 }, "geometry": { "type": "Point", "coordinates": [ -16637.0, 6712730.0 ] } },
{ "type": "Feature", "properties": { "osmid": 13411436375.0 }, "geometry": { "type": "Point", "coordinates": [ -31174.0, 6710697.0 ] } },
{ "type": "Feature", "properties": { "osmid": 9543491456.0 }, "geometry": { "type": "Point", "coordinates": [ -31712.0, 6706128.0 ] } },
{ "type": "Feature", "properties": { "osmid": 10167134621.0 }, "geometry": { "type": "Point", "coordinates": [ -20643.0, 6731342.0 ] } },
{ "type": "Feature", "properties": { "osmid": 6307053759.0 }, "geometry": { "type": "Point", "coordinates": [ -39300.0, 6724462.0 ] } },
{ "type": "Feature", "properties": { "osmid": 810156946.0 }, "geometry": { "type": "Point", "coordinates": [ -41427.0, 6695184.0 ] } },
{ "type": "Feature", "properties": { "osmid": 11408465570.0 }, "geometry": { "type": "Point", "coordinates": [ -35173.0, 6719946.0 ] } },
{ "type": "Feature", "properties": { "osmid": 9887270348.0 }, "geometry": { "type": "Point", "coordinates": [ -6342.0, 6721254.0 ] } },
{ "type": "Feature", "properties": { "osmid": 2857749727.0 }, "geometry": { "type": "Point", "coordinates": [ -2161.0, 6698216.0 ] } },
{ "type": "Feature", "properties": { "osmid": 11218859232.0 }, "geometry": { "type": "Point", "coordinates": [ -11238.0, 6678941.0 ] } },
{ "type": "Feature", "properties": { "osmid": 8868824856.0 }, "geometry": { "type": "Point", "coordinates": [ -10852.0, 6712890.0 ] } },
{ "type": "Feature", "properties": { "osmid": 13160200290.0 }, "geometry": { "type": "Point", "coordinates": [ 14772.0, 6711316.0 ] } },
{ "type": "Feature", "properties": { "osmid": 12178209924.0 }, "geometry": { "type": "Point", "coordinates": [ -8910.0, 6698173.0 ] } },
{ "type": "Feature", "properties": { "osmid": 2331055309.0 }, "geometry": { "type": "Point", "coordinates": [ -36763.0, 6713162.0 ] } },
{ "type": "Feature", "properties": { "osmid": 1358097426.0 }, "geometry": { "type": "Point", "coordinates": [ 24519.0, 6722509.0 ] } },
{ "type": "Feature", "properties": { "osmid": 4334058014.0 }, "geometry": { "type": "Point", "coordinates": [ -35139.0, 6719313.0 ] } },
{ "type": "Feature", "properties": { "osmid": 2527812518.0 }, "geometry": { "type": "Point", "coordinates": [ -34349.0, 6722815.0 ] } },
{ "type": "Feature", "properties": { "osmid": 2647994444.0 }, "geometry": { "type": "Point", "coordinates": [ -31702.0, 6719941.0 ] } },
{ "type": "Feature", "properties": { "osmid": 6446034354.0 }, "geometry": { "type": "Point", "coordinates": [ -39828.0, 6701209.0 ] } },
{ "type": "Feature", "properties": { "osmid": 6906088588.0 }, "geometry": { "type": "Point", "coordinates": [ 22900.0, 6724841.0 ] } },
{ "type": "Feature", "properties": { "osmid": 13160200281.0 }, "geometry": { "type": "Point", "coordinates": [ 15115.0, 6711790.0 ] } },
{ "type": "Feature", "properties": { "osmid": 1305056061.0 }, "geometry": { "type": "Point", "coordinates": [ 17764.0, 6703952.0 ] } },
{ "type": "Feature", "properties": { "osmid": 13156986343.0 }, "geometry": { "type": "Point", "coordinates": [ -6250.0, 6711003.0 ] } },
{ "type": "Feature", "properties": { "osmid": 10794001703.0 }, "geometry": { "type": "Point", "coordinates": [ 2419.0, 6724684.0 ] } },
{ "type": "Feature", "properties": { "osmid": 8327974383.0 }, "geometry": { "type": "Point", "coordinates": [ -20898.0, 6699910.0 ] } },
{ "type": "Feature", "properties": { "osmid": 523753146.0 }, "geometry": { "type": "Point", "coordinates": [ -29870.0, 6706843.0 ] } },
{ "type": "Feature", "properties": { "osmid": 13448407092.0 }, "geometry": { "type": "Point", "coordinates": [ -27286.0, 6689037.0 ] } },
{ "type": "Feature", "properties": { "osmid": 7253405652.0 }, "geometry": { "type": "Point", "coordinates": [ 21185.0, 6704422.0 ] } },
{ "type": "Feature", "properties": { "osmid": 3233559630.0 }, "geometry": { "type": "Point", "coordinates": [ -21398.0, 6718899.0 ] } },
{ "type": "Feature", "properties": { "osmid": 5493437041.0 }, "geometry": { "type": "Point", "coordinates": [ -40789.0, 6705088.0 ] } },
{ "type": "Feature", "properties": { "osmid": 7051934315.0 }, "geometry": { "type": "Point", "coordinates": [ -17368.0, 6708843.0 ] } },
{ "type": "Feature", "properties": { "osmid": 8713137227.0 }, "geometry": { "type": "Point", "coordinates": [ -10418.0, 6683137.0 ] } },
{ "type": "Feature", "properties": { "osmid": 9604615693.0 }, "geometry": { "type": "Point", "coordinates": [ 7898.0, 6699120.0 ] } },
{ "type": "Feature", "properties": { "osmid": 10578919304.0 }, "geometry": { "type": "Point", "coordinates": [ -25200.0, 6710526.0 ] } },
{ "type": "Feature", "properties": { "osmid": 3228473738.0 }, "geometry": { "type": "Point", "coordinates": [ -35719.0, 6712631.0 ] } },
{ "type": "Feature", "properties": { "osmid": 36477506.0 }, "geometry": { "type": "Point", "coordinates": [ -36879.0, 6714308.0 ] } },
{ "type": "Feature", "properties": { "osmid": 98307521.0 }, "geometry": { "type": "Point", "coordinates": [ -787.0, 6722676.0 ] } },
{ "type": "Feature", "properties": { "osmid": 12638744061.0 }, "geometry": { "type": "Point", "coordinates": [ 2052.0, 6707390.0 ] } },
{ "type": "Feature", "properties": { "osmid": 199491.0 }, "geometry": { "type": "Point", "coordinates": [ -10722.0, 6722827.0 ] } },
{ "type": "Feature", "properties": { "osmid": 13326155544.0 }, "geometry": { "type": "Point", "coordinates": [ -27713.0, 6730372.0 ] } },
{ "type": "Feature", "properties": { "osmid": 12172734774.0 }, "geometry": { "type": "Point", "coordinates": [ 11521.0, 6698403.0 ] } },
{ "type": "Feature", "properties": { "osmid": 1468597219.0 }, "geometry": { "type": "Point", "coordinates": [ -14442.0, 6721552.0 ] } },
{ "type": "Feature", "properties": { "osmid": 6457280023.0 }, "geometry": { "type": "Point", "coordinates": [ -23859.0, 6684429.0 ] } },
{ "type": "Feature", "properties": { "osmid": 4032110827.0 }, "geometry": { "type": "Point", "coordinates": [ -5511.0, 6692020.0 ] } },
{ "type": "Feature", "properties": { "osmid": 7289797351.0 }, "geometry": { "type": "Point", "coordinates": [ -22858.0, 6692929.0 ] } },
{ "type": "Feature", "properties": { "osmid": 11690737818.0 }, "geometry": { "type": "Point", "coordinates": [ -20983.0, 6729835.0 ] } },
{ "type": "Feature", "properties": { "osmid": 13796574422.0 }, "geometry": { "type": "Point", "coordinates": [ -22137.0, 6682323.0 ] } },
{ "type": "Feature", "properties": { "osmid": 6096336621.0 }, "geometry": { "type": "Point", "coordinates": [ -39598.0, 6705455.0 ] } },
{ "type": "Feature", "properties": { "osmid": 13686354054.0 }, "geometry": { "type": "Point", "coordinates": [ 2879.0, 6711970.0 ] } },
{ "type": "Feature", "properties": { "osmid": 3817942973.0 }, "geometry": { "type": "Point", "coordinates": [ -16393.0, 6712666.0 ] } },
{ "type": "Feature", "properties": { "osmid": 5490917178.0 }, "geometry": { "type": "Point", "coordinates": [ -20083.0, 6718665.0 ] } },
{ "type": "Feature", "properties": { "osmid": 7649272721.0 }, "geometry": { "type": "Point", "coordinates": [ -20709.0, 6715569.0 ] } },
{ "type": "Feature", "properties": { "osmid": 821849133.0 }, "geometry": { "type": "Point", "coordinates": [ -17150.0, 6710692.0 ] } },
{ "type": "Feature", "properties": { "osmid": 846746817.0 }, "geometry": { "type": "Point", "coordinates": [ 1028.0, 6688164.0 ] } },
{ "type": "Feature", "properties": { "osmid": 21411488.0 }, "geometry": { "type": "Point", "coordinates": [ -22966.0, 6700536.0 ] } },
{ "type": "Feature", "properties": { "osmid": 8684965581.0 }, "geometry": { "type": "Point", "coordinates": [ -17163.0, 6677911.0 ] } },
{ "type": "Feature", "properties": { "osmid": 13537235760.0 }, "geometry": { "type": "Point", "coordinates": [ -20430.0, 6709216.0 ] } },
{ "type": "Feature", "properties": { "osmid": 2101859841.0 }, "geometry": { "type": "Point", "coordinates": [ -29377.0, 6728660.0 ] } },
{ "type": "Feature", "properties": { "osmid": 5273532140.0 }, "geometry": { "type": "Point", "coordinates": [ -30714.0, 6718097.0 ] } },
{ "type": "Feature", "properties": { "osmid": 1818606925.0 }, "geometry": { "type": "Point", "coordinates": [ 9989.0, 6723703.0 ] } },
{ "type": "Feature", "properties": { "osmid": 2642876591.0 }, "geometry": { "type": "Point", "coordinates": [ -33017.0, 6719620.0 ] } },
{ "type": "Feature", "properties": { "osmid": 2110802858.0 }, "geometry": { "type": "Point", "coordinates": [ -25258.0, 6725136.0 ] } },
{ "type": "Feature", "properties": { "osmid": 8323127164.0 }, "geometry": { "type": "Point", "coordinates": [ -37741.0, 6699375.0 ] } },
{ "type": "Feature", "properties": { "osmid": 8022718279.0 }, "geometry": { "type": "Point", "coordinates": [ -1927.0, 6714232.0 ] } },
{ "type": "Feature", "properties": { "osmid": 6300338080.0 }, "geometry": { "type": "Point", "coordinates": [ -2110.0, 6710829.0 ] } },
{ "type": "Feature", "properties": { "osmid": 387447298.0 }, "geometry": { "type": "Point", "coordinates": [ 14830.0, 6703734.0 ] } },
{ "type": "Feature", "properties": { "osmid": 13168950217.0 }, "geometry": { "type": "Point", "coordinates": [ -5892.0, 6699324.0 ] } },
{ "type": "Feature", "properties": { "osmid": 8476852306.0 }, "geometry": { "type": "Point", "coordinates": [ -6268.0, 6692940.0 ] } },
{ "type": "Feature", "properties": { "osmid": 1561686757.0 }, "geometry": { "type": "Point", "coordinates": [ 12092.0, 6684592.0 ] } },
{ "type": "Feature", "properties": { "osmid": 6404883117.0 }, "geometry": { "type": "Point", "coordinates": [ -40310.0, 6703449.0 ] } },
{ "type": "Feature", "properties": { "osmid": 13535474726.0 }, "geometry": { "type": "Point", "coordinates": [ -30079.0, 6710143.0 ] } },
{ "type": "Feature", "properties": { "osmid": 5882283489.0 }, "geometry": { "type": "Point", "coordinates": [ -11095.0, 6680356.0 ] } },
{ "type": "Feature", "properties": { "osmid": 2908947857.0 }, "geometry": { "type": "Point", "coordinates": [ -25025.0, 6715676.0 ] } },
{ "type": "Feature", "properties": { "osmid": 7700906336.0 }, "geometry": { "type": "Point", "coordinates": [ -21384.0, 6728308.0 ] } },
{ "type": "Feature", "properties": { "osmid": 1457765749.0 }, "geometry": { "type": "Point", "coordinates": [ 26073.0, 6726950.0 ] } },
{ "type": "Feature", "properties": { "osmid": 7202554497.0 }, "geometry": { "type": "Point", "coordinates": [ -47212.0, 6730051.0 ] } },
{ "type": "Feature", "properties": { "osmid": 4304629382.0 }, "geometry": { "type": "Point", "coordinates": [ 11076.0, 6717109.0 ] } },
{ "type": "Feature", "properties": { "osmid": 934870874.0 }, "geometry": { "type": "Point", "coordinates": [ -22837.0, 6718669.0 ] } },
{ "type": "Feature", "properties": { "osmid": 3202299220.0 }, "geometry": { "type": "Point", "coordinates": [ -10136.0, 6737606.0 ] } },
{ "type": "Feature", "properties": { "osmid": 5487992642.0 }, "geometry": { "type": "Point", "coordinates": [ -19383.0, 6716494.0 ] } },
{ "type": "Feature", "properties": { "osmid": 9047783987.0 }, "geometry": { "type": "Point", "coordinates": [ -53150.0, 6718516.0 ] } },
{ "type": "Feature", "properties": { "osmid": 1918755515.0 }, "geometry": { "type": "Point", "coordinates": [ -7972.0, 6695474.0 ] } },
{ "type": "Feature", "properties": { "osmid": 21558058.0 }, "geometry": { "type": "Point", "coordinates": [ 292.0, 6693403.0 ] } },
{ "type": "Feature", "properties": { "osmid": 7231519937.0 }, "geometry": { "type": "Point", "coordinates": [ 3079.0, 6726693.0 ] } },
{ "type": "Feature", "properties": { "osmid": 29352274.0 }, "geometry": { "type": "Point", "coordinates": [ -23826.0, 6708462.0 ] } },
{ "type": "Feature", "properties": { "osmid": 2271301066.0 }, "geometry": { "type": "Point", "coordinates": [ -183.0, 6725851.0 ] } },
{ "type": "Feature", "properties": { "osmid": 256234557.0 }, "geometry": { "type": "Point", "coordinates": [ 10778.0, 6721713.0 ] } },
{ "type": "Feature", "properties": { "osmid": 12609619345.0 }, "geometry": { "type": "Point", "coordinates": [ -7432.0, 6730809.0 ] } },
{ "type": "Feature", "properties": { "osmid": 4860732666.0 }, "geometry": { "type": "Point", "coordinates": [ 3791.0, 6729394.0 ] } },
{ "type": "Feature", "properties": { "osmid": 1163333905.0 }, "geometry": { "type": "Point", "coordinates": [ -19227.0, 6736830.0 ] } },
{ "type": "Feature", "properties": { "osmid": 5397076848.0 }, "geometry": { "type": "Point", "coordinates": [ 24305.0, 6719907.0 ] } },
{ "type": "Feature", "properties": { "osmid": 54793322.0 }, "geometry": { "type": "Point", "coordinates": [ -41069.0, 6729786.0 ] } },
{ "type": "Feature", "properties": { "osmid": 12629938804.0 }, "geometry": { "type": "Point", "coordinates": [ -28652.0, 6716700.0 ] } },
{ "type": "Feature", "properties": { "osmid": 993945625.0 }, "geometry": { "type": "Point", "coordinates": [ -4546.0, 6693790.0 ] } },
{ "type": "Feature", "properties": { "osmid": 4408451129.0 }, "geometry": { "type": "Point", "coordinates": [ 6497.0, 6693285.0 ] } },
{ "type": "Feature", "properties": { "osmid": 3609402262.0 }, "geometry": { "type": "Point", "coordinates": [ -32885.0, 6723188.0 ] } },
{ "type": "Feature", "properties": { "osmid": 11906819359.0 }, "geometry": { "type": "Point", "coordinates": [ -45509.0, 6728109.0 ] } },
{ "type": "Feature", "properties": { "osmid": 5992903891.0 }, "geometry": { "type": "Point", "coordinates": [ -22121.0, 6690528.0 ] } },
{ "type": "Feature", "properties": { "osmid": 3644681814.0 }, "geometry": { "type": "Point", "coordinates": [ -38913.0, 6698399.0 ] } },
{ "type": "Feature", "properties": { "osmid": 5069278376.0 }, "geometry": { "type": "Point", "coordinates": [ -11932.0, 6743266.0 ] } },
{ "type": "Feature", "properties": { "osmid": 60676322.0 }, "geometry": { "type": "Point", "coordinates": [ -7290.0, 6694543.0 ] } },
{ "type": "Feature", "properties": { "osmid": 13420414049.0 }, "geometry": { "type": "Point", "coordinates": [ -11558.0, 6698048.0 ] } },
{ "type": "Feature", "properties": { "osmid": 1637182890.0 }, "geometry": { "type": "Point", "coordinates": [ -10798.0, 6735831.0 ] } },
{ "type": "Feature", "properties": { "osmid": 8461454448.0 }, "geometry": { "type": "Point", "coordinates": [ -31824.0, 6727129.0 ] } },
{ "type": "Feature", "properties": { "osmid": 6440045169.0 }, "geometry": { "type": "Point", "coordinates": [ -18269.0, 6714561.0 ] } },
{ "type": "Feature", "properties": { "osmid": 59932165.0 }, "geometry": { "type": "Point", "coordinates": [ -39797.0, 6728579.0 ] } },
{ "type": "Feature", "properties": { "osmid": 1661080065.0 }, "geometry": { "type": "Point", "coordinates": [ -18884.0, 6684669.0 ] } },
{ "type": "Feature", "properties": { "osmid": 1541575780.0 }, "geometry": { "type": "Point", "coordinates": [ -13691.0, 6680037.0 ] } },
{ "type": "Feature", "properties": { "osmid": 12309969448.0 }, "geometry": { "type": "Point", "coordinates": [ -23439.0, 6713322.0 ] } },
{ "type": "Feature", "properties": { "osmid": 7127075317.0 }, "geometry": { "type": "Point", "coordinates": [ -45841.0, 6723291.0 ] } },
{ "type": "Feature", "properties": { "osmid": 11903900872.0 }, "geometry": { "type": "Point", "coordinates": [ 2389.0, 6697854.0 ] } },
{ "type": "Feature", "properties": { "osmid": 329592207.0 }, "geometry": { "type": "Point", "coordinates": [ 12399.0, 6722012.0 ] } },
{ "type": "Feature", "properties": { "osmid": 486544116.0 }, "geometry": { "type": "Point", "coordinates": [ -47525.0, 6727563.0 ] } },
{ "type": "Feature", "properties": { "osmid": 13418039395.0 }, "geometry": { "type": "Point", "coordinates": [ -30671.0, 6730555.0 ] } },
{ "type": "Feature", "properties": { "osmid": 21275769.0 }, "geometry": { "type": "Point", "coordinates": [ -24676.0, 6719070.0 ] } },
{ "type": "Feature", "properties": { "osmid": 266980573.0 }, "geometry": { "type": "Point", "coordinates": [ -8375.0, 6691880.0 ] } },
{ "type": "Feature", "properties": { "osmid": 13686354056.0 }, "geometry": { "type": "Point", "coordinates": [ 2963.0, 6711972.0 ] } },
{ "type": "Feature", "properties": { "osmid": 1825289824.0 }, "geometry": { "type": "Point", "coordinates": [ -49203.0, 6721293.0 ] } },
{ "type": "Feature", "properties": { "osmid": 2857645225.0 }, "geometry": { "type": "Point", "coordinates": [ 11835.0, 6691433.0 ] } },
{ "type": "Feature", "properties": { "osmid": 1039404708.0 }, "geometry": { "type": "Point", "coordinates": [ -34772.0, 6710147.0 ] } },
{ "type": "Feature", "properties": { "osmid": 312670203.0 }, "geometry": { "type": "Point", "coordinates": [ -10527.0, 6739470.0 ] } },
{ "type": "Feature", "properties": { "osmid": 1523971230.0 }, "geometry": { "type": "Point", "coordinates": [ 9945.0, 6687670.0 ] } },
{ "type": "Feature", "properties": { "osmid": 2039163569.0 }, "geometry": { "type": "Point", "coordinates": [ -2395.0, 6710818.0 ] } },
{ "type": "Feature", "properties": { "osmid": 7229061792.0 }, "geometry": { "type": "Point", "coordinates": [ 10415.0, 6728788.0 ] } },
{ "type": "Feature", "properties": { "osmid": 9328369431.0 }, "geometry": { "type": "Point", "coordinates": [ -23961.0, 6703161.0 ] } },
{ "type": "Feature", "properties": { "osmid": 1028224366.0 }, "geometry": { "type": "Point", "coordinates": [ -50203.0, 6719865.0 ] } },
{ "type": "Feature", "properties": { "osmid": 1271527916.0 }, "geometry": { "type": "Point", "coordinates": [ 4958.0, 6695435.0 ] } },
{ "type": "Feature", "properties": { "osmid": 1055137499.0 }, "geometry": { "type": "Point", "coordinates": [ -34182.0, 6710418.0 ] } },
{ "type": "Feature", "properties": { "osmid": 10610839542.0 }, "geometry": { "type": "Point", "coordinates": [ 5774.0, 6717269.0 ] } },
{ "type": "Feature", "properties": { "osmid": 8228174297.0 }, "geometry": { "type": "Point", "coordinates": [ 5005.0, 6692321.0 ] } },
{ "type": "Feature", "properties": { "osmid": 608553830.0 }, "geometry": { "type": "Point", "coordinates": [ -11151.0, 6734224.0 ] } },
{ "type": "Feature", "properties": { "osmid": 2601768395.0 }, "geometry": { "type": "Point", "coordinates": [ 26214.0, 6720682.0 ] } },
{ "type": "Feature", "properties": { "osmid": 10196823577.0 }, "geometry": { "type": "Point", "coordinates": [ -5039.0, 6701452.0 ] } },
{ "type": "Feature", "properties": { "osmid": 5384124089.0 }, "geometry": { "type": "Point", "coordinates": [ 22039.0, 6719161.0 ] } },
{ "type": "Feature", "properties": { "osmid": 2907810005.0 }, "geometry": { "type": "Point", "coordinates": [ -31161.0, 6721496.0 ] } },
{ "type": "Feature", "properties": { "osmid": 11521703229.0 }, "geometry": { "type": "Point", "coordinates": [ 16301.0, 6714908.0 ] } },
{ "type": "Feature", "properties": { "osmid": 180540749.0 }, "geometry": { "type": "Point", "coordinates": [ 16184.0, 6717542.0 ] } },
{ "type": "Feature", "properties": { "osmid": 3635969294.0 }, "geometry": { "type": "Point", "coordinates": [ 1104.0, 6734059.0 ] } },
{ "type": "Feature", "properties": { "osmid": 1245973729.0 }, "geometry": { "type": "Point", "coordinates": [ -31166.0, 6710891.0 ] } },
{ "type": "Feature", "properties": { "osmid": 90419679.0 }, "geometry": { "type": "Point", "coordinates": [ -33933.0, 6721452.0 ] } },
{ "type": "Feature", "properties": { "osmid": 1860707357.0 }, "geometry": { "type": "Point", "coordinates": [ -31232.0, 6711216.0 ] } },
{ "type": "Feature", "properties": { "osmid": 8836944517.0 }, "geometry": { "type": "Point", "coordinates": [ 14663.0, 6682980.0 ] } },
{ "type": "Feature", "properties": { "osmid": 107375.0 }, "geometry": { "type": "Point", "coordinates": [ -3851.0, 6714599.0 ] } },
{ "type": "Feature", "properties": { "osmid": 160412050.0 }, "geometry": { "type": "Point", "coordinates": [ -3638.0, 6714111.0 ] } },
{ "type": "Feature", "properties": { "osmid": 319634138.0 }, "geometry": { "type": "Point", "coordinates": [ -4207.0, 6715019.0 ] } },
{ "type": "Feature", "properties": { "osmid": 9661950324.0 }, "geometry": { "type": "Point", "coordinates": [ -3360.0, 6714886.0 ] } },
{ "type": "Feature", "properties": { "osmid": 9641876493.0 }, "geometry": { "type": "Point", "coordinates": [ -4391.0, 6714359.0 ] } },
{ "type": "Feature", "properties": { "osmid": 9097474838.0 }, "geometry": { "type": "Point", "coordinates": [ -2891.0, 6714651.0 ] } },
{ "type": "Feature", "properties": { "osmid": 246842419.0 }, "geometry": { "type": "Point", "coordinates": [ -3804.0, 6715648.0 ] } },
{ "type": "Feature", "properties": { "osmid": 9173729691.0 }, "geometry": { "type": "Point", "coordinates": [ -4940.0, 6714188.0 ] } },
{ "type": "Feature", "properties": { "osmid": 95984399.0 }, "geometry": { "type": "Point", "coordinates": [ -3868.0, 6713427.0 ] } },
{ "type": "Feature", "properties": { "osmid": 96099738.0 }, "geometry": { "type": "Point", "coordinates": [ -4967.0, 6715135.0 ] } },
{ "type": "Feature", "properties": { "osmid": 9728295061.0 }, "geometry": { "type": "Point", "coordinates": [ -2694.0, 6715115.0 ] } },
{ "type": "Feature", "properties": { "osmid": 12992059766.0 }, "geometry": { "type": "Point", "coordinates": [ -4647.0, 6715609.0 ] } },
{ "type": "Feature", "properties": { "osmid": 246852987.0 }, "geometry": { "type": "Point", "coordinates": [ -3223.0, 6715945.0 ] } },
{ "type": "Feature", "properties": { "osmid": 27650422.0 }, "geometry": { "type": "Point", "coordinates": [ -5060.0, 6713521.0 ] } },
{ "type": "Feature", "properties": { "osmid": 106954.0 }, "geometry": { "type": "Point", "coordinates": [ -4309.0, 6712977.0 ] } },
{ "type": "Feature", "properties": { "osmid": 8954704117.0 }, "geometry": { "type": "Point", "coordinates": [ -5494.0, 6714005.0 ] } },
{ "type": "Feature", "properties": { "osmid": 3863146603.0 }, "geometry": { "type": "Point", "coordinates": [ -4645.0, 6716164.0 ] } },
{ "type": "Feature", "properties": { "osmid": 9448844189.0 }, "geometry": { "type": "Point", "coordinates": [ -4139.0, 6716331.0 ] } },
{ "type": "Feature", "properties": { "osmid": 6370910510.0 }, "geometry": { "type": "Point", "coordinates": [ -2166.0, 6715270.0 ] } },
{ "type": "Feature", "properties": { "osmid": 3957848205.0 }, "geometry": { "type": "Point", "coordinates": [ -5626.0, 6715007.0 ] } },
{ "type": "Feature", "properties": { "osmid": 4841959025.0 }, "geometry": { "type": "Point", "coordinates": [ -3785.0, 6712747.0 ] } },
{ "type": "Feature", "properties": { "osmid": 18066084.0 }, "geometry": { "type": "Point", "coordinates": [ -2197.0, 6713607.0 ] } },
{ "type": "Feature", "properties": { "osmid": 7105390487.0 }, "geometry": { "type": "Point", "coordinates": [ -2506.0, 6713097.0 ] } },
{ "type": "Feature", "properties": { "osmid": 4830444734.0 }, "geometry": { "type": "Point", "coordinates": [ -3285.0, 6712585.0 ] } },
{ "type": "Feature", "properties": { "osmid": 6971005280.0 }, "geometry": { "type": "Point", "coordinates": [ -2934.0, 6716666.0 ] } },
{ "type": "Feature", "properties": { "osmid": 11520450765.0 }, "geometry": { "type": "Point", "coordinates": [ -5986.0, 6713853.0 ] } },
{ "type": "Feature", "properties": { "osmid": 7904554670.0 }, "geometry": { "type": "Point", "coordinates": [ -5535.0, 6716115.0 ] } },
{ "type": "Feature", "properties": { "osmid": 32654129.0 }, "geometry": { "type": "Point", "coordinates": [ -1647.0, 6715461.0 ] } },
{ "type": "Feature", "properties": { "osmid": 281455050.0 }, "geometry": { "type": "Point", "coordinates": [ -4490.0, 6712246.0 ] } },
{ "type": "Feature", "properties": { "osmid": 6634457349.0 }, "geometry": { "type": "Point", "coordinates": [ -2847.0, 6712331.0 ] } },
{ "type": "Feature", "properties": { "osmid": 2556767902.0 }, "geometry": { "type": "Point", "coordinates": [ -3688.0, 6712117.0 ] } },
{ "type": "Feature", "properties": { "osmid": 100197080.0 }, "geometry": { "type": "Point", "coordinates": [ -3267.0, 6717051.0 ] } },
{ "type": "Feature", "properties": { "osmid": 248948323.0 }, "geometry": { "type": "Point", "coordinates": [ -1563.0, 6713480.0 ] } },
{ "type": "Feature", "properties": { "osmid": 2939088312.0 }, "geometry": { "type": "Point", "coordinates": [ -1309.0, 6714844.0 ] } },
{ "type": "Feature", "properties": { "osmid": 61102378.0 }, "geometry": { "type": "Point", "coordinates": [ -2321.0, 6716740.0 ] } },
{ "type": "Feature", "properties": { "osmid": 9991810155.0 }, "geometry": { "type": "Point", "coordinates": [ -1929.0, 6712728.0 ] } },
{ "type": "Feature", "properties": { "osmid": 2980256545.0 }, "geometry": { "type": "Point", "coordinates": [ -4645.0, 6717162.0 ] } },
{ "type": "Feature", "properties": { "osmid": 685771444.0 }, "geometry": { "type": "Point", "coordinates": [ -1190.0, 6714005.0 ] } },
{ "type": "Feature", "properties": { "osmid": 10950804593.0 }, "geometry": { "type": "Point", "coordinates": [ -6526.0, 6713896.0 ] } },
{ "type": "Feature", "properties": { "osmid": 8458040673.0 }, "geometry": { "type": "Point", "coordinates": [ -5332.0, 6712253.0 ] } },
{ "type": "Feature", "properties": { "osmid": 48747430.0 }, "geometry": { "type": "Point", "coordinates": [ -6565.0, 6715363.0 ] } },
{ "type": "Feature", "properties": { "osmid": 1880932407.0 }, "geometry": { "type": "Point", "coordinates": [ -6450.0, 6713382.0 ] } },
{ "type": "Feature", "properties": { "osmid": 2402187754.0 }, "geometry": { "type": "Point", "coordinates": [ -5729.0, 6716815.0 ] } },
{ "type": "Feature", "properties": { "osmid": 6621595840.0 }, "geometry": { "type": "Point", "coordinates": [ -1683.0, 6716584.0 ] } },
{ "type": "Feature", "properties": { "osmid": 6370374264.0 }, "geometry": { "type": "Point", "coordinates": [ -1172.0, 6715875.0 ] } },
{ "type": "Feature", "properties": { "osmid": 1690522309.0 }, "geometry": { "type": "Point", "coordinates": [ -867.0, 6714478.0 ] } },
{ "type": "Feature", "properties": { "osmid": 5681522001.0 }, "geometry": { "type": "Point", "coordinates": [ -2537.0, 6711904.0 ] } },
{ "type": "Feature", "properties": { "osmid": 4725980633.0 }, "geometry": { "type": "Point", "coordinates": [ -5394.0, 6717199.0 ] } },
{ "type": "Feature", "properties": { "osmid": 6462052907.0 }, "geometry": { "type": "Point", "coordinates": [ -2409.0, 6717272.0 ] } },
{ "type": "Feature", "properties": { "osmid": 50904318.0 }, "geometry": { "type": "Point", "coordinates": [ -4284.0, 6717616.0 ] } },
{ "type": "Feature", "properties": { "osmid": 95971045.0 }, "geometry": { "type": "Point", "coordinates": [ -3310.0, 6711598.0 ] } },
{ "type": "Feature", "properties": { "osmid": 8940254471.0 }, "geometry": { "type": "Point", "coordinates": [ -6389.0, 6716358.0 ] } },
{ "type": "Feature", "properties": { "osmid": 242930459.0 }, "geometry": { "type": "Point", "coordinates": [ -788.0, 6715111.0 ] } },
{ "type": "Feature", "properties": { "osmid": 4964930054.0 }, "geometry": { "type": "Point", "coordinates": [ -7026.0, 6714575.0 ] } },
{ "type": "Feature", "properties": { "osmid": 4879504182.0 }, "geometry": { "type": "Point", "coordinates": [ -1723.0, 6712229.0 ] } },
{ "type": "Feature", "properties": { "osmid": 28798681.0 }, "geometry": { "type": "Point", "coordinates": [ -6328.0, 6712558.0 ] } },
{ "type": "Feature", "properties": { "osmid": 50904226.0 }, "geometry": { "type": "Point", "coordinates": [ -5038.0, 6717593.0 ] } },
{ "type": "Feature", "properties": { "osmid": 8694107368.0 }, "geometry": { "type": "Point", "coordinates": [ -6811.0, 6715912.0 ] } },
{ "type": "Feature", "properties": { "osmid": 10824182120.0 }, "geometry": { "type": "Point", "coordinates": [ -3219.0, 6717776.0 ] } },
{ "type": "Feature", "properties": { "osmid": 602661619.0 }, "geometry": { "type": "Point", "coordinates": [ -3960.0, 6711357.0 ] } },
{ "type": "Feature", "properties": { "osmid": 25475965.0 }, "geometry": { "type": "Point", "coordinates": [ -4663.0, 6711451.0 ] } },
{ "type": "Feature", "properties": { "osmid": 12412652240.0 }, "geometry": { "type": "Point", "coordinates": [ -7059.0, 6713773.0 ] } },
{ "type": "Feature", "properties": { "osmid": 7393653135.0 }, "geometry": { "type": "Point", "coordinates": [ -7112.0, 6715196.0 ] } },
{ "type": "Feature", "properties": { "osmid": 7297410790.0 }, "geometry": { "type": "Point", "coordinates": [ -5642.0, 6711704.0 ] } },
{ "type": "Feature", "properties": { "osmid": 5581536811.0 }, "geometry": { "type": "Point", "coordinates": [ -3875.0, 6718007.0 ] } },
{ "type": "Feature", "properties": { "osmid": 2477093218.0 }, "geometry": { "type": "Point", "coordinates": [ -827.0, 6716245.0 ] } },
{ "type": "Feature", "properties": { "osmid": 11007783727.0 }, "geometry": { "type": "Point", "coordinates": [ -1174.0, 6716796.0 ] } },
{ "type": "Feature", "properties": { "osmid": 9509449438.0 }, "geometry": { "type": "Point", "coordinates": [ -2889.0, 6711253.0 ] } },
{ "type": "Feature", "properties": { "osmid": 13000298630.0 }, "geometry": { "type": "Point", "coordinates": [ -4635.0, 6717999.0 ] } },
{ "type": "Feature", "properties": { "osmid": 236608.0 }, "geometry": { "type": "Point", "coordinates": [ -6399.0, 6717007.0 ] } },
{ "type": "Feature", "properties": { "osmid": 8652913998.0 }, "geometry": { "type": "Point", "coordinates": [ -2430.0, 6717867.0 ] } },
{ "type": "Feature", "properties": { "osmid": 2138079025.0 }, "geometry": { "type": "Point", "coordinates": [ -3490.0, 6711049.0 ] } },
{ "type": "Feature", "properties": { "osmid": 7949161080.0 }, "geometry": { "type": "Point", "coordinates": [ -1973.0, 6717639.0 ] } },
{ "type": "Feature", "properties": { "osmid": 10009577012.0 }, "geometry": { "type": "Point", "coordinates": [ -502.0, 6713143.0 ] } },
{ "type": "Feature", "properties": { "osmid": 4402620322.0 }, "geometry": { "type": "Point", "coordinates": [ -7486.0, 6714096.0 ] } },
{ "type": "Feature", "properties": { "osmid": 950727710.0 }, "geometry": { "type": "Point", "coordinates": [ -6915.0, 6716643.0 ] } },
{ "type": "Feature", "properties": { "osmid": 4729283223.0 }, "geometry": { "type": "Point", "coordinates": [ -7404.0, 6715607.0 ] } },
{ "type": "Feature", "properties": { "osmid": 319118525.0 }, "geometry": { "type": "Point", "coordinates": [ -2884.0, 6718177.0 ] } },
{ "type": "Feature", "properties": { "osmid": 8117013499.0 }, "geometry": { "type": "Point", "coordinates": [ -5463.0, 6717940.0 ] } },
{ "type": "Feature", "properties": { "osmid": 9168328920.0 }, "geometry": { "type": "Point", "coordinates": [ -7366.0, 6713354.0 ] } },
{ "type": "Feature", "properties": { "osmid": 5516673399.0 }, "geometry": { "type": "Point", "coordinates": [ -346.0, 6715879.0 ] } },
{ "type": "Feature", "properties": { "osmid": 201686849.0 }, "geometry": { "type": "Point", "coordinates": [ -7276.0, 6716097.0 ] } },
{ "type": "Feature", "properties": { "osmid": 7555920582.0 }, "geometry": { "type": "Point", "coordinates": [ -4233.0, 6710839.0 ] } },
{ "type": "Feature", "properties": { "osmid": 10845922761.0 }, "geometry": { "type": "Point", "coordinates": [ -847.0, 6712272.0 ] } },
{ "type": "Feature", "properties": { "osmid": 1128011467.0 }, "geometry": { "type": "Point", "coordinates": [ -4793.0, 6710893.0 ] } },
{ "type": "Feature", "properties": { "osmid": 5581514860.0 }, "geometry": { "type": "Point", "coordinates": [ -5069.0, 6718264.0 ] } },
{ "type": "Feature", "properties": { "osmid": 4665870906.0 }, "geometry": { "type": "Point", "coordinates": [ -7057.0, 6712412.0 ] } },
{ "type": "Feature", "properties": { "osmid": 4837089902.0 }, "geometry": { "type": "Point", "coordinates": [ -6143.0, 6717742.0 ] } },
{ "type": "Feature", "properties": { "osmid": 4477982249.0 }, "geometry": { "type": "Point", "coordinates": [ -55.0, 6715460.0 ] } },
{ "type": "Feature", "properties": { "osmid": 270420487.0 }, "geometry": { "type": "Point", "coordinates": [ -5305.0, 6710982.0 ] } },
{ "type": "Feature", "properties": { "osmid": 4332194771.0 }, "geometry": { "type": "Point", "coordinates": [ -3361.0, 6718469.0 ] } },
{ "type": "Feature", "properties": { "osmid": 5486121684.0 }, "geometry": { "type": "Point", "coordinates": [ -7785.0, 6714541.0 ] } },
{ "type": "Feature", "properties": { "osmid": 2481551495.0 }, "geometry": { "type": "Point", "coordinates": [ -512.0, 6716681.0 ] } },
{ "type": "Feature", "properties": { "osmid": 4672118004.0 }, "geometry": { "type": "Point", "coordinates": [ -851.0, 6717184.0 ] } },
{ "type": "Feature", "properties": { "osmid": 11945008336.0 }, "geometry": { "type": "Point", "coordinates": [ -1429.0, 6717732.0 ] } },
{ "type": "Feature", "properties": { "osmid": 250669930.0 }, "geometry": { "type": "Point", "coordinates": [ -3881.0, 6718610.0 ] } },
{ "type": "Feature", "properties": { "osmid": 6946989667.0 }, "geometry": { "type": "Point", "coordinates": [ -1689.0, 6711218.0 ] } },
{ "type": "Feature", "properties": { "osmid": 6743315046.0 }, "geometry": { "type": "Point", "coordinates": [ -2006.0, 6718168.0 ] } },
{ "type": "Feature", "properties": { "osmid": 38419884.0 }, "geometry": { "type": "Point", "coordinates": [ -3041.0, 6710608.0 ] } },
{ "type": "Feature", "properties": { "osmid": 107015.0 }, "geometry": { "type": "Point", "coordinates": [ -6827.0, 6717402.0 ] } },
{ "type": "Feature", "properties": { "osmid": 18064238.0 }, "geometry": { "type": "Point", "coordinates": [ -4675.0, 6718604.0 ] } },
{ "type": "Feature", "properties": { "osmid": 602677765.0 }, "geometry": { "type": "Point", "coordinates": [ -3800.0, 6710478.0 ] } },
{ "type": "Feature", "properties": { "osmid": 5991597281.0 }, "geometry": { "type": "Point", "coordinates": [ -6695.0, 6711612.0 ] } },
{ "type": "Feature", "properties": { "osmid": 106830.0 }, "geometry": { "type": "Point", "coordinates": [ -7933.0, 6715305.0 ] } },
{ "type": "Feature", "properties": { "osmid": 12253636001.0 }, "geometry": { "type": "Point", "coordinates": [ -2574.0, 6718577.0 ] } },
{ "type": "Feature", "properties": { "osmid": 6328822658.0 }, "geometry": { "type": "Point", "coordinates": [ -5940.0, 6718226.0 ] } },
{ "type": "Feature", "properties": { "osmid": 6070564779.0 }, "geometry": { "type": "Point", "coordinates": [ -1164.0, 6711382.0 ] } },
{ "type": "Feature", "properties": { "osmid": 454227993.0 }, "geometry": { "type": "Point", "coordinates": [ -4553.0, 6710443.0 ] } },
{ "type": "Feature", "properties": { "osmid": 2282295838.0 }, "geometry": { "type": "Point", "coordinates": [ -7784.0, 6713079.0 ] } },
{ "type": "Feature", "properties": { "osmid": 6804302457.0 }, "geometry": { "type": "Point", "coordinates": [ -7784.0, 6716209.0 ] } },
{ "type": "Feature", "properties": { "osmid": 5734523788.0 }, "geometry": { "type": "Point", "coordinates": [ 398.0, 6713943.0 ] } },
{ "type": "Feature", "properties": { "osmid": 9776166259.0 }, "geometry": { "type": "Point", "coordinates": [ -95.0, 6712506.0 ] } },
{ "type": "Feature", "properties": { "osmid": 102984141.0 }, "geometry": { "type": "Point", "coordinates": [ -397.0, 6711913.0 ] } },
{ "type": "Feature", "properties": { "osmid": 290627220.0 }, "geometry": { "type": "Point", "coordinates": [ -3145.0, 6718934.0 ] } },
{ "type": "Feature", "properties": { "osmid": 645702240.0 }, "geometry": { "type": "Point", "coordinates": [ -5490.0, 6718694.0 ] } },
{ "type": "Feature", "properties": { "osmid": 8229442768.0 }, "geometry": { "type": "Point", "coordinates": [ -8268.0, 6714866.0 ] } },
{ "type": "Feature", "properties": { "osmid": 6473275639.0 }, "geometry": { "type": "Point", "coordinates": [ -164.0, 6717049.0 ] } },
{ "type": "Feature", "properties": { "osmid": 1794997563.0 }, "geometry": { "type": "Point", "coordinates": [ -7609.0, 6712182.0 ] } },
{ "type": "Feature", "properties": { "osmid": 4540424712.0 }, "geometry": { "type": "Point", "coordinates": [ 307.0, 6716262.0 ] } },
{ "type": "Feature", "properties": { "osmid": 12597060819.0 }, "geometry": { "type": "Point", "coordinates": [ -1410.0, 6718353.0 ] } },
{ "type": "Feature", "properties": { "osmid": 1391173292.0 }, "geometry": { "type": "Point", "coordinates": [ -1990.0, 6718676.0 ] } },
{ "type": "Feature", "properties": { "osmid": 2138146873.0 }, "geometry": { "type": "Point", "coordinates": [ -5053.0, 6710272.0 ] } },
{ "type": "Feature", "properties": { "osmid": 53429015.0 }, "geometry": { "type": "Point", "coordinates": [ -6786.0, 6718004.0 ] } },
{ "type": "Feature", "properties": { "osmid": 11705417417.0 }, "geometry": { "type": "Point", "coordinates": [ -7821.0, 6716767.0 ] } },
{ "type": "Feature", "properties": { "osmid": 8059417237.0 }, "geometry": { "type": "Point", "coordinates": [ -3937.0, 6719127.0 ] } },
{ "type": "Feature", "properties": { "osmid": 602698489.0 }, "geometry": { "type": "Point", "coordinates": [ -4154.0, 6710077.0 ] } },
{ "type": "Feature", "properties": { "osmid": 126625323.0 }, "geometry": { "type": "Point", "coordinates": [ 700.0, 6714365.0 ] } },
{ "type": "Feature", "properties": { "osmid": 8000066261.0 }, "geometry": { "type": "Point", "coordinates": [ 577.0, 6715683.0 ] } },
{ "type": "Feature", "properties": { "osmid": 2921402559.0 }, "geometry": { "type": "Point", "coordinates": [ -5845.0, 6710498.0 ] } },
{ "type": "Feature", "properties": { "osmid": 3913204304.0 }, "geometry": { "type": "Point", "coordinates": [ -2559.0, 6710225.0 ] } },
{ "type": "Feature", "properties": { "osmid": 659503962.0 }, "geometry": { "type": "Point", "coordinates": [ -8319.0, 6715839.0 ] } },
{ "type": "Feature", "properties": { "osmid": 6260849383.0 }, "geometry": { "type": "Point", "coordinates": [ -2527.0, 6719085.0 ] } },
{ "type": "Feature", "properties": { "osmid": 675160316.0 }, "geometry": { "type": "Point", "coordinates": [ -1734.0, 6710422.0 ] } },
{ "type": "Feature", "properties": { "osmid": 2353382585.0 }, "geometry": { "type": "Point", "coordinates": [ -6098.0, 6718715.0 ] } },
{ "type": "Feature", "properties": { "osmid": 270420437.0 }, "geometry": { "type": "Point", "coordinates": [ -3625.0, 6709908.0 ] } },
{ "type": "Feature", "properties": { "osmid": 1951190477.0 }, "geometry": { "type": "Point", "coordinates": [ -8222.0, 6712828.0 ] } },
{ "type": "Feature", "properties": { "osmid": 126601262.0 }, "geometry": { "type": "Point", "coordinates": [ 764.0, 6713601.0 ] } },
{ "type": "Feature", "properties": { "osmid": 1680517817.0 }, "geometry": { "type": "Point", "coordinates": [ 473.0, 6712692.0 ] } },
{ "type": "Feature", "properties": { "osmid": 12586105779.0 }, "geometry": { "type": "Point", "coordinates": [ 164.0, 6712061.0 ] } },
{ "type": "Feature", "properties": { "osmid": 9515324959.0 }, "geometry": { "type": "Point", "coordinates": [ -906.0, 6718395.0 ] } },
{ "type": "Feature", "properties": { "osmid": 7549754362.0 }, "geometry": { "type": "Point", "coordinates": [ -4501.0, 6719389.0 ] } },
{ "type": "Feature", "properties": { "osmid": 3564268192.0 }, "geometry": { "type": "Point", "coordinates": [ 968.0, 6715197.0 ] } },
{ "type": "Feature", "properties": { "osmid": 9393044839.0 }, "geometry": { "type": "Point", "coordinates": [ -8126.0, 6712290.0 ] } },
{ "type": "Feature", "properties": { "osmid": 319942289.0 }, "geometry": { "type": "Point", "coordinates": [ -3308.0, 6719461.0 ] } },
{ "type": "Feature", "properties": { "osmid": 283162527.0 }, "geometry": { "type": "Point", "coordinates": [ 1072.0, 6714707.0 ] } },
{ "type": "Feature", "properties": { "osmid": 1213634664.0 }, "geometry": { "type": "Point", "coordinates": [ 825.0, 6716166.0 ] } },
{ "type": "Feature", "properties": { "osmid": 2627265437.0 }, "geometry": { "type": "Point", "coordinates": [ 841.0, 6713069.0 ] } },
{ "type": "Feature", "properties": { "osmid": 1695218631.0 }, "geometry": { "type": "Point", "coordinates": [ -8803.0, 6714463.0 ] } },
{ "type": "Feature", "properties": { "osmid": 645702159.0 }, "geometry": { "type": "Point", "coordinates": [ -6623.0, 6718729.0 ] } },
{ "type": "Feature", "properties": { "osmid": 4888866929.0 }, "geometry": { "type": "Point", "coordinates": [ -7982.0, 6717397.0 ] } },
{ "type": "Feature", "properties": { "osmid": 13289131246.0 }, "geometry": { "type": "Point", "coordinates": [ -5441.0, 6709866.0 ] } },
{ "type": "Feature", "properties": { "osmid": 6404151472.0 }, "geometry": { "type": "Point", "coordinates": [ 179.0, 6717550.0 ] } },
{ "type": "Feature", "properties": { "osmid": 6071947575.0 }, "geometry": { "type": "Point", "coordinates": [ -7083.0, 6718411.0 ] } },
{ "type": "Feature", "properties": { "osmid": 25390678.0 }, "geometry": { "type": "Point", "coordinates": [ -4370.0, 6709621.0 ] } },
{ "type": "Feature", "properties": { "osmid": 2664127856.0 }, "geometry": { "type": "Point", "coordinates": [ -6475.0, 6710332.0 ] } },
{ "type": "Feature", "properties": { "osmid": 46921389.0 }, "geometry": { "type": "Point", "coordinates": [ -8416.0, 6716751.0 ] } },
{ "type": "Feature", "properties": { "osmid": 4320248185.0 }, "geometry": { "type": "Point", "coordinates": [ -7515.0, 6711126.0 ] } },
{ "type": "Feature", "properties": { "osmid": 5933178325.0 }, "geometry": { "type": "Point", "coordinates": [ -410.0, 6718324.0 ] } },
{ "type": "Feature", "properties": { "osmid": 268700236.0 }, "geometry": { "type": "Point", "coordinates": [ 530.0, 6717157.0 ] } },
{ "type": "Feature", "properties": { "osmid": 271265341.0 }, "geometry": { "type": "Point", "coordinates": [ -1015.0, 6710383.0 ] } },
{ "type": "Feature", "properties": { "osmid": 9433626648.0 }, "geometry": { "type": "Point", "coordinates": [ -1584.0, 6719150.0 ] } },
{ "type": "Feature", "properties": { "osmid": 6903666829.0 }, "geometry": { "type": "Point", "coordinates": [ -3980.0, 6719694.0 ] } },
{ "type": "Feature", "properties": { "osmid": 10870254.0 }, "geometry": { "type": "Point", "coordinates": [ -8917.0, 6715255.0 ] } },
{ "type": "Feature", "properties": { "osmid": 4459353999.0 }, "geometry": { "type": "Point", "coordinates": [ -5935.0, 6719303.0 ] } },
{ "type": "Feature", "properties": { "osmid": 2814693340.0 }, "geometry": { "type": "Point", "coordinates": [ -2279.0, 6719520.0 ] } },
{ "type": "Feature", "properties": { "osmid": 7253906216.0 }, "geometry": { "type": "Point", "coordinates": [ -6152.0, 6709945.0 ] } },
{ "type": "Feature", "properties": { "osmid": 5924603458.0 }, "geometry": { "type": "Point", "coordinates": [ -8859.0, 6713199.0 ] } },
{ "type": "Feature", "properties": { "osmid": 9512567567.0 }, "geometry": { "type": "Point", "coordinates": [ -3770.0, 6709387.0 ] } },
{ "type": "Feature", "properties": { "osmid": 269135537.0 }, "geometry": { "type": "Point", "coordinates": [ 918.0, 6716779.0 ] } },
{ "type": "Feature", "properties": { "osmid": 229759421.0 }, "geometry": { "type": "Point", "coordinates": [ -2160.0, 6709584.0 ] } },
{ "type": "Feature", "properties": { "osmid": 356778184.0 }, "geometry": { "type": "Point", "coordinates": [ 154.0, 6718069.0 ] } },
{ "type": "Feature", "properties": { "osmid": 10023117069.0 }, "geometry": { "type": "Point", "coordinates": [ -6977.0, 6710311.0 ] } },
{ "type": "Feature", "properties": { "osmid": 7236131862.0 }, "geometry": { "type": "Point", "coordinates": [ -8630.0, 6712273.0 ] } },
{ "type": "Feature", "properties": { "osmid": 6093857053.0 }, "geometry": { "type": "Point", "coordinates": [ -971.0, 6719066.0 ] } },
{ "type": "Feature", "properties": { "osmid": 11039959071.0 }, "geometry": { "type": "Point", "coordinates": [ 1431.0, 6713739.0 ] } },
{ "type": "Feature", "properties": { "osmid": 1339102773.0 }, "geometry": { "type": "Point", "coordinates": [ 1424.0, 6715533.0 ] } },
{ "type": "Feature", "properties": { "osmid": 5933145606.0 }, "geometry": { "type": "Point", "coordinates": [ -9147.0, 6713699.0 ] } },
{ "type": "Feature", "properties": { "osmid": 7644873124.0 }, "geometry": { "type": "Point", "coordinates": [ -9252.0, 6714232.0 ] } },
{ "type": "Feature", "properties": { "osmid": 8047640331.0 }, "geometry": { "type": "Point", "coordinates": [ -5838.0, 6709548.0 ] } },
{ "type": "Feature", "properties": { "osmid": 9625296142.0 }, "geometry": { "type": "Point", "coordinates": [ -5512.0, 6719767.0 ] } },
{ "type": "Feature", "properties": { "osmid": 12397449767.0 }, "geometry": { "type": "Point", "coordinates": [ 1144.0, 6712469.0 ] } },
{ "type": "Feature", "properties": { "osmid": 4040619145.0 }, "geometry": { "type": "Point", "coordinates": [ -9290.0, 6714870.0 ] } },
{ "type": "Feature", "properties": { "osmid": 7308914928.0 }, "geometry": { "type": "Point", "coordinates": [ -2624.0, 6719911.0 ] } },
{ "type": "Feature", "properties": { "osmid": 4564334025.0 }, "geometry": { "type": "Point", "coordinates": [ -8472.0, 6717513.0 ] } },
{ "type": "Feature", "properties": { "osmid": 4413973007.0 }, "geometry": { "type": "Point", "coordinates": [ -5258.0, 6709269.0 ] } },
{ "type": "Feature", "properties": { "osmid": 1782585052.0 }, "geometry": { "type": "Point", "coordinates": [ -4202.0, 6709092.0 ] } },
{ "type": "Feature", "properties": { "osmid": 13625405787.0 }, "geometry": { "type": "Point", "coordinates": [ -268.0, 6718851.0 ] } },
{ "type": "Feature", "properties": { "osmid": 9000944831.0 }, "geometry": { "type": "Point", "coordinates": [ -6650.0, 6709789.0 ] } },
{ "type": "Feature", "properties": { "osmid": 11590193012.0 }, "geometry": { "type": "Point", "coordinates": [ -7166.0, 6719078.0 ] } },
{ "type": "Feature", "properties": { "osmid": 2926585961.0 }, "geometry": { "type": "Point", "coordinates": [ -3969.0, 6720207.0 ] } },
{ "type": "Feature", "properties": { "osmid": 454234319.0 }, "geometry": { "type": "Point", "coordinates": [ -4748.0, 6709040.0 ] } },
{ "type": "Feature", "properties": { "osmid": 9033609451.0 }, "geometry": { "type": "Point", "coordinates": [ 1005.0, 6717459.0 ] } },
{ "type": "Feature", "properties": { "osmid": 269135556.0 }, "geometry": { "type": "Point", "coordinates": [ 1414.0, 6716612.0 ] } },
{ "type": "Feature", "properties": { "osmid": 8446100534.0 }, "geometry": { "type": "Point", "coordinates": [ -9232.0, 6716278.0 ] } },
{ "type": "Feature", "properties": { "osmid": 471488469.0 }, "geometry": { "type": "Point", "coordinates": [ -9108.0, 6712564.0 ] } },
{ "type": "Feature", "properties": { "osmid": 6122597560.0 }, "geometry": { "type": "Point", "coordinates": [ -1981.0, 6719923.0 ] } },
{ "type": "Feature", "properties": { "osmid": 5436446049.0 }, "geometry": { "type": "Point", "coordinates": [ -8315.0, 6718101.0 ] } },
{ "type": "Feature", "properties": { "osmid": 5366065709.0 }, "geometry": { "type": "Point", "coordinates": [ 749.0, 6717924.0 ] } },
{ "type": "Feature", "properties": { "osmid": 2775938724.0 }, "geometry": { "type": "Point", "coordinates": [ -1105.0, 6719570.0 ] } },
{ "type": "Feature", "properties": { "osmid": 3768824687.0 }, "geometry": { "type": "Point", "coordinates": [ -6422.0, 6719663.0 ] } },
{ "type": "Feature", "properties": { "osmid": 5220854689.0 }, "geometry": { "type": "Point", "coordinates": [ -9057.0, 6716871.0 ] } },
{ "type": "Feature", "properties": { "osmid": 4873089488.0 }, "geometry": { "type": "Point", "coordinates": [ 1703.0, 6713316.0 ] } },
{ "type": "Feature", "properties": { "osmid": 100287148.0 }, "geometry": { "type": "Point", "coordinates": [ -3691.0, 6708884.0 ] } },
{ "type": "Feature", "properties": { "osmid": 1738212806.0 }, "geometry": { "type": "Point", "coordinates": [ -9483.0, 6715721.0 ] } },
{ "type": "Feature", "properties": { "osmid": 7570780119.0 }, "geometry": { "type": "Point", "coordinates": [ -530.0, 6719316.0 ] } },
{ "type": "Feature", "properties": { "osmid": 8234065146.0 }, "geometry": { "type": "Point", "coordinates": [ 509.0, 6718435.0 ] } },
{ "type": "Feature", "properties": { "osmid": 130191044.0 }, "geometry": { "type": "Point", "coordinates": [ 1927.0, 6715250.0 ] } },
{ "type": "Feature", "properties": { "osmid": 1978279325.0 }, "geometry": { "type": "Point", "coordinates": [ -7263.0, 6709862.0 ] } },
{ "type": "Feature", "properties": { "osmid": 11483502962.0 }, "geometry": { "type": "Point", "coordinates": [ 1418.0, 6711990.0 ] } },
{ "type": "Feature", "properties": { "osmid": 6831841603.0 }, "geometry": { "type": "Point", "coordinates": [ -9734.0, 6714612.0 ] } },
{ "type": "Feature", "properties": { "osmid": 5805385327.0 }, "geometry": { "type": "Point", "coordinates": [ 286.0, 6710415.0 ] } },
{ "type": "Feature", "properties": { "osmid": 3661703766.0 }, "geometry": { "type": "Point", "coordinates": [ -9670.0, 6713617.0 ] } },
{ "type": "Feature", "properties": { "osmid": 130191034.0 }, "geometry": { "type": "Point", "coordinates": [ 1939.0, 6715774.0 ] } },
{ "type": "Feature", "properties": { "osmid": 581966027.0 }, "geometry": { "type": "Point", "coordinates": [ -5193.0, 6720369.0 ] } },
{ "type": "Feature", "properties": { "osmid": 10198381078.0 }, "geometry": { "type": "Point", "coordinates": [ 2030.0, 6713716.0 ] } },
{ "type": "Feature", "properties": { "osmid": 276416.0 }, "geometry": { "type": "Point", "coordinates": [ -1612.0, 6709028.0 ] } },
{ "type": "Feature", "properties": { "osmid": 5240865203.0 }, "geometry": { "type": "Point", "coordinates": [ -8933.0, 6717828.0 ] } },
{ "type": "Feature", "properties": { "osmid": 7159476574.0 }, "geometry": { "type": "Point", "coordinates": [ -5198.0, 6708707.0 ] } },
{ "type": "Feature", "properties": { "osmid": 6551867258.0 }, "geometry": { "type": "Point", "coordinates": [ -7786.0, 6710002.0 ] } },
{ "type": "Feature", "properties": { "osmid": 2926585989.0 }, "geometry": { "type": "Point", "coordinates": [ -4380.0, 6720627.0 ] } },
{ "type": "Feature", "properties": { "osmid": 5288101603.0 }, "geometry": { "type": "Point", "coordinates": [ -6128.0, 6708958.0 ] } },
{ "type": "Feature", "properties": { "osmid": 13650678965.0 }, "geometry": { "type": "Point", "coordinates": [ -9316.0, 6717313.0 ] } },
{ "type": "Feature", "properties": { "osmid": 5031307641.0 }, "geometry": { "type": "Point", "coordinates": [ -109.0, 6709767.0 ] } },
{ "type": "Feature", "properties": { "osmid": 5137500227.0 }, "geometry": { "type": "Point", "coordinates": [ -8254.0, 6710324.0 ] } },
{ "type": "Feature", "properties": { "osmid": 50887470.0 }, "geometry": { "type": "Point", "coordinates": [ -8226.0, 6718911.0 ] } },
{ "type": "Feature", "properties": { "osmid": 8059610338.0 }, "geometry": { "type": "Point", "coordinates": [ -3402.0, 6708465.0 ] } },
{ "type": "Feature", "properties": { "osmid": 5356985568.0 }, "geometry": { "type": "Point", "coordinates": [ 148.0, 6719276.0 ] } },
{ "type": "Feature", "properties": { "osmid": 1283256554.0 }, "geometry": { "type": "Point", "coordinates": [ -7241.0, 6719736.0 ] } },
{ "type": "Feature", "properties": { "osmid": 11872569337.0 }, "geometry": { "type": "Point", "coordinates": [ -9719.0, 6712712.0 ] } },
{ "type": "Feature", "properties": { "osmid": 7235164212.0 }, "geometry": { "type": "Point", "coordinates": [ -6485.0, 6720178.0 ] } },
{ "type": "Feature", "properties": { "osmid": 7360570620.0 }, "geometry": { "type": "Point", "coordinates": [ -1272.0, 6720205.0 ] } },
{ "type": "Feature", "properties": { "osmid": 9354388776.0 }, "geometry": { "type": "Point", "coordinates": [ -4307.0, 6708438.0 ] } },
{ "type": "Feature", "properties": { "osmid": 6741546475.0 }, "geometry": { "type": "Point", "coordinates": [ 586.0, 6718954.0 ] } },
{ "type": "Feature", "properties": { "osmid": 6551867256.0 }, "geometry": { "type": "Point", "coordinates": [ -8767.0, 6710770.0 ] } },
{ "type": "Feature", "properties": { "osmid": 7006008459.0 }, "geometry": { "type": "Point", "coordinates": [ -5700.0, 6708613.0 ] } },
{ "type": "Feature", "properties": { "osmid": 11667104578.0 }, "geometry": { "type": "Point", "coordinates": [ 1421.0, 6718036.0 ] } },
{ "type": "Feature", "properties": { "osmid": 10969311014.0 }, "geometry": { "type": "Point", "coordinates": [ -2498.0, 6708443.0 ] } },
{ "type": "Feature", "properties": { "osmid": 26373928.0 }, "geometry": { "type": "Point", "coordinates": [ -8820.0, 6718502.0 ] } },
{ "type": "Feature", "properties": { "osmid": 7461083571.0 }, "geometry": { "type": "Point", "coordinates": [ -8025.0, 6719393.0 ] } },
{ "type": "Feature", "properties": { "osmid": 3753079088.0 }, "geometry": { "type": "Point", "coordinates": [ -5027.0, 6720849.0 ] } },
{ "type": "Feature", "properties": { "osmid": 13593616728.0 }, "geometry": { "type": "Point", "coordinates": [ 1688.0, 6711460.0 ] } },
{ "type": "Feature", "properties": { "osmid": 10009092173.0 }, "geometry": { "type": "Point", "coordinates": [ 409.0, 6709859.0 ] } },
{ "type": "Feature", "properties": { "osmid": 24950115.0 }, "geometry": { "type": "Point", "coordinates": [ -9765.0, 6712209.0 ] } },
{ "type": "Feature", "properties": { "osmid": 266389444.0 }, "geometry": { "type": "Point", "coordinates": [ -1149.0, 6708809.0 ] } },
{ "type": "Feature", "properties": { "osmid": 10043386197.0 }, "geometry": { "type": "Point", "coordinates": [ -7233.0, 6709166.0 ] } },
{ "type": "Feature", "properties": { "osmid": 6893556508.0 }, "geometry": { "type": "Point", "coordinates": [ -6191.0, 6720588.0 ] } },
{ "type": "Feature", "properties": { "osmid": 11454580390.0 }, "geometry": { "type": "Point", "coordinates": [ 1255.0, 6718581.0 ] } },
{ "type": "Feature", "properties": { "osmid": 108480.0 }, "geometry": { "type": "Point", "coordinates": [ -10016.0, 6716712.0 ] } },
{ "type": "Feature", "properties": { "osmid": 106886.0 }, "geometry": { "type": "Point", "coordinates": [ -10288.0, 6715640.0 ] } },
{ "type": "Feature", "properties": { "osmid": 5207597186.0 }, "geometry": { "type": "Point", "coordinates": [ -8752.0, 6710248.0 ] } },
{ "type": "Feature", "properties": { "osmid": 1024213759.0 }, "geometry": { "type": "Point", "coordinates": [ -4108.0, 6721172.0 ] } },
{ "type": "Feature", "properties": { "osmid": 11812585078.0 }, "geometry": { "type": "Point", "coordinates": [ -5683.0, 6720918.0 ] } },
{ "type": "Feature", "properties": { "osmid": 13139851157.0 }, "geometry": { "type": "Point", "coordinates": [ 2641.0, 6713474.0 ] } },
{ "type": "Feature", "properties": { "osmid": 13085044118.0 }, "geometry": { "type": "Point", "coordinates": [ -8724.0, 6719055.0 ] } },
{ "type": "Feature", "properties": { "osmid": 435104735.0 }, "geometry": { "type": "Point", "coordinates": [ -10452.0, 6713922.0 ] } },
{ "type": "Feature", "properties": { "osmid": 12783416784.0 }, "geometry": { "type": "Point", "coordinates": [ -9584.0, 6711255.0 ] } },
{ "type": "Feature", "properties": { "osmid": 11882311420.0 }, "geometry": { "type": "Point", "coordinates": [ -722.0, 6720460.0 ] } },
{ "type": "Feature", "properties": { "osmid": 7564532456.0 }, "geometry": { "type": "Point", "coordinates": [ -3731.0, 6707939.0 ] } },
{ "type": "Feature", "properties": { "osmid": 223183.0 }, "geometry": { "type": "Point", "coordinates": [ 218.0, 6709325.0 ] } },
{ "type": "Feature", "properties": { "osmid": 7862107940.0 }, "geometry": { "type": "Point", "coordinates": [ 1120.0, 6719087.0 ] } },
{ "type": "Feature", "properties": { "osmid": 968499092.0 }, "geometry": { "type": "Point", "coordinates": [ -10430.0, 6713341.0 ] } },
{ "type": "Feature", "properties": { "osmid": 243135.0 }, "geometry": { "type": "Point", "coordinates": [ -7584.0, 6720163.0 ] } },
{ "type": "Feature", "properties": { "osmid": 471421536.0 }, "geometry": { "type": "Point", "coordinates": [ -9242.0, 6710584.0 ] } },
{ "type": "Feature", "properties": { "osmid": 6037730283.0 }, "geometry": { "type": "Point", "coordinates": [ -2397.0, 6721165.0 ] } },
{ "type": "Feature", "properties": { "osmid": 13567105345.0 }, "geometry": { "type": "Point", "coordinates": [ -8185.0, 6709438.0 ] } },
{ "type": "Feature", "properties": { "osmid": 12627285510.0 }, "geometry": { "type": "Point", "coordinates": [ -1158.0, 6720812.0 ] } },
{ "type": "Feature", "properties": { "osmid": 2387194150.0 }, "geometry": { "type": "Point", "coordinates": [ -10296.0, 6712477.0 ] } },
{ "type": "Feature", "properties": { "osmid": 99316108.0 }, "geometry": { "type": "Point", "coordinates": [ -5286.0, 6707944.0 ] } },
{ "type": "Feature", "properties": { "osmid": 7988298229.0 }, "geometry": { "type": "Point", "coordinates": [ 157.0, 6720111.0 ] } },
{ "type": "Feature", "properties": { "osmid": 102989752.0 }, "geometry": { "type": "Point", "coordinates": [ 2281.0, 6711621.0 ] } },
{ "type": "Feature", "properties": { "osmid": 472616754.0 }, "geometry": { "type": "Point", "coordinates": [ -10451.0, 6716316.0 ] } },
{ "type": "Feature", "properties": { "osmid": 268509421.0 }, "geometry": { "type": "Point", "coordinates": [ 1930.0, 6718254.0 ] } },
{ "type": "Feature", "properties": { "osmid": 265821455.0 }, "geometry": { "type": "Point", "coordinates": [ -1349.0, 6708223.0 ] } },
{ "type": "Feature", "properties": { "osmid": 9822707951.0 }, "geometry": { "type": "Point", "coordinates": [ -1612.0, 6721078.0 ] } },
{ "type": "Feature", "properties": { "osmid": 2978465014.0 }, "geometry": { "type": "Point", "coordinates": [ -5167.0, 6721330.0 ] } },
{ "type": "Feature", "properties": { "osmid": 2144359505.0 }, "geometry": { "type": "Point", "coordinates": [ 778.0, 6709515.0 ] } },
{ "type": "Feature", "properties": { "osmid": 4192715703.0 }, "geometry": { "type": "Point", "coordinates": [ -5810.0, 6708000.0 ] } },
{ "type": "Feature", "properties": { "osmid": 3823751022.0 }, "geometry": { "type": "Point", "coordinates": [ -6315.0, 6708156.0 ] } },
{ "type": "Feature", "properties": { "osmid": 7762447159.0 }, "geometry": { "type": "Point", "coordinates": [ -9551.0, 6718516.0 ] } },
{ "type": "Feature", "properties": { "osmid": 8819276550.0 }, "geometry": { "type": "Point", "coordinates": [ -3212.0, 6721499.0 ] } },
{ "type": "Feature", "properties": { "osmid": 8315717093.0 }, "geometry": { "type": "Point", "coordinates": [ 1214.0, 6709854.0 ] } },
{ "type": "Feature", "properties": { "osmid": 7638368296.0 }, "geometry": { "type": "Point", "coordinates": [ -4621.0, 6707692.0 ] } },
{ "type": "Feature", "properties": { "osmid": 130236581.0 }, "geometry": { "type": "Point", "coordinates": [ 833.0, 6719744.0 ] } },
{ "type": "Feature", "properties": { "osmid": 9470292005.0 }, "geometry": { "type": "Point", "coordinates": [ -10043.0, 6717772.0 ] } },
{ "type": "Feature", "properties": { "osmid": 2515869352.0 }, "geometry": { "type": "Point", "coordinates": [ -7918.0, 6708918.0 ] } },
{ "type": "Feature", "properties": { "osmid": 287247281.0 }, "geometry": { "type": "Point", "coordinates": [ -7028.0, 6708345.0 ] } },
{ "type": "Feature", "properties": { "osmid": 13484772926.0 }, "geometry": { "type": "Point", "coordinates": [ 2167.0, 6710959.0 ] } },
{ "type": "Feature", "properties": { "osmid": 12238815.0 }, "geometry": { "type": "Point", "coordinates": [ -4559.0, 6721601.0 ] } },
{ "type": "Feature", "properties": { "osmid": 8185449802.0 }, "geometry": { "type": "Point", "coordinates": [ 2511.0, 6717709.0 ] } },
{ "type": "Feature", "properties": { "osmid": 7851458360.0 }, "geometry": { "type": "Point", "coordinates": [ -7248.0, 6720815.0 ] } },
{ "type": "Feature", "properties": { "osmid": 5939896576.0 }, "geometry": { "type": "Point", "coordinates": [ -5806.0, 6721429.0 ] } },
{ "type": "Feature", "properties": { "osmid": 287998537.0 }, "geometry": { "type": "Point", "coordinates": [ -10625.0, 6716823.0 ] } },
{ "type": "Feature", "properties": { "osmid": 10298733539.0 }, "geometry": { "type": "Point", "coordinates": [ -10168.0, 6711193.0 ] } },
{ "type": "Feature", "properties": { "osmid": 5973683689.0 }, "geometry": { "type": "Point", "coordinates": [ 2953.0, 6716888.0 ] } },
{ "type": "Feature", "properties": { "osmid": 106291538.0 }, "geometry": { "type": "Point", "coordinates": [ -9821.0, 6710606.0 ] } },
{ "type": "Feature", "properties": { "osmid": 25475694.0 }, "geometry": { "type": "Point", "coordinates": [ -10968.0, 6713623.0 ] } },
{ "type": "Feature", "properties": { "osmid": 672917361.0 }, "geometry": { "type": "Point", "coordinates": [ -10476.0, 6717380.0 ] } },
{ "type": "Feature", "properties": { "osmid": 12532989822.0 }, "geometry": { "type": "Point", "coordinates": [ -8827.0, 6719797.0 ] } },
{ "type": "Feature", "properties": { "osmid": 12712780011.0 }, "geometry": { "type": "Point", "coordinates": [ 3348.0, 6714592.0 ] } },
{ "type": "Feature", "properties": { "osmid": 12990784333.0 }, "geometry": { "type": "Point", "coordinates": [ -9340.0, 6709942.0 ] } },
{ "type": "Feature", "properties": { "osmid": 6810632460.0 }, "geometry": { "type": "Point", "coordinates": [ -3411.0, 6707404.0 ] } },
{ "type": "Feature", "properties": { "osmid": 6431984478.0 }, "geometry": { "type": "Point", "coordinates": [ -8616.0, 6709124.0 ] } },
{ "type": "Feature", "properties": { "osmid": 5714699797.0 }, "geometry": { "type": "Point", "coordinates": [ -2734.0, 6721773.0 ] } },
{ "type": "Feature", "properties": { "osmid": 11184130510.0 }, "geometry": { "type": "Point", "coordinates": [ -9410.0, 6719313.0 ] } },
{ "type": "Feature", "properties": { "osmid": 1938819283.0 }, "geometry": { "type": "Point", "coordinates": [ -10763.0, 6712271.0 ] } },
{ "type": "Feature", "properties": { "osmid": 6047393915.0 }, "geometry": { "type": "Point", "coordinates": [ -1901.0, 6721631.0 ] } },
{ "type": "Feature", "properties": { "osmid": 7254598442.0 }, "geometry": { "type": "Point", "coordinates": [ -2459.0, 6707429.0 ] } },
{ "type": "Feature", "properties": { "osmid": 2518586078.0 }, "geometry": { "type": "Point", "coordinates": [ 3362.0, 6713305.0 ] } },
{ "type": "Feature", "properties": { "osmid": 506356498.0 }, "geometry": { "type": "Point", "coordinates": [ -5457.0, 6707444.0 ] } },
{ "type": "Feature", "properties": { "osmid": 8113255797.0 }, "geometry": { "type": "Point", "coordinates": [ -10108.0, 6718427.0 ] } },
{ "type": "Feature", "properties": { "osmid": 32894861.0 }, "geometry": { "type": "Point", "coordinates": [ 681.0, 6720378.0 ] } },
{ "type": "Feature", "properties": { "osmid": 9681066373.0 }, "geometry": { "type": "Point", "coordinates": [ -10554.0, 6711581.0 ] } },
{ "type": "Feature", "properties": { "osmid": 3823782051.0 }, "geometry": { "type": "Point", "coordinates": [ -4299.0, 6707256.0 ] } },
{ "type": "Feature", "properties": { "osmid": 5662328079.0 }, "geometry": { "type": "Point", "coordinates": [ 1330.0, 6709307.0 ] } },
{ "type": "Feature", "properties": { "osmid": 270420492.0 }, "geometry": { "type": "Point", "coordinates": [ -5973.0, 6707493.0 ] } },
{ "type": "Feature", "properties": { "osmid": 6206052344.0 }, "geometry": { "type": "Point", "coordinates": [ -1400.0, 6721683.0 ] } },
{ "type": "Feature", "properties": { "osmid": 244886987.0 }, "geometry": { "type": "Point", "coordinates": [ 2723.0, 6710984.0 ] } },
{ "type": "Feature", "properties": { "osmid": 2474050281.0 }, "geometry": { "type": "Point", "coordinates": [ -3933.0, 6722102.0 ] } },
{ "type": "Feature", "properties": { "osmid": 25456105.0 }, "geometry": { "type": "Point", "coordinates": [ -11343.0, 6715094.0 ] } },
{ "type": "Feature", "properties": { "osmid": 5534978275.0 }, "geometry": { "type": "Point", "coordinates": [ -37.0, 6721067.0 ] } },
{ "type": "Feature", "properties": { "osmid": 11085740994.0 }, "geometry": { "type": "Point", "coordinates": [ -6891.0, 6707730.0 ] } },
{ "type": "Feature", "properties": { "osmid": 635137988.0 }, "geometry": { "type": "Point", "coordinates": [ -5406.0, 6721957.0 ] } },
{ "type": "Feature", "properties": { "osmid": 5449484201.0 }, "geometry": { "type": "Point", "coordinates": [ -7826.0, 6720986.0 ] } },
{ "type": "Feature", "properties": { "osmid": 26122975.0 }, "geometry": { "type": "Point", "coordinates": [ -8799.0, 6720303.0 ] } },
{ "type": "Feature", "properties": { "osmid": 28193165.0 }, "geometry": { "type": "Point", "coordinates": [ -10638.0, 6717947.0 ] } },
{ "type": "Feature", "properties": { "osmid": 6745093742.0 }, "geometry": { "type": "Point", "coordinates": [ -2297.0, 6722020.0 ] } },
{ "type": "Feature", "properties": { "osmid": 5921642836.0 }, "geometry": { "type": "Point", "coordinates": [ -448.0, 6721391.0 ] } },
{ "type": "Feature", "properties": { "osmid": 3823720157.0 }, "geometry": { "type": "Point", "coordinates": [ -8145.0, 6708311.0 ] } },
{ "type": "Feature", "properties": { "osmid": 10019757255.0 }, "geometry": { "type": "Point", "coordinates": [ 515.0, 6708351.0 ] } },
{ "type": "Feature", "properties": { "osmid": 6209133855.0 }, "geometry": { "type": "Point", "coordinates": [ 3765.0, 6714265.0 ] } },
{ "type": "Feature", "properties": { "osmid": 12677642685.0 }, "geometry": { "type": "Point", "coordinates": [ -9373.0, 6709322.0 ] } },
{ "type": "Feature", "properties": { "osmid": 5220776406.0 }, "geometry": { "type": "Point", "coordinates": [ -10330.0, 6710516.0 ] } },
{ "type": "Feature", "properties": { "osmid": 25473393.0 }, "geometry": { "type": "Point", "coordinates": [ -10652.0, 6711042.0 ] } },
{ "type": "Feature", "properties": { "osmid": 99373441.0 }, "geometry": { "type": "Point", "coordinates": [ 1958.0, 6719623.0 ] } },
{ "type": "Feature", "properties": { "osmid": 3326184337.0 }, "geometry": { "type": "Point", "coordinates": [ -1850.0, 6707176.0 ] } },
{ "type": "Feature", "properties": { "osmid": 10019741317.0 }, "geometry": { "type": "Point", "coordinates": [ -3012.0, 6706954.0 ] } },
{ "type": "Feature", "properties": { "osmid": 31350991.0 }, "geometry": { "type": "Point", "coordinates": [ -10009.0, 6709986.0 ] } },
{ "type": "Feature", "properties": { "osmid": 99323395.0 }, "geometry": { "type": "Point", "coordinates": [ -3617.0, 6706905.0 ] } },
{ "type": "Feature", "properties": { "osmid": 109408.0 }, "geometry": { "type": "Point", "coordinates": [ -11377.0, 6712970.0 ] } },
{ "type": "Feature", "properties": { "osmid": 88794381.0 }, "geometry": { "type": "Point", "coordinates": [ 993.0, 6708535.0 ] } },
{ "type": "Feature", "properties": { "osmid": 2143525948.0 }, "geometry": { "type": "Point", "coordinates": [ -10108.0, 6719203.0 ] } },
{ "type": "Feature", "properties": { "osmid": 10621317.0 }, "geometry": { "type": "Point", "coordinates": [ -11460.0, 6716168.0 ] } },
{ "type": "Feature", "properties": { "osmid": 5769283658.0 }, "geometry": { "type": "Point", "coordinates": [ -11568.0, 6715574.0 ] } },
{ "type": "Feature", "properties": { "osmid": 414098460.0 }, "geometry": { "type": "Point", "coordinates": [ 51.0, 6707866.0 ] } },
{ "type": "Feature", "properties": { "osmid": 9846850973.0 }, "geometry": { "type": "Point", "coordinates": [ -11551.0, 6713456.0 ] } },
{ "type": "Feature", "properties": { "osmid": 4089236236.0 }, "geometry": { "type": "Point", "coordinates": [ -11292.0, 6712264.0 ] } },
{ "type": "Feature", "properties": { "osmid": 5411299239.0 }, "geometry": { "type": "Point", "coordinates": [ -11377.0, 6716702.0 ] } },
{ "type": "Feature", "properties": { "osmid": 2518586172.0 }, "geometry": { "type": "Point", "coordinates": [ 3864.0, 6713257.0 ] } },
{ "type": "Feature", "properties": { "osmid": 104362.0 }, "geometry": { "type": "Point", "coordinates": [ -1063.0, 6707259.0 ] } },
{ "type": "Feature", "properties": { "osmid": 5981965601.0 }, "geometry": { "type": "Point", "coordinates": [ 2705.0, 6718920.0 ] } },
{ "type": "Feature", "properties": { "osmid": 10945165207.0 }, "geometry": { "type": "Point", "coordinates": [ 1075.0, 6720730.0 ] } },
{ "type": "Feature", "properties": { "osmid": 130235978.0 }, "geometry": { "type": "Point", "coordinates": [ 1567.0, 6720307.0 ] } },
{ "type": "Feature", "properties": { "osmid": 299611710.0 }, "geometry": { "type": "Point", "coordinates": [ -11103.0, 6717679.0 ] } },
{ "type": "Feature", "properties": { "osmid": 7144502475.0 }, "geometry": { "type": "Point", "coordinates": [ 1950.0, 6709265.0 ] } },
{ "type": "Feature", "properties": { "osmid": 12553550737.0 }, "geometry": { "type": "Point", "coordinates": [ 2778.0, 6710316.0 ] } },
{ "type": "Feature", "properties": { "osmid": 6094105166.0 }, "geometry": { "type": "Point", "coordinates": [ -3331.0, 6722483.0 ] } },
{ "type": "Feature", "properties": { "osmid": 1677679826.0 }, "geometry": { "type": "Point", "coordinates": [ -11764.0, 6714576.0 ] } },
{ "type": "Feature", "properties": { "osmid": 1813628564.0 }, "geometry": { "type": "Point", "coordinates": [ -5572.0, 6706868.0 ] } },
{ "type": "Feature", "properties": { "osmid": 5300244104.0 }, "geometry": { "type": "Point", "coordinates": [ -487.0, 6707427.0 ] } },
{ "type": "Feature", "properties": { "osmid": 3745157700.0 }, "geometry": { "type": "Point", "coordinates": [ -4515.0, 6722498.0 ] } },
{ "type": "Feature", "properties": { "osmid": 20353727.0 }, "geometry": { "type": "Point", "coordinates": [ -1853.0, 6722279.0 ] } },
{ "type": "Feature", "properties": { "osmid": 6551997078.0 }, "geometry": { "type": "Point", "coordinates": [ -2322.0, 6706811.0 ] } },
{ "type": "Feature", "properties": { "osmid": 4462680052.0 }, "geometry": { "type": "Point", "coordinates": [ -11793.0, 6713917.0 ] } },
{ "type": "Feature", "properties": { "osmid": 8778040162.0 }, "geometry": { "type": "Point", "coordinates": [ -11165.0, 6711413.0 ] } },
{ "type": "Feature", "properties": { "osmid": 5811342794.0 }, "geometry": { "type": "Point", "coordinates": [ -5753.0, 6722351.0 ] } },
{ "type": "Feature", "properties": { "osmid": 4972585143.0 }, "geometry": { "type": "Point", "coordinates": [ -8044.0, 6707803.0 ] } },
{ "type": "Feature", "properties": { "osmid": 7862169882.0 }, "geometry": { "type": "Point", "coordinates": [ 2456.0, 6719509.0 ] } },
{ "type": "Feature", "properties": { "osmid": 10143376221.0 }, "geometry": { "type": "Point", "coordinates": [ 3910.0, 6716618.0 ] } },
{ "type": "Feature", "properties": { "osmid": 13134468952.0 }, "geometry": { "type": "Point", "coordinates": [ -10067.0, 6719715.0 ] } },
{ "type": "Feature", "properties": { "osmid": 5813521424.0 }, "geometry": { "type": "Point", "coordinates": [ -4228.0, 6706535.0 ] } },
{ "type": "Feature", "properties": { "osmid": 9004626039.0 }, "geometry": { "type": "Point", "coordinates": [ -8842.0, 6720953.0 ] } },
{ "type": "Feature", "properties": { "osmid": 2147823576.0 }, "geometry": { "type": "Point", "coordinates": [ -9872.0, 6709204.0 ] } },
{ "type": "Feature", "properties": { "osmid": 645185026.0 }, "geometry": { "type": "Point", "coordinates": [ -7868.0, 6721617.0 ] } },
{ "type": "Feature", "properties": { "osmid": 265662303.0 }, "geometry": { "type": "Point", "coordinates": [ -8998.0, 6708350.0 ] } },
{ "type": "Feature", "properties": { "osmid": 7958025230.0 }, "geometry": { "type": "Point", "coordinates": [ -10887.0, 6710569.0 ] } },
{ "type": "Feature", "properties": { "osmid": 5207520628.0 }, "geometry": { "type": "Point", "coordinates": [ -11951.0, 6715194.0 ] } },
{ "type": "Feature", "properties": { "osmid": 12195589033.0 }, "geometry": { "type": "Point", "coordinates": [ 3251.0, 6710631.0 ] } },
{ "type": "Feature", "properties": { "osmid": 12628964936.0 }, "geometry": { "type": "Point", "coordinates": [ -10776.0, 6718876.0 ] } },
{ "type": "Feature", "properties": { "osmid": 1834367843.0 }, "geometry": { "type": "Point", "coordinates": [ -8548.0, 6707946.0 ] } },
{ "type": "Feature", "properties": { "osmid": 7155688387.0 }, "geometry": { "type": "Point", "coordinates": [ -2683.0, 6722703.0 ] } },
{ "type": "Feature", "properties": { "osmid": 892856474.0 }, "geometry": { "type": "Point", "coordinates": [ 3891.0, 6711920.0 ] } },
{ "type": "Feature", "properties": { "osmid": 2011192235.0 }, "geometry": { "type": "Point", "coordinates": [ -9542.0, 6708706.0 ] } },
{ "type": "Feature", "properties": { "osmid": 12950684439.0 }, "geometry": { "type": "Point", "coordinates": [ 3326.0, 6718586.0 ] } },
{ "type": "Feature", "properties": { "osmid": 7865678828.0 }, "geometry": { "type": "Point", "coordinates": [ 2124.0, 6720264.0 ] } },
{ "type": "Feature", "properties": { "osmid": 5727009401.0 }, "geometry": { "type": "Point", "coordinates": [ 450.0, 6707559.0 ] } },
{ "type": "Feature", "properties": { "osmid": 6206138816.0 }, "geometry": { "type": "Point", "coordinates": [ 358.0, 6721703.0 ] } },
{ "type": "Feature", "properties": { "osmid": 6431788482.0 }, "geometry": { "type": "Point", "coordinates": [ -11170.0, 6718475.0 ] } },
{ "type": "Feature", "properties": { "osmid": 6082834901.0 }, "geometry": { "type": "Point", "coordinates": [ -6451.0, 6722470.0 ] } },
{ "type": "Feature", "properties": { "osmid": 1617532089.0 }, "geometry": { "type": "Point", "coordinates": [ -11827.0, 6712311.0 ] } },
{ "type": "Feature", "properties": { "osmid": 380645760.0 }, "geometry": { "type": "Point", "coordinates": [ -1810.0, 6706554.0 ] } },
{ "type": "Feature", "properties": { "osmid": 11549697971.0 }, "geometry": { "type": "Point", "coordinates": [ 4441.0, 6714131.0 ] } },
{ "type": "Feature", "properties": { "osmid": 4096485379.0 }, "geometry": { "type": "Point", "coordinates": [ -11632.0, 6711674.0 ] } },
{ "type": "Feature", "properties": { "osmid": 8374101031.0 }, "geometry": { "type": "Point", "coordinates": [ -11924.0, 6716634.0 ] } },
{ "type": "Feature", "properties": { "osmid": 126530472.0 }, "geometry": { "type": "Point", "coordinates": [ 4305.0, 6716293.0 ] } },
{ "type": "Feature", "properties": { "osmid": 12818287430.0 }, "geometry": { "type": "Point", "coordinates": [ -2547.0, 6706358.0 ] } },
{ "type": "Feature", "properties": { "osmid": 21578461.0 }, "geometry": { "type": "Point", "coordinates": [ -12134.0, 6713379.0 ] } },
{ "type": "Feature", "properties": { "osmid": 130240646.0 }, "geometry": { "type": "Point", "coordinates": [ 865.0, 6721522.0 ] } },
{ "type": "Feature", "properties": { "osmid": 91838302.0 }, "geometry": { "type": "Point", "coordinates": [ -180.0, 6722141.0 ] } },
{ "type": "Feature", "properties": { "osmid": 98219604.0 }, "geometry": { "type": "Point", "coordinates": [ -3491.0, 6706208.0 ] } },
{ "type": "Feature", "properties": { "osmid": 9824029542.0 }, "geometry": { "type": "Point", "coordinates": [ -7541.0, 6722169.0 ] } },
{ "type": "Feature", "properties": { "osmid": 6349969537.0 }, "geometry": { "type": "Point", "coordinates": [ -1905.0, 6722795.0 ] } },
{ "type": "Feature", "properties": { "osmid": 13728773394.0 }, "geometry": { "type": "Point", "coordinates": [ -12276.0, 6714165.0 ] } },
{ "type": "Feature", "properties": { "osmid": 12559312474.0 }, "geometry": { "type": "Point", "coordinates": [ -6095.0, 6706466.0 ] } },
{ "type": "Feature", "properties": { "osmid": 337866052.0 }, "geometry": { "type": "Point", "coordinates": [ -12224.0, 6715872.0 ] } },
{ "type": "Feature", "properties": { "osmid": 6332585487.0 }, "geometry": { "type": "Point", "coordinates": [ -11815.0, 6717512.0 ] } },
{ "type": "Feature", "properties": { "osmid": 5573435672.0 }, "geometry": { "type": "Point", "coordinates": [ -10056.0, 6720393.0 ] } },
{ "type": "Feature", "properties": { "osmid": 4484465723.0 }, "geometry": { "type": "Point", "coordinates": [ 2800.0, 6719877.0 ] } },
{ "type": "Feature", "properties": { "osmid": 247051669.0 }, "geometry": { "type": "Point", "coordinates": [ -8050.0, 6707197.0 ] } },
{ "type": "Feature", "properties": { "osmid": 24665431.0 }, "geometry": { "type": "Point", "coordinates": [ 169.0, 6707063.0 ] } },
{ "type": "Feature", "properties": { "osmid": 11563025897.0 }, "geometry": { "type": "Point", "coordinates": [ -5365.0, 6706170.0 ] } },
{ "type": "Feature", "properties": { "osmid": 6385807450.0 }, "geometry": { "type": "Point", "coordinates": [ -10475.0, 6709166.0 ] } },
{ "type": "Feature", "properties": { "osmid": 5555454097.0 }, "geometry": { "type": "Point", "coordinates": [ 1916.0, 6708258.0 ] } },
{ "type": "Feature", "properties": { "osmid": 353282071.0 }, "geometry": { "type": "Point", "coordinates": [ -11632.0, 6711002.0 ] } },
{ "type": "Feature", "properties": { "osmid": 4138803409.0 }, "geometry": { "type": "Point", "coordinates": [ -11116.0, 6710049.0 ] } },
{ "type": "Feature", "properties": { "osmid": 2538317557.0 }, "geometry": { "type": "Point", "coordinates": [ -9540.0, 6708182.0 ] } },
{ "type": "Feature", "properties": { "osmid": 5889472196.0 }, "geometry": { "type": "Point", "coordinates": [ -9567.0, 6721007.0 ] } },
{ "type": "Feature", "properties": { "osmid": 12763255424.0 }, "geometry": { "type": "Point", "coordinates": [ 3802.0, 6710695.0 ] } },
{ "type": "Feature", "properties": { "osmid": 5813536288.0 }, "geometry": { "type": "Point", "coordinates": [ -4110.0, 6706004.0 ] } },
{ "type": "Feature", "properties": { "osmid": 90384101.0 }, "geometry": { "type": "Point", "coordinates": [ 2715.0, 6709043.0 ] } },
{ "type": "Feature", "properties": { "osmid": 130239702.0 }, "geometry": { "type": "Point", "coordinates": [ 1520.0, 6721318.0 ] } },
{ "type": "Feature", "properties": { "osmid": 8905879090.0 }, "geometry": { "type": "Point", "coordinates": [ -3081.0, 6723192.0 ] } },
{ "type": "Feature", "properties": { "osmid": 6069309211.0 }, "geometry": { "type": "Point", "coordinates": [ -2318.0, 6723089.0 ] } },
{ "type": "Feature", "properties": { "osmid": 24956017.0 }, "geometry": { "type": "Point", "coordinates": [ -9106.0, 6721458.0 ] } },
{ "type": "Feature", "properties": { "osmid": 1157733780.0 }, "geometry": { "type": "Point", "coordinates": [ 4512.0, 6712386.0 ] } },
{ "type": "Feature", "properties": { "osmid": 3085109077.0 }, "geometry": { "type": "Point", "coordinates": [ -12496.0, 6714998.0 ] } },
{ "type": "Feature", "properties": { "osmid": 502426541.0 }, "geometry": { "type": "Point", "coordinates": [ 4698.0, 6713047.0 ] } },
{ "type": "Feature", "properties": { "osmid": 360459707.0 }, "geometry": { "type": "Point", "coordinates": [ -11233.0, 6719195.0 ] } },
{ "type": "Feature", "properties": { "osmid": 1812326070.0 }, "geometry": { "type": "Point", "coordinates": [ -8825.0, 6707454.0 ] } },
{ "type": "Feature", "properties": { "osmid": 245190.0 }, "geometry": { "type": "Point", "coordinates": [ -6287.0, 6722963.0 ] } },
{ "type": "Feature", "properties": { "osmid": 892856462.0 }, "geometry": { "type": "Point", "coordinates": [ 4377.0, 6711730.0 ] } },
{ "type": "Feature", "properties": { "osmid": 3172419517.0 }, "geometry": { "type": "Point", "coordinates": [ -12226.0, 6717127.0 ] } },
{ "type": "Feature", "properties": { "osmid": 88774905.0 }, "geometry": { "type": "Point", "coordinates": [ -814.0, 6706382.0 ] } },
{ "type": "Feature", "properties": { "osmid": 92928748.0 }, "geometry": { "type": "Point", "coordinates": [ 683.0, 6722100.0 ] } },
{ "type": "Feature", "properties": { "osmid": 2295600613.0 }, "geometry": { "type": "Point", "coordinates": [ 913.0, 6707241.0 ] } },
{ "type": "Feature", "properties": { "osmid": 332793880.0 }, "geometry": { "type": "Point", "coordinates": [ -11921.0, 6718065.0 ] } },
{ "type": "Feature", "properties": { "osmid": 9624836986.0 }, "geometry": { "type": "Point", "coordinates": [ -1897.0, 6706036.0 ] } },
{ "type": "Feature", "properties": { "osmid": 8026182051.0 }, "geometry": { "type": "Point", "coordinates": [ -4267.0, 6723382.0 ] } },
{ "type": "Feature", "properties": { "osmid": 2450730393.0 }, "geometry": { "type": "Point", "coordinates": [ -11564.0, 6710376.0 ] } },
{ "type": "Feature", "properties": { "osmid": 3585998607.0 }, "geometry": { "type": "Point", "coordinates": [ -6818.0, 6722935.0 ] } },
{ "type": "Feature", "properties": { "osmid": 3409996.0 }, "geometry": { "type": "Point", "coordinates": [ -2898.0, 6705786.0 ] } },
{ "type": "Feature", "properties": { "osmid": 7004860407.0 }, "geometry": { "type": "Point", "coordinates": [ -11132.0, 6709523.0 ] } },
{ "type": "Feature", "properties": { "osmid": 9024001784.0 }, "geometry": { "type": "Point", "coordinates": [ -12747.0, 6714348.0 ] } },
{ "type": "Feature", "properties": { "osmid": 3016874443.0 }, "geometry": { "type": "Point", "coordinates": [ -8532.0, 6707012.0 ] } },
{ "type": "Feature", "properties": { "osmid": 5939991913.0 }, "geometry": { "type": "Point", "coordinates": [ 3297.0, 6719937.0 ] } },
{ "type": "Feature", "properties": { "osmid": 6243261578.0 }, "geometry": { "type": "Point", "coordinates": [ -1847.0, 6723301.0 ] } },
{ "type": "Feature", "properties": { "osmid": 25378124.0 }, "geometry": { "type": "Point", "coordinates": [ -12471.0, 6712194.0 ] } },
{ "type": "Feature", "properties": { "osmid": 5240972381.0 }, "geometry": { "type": "Point", "coordinates": [ -10150.0, 6720963.0 ] } },
{ "type": "Feature", "properties": { "osmid": 3078822334.0 }, "geometry": { "type": "Point", "coordinates": [ -12729.0, 6715823.0 ] } },
{ "type": "Feature", "properties": { "osmid": 102721381.0 }, "geometry": { "type": "Point", "coordinates": [ -8095.0, 6706685.0 ] } },
{ "type": "Feature", "properties": { "osmid": 1331164337.0 }, "geometry": { "type": "Point", "coordinates": [ 5128.0, 6714223.0 ] } },
{ "type": "Feature", "properties": { "osmid": 223075.0 }, "geometry": { "type": "Point", "coordinates": [ 3253.0, 6709091.0 ] } },
{ "type": "Feature", "properties": { "osmid": 8755847246.0 }, "geometry": { "type": "Point", "coordinates": [ 4393.0, 6710991.0 ] } },
{ "type": "Feature", "properties": { "osmid": 25468764.0 }, "geometry": { "type": "Point", "coordinates": [ -12163.0, 6711102.0 ] } },
{ "type": "Feature", "properties": { "osmid": 26560648.0 }, "geometry": { "type": "Point", "coordinates": [ -10240.0, 6708224.0 ] } },
{ "type": "Feature", "properties": { "osmid": 12707540378.0 }, "geometry": { "type": "Point", "coordinates": [ -9376.0, 6707440.0 ] } },
{ "type": "Feature", "properties": { "osmid": 2389274825.0 }, "geometry": { "type": "Point", "coordinates": [ -5700.0, 6705734.0 ] } },
{ "type": "Feature", "properties": { "osmid": 10708202845.0 }, "geometry": { "type": "Point", "coordinates": [ -10730.0, 6708707.0 ] } },
{ "type": "Feature", "properties": { "osmid": 9159003422.0 }, "geometry": { "type": "Point", "coordinates": [ -12856.0, 6713626.0 ] } },
{ "type": "Feature", "properties": { "osmid": 1317758471.0 }, "geometry": { "type": "Point", "coordinates": [ 4826.0, 6711987.0 ] } },
{ "type": "Feature", "properties": { "osmid": 342375685.0 }, "geometry": { "type": "Point", "coordinates": [ -9609.0, 6721598.0 ] } },
{ "type": "Feature", "properties": { "osmid": 2682477673.0 }, "geometry": { "type": "Point", "coordinates": [ -12900.0, 6715297.0 ] } },
{ "type": "Feature", "properties": { "osmid": 12441681596.0 }, "geometry": { "type": "Point", "coordinates": [ 2254.0, 6707847.0 ] } },
{ "type": "Feature", "properties": { "osmid": 9797563581.0 }, "geometry": { "type": "Point", "coordinates": [ -3313.0, 6723706.0 ] } },
{ "type": "Feature", "properties": { "osmid": 8543002347.0 }, "geometry": { "type": "Point", "coordinates": [ 5228.0, 6713619.0 ] } },
{ "type": "Feature", "properties": { "osmid": 9520428253.0 }, "geometry": { "type": "Point", "coordinates": [ -12786.0, 6716490.0 ] } },
{ "type": "Feature", "properties": { "osmid": 5211439125.0 }, "geometry": { "type": "Point", "coordinates": [ -7742.0, 6722873.0 ] } },
{ "type": "Feature", "properties": { "osmid": 3888578277.0 }, "geometry": { "type": "Point", "coordinates": [ -2429.0, 6705550.0 ] } },
{ "type": "Feature", "properties": { "osmid": 2148387203.0 }, "geometry": { "type": "Point", "coordinates": [ 1630.0, 6721966.0 ] } },
{ "type": "Feature", "properties": { "osmid": 265057705.0 }, "geometry": { "type": "Point", "coordinates": [ -7285.0, 6723122.0 ] } },
{ "type": "Feature", "properties": { "osmid": 3721823962.0 }, "geometry": { "type": "Point", "coordinates": [ -3632.0, 6705411.0 ] } },
{ "type": "Feature", "properties": { "osmid": 6501182225.0 }, "geometry": { "type": "Point", "coordinates": [ -6037.0, 6723532.0 ] } },
{ "type": "Feature", "properties": { "osmid": 7124569254.0 }, "geometry": { "type": "Point", "coordinates": [ 2952.0, 6708398.0 ] } },
{ "type": "Feature", "properties": { "osmid": 6338833514.0 }, "geometry": { "type": "Point", "coordinates": [ -11160.0, 6708996.0 ] } },
{ "type": "Feature", "properties": { "osmid": 7940156310.0 }, "geometry": { "type": "Point", "coordinates": [ -12135.0, 6718637.0 ] } },
{ "type": "Feature", "properties": { "osmid": 8175507696.0 }, "geometry": { "type": "Point", "coordinates": [ -11487.0, 6719819.0 ] } },
{ "type": "Feature", "properties": { "osmid": 6111929332.0 }, "geometry": { "type": "Point", "coordinates": [ 841.0, 6722585.0 ] } },
{ "type": "Feature", "properties": { "osmid": 2713308393.0 }, "geometry": { "type": "Point", "coordinates": [ -12149.0, 6710380.0 ] } },
{ "type": "Feature", "properties": { "osmid": 7918760217.0 }, "geometry": { "type": "Point", "coordinates": [ -2422.0, 6723802.0 ] } },
{ "type": "Feature", "properties": { "osmid": 8092534731.0 }, "geometry": { "type": "Point", "coordinates": [ -7102.0, 6705871.0 ] } },
{ "type": "Feature", "properties": { "osmid": 3799274014.0 }, "geometry": { "type": "Point", "coordinates": [ -11680.0, 6709548.0 ] } },
{ "type": "Feature", "properties": { "osmid": 29690619.0 }, "geometry": { "type": "Point", "coordinates": [ -3966.0, 6723926.0 ] } },
{ "type": "Feature", "properties": { "osmid": 305489779.0 }, "geometry": { "type": "Point", "coordinates": [ -11988.0, 6719197.0 ] } },
{ "type": "Feature", "properties": { "osmid": 6899351113.0 }, "geometry": { "type": "Point", "coordinates": [ -7937.0, 6706183.0 ] } },
{ "type": "Feature", "properties": { "osmid": 6745044074.0 }, "geometry": { "type": "Point", "coordinates": [ -1384.0, 6723651.0 ] } },
{ "type": "Feature", "properties": { "osmid": 26560699.0 }, "geometry": { "type": "Point", "coordinates": [ -10204.0, 6707688.0 ] } },
{ "type": "Feature", "properties": { "osmid": 13797507376.0 }, "geometry": { "type": "Point", "coordinates": [ 2761.0, 6707934.0 ] } },
{ "type": "Feature", "properties": { "osmid": 8565808535.0 }, "geometry": { "type": "Point", "coordinates": [ 4433.0, 6719124.0 ] } },
{ "type": "Feature", "properties": { "osmid": 247059008.0 }, "geometry": { "type": "Point", "coordinates": [ -9361.0, 6706923.0 ] } },
{ "type": "Feature", "properties": { "osmid": 25472943.0 }, "geometry": { "type": "Point", "coordinates": [ -12678.0, 6711207.0 ] } },
{ "type": "Feature", "properties": { "osmid": 269023871.0 }, "geometry": { "type": "Point", "coordinates": [ 5291.0, 6712180.0 ] } },
{ "type": "Feature", "properties": { "osmid": 8491147493.0 }, "geometry": { "type": "Point", "coordinates": [ -6390.0, 6705471.0 ] } },
{ "type": "Feature", "properties": { "osmid": 64750794.0 }, "geometry": { "type": "Point", "coordinates": [ 467.0, 6706156.0 ] } },
{ "type": "Feature", "properties": { "osmid": 3577638105.0 }, "geometry": { "type": "Point", "coordinates": [ -13205.0, 6716198.0 ] } },
{ "type": "Feature", "properties": { "osmid": 13446758379.0 }, "geometry": { "type": "Point", "coordinates": [ -10854.0, 6708171.0 ] } },
{ "type": "Feature", "properties": { "osmid": 5116331033.0 }, "geometry": { "type": "Point", "coordinates": [ -9855.0, 6707220.0 ] } },
{ "type": "Feature", "properties": { "osmid": 12889608466.0 }, "geometry": { "type": "Point", "coordinates": [ -2843.0, 6705126.0 ] } },
{ "type": "Feature", "properties": { "osmid": 306568305.0 }, "geometry": { "type": "Point", "coordinates": [ -12854.0, 6717809.0 ] } },
{ "type": "Feature", "properties": { "osmid": 1670370884.0 }, "geometry": { "type": "Point", "coordinates": [ -1606.0, 6705306.0 ] } },
{ "type": "Feature", "properties": { "osmid": 9801530127.0 }, "geometry": { "type": "Point", "coordinates": [ 4859.0, 6710635.0 ] } },
{ "type": "Feature", "properties": { "osmid": 6332565140.0 }, "geometry": { "type": "Point", "coordinates": [ -8693.0, 6722861.0 ] } },
{ "type": "Feature", "properties": { "osmid": 918203078.0 }, "geometry": { "type": "Point", "coordinates": [ -10565.0, 6721439.0 ] } },
{ "type": "Feature", "properties": { "osmid": 9219154888.0 }, "geometry": { "type": "Point", "coordinates": [ 1600.0, 6722496.0 ] } },
{ "type": "Feature", "properties": { "osmid": 5411367222.0 }, "geometry": { "type": "Point", "coordinates": [ -13435.0, 6715614.0 ] } },
{ "type": "Feature", "properties": { "osmid": 11679101175.0 }, "geometry": { "type": "Point", "coordinates": [ -13356.0, 6712868.0 ] } },
{ "type": "Feature", "properties": { "osmid": 9625392099.0 }, "geometry": { "type": "Point", "coordinates": [ -13452.0, 6713503.0 ] } },
{ "type": "Feature", "properties": { "osmid": 3764074072.0 }, "geometry": { "type": "Point", "coordinates": [ -13186.0, 6712092.0 ] } },
{ "type": "Feature", "properties": { "osmid": 535988097.0 }, "geometry": { "type": "Point", "coordinates": [ 4184.0, 6709158.0 ] } },
{ "type": "Feature", "properties": { "osmid": 305691971.0 }, "geometry": { "type": "Point", "coordinates": [ -13561.0, 6714480.0 ] } },
{ "type": "Feature", "properties": { "osmid": 2918790803.0 }, "geometry": { "type": "Point", "coordinates": [ 5812.0, 6715609.0 ] } },
{ "type": "Feature", "properties": { "osmid": 11882537618.0 }, "geometry": { "type": "Point", "coordinates": [ -1853.0, 6724122.0 ] } },
{ "type": "Feature", "properties": { "osmid": 415580947.0 }, "geometry": { "type": "Point", "coordinates": [ -6906.0, 6705351.0 ] } },
{ "type": "Feature", "properties": { "osmid": 13697043095.0 }, "geometry": { "type": "Point", "coordinates": [ 3363.0, 6708049.0 ] } },
{ "type": "Feature", "properties": { "osmid": 105657932.0 }, "geometry": { "type": "Point", "coordinates": [ -8541.0, 6706047.0 ] } },
{ "type": "Feature", "properties": { "osmid": 5657564944.0 }, "geometry": { "type": "Point", "coordinates": [ 1288.0, 6722905.0 ] } },
{ "type": "Feature", "properties": { "osmid": 206302403.0 }, "geometry": { "type": "Point", "coordinates": [ -7825.0, 6705671.0 ] } },
{ "type": "Feature", "properties": { "osmid": 107872.0 }, "geometry": { "type": "Point", "coordinates": [ -13614.0, 6715047.0 ] } },
{ "type": "Feature", "properties": { "osmid": 11919977765.0 }, "geometry": { "type": "Point", "coordinates": [ -12481.0, 6709991.0 ] } },
{ "type": "Feature", "properties": { "osmid": 269028978.0 }, "geometry": { "type": "Point", "coordinates": [ -10275.0, 6722054.0 ] } },
{ "type": "Feature", "properties": { "osmid": 11225969550.0 }, "geometry": { "type": "Point", "coordinates": [ -12566.0, 6719194.0 ] } },
{ "type": "Feature", "properties": { "osmid": 4784985882.0 }, "geometry": { "type": "Point", "coordinates": [ -592.0, 6705291.0 ] } },
{ "type": "Feature", "properties": { "osmid": 6047495980.0 }, "geometry": { "type": "Point", "coordinates": [ -3424.0, 6724452.0 ] } },
{ "type": "Feature", "properties": { "osmid": 86109393.0 }, "geometry": { "type": "Point", "coordinates": [ -3996.0, 6704725.0 ] } },
{ "type": "Feature", "properties": { "osmid": 8175507666.0 }, "geometry": { "type": "Point", "coordinates": [ -11264.0, 6721139.0 ] } },
{ "type": "Feature", "properties": { "osmid": 1958012071.0 }, "geometry": { "type": "Point", "coordinates": [ -13574.0, 6716575.0 ] } },
{ "type": "Feature", "properties": { "osmid": 6641867162.0 }, "geometry": { "type": "Point", "coordinates": [ -854.0, 6724089.0 ] } },
{ "type": "Feature", "properties": { "osmid": 10199862542.0 }, "geometry": { "type": "Point", "coordinates": [ -12350.0, 6709413.0 ] } },
{ "type": "Feature", "properties": { "osmid": 4973672985.0 }, "geometry": { "type": "Point", "coordinates": [ -12885.0, 6710390.0 ] } },
{ "type": "Feature", "properties": { "osmid": 5917230049.0 }, "geometry": { "type": "Point", "coordinates": [ -9505.0, 6706391.0 ] } },
{ "type": "Feature", "properties": { "osmid": 515241532.0 }, "geometry": { "type": "Point", "coordinates": [ 5971.0, 6712840.0 ] } },
{ "type": "Feature", "properties": { "osmid": 98212228.0 }, "geometry": { "type": "Point", "coordinates": [ -2200.0, 6704744.0 ] } },
{ "type": "Feature", "properties": { "osmid": 98314806.0 }, "geometry": { "type": "Point", "coordinates": [ 167.0, 6723750.0 ] } },
{ "type": "Feature", "properties": { "osmid": 336318466.0 }, "geometry": { "type": "Point", "coordinates": [ -12313.0, 6719929.0 ] } },
{ "type": "Feature", "properties": { "osmid": 247047910.0 }, "geometry": { "type": "Point", "coordinates": [ -10313.0, 6706960.0 ] } },
{ "type": "Feature", "properties": { "osmid": 2655081083.0 }, "geometry": { "type": "Point", "coordinates": [ -13487.0, 6717357.0 ] } },
{ "type": "Feature", "properties": { "osmid": 5880265988.0 }, "geometry": { "type": "Point", "coordinates": [ -8518.0, 6723477.0 ] } },
{ "type": "Feature", "properties": { "osmid": 98207151.0 }, "geometry": { "type": "Point", "coordinates": [ -3454.0, 6704563.0 ] } },
{ "type": "Feature", "properties": { "osmid": 28829142.0 }, "geometry": { "type": "Point", "coordinates": [ -4362.0, 6724641.0 ] } },
{ "type": "Feature", "properties": { "osmid": 2046798827.0 }, "geometry": { "type": "Point", "coordinates": [ 2018.0, 6722774.0 ] } },
{ "type": "Feature", "properties": { "osmid": 9358792870.0 }, "geometry": { "type": "Point", "coordinates": [ 1581.0, 6706114.0 ] } },
{ "type": "Feature", "properties": { "osmid": 251754391.0 }, "geometry": { "type": "Point", "coordinates": [ 5468.0, 6710670.0 ] } },
{ "type": "Feature", "properties": { "osmid": 1916003332.0 }, "geometry": { "type": "Point", "coordinates": [ -4921.0, 6704528.0 ] } },
{ "type": "Feature", "properties": { "osmid": 117849516.0 }, "geometry": { "type": "Point", "coordinates": [ 6269.0, 6715203.0 ] } },
{ "type": "Feature", "properties": { "osmid": 25503050.0 }, "geometry": { "type": "Point", "coordinates": [ 5058.0, 6719482.0 ] } },
{ "type": "Feature", "properties": { "osmid": 3888589448.0 }, "geometry": { "type": "Point", "coordinates": [ -13912.0, 6716018.0 ] } },
{ "type": "Feature", "properties": { "osmid": 11834063350.0 }, "geometry": { "type": "Point", "coordinates": [ -13108.0, 6718792.0 ] } },
{ "type": "Feature", "properties": { "osmid": 4777748465.0 }, "geometry": { "type": "Point", "coordinates": [ 45.0, 6705205.0 ] } },
{ "type": "Feature", "properties": { "osmid": 7173810952.0 }, "geometry": { "type": "Point", "coordinates": [ -11754.0, 6708197.0 ] } },
{ "type": "Feature", "properties": { "osmid": 21665248.0 }, "geometry": { "type": "Point", "coordinates": [ -13979.0, 6713392.0 ] } },
{ "type": "Feature", "properties": { "osmid": 2428162882.0 }, "geometry": { "type": "Point", "coordinates": [ -14022.0, 6715383.0 ] } },
{ "type": "Feature", "properties": { "osmid": 4040956700.0 }, "geometry": { "type": "Point", "coordinates": [ -1453.0, 6704679.0 ] } },
{ "type": "Feature", "properties": { "osmid": 5887799277.0 }, "geometry": { "type": "Point", "coordinates": [ -3802.0, 6724817.0 ] } },
{ "type": "Feature", "properties": { "osmid": 3564366292.0 }, "geometry": { "type": "Point", "coordinates": [ 3732.0, 6721461.0 ] } },
{ "type": "Feature", "properties": { "osmid": 25340326.0 }, "geometry": { "type": "Point", "coordinates": [ -7758.0, 6705139.0 ] } },
{ "type": "Feature", "properties": { "osmid": 11170906153.0 }, "geometry": { "type": "Point", "coordinates": [ -14093.0, 6714731.0 ] } },
{ "type": "Feature", "properties": { "osmid": 27605012.0 }, "geometry": { "type": "Point", "coordinates": [ -2671.0, 6724784.0 ] } },
{ "type": "Feature", "properties": { "osmid": 3863270333.0 }, "geometry": { "type": "Point", "coordinates": [ -13611.0, 6711379.0 ] } },
{ "type": "Feature", "properties": { "osmid": 27605005.0 }, "geometry": { "type": "Point", "coordinates": [ -2049.0, 6724720.0 ] } },
{ "type": "Feature", "properties": { "osmid": 13160256903.0 }, "geometry": { "type": "Point", "coordinates": [ -9218.0, 6705827.0 ] } },
{ "type": "Feature", "properties": { "osmid": 620878605.0 }, "geometry": { "type": "Point", "coordinates": [ -10169.0, 6722719.0 ] } },
{ "type": "Feature", "properties": { "osmid": 3362402623.0 }, "geometry": { "type": "Point", "coordinates": [ -226.0, 6724238.0 ] } },
{ "type": "Feature", "properties": { "osmid": 10891764212.0 }, "geometry": { "type": "Point", "coordinates": [ 4549.0, 6708626.0 ] } },
{ "type": "Feature", "properties": { "osmid": 481203187.0 }, "geometry": { "type": "Point", "coordinates": [ 4979.0, 6709251.0 ] } },
{ "type": "Feature", "properties": { "osmid": 6187182654.0 }, "geometry": { "type": "Point", "coordinates": [ 2329.0, 6706326.0 ] } },
{ "type": "Feature", "properties": { "osmid": 12914814842.0 }, "geometry": { "type": "Point", "coordinates": [ -950.0, 6704683.0 ] } },
{ "type": "Feature", "properties": { "osmid": 460947844.0 }, "geometry": { "type": "Point", "coordinates": [ -9280.0, 6723403.0 ] } },
{ "type": "Feature", "properties": { "osmid": 254330734.0 }, "geometry": { "type": "Point", "coordinates": [ -13078.0, 6709927.0 ] } },
{ "type": "Feature", "properties": { "osmid": 21516493.0 }, "geometry": { "type": "Point", "coordinates": [ -5509.0, 6704386.0 ] } },
{ "type": "Feature", "properties": { "osmid": 4559478654.0 }, "geometry": { "type": "Point", "coordinates": [ -1261.0, 6724633.0 ] } },
{ "type": "Feature", "properties": { "osmid": 6419352318.0 }, "geometry": { "type": "Point", "coordinates": [ 6508.0, 6713972.0 ] } },
{ "type": "Feature", "properties": { "osmid": 11897885.0 }, "geometry": { "type": "Point", "coordinates": [ 1793.0, 6723314.0 ] } },
{ "type": "Feature", "properties": { "osmid": 1305157768.0 }, "geometry": { "type": "Point", "coordinates": [ -6936.0, 6724523.0 ] } },
{ "type": "Feature", "properties": { "osmid": 6206615441.0 }, "geometry": { "type": "Point", "coordinates": [ 6178.0, 6711863.0 ] } },
{ "type": "Feature", "properties": { "osmid": 3840906785.0 }, "geometry": { "type": "Point", "coordinates": [ -12856.0, 6709404.0 ] } },
{ "type": "Feature", "properties": { "osmid": 1323319990.0 }, "geometry": { "type": "Point", "coordinates": [ -3809.0, 6704194.0 ] } },
{ "type": "Feature", "properties": { "osmid": 7500914000.0 }, "geometry": { "type": "Point", "coordinates": [ -6943.0, 6704649.0 ] } },
{ "type": "Feature", "properties": { "osmid": 8388907518.0 }, "geometry": { "type": "Point", "coordinates": [ 5723.0, 6718717.0 ] } },
{ "type": "Feature", "properties": { "osmid": 9472994661.0 }, "geometry": { "type": "Point", "coordinates": [ -8274.0, 6724046.0 ] } },
{ "type": "Feature", "properties": { "osmid": 268522417.0 }, "geometry": { "type": "Point", "coordinates": [ 6512.0, 6715806.0 ] } },
{ "type": "Feature", "properties": { "osmid": 4955757608.0 }, "geometry": { "type": "Point", "coordinates": [ -14295.0, 6714214.0 ] } },
{ "type": "Feature", "properties": { "osmid": 1761451883.0 }, "geometry": { "type": "Point", "coordinates": [ -3106.0, 6725036.0 ] } },
{ "type": "Feature", "properties": { "osmid": 5189846488.0 }, "geometry": { "type": "Point", "coordinates": [ 4616.0, 6720762.0 ] } },
{ "type": "Feature", "properties": { "osmid": 5384190447.0 }, "geometry": { "type": "Point", "coordinates": [ -14087.0, 6716815.0 ] } },
{ "type": "Feature", "properties": { "osmid": 10315912446.0 }, "geometry": { "type": "Point", "coordinates": [ -12373.0, 6720693.0 ] } },
{ "type": "Feature", "properties": { "osmid": 4771792369.0 }, "geometry": { "type": "Point", "coordinates": [ 537.0, 6705077.0 ] } },
{ "type": "Feature", "properties": { "osmid": 5189833696.0 }, "geometry": { "type": "Point", "coordinates": [ 5145.0, 6720022.0 ] } },
{ "type": "Feature", "properties": { "osmid": 9513062.0 }, "geometry": { "type": "Point", "coordinates": [ -14155.0, 6712531.0 ] } },
{ "type": "Feature", "properties": { "osmid": 5739185193.0 }, "geometry": { "type": "Point", "coordinates": [ -8269.0, 6705054.0 ] } },
{ "type": "Feature", "properties": { "osmid": 12805138633.0 }, "geometry": { "type": "Point", "coordinates": [ 6536.0, 6712944.0 ] } },
{ "type": "Feature", "properties": { "osmid": 11820262119.0 }, "geometry": { "type": "Point", "coordinates": [ -13935.0, 6717619.0 ] } },
{ "type": "Feature", "properties": { "osmid": 21464521.0 }, "geometry": { "type": "Point", "coordinates": [ -11694.0, 6721624.0 ] } },
{ "type": "Feature", "properties": { "osmid": 1916042253.0 }, "geometry": { "type": "Point", "coordinates": [ -4576.0, 6704062.0 ] } },
{ "type": "Feature", "properties": { "osmid": 282694444.0 }, "geometry": { "type": "Point", "coordinates": [ 2328.0, 6723174.0 ] } },
{ "type": "Feature", "properties": { "osmid": 6313689952.0 }, "geometry": { "type": "Point", "coordinates": [ 6662.0, 6713470.0 ] } },
{ "type": "Feature", "properties": { "osmid": 9779353889.0 }, "geometry": { "type": "Point", "coordinates": [ -1736.0, 6704237.0 ] } },
{ "type": "Feature", "properties": { "osmid": 13095373636.0 }, "geometry": { "type": "Point", "coordinates": [ -11544.0, 6707304.0 ] } },
{ "type": "Feature", "properties": { "osmid": 2646772544.0 }, "geometry": { "type": "Point", "coordinates": [ -13128.0, 6719743.0 ] } },
{ "type": "Feature", "properties": { "osmid": 6521832706.0 }, "geometry": { "type": "Point", "coordinates": [ -14436.0, 6713733.0 ] } },
{ "type": "Feature", "properties": { "osmid": 5268321228.0 }, "geometry": { "type": "Point", "coordinates": [ -12344.0, 6708218.0 ] } },
{ "type": "Feature", "properties": { "osmid": 25544115.0 }, "geometry": { "type": "Point", "coordinates": [ -14131.0, 6711919.0 ] } },
{ "type": "Feature", "properties": { "osmid": 6384632336.0 }, "geometry": { "type": "Point", "coordinates": [ -14364.0, 6716260.0 ] } },
{ "type": "Feature", "properties": { "osmid": 4979982455.0 }, "geometry": { "type": "Point", "coordinates": [ -14437.0, 6715736.0 ] } },
{ "type": "Feature", "properties": { "osmid": 4438011375.0 }, "geometry": { "type": "Point", "coordinates": [ -10119.0, 6723230.0 ] } },
{ "type": "Feature", "properties": { "osmid": 5452431598.0 }, "geometry": { "type": "Point", "coordinates": [ -4165.0, 6725265.0 ] } },
{ "type": "Feature", "properties": { "osmid": 105952204.0 }, "geometry": { "type": "Point", "coordinates": [ -12046.0, 6707737.0 ] } },
{ "type": "Feature", "properties": { "osmid": 6240606523.0 }, "geometry": { "type": "Point", "coordinates": [ -5099.0, 6703970.0 ] } },
{ "type": "Feature", "properties": { "osmid": 2365592518.0 }, "geometry": { "type": "Point", "coordinates": [ -12858.0, 6720385.0 ] } },
{ "type": "Feature", "properties": { "osmid": 21678028.0 }, "geometry": { "type": "Point", "coordinates": [ -11463.0, 6722139.0 ] } },
{ "type": "Feature", "properties": { "osmid": 6264046624.0 }, "geometry": { "type": "Point", "coordinates": [ 1213.0, 6724045.0 ] } },
{ "type": "Feature", "properties": { "osmid": 4588921017.0 }, "geometry": { "type": "Point", "coordinates": [ 261.0, 6724502.0 ] } },
{ "type": "Feature", "properties": { "osmid": 105681390.0 }, "geometry": { "type": "Point", "coordinates": [ -10055.0, 6705810.0 ] } },
{ "type": "Feature", "properties": { "osmid": 10996235062.0 }, "geometry": { "type": "Point", "coordinates": [ -14599.0, 6715104.0 ] } },
{ "type": "Feature", "properties": { "osmid": 338748184.0 }, "geometry": { "type": "Point", "coordinates": [ -13757.0, 6710382.0 ] } },
{ "type": "Feature", "properties": { "osmid": 10315967943.0 }, "geometry": { "type": "Point", "coordinates": [ -12183.0, 6721417.0 ] } },
{ "type": "Feature", "properties": { "osmid": 282377052.0 }, "geometry": { "type": "Point", "coordinates": [ -6437.0, 6704137.0 ] } },
{ "type": "Feature", "properties": { "osmid": 12545052174.0 }, "geometry": { "type": "Point", "coordinates": [ -14040.0, 6718121.0 ] } },
{ "type": "Feature", "properties": { "osmid": 26544324.0 }, "geometry": { "type": "Point", "coordinates": [ -11237.0, 6706729.0 ] } },
{ "type": "Feature", "properties": { "osmid": 7681199875.0 }, "geometry": { "type": "Point", "coordinates": [ -10746.0, 6706286.0 ] } },
{ "type": "Feature", "properties": { "osmid": 2682321847.0 }, "geometry": { "type": "Point", "coordinates": [ -8086.0, 6724540.0 ] } },
{ "type": "Feature", "properties": { "osmid": 8229660606.0 }, "geometry": { "type": "Point", "coordinates": [ -4093.0, 6703762.0 ] } },
{ "type": "Feature", "properties": { "osmid": 482697244.0 }, "geometry": { "type": "Point", "coordinates": [ 5053.0, 6708400.0 ] } },
{ "type": "Feature", "properties": { "osmid": 1349493290.0 }, "geometry": { "type": "Point", "coordinates": [ 5610.0, 6709273.0 ] } },
{ "type": "Feature", "properties": { "osmid": 6382376819.0 }, "geometry": { "type": "Point", "coordinates": [ -7341.0, 6704297.0 ] } },
{ "type": "Feature", "properties": { "osmid": 2211565754.0 }, "geometry": { "type": "Point", "coordinates": [ 2641.0, 6705846.0 ] } },
{ "type": "Feature", "properties": { "osmid": 667023808.0 }, "geometry": { "type": "Point", "coordinates": [ 6839.0, 6712441.0 ] } },
{ "type": "Feature", "properties": { "osmid": 6579836683.0 }, "geometry": { "type": "Point", "coordinates": [ -7107.0, 6725025.0 ] } },
{ "type": "Feature", "properties": { "osmid": 25502865.0 }, "geometry": { "type": "Point", "coordinates": [ -12954.0, 6708556.0 ] } },
{ "type": "Feature", "properties": { "osmid": 27624198.0 }, "geometry": { "type": "Point", "coordinates": [ -3305.0, 6725514.0 ] } },
{ "type": "Feature", "properties": { "osmid": 27697573.0 }, "geometry": { "type": "Point", "coordinates": [ -488.0, 6725017.0 ] } },
{ "type": "Feature", "properties": { "osmid": 11231112848.0 }, "geometry": { "type": "Point", "coordinates": [ -13610.0, 6719571.0 ] } },
{ "type": "Feature", "properties": { "osmid": 11135445619.0 }, "geometry": { "type": "Point", "coordinates": [ -12640.0, 6721138.0 ] } },
{ "type": "Feature", "properties": { "osmid": 9259632760.0 }, "geometry": { "type": "Point", "coordinates": [ -8173.0, 6704522.0 ] } },
{ "type": "Feature", "properties": { "osmid": 11170905227.0 }, "geometry": { "type": "Point", "coordinates": [ -14813.0, 6714204.0 ] } },
{ "type": "Feature", "properties": { "osmid": 12572850414.0 }, "geometry": { "type": "Point", "coordinates": [ -13453.0, 6709295.0 ] } },
{ "type": "Feature", "properties": { "osmid": 1724406333.0 }, "geometry": { "type": "Point", "coordinates": [ -2613.0, 6725509.0 ] } },
{ "type": "Feature", "properties": { "osmid": 2574449040.0 }, "geometry": { "type": "Point", "coordinates": [ 5783.0, 6719950.0 ] } },
{ "type": "Feature", "properties": { "osmid": 5932875004.0 }, "geometry": { "type": "Point", "coordinates": [ -14668.0, 6712464.0 ] } },
{ "type": "Feature", "properties": { "osmid": 5877163201.0 }, "geometry": { "type": "Point", "coordinates": [ -14777.0, 6713097.0 ] } },
{ "type": "Feature", "properties": { "osmid": 6223680795.0 }, "geometry": { "type": "Point", "coordinates": [ -1019.0, 6725260.0 ] } },
{ "type": "Feature", "properties": { "osmid": 7880256780.0 }, "geometry": { "type": "Point", "coordinates": [ 4519.0, 6721844.0 ] } },
{ "type": "Feature", "properties": { "osmid": 3685945.0 }, "geometry": { "type": "Point", "coordinates": [ 814.0, 6704540.0 ] } },
{ "type": "Feature", "properties": { "osmid": 6228425165.0 }, "geometry": { "type": "Point", "coordinates": [ -14759.0, 6716597.0 ] } },
{ "type": "Feature", "properties": { "osmid": 117835254.0 }, "geometry": { "type": "Point", "coordinates": [ 7207.0, 6715453.0 ] } },
{ "type": "Feature", "properties": { "osmid": 6482349426.0 }, "geometry": { "type": "Point", "coordinates": [ -9583.0, 6705104.0 ] } },
{ "type": "Feature", "properties": { "osmid": 4223632441.0 }, "geometry": { "type": "Point", "coordinates": [ -1788.0, 6725501.0 ] } },
{ "type": "Feature", "properties": { "osmid": 1762057904.0 }, "geometry": { "type": "Point", "coordinates": [ -11994.0, 6722170.0 ] } },
{ "type": "Feature", "properties": { "osmid": 6173060217.0 }, "geometry": { "type": "Point", "coordinates": [ 1498.0, 6704835.0 ] } },
{ "type": "Feature", "properties": { "osmid": 2518875346.0 }, "geometry": { "type": "Point", "coordinates": [ 7152.0, 6712874.0 ] } },
{ "type": "Feature", "properties": { "osmid": 1533126095.0 }, "geometry": { "type": "Point", "coordinates": [ 3033.0, 6723383.0 ] } },
{ "type": "Feature", "properties": { "osmid": 26838235.0 }, "geometry": { "type": "Point", "coordinates": [ -1174.0, 6703765.0 ] } },
{ "type": "Feature", "properties": { "osmid": 8416716973.0 }, "geometry": { "type": "Point", "coordinates": [ -14294.0, 6718577.0 ] } },
{ "type": "Feature", "properties": { "osmid": 183313942.0 }, "geometry": { "type": "Point", "coordinates": [ -14665.0, 6717448.0 ] } },
{ "type": "Feature", "properties": { "osmid": 10315909772.0 }, "geometry": { "type": "Point", "coordinates": [ -13396.0, 6720447.0 ] } },
{ "type": "Feature", "properties": { "osmid": 7155941664.0 }, "geometry": { "type": "Point", "coordinates": [ -11604.0, 6722682.0 ] } },
{ "type": "Feature", "properties": { "osmid": 28829054.0 }, "geometry": { "type": "Point", "coordinates": [ -4035.0, 6725799.0 ] } },
{ "type": "Feature", "properties": { "osmid": 10110856014.0 }, "geometry": { "type": "Point", "coordinates": [ -12615.0, 6707621.0 ] } },
{ "type": "Feature", "properties": { "osmid": 9586550074.0 }, "geometry": { "type": "Point", "coordinates": [ -4818.0, 6725765.0 ] } },
{ "type": "Feature", "properties": { "osmid": 249508791.0 }, "geometry": { "type": "Point", "coordinates": [ 6548.0, 6710412.0 ] } },
{ "type": "Feature", "properties": { "osmid": 7368935210.0 }, "geometry": { "type": "Point", "coordinates": [ -3225.0, 6703398.0 ] } },
{ "type": "Feature", "properties": { "osmid": 681891832.0 }, "geometry": { "type": "Point", "coordinates": [ -7.0, 6704031.0 ] } },
{ "type": "Feature", "properties": { "osmid": 7801416240.0 }, "geometry": { "type": "Point", "coordinates": [ -11699.0, 6706530.0 ] } },
{ "type": "Feature", "properties": { "osmid": 4003398086.0 }, "geometry": { "type": "Point", "coordinates": [ -8017.0, 6725058.0 ] } },
{ "type": "Feature", "properties": { "osmid": 6119720550.0 }, "geometry": { "type": "Point", "coordinates": [ -5793.0, 6725701.0 ] } },
{ "type": "Feature", "properties": { "osmid": 2242513662.0 }, "geometry": { "type": "Point", "coordinates": [ -2712.0, 6703376.0 ] } },
{ "type": "Feature", "properties": { "osmid": 1935967493.0 }, "geometry": { "type": "Point", "coordinates": [ -14258.0, 6710235.0 ] } },
{ "type": "Feature", "properties": { "osmid": 2813959122.0 }, "geometry": { "type": "Point", "coordinates": [ -1645.0, 6703530.0 ] } },
{ "type": "Feature", "properties": { "osmid": 6633259235.0 }, "geometry": { "type": "Point", "coordinates": [ -14648.0, 6711259.0 ] } },
{ "type": "Feature", "properties": { "osmid": 4202795070.0 }, "geometry": { "type": "Point", "coordinates": [ -12384.0, 6707169.0 ] } },
{ "type": "Feature", "properties": { "osmid": 12202789.0 }, "geometry": { "type": "Point", "coordinates": [ 2410.0, 6724050.0 ] } },
{ "type": "Feature", "properties": { "osmid": 9260175332.0 }, "geometry": { "type": "Point", "coordinates": [ -7286.0, 6703785.0 ] } },
{ "type": "Feature", "properties": { "osmid": 13058660063.0 }, "geometry": { "type": "Point", "coordinates": [ -13945.0, 6709417.0 ] } },
{ "type": "Feature", "properties": { "osmid": 5889526407.0 }, "geometry": { "type": "Point", "coordinates": [ -10923.0, 6723549.0 ] } },
{ "type": "Feature", "properties": { "osmid": 4938591596.0 }, "geometry": { "type": "Point", "coordinates": [ 180.0, 6725288.0 ] } },
{ "type": "Feature", "properties": { "osmid": 6845798764.0 }, "geometry": { "type": "Point", "coordinates": [ -13082.0, 6707838.0 ] } },
{ "type": "Feature", "properties": { "osmid": 4884641084.0 }, "geometry": { "type": "Point", "coordinates": [ -6674.0, 6703493.0 ] } },
{ "type": "Feature", "properties": { "osmid": 12533320407.0 }, "geometry": { "type": "Point", "coordinates": [ -10840.0, 6705500.0 ] } },
{ "type": "Feature", "properties": { "osmid": 1155414110.0 }, "geometry": { "type": "Point", "coordinates": [ 7454.0, 6716580.0 ] } },
{ "type": "Feature", "properties": { "osmid": 9471332502.0 }, "geometry": { "type": "Point", "coordinates": [ -9030.0, 6724848.0 ] } },
{ "type": "Feature", "properties": { "osmid": 6250501807.0 }, "geometry": { "type": "Point", "coordinates": [ -15326.0, 6714059.0 ] } },
{ "type": "Feature", "properties": { "osmid": 874169120.0 }, "geometry": { "type": "Point", "coordinates": [ 5161.0, 6721728.0 ] } },
{ "type": "Feature", "properties": { "osmid": 13539468943.0 }, "geometry": { "type": "Point", "coordinates": [ 6143.0, 6708926.0 ] } },
{ "type": "Feature", "properties": { "osmid": 4957721084.0 }, "geometry": { "type": "Point", "coordinates": [ -13428.0, 6708241.0 ] } },
{ "type": "Feature", "properties": { "osmid": 7684088736.0 }, "geometry": { "type": "Point", "coordinates": [ -15240.0, 6716160.0 ] } },
{ "type": "Feature", "properties": { "osmid": 339422863.0 }, "geometry": { "type": "Point", "coordinates": [ 7315.0, 6717344.0 ] } },
{ "type": "Feature", "properties": { "osmid": 9206614973.0 }, "geometry": { "type": "Point", "coordinates": [ -15088.0, 6717094.0 ] } },
{ "type": "Feature", "properties": { "osmid": 5370283634.0 }, "geometry": { "type": "Point", "coordinates": [ 687.0, 6725180.0 ] } },
{ "type": "Feature", "properties": { "osmid": 1363703962.0 }, "geometry": { "type": "Point", "coordinates": [ 7664.0, 6714505.0 ] } },
{ "type": "Feature", "properties": { "osmid": 9321558386.0 }, "geometry": { "type": "Point", "coordinates": [ 2885.0, 6705253.0 ] } },
{ "type": "Feature", "properties": { "osmid": 317175387.0 }, "geometry": { "type": "Point", "coordinates": [ 4277.0, 6722767.0 ] } },
{ "type": "Feature", "properties": { "osmid": 25508733.0 }, "geometry": { "type": "Point", "coordinates": [ -15369.0, 6715157.0 ] } },
{ "type": "Feature", "properties": { "osmid": 1694815381.0 }, "geometry": { "type": "Point", "coordinates": [ -6316.0, 6725900.0 ] } },
{ "type": "Feature", "properties": { "osmid": 13235333432.0 }, "geometry": { "type": "Point", "coordinates": [ -7116.0, 6725696.0 ] } },
{ "type": "Feature", "properties": { "osmid": 6551378104.0 }, "geometry": { "type": "Point", "coordinates": [ -14970.0, 6717847.0 ] } },
{ "type": "Feature", "properties": { "osmid": 6244516894.0 }, "geometry": { "type": "Point", "coordinates": [ -3349.0, 6726176.0 ] } },
{ "type": "Feature", "properties": { "osmid": 1643721381.0 }, "geometry": { "type": "Point", "coordinates": [ -11648.0, 6723188.0 ] } },
{ "type": "Feature", "properties": { "osmid": 27604057.0 }, "geometry": { "type": "Point", "coordinates": [ -1566.0, 6725975.0 ] } },
{ "type": "Feature", "properties": { "osmid": 343567600.0 }, "geometry": { "type": "Point", "coordinates": [ -12619.0, 6722201.0 ] } },
{ "type": "Feature", "properties": { "osmid": 6048011276.0 }, "geometry": { "type": "Point", "coordinates": [ -14789.0, 6718494.0 ] } },
{ "type": "Feature", "properties": { "osmid": 513071584.0 }, "geometry": { "type": "Point", "coordinates": [ -13952.0, 6708865.0 ] } },
{ "type": "Feature", "properties": { "osmid": 12048963656.0 }, "geometry": { "type": "Point", "coordinates": [ 6473.0, 6719940.0 ] } },
{ "type": "Feature", "properties": { "osmid": 9823996526.0 }, "geometry": { "type": "Point", "coordinates": [ -9597.0, 6724706.0 ] } },
{ "type": "Feature", "properties": { "osmid": 135523767.0 }, "geometry": { "type": "Point", "coordinates": [ 7452.0, 6711816.0 ] } },
{ "type": "Feature", "properties": { "osmid": 4087558727.0 }, "geometry": { "type": "Point", "coordinates": [ -4418.0, 6726240.0 ] } },
{ "type": "Feature", "properties": { "osmid": 6203257832.0 }, "geometry": { "type": "Point", "coordinates": [ -2799.0, 6726217.0 ] } },
{ "type": "Feature", "properties": { "osmid": 10040880593.0 }, "geometry": { "type": "Point", "coordinates": [ -13288.0, 6721480.0 ] } },
{ "type": "Feature", "properties": { "osmid": 539344006.0 }, "geometry": { "type": "Point", "coordinates": [ 6811.0, 6709823.0 ] } },
{ "type": "Feature", "properties": { "osmid": 4958530827.0 }, "geometry": { "type": "Point", "coordinates": [ -12951.0, 6707248.0 ] } },
{ "type": "Feature", "properties": { "osmid": 10154949648.0 }, "geometry": { "type": "Point", "coordinates": [ 7743.0, 6712928.0 ] } },
{ "type": "Feature", "properties": { "osmid": 1685938740.0 }, "geometry": { "type": "Point", "coordinates": [ -15566.0, 6714524.0 ] } },
{ "type": "Feature", "properties": { "osmid": 12753720160.0 }, "geometry": { "type": "Point", "coordinates": [ -14470.0, 6719613.0 ] } },
{ "type": "Feature", "properties": { "osmid": 36268754.0 }, "geometry": { "type": "Point", "coordinates": [ -9469.0, 6704283.0 ] } },
{ "type": "Feature", "properties": { "osmid": 152214.0 }, "geometry": { "type": "Point", "coordinates": [ -15434.0, 6716692.0 ] } },
{ "type": "Feature", "properties": { "osmid": 8503848636.0 }, "geometry": { "type": "Point", "coordinates": [ -10289.0, 6704699.0 ] } },
{ "type": "Feature", "properties": { "osmid": 9649832590.0 }, "geometry": { "type": "Point", "coordinates": [ -7967.0, 6725669.0 ] } },
{ "type": "Feature", "properties": { "osmid": 6633259229.0 }, "geometry": { "type": "Point", "coordinates": [ -15111.0, 6710949.0 ] } },
{ "type": "Feature", "properties": { "osmid": 9191960727.0 }, "geometry": { "type": "Point", "coordinates": [ -1985.0, 6726301.0 ] } },
{ "type": "Feature", "properties": { "osmid": 261698798.0 }, "geometry": { "type": "Point", "coordinates": [ -12751.0, 6706775.0 ] } },
{ "type": "Feature", "properties": { "osmid": 11728613381.0 }, "geometry": { "type": "Point", "coordinates": [ 7978.0, 6715401.0 ] } },
{ "type": "Feature", "properties": { "osmid": 21666003.0 }, "geometry": { "type": "Point", "coordinates": [ -15590.0, 6712869.0 ] } },
{ "type": "Feature", "properties": { "osmid": 6313723776.0 }, "geometry": { "type": "Point", "coordinates": [ 7817.0, 6712387.0 ] } },
{ "type": "Feature", "properties": { "osmid": 12898039056.0 }, "geometry": { "type": "Point", "coordinates": [ -4498.0, 6702736.0 ] } },
{ "type": "Feature", "properties": { "osmid": 1146142660.0 }, "geometry": { "type": "Point", "coordinates": [ 7944.0, 6716034.0 ] } },
{ "type": "Feature", "properties": { "osmid": 7007447300.0 }, "geometry": { "type": "Point", "coordinates": [ -13577.0, 6707762.0 ] } },
{ "type": "Feature", "properties": { "osmid": 9784360031.0 }, "geometry": { "type": "Point", "coordinates": [ -1368.0, 6702968.0 ] } },
{ "type": "Feature", "properties": { "osmid": 1947324461.0 }, "geometry": { "type": "Point", "coordinates": [ -15469.0, 6712055.0 ] } },
{ "type": "Feature", "properties": { "osmid": 5262294495.0 }, "geometry": { "type": "Point", "coordinates": [ 5699.0, 6721714.0 ] } },
{ "type": "Feature", "properties": { "osmid": 528356036.0 }, "geometry": { "type": "Point", "coordinates": [ 1716.0, 6725127.0 ] } },
{ "type": "Feature", "properties": { "osmid": 7725393844.0 }, "geometry": { "type": "Point", "coordinates": [ -6856.0, 6726130.0 ] } },
{ "type": "Feature", "properties": { "osmid": 9808314900.0 }, "geometry": { "type": "Point", "coordinates": [ 8085.0, 6714195.0 ] } },
{ "type": "Feature", "properties": { "osmid": 5316725832.0 }, "geometry": { "type": "Point", "coordinates": [ 6815.0, 6709206.0 ] } },
{ "type": "Feature", "properties": { "osmid": 3180965235.0 }, "geometry": { "type": "Point", "coordinates": [ 7889.0, 6716862.0 ] } },
{ "type": "Feature", "properties": { "osmid": 13884405.0 }, "geometry": { "type": "Point", "coordinates": [ -843.0, 6703025.0 ] } },
{ "type": "Feature", "properties": { "osmid": 61102733.0 }, "geometry": { "type": "Point", "coordinates": [ 8074.0, 6713612.0 ] } },
{ "type": "Feature", "properties": { "osmid": 2162347573.0 }, "geometry": { "type": "Point", "coordinates": [ -606.0, 6726129.0 ] } },
{ "type": "Feature", "properties": { "osmid": 8209727054.0 }, "geometry": { "type": "Point", "coordinates": [ 7819.0, 6717372.0 ] } },
{ "type": "Feature", "properties": { "osmid": 29740596.0 }, "geometry": { "type": "Point", "coordinates": [ -15735.0, 6716242.0 ] } },
{ "type": "Feature", "properties": { "osmid": 12821410104.0 }, "geometry": { "type": "Point", "coordinates": [ -15456.0, 6717669.0 ] } },
{ "type": "Feature", "properties": { "osmid": 21568260.0 }, "geometry": { "type": "Point", "coordinates": [ -7772.0, 6703250.0 ] } },
{ "type": "Feature", "properties": { "osmid": 243736481.0 }, "geometry": { "type": "Point", "coordinates": [ 3067.0, 6704782.0 ] } },
{ "type": "Feature", "properties": { "osmid": 275531117.0 }, "geometry": { "type": "Point", "coordinates": [ -5992.0, 6702770.0 ] } },
{ "type": "Feature", "properties": { "osmid": 12898578743.0 }, "geometry": { "type": "Point", "coordinates": [ -3963.0, 6702568.0 ] } },
{ "type": "Feature", "properties": { "osmid": 692966574.0 }, "geometry": { "type": "Point", "coordinates": [ 3597.0, 6724058.0 ] } },
{ "type": "Feature", "properties": { "osmid": 293801322.0 }, "geometry": { "type": "Point", "coordinates": [ -15876.0, 6715412.0 ] } },
{ "type": "Feature", "properties": { "osmid": 7885563441.0 }, "geometry": { "type": "Point", "coordinates": [ 4210.0, 6705617.0 ] } },
{ "type": "Feature", "properties": { "osmid": 8245582318.0 }, "geometry": { "type": "Point", "coordinates": [ -1207.0, 6726377.0 ] } },
{ "type": "Feature", "properties": { "osmid": 419809798.0 }, "geometry": { "type": "Point", "coordinates": [ -14195.0, 6708372.0 ] } },
{ "type": "Feature", "properties": { "osmid": 5680788076.0 }, "geometry": { "type": "Point", "coordinates": [ -7592.0, 6726083.0 ] } },
{ "type": "Feature", "properties": { "osmid": 1661652570.0 }, "geometry": { "type": "Point", "coordinates": [ -6125.0, 6726461.0 ] } },
{ "type": "Feature", "properties": { "osmid": 12198369.0 }, "geometry": { "type": "Point", "coordinates": [ -15091.0, 6710145.0 ] } },
{ "type": "Feature", "properties": { "osmid": 9791619783.0 }, "geometry": { "type": "Point", "coordinates": [ -10448.0, 6724734.0 ] } },
{ "type": "Feature", "properties": { "osmid": 13824279.0 }, "geometry": { "type": "Point", "coordinates": [ -10030.0, 6704193.0 ] } },
{ "type": "Feature", "properties": { "osmid": 6287471559.0 }, "geometry": { "type": "Point", "coordinates": [ 7858.0, 6711506.0 ] } },
{ "type": "Feature", "properties": { "osmid": 27364336.0 }, "geometry": { "type": "Point", "coordinates": [ -9705.0, 6725203.0 ] } },
{ "type": "Feature", "properties": { "osmid": 1694551560.0 }, "geometry": { "type": "Point", "coordinates": [ -15982.0, 6714151.0 ] } },
{ "type": "Feature", "properties": { "osmid": 13759849341.0 }, "geometry": { "type": "Point", "coordinates": [ 6946.0, 6720162.0 ] } },
{ "type": "Feature", "properties": { "osmid": 8401967344.0 }, "geometry": { "type": "Point", "coordinates": [ 7520.0, 6710283.0 ] } },
{ "type": "Feature", "properties": { "osmid": 4882290443.0 }, "geometry": { "type": "Point", "coordinates": [ -9108.0, 6703629.0 ] } },
{ "type": "Feature", "properties": { "osmid": 91597346.0 }, "geometry": { "type": "Point", "coordinates": [ 6319.0, 6707883.0 ] } },
{ "type": "Feature", "properties": { "osmid": 7231782473.0 }, "geometry": { "type": "Point", "coordinates": [ 781.0, 6725879.0 ] } },
{ "type": "Feature", "properties": { "osmid": 1269962199.0 }, "geometry": { "type": "Point", "coordinates": [ -12407.0, 6723291.0 ] } },
{ "type": "Feature", "properties": { "osmid": 8353756276.0 }, "geometry": { "type": "Point", "coordinates": [ -3164.0, 6702406.0 ] } },
{ "type": "Feature", "properties": { "osmid": 5712552211.0 }, "geometry": { "type": "Point", "coordinates": [ -2205.0, 6702496.0 ] } },
{ "type": "Feature", "properties": { "osmid": 21580546.0 }, "geometry": { "type": "Point", "coordinates": [ -7129.0, 6702818.0 ] } },
{ "type": "Feature", "properties": { "osmid": 90401480.0 }, "geometry": { "type": "Point", "coordinates": [ 5008.0, 6706160.0 ] } },
{ "type": "Feature", "properties": { "osmid": 391069244.0 }, "geometry": { "type": "Point", "coordinates": [ -14264.0, 6721026.0 ] } },
{ "type": "Feature", "properties": { "osmid": 9128137962.0 }, "geometry": { "type": "Point", "coordinates": [ 6861.0, 6708681.0 ] } },
{ "type": "Feature", "properties": { "osmid": 4943274785.0 }, "geometry": { "type": "Point", "coordinates": [ -13647.0, 6721936.0 ] } },
{ "type": "Feature", "properties": { "osmid": 25150697.0 }, "geometry": { "type": "Point", "coordinates": [ -8405.0, 6703230.0 ] } },
{ "type": "Feature", "properties": { "osmid": 7431811668.0 }, "geometry": { "type": "Point", "coordinates": [ -4456.0, 6726842.0 ] } },
{ "type": "Feature", "properties": { "osmid": 12806617122.0 }, "geometry": { "type": "Point", "coordinates": [ -15845.0, 6717141.0 ] } },
{ "type": "Feature", "properties": { "osmid": 53329229.0 }, "geometry": { "type": "Point", "coordinates": [ -8437.0, 6725979.0 ] } },
{ "type": "Feature", "properties": { "osmid": 9198720500.0 }, "geometry": { "type": "Point", "coordinates": [ -2473.0, 6726799.0 ] } },
{ "type": "Feature", "properties": { "osmid": 5709830921.0 }, "geometry": { "type": "Point", "coordinates": [ 8306.0, 6716383.0 ] } },
{ "type": "Feature", "properties": { "osmid": 5792601135.0 }, "geometry": { "type": "Point", "coordinates": [ 7883.0, 6710930.0 ] } },
{ "type": "Feature", "properties": { "osmid": 9807547468.0 }, "geometry": { "type": "Point", "coordinates": [ 8376.0, 6713008.0 ] } },
{ "type": "Feature", "properties": { "osmid": 9550970988.0 }, "geometry": { "type": "Point", "coordinates": [ -1573.0, 6702467.0 ] } },
{ "type": "Feature", "properties": { "osmid": 4931754284.0 }, "geometry": { "type": "Point", "coordinates": [ -15674.0, 6718153.0 ] } },
{ "type": "Feature", "properties": { "osmid": 5982044250.0 }, "geometry": { "type": "Point", "coordinates": [ -9700.0, 6703711.0 ] } },
{ "type": "Feature", "properties": { "osmid": 4070514815.0 }, "geometry": { "type": "Point", "coordinates": [ 4426.0, 6723787.0 ] } },
{ "type": "Feature", "properties": { "osmid": 24954783.0 }, "geometry": { "type": "Point", "coordinates": [ -10231.0, 6725193.0 ] } },
{ "type": "Feature", "properties": { "osmid": 4169884909.0 }, "geometry": { "type": "Point", "coordinates": [ 8496.0, 6715604.0 ] } },
{ "type": "Feature", "properties": { "osmid": 33229069.0 }, "geometry": { "type": "Point", "coordinates": [ -14035.0, 6707476.0 ] } },
{ "type": "Feature", "properties": { "osmid": 4873083104.0 }, "geometry": { "type": "Point", "coordinates": [ 8579.0, 6714914.0 ] } },
{ "type": "Feature", "properties": { "osmid": 1471294382.0 }, "geometry": { "type": "Point", "coordinates": [ -7095.0, 6726613.0 ] } },
{ "type": "Feature", "properties": { "osmid": 25258719.0 }, "geometry": { "type": "Point", "coordinates": [ -4650.0, 6702174.0 ] } },
{ "type": "Feature", "properties": { "osmid": 4989165825.0 }, "geometry": { "type": "Point", "coordinates": [ -14713.0, 6708454.0 ] } },
{ "type": "Feature", "properties": { "osmid": 1857313172.0 }, "geometry": { "type": "Point", "coordinates": [ 5927.0, 6722363.0 ] } },
{ "type": "Feature", "properties": { "osmid": 13659675516.0 }, "geometry": { "type": "Point", "coordinates": [ 8324.0, 6711749.0 ] } },
{ "type": "Feature", "properties": { "osmid": 7578668114.0 }, "geometry": { "type": "Point", "coordinates": [ 5910.0, 6706768.0 ] } },
{ "type": "Feature", "properties": { "osmid": 6955849682.0 }, "geometry": { "type": "Point", "coordinates": [ -12486.0, 6705534.0 ] } },
{ "type": "Feature", "properties": { "osmid": 4254045932.0 }, "geometry": { "type": "Point", "coordinates": [ 5244.0, 6723208.0 ] } },
{ "type": "Feature", "properties": { "osmid": 13062556147.0 }, "geometry": { "type": "Point", "coordinates": [ -447.0, 6726656.0 ] } },
{ "type": "Feature", "properties": { "osmid": 7885563424.0 }, "geometry": { "type": "Point", "coordinates": [ 4761.0, 6705484.0 ] } },
{ "type": "Feature", "properties": { "osmid": 10602922676.0 }, "geometry": { "type": "Point", "coordinates": [ -11930.0, 6705000.0 ] } },
{ "type": "Feature", "properties": { "osmid": 25284075.0 }, "geometry": { "type": "Point", "coordinates": [ -5934.0, 6726980.0 ] } },
{ "type": "Feature", "properties": { "osmid": 5481067694.0 }, "geometry": { "type": "Point", "coordinates": [ -15634.0, 6710262.0 ] } },
{ "type": "Feature", "properties": { "osmid": 6150261548.0 }, "geometry": { "type": "Point", "coordinates": [ 6425.0, 6707380.0 ] } },
{ "type": "Feature", "properties": { "osmid": 6964949089.0 }, "geometry": { "type": "Point", "coordinates": [ -15737.0, 6718683.0 ] } },
{ "type": "Feature", "properties": { "osmid": 25453969.0 }, "geometry": { "type": "Point", "coordinates": [ -15234.0, 6719945.0 ] } },
{ "type": "Feature", "properties": { "osmid": 26471642.0 }, "geometry": { "type": "Point", "coordinates": [ -2551.0, 6702089.0 ] } },
{ "type": "Feature", "properties": { "osmid": 6751266765.0 }, "geometry": { "type": "Point", "coordinates": [ -1668.0, 6727001.0 ] } },
{ "type": "Feature", "properties": { "osmid": 38888568.0 }, "geometry": { "type": "Point", "coordinates": [ -9681.0, 6725763.0 ] } },
{ "type": "Feature", "properties": { "osmid": 3393313581.0 }, "geometry": { "type": "Point", "coordinates": [ -16270.0, 6716786.0 ] } },
{ "type": "Feature", "properties": { "osmid": 9426897228.0 }, "geometry": { "type": "Point", "coordinates": [ 7422.0, 6708907.0 ] } },
{ "type": "Feature", "properties": { "osmid": 9607664809.0 }, "geometry": { "type": "Point", "coordinates": [ 7380.0, 6720421.0 ] } },
{ "type": "Feature", "properties": { "osmid": 11930593036.0 }, "geometry": { "type": "Point", "coordinates": [ -6632.0, 6726943.0 ] } },
{ "type": "Feature", "properties": { "osmid": 26422592.0 }, "geometry": { "type": "Point", "coordinates": [ 8100.0, 6718767.0 ] } },
{ "type": "Feature", "properties": { "osmid": 6564650345.0 }, "geometry": { "type": "Point", "coordinates": [ -10429.0, 6703784.0 ] } },
{ "type": "Feature", "properties": { "osmid": 7574126656.0 }, "geometry": { "type": "Point", "coordinates": [ -13267.0, 6706107.0 ] } },
{ "type": "Feature", "properties": { "osmid": 2674211292.0 }, "geometry": { "type": "Point", "coordinates": [ -7696.0, 6726692.0 ] } },
{ "type": "Feature", "properties": { "osmid": 5716368727.0 }, "geometry": { "type": "Point", "coordinates": [ 3313.0, 6704123.0 ] } },
{ "type": "Feature", "properties": { "osmid": 26470682.0 }, "geometry": { "type": "Point", "coordinates": [ -1960.0, 6702043.0 ] } },
{ "type": "Feature", "properties": { "osmid": 3673734.0 }, "geometry": { "type": "Point", "coordinates": [ 296.0, 6702595.0 ] } },
{ "type": "Feature", "properties": { "osmid": 106283996.0 }, "geometry": { "type": "Point", "coordinates": [ -10997.0, 6704089.0 ] } },
{ "type": "Feature", "properties": { "osmid": 13832833.0 }, "geometry": { "type": "Point", "coordinates": [ -842.0, 6702244.0 ] } },
{ "type": "Feature", "properties": { "osmid": 729647105.0 }, "geometry": { "type": "Point", "coordinates": [ -16167.0, 6717765.0 ] } },
{ "type": "Feature", "properties": { "osmid": 34709162.0 }, "geometry": { "type": "Point", "coordinates": [ -16549.0, 6715313.0 ] } },
{ "type": "Feature", "properties": { "osmid": 3099721846.0 }, "geometry": { "type": "Point", "coordinates": [ 8532.0, 6717536.0 ] } },
{ "type": "Feature", "properties": { "osmid": 20826299.0 }, "geometry": { "type": "Point", "coordinates": [ -13037.0, 6723429.0 ] } },
{ "type": "Feature", "properties": { "osmid": 5192520909.0 }, "geometry": { "type": "Point", "coordinates": [ 5049.0, 6723731.0 ] } },
{ "type": "Feature", "properties": { "osmid": 5737825418.0 }, "geometry": { "type": "Point", "coordinates": [ -4274.0, 6701841.0 ] } },
{ "type": "Feature", "properties": { "osmid": 6254637035.0 }, "geometry": { "type": "Point", "coordinates": [ 7784.0, 6719849.0 ] } },
{ "type": "Feature", "properties": { "osmid": 21667816.0 }, "geometry": { "type": "Point", "coordinates": [ -16619.0, 6714538.0 ] } },
{ "type": "Feature", "properties": { "osmid": 7686084396.0 }, "geometry": { "type": "Point", "coordinates": [ -8786.0, 6702819.0 ] } },
{ "type": "Feature", "properties": { "osmid": 6200635230.0 }, "geometry": { "type": "Point", "coordinates": [ -3016.0, 6727347.0 ] } },
{ "type": "Feature", "properties": { "osmid": 5579431833.0 }, "geometry": { "type": "Point", "coordinates": [ -10975.0, 6725248.0 ] } },
{ "type": "Feature", "properties": { "osmid": 195709.0 }, "geometry": { "type": "Point", "coordinates": [ -15711.0, 6719466.0 ] } },
{ "type": "Feature", "properties": { "osmid": 5325811621.0 }, "geometry": { "type": "Point", "coordinates": [ -4601.0, 6727415.0 ] } },
{ "type": "Feature", "properties": { "osmid": 848082160.0 }, "geometry": { "type": "Point", "coordinates": [ -14006.0, 6722484.0 ] } },
{ "type": "Feature", "properties": { "osmid": 9488064364.0 }, "geometry": { "type": "Point", "coordinates": [ -14758.0, 6707724.0 ] } },
{ "type": "Feature", "properties": { "osmid": 108309.0 }, "geometry": { "type": "Point", "coordinates": [ -15800.0, 6709747.0 ] } },
{ "type": "Feature", "properties": { "osmid": 12072610475.0 }, "geometry": { "type": "Point", "coordinates": [ -11634.0, 6704292.0 ] } },
{ "type": "Feature", "properties": { "osmid": 195953312.0 }, "geometry": { "type": "Point", "coordinates": [ 8850.0, 6717031.0 ] } },
{ "type": "Feature", "properties": { "osmid": 243917864.0 }, "geometry": { "type": "Point", "coordinates": [ 3055.0, 6703663.0 ] } },
{ "type": "Feature", "properties": { "osmid": 3682714875.0 }, "geometry": { "type": "Point", "coordinates": [ 9025.0, 6715862.0 ] } },
{ "type": "Feature", "properties": { "osmid": 38887610.0 }, "geometry": { "type": "Point", "coordinates": [ -10362.0, 6725785.0 ] } },
{ "type": "Feature", "properties": { "osmid": 8203935487.0 }, "geometry": { "type": "Point", "coordinates": [ -16249.0, 6718336.0 ] } },
{ "type": "Feature", "properties": { "osmid": 10075811956.0 }, "geometry": { "type": "Point", "coordinates": [ 9006.0, 6713048.0 ] } },
{ "type": "Feature", "properties": { "osmid": 11863313155.0 }, "geometry": { "type": "Point", "coordinates": [ -15352.0, 6720624.0 ] } },
{ "type": "Feature", "properties": { "osmid": 7202162496.0 }, "geometry": { "type": "Point", "coordinates": [ -3773.0, 6701611.0 ] } },
{ "type": "Feature", "properties": { "osmid": 293877261.0 }, "geometry": { "type": "Point", "coordinates": [ -16762.0, 6716079.0 ] } },
{ "type": "Feature", "properties": { "osmid": 5631421512.0 }, "geometry": { "type": "Point", "coordinates": [ 7479.0, 6708207.0 ] } },
{ "type": "Feature", "properties": { "osmid": 6831901846.0 }, "geometry": { "type": "Point", "coordinates": [ -8950.0, 6726574.0 ] } },
{ "type": "Feature", "properties": { "osmid": 2328387694.0 }, "geometry": { "type": "Point", "coordinates": [ 8690.0, 6718081.0 ] } },
{ "type": "Feature", "properties": { "osmid": 6988516463.0 }, "geometry": { "type": "Point", "coordinates": [ -13839.0, 6722957.0 ] } },
{ "type": "Feature", "properties": { "osmid": 25284134.0 }, "geometry": { "type": "Point", "coordinates": [ -6152.0, 6727432.0 ] } },
{ "type": "Feature", "properties": { "osmid": 8232632752.0 }, "geometry": { "type": "Point", "coordinates": [ 590.0, 6726920.0 ] } },
{ "type": "Feature", "properties": { "osmid": 4370231212.0 }, "geometry": { "type": "Point", "coordinates": [ 9228.0, 6715306.0 ] } },
{ "type": "Feature", "properties": { "osmid": 12254076096.0 }, "geometry": { "type": "Point", "coordinates": [ 8002.0, 6709005.0 ] } },
{ "type": "Feature", "properties": { "osmid": 10862496799.0 }, "geometry": { "type": "Point", "coordinates": [ -15503.0, 6708589.0 ] } },
{ "type": "Feature", "properties": { "osmid": 5191579097.0 }, "geometry": { "type": "Point", "coordinates": [ 7954.0, 6720321.0 ] } },
{ "type": "Feature", "properties": { "osmid": 27791331.0 }, "geometry": { "type": "Point", "coordinates": [ -2170.0, 6727612.0 ] } },
{ "type": "Feature", "properties": { "osmid": 10584260340.0 }, "geometry": { "type": "Point", "coordinates": [ 9128.0, 6716608.0 ] } },
{ "type": "Feature", "properties": { "osmid": 5380474866.0 }, "geometry": { "type": "Point", "coordinates": [ -16696.0, 6717362.0 ] } },
{ "type": "Feature", "properties": { "osmid": 33228752.0 }, "geometry": { "type": "Point", "coordinates": [ -14103.0, 6706318.0 ] } },
{ "type": "Feature", "properties": { "osmid": 38889842.0 }, "geometry": { "type": "Point", "coordinates": [ -8458.0, 6726961.0 ] } },
{ "type": "Feature", "properties": { "osmid": 1440487557.0 }, "geometry": { "type": "Point", "coordinates": [ -14863.0, 6721879.0 ] } },
{ "type": "Feature", "properties": { "osmid": 5599499648.0 }, "geometry": { "type": "Point", "coordinates": [ 7738.0, 6720923.0 ] } },
{ "type": "Feature", "properties": { "osmid": 366894076.0 }, "geometry": { "type": "Point", "coordinates": [ -5652.0, 6727682.0 ] } },
{ "type": "Feature", "properties": { "osmid": 160361613.0 }, "geometry": { "type": "Point", "coordinates": [ -1304.0, 6727564.0 ] } },
{ "type": "Feature", "properties": { "osmid": 6532204587.0 }, "geometry": { "type": "Point", "coordinates": [ 6641.0, 6706561.0 ] } },
{ "type": "Feature", "properties": { "osmid": 7876968372.0 }, "geometry": { "type": "Point", "coordinates": [ -16651.0, 6717920.0 ] } },
{ "type": "Feature", "properties": { "osmid": 1488899676.0 }, "geometry": { "type": "Point", "coordinates": [ -2704.0, 6701420.0 ] } },
{ "type": "Feature", "properties": { "osmid": 13086771562.0 }, "geometry": { "type": "Point", "coordinates": [ -1890.0, 6701510.0 ] } },
{ "type": "Feature", "properties": { "osmid": 493394843.0 }, "geometry": { "type": "Point", "coordinates": [ -14610.0, 6722323.0 ] } },
{ "type": "Feature", "properties": { "osmid": 7567790191.0 }, "geometry": { "type": "Point", "coordinates": [ -17095.0, 6713902.0 ] } },
{ "type": "Feature", "properties": { "osmid": 5469925376.0 }, "geometry": { "type": "Point", "coordinates": [ -16952.0, 6716769.0 ] } },
{ "type": "Feature", "properties": { "osmid": 2321170823.0 }, "geometry": { "type": "Point", "coordinates": [ -13715.0, 6723499.0 ] } },
{ "type": "Feature", "properties": { "osmid": 26450651.0 }, "geometry": { "type": "Point", "coordinates": [ 7553.0, 6721438.0 ] } },
{ "type": "Feature", "properties": { "osmid": 6201812642.0 }, "geometry": { "type": "Point", "coordinates": [ -4399.0, 6727896.0 ] } },
{ "type": "Feature", "properties": { "osmid": 6956221340.0 }, "geometry": { "type": "Point", "coordinates": [ -13528.0, 6705442.0 ] } },
{ "type": "Feature", "properties": { "osmid": 370588718.0 }, "geometry": { "type": "Point", "coordinates": [ 4100.0, 6725310.0 ] } },
{ "type": "Feature", "properties": { "osmid": 90265789.0 }, "geometry": { "type": "Point", "coordinates": [ 3956.0, 6703773.0 ] } },
{ "type": "Feature", "properties": { "osmid": 7081504694.0 }, "geometry": { "type": "Point", "coordinates": [ 1108.0, 6726992.0 ] } },
{ "type": "Feature", "properties": { "osmid": 6101371382.0 }, "geometry": { "type": "Point", "coordinates": [ -9428.0, 6702453.0 ] } },
{ "type": "Feature", "properties": { "osmid": 6027869632.0 }, "geometry": { "type": "Point", "coordinates": [ -3900.0, 6727968.0 ] } },
{ "type": "Feature", "properties": { "osmid": 1887414934.0 }, "geometry": { "type": "Point", "coordinates": [ 8910.0, 6718599.0 ] } },
{ "type": "Feature", "properties": { "osmid": 5194218908.0 }, "geometry": { "type": "Point", "coordinates": [ 5839.0, 6723819.0 ] } },
{ "type": "Feature", "properties": { "osmid": 11729098679.0 }, "geometry": { "type": "Point", "coordinates": [ -16645.0, 6710688.0 ] } },
{ "type": "Feature", "properties": { "osmid": 38889420.0 }, "geometry": { "type": "Point", "coordinates": [ -9535.0, 6726714.0 ] } },
{ "type": "Feature", "properties": { "osmid": 2314797576.0 }, "geometry": { "type": "Point", "coordinates": [ -16295.0, 6709666.0 ] } },
{ "type": "Feature", "properties": { "osmid": 5710008263.0 }, "geometry": { "type": "Point", "coordinates": [ -12492.0, 6724888.0 ] } },
{ "type": "Feature", "properties": { "osmid": 6194914604.0 }, "geometry": { "type": "Point", "coordinates": [ 2922.0, 6702990.0 ] } },
{ "type": "Feature", "properties": { "osmid": 5766618038.0 }, "geometry": { "type": "Point", "coordinates": [ -3193.0, 6701173.0 ] } },
{ "type": "Feature", "properties": { "osmid": 9521975285.0 }, "geometry": { "type": "Point", "coordinates": [ -7356.0, 6727577.0 ] } },
{ "type": "Feature", "properties": { "osmid": 9906498681.0 }, "geometry": { "type": "Point", "coordinates": [ -16913.0, 6711402.0 ] } },
{ "type": "Feature", "properties": { "osmid": 6988070878.0 }, "geometry": { "type": "Point", "coordinates": [ -3360.0, 6728039.0 ] } },
{ "type": "Feature", "properties": { "osmid": 25473314.0 }, "geometry": { "type": "Point", "coordinates": [ -16633.0, 6718786.0 ] } },
{ "type": "Feature", "properties": { "osmid": 6914069027.0 }, "geometry": { "type": "Point", "coordinates": [ -13965.0, 6705691.0 ] } },
{ "type": "Feature", "properties": { "osmid": 449207835.0 }, "geometry": { "type": "Point", "coordinates": [ 1496.0, 6702224.0 ] } },
{ "type": "Feature", "properties": { "osmid": 2130514418.0 }, "geometry": { "type": "Point", "coordinates": [ -2859.0, 6728049.0 ] } },
{ "type": "Feature", "properties": { "osmid": 3889758738.0 }, "geometry": { "type": "Point", "coordinates": [ -4432.0, 6701103.0 ] } },
{ "type": "Feature", "properties": { "osmid": 3135438687.0 }, "geometry": { "type": "Point", "coordinates": [ 140.0, 6701685.0 ] } },
{ "type": "Feature", "properties": { "osmid": 91779433.0 }, "geometry": { "type": "Point", "coordinates": [ 7407.0, 6707084.0 ] } },
{ "type": "Feature", "properties": { "osmid": 7959924382.0 }, "geometry": { "type": "Point", "coordinates": [ -17205.0, 6712169.0 ] } },
{ "type": "Feature", "properties": { "osmid": 35127177.0 }, "geometry": { "type": "Point", "coordinates": [ 8825.0, 6709737.0 ] } },
{ "type": "Feature", "properties": { "osmid": 9645953532.0 }, "geometry": { "type": "Point", "coordinates": [ -15147.0, 6707048.0 ] } },
{ "type": "Feature", "properties": { "osmid": 367009070.0 }, "geometry": { "type": "Point", "coordinates": [ 5008.0, 6704286.0 ] } },
{ "type": "Feature", "properties": { "osmid": 688359505.0 }, "geometry": { "type": "Point", "coordinates": [ 8313.0, 6720719.0 ] } },
{ "type": "Feature", "properties": { "osmid": 5189918487.0 }, "geometry": { "type": "Point", "coordinates": [ 7099.0, 6722728.0 ] } },
{ "type": "Feature", "properties": { "osmid": 6955969345.0 }, "geometry": { "type": "Point", "coordinates": [ -12638.0, 6704170.0 ] } },
{ "type": "Feature", "properties": { "osmid": 1413899679.0 }, "geometry": { "type": "Point", "coordinates": [ -1790.0, 6728098.0 ] } },
{ "type": "Feature", "properties": { "osmid": 772159872.0 }, "geometry": { "type": "Point", "coordinates": [ -17247.0, 6717335.0 ] } },
{ "type": "Feature", "properties": { "osmid": 38890689.0 }, "geometry": { "type": "Point", "coordinates": [ -8801.0, 6727352.0 ] } },
{ "type": "Feature", "properties": { "osmid": 38885042.0 }, "geometry": { "type": "Point", "coordinates": [ -10063.0, 6726795.0 ] } },
{ "type": "Feature", "properties": { "osmid": 10285234861.0 }, "geometry": { "type": "Point", "coordinates": [ -16993.0, 6718425.0 ] } },
{ "type": "Feature", "properties": { "osmid": 6151790952.0 }, "geometry": { "type": "Point", "coordinates": [ 8447.0, 6708585.0 ] } },
{ "type": "Feature", "properties": { "osmid": 10679633080.0 }, "geometry": { "type": "Point", "coordinates": [ -5111.0, 6728235.0 ] } },
{ "type": "Feature", "properties": { "osmid": 38885390.0 }, "geometry": { "type": "Point", "coordinates": [ -10779.0, 6726412.0 ] } },
{ "type": "Feature", "properties": { "osmid": 21642854.0 }, "geometry": { "type": "Point", "coordinates": [ -16250.0, 6708765.0 ] } },
{ "type": "Feature", "properties": { "osmid": 7005160426.0 }, "geometry": { "type": "Point", "coordinates": [ -14522.0, 6705999.0 ] } },
{ "type": "Feature", "properties": { "osmid": 4755607260.0 }, "geometry": { "type": "Point", "coordinates": [ -15143.0, 6722369.0 ] } },
{ "type": "Feature", "properties": { "osmid": 32928993.0 }, "geometry": { "type": "Point", "coordinates": [ -10103.0, 6702396.0 ] } },
{ "type": "Feature", "properties": { "osmid": 248453428.0 }, "geometry": { "type": "Point", "coordinates": [ -16292.0, 6720394.0 ] } },
{ "type": "Feature", "properties": { "osmid": 13982852.0 }, "geometry": { "type": "Point", "coordinates": [ 4693.0, 6725375.0 ] } },
{ "type": "Feature", "properties": { "osmid": 2406592794.0 }, "geometry": { "type": "Point", "coordinates": [ 9878.0, 6715416.0 ] } },
{ "type": "Feature", "properties": { "osmid": 1066020612.0 }, "geometry": { "type": "Point", "coordinates": [ 9529.0, 6717785.0 ] } },
{ "type": "Feature", "properties": { "osmid": 688360950.0 }, "geometry": { "type": "Point", "coordinates": [ 9144.0, 6719127.0 ] } },
{ "type": "Feature", "properties": { "osmid": 7231450877.0 }, "geometry": { "type": "Point", "coordinates": [ 1715.0, 6727200.0 ] } },
{ "type": "Feature", "properties": { "osmid": 1960840404.0 }, "geometry": { "type": "Point", "coordinates": [ -15705.0, 6707550.0 ] } },
{ "type": "Feature", "properties": { "osmid": 10134254404.0 }, "geometry": { "type": "Point", "coordinates": [ -8249.0, 6727672.0 ] } },
{ "type": "Feature", "properties": { "osmid": 227799.0 }, "geometry": { "type": "Point", "coordinates": [ -17232.0, 6717971.0 ] } },
{ "type": "Feature", "properties": { "osmid": 7932723868.0 }, "geometry": { "type": "Point", "coordinates": [ -17653.0, 6714592.0 ] } },
{ "type": "Feature", "properties": { "osmid": 1121937068.0 }, "geometry": { "type": "Point", "coordinates": [ 9225.0, 6710086.0 ] } },
{ "type": "Feature", "properties": { "osmid": 5191379455.0 }, "geometry": { "type": "Point", "coordinates": [ 8024.0, 6721711.0 ] } },
{ "type": "Feature", "properties": { "osmid": 528355783.0 }, "geometry": { "type": "Point", "coordinates": [ 1197.0, 6727490.0 ] } },
{ "type": "Feature", "properties": { "osmid": 2267475016.0 }, "geometry": { "type": "Point", "coordinates": [ -9534.0, 6727235.0 ] } },
{ "type": "Feature", "properties": { "osmid": 256256800.0 }, "geometry": { "type": "Point", "coordinates": [ -3722.0, 6728457.0 ] } },
{ "type": "Feature", "properties": { "osmid": 10560604734.0 }, "geometry": { "type": "Point", "coordinates": [ -4309.0, 6728463.0 ] } },
{ "type": "Feature", "properties": { "osmid": 648134.0 }, "geometry": { "type": "Point", "coordinates": [ -939.0, 6701034.0 ] } },
{ "type": "Feature", "properties": { "osmid": 6194745893.0 }, "geometry": { "type": "Point", "coordinates": [ 4393.0, 6703432.0 ] } },
{ "type": "Feature", "properties": { "osmid": 248887415.0 }, "geometry": { "type": "Point", "coordinates": [ -941.0, 6728171.0 ] } },
{ "type": "Feature", "properties": { "osmid": 12444909517.0 }, "geometry": { "type": "Point", "coordinates": [ 3883.0, 6703067.0 ] } },
{ "type": "Feature", "properties": { "osmid": 5609760355.0 }, "geometry": { "type": "Point", "coordinates": [ 9480.0, 6718495.0 ] } },
{ "type": "Feature", "properties": { "osmid": 7155922858.0 }, "geometry": { "type": "Point", "coordinates": [ -13018.0, 6725057.0 ] } },
{ "type": "Feature", "properties": { "osmid": 4116453309.0 }, "geometry": { "type": "Point", "coordinates": [ 8851.0, 6708913.0 ] } },
{ "type": "Feature", "properties": { "osmid": 2639235429.0 }, "geometry": { "type": "Point", "coordinates": [ -17631.0, 6712631.0 ] } },
{ "type": "Feature", "properties": { "osmid": 292618372.0 }, "geometry": { "type": "Point", "coordinates": [ 4209.0, 6725971.0 ] } },
{ "type": "Feature", "properties": { "osmid": 27002110.0 }, "geometry": { "type": "Point", "coordinates": [ -3718.0, 6700645.0 ] } },
{ "type": "Feature", "properties": { "osmid": 1176804848.0 }, "geometry": { "type": "Point", "coordinates": [ 7864.0, 6722213.0 ] } },
{ "type": "Feature", "properties": { "osmid": 43705011.0 }, "geometry": { "type": "Point", "coordinates": [ -5800.0, 6728435.0 ] } },
{ "type": "Feature", "properties": { "osmid": 9444825582.0 }, "geometry": { "type": "Point", "coordinates": [ -2918.0, 6700657.0 ] } },
{ "type": "Feature", "properties": { "osmid": 2065712024.0 }, "geometry": { "type": "Point", "coordinates": [ -14837.0, 6723246.0 ] } },
{ "type": "Feature", "properties": { "osmid": 8060754516.0 }, "geometry": { "type": "Point", "coordinates": [ 9548.0, 6710546.0 ] } },
{ "type": "Feature", "properties": { "osmid": 1185934527.0 }, "geometry": { "type": "Point", "coordinates": [ -2172.0, 6728504.0 ] } },
{ "type": "Feature", "properties": { "osmid": 11375093305.0 }, "geometry": { "type": "Point", "coordinates": [ 6839.0, 6723669.0 ] } },
{ "type": "Feature", "properties": { "osmid": 3381980450.0 }, "geometry": { "type": "Point", "coordinates": [ -435.0, 6728221.0 ] } },
{ "type": "Feature", "properties": { "osmid": 3861465006.0 }, "geometry": { "type": "Point", "coordinates": [ -11396.0, 6726446.0 ] } },
{ "type": "Feature", "properties": { "osmid": 267640595.0 }, "geometry": { "type": "Point", "coordinates": [ -14371.0, 6705274.0 ] } },
{ "type": "Feature", "properties": { "osmid": 4009512603.0 }, "geometry": { "type": "Point", "coordinates": [ 3377.0, 6702530.0 ] } },
{ "type": "Feature", "properties": { "osmid": 26706728.0 }, "geometry": { "type": "Point", "coordinates": [ -13352.0, 6704217.0 ] } },
{ "type": "Feature", "properties": { "osmid": 35127455.0 }, "geometry": { "type": "Point", "coordinates": [ 9799.0, 6711019.0 ] } },
{ "type": "Feature", "properties": { "osmid": 13162285960.0 }, "geometry": { "type": "Point", "coordinates": [ -13809.0, 6704564.0 ] } },
{ "type": "Feature", "properties": { "osmid": 9063276075.0 }, "geometry": { "type": "Point", "coordinates": [ -15585.0, 6706698.0 ] } },
{ "type": "Feature", "properties": { "osmid": 34971296.0 }, "geometry": { "type": "Point", "coordinates": [ -1589.0, 6728581.0 ] } },
{ "type": "Feature", "properties": { "osmid": 1270150719.0 }, "geometry": { "type": "Point", "coordinates": [ -16814.0, 6708880.0 ] } },
{ "type": "Feature", "properties": { "osmid": 53847568.0 }, "geometry": { "type": "Point", "coordinates": [ -16210.0, 6707664.0 ] } },
{ "type": "Feature", "properties": { "osmid": 10134143405.0 }, "geometry": { "type": "Point", "coordinates": [ -10669.0, 6727026.0 ] } },
{ "type": "Feature", "properties": { "osmid": 3721106619.0 }, "geometry": { "type": "Point", "coordinates": [ 10285.0, 6715718.0 ] } },
{ "type": "Feature", "properties": { "osmid": 1675018393.0 }, "geometry": { "type": "Point", "coordinates": [ -13052.0, 6703798.0 ] } },
{ "type": "Feature", "properties": { "osmid": 1576932222.0 }, "geometry": { "type": "Point", "coordinates": [ 8912.0, 6720810.0 ] } },
{ "type": "Feature", "properties": { "osmid": 657887012.0 }, "geometry": { "type": "Point", "coordinates": [ -12001.0, 6702976.0 ] } },
{ "type": "Feature", "properties": { "osmid": 747856830.0 }, "geometry": { "type": "Point", "coordinates": [ 7600.0, 6723017.0 ] } },
{ "type": "Feature", "properties": { "osmid": 1457011533.0 }, "geometry": { "type": "Point", "coordinates": [ -3236.0, 6728799.0 ] } },
{ "type": "Feature", "properties": { "osmid": 250832010.0 }, "geometry": { "type": "Point", "coordinates": [ -17124.0, 6719731.0 ] } },
{ "type": "Feature", "properties": { "osmid": 279581220.0 }, "geometry": { "type": "Point", "coordinates": [ -10244.0, 6701867.0 ] } },
{ "type": "Feature", "properties": { "osmid": 14598851.0 }, "geometry": { "type": "Point", "coordinates": [ 685.0, 6701086.0 ] } },
{ "type": "Feature", "properties": { "osmid": 1344764436.0 }, "geometry": { "type": "Point", "coordinates": [ -4783.0, 6728827.0 ] } },
{ "type": "Feature", "properties": { "osmid": 2678288589.0 }, "geometry": { "type": "Point", "coordinates": [ -8642.0, 6728037.0 ] } },
{ "type": "Feature", "properties": { "osmid": 12133092797.0 }, "geometry": { "type": "Point", "coordinates": [ -9460.0, 6701470.0 ] } },
{ "type": "Feature", "properties": { "osmid": 5338220585.0 }, "geometry": { "type": "Point", "coordinates": [ -12301.0, 6726111.0 ] } },
{ "type": "Feature", "properties": { "osmid": 622034375.0 }, "geometry": { "type": "Point", "coordinates": [ -12899.0, 6725708.0 ] } },
{ "type": "Feature", "properties": { "osmid": 20947362.0 }, "geometry": { "type": "Point", "coordinates": [ -17685.0, 6710865.0 ] } },
{ "type": "Feature", "properties": { "osmid": 9197863316.0 }, "geometry": { "type": "Point", "coordinates": [ 2925.0, 6701972.0 ] } },
{ "type": "Feature", "properties": { "osmid": 12989795789.0 }, "geometry": { "type": "Point", "coordinates": [ -17619.0, 6718582.0 ] } },
{ "type": "Feature", "properties": { "osmid": 247328415.0 }, "geometry": { "type": "Point", "coordinates": [ -13972.0, 6724750.0 ] } },
{ "type": "Feature", "properties": { "osmid": 6767583713.0 }, "geometry": { "type": "Point", "coordinates": [ -15043.0, 6705624.0 ] } },
{ "type": "Feature", "properties": { "osmid": 199308.0 }, "geometry": { "type": "Point", "coordinates": [ -16702.0, 6720990.0 ] } },
{ "type": "Feature", "properties": { "osmid": 9791499331.0 }, "geometry": { "type": "Point", "coordinates": [ -9719.0, 6727720.0 ] } },
{ "type": "Feature", "properties": { "osmid": 12052372776.0 }, "geometry": { "type": "Point", "coordinates": [ 10513.0, 6715125.0 ] } },
{ "type": "Feature", "properties": { "osmid": 1691799998.0 }, "geometry": { "type": "Point", "coordinates": [ -17434.0, 6719319.0 ] } },
{ "type": "Feature", "properties": { "osmid": 10052614324.0 }, "geometry": { "type": "Point", "coordinates": [ 1429.0, 6727978.0 ] } },
{ "type": "Feature", "properties": { "osmid": 13353349115.0 }, "geometry": { "type": "Point", "coordinates": [ 9220.0, 6708574.0 ] } },
{ "type": "Feature", "properties": { "osmid": 10934581859.0 }, "geometry": { "type": "Point", "coordinates": [ 9832.0, 6710127.0 ] } },
{ "type": "Feature", "properties": { "osmid": 83629240.0 }, "geometry": { "type": "Point", "coordinates": [ 4420.0, 6702790.0 ] } },
{ "type": "Feature", "properties": { "osmid": 6150704645.0 }, "geometry": { "type": "Point", "coordinates": [ 1401.0, 6701170.0 ] } },
{ "type": "Feature", "properties": { "osmid": 13620905930.0 }, "geometry": { "type": "Point", "coordinates": [ -18135.0, 6712611.0 ] } },
{ "type": "Feature", "properties": { "osmid": 7670956786.0 }, "geometry": { "type": "Point", "coordinates": [ 2183.0, 6701495.0 ] } },
{ "type": "Feature", "properties": { "osmid": 33776144.0 }, "geometry": { "type": "Point", "coordinates": [ -11754.0, 6702529.0 ] } },
{ "type": "Feature", "properties": { "osmid": 5842402590.0 }, "geometry": { "type": "Point", "coordinates": [ -993.0, 6700416.0 ] } },
{ "type": "Feature", "properties": { "osmid": 30151715.0 }, "geometry": { "type": "Point", "coordinates": [ -2922.0, 6700153.0 ] } },
{ "type": "Feature", "properties": { "osmid": 12077165177.0 }, "geometry": { "type": "Point", "coordinates": [ 7310.0, 6723856.0 ] } },
{ "type": "Feature", "properties": { "osmid": 1830225104.0 }, "geometry": { "type": "Point", "coordinates": [ 6461.0, 6724795.0 ] } },
{ "type": "Feature", "properties": { "osmid": 5383984932.0 }, "geometry": { "type": "Point", "coordinates": [ -18017.0, 6717806.0 ] } },
{ "type": "Feature", "properties": { "osmid": 5832536541.0 }, "geometry": { "type": "Point", "coordinates": [ -18320.0, 6713301.0 ] } },
{ "type": "Feature", "properties": { "osmid": 873615159.0 }, "geometry": { "type": "Point", "coordinates": [ 10094.0, 6718772.0 ] } },
{ "type": "Feature", "properties": { "osmid": 94942306.0 }, "geometry": { "type": "Point", "coordinates": [ 9571.0, 6708945.0 ] } },
{ "type": "Feature", "properties": { "osmid": 6660699450.0 }, "geometry": { "type": "Point", "coordinates": [ 4064.0, 6726851.0 ] } },
{ "type": "Feature", "properties": { "osmid": 4601930286.0 }, "geometry": { "type": "Point", "coordinates": [ -2802.0, 6729165.0 ] } },
{ "type": "Feature", "properties": { "osmid": 324399385.0 }, "geometry": { "type": "Point", "coordinates": [ 7068.0, 6724301.0 ] } },
{ "type": "Feature", "properties": { "osmid": 132840897.0 }, "geometry": { "type": "Point", "coordinates": [ 8313.0, 6722699.0 ] } },
{ "type": "Feature", "properties": { "osmid": 5197236558.0 }, "geometry": { "type": "Point", "coordinates": [ -16722.0, 6707671.0 ] } },
{ "type": "Feature", "properties": { "osmid": 2678307688.0 }, "geometry": { "type": "Point", "coordinates": [ -9166.0, 6728234.0 ] } },
{ "type": "Feature", "properties": { "osmid": 33489772.0 }, "geometry": { "type": "Point", "coordinates": [ -6868.0, 6700252.0 ] } },
{ "type": "Feature", "properties": { "osmid": 432827.0 }, "geometry": { "type": "Point", "coordinates": [ -113.0, 6700409.0 ] } },
{ "type": "Feature", "properties": { "osmid": 12222789659.0 }, "geometry": { "type": "Point", "coordinates": [ -10378.0, 6727748.0 ] } },
{ "type": "Feature", "properties": { "osmid": 5530693035.0 }, "geometry": { "type": "Point", "coordinates": [ 6136.0, 6725360.0 ] } },
{ "type": "Feature", "properties": { "osmid": 1833892076.0 }, "geometry": { "type": "Point", "coordinates": [ 3544.0, 6701895.0 ] } },
{ "type": "Feature", "properties": { "osmid": 2411576312.0 }, "geometry": { "type": "Point", "coordinates": [ 10300.0, 6710583.0 ] } },
{ "type": "Feature", "properties": { "osmid": 6255767807.0 }, "geometry": { "type": "Point", "coordinates": [ 5347.0, 6703101.0 ] } },
{ "type": "Feature", "properties": { "osmid": 293748562.0 }, "geometry": { "type": "Point", "coordinates": [ -18452.0, 6716560.0 ] } },
{ "type": "Feature", "properties": { "osmid": 1241124662.0 }, "geometry": { "type": "Point", "coordinates": [ 7996.0, 6723381.0 ] } },
{ "type": "Feature", "properties": { "osmid": 5625690764.0 }, "geometry": { "type": "Point", "coordinates": [ -11929.0, 6726939.0 ] } },
{ "type": "Feature", "properties": { "osmid": 34971167.0 }, "geometry": { "type": "Point", "coordinates": [ -1003.0, 6729072.0 ] } },
{ "type": "Feature", "properties": { "osmid": 4617104055.0 }, "geometry": { "type": "Point", "coordinates": [ -112.0, 6728871.0 ] } },
{ "type": "Feature", "properties": { "osmid": 9063041278.0 }, "geometry": { "type": "Point", "coordinates": [ -5176.0, 6729294.0 ] } },
{ "type": "Feature", "properties": { "osmid": 5802408633.0 }, "geometry": { "type": "Point", "coordinates": [ -13215.0, 6703168.0 ] } },
{ "type": "Feature", "properties": { "osmid": 13372012388.0 }, "geometry": { "type": "Point", "coordinates": [ -16637.0, 6707150.0 ] } },
{ "type": "Feature", "properties": { "osmid": 12989714165.0 }, "geometry": { "type": "Point", "coordinates": [ -18001.0, 6718938.0 ] } },
{ "type": "Feature", "properties": { "osmid": 13824329.0 }, "geometry": { "type": "Point", "coordinates": [ -9521.0, 6700925.0 ] } },
{ "type": "Feature", "properties": { "osmid": 21583260.0 }, "geometry": { "type": "Point", "coordinates": [ -5687.0, 6699908.0 ] } },
{ "type": "Feature", "properties": { "osmid": 10764850078.0 }, "geometry": { "type": "Point", "coordinates": [ -18651.0, 6715189.0 ] } },
{ "type": "Feature", "properties": { "osmid": 1496229602.0 }, "geometry": { "type": "Point", "coordinates": [ 4580.0, 6726806.0 ] } },
{ "type": "Feature", "properties": { "osmid": 43680735.0 }, "geometry": { "type": "Point", "coordinates": [ -7836.0, 6728893.0 ] } },
{ "type": "Feature", "properties": { "osmid": 4444845658.0 }, "geometry": { "type": "Point", "coordinates": [ -18158.0, 6710664.0 ] } },
{ "type": "Feature", "properties": { "osmid": 6983561812.0 }, "geometry": { "type": "Point", "coordinates": [ -17999.0, 6710124.0 ] } },
{ "type": "Feature", "properties": { "osmid": 25454047.0 }, "geometry": { "type": "Point", "coordinates": [ -17617.0, 6720173.0 ] } },
{ "type": "Feature", "properties": { "osmid": 4965102813.0 }, "geometry": { "type": "Point", "coordinates": [ -14958.0, 6704737.0 ] } },
{ "type": "Feature", "properties": { "osmid": 12624399827.0 }, "geometry": { "type": "Point", "coordinates": [ -18598.0, 6712800.0 ] } },
{ "type": "Feature", "properties": { "osmid": 9335280727.0 }, "geometry": { "type": "Point", "coordinates": [ -12368.0, 6702414.0 ] } },
{ "type": "Feature", "properties": { "osmid": 670717522.0 }, "geometry": { "type": "Point", "coordinates": [ 10974.0, 6715759.0 ] } },
{ "type": "Feature", "properties": { "osmid": 13304458188.0 }, "geometry": { "type": "Point", "coordinates": [ -3440.0, 6729464.0 ] } },
{ "type": "Feature", "properties": { "osmid": 9962806803.0 }, "geometry": { "type": "Point", "coordinates": [ -11546.0, 6727325.0 ] } },
{ "type": "Feature", "properties": { "osmid": 5597478639.0 }, "geometry": { "type": "Point", "coordinates": [ 949.0, 6700520.0 ] } },
{ "type": "Feature", "properties": { "osmid": 4962931124.0 }, "geometry": { "type": "Point", "coordinates": [ -11312.0, 6701722.0 ] } },
{ "type": "Feature", "properties": { "osmid": 26706265.0 }, "geometry": { "type": "Point", "coordinates": [ -13761.0, 6703489.0 ] } },
{ "type": "Feature", "properties": { "osmid": 10983297518.0 }, "geometry": { "type": "Point", "coordinates": [ 1663.0, 6728437.0 ] } },
{ "type": "Feature", "properties": { "osmid": 5994007699.0 }, "geometry": { "type": "Point", "coordinates": [ -16201.0, 6706268.0 ] } },
{ "type": "Feature", "properties": { "osmid": 6150719932.0 }, "geometry": { "type": "Point", "coordinates": [ 4170.0, 6701997.0 ] } },
{ "type": "Feature", "properties": { "osmid": 1798756805.0 }, "geometry": { "type": "Point", "coordinates": [ -14401.0, 6704013.0 ] } },
{ "type": "Feature", "properties": { "osmid": 6071732540.0 }, "geometry": { "type": "Point", "coordinates": [ 3247.0, 6701442.0 ] } },
{ "type": "Feature", "properties": { "osmid": 1496239831.0 }, "geometry": { "type": "Point", "coordinates": [ 5457.0, 6726299.0 ] } },
{ "type": "Feature", "properties": { "osmid": 3832396644.0 }, "geometry": { "type": "Point", "coordinates": [ 10795.0, 6717628.0 ] } },
{ "type": "Feature", "properties": { "osmid": 147704470.0 }, "geometry": { "type": "Point", "coordinates": [ 7800.0, 6723994.0 ] } },
{ "type": "Feature", "properties": { "osmid": 11709473272.0 }, "geometry": { "type": "Point", "coordinates": [ -12923.0, 6702670.0 ] } },
{ "type": "Feature", "properties": { "osmid": 6239803110.0 }, "geometry": { "type": "Point", "coordinates": [ 1647.0, 6700643.0 ] } },
{ "type": "Feature", "properties": { "osmid": 26837028.0 }, "geometry": { "type": "Point", "coordinates": [ 2250.0, 6700891.0 ] } },
{ "type": "Feature", "properties": { "osmid": 1797237683.0 }, "geometry": { "type": "Point", "coordinates": [ -7586.0, 6700064.0 ] } },
{ "type": "Feature", "properties": { "osmid": 9707406675.0 }, "geometry": { "type": "Point", "coordinates": [ -18533.0, 6717784.0 ] } },
{ "type": "Feature", "properties": { "osmid": 2188743867.0 }, "geometry": { "type": "Point", "coordinates": [ -17957.0, 6719777.0 ] } },
{ "type": "Feature", "properties": { "osmid": 7966791073.0 }, "geometry": { "type": "Point", "coordinates": [ -3393.0, 6699575.0 ] } },
{ "type": "Feature", "properties": { "osmid": 5245580006.0 }, "geometry": { "type": "Point", "coordinates": [ 2744.0, 6701057.0 ] } },
{ "type": "Feature", "properties": { "osmid": 370093589.0 }, "geometry": { "type": "Point", "coordinates": [ -13016.0, 6726581.0 ] } },
{ "type": "Feature", "properties": { "osmid": 25699560.0 }, "geometry": { "type": "Point", "coordinates": [ -4608.0, 6729683.0 ] } },
{ "type": "Feature", "properties": { "osmid": 10000010212.0 }, "geometry": { "type": "Point", "coordinates": [ -15508.0, 6704925.0 ] } },
{ "type": "Feature", "properties": { "osmid": 6934752552.0 }, "geometry": { "type": "Point", "coordinates": [ 11299.0, 6714196.0 ] } },
{ "type": "Feature", "properties": { "osmid": 10881130406.0 }, "geometry": { "type": "Point", "coordinates": [ -10178.0, 6728378.0 ] } },
{ "type": "Feature", "properties": { "osmid": 12052355261.0 }, "geometry": { "type": "Point", "coordinates": [ 11312.0, 6714704.0 ] } },
{ "type": "Feature", "properties": { "osmid": 122734359.0 }, "geometry": { "type": "Point", "coordinates": [ -18996.0, 6713842.0 ] } },
{ "type": "Feature", "properties": { "osmid": 38455907.0 }, "geometry": { "type": "Point", "coordinates": [ -9625.0, 6728632.0 ] } },
{ "type": "Feature", "properties": { "osmid": 82701629.0 }, "geometry": { "type": "Point", "coordinates": [ -15898.0, 6723831.0 ] } },
{ "type": "Feature", "properties": { "osmid": 6581693661.0 }, "geometry": { "type": "Point", "coordinates": [ -12393.0, 6727147.0 ] } },
{ "type": "Feature", "properties": { "osmid": 301015315.0 }, "geometry": { "type": "Point", "coordinates": [ -18859.0, 6717123.0 ] } },
{ "type": "Feature", "properties": { "osmid": 274596.0 }, "geometry": { "type": "Point", "coordinates": [ -19068.0, 6714898.0 ] } },
{ "type": "Feature", "properties": { "osmid": 647196.0 }, "geometry": { "type": "Point", "coordinates": [ -4552.0, 6699391.0 ] } },
{ "type": "Feature", "properties": { "osmid": 5793806994.0 }, "geometry": { "type": "Point", "coordinates": [ 10890.0, 6710738.0 ] } },
{ "type": "Feature", "properties": { "osmid": 2205062099.0 }, "geometry": { "type": "Point", "coordinates": [ -7206.0, 6699711.0 ] } },
{ "type": "Feature", "properties": { "osmid": 5585539169.0 }, "geometry": { "type": "Point", "coordinates": [ -5489.0, 6729773.0 ] } },
{ "type": "Feature", "properties": { "osmid": 5842449693.0 }, "geometry": { "type": "Point", "coordinates": [ -2223.0, 6699417.0 ] } },
{ "type": "Feature", "properties": { "osmid": 25585544.0 }, "geometry": { "type": "Point", "coordinates": [ -17370.0, 6721731.0 ] } },
{ "type": "Feature", "properties": { "osmid": 1059560154.0 }, "geometry": { "type": "Point", "coordinates": [ 10752.0, 6710025.0 ] } },
{ "type": "Feature", "properties": { "osmid": 8108822458.0 }, "geometry": { "type": "Point", "coordinates": [ -18418.0, 6719307.0 ] } },
{ "type": "Feature", "properties": { "osmid": 11094346163.0 }, "geometry": { "type": "Point", "coordinates": [ 5267.0, 6702280.0 ] } },
{ "type": "Feature", "properties": { "osmid": 94929418.0 }, "geometry": { "type": "Point", "coordinates": [ 10314.0, 6708723.0 ] } },
{ "type": "Feature", "properties": { "osmid": 1558656883.0 }, "geometry": { "type": "Point", "coordinates": [ -16319.0, 6705662.0 ] } },
{ "type": "Feature", "properties": { "osmid": 12980269587.0 }, "geometry": { "type": "Point", "coordinates": [ -11462.0, 6727919.0 ] } },
{ "type": "Feature", "properties": { "osmid": 110270812.0 }, "geometry": { "type": "Point", "coordinates": [ -13901.0, 6703000.0 ] } },
{ "type": "Feature", "properties": { "osmid": 15262016.0 }, "geometry": { "type": "Point", "coordinates": [ -19152.0, 6713172.0 ] } },
{ "type": "Feature", "properties": { "osmid": 5603199056.0 }, "geometry": { "type": "Point", "coordinates": [ -14713.0, 6725472.0 ] } },
{ "type": "Feature", "properties": { "osmid": 6404803211.0 }, "geometry": { "type": "Point", "coordinates": [ -9286.0, 6729003.0 ] } },
{ "type": "Feature", "properties": { "osmid": 6871588710.0 }, "geometry": { "type": "Point", "coordinates": [ 11416.0, 6716737.0 ] } },
{ "type": "Feature", "properties": { "osmid": 207554103.0 }, "geometry": { "type": "Point", "coordinates": [ -2521.0, 6729973.0 ] } },
{ "type": "Feature", "properties": { "osmid": 3287720030.0 }, "geometry": { "type": "Point", "coordinates": [ -19149.0, 6712372.0 ] } },
{ "type": "Feature", "properties": { "osmid": 9268982360.0 }, "geometry": { "type": "Point", "coordinates": [ 10170.0, 6708061.0 ] } },
{ "type": "Feature", "properties": { "osmid": 5859981863.0 }, "geometry": { "type": "Point", "coordinates": [ 8777.0, 6723545.0 ] } },
{ "type": "Feature", "properties": { "osmid": 442864063.0 }, "geometry": { "type": "Point", "coordinates": [ -18060.0, 6708430.0 ] } },
{ "type": "Feature", "properties": { "osmid": 6031815688.0 }, "geometry": { "type": "Point", "coordinates": [ 10381.0, 6720770.0 ] } },
{ "type": "Feature", "properties": { "osmid": 5739969535.0 }, "geometry": { "type": "Point", "coordinates": [ 11265.0, 6711077.0 ] } },
{ "type": "Feature", "properties": { "osmid": 11751901270.0 }, "geometry": { "type": "Point", "coordinates": [ -19042.0, 6711374.0 ] } },
{ "type": "Feature", "properties": { "osmid": 2030969955.0 }, "geometry": { "type": "Point", "coordinates": [ -11391.0, 6701014.0 ] } },
{ "type": "Feature", "properties": { "osmid": 5585539147.0 }, "geometry": { "type": "Point", "coordinates": [ -5085.0, 6730097.0 ] } },
{ "type": "Feature", "properties": { "osmid": 60243458.0 }, "geometry": { "type": "Point", "coordinates": [ -15384.0, 6725070.0 ] } },
{ "type": "Feature", "properties": { "osmid": 622034394.0 }, "geometry": { "type": "Point", "coordinates": [ -14121.0, 6726315.0 ] } },
{ "type": "Feature", "properties": { "osmid": 7888125147.0 }, "geometry": { "type": "Point", "coordinates": [ -13294.0, 6702199.0 ] } },
{ "type": "Feature", "properties": { "osmid": 4444845665.0 }, "geometry": { "type": "Point", "coordinates": [ -18946.0, 6710623.0 ] } },
{ "type": "Feature", "properties": { "osmid": 6581893406.0 }, "geometry": { "type": "Point", "coordinates": [ -12866.0, 6727352.0 ] } },
{ "type": "Feature", "properties": { "osmid": 10957677177.0 }, "geometry": { "type": "Point", "coordinates": [ -3488.0, 6730215.0 ] } },
{ "type": "Feature", "properties": { "osmid": 6870064961.0 }, "geometry": { "type": "Point", "coordinates": [ 11762.0, 6713949.0 ] } },
{ "type": "Feature", "properties": { "osmid": 6136434226.0 }, "geometry": { "type": "Point", "coordinates": [ -199.0, 6729825.0 ] } },
{ "type": "Feature", "properties": { "osmid": 7236144524.0 }, "geometry": { "type": "Point", "coordinates": [ 10210.0, 6721490.0 ] } },
{ "type": "Feature", "properties": { "osmid": 6914080509.0 }, "geometry": { "type": "Point", "coordinates": [ -15929.0, 6704619.0 ] } },
{ "type": "Feature", "properties": { "osmid": 42199513.0 }, "geometry": { "type": "Point", "coordinates": [ -17033.0, 6706124.0 ] } },
{ "type": "Feature", "properties": { "osmid": 9385054797.0 }, "geometry": { "type": "Point", "coordinates": [ 9517.0, 6722808.0 ] } },
{ "type": "Feature", "properties": { "osmid": 4282721695.0 }, "geometry": { "type": "Point", "coordinates": [ -12304.0, 6727847.0 ] } },
{ "type": "Feature", "properties": { "osmid": 11586963426.0 }, "geometry": { "type": "Point", "coordinates": [ -19562.0, 6715000.0 ] } },
{ "type": "Feature", "properties": { "osmid": 5591317173.0 }, "geometry": { "type": "Point", "coordinates": [ -4264.0, 6730315.0 ] } },
{ "type": "Feature", "properties": { "osmid": 10035260005.0 }, "geometry": { "type": "Point", "coordinates": [ 11871.0, 6714710.0 ] } },
{ "type": "Feature", "properties": { "osmid": 3965016366.0 }, "geometry": { "type": "Point", "coordinates": [ 11861.0, 6715274.0 ] } },
{ "type": "Feature", "properties": { "osmid": 5111933479.0 }, "geometry": { "type": "Point", "coordinates": [ -9391.0, 6699866.0 ] } },
{ "type": "Feature", "properties": { "osmid": 178964412.0 }, "geometry": { "type": "Point", "coordinates": [ 11619.0, 6717531.0 ] } },
{ "type": "Feature", "properties": { "osmid": 508588534.0 }, "geometry": { "type": "Point", "coordinates": [ -19564.0, 6713578.0 ] } },
{ "type": "Feature", "properties": { "osmid": 4476061444.0 }, "geometry": { "type": "Point", "coordinates": [ -19304.0, 6717702.0 ] } },
{ "type": "Feature", "properties": { "osmid": 2406001306.0 }, "geometry": { "type": "Point", "coordinates": [ -12565.0, 6701457.0 ] } },
{ "type": "Feature", "properties": { "osmid": 5739960855.0 }, "geometry": { "type": "Point", "coordinates": [ 11644.0, 6711636.0 ] } },
{ "type": "Feature", "properties": { "osmid": 5739979453.0 }, "geometry": { "type": "Point", "coordinates": [ 11400.0, 6710563.0 ] } },
{ "type": "Feature", "properties": { "osmid": 9321083680.0 }, "geometry": { "type": "Point", "coordinates": [ 5920.0, 6702206.0 ] } },
{ "type": "Feature", "properties": { "osmid": 248919924.0 }, "geometry": { "type": "Point", "coordinates": [ -15709.0, 6704166.0 ] } },
{ "type": "Feature", "properties": { "osmid": 129856067.0 }, "geometry": { "type": "Point", "coordinates": [ -19071.0, 6719003.0 ] } },
{ "type": "Feature", "properties": { "osmid": 7875982778.0 }, "geometry": { "type": "Point", "coordinates": [ -7408.0, 6730041.0 ] } },
{ "type": "Feature", "properties": { "osmid": 6582210815.0 }, "geometry": { "type": "Point", "coordinates": [ -14845.0, 6726011.0 ] } },
{ "type": "Feature", "properties": { "osmid": 11167102153.0 }, "geometry": { "type": "Point", "coordinates": [ -10907.0, 6700408.0 ] } },
{ "type": "Feature", "properties": { "osmid": 13294265701.0 }, "geometry": { "type": "Point", "coordinates": [ -19609.0, 6712625.0 ] } },
{ "type": "Feature", "properties": { "osmid": 5709862583.0 }, "geometry": { "type": "Point", "coordinates": [ 11966.0, 6716100.0 ] } },
{ "type": "Feature", "properties": { "osmid": 6250793697.0 }, "geometry": { "type": "Point", "coordinates": [ -9552.0, 6729438.0 ] } },
{ "type": "Feature", "properties": { "osmid": 2331204415.0 }, "geometry": { "type": "Point", "coordinates": [ -18364.0, 6721133.0 ] } },
{ "type": "Feature", "properties": { "osmid": 3050870699.0 }, "geometry": { "type": "Point", "coordinates": [ -15387.0, 6703583.0 ] } },
{ "type": "Feature", "properties": { "osmid": 7838248308.0 }, "geometry": { "type": "Point", "coordinates": [ -19381.0, 6710910.0 ] } },
{ "type": "Feature", "properties": { "osmid": 248545521.0 }, "geometry": { "type": "Point", "coordinates": [ -18683.0, 6720506.0 ] } },
{ "type": "Feature", "properties": { "osmid": 1439705530.0 }, "geometry": { "type": "Point", "coordinates": [ -2527.0, 6730523.0 ] } },
{ "type": "Feature", "properties": { "osmid": 25426318.0 }, "geometry": { "type": "Point", "coordinates": [ -6060.0, 6730440.0 ] } },
{ "type": "Feature", "properties": { "osmid": 4888691689.0 }, "geometry": { "type": "Point", "coordinates": [ -19624.0, 6717312.0 ] } },
{ "type": "Feature", "properties": { "osmid": 8018882485.0 }, "geometry": { "type": "Point", "coordinates": [ -9938.0, 6699790.0 ] } },
{ "type": "Feature", "properties": { "osmid": 4695773239.0 }, "geometry": { "type": "Point", "coordinates": [ -10828.0, 6729014.0 ] } },
{ "type": "Feature", "properties": { "osmid": 6150741031.0 }, "geometry": { "type": "Point", "coordinates": [ 5443.0, 6701533.0 ] } },
{ "type": "Feature", "properties": { "osmid": 92724323.0 }, "geometry": { "type": "Point", "coordinates": [ 10209.0, 6706875.0 ] } },
{ "type": "Feature", "properties": { "osmid": 60240670.0 }, "geometry": { "type": "Point", "coordinates": [ -13629.0, 6727373.0 ] } },
{ "type": "Feature", "properties": { "osmid": 6250854104.0 }, "geometry": { "type": "Point", "coordinates": [ 3241.0, 6700153.0 ] } },
{ "type": "Feature", "properties": { "osmid": 25545560.0 }, "geometry": { "type": "Point", "coordinates": [ -8455.0, 6730025.0 ] } },
{ "type": "Feature", "properties": { "osmid": 6582045951.0 }, "geometry": { "type": "Point", "coordinates": [ -14593.0, 6726598.0 ] } },
{ "type": "Feature", "properties": { "osmid": 651589495.0 }, "geometry": { "type": "Point", "coordinates": [ -5207.0, 6730649.0 ] } },
{ "type": "Feature", "properties": { "osmid": 5071594693.0 }, "geometry": { "type": "Point", "coordinates": [ 12234.0, 6713691.0 ] } },
{ "type": "Feature", "properties": { "osmid": 9644617293.0 }, "geometry": { "type": "Point", "coordinates": [ 6641.0, 6702361.0 ] } },
{ "type": "Feature", "properties": { "osmid": 6023328083.0 }, "geometry": { "type": "Point", "coordinates": [ -14243.0, 6702276.0 ] } },
{ "type": "Feature", "properties": { "osmid": 2322291977.0 }, "geometry": { "type": "Point", "coordinates": [ -18247.0, 6707329.0 ] } },
{ "type": "Feature", "properties": { "osmid": 3660625847.0 }, "geometry": { "type": "Point", "coordinates": [ -19965.0, 6713896.0 ] } },
{ "type": "Feature", "properties": { "osmid": 95941348.0 }, "geometry": { "type": "Point", "coordinates": [ 11881.0, 6710883.0 ] } },
{ "type": "Feature", "properties": { "osmid": 3010412124.0 }, "geometry": { "type": "Point", "coordinates": [ -19571.0, 6718513.0 ] } },
{ "type": "Feature", "properties": { "osmid": 13635805604.0 }, "geometry": { "type": "Point", "coordinates": [ -19975.0, 6713031.0 ] } },
{ "type": "Feature", "properties": { "osmid": 12271544886.0 }, "geometry": { "type": "Point", "coordinates": [ -17320.0, 6705598.0 ] } },
{ "type": "Feature", "properties": { "osmid": 13896740.0 }, "geometry": { "type": "Point", "coordinates": [ -3283.0, 6698407.0 ] } },
{ "type": "Feature", "properties": { "osmid": 6184890701.0 }, "geometry": { "type": "Point", "coordinates": [ -13155.0, 6727870.0 ] } },
{ "type": "Feature", "properties": { "osmid": 27511246.0 }, "geometry": { "type": "Point", "coordinates": [ -18910.0, 6708525.0 ] } },
{ "type": "Feature", "properties": { "osmid": 3991736146.0 }, "geometry": { "type": "Point", "coordinates": [ 11715.0, 6709958.0 ] } },
{ "type": "Feature", "properties": { "osmid": 94912734.0 }, "geometry": { "type": "Point", "coordinates": [ 11557.0, 6709438.0 ] } },
{ "type": "Feature", "properties": { "osmid": 8861733634.0 }, "geometry": { "type": "Point", "coordinates": [ 12396.0, 6714327.0 ] } },
{ "type": "Feature", "properties": { "osmid": 2159654782.0 }, "geometry": { "type": "Point", "coordinates": [ 5283.0, 6728048.0 ] } },
{ "type": "Feature", "properties": { "osmid": 17948379.0 }, "geometry": { "type": "Point", "coordinates": [ -4340.0, 6730867.0 ] } },
{ "type": "Feature", "properties": { "osmid": 11307773346.0 }, "geometry": { "type": "Point", "coordinates": [ -10762.0, 6699848.0 ] } },
{ "type": "Feature", "properties": { "osmid": 2625131866.0 }, "geometry": { "type": "Point", "coordinates": [ -4865.0, 6698336.0 ] } },
{ "type": "Feature", "properties": { "osmid": 613187027.0 }, "geometry": { "type": "Point", "coordinates": [ -9984.0, 6729698.0 ] } },
{ "type": "Feature", "properties": { "osmid": 2381912500.0 }, "geometry": { "type": "Point", "coordinates": [ -6573.0, 6730680.0 ] } },
{ "type": "Feature", "properties": { "osmid": 20963439.0 }, "geometry": { "type": "Point", "coordinates": [ -19308.0, 6709363.0 ] } },
{ "type": "Feature", "properties": { "osmid": 64860551.0 }, "geometry": { "type": "Point", "coordinates": [ -5760.0, 6698389.0 ] } },
{ "type": "Feature", "properties": { "osmid": 9385058525.0 }, "geometry": { "type": "Point", "coordinates": [ 10260.0, 6722812.0 ] } },
{ "type": "Feature", "properties": { "osmid": 12857409868.0 }, "geometry": { "type": "Point", "coordinates": [ -9147.0, 6699152.0 ] } },
{ "type": "Feature", "properties": { "osmid": 9622898275.0 }, "geometry": { "type": "Point", "coordinates": [ -12770.0, 6728285.0 ] } },
{ "type": "Feature", "properties": { "osmid": 4958706726.0 }, "geometry": { "type": "Point", "coordinates": [ -15911.0, 6703547.0 ] } },
{ "type": "Feature", "properties": { "osmid": 178958427.0 }, "geometry": { "type": "Point", "coordinates": [ 12130.0, 6718229.0 ] } },
{ "type": "Feature", "properties": { "osmid": 2686094286.0 }, "geometry": { "type": "Point", "coordinates": [ 11371.0, 6708483.0 ] } },
{ "type": "Feature", "properties": { "osmid": 626218.0 }, "geometry": { "type": "Point", "coordinates": [ -897.0, 6698455.0 ] } },
{ "type": "Feature", "properties": { "osmid": 7921688525.0 }, "geometry": { "type": "Point", "coordinates": [ -12986.0, 6700954.0 ] } },
{ "type": "Feature", "properties": { "osmid": 35128971.0 }, "geometry": { "type": "Point", "coordinates": [ 12353.0, 6711932.0 ] } },
{ "type": "Feature", "properties": { "osmid": 9486949040.0 }, "geometry": { "type": "Point", "coordinates": [ -8112.0, 6730463.0 ] } },
{ "type": "Feature", "properties": { "osmid": 183402953.0 }, "geometry": { "type": "Point", "coordinates": [ 11908.0, 6719239.0 ] } },
{ "type": "Feature", "properties": { "osmid": 7935382810.0 }, "geometry": { "type": "Point", "coordinates": [ -9798.0, 6699274.0 ] } },
{ "type": "Feature", "properties": { "osmid": 180589284.0 }, "geometry": { "type": "Point", "coordinates": [ 12527.0, 6716122.0 ] } },
{ "type": "Feature", "properties": { "osmid": 1177751760.0 }, "geometry": { "type": "Point", "coordinates": [ 12337.0, 6717540.0 ] } },
{ "type": "Feature", "properties": { "osmid": 13021913644.0 }, "geometry": { "type": "Point", "coordinates": [ -18902.0, 6707907.0 ] } },
{ "type": "Feature", "properties": { "osmid": 10747330308.0 }, "geometry": { "type": "Point", "coordinates": [ 12290.0, 6711288.0 ] } },
{ "type": "Feature", "properties": { "osmid": 1416669919.0 }, "geometry": { "type": "Point", "coordinates": [ 2440.0, 6729830.0 ] } },
{ "type": "Feature", "properties": { "osmid": 586310027.0 }, "geometry": { "type": "Point", "coordinates": [ 7358.0, 6702508.0 ] } },
{ "type": "Feature", "properties": { "osmid": 5717970950.0 }, "geometry": { "type": "Point", "coordinates": [ 12639.0, 6714847.0 ] } },
{ "type": "Feature", "properties": { "osmid": 5748075837.0 }, "geometry": { "type": "Point", "coordinates": [ 8344.0, 6703442.0 ] } },
{ "type": "Feature", "properties": { "osmid": 6171748053.0 }, "geometry": { "type": "Point", "coordinates": [ -20385.0, 6715134.0 ] } },
{ "type": "Feature", "properties": { "osmid": 6275739633.0 }, "geometry": { "type": "Point", "coordinates": [ 12525.0, 6716998.0 ] } },
{ "type": "Feature", "properties": { "osmid": 34923537.0 }, "geometry": { "type": "Point", "coordinates": [ -12340.0, 6700390.0 ] } },
{ "type": "Feature", "properties": { "osmid": 388271709.0 }, "geometry": { "type": "Point", "coordinates": [ -18479.0, 6706834.0 ] } },
{ "type": "Feature", "properties": { "osmid": 8746509738.0 }, "geometry": { "type": "Point", "coordinates": [ -15705.0, 6702999.0 ] } },
{ "type": "Feature", "properties": { "osmid": 10177247481.0 }, "geometry": { "type": "Point", "coordinates": [ 5106.0, 6700640.0 ] } },
{ "type": "Feature", "properties": { "osmid": 412208438.0 }, "geometry": { "type": "Point", "coordinates": [ 5920.0, 6701194.0 ] } },
{ "type": "Feature", "properties": { "osmid": 207549076.0 }, "geometry": { "type": "Point", "coordinates": [ -1165.0, 6730970.0 ] } },
{ "type": "Feature", "properties": { "osmid": 6345545359.0 }, "geometry": { "type": "Point", "coordinates": [ -6211.0, 6731041.0 ] } },
{ "type": "Feature", "properties": { "osmid": 2395054152.0 }, "geometry": { "type": "Point", "coordinates": [ -15518.0, 6726442.0 ] } },
{ "type": "Feature", "properties": { "osmid": 7236168199.0 }, "geometry": { "type": "Point", "coordinates": [ -20183.0, 6717785.0 ] } },
{ "type": "Feature", "properties": { "osmid": 32922587.0 }, "geometry": { "type": "Point", "coordinates": [ 12765.0, 6713620.0 ] } },
{ "type": "Feature", "properties": { "osmid": 13099075649.0 }, "geometry": { "type": "Point", "coordinates": [ -20493.0, 6713992.0 ] } },
{ "type": "Feature", "properties": { "osmid": 6582045947.0 }, "geometry": { "type": "Point", "coordinates": [ -15038.0, 6726947.0 ] } },
{ "type": "Feature", "properties": { "osmid": 26373334.0 }, "geometry": { "type": "Point", "coordinates": [ -20402.0, 6712414.0 ] } },
{ "type": "Feature", "properties": { "osmid": 2370591585.0 }, "geometry": { "type": "Point", "coordinates": [ -6265.0, 6698051.0 ] } },
{ "type": "Feature", "properties": { "osmid": 11176455817.0 }, "geometry": { "type": "Point", "coordinates": [ -14072.0, 6701340.0 ] } },
{ "type": "Feature", "properties": { "osmid": 12111746.0 }, "geometry": { "type": "Point", "coordinates": [ -18315.0, 6706163.0 ] } },
{ "type": "Feature", "properties": { "osmid": 13893352.0 }, "geometry": { "type": "Point", "coordinates": [ -3519.0, 6697858.0 ] } },
{ "type": "Feature", "properties": { "osmid": 60242945.0 }, "geometry": { "type": "Point", "coordinates": [ -16386.0, 6725724.0 ] } },
{ "type": "Feature", "properties": { "osmid": 6021217820.0 }, "geometry": { "type": "Point", "coordinates": [ 9357.0, 6704199.0 ] } },
{ "type": "Feature", "properties": { "osmid": 1692040306.0 }, "geometry": { "type": "Point", "coordinates": [ -20032.0, 6719175.0 ] } },
{ "type": "Feature", "properties": { "osmid": 1793129580.0 }, "geometry": { "type": "Point", "coordinates": [ 12094.0, 6719962.0 ] } },
{ "type": "Feature", "properties": { "osmid": 12857601660.0 }, "geometry": { "type": "Point", "coordinates": [ -9441.0, 6698723.0 ] } },
{ "type": "Feature", "properties": { "osmid": 1447193580.0 }, "geometry": { "type": "Point", "coordinates": [ -9658.0, 6730410.0 ] } },
{ "type": "Feature", "properties": { "osmid": 94946100.0 }, "geometry": { "type": "Point", "coordinates": [ 11911.0, 6708601.0 ] } },
{ "type": "Feature", "properties": { "osmid": 2028983645.0 }, "geometry": { "type": "Point", "coordinates": [ -13562.0, 6700805.0 ] } },
{ "type": "Feature", "properties": { "osmid": 11200418991.0 }, "geometry": { "type": "Point", "coordinates": [ -13499.0, 6728453.0 ] } },
{ "type": "Feature", "properties": { "osmid": 42085354.0 }, "geometry": { "type": "Point", "coordinates": [ -17444.0, 6704584.0 ] } },
{ "type": "Feature", "properties": { "osmid": 6583103794.0 }, "geometry": { "type": "Point", "coordinates": [ -7084.0, 6731173.0 ] } },
{ "type": "Feature", "properties": { "osmid": 38433729.0 }, "geometry": { "type": "Point", "coordinates": [ -12924.0, 6728844.0 ] } },
{ "type": "Feature", "properties": { "osmid": 6908076353.0 }, "geometry": { "type": "Point", "coordinates": [ 4925.0, 6700167.0 ] } },
{ "type": "Feature", "properties": { "osmid": 263256281.0 }, "geometry": { "type": "Point", "coordinates": [ 1741.0, 6698657.0 ] } },
{ "type": "Feature", "properties": { "osmid": 6162649791.0 }, "geometry": { "type": "Point", "coordinates": [ -8119.0, 6730971.0 ] } },
{ "type": "Feature", "properties": { "osmid": 95942491.0 }, "geometry": { "type": "Point", "coordinates": [ 12681.0, 6710893.0 ] } },
{ "type": "Feature", "properties": { "osmid": 27002616.0 }, "geometry": { "type": "Point", "coordinates": [ -453.0, 6697999.0 ] } },
{ "type": "Feature", "properties": { "osmid": 8595594885.0 }, "geometry": { "type": "Point", "coordinates": [ 2398.0, 6698836.0 ] } },
{ "type": "Feature", "properties": { "osmid": 6248343110.0 }, "geometry": { "type": "Point", "coordinates": [ 11356.0, 6707094.0 ] } },
{ "type": "Feature", "properties": { "osmid": 9219941378.0 }, "geometry": { "type": "Point", "coordinates": [ 13045.0, 6716062.0 ] } },
{ "type": "Feature", "properties": { "osmid": 26451027.0 }, "geometry": { "type": "Point", "coordinates": [ 10942.0, 6722918.0 ] } },
{ "type": "Feature", "properties": { "osmid": 6286461953.0 }, "geometry": { "type": "Point", "coordinates": [ 12597.0, 6718789.0 ] } },
{ "type": "Feature", "properties": { "osmid": 7340366335.0 }, "geometry": { "type": "Point", "coordinates": [ 4425.0, 6699769.0 ] } },
{ "type": "Feature", "properties": { "osmid": 1364332942.0 }, "geometry": { "type": "Point", "coordinates": [ -20438.0, 6718248.0 ] } },
{ "type": "Feature", "properties": { "osmid": 94925730.0 }, "geometry": { "type": "Point", "coordinates": [ 12309.0, 6709371.0 ] } },
{ "type": "Feature", "properties": { "osmid": 147725337.0 }, "geometry": { "type": "Point", "coordinates": [ 9363.0, 6725276.0 ] } },
{ "type": "Feature", "properties": { "osmid": 4420909241.0 }, "geometry": { "type": "Point", "coordinates": [ 9830.0, 6704514.0 ] } },
{ "type": "Feature", "properties": { "osmid": 626598.0 }, "geometry": { "type": "Point", "coordinates": [ 1085.0, 6698312.0 ] } },
{ "type": "Feature", "properties": { "osmid": 6275529416.0 }, "geometry": { "type": "Point", "coordinates": [ 13045.0, 6716709.0 ] } },
{ "type": "Feature", "properties": { "osmid": 2459920540.0 }, "geometry": { "type": "Point", "coordinates": [ -16575.0, 6703276.0 ] } },
{ "type": "Feature", "properties": { "osmid": 24972665.0 }, "geometry": { "type": "Point", "coordinates": [ -5997.0, 6731501.0 ] } },
{ "type": "Feature", "properties": { "osmid": 8302588368.0 }, "geometry": { "type": "Point", "coordinates": [ -1269.0, 6697723.0 ] } },
{ "type": "Feature", "properties": { "osmid": 29875206.0 }, "geometry": { "type": "Point", "coordinates": [ -18939.0, 6706593.0 ] } },
{ "type": "Feature", "properties": { "osmid": 25644695.0 }, "geometry": { "type": "Point", "coordinates": [ 5400.0, 6728973.0 ] } },
{ "type": "Feature", "properties": { "osmid": 6330578965.0 }, "geometry": { "type": "Point", "coordinates": [ 13265.0, 6713927.0 ] } },
{ "type": "Feature", "properties": { "osmid": 535998444.0 }, "geometry": { "type": "Point", "coordinates": [ -20874.0, 6712683.0 ] } },
{ "type": "Feature", "properties": { "osmid": 5748075834.0 }, "geometry": { "type": "Point", "coordinates": [ 8723.0, 6702963.0 ] } },
{ "type": "Feature", "properties": { "osmid": 119603110.0 }, "geometry": { "type": "Point", "coordinates": [ -12493.0, 6699798.0 ] } },
{ "type": "Feature", "properties": { "osmid": 13099075653.0 }, "geometry": { "type": "Point", "coordinates": [ -20989.0, 6714226.0 ] } },
{ "type": "Feature", "properties": { "osmid": 7650264745.0 }, "geometry": { "type": "Point", "coordinates": [ 6228.0, 6728472.0 ] } },
{ "type": "Feature", "properties": { "osmid": 7785890566.0 }, "geometry": { "type": "Point", "coordinates": [ -20982.0, 6713710.0 ] } },
{ "type": "Feature", "properties": { "osmid": 94908636.0 }, "geometry": { "type": "Point", "coordinates": [ 12614.0, 6709775.0 ] } },
{ "type": "Feature", "properties": { "osmid": 7843989521.0 }, "geometry": { "type": "Point", "coordinates": [ -19264.0, 6707043.0 ] } },
{ "type": "Feature", "properties": { "osmid": 6021185670.0 }, "geometry": { "type": "Point", "coordinates": [ 9164.0, 6703381.0 ] } },
{ "type": "Feature", "properties": { "osmid": 26842915.0 }, "geometry": { "type": "Point", "coordinates": [ -5851.0, 6697527.0 ] } },
{ "type": "Feature", "properties": { "osmid": 10213226643.0 }, "geometry": { "type": "Point", "coordinates": [ 70.0, 6731362.0 ] } },
{ "type": "Feature", "properties": { "osmid": 12613251198.0 }, "geometry": { "type": "Point", "coordinates": [ 7332.0, 6701504.0 ] } },
{ "type": "Feature", "properties": { "osmid": 10014713962.0 }, "geometry": { "type": "Point", "coordinates": [ -3674.0, 6697373.0 ] } },
{ "type": "Feature", "properties": { "osmid": 4339560161.0 }, "geometry": { "type": "Point", "coordinates": [ -20906.0, 6712025.0 ] } },
{ "type": "Feature", "properties": { "osmid": 33164941.0 }, "geometry": { "type": "Point", "coordinates": [ -16071.0, 6702377.0 ] } },
{ "type": "Feature", "properties": { "osmid": 13088159760.0 }, "geometry": { "type": "Point", "coordinates": [ -13541.0, 6700280.0 ] } },
{ "type": "Feature", "properties": { "osmid": 9526457710.0 }, "geometry": { "type": "Point", "coordinates": [ 12410.0, 6708675.0 ] } },
{ "type": "Feature", "properties": { "osmid": 7125412747.0 }, "geometry": { "type": "Point", "coordinates": [ 13298.0, 6712226.0 ] } },
{ "type": "Feature", "properties": { "osmid": 6930060632.0 }, "geometry": { "type": "Point", "coordinates": [ 13477.0, 6714395.0 ] } },
{ "type": "Feature", "properties": { "osmid": 32170375.0 }, "geometry": { "type": "Point", "coordinates": [ -18328.0, 6705067.0 ] } },
{ "type": "Feature", "properties": { "osmid": 9581693925.0 }, "geometry": { "type": "Point", "coordinates": [ -20584.0, 6710059.0 ] } },
{ "type": "Feature", "properties": { "osmid": 8423811285.0 }, "geometry": { "type": "Point", "coordinates": [ -14286.0, 6700753.0 ] } },
{ "type": "Feature", "properties": { "osmid": 1447169895.0 }, "geometry": { "type": "Point", "coordinates": [ -9470.0, 6731002.0 ] } },
{ "type": "Feature", "properties": { "osmid": 35487373.0 }, "geometry": { "type": "Point", "coordinates": [ 13197.0, 6711364.0 ] } },
{ "type": "Feature", "properties": { "osmid": 95945664.0 }, "geometry": { "type": "Point", "coordinates": [ 12992.0, 6710405.0 ] } },
{ "type": "Feature", "properties": { "osmid": 10032492840.0 }, "geometry": { "type": "Point", "coordinates": [ -6934.0, 6731690.0 ] } },
{ "type": "Feature", "properties": { "osmid": 12230205418.0 }, "geometry": { "type": "Point", "coordinates": [ -13556.0, 6729008.0 ] } },
{ "type": "Feature", "properties": { "osmid": 263256039.0 }, "geometry": { "type": "Point", "coordinates": [ 542.0, 6697781.0 ] } },
{ "type": "Feature", "properties": { "osmid": 29874578.0 }, "geometry": { "type": "Point", "coordinates": [ -18659.0, 6705479.0 ] } },
{ "type": "Feature", "properties": { "osmid": 5863925370.0 }, "geometry": { "type": "Point", "coordinates": [ -2786.0, 6697233.0 ] } },
{ "type": "Feature", "properties": { "osmid": 12723985418.0 }, "geometry": { "type": "Point", "coordinates": [ -21015.0, 6717478.0 ] } },
{ "type": "Feature", "properties": { "osmid": 9388089019.0 }, "geometry": { "type": "Point", "coordinates": [ -20793.0, 6718667.0 ] } },
{ "type": "Feature", "properties": { "osmid": 9238865971.0 }, "geometry": { "type": "Point", "coordinates": [ -11736.0, 6699048.0 ] } },
{ "type": "Feature", "properties": { "osmid": 25735379.0 }, "geometry": { "type": "Point", "coordinates": [ 11092.0, 6723628.0 ] } },
{ "type": "Feature", "properties": { "osmid": 26270696.0 }, "geometry": { "type": "Point", "coordinates": [ -21164.0, 6716961.0 ] } },
{ "type": "Feature", "properties": { "osmid": 94900701.0 }, "geometry": { "type": "Point", "coordinates": [ 12741.0, 6709076.0 ] } },
{ "type": "Feature", "properties": { "osmid": 3054882685.0 }, "geometry": { "type": "Point", "coordinates": [ -20964.0, 6710959.0 ] } },
{ "type": "Feature", "properties": { "osmid": 197540667.0 }, "geometry": { "type": "Point", "coordinates": [ -19909.0, 6721552.0 ] } },
{ "type": "Feature", "properties": { "osmid": 644888467.0 }, "geometry": { "type": "Point", "coordinates": [ -19565.0, 6722315.0 ] } },
{ "type": "Feature", "properties": { "osmid": 245800185.0 }, "geometry": { "type": "Point", "coordinates": [ 13621.0, 6715853.0 ] } },
{ "type": "Feature", "properties": { "osmid": 241782014.0 }, "geometry": { "type": "Point", "coordinates": [ 896.0, 6731462.0 ] } },
{ "type": "Feature", "properties": { "osmid": 6930040350.0 }, "geometry": { "type": "Point", "coordinates": [ 13669.0, 6715033.0 ] } },
{ "type": "Feature", "properties": { "osmid": 2532779166.0 }, "geometry": { "type": "Point", "coordinates": [ -21374.0, 6715339.0 ] } },
{ "type": "Feature", "properties": { "osmid": 506475649.0 }, "geometry": { "type": "Point", "coordinates": [ -14733.0, 6728361.0 ] } },
{ "type": "Feature", "properties": { "osmid": 94894984.0 }, "geometry": { "type": "Point", "coordinates": [ 12358.0, 6707847.0 ] } },
{ "type": "Feature", "properties": { "osmid": 6558550513.0 }, "geometry": { "type": "Point", "coordinates": [ 7078.0, 6700845.0 ] } },
{ "type": "Feature", "properties": { "osmid": 6021217823.0 }, "geometry": { "type": "Point", "coordinates": [ 10162.0, 6703979.0 ] } },
{ "type": "Feature", "properties": { "osmid": 254933957.0 }, "geometry": { "type": "Point", "coordinates": [ -15824.0, 6701708.0 ] } },
{ "type": "Feature", "properties": { "osmid": 1191464553.0 }, "geometry": { "type": "Point", "coordinates": [ 12650.0, 6720764.0 ] } },
{ "type": "Feature", "properties": { "osmid": 314044360.0 }, "geometry": { "type": "Point", "coordinates": [ 11565.0, 6723131.0 ] } },
{ "type": "Feature", "properties": { "osmid": 94907290.0 }, "geometry": { "type": "Point", "coordinates": [ 13126.0, 6709794.0 ] } },
{ "type": "Feature", "properties": { "osmid": 25587072.0 }, "geometry": { "type": "Point", "coordinates": [ -8030.0, 6731745.0 ] } },
{ "type": "Feature", "properties": { "osmid": 5460883197.0 }, "geometry": { "type": "Point", "coordinates": [ -5393.0, 6732182.0 ] } },
{ "type": "Feature", "properties": { "osmid": 263258826.0 }, "geometry": { "type": "Point", "coordinates": [ 3120.0, 6698363.0 ] } },
{ "type": "Feature", "properties": { "osmid": 13820248.0 }, "geometry": { "type": "Point", "coordinates": [ -5743.0, 6697024.0 ] } },
{ "type": "Feature", "properties": { "osmid": 8870823117.0 }, "geometry": { "type": "Point", "coordinates": [ -17929.0, 6703892.0 ] } },
{ "type": "Feature", "properties": { "osmid": 996751999.0 }, "geometry": { "type": "Point", "coordinates": [ -21534.0, 6714153.0 ] } },
{ "type": "Feature", "properties": { "osmid": 5583434353.0 }, "geometry": { "type": "Point", "coordinates": [ -10590.0, 6730956.0 ] } },
{ "type": "Feature", "properties": { "osmid": 13099605277.0 }, "geometry": { "type": "Point", "coordinates": [ -21506.0, 6715967.0 ] } },
{ "type": "Feature", "properties": { "osmid": 5739492113.0 }, "geometry": { "type": "Point", "coordinates": [ 13459.0, 6710752.0 ] } },
{ "type": "Feature", "properties": { "osmid": 8753595143.0 }, "geometry": { "type": "Point", "coordinates": [ -11390.0, 6730656.0 ] } },
{ "type": "Feature", "properties": { "osmid": 25598145.0 }, "geometry": { "type": "Point", "coordinates": [ -12703.0, 6729975.0 ] } },
{ "type": "Feature", "properties": { "osmid": 13893326.0 }, "geometry": { "type": "Point", "coordinates": [ -3724.0, 6696846.0 ] } },
{ "type": "Feature", "properties": { "osmid": 5307516005.0 }, "geometry": { "type": "Point", "coordinates": [ -6517.0, 6732165.0 ] } },
{ "type": "Feature", "properties": { "osmid": 5207459951.0 }, "geometry": { "type": "Point", "coordinates": [ -21439.0, 6711950.0 ] } },
{ "type": "Feature", "properties": { "osmid": 6154616865.0 }, "geometry": { "type": "Point", "coordinates": [ 8323.0, 6701627.0 ] } },
{ "type": "Feature", "properties": { "osmid": 5583449040.0 }, "geometry": { "type": "Point", "coordinates": [ -12144.0, 6730340.0 ] } },
{ "type": "Feature", "properties": { "osmid": 6331438340.0 }, "geometry": { "type": "Point", "coordinates": [ 13942.0, 6714602.0 ] } },
{ "type": "Feature", "properties": { "osmid": 30358774.0 }, "geometry": { "type": "Point", "coordinates": [ -19293.0, 6705759.0 ] } },
{ "type": "Feature", "properties": { "osmid": 13480879967.0 }, "geometry": { "type": "Point", "coordinates": [ -13875.0, 6699888.0 ] } },
{ "type": "Feature", "properties": { "osmid": 35486975.0 }, "geometry": { "type": "Point", "coordinates": [ 13808.0, 6712320.0 ] } },
{ "type": "Feature", "properties": { "osmid": 5746557540.0 }, "geometry": { "type": "Point", "coordinates": [ 13693.0, 6711447.0 ] } },
{ "type": "Feature", "properties": { "osmid": 4958773179.0 }, "geometry": { "type": "Point", "coordinates": [ -16596.0, 6702134.0 ] } },
{ "type": "Feature", "properties": { "osmid": 2516715314.0 }, "geometry": { "type": "Point", "coordinates": [ -18594.0, 6704561.0 ] } },
{ "type": "Feature", "properties": { "osmid": 3063481001.0 }, "geometry": { "type": "Point", "coordinates": [ -19840.0, 6706690.0 ] } },
{ "type": "Feature", "properties": { "osmid": 3940045501.0 }, "geometry": { "type": "Point", "coordinates": [ -21579.0, 6716606.0 ] } },
{ "type": "Feature", "properties": { "osmid": 3928946220.0 }, "geometry": { "type": "Point", "coordinates": [ -21677.0, 6713376.0 ] } },
{ "type": "Feature", "properties": { "osmid": 13378909973.0 }, "geometry": { "type": "Point", "coordinates": [ 5689.0, 6699466.0 ] } },
{ "type": "Feature", "properties": { "osmid": 8014547286.0 }, "geometry": { "type": "Point", "coordinates": [ 10226.0, 6725641.0 ] } },
{ "type": "Feature", "properties": { "osmid": 11776202.0 }, "geometry": { "type": "Point", "coordinates": [ -21238.0, 6710337.0 ] } },
{ "type": "Feature", "properties": { "osmid": 25809849.0 }, "geometry": { "type": "Point", "coordinates": [ -9285.0, 6731666.0 ] } },
{ "type": "Feature", "properties": { "osmid": 94902325.0 }, "geometry": { "type": "Point", "coordinates": [ 13273.0, 6709308.0 ] } },
{ "type": "Feature", "properties": { "osmid": 5774909759.0 }, "geometry": { "type": "Point", "coordinates": [ 491.0, 6697170.0 ] } },
{ "type": "Feature", "properties": { "osmid": 8769916667.0 }, "geometry": { "type": "Point", "coordinates": [ 7669.0, 6700816.0 ] } },
{ "type": "Feature", "properties": { "osmid": 6944575176.0 }, "geometry": { "type": "Point", "coordinates": [ -1936.0, 6696720.0 ] } },
{ "type": "Feature", "properties": { "osmid": 13137977187.0 }, "geometry": { "type": "Point", "coordinates": [ 13956.0, 6717138.0 ] } },
{ "type": "Feature", "properties": { "osmid": 8337531036.0 }, "geometry": { "type": "Point", "coordinates": [ -11826.0, 6698471.0 ] } },
{ "type": "Feature", "properties": { "osmid": 276791070.0 }, "geometry": { "type": "Point", "coordinates": [ 5411.0, 6730032.0 ] } },
{ "type": "Feature", "properties": { "osmid": 26002021.0 }, "geometry": { "type": "Point", "coordinates": [ -6992.0, 6732341.0 ] } },
{ "type": "Feature", "properties": { "osmid": 316333101.0 }, "geometry": { "type": "Point", "coordinates": [ -8571.0, 6697192.0 ] } },
{ "type": "Feature", "properties": { "osmid": 9954817298.0 }, "geometry": { "type": "Point", "coordinates": [ -14039.0, 6729509.0 ] } },
{ "type": "Feature", "properties": { "osmid": 596524104.0 }, "geometry": { "type": "Point", "coordinates": [ 14123.0, 6716362.0 ] } },
{ "type": "Feature", "properties": { "osmid": 2050281891.0 }, "geometry": { "type": "Point", "coordinates": [ -9552.0, 6697460.0 ] } },
{ "type": "Feature", "properties": { "osmid": 13039811871.0 }, "geometry": { "type": "Point", "coordinates": [ 13811.0, 6718440.0 ] } },
{ "type": "Feature", "properties": { "osmid": 94889387.0 }, "geometry": { "type": "Point", "coordinates": [ 13182.0, 6708505.0 ] } },
{ "type": "Feature", "properties": { "osmid": 9122873027.0 }, "geometry": { "type": "Point", "coordinates": [ -19130.0, 6704912.0 ] } },
{ "type": "Feature", "properties": { "osmid": 1542265689.0 }, "geometry": { "type": "Point", "coordinates": [ -13050.0, 6699019.0 ] } },
{ "type": "Feature", "properties": { "osmid": 6210383753.0 }, "geometry": { "type": "Point", "coordinates": [ -21061.0, 6708874.0 ] } },
{ "type": "Feature", "properties": { "osmid": 12230039382.0 }, "geometry": { "type": "Point", "coordinates": [ -13664.0, 6729882.0 ] } },
{ "type": "Feature", "properties": { "osmid": 1470040687.0 }, "geometry": { "type": "Point", "coordinates": [ 14268.0, 6715877.0 ] } },
{ "type": "Feature", "properties": { "osmid": 12238214.0 }, "geometry": { "type": "Point", "coordinates": [ -3598.0, 6732765.0 ] } },
{ "type": "Feature", "properties": { "osmid": 9057634248.0 }, "geometry": { "type": "Point", "coordinates": [ -9116.0, 6697192.0 ] } },
{ "type": "Feature", "properties": { "osmid": 5297757810.0 }, "geometry": { "type": "Point", "coordinates": [ -21230.0, 6720052.0 ] } },
{ "type": "Feature", "properties": { "osmid": 13802436.0 }, "geometry": { "type": "Point", "coordinates": [ -591.0, 6696673.0 ] } },
{ "type": "Feature", "properties": { "osmid": 7235312489.0 }, "geometry": { "type": "Point", "coordinates": [ 8397.0, 6701100.0 ] } },
{ "type": "Feature", "properties": { "osmid": 10604921646.0 }, "geometry": { "type": "Point", "coordinates": [ 11487.0, 6724469.0 ] } },
{ "type": "Feature", "properties": { "osmid": 1597849477.0 }, "geometry": { "type": "Point", "coordinates": [ -13014.0, 6730369.0 ] } },
{ "type": "Feature", "properties": { "osmid": 94892799.0 }, "geometry": { "type": "Point", "coordinates": [ 13077.0, 6707779.0 ] } },
{ "type": "Feature", "properties": { "osmid": 686667508.0 }, "geometry": { "type": "Point", "coordinates": [ 1257.0, 6697066.0 ] } },
{ "type": "Feature", "properties": { "osmid": 8067500238.0 }, "geometry": { "type": "Point", "coordinates": [ -12195.0, 6730848.0 ] } },
{ "type": "Feature", "properties": { "osmid": 13448784420.0 }, "geometry": { "type": "Point", "coordinates": [ -20385.0, 6706833.0 ] } },
{ "type": "Feature", "properties": { "osmid": 8938665108.0 }, "geometry": { "type": "Point", "coordinates": [ 9691.0, 6702339.0 ] } },
{ "type": "Feature", "properties": { "osmid": 36106220.0 }, "geometry": { "type": "Point", "coordinates": [ 13857.0, 6710072.0 ] } },
{ "type": "Feature", "properties": { "osmid": 6152354851.0 }, "geometry": { "type": "Point", "coordinates": [ -6598.0, 6732676.0 ] } },
{ "type": "Feature", "properties": { "osmid": 8765075035.0 }, "geometry": { "type": "Point", "coordinates": [ 8807.0, 6701398.0 ] } },
{ "type": "Feature", "properties": { "osmid": 13480879988.0 }, "geometry": { "type": "Point", "coordinates": [ -14044.0, 6699412.0 ] } },
{ "type": "Feature", "properties": { "osmid": 6298060091.0 }, "geometry": { "type": "Point", "coordinates": [ -21999.0, 6712287.0 ] } },
{ "type": "Feature", "properties": { "osmid": 6256684434.0 }, "geometry": { "type": "Point", "coordinates": [ -18260.0, 6725955.0 ] } },
{ "type": "Feature", "properties": { "osmid": 6311928213.0 }, "geometry": { "type": "Point", "coordinates": [ -20990.0, 6708029.0 ] } },
{ "type": "Feature", "properties": { "osmid": 7024724897.0 }, "geometry": { "type": "Point", "coordinates": [ -22151.0, 6716025.0 ] } },
{ "type": "Feature", "properties": { "osmid": 6536824442.0 }, "geometry": { "type": "Point", "coordinates": [ 14104.0, 6710684.0 ] } },
{ "type": "Feature", "properties": { "osmid": 26002011.0 }, "geometry": { "type": "Point", "coordinates": [ -7574.0, 6732602.0 ] } },
{ "type": "Feature", "properties": { "osmid": 30358856.0 }, "geometry": { "type": "Point", "coordinates": [ -19706.0, 6705285.0 ] } },
{ "type": "Feature", "properties": { "osmid": 5460883149.0 }, "geometry": { "type": "Point", "coordinates": [ -5117.0, 6732946.0 ] } },
{ "type": "Feature", "properties": { "osmid": 9954818793.0 }, "geometry": { "type": "Point", "coordinates": [ -14613.0, 6729516.0 ] } },
{ "type": "Feature", "properties": { "osmid": 8227529129.0 }, "geometry": { "type": "Point", "coordinates": [ -1220.0, 6696394.0 ] } },
{ "type": "Feature", "properties": { "osmid": 132907228.0 }, "geometry": { "type": "Point", "coordinates": [ 12869.0, 6722338.0 ] } },
{ "type": "Feature", "properties": { "osmid": 1191464336.0 }, "geometry": { "type": "Point", "coordinates": [ 13223.0, 6721523.0 ] } },
{ "type": "Feature", "properties": { "osmid": 24953249.0 }, "geometry": { "type": "Point", "coordinates": [ -21902.0, 6718421.0 ] } },
{ "type": "Feature", "properties": { "osmid": 9518466375.0 }, "geometry": { "type": "Point", "coordinates": [ 6520.0, 6699311.0 ] } },
{ "type": "Feature", "properties": { "osmid": 4250456316.0 }, "geometry": { "type": "Point", "coordinates": [ 12077.0, 6723974.0 ] } },
{ "type": "Feature", "properties": { "osmid": 2018982037.0 }, "geometry": { "type": "Point", "coordinates": [ -22385.0, 6714591.0 ] } },
{ "type": "Feature", "properties": { "osmid": 1869643463.0 }, "geometry": { "type": "Point", "coordinates": [ -9048.0, 6732431.0 ] } },
{ "type": "Feature", "properties": { "osmid": 13892822.0 }, "geometry": { "type": "Point", "coordinates": [ -4402.0, 6696033.0 ] } },
{ "type": "Feature", "properties": { "osmid": 9955919758.0 }, "geometry": { "type": "Point", "coordinates": [ -13499.0, 6730498.0 ] } },
{ "type": "Feature", "properties": { "osmid": 5589464508.0 }, "geometry": { "type": "Point", "coordinates": [ 13715.0, 6708380.0 ] } },
{ "type": "Feature", "properties": { "osmid": 4352676109.0 }, "geometry": { "type": "Point", "coordinates": [ -18966.0, 6703665.0 ] } },
{ "type": "Feature", "properties": { "osmid": 180642714.0 }, "geometry": { "type": "Point", "coordinates": [ 14356.0, 6718715.0 ] } },
{ "type": "Feature", "properties": { "osmid": 1793166024.0 }, "geometry": { "type": "Point", "coordinates": [ 14795.0, 6715759.0 ] } },
{ "type": "Feature", "properties": { "osmid": 5890698990.0 }, "geometry": { "type": "Point", "coordinates": [ -12054.0, 6731390.0 ] } },
{ "type": "Feature", "properties": { "osmid": 3131406779.0 }, "geometry": { "type": "Point", "coordinates": [ -246.0, 6696249.0 ] } },
{ "type": "Feature", "properties": { "osmid": 33043220.0 }, "geometry": { "type": "Point", "coordinates": [ -22482.0, 6712864.0 ] } },
{ "type": "Feature", "properties": { "osmid": 12735416264.0 }, "geometry": { "type": "Point", "coordinates": [ -8747.0, 6696527.0 ] } },
{ "type": "Feature", "properties": { "osmid": 25659264.0 }, "geometry": { "type": "Point", "coordinates": [ -22046.0, 6719061.0 ] } },
{ "type": "Feature", "properties": { "osmid": 6821515966.0 }, "geometry": { "type": "Point", "coordinates": [ -6273.0, 6733180.0 ] } },
{ "type": "Feature", "properties": { "osmid": 7885474381.0 }, "geometry": { "type": "Point", "coordinates": [ -16577.0, 6700823.0 ] } },
{ "type": "Feature", "properties": { "osmid": 2975707019.0 }, "geometry": { "type": "Point", "coordinates": [ 8990.0, 6700924.0 ] } },
{ "type": "Feature", "properties": { "osmid": 36238900.0 }, "geometry": { "type": "Point", "coordinates": [ 14355.0, 6709947.0 ] } },
{ "type": "Feature", "properties": { "osmid": 91787867.0 }, "geometry": { "type": "Point", "coordinates": [ -22117.0, 6710146.0 ] } },
{ "type": "Feature", "properties": { "osmid": 7287370703.0 }, "geometry": { "type": "Point", "coordinates": [ -22638.0, 6713849.0 ] } },
{ "type": "Feature", "properties": { "osmid": 36101676.0 }, "geometry": { "type": "Point", "coordinates": [ 14029.0, 6708777.0 ] } },
{ "type": "Feature", "properties": { "osmid": 8060702483.0 }, "geometry": { "type": "Point", "coordinates": [ 14813.0, 6712252.0 ] } },
{ "type": "Feature", "properties": { "osmid": 180642160.0 }, "geometry": { "type": "Point", "coordinates": [ 14629.0, 6718139.0 ] } },
{ "type": "Feature", "properties": { "osmid": 30737899.0 }, "geometry": { "type": "Point", "coordinates": [ -15997.0, 6700227.0 ] } },
{ "type": "Feature", "properties": { "osmid": 4760894882.0 }, "geometry": { "type": "Point", "coordinates": [ -21620.0, 6708366.0 ] } },
{ "type": "Feature", "properties": { "osmid": 521958425.0 }, "geometry": { "type": "Point", "coordinates": [ -13624.0, 6698493.0 ] } },
{ "type": "Feature", "properties": { "osmid": 10128667202.0 }, "geometry": { "type": "Point", "coordinates": [ -19784.0, 6704545.0 ] } },
{ "type": "Feature", "properties": { "osmid": 6350182477.0 }, "geometry": { "type": "Point", "coordinates": [ -22646.0, 6716123.0 ] } },
{ "type": "Feature", "properties": { "osmid": 83634883.0 }, "geometry": { "type": "Point", "coordinates": [ 8524.0, 6700327.0 ] } },
{ "type": "Feature", "properties": { "osmid": 891510720.0 }, "geometry": { "type": "Point", "coordinates": [ -22572.0, 6717203.0 ] } },
{ "type": "Feature", "properties": { "osmid": 5515430227.0 }, "geometry": { "type": "Point", "coordinates": [ -22340.0, 6710668.0 ] } },
{ "type": "Feature", "properties": { "osmid": 27027364.0 }, "geometry": { "type": "Point", "coordinates": [ -19592.0, 6704066.0 ] } },
{ "type": "Feature", "properties": { "osmid": 4210764786.0 }, "geometry": { "type": "Point", "coordinates": [ -21076.0, 6706696.0 ] } },
{ "type": "Feature", "properties": { "osmid": 12480918410.0 }, "geometry": { "type": "Point", "coordinates": [ -772.0, 6695894.0 ] } },
{ "type": "Feature", "properties": { "osmid": 4374930112.0 }, "geometry": { "type": "Point", "coordinates": [ 15094.0, 6713945.0 ] } },
{ "type": "Feature", "properties": { "osmid": 8651581056.0 }, "geometry": { "type": "Point", "coordinates": [ -5619.0, 6695716.0 ] } },
{ "type": "Feature", "properties": { "osmid": 1569309793.0 }, "geometry": { "type": "Point", "coordinates": [ -22512.0, 6718062.0 ] } },
{ "type": "Feature", "properties": { "osmid": 420449228.0 }, "geometry": { "type": "Point", "coordinates": [ 3091.0, 6696932.0 ] } },
{ "type": "Feature", "properties": { "osmid": 10032099890.0 }, "geometry": { "type": "Point", "coordinates": [ -11820.0, 6731852.0 ] } },
{ "type": "Feature", "properties": { "osmid": 2025043916.0 }, "geometry": { "type": "Point", "coordinates": [ -7440.0, 6695936.0 ] } },
{ "type": "Feature", "properties": { "osmid": 5768939962.0 }, "geometry": { "type": "Point", "coordinates": [ -9925.0, 6732613.0 ] } },
{ "type": "Feature", "properties": { "osmid": 5455559194.0 }, "geometry": { "type": "Point", "coordinates": [ 1141.0, 6732989.0 ] } },
{ "type": "Feature", "properties": { "osmid": 7184080315.0 }, "geometry": { "type": "Point", "coordinates": [ -22082.0, 6709015.0 ] } },
{ "type": "Feature", "properties": { "osmid": 26370640.0 }, "geometry": { "type": "Point", "coordinates": [ 9875.0, 6701354.0 ] } },
{ "type": "Feature", "properties": { "osmid": 12811836375.0 }, "geometry": { "type": "Point", "coordinates": [ -22685.0, 6711587.0 ] } },
{ "type": "Feature", "properties": { "osmid": 6185582296.0 }, "geometry": { "type": "Point", "coordinates": [ -14153.0, 6730686.0 ] } },
{ "type": "Feature", "properties": { "osmid": 1777173987.0 }, "geometry": { "type": "Point", "coordinates": [ 10337.0, 6727392.0 ] } },
{ "type": "Feature", "properties": { "osmid": 36238558.0 }, "geometry": { "type": "Point", "coordinates": [ 14500.0, 6709227.0 ] } },
{ "type": "Feature", "properties": { "osmid": 8674531911.0 }, "geometry": { "type": "Point", "coordinates": [ -22816.0, 6712125.0 ] } },
{ "type": "Feature", "properties": { "osmid": 5455839885.0 }, "geometry": { "type": "Point", "coordinates": [ 10548.0, 6701999.0 ] } },
{ "type": "Feature", "properties": { "osmid": 9385075987.0 }, "geometry": { "type": "Point", "coordinates": [ 12866.0, 6723915.0 ] } },
{ "type": "Feature", "properties": { "osmid": 11290512966.0 }, "geometry": { "type": "Point", "coordinates": [ -15028.0, 6730134.0 ] } },
{ "type": "Feature", "properties": { "osmid": 36100060.0 }, "geometry": { "type": "Point", "coordinates": [ 14196.0, 6708204.0 ] } },
{ "type": "Feature", "properties": { "osmid": 8418238728.0 }, "geometry": { "type": "Point", "coordinates": [ -14571.0, 6698734.0 ] } },
{ "type": "Feature", "properties": { "osmid": 8651637862.0 }, "geometry": { "type": "Point", "coordinates": [ -6799.0, 6695672.0 ] } },
{ "type": "Feature", "properties": { "osmid": 5497955697.0 }, "geometry": { "type": "Point", "coordinates": [ -20722.0, 6705510.0 ] } },
{ "type": "Feature", "properties": { "osmid": 21309509.0 }, "geometry": { "type": "Point", "coordinates": [ -19529.0, 6703522.0 ] } },
{ "type": "Feature", "properties": { "osmid": 8508477269.0 }, "geometry": { "type": "Point", "coordinates": [ -21815.0, 6707827.0 ] } },
{ "type": "Feature", "properties": { "osmid": 6171913882.0 }, "geometry": { "type": "Point", "coordinates": [ -6177.0, 6733678.0 ] } },
{ "type": "Feature", "properties": { "osmid": 9986053621.0 }, "geometry": { "type": "Point", "coordinates": [ -18952.0, 6702680.0 ] } },
{ "type": "Feature", "properties": { "osmid": 1640809647.0 }, "geometry": { "type": "Point", "coordinates": [ 15368.0, 6715591.0 ] } },
{ "type": "Feature", "properties": { "osmid": 8251367503.0 }, "geometry": { "type": "Point", "coordinates": [ -4546.0, 6695338.0 ] } },
{ "type": "Feature", "properties": { "osmid": 198751.0 }, "geometry": { "type": "Point", "coordinates": [ -18652.0, 6726947.0 ] } },
{ "type": "Feature", "properties": { "osmid": 201022.0 }, "geometry": { "type": "Point", "coordinates": [ -15970.0, 6729622.0 ] } },
{ "type": "Feature", "properties": { "osmid": 6274408336.0 }, "geometry": { "type": "Point", "coordinates": [ -10462.0, 6732733.0 ] } },
{ "type": "Feature", "properties": { "osmid": 8303116242.0 }, "geometry": { "type": "Point", "coordinates": [ 9445.0, 6700569.0 ] } },
{ "type": "Feature", "properties": { "osmid": 8085801966.0 }, "geometry": { "type": "Point", "coordinates": [ -11597.0, 6732311.0 ] } },
{ "type": "Feature", "properties": { "osmid": 7552042528.0 }, "geometry": { "type": "Point", "coordinates": [ 13966.0, 6707091.0 ] } },
{ "type": "Feature", "properties": { "osmid": 13827712.0 }, "geometry": { "type": "Point", "coordinates": [ -4006.0, 6695257.0 ] } },
{ "type": "Feature", "properties": { "osmid": 6250858631.0 }, "geometry": { "type": "Point", "coordinates": [ 9010.0, 6700123.0 ] } },
{ "type": "Feature", "properties": { "osmid": 180643587.0 }, "geometry": { "type": "Point", "coordinates": [ 15291.0, 6717644.0 ] } },
{ "type": "Feature", "properties": { "osmid": 8334587030.0 }, "geometry": { "type": "Point", "coordinates": [ -10618.0, 6696430.0 ] } },
{ "type": "Feature", "properties": { "osmid": 4882596901.0 }, "geometry": { "type": "Point", "coordinates": [ -22717.0, 6710098.0 ] } },
{ "type": "Feature", "properties": { "osmid": 9438505876.0 }, "geometry": { "type": "Point", "coordinates": [ -14307.0, 6698248.0 ] } },
{ "type": "Feature", "properties": { "osmid": 1271527912.0 }, "geometry": { "type": "Point", "coordinates": [ 5166.0, 6697403.0 ] } },
{ "type": "Feature", "properties": { "osmid": 8085224586.0 }, "geometry": { "type": "Point", "coordinates": [ -11180.0, 6732601.0 ] } },
{ "type": "Feature", "properties": { "osmid": 130179482.0 }, "geometry": { "type": "Point", "coordinates": [ -18618.0, 6701930.0 ] } },
{ "type": "Feature", "properties": { "osmid": 317478380.0 }, "geometry": { "type": "Point", "coordinates": [ 10872.0, 6727355.0 ] } },
{ "type": "Feature", "properties": { "osmid": 5589487403.0 }, "geometry": { "type": "Point", "coordinates": [ 14663.0, 6708513.0 ] } },
{ "type": "Feature", "properties": { "osmid": 2563221835.0 }, "geometry": { "type": "Point", "coordinates": [ -23159.0, 6711749.0 ] } },
{ "type": "Feature", "properties": { "osmid": 7233464342.0 }, "geometry": { "type": "Point", "coordinates": [ -8609.0, 6733566.0 ] } },
{ "type": "Feature", "properties": { "osmid": 4639919323.0 }, "geometry": { "type": "Point", "coordinates": [ -9923.0, 6733219.0 ] } },
{ "type": "Feature", "properties": { "osmid": 9217278770.0 }, "geometry": { "type": "Point", "coordinates": [ -13494.0, 6697546.0 ] } },
{ "type": "Feature", "properties": { "osmid": 5195202936.0 }, "geometry": { "type": "Point", "coordinates": [ 12777.0, 6724978.0 ] } },
{ "type": "Feature", "properties": { "osmid": 27026512.0 }, "geometry": { "type": "Point", "coordinates": [ -20045.0, 6703543.0 ] } },
{ "type": "Feature", "properties": { "osmid": 7816580941.0 }, "geometry": { "type": "Point", "coordinates": [ -17029.0, 6700080.0 ] } },
{ "type": "Feature", "properties": { "osmid": 10025842616.0 }, "geometry": { "type": "Point", "coordinates": [ 15028.0, 6709295.0 ] } },
{ "type": "Feature", "properties": { "osmid": 11492377526.0 }, "geometry": { "type": "Point", "coordinates": [ -21472.0, 6705994.0 ] } },
{ "type": "Feature", "properties": { "osmid": 11079510.0 }, "geometry": { "type": "Point", "coordinates": [ -18420.0, 6701465.0 ] } },
{ "type": "Feature", "properties": { "osmid": 8750110398.0 }, "geometry": { "type": "Point", "coordinates": [ 10077.0, 6700774.0 ] } },
{ "type": "Feature", "properties": { "osmid": 7527616810.0 }, "geometry": { "type": "Point", "coordinates": [ -19205.0, 6726852.0 ] } },
{ "type": "Feature", "properties": { "osmid": 27243547.0 }, "geometry": { "type": "Point", "coordinates": [ -16524.0, 6699581.0 ] } },
{ "type": "Feature", "properties": { "osmid": 420022138.0 }, "geometry": { "type": "Point", "coordinates": [ 2213.0, 6695899.0 ] } },
{ "type": "Feature", "properties": { "osmid": 6821515982.0 }, "geometry": { "type": "Point", "coordinates": [ -5966.0, 6734143.0 ] } },
{ "type": "Feature", "properties": { "osmid": 27122633.0 }, "geometry": { "type": "Point", "coordinates": [ -21773.0, 6706515.0 ] } },
{ "type": "Feature", "properties": { "osmid": 6275621480.0 }, "geometry": { "type": "Point", "coordinates": [ 15766.0, 6716201.0 ] } },
{ "type": "Feature", "properties": { "osmid": 6583936816.0 }, "geometry": { "type": "Point", "coordinates": [ -8160.0, 6733826.0 ] } },
{ "type": "Feature", "properties": { "osmid": 8441170503.0 }, "geometry": { "type": "Point", "coordinates": [ -15129.0, 6698436.0 ] } },
{ "type": "Feature", "properties": { "osmid": 8655666761.0 }, "geometry": { "type": "Point", "coordinates": [ -3681.0, 6694871.0 ] } },
{ "type": "Feature", "properties": { "osmid": 475531109.0 }, "geometry": { "type": "Point", "coordinates": [ -80.0, 6695192.0 ] } },
{ "type": "Feature", "properties": { "osmid": 6289246341.0 }, "geometry": { "type": "Point", "coordinates": [ -10967.0, 6733085.0 ] } },
{ "type": "Feature", "properties": { "osmid": 277060602.0 }, "geometry": { "type": "Point", "coordinates": [ -16160.0, 6730154.0 ] } },
{ "type": "Feature", "properties": { "osmid": 12604009754.0 }, "geometry": { "type": "Point", "coordinates": [ -731.0, 6694962.0 ] } },
{ "type": "Feature", "properties": { "osmid": 25696752.0 }, "geometry": { "type": "Point", "coordinates": [ -14629.0, 6731317.0 ] } },
{ "type": "Feature", "properties": { "osmid": 11060772978.0 }, "geometry": { "type": "Point", "coordinates": [ -17013.0, 6729521.0 ] } },
{ "type": "Feature", "properties": { "osmid": 13527462519.0 }, "geometry": { "type": "Point", "coordinates": [ -2706.0, 6694731.0 ] } },
{ "type": "Feature", "properties": { "osmid": 849591823.0 }, "geometry": { "type": "Point", "coordinates": [ -23484.0, 6717914.0 ] } },
{ "type": "Feature", "properties": { "osmid": 7657271489.0 }, "geometry": { "type": "Point", "coordinates": [ -23208.0, 6709806.0 ] } },
{ "type": "Feature", "properties": { "osmid": 11206344491.0 }, "geometry": { "type": "Point", "coordinates": [ 14327.0, 6722803.0 ] } },
{ "type": "Feature", "properties": { "osmid": 9393261223.0 }, "geometry": { "type": "Point", "coordinates": [ -4948.0, 6694675.0 ] } },
{ "type": "Feature", "properties": { "osmid": 1640809846.0 }, "geometry": { "type": "Point", "coordinates": [ 16076.0, 6715797.0 ] } },
{ "type": "Feature", "properties": { "osmid": 5748570490.0 }, "geometry": { "type": "Point", "coordinates": [ 15969.0, 6716984.0 ] } },
{ "type": "Feature", "properties": { "osmid": 6988568044.0 }, "geometry": { "type": "Point", "coordinates": [ 675.0, 6695152.0 ] } },
{ "type": "Feature", "properties": { "osmid": 10032291139.0 }, "geometry": { "type": "Point", "coordinates": [ -20555.0, 6703606.0 ] } },
{ "type": "Feature", "properties": { "osmid": 812149206.0 }, "geometry": { "type": "Point", "coordinates": [ -23588.0, 6711255.0 ] } },
{ "type": "Feature", "properties": { "osmid": 6583849319.0 }, "geometry": { "type": "Point", "coordinates": [ -7774.0, 6734239.0 ] } },
{ "type": "Feature", "properties": { "osmid": 5199449317.0 }, "geometry": { "type": "Point", "coordinates": [ -21197.0, 6704549.0 ] } },
{ "type": "Feature", "properties": { "osmid": 6442725502.0 }, "geometry": { "type": "Point", "coordinates": [ -23796.0, 6712562.0 ] } },
{ "type": "Feature", "properties": { "osmid": 7044783476.0 }, "geometry": { "type": "Point", "coordinates": [ 15251.0, 6708485.0 ] } },
{ "type": "Feature", "properties": { "osmid": 5629810028.0 }, "geometry": { "type": "Point", "coordinates": [ 11534.0, 6701721.0 ] } },
{ "type": "Feature", "properties": { "osmid": 267967162.0 }, "geometry": { "type": "Point", "coordinates": [ -23913.0, 6714992.0 ] } },
{ "type": "Feature", "properties": { "osmid": 247916122.0 }, "geometry": { "type": "Point", "coordinates": [ -16089.0, 6698676.0 ] } },
{ "type": "Feature", "properties": { "osmid": 7080456656.0 }, "geometry": { "type": "Point", "coordinates": [ -23000.0, 6708493.0 ] } },
{ "type": "Feature", "properties": { "osmid": 7477570092.0 }, "geometry": { "type": "Point", "coordinates": [ -5705.0, 6734620.0 ] } },
{ "type": "Feature", "properties": { "osmid": 6071499848.0 }, "geometry": { "type": "Point", "coordinates": [ 5887.0, 6697003.0 ] } },
{ "type": "Feature", "properties": { "osmid": 310880995.0 }, "geometry": { "type": "Point", "coordinates": [ -15983.0, 6730657.0 ] } },
{ "type": "Feature", "properties": { "osmid": 6804973580.0 }, "geometry": { "type": "Point", "coordinates": [ 15629.0, 6709505.0 ] } },
{ "type": "Feature", "properties": { "osmid": 35966106.0 }, "geometry": { "type": "Point", "coordinates": [ 14521.0, 6706351.0 ] } },
{ "type": "Feature", "properties": { "osmid": 27221537.0 }, "geometry": { "type": "Point", "coordinates": [ -19106.0, 6701440.0 ] } },
{ "type": "Feature", "properties": { "osmid": 36238371.0 }, "geometry": { "type": "Point", "coordinates": [ 15497.0, 6708939.0 ] } },
{ "type": "Feature", "properties": { "osmid": 420019841.0 }, "geometry": { "type": "Point", "coordinates": [ 2348.0, 6695416.0 ] } },
{ "type": "Feature", "properties": { "osmid": 6363688696.0 }, "geometry": { "type": "Point", "coordinates": [ -23534.0, 6710234.0 ] } },
{ "type": "Feature", "properties": { "osmid": 13166681872.0 }, "geometry": { "type": "Point", "coordinates": [ -20178.0, 6702737.0 ] } },
{ "type": "Feature", "properties": { "osmid": 11947834885.0 }, "geometry": { "type": "Point", "coordinates": [ 16014.0, 6718174.0 ] } },
{ "type": "Feature", "properties": { "osmid": 317478347.0 }, "geometry": { "type": "Point", "coordinates": [ 11801.0, 6727348.0 ] } },
{ "type": "Feature", "properties": { "osmid": 1465829289.0 }, "geometry": { "type": "Point", "coordinates": [ -10788.0, 6733557.0 ] } },
{ "type": "Feature", "properties": { "osmid": 12013183207.0 }, "geometry": { "type": "Point", "coordinates": [ -22732.0, 6707455.0 ] } },
{ "type": "Feature", "properties": { "osmid": 8742288590.0 }, "geometry": { "type": "Point", "coordinates": [ 10609.0, 6700506.0 ] } },
{ "type": "Feature", "properties": { "osmid": 7783196457.0 }, "geometry": { "type": "Point", "coordinates": [ 12908.0, 6703269.0 ] } },
{ "type": "Feature", "properties": { "osmid": 15657653.0 }, "geometry": { "type": "Point", "coordinates": [ -15038.0, 6697727.0 ] } },
{ "type": "Feature", "properties": { "osmid": 4103115937.0 }, "geometry": { "type": "Point", "coordinates": [ -23949.0, 6717045.0 ] } },
{ "type": "Feature", "properties": { "osmid": 6583957412.0 }, "geometry": { "type": "Point", "coordinates": [ -8790.0, 6734234.0 ] } },
{ "type": "Feature", "properties": { "osmid": 60676386.0 }, "geometry": { "type": "Point", "coordinates": [ -5834.0, 6694442.0 ] } },
{ "type": "Feature", "properties": { "osmid": 391442757.0 }, "geometry": { "type": "Point", "coordinates": [ 15103.0, 6707440.0 ] } },
{ "type": "Feature", "properties": { "osmid": 1937660925.0 }, "geometry": { "type": "Point", "coordinates": [ 14490.0, 6723291.0 ] } },
{ "type": "Feature", "properties": { "osmid": 9082475576.0 }, "geometry": { "type": "Point", "coordinates": [ -17351.0, 6699423.0 ] } },
{ "type": "Feature", "properties": { "osmid": 4750070072.0 }, "geometry": { "type": "Point", "coordinates": [ -23789.0, 6710714.0 ] } },
{ "type": "Feature", "properties": { "osmid": 2375372.0 }, "geometry": { "type": "Point", "coordinates": [ -24132.0, 6715763.0 ] } },
{ "type": "Feature", "properties": { "osmid": 6204029281.0 }, "geometry": { "type": "Point", "coordinates": [ -24028.0, 6711856.0 ] } },
{ "type": "Feature", "properties": { "osmid": 7258113.0 }, "geometry": { "type": "Point", "coordinates": [ -13424.0, 6732574.0 ] } },
{ "type": "Feature", "properties": { "osmid": 1777176971.0 }, "geometry": { "type": "Point", "coordinates": [ 11601.0, 6727893.0 ] } },
{ "type": "Feature", "properties": { "osmid": 291995045.0 }, "geometry": { "type": "Point", "coordinates": [ 5447.0, 6696426.0 ] } },
{ "type": "Feature", "properties": { "osmid": 177664249.0 }, "geometry": { "type": "Point", "coordinates": [ 16560.0, 6715944.0 ] } },
{ "type": "Feature", "properties": { "osmid": 25230599.0 }, "geometry": { "type": "Point", "coordinates": [ -20878.0, 6703216.0 ] } },
{ "type": "Feature", "properties": { "osmid": 6477042414.0 }, "geometry": { "type": "Point", "coordinates": [ 13412.0, 6703573.0 ] } },
{ "type": "Feature", "properties": { "osmid": 5757486140.0 }, "geometry": { "type": "Point", "coordinates": [ 2072.0, 6694982.0 ] } },
{ "type": "Feature", "properties": { "osmid": 25318359.0 }, "geometry": { "type": "Point", "coordinates": [ -22413.0, 6705882.0 ] } },
{ "type": "Feature", "properties": { "osmid": 1460476213.0 }, "geometry": { "type": "Point", "coordinates": [ -5397.0, 6735054.0 ] } },
{ "type": "Feature", "properties": { "osmid": 5750439033.0 }, "geometry": { "type": "Point", "coordinates": [ -24075.0, 6711131.0 ] } },
{ "type": "Feature", "properties": { "osmid": 30154888.0 }, "geometry": { "type": "Point", "coordinates": [ -4994.0, 6694105.0 ] } },
{ "type": "Feature", "properties": { "osmid": 1303452965.0 }, "geometry": { "type": "Point", "coordinates": [ -23573.0, 6720315.0 ] } },
{ "type": "Feature", "properties": { "osmid": 3203026109.0 }, "geometry": { "type": "Point", "coordinates": [ -22192.0, 6705339.0 ] } },
{ "type": "Feature", "properties": { "osmid": 391637.0 }, "geometry": { "type": "Point", "coordinates": [ -19600.0, 6727838.0 ] } },
{ "type": "Feature", "properties": { "osmid": 534228491.0 }, "geometry": { "type": "Point", "coordinates": [ -24362.0, 6716273.0 ] } },
{ "type": "Feature", "properties": { "osmid": 8084693447.0 }, "geometry": { "type": "Point", "coordinates": [ -10506.0, 6734078.0 ] } },
{ "type": "Feature", "properties": { "osmid": 12446572275.0 }, "geometry": { "type": "Point", "coordinates": [ -1747.0, 6694114.0 ] } },
{ "type": "Feature", "properties": { "osmid": 9690514314.0 }, "geometry": { "type": "Point", "coordinates": [ -19608.0, 6701338.0 ] } },
{ "type": "Feature", "properties": { "osmid": 2456679834.0 }, "geometry": { "type": "Point", "coordinates": [ -24397.0, 6712641.0 ] } },
{ "type": "Feature", "properties": { "osmid": 10027968016.0 }, "geometry": { "type": "Point", "coordinates": [ 15916.0, 6708650.0 ] } },
{ "type": "Feature", "properties": { "osmid": 248216413.0 }, "geometry": { "type": "Point", "coordinates": [ -16813.0, 6698503.0 ] } },
{ "type": "Feature", "properties": { "osmid": 17413867.0 }, "geometry": { "type": "Point", "coordinates": [ -21247.0, 6725783.0 ] } },
{ "type": "Feature", "properties": { "osmid": 390445171.0 }, "geometry": { "type": "Point", "coordinates": [ 15400.0, 6707035.0 ] } },
{ "type": "Feature", "properties": { "osmid": 10945280123.0 }, "geometry": { "type": "Point", "coordinates": [ -15072.0, 6731978.0 ] } },
{ "type": "Feature", "properties": { "osmid": 8084591714.0 }, "geometry": { "type": "Point", "coordinates": [ -9314.0, 6734571.0 ] } },
{ "type": "Feature", "properties": { "osmid": 36088361.0 }, "geometry": { "type": "Point", "coordinates": [ 15838.0, 6708154.0 ] } },
{ "type": "Feature", "properties": { "osmid": 49323264.0 }, "geometry": { "type": "Point", "coordinates": [ -21671.0, 6704024.0 ] } },
{ "type": "Feature", "properties": { "osmid": 4283262683.0 }, "geometry": { "type": "Point", "coordinates": [ -17396.0, 6730281.0 ] } },
{ "type": "Feature", "properties": { "osmid": 5298102849.0 }, "geometry": { "type": "Point", "coordinates": [ 15687.0, 6707560.0 ] } },
{ "type": "Feature", "properties": { "osmid": 9153571542.0 }, "geometry": { "type": "Point", "coordinates": [ -24205.0, 6710387.0 ] } },
{ "type": "Feature", "properties": { "osmid": 248216483.0 }, "geometry": { "type": "Point", "coordinates": [ -16325.0, 6697956.0 ] } },
{ "type": "Feature", "properties": { "osmid": 9877472.0 }, "geometry": { "type": "Point", "coordinates": [ -18525.0, 6729364.0 ] } },
{ "type": "Feature", "properties": { "osmid": 7446792426.0 }, "geometry": { "type": "Point", "coordinates": [ 11120.0, 6700134.0 ] } },
{ "type": "Feature", "properties": { "osmid": 145739574.0 }, "geometry": { "type": "Point", "coordinates": [ -8332.0, 6694261.0 ] } },
{ "type": "Feature", "properties": { "osmid": 27221661.0 }, "geometry": { "type": "Point", "coordinates": [ -19226.0, 6700540.0 ] } },
{ "type": "Feature", "properties": { "osmid": 448877106.0 }, "geometry": { "type": "Point", "coordinates": [ -20318.0, 6727376.0 ] } },
{ "type": "Feature", "properties": { "osmid": 8190850465.0 }, "geometry": { "type": "Point", "coordinates": [ -19343.0, 6728547.0 ] } },
{ "type": "Feature", "properties": { "osmid": 12238198.0 }, "geometry": { "type": "Point", "coordinates": [ -3368.0, 6735483.0 ] } },
{ "type": "Feature", "properties": { "osmid": 8084647557.0 }, "geometry": { "type": "Point", "coordinates": [ -10212.0, 6734503.0 ] } },
{ "type": "Feature", "properties": { "osmid": 447370069.0 }, "geometry": { "type": "Point", "coordinates": [ 1341.0, 6694350.0 ] } },
{ "type": "Feature", "properties": { "osmid": 971847107.0 }, "geometry": { "type": "Point", "coordinates": [ -24708.0, 6713052.0 ] } },
{ "type": "Feature", "properties": { "osmid": 15658511.0 }, "geometry": { "type": "Point", "coordinates": [ -15328.0, 6697082.0 ] } },
{ "type": "Feature", "properties": { "osmid": 9233558599.0 }, "geometry": { "type": "Point", "coordinates": [ 10475.0, 6699316.0 ] } },
{ "type": "Feature", "properties": { "osmid": 5456009158.0 }, "geometry": { "type": "Point", "coordinates": [ 12441.0, 6701417.0 ] } },
{ "type": "Feature", "properties": { "osmid": 6283317028.0 }, "geometry": { "type": "Point", "coordinates": [ -21195.0, 6702817.0 ] } },
{ "type": "Feature", "properties": { "osmid": 1985819617.0 }, "geometry": { "type": "Point", "coordinates": [ -17081.0, 6730897.0 ] } },
{ "type": "Feature", "properties": { "osmid": 25990225.0 }, "geometry": { "type": "Point", "coordinates": [ -20561.0, 6701879.0 ] } },
{ "type": "Feature", "properties": { "osmid": 25229293.0 }, "geometry": { "type": "Point", "coordinates": [ -21570.0, 6703320.0 ] } },
{ "type": "Feature", "properties": { "osmid": 427003146.0 }, "geometry": { "type": "Point", "coordinates": [ 7369.0, 6696836.0 ] } },
{ "type": "Feature", "properties": { "osmid": 3284829442.0 }, "geometry": { "type": "Point", "coordinates": [ -24560.0, 6710927.0 ] } },
{ "type": "Feature", "properties": { "osmid": 7486921987.0 }, "geometry": { "type": "Point", "coordinates": [ -13251.0, 6733414.0 ] } },
{ "type": "Feature", "properties": { "osmid": 7660416205.0 }, "geometry": { "type": "Point", "coordinates": [ -24073.0, 6720411.0 ] } },
{ "type": "Feature", "properties": { "osmid": 878860.0 }, "geometry": { "type": "Point", "coordinates": [ -5250.0, 6735595.0 ] } },
{ "type": "Feature", "properties": { "osmid": 3734618397.0 }, "geometry": { "type": "Point", "coordinates": [ -3850.0, 6735647.0 ] } },
{ "type": "Feature", "properties": { "osmid": 6173288015.0 }, "geometry": { "type": "Point", "coordinates": [ -8911.0, 6735044.0 ] } },
{ "type": "Feature", "properties": { "osmid": 25583127.0 }, "geometry": { "type": "Point", "coordinates": [ 14894.0, 6724229.0 ] } },
{ "type": "Feature", "properties": { "osmid": 6637752819.0 }, "geometry": { "type": "Point", "coordinates": [ 13759.0, 6702996.0 ] } },
{ "type": "Feature", "properties": { "osmid": 3181698977.0 }, "geometry": { "type": "Point", "coordinates": [ -24942.0, 6713793.0 ] } },
{ "type": "Feature", "properties": { "osmid": 5623304909.0 }, "geometry": { "type": "Point", "coordinates": [ -16876.0, 6697976.0 ] } },
{ "type": "Feature", "properties": { "osmid": 620849243.0 }, "geometry": { "type": "Point", "coordinates": [ -21407.0, 6726338.0 ] } },
{ "type": "Feature", "properties": { "osmid": 7254299255.0 }, "geometry": { "type": "Point", "coordinates": [ -19001.0, 6699880.0 ] } },
{ "type": "Feature", "properties": { "osmid": 36728708.0 }, "geometry": { "type": "Point", "coordinates": [ 15578.0, 6706297.0 ] } },
{ "type": "Feature", "properties": { "osmid": 10733113380.0 }, "geometry": { "type": "Point", "coordinates": [ -23332.0, 6722823.0 ] } },
{ "type": "Feature", "properties": { "osmid": 24955344.0 }, "geometry": { "type": "Point", "coordinates": [ -7732.0, 6735389.0 ] } },
{ "type": "Feature", "properties": { "osmid": 12446546012.0 }, "geometry": { "type": "Point", "coordinates": [ -427.0, 6693724.0 ] } },
{ "type": "Feature", "properties": { "osmid": 7402603642.0 }, "geometry": { "type": "Point", "coordinates": [ 16613.0, 6709210.0 ] } },
{ "type": "Feature", "properties": { "osmid": 8218863635.0 }, "geometry": { "type": "Point", "coordinates": [ 11095.0, 6699613.0 ] } },
{ "type": "Feature", "properties": { "osmid": 391499791.0 }, "geometry": { "type": "Point", "coordinates": [ 15948.0, 6707115.0 ] } },
{ "type": "Feature", "properties": { "osmid": 408761888.0 }, "geometry": { "type": "Point", "coordinates": [ 16344.0, 6708076.0 ] } },
{ "type": "Feature", "properties": { "osmid": 5646605144.0 }, "geometry": { "type": "Point", "coordinates": [ -17679.0, 6730717.0 ] } },
{ "type": "Feature", "properties": { "osmid": 199367.0 }, "geometry": { "type": "Point", "coordinates": [ -21209.0, 6726857.0 ] } },
{ "type": "Feature", "properties": { "osmid": 596254035.0 }, "geometry": { "type": "Point", "coordinates": [ 17320.0, 6716754.0 ] } },
{ "type": "Feature", "properties": { "osmid": 27309424.0 }, "geometry": { "type": "Point", "coordinates": [ 9227.0, 6697803.0 ] } },
{ "type": "Feature", "properties": { "osmid": 13652028424.0 }, "geometry": { "type": "Point", "coordinates": [ 17404.0, 6716124.0 ] } },
{ "type": "Feature", "properties": { "osmid": 12621429784.0 }, "geometry": { "type": "Point", "coordinates": [ -25047.0, 6712408.0 ] } },
{ "type": "Feature", "properties": { "osmid": 2375123.0 }, "geometry": { "type": "Point", "coordinates": [ -25132.0, 6716259.0 ] } },
{ "type": "Feature", "properties": { "osmid": 9216884846.0 }, "geometry": { "type": "Point", "coordinates": [ 16246.0, 6721834.0 ] } },
{ "type": "Feature", "properties": { "osmid": 3865505280.0 }, "geometry": { "type": "Point", "coordinates": [ -24645.0, 6709692.0 ] } },
{ "type": "Feature", "properties": { "osmid": 8191222840.0 }, "geometry": { "type": "Point", "coordinates": [ -19482.0, 6729164.0 ] } },
{ "type": "Feature", "properties": { "osmid": 5599539461.0 }, "geometry": { "type": "Point", "coordinates": [ 15831.0, 6722924.0 ] } },
{ "type": "Feature", "properties": { "osmid": 9193358905.0 }, "geometry": { "type": "Point", "coordinates": [ -24391.0, 6708687.0 ] } },
{ "type": "Feature", "properties": { "osmid": 7823795778.0 }, "geometry": { "type": "Point", "coordinates": [ -18598.0, 6699087.0 ] } },
{ "type": "Feature", "properties": { "osmid": 5599539449.0 }, "geometry": { "type": "Point", "coordinates": [ 16102.0, 6722364.0 ] } },
{ "type": "Feature", "properties": { "osmid": 3195055505.0 }, "geometry": { "type": "Point", "coordinates": [ -25211.0, 6712908.0 ] } },
{ "type": "Feature", "properties": { "osmid": 11884201488.0 }, "geometry": { "type": "Point", "coordinates": [ 13689.0, 6702280.0 ] } },
{ "type": "Feature", "properties": { "osmid": 3195845025.0 }, "geometry": { "type": "Point", "coordinates": [ -25018.0, 6711153.0 ] } },
{ "type": "Feature", "properties": { "osmid": 1763000557.0 }, "geometry": { "type": "Point", "coordinates": [ -15130.0, 6696357.0 ] } },
{ "type": "Feature", "properties": { "osmid": 5316891994.0 }, "geometry": { "type": "Point", "coordinates": [ 17279.0, 6710913.0 ] } },
{ "type": "Feature", "properties": { "osmid": 25229201.0 }, "geometry": { "type": "Point", "coordinates": [ -22262.0, 6703559.0 ] } },
{ "type": "Feature", "properties": { "osmid": 6645402865.0 }, "geometry": { "type": "Point", "coordinates": [ -24266.0, 6707948.0 ] } },
{ "type": "Feature", "properties": { "osmid": 6865162316.0 }, "geometry": { "type": "Point", "coordinates": [ -23075.0, 6704991.0 ] } },
{ "type": "Feature", "properties": { "osmid": 3803512363.0 }, "geometry": { "type": "Point", "coordinates": [ 15710.0, 6723504.0 ] } },
{ "type": "Feature", "properties": { "osmid": 2213457191.0 }, "geometry": { "type": "Point", "coordinates": [ 17076.0, 6709696.0 ] } },
{ "type": "Feature", "properties": { "osmid": 3191021117.0 }, "geometry": { "type": "Point", "coordinates": [ -3589.0, 6736093.0 ] } },
{ "type": "Feature", "properties": { "osmid": 11216973848.0 }, "geometry": { "type": "Point", "coordinates": [ -12348.0, 6734358.0 ] } },
{ "type": "Feature", "properties": { "osmid": 366205092.0 }, "geometry": { "type": "Point", "coordinates": [ -16803.0, 6731781.0 ] } },
{ "type": "Feature", "properties": { "osmid": 126472893.0 }, "geometry": { "type": "Point", "coordinates": [ -16675.0, 6697301.0 ] } },
{ "type": "Feature", "properties": { "osmid": 5915820353.0 }, "geometry": { "type": "Point", "coordinates": [ 8135.0, 6696706.0 ] } },
{ "type": "Feature", "properties": { "osmid": 145673753.0 }, "geometry": { "type": "Point", "coordinates": [ -5322.0, 6693112.0 ] } },
{ "type": "Feature", "properties": { "osmid": 6174603992.0 }, "geometry": { "type": "Point", "coordinates": [ -5896.0, 6736041.0 ] } },
{ "type": "Feature", "properties": { "osmid": 25990925.0 }, "geometry": { "type": "Point", "coordinates": [ -21227.0, 6701859.0 ] } },
{ "type": "Feature", "properties": { "osmid": 10988064.0 }, "geometry": { "type": "Point", "coordinates": [ -8808.0, 6735583.0 ] } },
{ "type": "Feature", "properties": { "osmid": 6821618585.0 }, "geometry": { "type": "Point", "coordinates": [ -5164.0, 6736123.0 ] } },
{ "type": "Feature", "properties": { "osmid": 10689715349.0 }, "geometry": { "type": "Point", "coordinates": [ -25407.0, 6714018.0 ] } },
{ "type": "Feature", "properties": { "osmid": 1605697917.0 }, "geometry": { "type": "Point", "coordinates": [ 1899.0, 6693798.0 ] } },
{ "type": "Feature", "properties": { "osmid": 6031863464.0 }, "geometry": { "type": "Point", "coordinates": [ 16697.0, 6721220.0 ] } },
{ "type": "Feature", "properties": { "osmid": 3220776197.0 }, "geometry": { "type": "Point", "coordinates": [ 17747.0, 6715163.0 ] } },
{ "type": "Feature", "properties": { "osmid": 9572091938.0 }, "geometry": { "type": "Point", "coordinates": [ -22105.0, 6702970.0 ] } },
{ "type": "Feature", "properties": { "osmid": 26489679.0 }, "geometry": { "type": "Point", "coordinates": [ -23865.0, 6722913.0 ] } },
{ "type": "Feature", "properties": { "osmid": 9747698501.0 }, "geometry": { "type": "Point", "coordinates": [ -24793.0, 6708986.0 ] } },
{ "type": "Feature", "properties": { "osmid": 23803914.0 }, "geometry": { "type": "Point", "coordinates": [ -25376.0, 6717269.0 ] } },
{ "type": "Feature", "properties": { "osmid": 6794273036.0 }, "geometry": { "type": "Point", "coordinates": [ 17774.0, 6716545.0 ] } },
{ "type": "Feature", "properties": { "osmid": 8455920517.0 }, "geometry": { "type": "Point", "coordinates": [ -22242.0, 6726165.0 ] } },
{ "type": "Feature", "properties": { "osmid": 672390.0 }, "geometry": { "type": "Point", "coordinates": [ -24257.0, 6722207.0 ] } },
{ "type": "Feature", "properties": { "osmid": 3194424241.0 }, "geometry": { "type": "Point", "coordinates": [ -6689.0, 6736197.0 ] } },
{ "type": "Feature", "properties": { "osmid": 586396168.0 }, "geometry": { "type": "Point", "coordinates": [ 13516.0, 6701425.0 ] } },
{ "type": "Feature", "properties": { "osmid": 36095794.0 }, "geometry": { "type": "Point", "coordinates": [ 16974.0, 6708084.0 ] } },
{ "type": "Feature", "properties": { "osmid": 196081.0 }, "geometry": { "type": "Point", "coordinates": [ -19508.0, 6729800.0 ] } },
{ "type": "Feature", "properties": { "osmid": 27221928.0 }, "geometry": { "type": "Point", "coordinates": [ -19659.0, 6699509.0 ] } },
{ "type": "Feature", "properties": { "osmid": 199350.0 }, "geometry": { "type": "Point", "coordinates": [ -21779.0, 6727105.0 ] } },
{ "type": "Feature", "properties": { "osmid": 12713480278.0 }, "geometry": { "type": "Point", "coordinates": [ -24843.0, 6708396.0 ] } },
{ "type": "Feature", "properties": { "osmid": 9464325098.0 }, "geometry": { "type": "Point", "coordinates": [ 16560.0, 6706680.0 ] } },
{ "type": "Feature", "properties": { "osmid": 9624246612.0 }, "geometry": { "type": "Point", "coordinates": [ 15683.0, 6724506.0 ] } },
{ "type": "Feature", "properties": { "osmid": 4959806203.0 }, "geometry": { "type": "Point", "coordinates": [ -15140.0, 6695824.0 ] } },
{ "type": "Feature", "properties": { "osmid": 5836502583.0 }, "geometry": { "type": "Point", "coordinates": [ -25446.0, 6718569.0 ] } },
{ "type": "Feature", "properties": { "osmid": 475740148.0 }, "geometry": { "type": "Point", "coordinates": [ -25717.0, 6716835.0 ] } },
{ "type": "Feature", "properties": { "osmid": 8796965651.0 }, "geometry": { "type": "Point", "coordinates": [ -3435.0, 6692616.0 ] } },
{ "type": "Feature", "properties": { "osmid": 671776401.0 }, "geometry": { "type": "Point", "coordinates": [ 17296.0, 6708523.0 ] } },
{ "type": "Feature", "properties": { "osmid": 9219712085.0 }, "geometry": { "type": "Point", "coordinates": [ 17238.0, 6720985.0 ] } },
{ "type": "Feature", "properties": { "osmid": 10935296815.0 }, "geometry": { "type": "Point", "coordinates": [ -23483.0, 6704573.0 ] } },
{ "type": "Feature", "properties": { "osmid": 8064025775.0 }, "geometry": { "type": "Point", "coordinates": [ -9019.0, 6736041.0 ] } },
{ "type": "Feature", "properties": { "osmid": 2270889029.0 }, "geometry": { "type": "Point", "coordinates": [ 8904.0, 6696605.0 ] } },
{ "type": "Feature", "properties": { "osmid": 13791985695.0 }, "geometry": { "type": "Point", "coordinates": [ -2784.0, 6736648.0 ] } },
{ "type": "Feature", "properties": { "osmid": 6794259099.0 }, "geometry": { "type": "Point", "coordinates": [ 18216.0, 6715342.0 ] } },
{ "type": "Feature", "properties": { "osmid": 185742216.0 }, "geometry": { "type": "Point", "coordinates": [ -25688.0, 6711326.0 ] } },
{ "type": "Feature", "properties": { "osmid": 145681548.0 }, "geometry": { "type": "Point", "coordinates": [ -5430.0, 6692564.0 ] } },
{ "type": "Feature", "properties": { "osmid": 5616266924.0 }, "geometry": { "type": "Point", "coordinates": [ 2119.0, 6693327.0 ] } },
{ "type": "Feature", "properties": { "osmid": 6794273034.0 }, "geometry": { "type": "Point", "coordinates": [ 18125.0, 6716906.0 ] } },
{ "type": "Feature", "properties": { "osmid": 23183179.0 }, "geometry": { "type": "Point", "coordinates": [ -11924.0, 6735169.0 ] } },
{ "type": "Feature", "properties": { "osmid": 2964134015.0 }, "geometry": { "type": "Point", "coordinates": [ -23086.0, 6703675.0 ] } },
{ "type": "Feature", "properties": { "osmid": 22331367.0 }, "geometry": { "type": "Point", "coordinates": [ -21889.0, 6701794.0 ] } },
{ "type": "Feature", "properties": { "osmid": 2097644.0 }, "geometry": { "type": "Point", "coordinates": [ -17759.0, 6731808.0 ] } },
{ "type": "Feature", "properties": { "osmid": 140048338.0 }, "geometry": { "type": "Point", "coordinates": [ 617.0, 6692902.0 ] } },
{ "type": "Feature", "properties": { "osmid": 5014243533.0 }, "geometry": { "type": "Point", "coordinates": [ -24907.0, 6707705.0 ] } },
{ "type": "Feature", "properties": { "osmid": 5388234110.0 }, "geometry": { "type": "Point", "coordinates": [ -17283.0, 6696979.0 ] } },
{ "type": "Feature", "properties": { "osmid": 10039926083.0 }, "geometry": { "type": "Point", "coordinates": [ -7422.0, 6736476.0 ] } },
{ "type": "Feature", "properties": { "osmid": 9998715238.0 }, "geometry": { "type": "Point", "coordinates": [ -23569.0, 6724729.0 ] } },
{ "type": "Feature", "properties": { "osmid": 882187554.0 }, "geometry": { "type": "Point", "coordinates": [ -22430.0, 6702475.0 ] } },
{ "type": "Feature", "properties": { "osmid": 4711583474.0 }, "geometry": { "type": "Point", "coordinates": [ -25983.0, 6716197.0 ] } },
{ "type": "Feature", "properties": { "osmid": 5768901322.0 }, "geometry": { "type": "Point", "coordinates": [ -3381.0, 6736785.0 ] } },
{ "type": "Feature", "properties": { "osmid": 5646715060.0 }, "geometry": { "type": "Point", "coordinates": [ -24423.0, 6722974.0 ] } },
{ "type": "Feature", "properties": { "osmid": 7209719915.0 }, "geometry": { "type": "Point", "coordinates": [ -5153.0, 6736774.0 ] } },
{ "type": "Feature", "properties": { "osmid": 8950182843.0 }, "geometry": { "type": "Point", "coordinates": [ -25281.0, 6708662.0 ] } },
{ "type": "Feature", "properties": { "osmid": 17788896.0 }, "geometry": { "type": "Point", "coordinates": [ -22826.0, 6702941.0 ] } },
{ "type": "Feature", "properties": { "osmid": 7290398110.0 }, "geometry": { "type": "Point", "coordinates": [ -16760.0, 6696413.0 ] } },
{ "type": "Feature", "properties": { "osmid": 1763000278.0 }, "geometry": { "type": "Point", "coordinates": [ -13979.0, 6694729.0 ] } },
{ "type": "Feature", "properties": { "osmid": 12020137190.0 }, "geometry": { "type": "Point", "coordinates": [ -24009.0, 6724185.0 ] } },
{ "type": "Feature", "properties": { "osmid": 673362925.0 }, "geometry": { "type": "Point", "coordinates": [ 17840.0, 6709277.0 ] } },
{ "type": "Feature", "properties": { "osmid": 6137322.0 }, "geometry": { "type": "Point", "coordinates": [ -5700.0, 6736868.0 ] } },
{ "type": "Feature", "properties": { "osmid": 252664376.0 }, "geometry": { "type": "Point", "coordinates": [ -23191.0, 6725863.0 ] } },
{ "type": "Feature", "properties": { "osmid": 13702707987.0 }, "geometry": { "type": "Point", "coordinates": [ -18413.0, 6697603.0 ] } },
{ "type": "Feature", "properties": { "osmid": 9561840882.0 }, "geometry": { "type": "Point", "coordinates": [ 18551.0, 6714893.0 ] } },
{ "type": "Feature", "properties": { "osmid": 20960847.0 }, "geometry": { "type": "Point", "coordinates": [ -24800.0, 6706648.0 ] } },
{ "type": "Feature", "properties": { "osmid": 8073158209.0 }, "geometry": { "type": "Point", "coordinates": [ 18207.0, 6710608.0 ] } },
{ "type": "Feature", "properties": { "osmid": 6167428776.0 }, "geometry": { "type": "Point", "coordinates": [ 18567.0, 6714389.0 ] } },
{ "type": "Feature", "properties": { "osmid": 7076273185.0 }, "geometry": { "type": "Point", "coordinates": [ -21484.0, 6700754.0 ] } },
{ "type": "Feature", "properties": { "osmid": 17657499.0 }, "geometry": { "type": "Point", "coordinates": [ -23576.0, 6703934.0 ] } },
{ "type": "Feature", "properties": { "osmid": 13328471956.0 }, "geometry": { "type": "Point", "coordinates": [ -25918.0, 6710402.0 ] } },
{ "type": "Feature", "properties": { "osmid": 30155486.0 }, "geometry": { "type": "Point", "coordinates": [ -6219.0, 6692228.0 ] } },
{ "type": "Feature", "properties": { "osmid": 36712041.0 }, "geometry": { "type": "Point", "coordinates": [ -19035.0, 6697996.0 ] } },
{ "type": "Feature", "properties": { "osmid": 20917309.0 }, "geometry": { "type": "Point", "coordinates": [ -24225.0, 6705043.0 ] } },
{ "type": "Feature", "properties": { "osmid": 6271893588.0 }, "geometry": { "type": "Point", "coordinates": [ -8886.0, 6736532.0 ] } },
{ "type": "Feature", "properties": { "osmid": 10780450481.0 }, "geometry": { "type": "Point", "coordinates": [ -24871.0, 6722654.0 ] } },
{ "type": "Feature", "properties": { "osmid": 20917280.0 }, "geometry": { "type": "Point", "coordinates": [ -25405.0, 6708088.0 ] } },
{ "type": "Feature", "properties": { "osmid": 3194426413.0 }, "geometry": { "type": "Point", "coordinates": [ -6672.0, 6736946.0 ] } },
{ "type": "Feature", "properties": { "osmid": 7554335912.0 }, "geometry": { "type": "Point", "coordinates": [ -25690.0, 6720115.0 ] } },
{ "type": "Feature", "properties": { "osmid": 934814451.0 }, "geometry": { "type": "Point", "coordinates": [ -26384.0, 6713807.0 ] } },
{ "type": "Feature", "properties": { "osmid": 149325494.0 }, "geometry": { "type": "Point", "coordinates": [ -6739.0, 6692221.0 ] } },
{ "type": "Feature", "properties": { "osmid": 12077592884.0 }, "geometry": { "type": "Point", "coordinates": [ 15435.0, 6726380.0 ] } },
{ "type": "Feature", "properties": { "osmid": 11371222799.0 }, "geometry": { "type": "Point", "coordinates": [ -7851.0, 6736858.0 ] } },
{ "type": "Feature", "properties": { "osmid": 7330236246.0 }, "geometry": { "type": "Point", "coordinates": [ -23963.0, 6704255.0 ] } },
{ "type": "Feature", "properties": { "osmid": 11191893231.0 }, "geometry": { "type": "Point", "coordinates": [ -25758.0, 6708899.0 ] } },
{ "type": "Feature", "properties": { "osmid": 6040205436.0 }, "geometry": { "type": "Point", "coordinates": [ 9941.0, 6696638.0 ] } },
{ "type": "Feature", "properties": { "osmid": 1768757569.0 }, "geometry": { "type": "Point", "coordinates": [ 18544.0, 6718021.0 ] } },
{ "type": "Feature", "properties": { "osmid": 6531322265.0 }, "geometry": { "type": "Point", "coordinates": [ 2124.0, 6692717.0 ] } },
{ "type": "Feature", "properties": { "osmid": 9338187491.0 }, "geometry": { "type": "Point", "coordinates": [ 14940.0, 6701884.0 ] } },
{ "type": "Feature", "properties": { "osmid": 6167430296.0 }, "geometry": { "type": "Point", "coordinates": [ 18843.0, 6713966.0 ] } },
{ "type": "Feature", "properties": { "osmid": 4929510837.0 }, "geometry": { "type": "Point", "coordinates": [ -4625.0, 6737295.0 ] } },
{ "type": "Feature", "properties": { "osmid": 4412398509.0 }, "geometry": { "type": "Point", "coordinates": [ 17289.0, 6706297.0 ] } },
{ "type": "Feature", "properties": { "osmid": 2112659852.0 }, "geometry": { "type": "Point", "coordinates": [ -24237.0, 6724645.0 ] } },
{ "type": "Feature", "properties": { "osmid": 12780332.0 }, "geometry": { "type": "Point", "coordinates": [ -11971.0, 6735828.0 ] } },
{ "type": "Feature", "properties": { "osmid": 5853857906.0 }, "geometry": { "type": "Point", "coordinates": [ -23325.0, 6702873.0 ] } },
{ "type": "Feature", "properties": { "osmid": 1794469485.0 }, "geometry": { "type": "Point", "coordinates": [ 17838.0, 6721447.0 ] } },
{ "type": "Feature", "properties": { "osmid": 11884077624.0 }, "geometry": { "type": "Point", "coordinates": [ -24900.0, 6723218.0 ] } },
{ "type": "Feature", "properties": { "osmid": 243235106.0 }, "geometry": { "type": "Point", "coordinates": [ -15824.0, 6695235.0 ] } },
{ "type": "Feature", "properties": { "osmid": 419281894.0 }, "geometry": { "type": "Point", "coordinates": [ 12047.0, 6698291.0 ] } },
{ "type": "Feature", "properties": { "osmid": 5388234726.0 }, "geometry": { "type": "Point", "coordinates": [ -17715.0, 6696523.0 ] } },
{ "type": "Feature", "properties": { "osmid": 266955647.0 }, "geometry": { "type": "Point", "coordinates": [ -16151.0, 6733798.0 ] } },
{ "type": "Feature", "properties": { "osmid": 3002265347.0 }, "geometry": { "type": "Point", "coordinates": [ -26475.0, 6717519.0 ] } },
{ "type": "Feature", "properties": { "osmid": 9338635524.0 }, "geometry": { "type": "Point", "coordinates": [ 15468.0, 6702450.0 ] } },
{ "type": "Feature", "properties": { "osmid": 1350616379.0 }, "geometry": { "type": "Point", "coordinates": [ 18133.0, 6708443.0 ] } },
{ "type": "Feature", "properties": { "osmid": 1117582976.0 }, "geometry": { "type": "Point", "coordinates": [ -26625.0, 6712753.0 ] } },
{ "type": "Feature", "properties": { "osmid": 26917963.0 }, "geometry": { "type": "Point", "coordinates": [ -3918.0, 6737454.0 ] } },
{ "type": "Feature", "properties": { "osmid": 13670311337.0 }, "geometry": { "type": "Point", "coordinates": [ -21820.0, 6728742.0 ] } },
{ "type": "Feature", "properties": { "osmid": 11204586642.0 }, "geometry": { "type": "Point", "coordinates": [ -4551.0, 6691733.0 ] } },
{ "type": "Feature", "properties": { "osmid": 26769245.0 }, "geometry": { "type": "Point", "coordinates": [ -20999.0, 6699397.0 ] } },
{ "type": "Feature", "properties": { "osmid": 7209759248.0 }, "geometry": { "type": "Point", "coordinates": [ -5292.0, 6737483.0 ] } },
{ "type": "Feature", "properties": { "osmid": 3536212679.0 }, "geometry": { "type": "Point", "coordinates": [ 19051.0, 6713372.0 ] } },
{ "type": "Feature", "properties": { "osmid": 140339243.0 }, "geometry": { "type": "Point", "coordinates": [ -2502.0, 6691693.0 ] } },
{ "type": "Feature", "properties": { "osmid": 21321664.0 }, "geometry": { "type": "Point", "coordinates": [ -23731.0, 6726088.0 ] } },
{ "type": "Feature", "properties": { "osmid": 1793273883.0 }, "geometry": { "type": "Point", "coordinates": [ 19114.0, 6714676.0 ] } },
{ "type": "Feature", "properties": { "osmid": 6583809885.0 }, "geometry": { "type": "Point", "coordinates": [ -7540.0, 6737267.0 ] } },
{ "type": "Feature", "properties": { "osmid": 882215106.0 }, "geometry": { "type": "Point", "coordinates": [ -22035.0, 6700541.0 ] } },
{ "type": "Feature", "properties": { "osmid": 18235198.0 }, "geometry": { "type": "Point", "coordinates": [ -24812.0, 6705161.0 ] } },
{ "type": "Feature", "properties": { "osmid": 3264439304.0 }, "geometry": { "type": "Point", "coordinates": [ -3184.0, 6737598.0 ] } },
{ "type": "Feature", "properties": { "osmid": 770859673.0 }, "geometry": { "type": "Point", "coordinates": [ 14169.0, 6728956.0 ] } },
{ "type": "Feature", "properties": { "osmid": 20915046.0 }, "geometry": { "type": "Point", "coordinates": [ -25866.0, 6707776.0 ] } },
{ "type": "Feature", "properties": { "osmid": 9588848043.0 }, "geometry": { "type": "Point", "coordinates": [ -24534.0, 6704424.0 ] } },
{ "type": "Feature", "properties": { "osmid": 18877710.0 }, "geometry": { "type": "Point", "coordinates": [ -25247.0, 6705998.0 ] } },
{ "type": "Feature", "properties": { "osmid": 147865678.0 }, "geometry": { "type": "Point", "coordinates": [ -7266.0, 6691791.0 ] } },
{ "type": "Feature", "properties": { "osmid": 13065255834.0 }, "geometry": { "type": "Point", "coordinates": [ -25552.0, 6722474.0 ] } },
{ "type": "Feature", "properties": { "osmid": 5732993681.0 }, "geometry": { "type": "Point", "coordinates": [ 19141.0, 6716818.0 ] } },
{ "type": "Feature", "properties": { "osmid": 6376838531.0 }, "geometry": { "type": "Point", "coordinates": [ 18602.0, 6709163.0 ] } },
{ "type": "Feature", "properties": { "osmid": 7890861302.0 }, "geometry": { "type": "Point", "coordinates": [ -9111.0, 6737100.0 ] } },
{ "type": "Feature", "properties": { "osmid": 21411509.0 }, "geometry": { "type": "Point", "coordinates": [ -22447.0, 6700881.0 ] } },
{ "type": "Feature", "properties": { "osmid": 13364042830.0 }, "geometry": { "type": "Point", "coordinates": [ -25393.0, 6722991.0 ] } },
{ "type": "Feature", "properties": { "osmid": 6302942649.0 }, "geometry": { "type": "Point", "coordinates": [ 15826.0, 6726747.0 ] } },
{ "type": "Feature", "properties": { "osmid": 24939240.0 }, "geometry": { "type": "Point", "coordinates": [ -21758.0, 6699951.0 ] } },
{ "type": "Feature", "properties": { "osmid": 4393328776.0 }, "geometry": { "type": "Point", "coordinates": [ 18531.0, 6720520.0 ] } },
{ "type": "Feature", "properties": { "osmid": 11296200981.0 }, "geometry": { "type": "Point", "coordinates": [ -10963.0, 6736643.0 ] } },
{ "type": "Feature", "properties": { "osmid": 6685632447.0 }, "geometry": { "type": "Point", "coordinates": [ -10320.0, 6692352.0 ] } },
{ "type": "Feature", "properties": { "osmid": 21431216.0 }, "geometry": { "type": "Point", "coordinates": [ -26245.0, 6720592.0 ] } },
{ "type": "Feature", "properties": { "osmid": 1340492228.0 }, "geometry": { "type": "Point", "coordinates": [ -23375.0, 6702089.0 ] } },
{ "type": "Feature", "properties": { "osmid": 2465910393.0 }, "geometry": { "type": "Point", "coordinates": [ -4414.0, 6737788.0 ] } },
{ "type": "Feature", "properties": { "osmid": 6167430368.0 }, "geometry": { "type": "Point", "coordinates": [ 19340.0, 6713903.0 ] } },
{ "type": "Feature", "properties": { "osmid": 4984035426.0 }, "geometry": { "type": "Point", "coordinates": [ -27043.0, 6713431.0 ] } },
{ "type": "Feature", "properties": { "osmid": 770462773.0 }, "geometry": { "type": "Point", "coordinates": [ 14641.0, 6728650.0 ] } },
{ "type": "Feature", "properties": { "osmid": 11343720770.0 }, "geometry": { "type": "Point", "coordinates": [ 2258.0, 6692160.0 ] } },
{ "type": "Feature", "properties": { "osmid": 11371222792.0 }, "geometry": { "type": "Point", "coordinates": [ -8366.0, 6737444.0 ] } },
{ "type": "Feature", "properties": { "osmid": 1175977771.0 }, "geometry": { "type": "Point", "coordinates": [ 18499.0, 6721141.0 ] } },
{ "type": "Feature", "properties": { "osmid": 185717268.0 }, "geometry": { "type": "Point", "coordinates": [ -26937.0, 6711418.0 ] } },
{ "type": "Feature", "properties": { "osmid": 22532106.0 }, "geometry": { "type": "Point", "coordinates": [ -26652.0, 6719422.0 ] } },
{ "type": "Feature", "properties": { "osmid": 43383186.0 }, "geometry": { "type": "Point", "coordinates": [ -20141.0, 6697926.0 ] } },
{ "type": "Feature", "properties": { "osmid": 30155558.0 }, "geometry": { "type": "Point", "coordinates": [ -6767.0, 6691471.0 ] } },
{ "type": "Feature", "properties": { "osmid": 256416566.0 }, "geometry": { "type": "Point", "coordinates": [ -26494.0, 6709037.0 ] } },
{ "type": "Feature", "properties": { "osmid": 5772130063.0 }, "geometry": { "type": "Point", "coordinates": [ -27007.0, 6717508.0 ] } },
{ "type": "Feature", "properties": { "osmid": 9338635494.0 }, "geometry": { "type": "Point", "coordinates": [ 15971.0, 6702273.0 ] } },
{ "type": "Feature", "properties": { "osmid": 7894921963.0 }, "geometry": { "type": "Point", "coordinates": [ -13497.0, 6735882.0 ] } },
{ "type": "Feature", "properties": { "osmid": 5747853058.0 }, "geometry": { "type": "Point", "coordinates": [ 18667.0, 6708277.0 ] } },
{ "type": "Feature", "properties": { "osmid": 2198685475.0 }, "geometry": { "type": "Point", "coordinates": [ -22293.0, 6729033.0 ] } },
{ "type": "Feature", "properties": { "osmid": 6489531062.0 }, "geometry": { "type": "Point", "coordinates": [ -5390.0, 6737983.0 ] } },
{ "type": "Feature", "properties": { "osmid": 451689745.0 }, "geometry": { "type": "Point", "coordinates": [ -26618.0, 6720162.0 ] } },
{ "type": "Feature", "properties": { "osmid": 2377792.0 }, "geometry": { "type": "Point", "coordinates": [ -27283.0, 6715285.0 ] } },
{ "type": "Feature", "properties": { "osmid": 196794.0 }, "geometry": { "type": "Point", "coordinates": [ -21858.0, 6729620.0 ] } },
{ "type": "Feature", "properties": { "osmid": 3752949938.0 }, "geometry": { "type": "Point", "coordinates": [ -19066.0, 6696746.0 ] } },
{ "type": "Feature", "properties": { "osmid": 12454395248.0 }, "geometry": { "type": "Point", "coordinates": [ -9647.0, 6737353.0 ] } },
{ "type": "Feature", "properties": { "osmid": 145653035.0 }, "geometry": { "type": "Point", "coordinates": [ -3393.0, 6691101.0 ] } },
{ "type": "Feature", "properties": { "osmid": 6302914585.0 }, "geometry": { "type": "Point", "coordinates": [ 15788.0, 6727513.0 ] } },
{ "type": "Feature", "properties": { "osmid": 11216927919.0 }, "geometry": { "type": "Point", "coordinates": [ -10489.0, 6737161.0 ] } },
{ "type": "Feature", "properties": { "osmid": 5766653131.0 }, "geometry": { "type": "Point", "coordinates": [ -3396.0, 6738169.0 ] } },
{ "type": "Feature", "properties": { "osmid": 10037872872.0 }, "geometry": { "type": "Point", "coordinates": [ -27356.0, 6712754.0 ] } },
{ "type": "Feature", "properties": { "osmid": 35130869.0 }, "geometry": { "type": "Point", "coordinates": [ 19132.0, 6709336.0 ] } },
{ "type": "Feature", "properties": { "osmid": 6483159585.0 }, "geometry": { "type": "Point", "coordinates": [ -7461.0, 6691299.0 ] } },
{ "type": "Feature", "properties": { "osmid": 2616334967.0 }, "geometry": { "type": "Point", "coordinates": [ -21549.0, 6730223.0 ] } },
{ "type": "Feature", "properties": { "osmid": 5766559009.0 }, "geometry": { "type": "Point", "coordinates": [ -2287.0, 6738194.0 ] } },
{ "type": "Feature", "properties": { "osmid": 27351976.0 }, "geometry": { "type": "Point", "coordinates": [ -11561.0, 6692236.0 ] } },
{ "type": "Feature", "properties": { "osmid": 9806714507.0 }, "geometry": { "type": "Point", "coordinates": [ -27064.0, 6710003.0 ] } },
{ "type": "Feature", "properties": { "osmid": 322828746.0 }, "geometry": { "type": "Point", "coordinates": [ 14115.0, 6730006.0 ] } },
{ "type": "Feature", "properties": { "osmid": 31509746.0 }, "geometry": { "type": "Point", "coordinates": [ 19255.0, 6719749.0 ] } },
{ "type": "Feature", "properties": { "osmid": 1801791710.0 }, "geometry": { "type": "Point", "coordinates": [ -5810.0, 6691007.0 ] } },
{ "type": "Feature", "properties": { "osmid": 12197143390.0 }, "geometry": { "type": "Point", "coordinates": [ -27474.0, 6716199.0 ] } },
{ "type": "Feature", "properties": { "osmid": 5515515698.0 }, "geometry": { "type": "Point", "coordinates": [ -27400.0, 6712078.0 ] } },
{ "type": "Feature", "properties": { "osmid": 598737623.0 }, "geometry": { "type": "Point", "coordinates": [ 19535.0, 6718364.0 ] } },
{ "type": "Feature", "properties": { "osmid": 18878520.0 }, "geometry": { "type": "Point", "coordinates": [ -25918.0, 6705909.0 ] } },
{ "type": "Feature", "properties": { "osmid": 5558158479.0 }, "geometry": { "type": "Point", "coordinates": [ -8935.0, 6737769.0 ] } },
{ "type": "Feature", "properties": { "osmid": 8108957565.0 }, "geometry": { "type": "Point", "coordinates": [ -24877.0, 6725582.0 ] } },
{ "type": "Feature", "properties": { "osmid": 198658.0 }, "geometry": { "type": "Point", "coordinates": [ -22835.0, 6728830.0 ] } },
{ "type": "Feature", "properties": { "osmid": 4362045495.0 }, "geometry": { "type": "Point", "coordinates": [ -15137.0, 6735471.0 ] } },
{ "type": "Feature", "properties": { "osmid": 4808275440.0 }, "geometry": { "type": "Point", "coordinates": [ -26782.0, 6708458.0 ] } },
{ "type": "Feature", "properties": { "osmid": 247043001.0 }, "geometry": { "type": "Point", "coordinates": [ -18012.0, 6695544.0 ] } },
{ "type": "Feature", "properties": { "osmid": 385375054.0 }, "geometry": { "type": "Point", "coordinates": [ -23844.0, 6701782.0 ] } },
{ "type": "Feature", "properties": { "osmid": 1373683828.0 }, "geometry": { "type": "Point", "coordinates": [ -16747.0, 6734546.0 ] } },
{ "type": "Feature", "properties": { "osmid": 68378278.0 }, "geometry": { "type": "Point", "coordinates": [ -27341.0, 6711040.0 ] } },
{ "type": "Feature", "properties": { "osmid": 6578493554.0 }, "geometry": { "type": "Point", "coordinates": [ -21263.0, 6698415.0 ] } },
{ "type": "Feature", "properties": { "osmid": 6302908676.0 }, "geometry": { "type": "Point", "coordinates": [ 15124.0, 6728922.0 ] } },
{ "type": "Feature", "properties": { "osmid": 12942422238.0 }, "geometry": { "type": "Point", "coordinates": [ -6648.0, 6690972.0 ] } },
{ "type": "Feature", "properties": { "osmid": 4319633138.0 }, "geometry": { "type": "Point", "coordinates": [ -25427.0, 6704569.0 ] } },
{ "type": "Feature", "properties": { "osmid": 6169090559.0 }, "geometry": { "type": "Point", "coordinates": [ 19943.0, 6714424.0 ] } },
{ "type": "Feature", "properties": { "osmid": 5747853109.0 }, "geometry": { "type": "Point", "coordinates": [ 18998.0, 6707885.0 ] } },
{ "type": "Feature", "properties": { "osmid": 9567332258.0 }, "geometry": { "type": "Point", "coordinates": [ 10763.0, 6695781.0 ] } },
{ "type": "Feature", "properties": { "osmid": 18126578.0 }, "geometry": { "type": "Point", "coordinates": [ -27030.0, 6709058.0 ] } },
{ "type": "Feature", "properties": { "osmid": 21542829.0 }, "geometry": { "type": "Point", "coordinates": [ -24758.0, 6726071.0 ] } },
{ "type": "Feature", "properties": { "osmid": 252050752.0 }, "geometry": { "type": "Point", "coordinates": [ -2964.0, 6738436.0 ] } },
{ "type": "Feature", "properties": { "osmid": 12385909230.0 }, "geometry": { "type": "Point", "coordinates": [ 15716.0, 6700944.0 ] } },
{ "type": "Feature", "properties": { "osmid": 8322164689.0 }, "geometry": { "type": "Point", "coordinates": [ -26874.0, 6720904.0 ] } },
{ "type": "Feature", "properties": { "osmid": 9338635377.0 }, "geometry": { "type": "Point", "coordinates": [ 16533.0, 6702129.0 ] } },
{ "type": "Feature", "properties": { "osmid": 2133510391.0 }, "geometry": { "type": "Point", "coordinates": [ 19382.0, 6720322.0 ] } },
{ "type": "Feature", "properties": { "osmid": 268860213.0 }, "geometry": { "type": "Point", "coordinates": [ -8144.0, 6691046.0 ] } },
{ "type": "Feature", "properties": { "osmid": 4219665404.0 }, "geometry": { "type": "Point", "coordinates": [ -27084.0, 6720395.0 ] } },
{ "type": "Feature", "properties": { "osmid": 1326923647.0 }, "geometry": { "type": "Point", "coordinates": [ -27793.0, 6715383.0 ] } },
{ "type": "Feature", "properties": { "osmid": 7644727395.0 }, "geometry": { "type": "Point", "coordinates": [ -5253.0, 6738528.0 ] } },
{ "type": "Feature", "properties": { "osmid": 11064138898.0 }, "geometry": { "type": "Point", "coordinates": [ 19913.0, 6711414.0 ] } },
{ "type": "Feature", "properties": { "osmid": 27300974.0 }, "geometry": { "type": "Point", "coordinates": [ -27630.0, 6717748.0 ] } },
{ "type": "Feature", "properties": { "osmid": 992591384.0 }, "geometry": { "type": "Point", "coordinates": [ 13395.0, 6697911.0 ] } },
{ "type": "Feature", "properties": { "osmid": 243040120.0 }, "geometry": { "type": "Point", "coordinates": [ -17790.0, 6695058.0 ] } },
{ "type": "Feature", "properties": { "osmid": 10969983133.0 }, "geometry": { "type": "Point", "coordinates": [ -20795.0, 6697578.0 ] } },
{ "type": "Feature", "properties": { "osmid": 11674010459.0 }, "geometry": { "type": "Point", "coordinates": [ -27846.0, 6713405.0 ] } },
{ "type": "Feature", "properties": { "osmid": 10970079365.0 }, "geometry": { "type": "Point", "coordinates": [ -19427.0, 6696269.0 ] } },
{ "type": "Feature", "properties": { "osmid": 453753461.0 }, "geometry": { "type": "Point", "coordinates": [ -2795.0, 6690562.0 ] } },
{ "type": "Feature", "properties": { "osmid": 10220648076.0 }, "geometry": { "type": "Point", "coordinates": [ -8609.0, 6738192.0 ] } },
{ "type": "Feature", "properties": { "osmid": 36239366.0 }, "geometry": { "type": "Point", "coordinates": [ 19111.0, 6707372.0 ] } },
{ "type": "Feature", "properties": { "osmid": 2017374985.0 }, "geometry": { "type": "Point", "coordinates": [ -10128.0, 6691318.0 ] } },
{ "type": "Feature", "properties": { "osmid": 1134264578.0 }, "geometry": { "type": "Point", "coordinates": [ -6387.0, 6738579.0 ] } },
{ "type": "Feature", "properties": { "osmid": 12431707256.0 }, "geometry": { "type": "Point", "coordinates": [ -6231.0, 6690507.0 ] } },
{ "type": "Feature", "properties": { "osmid": 700357961.0 }, "geometry": { "type": "Point", "coordinates": [ 3032.0, 6691388.0 ] } },
{ "type": "Feature", "properties": { "osmid": 9082409823.0 }, "geometry": { "type": "Point", "coordinates": [ -17520.0, 6694616.0 ] } },
{ "type": "Feature", "properties": { "osmid": 5862360631.0 }, "geometry": { "type": "Point", "coordinates": [ -27923.0, 6712003.0 ] } },
{ "type": "Feature", "properties": { "osmid": 202097.0 }, "geometry": { "type": "Point", "coordinates": [ -26350.0, 6723561.0 ] } },
{ "type": "Feature", "properties": { "osmid": 68379692.0 }, "geometry": { "type": "Point", "coordinates": [ -27880.0, 6711434.0 ] } },
{ "type": "Feature", "properties": { "osmid": 16811265.0 }, "geometry": { "type": "Point", "coordinates": [ -7121.0, 6738621.0 ] } },
{ "type": "Feature", "properties": { "osmid": 9339208689.0 }, "geometry": { "type": "Point", "coordinates": [ 17024.0, 6702267.0 ] } },
{ "type": "Feature", "properties": { "osmid": 10969845106.0 }, "geometry": { "type": "Point", "coordinates": [ -20230.0, 6696711.0 ] } },
{ "type": "Feature", "properties": { "osmid": 3964555384.0 }, "geometry": { "type": "Point", "coordinates": [ -27724.0, 6718910.0 ] } },
{ "type": "Feature", "properties": { "osmid": 2121864180.0 }, "geometry": { "type": "Point", "coordinates": [ 20185.0, 6718066.0 ] } },
{ "type": "Feature", "properties": { "osmid": 130158309.0 }, "geometry": { "type": "Point", "coordinates": [ -18789.0, 6695452.0 ] } },
{ "type": "Feature", "properties": { "osmid": 21411583.0 }, "geometry": { "type": "Point", "coordinates": [ -22254.0, 6698725.0 ] } },
{ "type": "Feature", "properties": { "osmid": 10856236335.0 }, "geometry": { "type": "Point", "coordinates": [ -28082.0, 6712703.0 ] } },
{ "type": "Feature", "properties": { "osmid": 3803463365.0 }, "geometry": { "type": "Point", "coordinates": [ 19490.0, 6721395.0 ] } },
{ "type": "Feature", "properties": { "osmid": 31466540.0 }, "geometry": { "type": "Point", "coordinates": [ -26543.0, 6705822.0 ] } },
{ "type": "Feature", "properties": { "osmid": 9363601999.0 }, "geometry": { "type": "Point", "coordinates": [ 15773.0, 6700214.0 ] } },
{ "type": "Feature", "properties": { "osmid": 431647284.0 }, "geometry": { "type": "Point", "coordinates": [ 16298.0, 6700959.0 ] } },
{ "type": "Feature", "properties": { "osmid": 9265544089.0 }, "geometry": { "type": "Point", "coordinates": [ 16499.0, 6727949.0 ] } },
{ "type": "Feature", "properties": { "osmid": 20838326.0 }, "geometry": { "type": "Point", "coordinates": [ -25382.0, 6725973.0 ] } },
{ "type": "Feature", "properties": { "osmid": 87352469.0 }, "geometry": { "type": "Point", "coordinates": [ -27921.0, 6718295.0 ] } },
{ "type": "Feature", "properties": { "osmid": 13230397331.0 }, "geometry": { "type": "Point", "coordinates": [ 20496.0, 6713999.0 ] } },
{ "type": "Feature", "properties": { "osmid": 5772130065.0 }, "geometry": { "type": "Point", "coordinates": [ -28062.0, 6717284.0 ] } },
{ "type": "Feature", "properties": { "osmid": 12279140818.0 }, "geometry": { "type": "Point", "coordinates": [ -16703.0, 6693866.0 ] } },
{ "type": "Feature", "properties": { "osmid": 2166271034.0 }, "geometry": { "type": "Point", "coordinates": [ -17137.0, 6694119.0 ] } },
{ "type": "Feature", "properties": { "osmid": 260662196.0 }, "geometry": { "type": "Point", "coordinates": [ -27458.0, 6708319.0 ] } },
{ "type": "Feature", "properties": { "osmid": 1794469481.0 }, "geometry": { "type": "Point", "coordinates": [ 19456.0, 6721924.0 ] } },
{ "type": "Feature", "properties": { "osmid": 247074477.0 }, "geometry": { "type": "Point", "coordinates": [ -1768.0, 6690256.0 ] } },
{ "type": "Feature", "properties": { "osmid": 323141925.0 }, "geometry": { "type": "Point", "coordinates": [ -26398.0, 6705189.0 ] } },
{ "type": "Feature", "properties": { "osmid": 9626834613.0 }, "geometry": { "type": "Point", "coordinates": [ 18350.0, 6724808.0 ] } },
{ "type": "Feature", "properties": { "osmid": 662887.0 }, "geometry": { "type": "Point", "coordinates": [ -20691.0, 6732306.0 ] } },
{ "type": "Feature", "properties": { "osmid": 107210237.0 }, "geometry": { "type": "Point", "coordinates": [ -7590.0, 6690419.0 ] } },
{ "type": "Feature", "properties": { "osmid": 11731197407.0 }, "geometry": { "type": "Point", "coordinates": [ -25998.0, 6704155.0 ] } },
{ "type": "Feature", "properties": { "osmid": 21093593.0 }, "geometry": { "type": "Point", "coordinates": [ -24648.0, 6701655.0 ] } },
{ "type": "Feature", "properties": { "osmid": 7483503630.0 }, "geometry": { "type": "Point", "coordinates": [ -5150.0, 6739068.0 ] } },
{ "type": "Feature", "properties": { "osmid": 11577234370.0 }, "geometry": { "type": "Point", "coordinates": [ 20583.0, 6712467.0 ] } },
{ "type": "Feature", "properties": { "osmid": 245019245.0 }, "geometry": { "type": "Point", "coordinates": [ 18896.0, 6723786.0 ] } },
{ "type": "Feature", "properties": { "osmid": 126377450.0 }, "geometry": { "type": "Point", "coordinates": [ -20089.0, 6696201.0 ] } },
{ "type": "Feature", "properties": { "osmid": 14957024.0 }, "geometry": { "type": "Point", "coordinates": [ -23509.0, 6729344.0 ] } },
{ "type": "Feature", "properties": { "osmid": 27150143.0 }, "geometry": { "type": "Point", "coordinates": [ -20763.0, 6696767.0 ] } },
{ "type": "Feature", "properties": { "osmid": 5758771679.0 }, "geometry": { "type": "Point", "coordinates": [ -1170.0, 6690139.0 ] } },
{ "type": "Feature", "properties": { "osmid": 11064149673.0 }, "geometry": { "type": "Point", "coordinates": [ 20459.0, 6710788.0 ] } },
{ "type": "Feature", "properties": { "osmid": 10289817478.0 }, "geometry": { "type": "Point", "coordinates": [ -20257.0, 6732946.0 ] } },
{ "type": "Feature", "properties": { "osmid": 1972940130.0 }, "geometry": { "type": "Point", "coordinates": [ -25248.0, 6726792.0 ] } },
{ "type": "Feature", "properties": { "osmid": 81586076.0 }, "geometry": { "type": "Point", "coordinates": [ 3424.0, 6691068.0 ] } },
{ "type": "Feature", "properties": { "osmid": 9499296832.0 }, "geometry": { "type": "Point", "coordinates": [ -19736.0, 6695776.0 ] } },
{ "type": "Feature", "properties": { "osmid": 6833579702.0 }, "geometry": { "type": "Point", "coordinates": [ -27706.0, 6720736.0 ] } },
{ "type": "Feature", "properties": { "osmid": 262185239.0 }, "geometry": { "type": "Point", "coordinates": [ -14513.0, 6736809.0 ] } },
{ "type": "Feature", "properties": { "osmid": 676858002.0 }, "geometry": { "type": "Point", "coordinates": [ -15053.0, 6736549.0 ] } },
{ "type": "Feature", "properties": { "osmid": 6276231023.0 }, "geometry": { "type": "Point", "coordinates": [ -11559.0, 6738030.0 ] } },
{ "type": "Feature", "properties": { "osmid": 1771255097.0 }, "geometry": { "type": "Point", "coordinates": [ 20377.0, 6709960.0 ] } },
{ "type": "Feature", "properties": { "osmid": 1928571195.0 }, "geometry": { "type": "Point", "coordinates": [ 20793.0, 6713507.0 ] } },
{ "type": "Feature", "properties": { "osmid": 23723351.0 }, "geometry": { "type": "Point", "coordinates": [ -17625.0, 6735094.0 ] } },
{ "type": "Feature", "properties": { "osmid": 10220685443.0 }, "geometry": { "type": "Point", "coordinates": [ -7898.0, 6739000.0 ] } },
{ "type": "Feature", "properties": { "osmid": 11002352643.0 }, "geometry": { "type": "Point", "coordinates": [ -26621.0, 6724259.0 ] } },
{ "type": "Feature", "properties": { "osmid": 357144500.0 }, "geometry": { "type": "Point", "coordinates": [ -24639.0, 6701146.0 ] } },
{ "type": "Feature", "properties": { "osmid": 70976393.0 }, "geometry": { "type": "Point", "coordinates": [ -28452.0, 6711669.0 ] } },
{ "type": "Feature", "properties": { "osmid": 9818817127.0 }, "geometry": { "type": "Point", "coordinates": [ -27971.0, 6708928.0 ] } },
{ "type": "Feature", "properties": { "osmid": 8060383095.0 }, "geometry": { "type": "Point", "coordinates": [ 19792.0, 6707183.0 ] } },
{ "type": "Feature", "properties": { "osmid": 5764560929.0 }, "geometry": { "type": "Point", "coordinates": [ -3137.0, 6739371.0 ] } },
{ "type": "Feature", "properties": { "osmid": 10735248530.0 }, "geometry": { "type": "Point", "coordinates": [ -26927.0, 6723662.0 ] } },
{ "type": "Feature", "properties": { "osmid": 2264861012.0 }, "geometry": { "type": "Point", "coordinates": [ -12754.0, 6737744.0 ] } },
{ "type": "Feature", "properties": { "osmid": 262184410.0 }, "geometry": { "type": "Point", "coordinates": [ -12077.0, 6737996.0 ] } },
{ "type": "Feature", "properties": { "osmid": 1139155934.0 }, "geometry": { "type": "Point", "coordinates": [ 19449.0, 6723148.0 ] } },
{ "type": "Feature", "properties": { "osmid": 130195073.0 }, "geometry": { "type": "Point", "coordinates": [ -19195.0, 6695085.0 ] } },
{ "type": "Feature", "properties": { "osmid": 2524809956.0 }, "geometry": { "type": "Point", "coordinates": [ -12752.0, 6691397.0 ] } },
{ "type": "Feature", "properties": { "osmid": 2344287784.0 }, "geometry": { "type": "Point", "coordinates": [ -13769.0, 6737391.0 ] } },
{ "type": "Feature", "properties": { "osmid": 2306997795.0 }, "geometry": { "type": "Point", "coordinates": [ -11172.0, 6690829.0 ] } },
{ "type": "Feature", "properties": { "osmid": 267232429.0 }, "geometry": { "type": "Point", "coordinates": [ -28094.0, 6720178.0 ] } },
{ "type": "Feature", "properties": { "osmid": 3220776187.0 }, "geometry": { "type": "Point", "coordinates": [ 21034.0, 6714095.0 ] } },
{ "type": "Feature", "properties": { "osmid": 191083539.0 }, "geometry": { "type": "Point", "coordinates": [ 20977.0, 6712825.0 ] } },
{ "type": "Feature", "properties": { "osmid": 234646126.0 }, "geometry": { "type": "Point", "coordinates": [ -20049.0, 6733531.0 ] } },
{ "type": "Feature", "properties": { "osmid": 12888919839.0 }, "geometry": { "type": "Point", "coordinates": [ -7210.0, 6739289.0 ] } },
{ "type": "Feature", "properties": { "osmid": 6577753832.0 }, "geometry": { "type": "Point", "coordinates": [ -28728.0, 6713004.0 ] } },
{ "type": "Feature", "properties": { "osmid": 20917253.0 }, "geometry": { "type": "Point", "coordinates": [ -27822.0, 6707688.0 ] } },
{ "type": "Feature", "properties": { "osmid": 1927002826.0 }, "geometry": { "type": "Point", "coordinates": [ -7030.0, 6689842.0 ] } },
{ "type": "Feature", "properties": { "osmid": 7965169213.0 }, "geometry": { "type": "Point", "coordinates": [ -17907.0, 6693948.0 ] } },
{ "type": "Feature", "properties": { "osmid": 10300563533.0 }, "geometry": { "type": "Point", "coordinates": [ -28317.0, 6719651.0 ] } },
{ "type": "Feature", "properties": { "osmid": 6377204382.0 }, "geometry": { "type": "Point", "coordinates": [ 19439.0, 6723656.0 ] } },
{ "type": "Feature", "properties": { "osmid": 5774113706.0 }, "geometry": { "type": "Point", "coordinates": [ -6373.0, 6739464.0 ] } },
{ "type": "Feature", "properties": { "osmid": 1767912424.0 }, "geometry": { "type": "Point", "coordinates": [ -28564.0, 6710860.0 ] } },
{ "type": "Feature", "properties": { "osmid": 12394321170.0 }, "geometry": { "type": "Point", "coordinates": [ -18551.0, 6734820.0 ] } },
{ "type": "Feature", "properties": { "osmid": 243043528.0 }, "geometry": { "type": "Point", "coordinates": [ -17479.0, 6693628.0 ] } },
{ "type": "Feature", "properties": { "osmid": 2700708156.0 }, "geometry": { "type": "Point", "coordinates": [ -28857.0, 6714132.0 ] } },
{ "type": "Feature", "properties": { "osmid": 3191021120.0 }, "geometry": { "type": "Point", "coordinates": [ -16288.0, 6736307.0 ] } },
{ "type": "Feature", "properties": { "osmid": 304131841.0 }, "geometry": { "type": "Point", "coordinates": [ -28486.0, 6719066.0 ] } },
{ "type": "Feature", "properties": { "osmid": 1927002813.0 }, "geometry": { "type": "Point", "coordinates": [ -7586.0, 6689830.0 ] } },
{ "type": "Feature", "properties": { "osmid": 811086059.0 }, "geometry": { "type": "Point", "coordinates": [ -27889.0, 6721683.0 ] } },
{ "type": "Feature", "properties": { "osmid": 8595891652.0 }, "geometry": { "type": "Point", "coordinates": [ -20875.0, 6696189.0 ] } },
{ "type": "Feature", "properties": { "osmid": 11972557721.0 }, "geometry": { "type": "Point", "coordinates": [ -28405.0, 6709389.0 ] } },
{ "type": "Feature", "properties": { "osmid": 4944058111.0 }, "geometry": { "type": "Point", "coordinates": [ -25158.0, 6727922.0 ] } },
{ "type": "Feature", "properties": { "osmid": 251397915.0 }, "geometry": { "type": "Point", "coordinates": [ -23961.0, 6729672.0 ] } },
{ "type": "Feature", "properties": { "osmid": 450790440.0 }, "geometry": { "type": "Point", "coordinates": [ -28148.0, 6721049.0 ] } },
{ "type": "Feature", "properties": { "osmid": 368293874.0 }, "geometry": { "type": "Point", "coordinates": [ 3800.0, 6690649.0 ] } },
{ "type": "Feature", "properties": { "osmid": 19091848.0 }, "geometry": { "type": "Point", "coordinates": [ -20034.0, 6695352.0 ] } },
{ "type": "Feature", "properties": { "osmid": 260255375.0 }, "geometry": { "type": "Point", "coordinates": [ -2145.0, 6739689.0 ] } },
{ "type": "Feature", "properties": { "osmid": 245054861.0 }, "geometry": { "type": "Point", "coordinates": [ -26705.0, 6704097.0 ] } },
{ "type": "Feature", "properties": { "osmid": 700357910.0 }, "geometry": { "type": "Point", "coordinates": [ 2428.0, 6690242.0 ] } },
{ "type": "Feature", "properties": { "osmid": 430928664.0 }, "geometry": { "type": "Point", "coordinates": [ 16998.0, 6700506.0 ] } },
{ "type": "Feature", "properties": { "osmid": 3563807016.0 }, "geometry": { "type": "Point", "coordinates": [ 21269.0, 6716149.0 ] } },
{ "type": "Feature", "properties": { "osmid": 2331073756.0 }, "geometry": { "type": "Point", "coordinates": [ 19698.0, 6705697.0 ] } },
{ "type": "Feature", "properties": { "osmid": 2540798217.0 }, "geometry": { "type": "Point", "coordinates": [ 21303.0, 6713308.0 ] } },
{ "type": "Feature", "properties": { "osmid": 7483503666.0 }, "geometry": { "type": "Point", "coordinates": [ -4895.0, 6739778.0 ] } },
{ "type": "Feature", "properties": { "osmid": 12817367427.0 }, "geometry": { "type": "Point", "coordinates": [ 20001.0, 6722763.0 ] } },
{ "type": "Feature", "properties": { "osmid": 10050095726.0 }, "geometry": { "type": "Point", "coordinates": [ 20153.0, 6706813.0 ] } },
{ "type": "Feature", "properties": { "osmid": 2030822524.0 }, "geometry": { "type": "Point", "coordinates": [ -11630.0, 6690592.0 ] } },
{ "type": "Feature", "properties": { "osmid": 12426975396.0 }, "geometry": { "type": "Point", "coordinates": [ -3732.0, 6739853.0 ] } },
{ "type": "Feature", "properties": { "osmid": 6311952699.0 }, "geometry": { "type": "Point", "coordinates": [ 17455.0, 6701020.0 ] } },
{ "type": "Feature", "properties": { "osmid": 304651537.0 }, "geometry": { "type": "Point", "coordinates": [ -29055.0, 6716360.0 ] } },
{ "type": "Feature", "properties": { "osmid": 18237755.0 }, "geometry": { "type": "Point", "coordinates": [ -25976.0, 6702393.0 ] } },
{ "type": "Feature", "properties": { "osmid": 5506895538.0 }, "geometry": { "type": "Point", "coordinates": [ -29116.0, 6713401.0 ] } },
{ "type": "Feature", "properties": { "osmid": 243460180.0 }, "geometry": { "type": "Point", "coordinates": [ -28975.0, 6711646.0 ] } },
{ "type": "Feature", "properties": { "osmid": 6369548628.0 }, "geometry": { "type": "Point", "coordinates": [ -26048.0, 6726795.0 ] } },
{ "type": "Feature", "properties": { "osmid": 150610020.0 }, "geometry": { "type": "Point", "coordinates": [ -5879.0, 6689346.0 ] } },
{ "type": "Feature", "properties": { "osmid": 5909031190.0 }, "geometry": { "type": "Point", "coordinates": [ -19061.0, 6694335.0 ] } },
{ "type": "Feature", "properties": { "osmid": 3126695306.0 }, "geometry": { "type": "Point", "coordinates": [ 21506.0, 6714765.0 ] } },
{ "type": "Feature", "properties": { "osmid": 766133487.0 }, "geometry": { "type": "Point", "coordinates": [ 1001.0, 6689690.0 ] } },
{ "type": "Feature", "properties": { "osmid": 1798048124.0 }, "geometry": { "type": "Point", "coordinates": [ -19783.0, 6694811.0 ] } },
{ "type": "Feature", "properties": { "osmid": 18126534.0 }, "geometry": { "type": "Point", "coordinates": [ -28612.0, 6708897.0 ] } },
{ "type": "Feature", "properties": { "osmid": 2631780154.0 }, "geometry": { "type": "Point", "coordinates": [ -7292.0, 6689416.0 ] } },
{ "type": "Feature", "properties": { "osmid": 9988544309.0 }, "geometry": { "type": "Point", "coordinates": [ -28952.0, 6718666.0 ] } },
{ "type": "Feature", "properties": { "osmid": 27150910.0 }, "geometry": { "type": "Point", "coordinates": [ -20854.0, 6695676.0 ] } },
{ "type": "Feature", "properties": { "osmid": 12887866107.0 }, "geometry": { "type": "Point", "coordinates": [ -6933.0, 6739856.0 ] } },
{ "type": "Feature", "properties": { "osmid": 1788659566.0 }, "geometry": { "type": "Point", "coordinates": [ -19665.0, 6734535.0 ] } },
{ "type": "Feature", "properties": { "osmid": 8567460626.0 }, "geometry": { "type": "Point", "coordinates": [ -22723.0, 6697523.0 ] } },
{ "type": "Feature", "properties": { "osmid": 13798133.0 }, "geometry": { "type": "Point", "coordinates": [ -25853.0, 6727407.0 ] } },
{ "type": "Feature", "properties": { "osmid": 2654550096.0 }, "geometry": { "type": "Point", "coordinates": [ -25902.0, 6701845.0 ] } },
{ "type": "Feature", "properties": { "osmid": 2133394092.0 }, "geometry": { "type": "Point", "coordinates": [ 19703.0, 6724307.0 ] } },
{ "type": "Feature", "properties": { "osmid": 5481692154.0 }, "geometry": { "type": "Point", "coordinates": [ -28239.0, 6707137.0 ] } },
{ "type": "Feature", "properties": { "osmid": 13543428917.0 }, "geometry": { "type": "Point", "coordinates": [ -18342.0, 6693600.0 ] } },
{ "type": "Feature", "properties": { "osmid": 4984011727.0 }, "geometry": { "type": "Point", "coordinates": [ -29366.0, 6714040.0 ] } },
{ "type": "Feature", "properties": { "osmid": 132011268.0 }, "geometry": { "type": "Point", "coordinates": [ -8514.0, 6689497.0 ] } },
{ "type": "Feature", "properties": { "osmid": 1829909960.0 }, "geometry": { "type": "Point", "coordinates": [ -29136.0, 6711032.0 ] } },
{ "type": "Feature", "properties": { "osmid": 11017096081.0 }, "geometry": { "type": "Point", "coordinates": [ -20537.0, 6695250.0 ] } },
{ "type": "Feature", "properties": { "osmid": 272306975.0 }, "geometry": { "type": "Point", "coordinates": [ 21695.0, 6715269.0 ] } },
{ "type": "Feature", "properties": { "osmid": 150609637.0 }, "geometry": { "type": "Point", "coordinates": [ -6395.0, 6689170.0 ] } },
{ "type": "Feature", "properties": { "osmid": 1677703660.0 }, "geometry": { "type": "Point", "coordinates": [ -15806.0, 6692006.0 ] } },
{ "type": "Feature", "properties": { "osmid": 26463756.0 }, "geometry": { "type": "Point", "coordinates": [ -17408.0, 6692907.0 ] } },
{ "type": "Feature", "properties": { "osmid": 145634296.0 }, "geometry": { "type": "Point", "coordinates": [ -1444.0, 6689119.0 ] } },
{ "type": "Feature", "properties": { "osmid": 26083118.0 }, "geometry": { "type": "Point", "coordinates": [ -1335.0, 6740081.0 ] } },
{ "type": "Feature", "properties": { "osmid": 5764496633.0 }, "geometry": { "type": "Point", "coordinates": [ -2480.0, 6740169.0 ] } },
{ "type": "Feature", "properties": { "osmid": 1677703652.0 }, "geometry": { "type": "Point", "coordinates": [ -15345.0, 6691710.0 ] } },
{ "type": "Feature", "properties": { "osmid": 6974320013.0 }, "geometry": { "type": "Point", "coordinates": [ -29039.0, 6719407.0 ] } },
{ "type": "Feature", "properties": { "osmid": 12442793977.0 }, "geometry": { "type": "Point", "coordinates": [ 20185.0, 6723565.0 ] } },
{ "type": "Feature", "properties": { "osmid": 8078661382.0 }, "geometry": { "type": "Point", "coordinates": [ -4688.0, 6740240.0 ] } },
{ "type": "Feature", "properties": { "osmid": 766133481.0 }, "geometry": { "type": "Point", "coordinates": [ 385.0, 6689266.0 ] } },
{ "type": "Feature", "properties": { "osmid": 2345812678.0 }, "geometry": { "type": "Point", "coordinates": [ -1953.0, 6740228.0 ] } },
{ "type": "Feature", "properties": { "osmid": 9899872972.0 }, "geometry": { "type": "Point", "coordinates": [ 21820.0, 6716067.0 ] } },
{ "type": "Feature", "properties": { "osmid": 3714200006.0 }, "geometry": { "type": "Point", "coordinates": [ -10989.0, 6689894.0 ] } },
{ "type": "Feature", "properties": { "osmid": 25654408.0 }, "geometry": { "type": "Point", "coordinates": [ -3215.0, 6740310.0 ] } },
{ "type": "Feature", "properties": { "osmid": 631456778.0 }, "geometry": { "type": "Point", "coordinates": [ -29388.0, 6717659.0 ] } },
{ "type": "Feature", "properties": { "osmid": 5590191840.0 }, "geometry": { "type": "Point", "coordinates": [ 12588.0, 6694819.0 ] } },
{ "type": "Feature", "properties": { "osmid": 71005309.0 }, "geometry": { "type": "Point", "coordinates": [ -29527.0, 6713089.0 ] } },
{ "type": "Feature", "properties": { "osmid": 4944155125.0 }, "geometry": { "type": "Point", "coordinates": [ -25708.0, 6728157.0 ] } },
{ "type": "Feature", "properties": { "osmid": 15426876.0 }, "geometry": { "type": "Point", "coordinates": [ -25240.0, 6728911.0 ] } },
{ "type": "Feature", "properties": { "osmid": 21539450.0 }, "geometry": { "type": "Point", "coordinates": [ -18430.0, 6735813.0 ] } },
{ "type": "Feature", "properties": { "osmid": 2541228847.0 }, "geometry": { "type": "Point", "coordinates": [ -3839.0, 6740378.0 ] } },
{ "type": "Feature", "properties": { "osmid": 3021801578.0 }, "geometry": { "type": "Point", "coordinates": [ -28788.0, 6708029.0 ] } },
{ "type": "Feature", "properties": { "osmid": 18293525.0 }, "geometry": { "type": "Point", "coordinates": [ -26514.0, 6702272.0 ] } },
{ "type": "Feature", "properties": { "osmid": 27290227.0 }, "geometry": { "type": "Point", "coordinates": [ -4187.0, 6688790.0 ] } },
{ "type": "Feature", "properties": { "osmid": 8743019916.0 }, "geometry": { "type": "Point", "coordinates": [ -29150.0, 6709450.0 ] } },
{ "type": "Feature", "properties": { "osmid": 9868698545.0 }, "geometry": { "type": "Point", "coordinates": [ 20116.0, 6704993.0 ] } },
{ "type": "Feature", "properties": { "osmid": 131985545.0 }, "geometry": { "type": "Point", "coordinates": [ -10337.0, 6689601.0 ] } },
{ "type": "Feature", "properties": { "osmid": 5915108515.0 }, "geometry": { "type": "Point", "coordinates": [ -12398.0, 6690228.0 ] } },
{ "type": "Feature", "properties": { "osmid": 256611365.0 }, "geometry": { "type": "Point", "coordinates": [ -8069.0, 6740101.0 ] } },
{ "type": "Feature", "properties": { "osmid": 68997790.0 }, "geometry": { "type": "Point", "coordinates": [ -29506.0, 6711394.0 ] } },
{ "type": "Feature", "properties": { "osmid": 1797683682.0 }, "geometry": { "type": "Point", "coordinates": [ -20349.0, 6734508.0 ] } },
{ "type": "Feature", "properties": { "osmid": 6563385339.0 }, "geometry": { "type": "Point", "coordinates": [ -17965.0, 6692929.0 ] } },
{ "type": "Feature", "properties": { "osmid": 12101338989.0 }, "geometry": { "type": "Point", "coordinates": [ -29732.0, 6714518.0 ] } },
{ "type": "Feature", "properties": { "osmid": 30949379.0 }, "geometry": { "type": "Point", "coordinates": [ -27563.0, 6704196.0 ] } },
{ "type": "Feature", "properties": { "osmid": 10050142095.0 }, "geometry": { "type": "Point", "coordinates": [ 20756.0, 6706533.0 ] } },
{ "type": "Feature", "properties": { "osmid": 6281305752.0 }, "geometry": { "type": "Point", "coordinates": [ -24928.0, 6699555.0 ] } },
{ "type": "Feature", "properties": { "osmid": 9434833679.0 }, "geometry": { "type": "Point", "coordinates": [ 17201.0, 6699409.0 ] } },
{ "type": "Feature", "properties": { "osmid": 26159076.0 }, "geometry": { "type": "Point", "coordinates": [ -23630.0, 6697777.0 ] } },
{ "type": "Feature", "properties": { "osmid": 10200932737.0 }, "geometry": { "type": "Point", "coordinates": [ -21081.0, 6695154.0 ] } },
{ "type": "Feature", "properties": { "osmid": 5558107587.0 }, "geometry": { "type": "Point", "coordinates": [ -6158.0, 6740480.0 ] } },
{ "type": "Feature", "properties": { "osmid": 17899367.0 }, "geometry": { "type": "Point", "coordinates": [ -25908.0, 6700861.0 ] } },
{ "type": "Feature", "properties": { "osmid": 18239520.0 }, "geometry": { "type": "Point", "coordinates": [ -26307.0, 6701511.0 ] } },
{ "type": "Feature", "properties": { "osmid": 9438493594.0 }, "geometry": { "type": "Point", "coordinates": [ -28720.0, 6706995.0 ] } },
{ "type": "Feature", "properties": { "osmid": 25305880.0 }, "geometry": { "type": "Point", "coordinates": [ -29802.0, 6716489.0 ] } },
{ "type": "Feature", "properties": { "osmid": 17916443.0 }, "geometry": { "type": "Point", "coordinates": [ -29245.0, 6708871.0 ] } },
{ "type": "Feature", "properties": { "osmid": 6188796346.0 }, "geometry": { "type": "Point", "coordinates": [ -11378.0, 6739523.0 ] } },
{ "type": "Feature", "properties": { "osmid": 132014241.0 }, "geometry": { "type": "Point", "coordinates": [ -8868.0, 6689039.0 ] } },
{ "type": "Feature", "properties": { "osmid": 7887254120.0 }, "geometry": { "type": "Point", "coordinates": [ -29826.0, 6712407.0 ] } },
{ "type": "Feature", "properties": { "osmid": 5589599304.0 }, "geometry": { "type": "Point", "coordinates": [ 20139.0, 6704370.0 ] } },
{ "type": "Feature", "properties": { "osmid": 312539364.0 }, "geometry": { "type": "Point", "coordinates": [ -19129.0, 6693447.0 ] } },
{ "type": "Feature", "properties": { "osmid": 10556802949.0 }, "geometry": { "type": "Point", "coordinates": [ -28306.0, 6705453.0 ] } },
{ "type": "Feature", "properties": { "osmid": 7576100035.0 }, "geometry": { "type": "Point", "coordinates": [ -16681.0, 6737374.0 ] } },
{ "type": "Feature", "properties": { "osmid": 10035432184.0 }, "geometry": { "type": "Point", "coordinates": [ -4559.0, 6740753.0 ] } },
{ "type": "Feature", "properties": { "osmid": 5764485846.0 }, "geometry": { "type": "Point", "coordinates": [ -2173.0, 6740721.0 ] } },
{ "type": "Feature", "properties": { "osmid": 251398226.0 }, "geometry": { "type": "Point", "coordinates": [ -25303.0, 6729623.0 ] } },
{ "type": "Feature", "properties": { "osmid": 1482902287.0 }, "geometry": { "type": "Point", "coordinates": [ -22592.0, 6696211.0 ] } },
{ "type": "Feature", "properties": { "osmid": 4944186618.0 }, "geometry": { "type": "Point", "coordinates": [ -26184.0, 6728405.0 ] } },
{ "type": "Feature", "properties": { "osmid": 55435390.0 }, "geometry": { "type": "Point", "coordinates": [ -20536.0, 6694321.0 ] } },
{ "type": "Feature", "properties": { "osmid": 5915048465.0 }, "geometry": { "type": "Point", "coordinates": [ -17794.0, 6692346.0 ] } },
{ "type": "Feature", "properties": { "osmid": 6486077955.0 }, "geometry": { "type": "Point", "coordinates": [ -11267.0, 6689400.0 ] } },
{ "type": "Feature", "properties": { "osmid": 7078929508.0 }, "geometry": { "type": "Point", "coordinates": [ -12191.0, 6689689.0 ] } },
{ "type": "Feature", "properties": { "osmid": 26675245.0 }, "geometry": { "type": "Point", "coordinates": [ -1369.0, 6740763.0 ] } },
{ "type": "Feature", "properties": { "osmid": 272306917.0 }, "geometry": { "type": "Point", "coordinates": [ 22396.0, 6716027.0 ] } },
{ "type": "Feature", "properties": { "osmid": 676754506.0 }, "geometry": { "type": "Point", "coordinates": [ 5613.0, 6690072.0 ] } },
{ "type": "Feature", "properties": { "osmid": 10799390592.0 }, "geometry": { "type": "Point", "coordinates": [ -19746.0, 6693641.0 ] } },
{ "type": "Feature", "properties": { "osmid": 6620815536.0 }, "geometry": { "type": "Point", "coordinates": [ -14988.0, 6690767.0 ] } },
{ "type": "Feature", "properties": { "osmid": 3545374745.0 }, "geometry": { "type": "Point", "coordinates": [ -29350.0, 6721069.0 ] } },
{ "type": "Feature", "properties": { "osmid": 259870730.0 }, "geometry": { "type": "Point", "coordinates": [ -29964.0, 6717900.0 ] } },
{ "type": "Feature", "properties": { "osmid": 8627459476.0 }, "geometry": { "type": "Point", "coordinates": [ -30146.0, 6715799.0 ] } },
{ "type": "Feature", "properties": { "osmid": 13808298.0 }, "geometry": { "type": "Point", "coordinates": [ -3448.0, 6688274.0 ] } },
{ "type": "Feature", "properties": { "osmid": 9424226431.0 }, "geometry": { "type": "Point", "coordinates": [ -29193.0, 6721742.0 ] } },
{ "type": "Feature", "properties": { "osmid": 12373777319.0 }, "geometry": { "type": "Point", "coordinates": [ -15550.0, 6691009.0 ] } },
{ "type": "Feature", "properties": { "osmid": 27335459.0 }, "geometry": { "type": "Point", "coordinates": [ 20882.0, 6723640.0 ] } },
{ "type": "Feature", "properties": { "osmid": 257625421.0 }, "geometry": { "type": "Point", "coordinates": [ -5335.0, 6740892.0 ] } },
{ "type": "Feature", "properties": { "osmid": 9168609248.0 }, "geometry": { "type": "Point", "coordinates": [ 21837.0, 6720412.0 ] } },
{ "type": "Feature", "properties": { "osmid": 3121064387.0 }, "geometry": { "type": "Point", "coordinates": [ -4155.0, 6688258.0 ] } },
{ "type": "Feature", "properties": { "osmid": 9968607403.0 }, "geometry": { "type": "Point", "coordinates": [ -29946.0, 6710931.0 ] } },
{ "type": "Feature", "properties": { "osmid": 2207135622.0 }, "geometry": { "type": "Point", "coordinates": [ -30212.0, 6714755.0 ] } },
{ "type": "Feature", "properties": { "osmid": 7833075899.0 }, "geometry": { "type": "Point", "coordinates": [ -9984.0, 6688956.0 ] } },
{ "type": "Feature", "properties": { "osmid": 8709167958.0 }, "geometry": { "type": "Point", "coordinates": [ 19122.0, 6701658.0 ] } },
{ "type": "Feature", "properties": { "osmid": 6620760120.0 }, "geometry": { "type": "Point", "coordinates": [ -16222.0, 6691313.0 ] } },
{ "type": "Feature", "properties": { "osmid": 2318951892.0 }, "geometry": { "type": "Point", "coordinates": [ -30120.0, 6716921.0 ] } },
{ "type": "Feature", "properties": { "osmid": 5393666295.0 }, "geometry": { "type": "Point", "coordinates": [ 22000.0, 6719846.0 ] } },
{ "type": "Feature", "properties": { "osmid": 366925711.0 }, "geometry": { "type": "Point", "coordinates": [ 20216.0, 6703710.0 ] } },
{ "type": "Feature", "properties": { "osmid": 25630743.0 }, "geometry": { "type": "Point", "coordinates": [ -25889.0, 6699987.0 ] } },
{ "type": "Feature", "properties": { "osmid": 2276471157.0 }, "geometry": { "type": "Point", "coordinates": [ -25923.0, 6729165.0 ] } },
{ "type": "Feature", "properties": { "osmid": 4093444502.0 }, "geometry": { "type": "Point", "coordinates": [ -6691.0, 6740901.0 ] } },
{ "type": "Feature", "properties": { "osmid": 6072290885.0 }, "geometry": { "type": "Point", "coordinates": [ 21403.0, 6722507.0 ] } },
{ "type": "Feature", "properties": { "osmid": 1474298468.0 }, "geometry": { "type": "Point", "coordinates": [ -21464.0, 6694824.0 ] } },
{ "type": "Feature", "properties": { "osmid": 6299708158.0 }, "geometry": { "type": "Point", "coordinates": [ -29744.0, 6709038.0 ] } },
{ "type": "Feature", "properties": { "osmid": 9626714089.0 }, "geometry": { "type": "Point", "coordinates": [ -30244.0, 6712051.0 ] } },
{ "type": "Feature", "properties": { "osmid": 224752.0 }, "geometry": { "type": "Point", "coordinates": [ -30195.0, 6711520.0 ] } },
{ "type": "Feature", "properties": { "osmid": 291676055.0 }, "geometry": { "type": "Point", "coordinates": [ -12707.0, 6689562.0 ] } },
{ "type": "Feature", "properties": { "osmid": 9168657433.0 }, "geometry": { "type": "Point", "coordinates": [ 21307.0, 6723125.0 ] } },
{ "type": "Feature", "properties": { "osmid": 5915076063.0 }, "geometry": { "type": "Point", "coordinates": [ -13652.0, 6689880.0 ] } },
{ "type": "Feature", "properties": { "osmid": 518658597.0 }, "geometry": { "type": "Point", "coordinates": [ -30218.0, 6718337.0 ] } },
{ "type": "Feature", "properties": { "osmid": 7079875510.0 }, "geometry": { "type": "Point", "coordinates": [ -23356.0, 6696430.0 ] } },
{ "type": "Feature", "properties": { "osmid": 5863833640.0 }, "geometry": { "type": "Point", "coordinates": [ 12566.0, 6693589.0 ] } },
{ "type": "Feature", "properties": { "osmid": 251650922.0 }, "geometry": { "type": "Point", "coordinates": [ -19612.0, 6693078.0 ] } },
{ "type": "Feature", "properties": { "osmid": 5774154054.0 }, "geometry": { "type": "Point", "coordinates": [ -5917.0, 6741267.0 ] } },
{ "type": "Feature", "properties": { "osmid": 2143138040.0 }, "geometry": { "type": "Point", "coordinates": [ -29866.0, 6720858.0 ] } },
{ "type": "Feature", "properties": { "osmid": 267908770.0 }, "geometry": { "type": "Point", "coordinates": [ -30537.0, 6716554.0 ] } },
{ "type": "Feature", "properties": { "osmid": 7176890759.0 }, "geometry": { "type": "Point", "coordinates": [ -30020.0, 6720207.0 ] } },
{ "type": "Feature", "properties": { "osmid": 5761631693.0 }, "geometry": { "type": "Point", "coordinates": [ -2367.0, 6741337.0 ] } },
{ "type": "Feature", "properties": { "osmid": 2933238646.0 }, "geometry": { "type": "Point", "coordinates": [ -25672.0, 6699073.0 ] } },
{ "type": "Feature", "properties": { "osmid": 857051571.0 }, "geometry": { "type": "Point", "coordinates": [ -4267.0, 6741377.0 ] } },
{ "type": "Feature", "properties": { "osmid": 81675303.0 }, "geometry": { "type": "Point", "coordinates": [ 6162.0, 6689758.0 ] } },
{ "type": "Feature", "properties": { "osmid": 539547294.0 }, "geometry": { "type": "Point", "coordinates": [ 8166.0, 6690605.0 ] } },
{ "type": "Feature", "properties": { "osmid": 9627351642.0 }, "geometry": { "type": "Point", "coordinates": [ -29688.0, 6707317.0 ] } },
{ "type": "Feature", "properties": { "osmid": 2352756809.0 }, "geometry": { "type": "Point", "coordinates": [ -2969.0, 6741430.0 ] } },
{ "type": "Feature", "properties": { "osmid": 27180280.0 }, "geometry": { "type": "Point", "coordinates": [ -23179.0, 6695959.0 ] } },
{ "type": "Feature", "properties": { "osmid": 245720125.0 }, "geometry": { "type": "Point", "coordinates": [ -10815.0, 6688644.0 ] } },
{ "type": "Feature", "properties": { "osmid": 9002108728.0 }, "geometry": { "type": "Point", "coordinates": [ -9526.0, 6688312.0 ] } },
{ "type": "Feature", "properties": { "osmid": 3190918046.0 }, "geometry": { "type": "Point", "coordinates": [ -30742.0, 6714920.0 ] } },
{ "type": "Feature", "properties": { "osmid": 12716537415.0 }, "geometry": { "type": "Point", "coordinates": [ -10557.0, 6740650.0 ] } },
{ "type": "Feature", "properties": { "osmid": 5914980544.0 }, "geometry": { "type": "Point", "coordinates": [ -17696.0, 6691534.0 ] } },
{ "type": "Feature", "properties": { "osmid": 266214954.0 }, "geometry": { "type": "Point", "coordinates": [ -30026.0, 6708388.0 ] } },
{ "type": "Feature", "properties": { "osmid": 3749347310.0 }, "geometry": { "type": "Point", "coordinates": [ 21294.0, 6724232.0 ] } },
{ "type": "Feature", "properties": { "osmid": 244414733.0 }, "geometry": { "type": "Point", "coordinates": [ -15783.0, 6690454.0 ] } },
{ "type": "Feature", "properties": { "osmid": 5766807278.0 }, "geometry": { "type": "Point", "coordinates": [ -12241.0, 6740193.0 ] } },
{ "type": "Feature", "properties": { "osmid": 8774101379.0 }, "geometry": { "type": "Point", "coordinates": [ -21214.0, 6693992.0 ] } },
{ "type": "Feature", "properties": { "osmid": 8955584910.0 }, "geometry": { "type": "Point", "coordinates": [ 20832.0, 6703781.0 ] } },
{ "type": "Feature", "properties": { "osmid": 1975149354.0 }, "geometry": { "type": "Point", "coordinates": [ -14480.0, 6689825.0 ] } },
{ "type": "Feature", "properties": { "osmid": 412196437.0 }, "geometry": { "type": "Point", "coordinates": [ -21044.0, 6735365.0 ] } },
{ "type": "Feature", "properties": { "osmid": 5849061241.0 }, "geometry": { "type": "Point", "coordinates": [ 21855.0, 6722907.0 ] } },
{ "type": "Feature", "properties": { "osmid": 1078625563.0 }, "geometry": { "type": "Point", "coordinates": [ -26650.0, 6729092.0 ] } },
{ "type": "Feature", "properties": { "osmid": 7120250085.0 }, "geometry": { "type": "Point", "coordinates": [ 19736.0, 6701396.0 ] } },
{ "type": "Feature", "properties": { "osmid": 822255480.0 }, "geometry": { "type": "Point", "coordinates": [ -29478.0, 6705972.0 ] } },
{ "type": "Feature", "properties": { "osmid": 3625957087.0 }, "geometry": { "type": "Point", "coordinates": [ -22111.0, 6694651.0 ] } },
{ "type": "Feature", "properties": { "osmid": 9625086192.0 }, "geometry": { "type": "Point", "coordinates": [ -30742.0, 6711710.0 ] } },
{ "type": "Feature", "properties": { "osmid": 1497649146.0 }, "geometry": { "type": "Point", "coordinates": [ -20230.0, 6693076.0 ] } },
{ "type": "Feature", "properties": { "osmid": 1460515940.0 }, "geometry": { "type": "Point", "coordinates": [ -11074.0, 6740695.0 ] } },
{ "type": "Feature", "properties": { "osmid": 11760895566.0 }, "geometry": { "type": "Point", "coordinates": [ -28181.0, 6702650.0 ] } },
{ "type": "Feature", "properties": { "osmid": 11820881136.0 }, "geometry": { "type": "Point", "coordinates": [ -27835.0, 6727234.0 ] } },
{ "type": "Feature", "properties": { "osmid": 1697658114.0 }, "geometry": { "type": "Point", "coordinates": [ 21894.0, 6706073.0 ] } },
{ "type": "Feature", "properties": { "osmid": 2082700967.0 }, "geometry": { "type": "Point", "coordinates": [ -30816.0, 6717567.0 ] } },
{ "type": "Feature", "properties": { "osmid": 2323744901.0 }, "geometry": { "type": "Point", "coordinates": [ -26715.0, 6699936.0 ] } },
{ "type": "Feature", "properties": { "osmid": 10780118233.0 }, "geometry": { "type": "Point", "coordinates": [ -10117.0, 6688169.0 ] } },
{ "type": "Feature", "properties": { "osmid": 304402972.0 }, "geometry": { "type": "Point", "coordinates": [ -30989.0, 6715762.0 ] } },
{ "type": "Feature", "properties": { "osmid": 5759017177.0 }, "geometry": { "type": "Point", "coordinates": [ -8918.0, 6687902.0 ] } },
{ "type": "Feature", "properties": { "osmid": 11724975073.0 }, "geometry": { "type": "Point", "coordinates": [ 19545.0, 6700775.0 ] } },
{ "type": "Feature", "properties": { "osmid": 874452294.0 }, "geometry": { "type": "Point", "coordinates": [ -2554.0, 6687449.0 ] } },
{ "type": "Feature", "properties": { "osmid": 270930081.0 }, "geometry": { "type": "Point", "coordinates": [ -13442.0, 6689112.0 ] } },
{ "type": "Feature", "properties": { "osmid": 29881774.0 }, "geometry": { "type": "Point", "coordinates": [ -2015.0, 6741799.0 ] } },
{ "type": "Feature", "properties": { "osmid": 7483530832.0 }, "geometry": { "type": "Point", "coordinates": [ -3938.0, 6741864.0 ] } },
{ "type": "Feature", "properties": { "osmid": 6182658769.0 }, "geometry": { "type": "Point", "coordinates": [ -11409.0, 6688401.0 ] } },
{ "type": "Feature", "properties": { "osmid": 7542731466.0 }, "geometry": { "type": "Point", "coordinates": [ 23394.0, 6713477.0 ] } },
{ "type": "Feature", "properties": { "osmid": 1975149397.0 }, "geometry": { "type": "Point", "coordinates": [ -15599.0, 6689962.0 ] } },
{ "type": "Feature", "properties": { "osmid": 9420519837.0 }, "geometry": { "type": "Point", "coordinates": [ -12085.0, 6740684.0 ] } },
{ "type": "Feature", "properties": { "osmid": 7131843954.0 }, "geometry": { "type": "Point", "coordinates": [ -17675.0, 6690990.0 ] } },
{ "type": "Feature", "properties": { "osmid": 287905976.0 }, "geometry": { "type": "Point", "coordinates": [ -31185.0, 6713395.0 ] } },
{ "type": "Feature", "properties": { "osmid": 1659848841.0 }, "geometry": { "type": "Point", "coordinates": [ -24679.0, 6696854.0 ] } },
{ "type": "Feature", "properties": { "osmid": 426753670.0 }, "geometry": { "type": "Point", "coordinates": [ 12566.0, 6692706.0 ] } },
{ "type": "Feature", "properties": { "osmid": 11784800426.0 }, "geometry": { "type": "Point", "coordinates": [ 21376.0, 6725263.0 ] } },
{ "type": "Feature", "properties": { "osmid": 10721520962.0 }, "geometry": { "type": "Point", "coordinates": [ -30461.0, 6708118.0 ] } },
{ "type": "Feature", "properties": { "osmid": 5914992492.0 }, "geometry": { "type": "Point", "coordinates": [ -18129.0, 6691225.0 ] } },
{ "type": "Feature", "properties": { "osmid": 98007833.0 }, "geometry": { "type": "Point", "coordinates": [ 23503.0, 6716132.0 ] } },
{ "type": "Feature", "properties": { "osmid": 6283599354.0 }, "geometry": { "type": "Point", "coordinates": [ 23400.0, 6711760.0 ] } },
{ "type": "Feature", "properties": { "osmid": 5213246205.0 }, "geometry": { "type": "Point", "coordinates": [ -30715.0, 6709200.0 ] } },
{ "type": "Feature", "properties": { "osmid": 2079790010.0 }, "geometry": { "type": "Point", "coordinates": [ 20338.0, 6727477.0 ] } },
{ "type": "Feature", "properties": { "osmid": 1686249270.0 }, "geometry": { "type": "Point", "coordinates": [ -16974.0, 6690541.0 ] } },
{ "type": "Feature", "properties": { "osmid": 9216257913.0 }, "geometry": { "type": "Point", "coordinates": [ -19260.0, 6691927.0 ] } },
{ "type": "Feature", "properties": { "osmid": 5553637366.0 }, "geometry": { "type": "Point", "coordinates": [ -22804.0, 6694753.0 ] } },
{ "type": "Feature", "properties": { "osmid": 257111730.0 }, "geometry": { "type": "Point", "coordinates": [ -10537.0, 6741217.0 ] } },
{ "type": "Feature", "properties": { "osmid": 195425.0 }, "geometry": { "type": "Point", "coordinates": [ -21066.0, 6735981.0 ] } },
{ "type": "Feature", "properties": { "osmid": 1522668396.0 }, "geometry": { "type": "Point", "coordinates": [ -12040.0, 6688374.0 ] } },
{ "type": "Feature", "properties": { "osmid": 539079175.0 }, "geometry": { "type": "Point", "coordinates": [ 18325.0, 6730880.0 ] } },
{ "type": "Feature", "properties": { "osmid": 7929656053.0 }, "geometry": { "type": "Point", "coordinates": [ -31050.0, 6718906.0 ] } },
{ "type": "Feature", "properties": { "osmid": 37201932.0 }, "geometry": { "type": "Point", "coordinates": [ -21201.0, 6693210.0 ] } },
{ "type": "Feature", "properties": { "osmid": 11746021676.0 }, "geometry": { "type": "Point", "coordinates": [ 20179.0, 6701142.0 ] } },
{ "type": "Feature", "properties": { "osmid": 11682918916.0 }, "geometry": { "type": "Point", "coordinates": [ -31390.0, 6715406.0 ] } },
{ "type": "Feature", "properties": { "osmid": 30491892.0 }, "geometry": { "type": "Point", "coordinates": [ -30113.0, 6706170.0 ] } },
{ "type": "Feature", "properties": { "osmid": 822255456.0 }, "geometry": { "type": "Point", "coordinates": [ -29921.0, 6705515.0 ] } },
{ "type": "Feature", "properties": { "osmid": 260261315.0 }, "geometry": { "type": "Point", "coordinates": [ -1361.0, 6742122.0 ] } },
{ "type": "Feature", "properties": { "osmid": 30491922.0 }, "geometry": { "type": "Point", "coordinates": [ -30519.0, 6707334.0 ] } },
{ "type": "Feature", "properties": { "osmid": 2142099696.0 }, "geometry": { "type": "Point", "coordinates": [ 22530.0, 6722880.0 ] } },
{ "type": "Feature", "properties": { "osmid": 12346653411.0 }, "geometry": { "type": "Point", "coordinates": [ -11726.0, 6741105.0 ] } },
{ "type": "Feature", "properties": { "osmid": 1016836084.0 }, "geometry": { "type": "Point", "coordinates": [ -21705.0, 6735724.0 ] } },
{ "type": "Feature", "properties": { "osmid": 2403340955.0 }, "geometry": { "type": "Point", "coordinates": [ -27203.0, 6699772.0 ] } },
{ "type": "Feature", "properties": { "osmid": 1809399873.0 }, "geometry": { "type": "Point", "coordinates": [ -19876.0, 6692049.0 ] } },
{ "type": "Feature", "properties": { "osmid": 36242318.0 }, "geometry": { "type": "Point", "coordinates": [ 21894.0, 6704450.0 ] } },
{ "type": "Feature", "properties": { "osmid": 304652384.0 }, "geometry": { "type": "Point", "coordinates": [ -31491.0, 6716050.0 ] } },
{ "type": "Feature", "properties": { "osmid": 12324399867.0 }, "geometry": { "type": "Point", "coordinates": [ -31521.0, 6713943.0 ] } },
{ "type": "Feature", "properties": { "osmid": 248432069.0 }, "geometry": { "type": "Point", "coordinates": [ -28322.0, 6727563.0 ] } },
{ "type": "Feature", "properties": { "osmid": 291675471.0 }, "geometry": { "type": "Point", "coordinates": [ -13309.0, 6688565.0 ] } },
{ "type": "Feature", "properties": { "osmid": 37200224.0 }, "geometry": { "type": "Point", "coordinates": [ -20463.0, 6692432.0 ] } },
{ "type": "Feature", "properties": { "osmid": 32044394.0 }, "geometry": { "type": "Point", "coordinates": [ -29646.0, 6704489.0 ] } },
{ "type": "Feature", "properties": { "osmid": 1300761709.0 }, "geometry": { "type": "Point", "coordinates": [ 21005.0, 6726854.0 ] } },
{ "type": "Feature", "properties": { "osmid": 4436197177.0 }, "geometry": { "type": "Point", "coordinates": [ -15245.0, 6689310.0 ] } },
{ "type": "Feature", "properties": { "osmid": 5760464105.0 }, "geometry": { "type": "Point", "coordinates": [ -2194.0, 6742294.0 ] } },
{ "type": "Feature", "properties": { "osmid": 1300761730.0 }, "geometry": { "type": "Point", "coordinates": [ 21388.0, 6726169.0 ] } },
{ "type": "Feature", "properties": { "osmid": 98007814.0 }, "geometry": { "type": "Point", "coordinates": [ 23805.0, 6717181.0 ] } },
{ "type": "Feature", "properties": { "osmid": 5554961782.0 }, "geometry": { "type": "Point", "coordinates": [ -330.0, 6687044.0 ] } },
{ "type": "Feature", "properties": { "osmid": 519966534.0 }, "geometry": { "type": "Point", "coordinates": [ 23308.0, 6708736.0 ] } },
{ "type": "Feature", "properties": { "osmid": 1569077668.0 }, "geometry": { "type": "Point", "coordinates": [ -28619.0, 6702001.0 ] } },
{ "type": "Feature", "properties": { "osmid": 5161336501.0 }, "geometry": { "type": "Point", "coordinates": [ -31496.0, 6711772.0 ] } },
{ "type": "Feature", "properties": { "osmid": 2043099311.0 }, "geometry": { "type": "Point", "coordinates": [ -10727.0, 6687668.0 ] } },
{ "type": "Feature", "properties": { "osmid": 12888874902.0 }, "geometry": { "type": "Point", "coordinates": [ -6016.0, 6742323.0 ] } },
{ "type": "Feature", "properties": { "osmid": 7453248915.0 }, "geometry": { "type": "Point", "coordinates": [ -26831.0, 6730262.0 ] } },
{ "type": "Feature", "properties": { "osmid": 21093942.0 }, "geometry": { "type": "Point", "coordinates": [ -25637.0, 6697284.0 ] } },
{ "type": "Feature", "properties": { "osmid": 9472002802.0 }, "geometry": { "type": "Point", "coordinates": [ 22421.0, 6705408.0 ] } },
{ "type": "Feature", "properties": { "osmid": 8454569875.0 }, "geometry": { "type": "Point", "coordinates": [ -31592.0, 6716932.0 ] } },
{ "type": "Feature", "properties": { "osmid": 6597491442.0 }, "geometry": { "type": "Point", "coordinates": [ -3714.0, 6742438.0 ] } },
{ "type": "Feature", "properties": { "osmid": 1664921017.0 }, "geometry": { "type": "Point", "coordinates": [ -17668.0, 6690420.0 ] } },
{ "type": "Feature", "properties": { "osmid": 5210805243.0 }, "geometry": { "type": "Point", "coordinates": [ -31043.0, 6708468.0 ] } },
{ "type": "Feature", "properties": { "osmid": 1798022493.0 }, "geometry": { "type": "Point", "coordinates": [ -22870.0, 6694161.0 ] } },
{ "type": "Feature", "properties": { "osmid": 128655764.0 }, "geometry": { "type": "Point", "coordinates": [ -11722.0, 6687802.0 ] } },
{ "type": "Feature", "properties": { "osmid": 7252657179.0 }, "geometry": { "type": "Point", "coordinates": [ 23897.0, 6717821.0 ] } },
{ "type": "Feature", "properties": { "osmid": 1843189613.0 }, "geometry": { "type": "Point", "coordinates": [ -21172.0, 6692670.0 ] } },
{ "type": "Feature", "properties": { "osmid": 1765560194.0 }, "geometry": { "type": "Point", "coordinates": [ -10237.0, 6687377.0 ] } },
{ "type": "Feature", "properties": { "osmid": 10781824165.0 }, "geometry": { "type": "Point", "coordinates": [ -31668.0, 6717554.0 ] } },
{ "type": "Feature", "properties": { "osmid": 269000813.0 }, "geometry": { "type": "Point", "coordinates": [ 18369.0, 6731649.0 ] } },
{ "type": "Feature", "properties": { "osmid": 168141086.0 }, "geometry": { "type": "Point", "coordinates": [ -23400.0, 6694539.0 ] } },
{ "type": "Feature", "properties": { "osmid": 2148328845.0 }, "geometry": { "type": "Point", "coordinates": [ -31415.0, 6709583.0 ] } },
{ "type": "Feature", "properties": { "osmid": 5915143042.0 }, "geometry": { "type": "Point", "coordinates": [ -14776.0, 6688783.0 ] } },
{ "type": "Feature", "properties": { "osmid": 71049581.0 }, "geometry": { "type": "Point", "coordinates": [ -31914.0, 6715216.0 ] } },
{ "type": "Feature", "properties": { "osmid": 254398427.0 }, "geometry": { "type": "Point", "coordinates": [ -19054.0, 6690985.0 ] } },
{ "type": "Feature", "properties": { "osmid": 630876162.0 }, "geometry": { "type": "Point", "coordinates": [ -697.0, 6686690.0 ] } },
{ "type": "Feature", "properties": { "osmid": 21373079.0 }, "geometry": { "type": "Point", "coordinates": [ -3566.0, 6686491.0 ] } },
{ "type": "Feature", "properties": { "osmid": 426753627.0 }, "geometry": { "type": "Point", "coordinates": [ 12465.0, 6691684.0 ] } },
{ "type": "Feature", "properties": { "osmid": 27022235.0 }, "geometry": { "type": "Point", "coordinates": [ -20442.0, 6691873.0 ] } },
{ "type": "Feature", "properties": { "osmid": 8087341722.0 }, "geometry": { "type": "Point", "coordinates": [ 1860.0, 6687013.0 ] } },
{ "type": "Feature", "properties": { "osmid": 6030942187.0 }, "geometry": { "type": "Point", "coordinates": [ -31441.0, 6708898.0 ] } },
{ "type": "Feature", "properties": { "osmid": 21580447.0 }, "geometry": { "type": "Point", "coordinates": [ -22638.0, 6735603.0 ] } },
{ "type": "Feature", "properties": { "osmid": 11820367580.0 }, "geometry": { "type": "Point", "coordinates": [ -28873.0, 6727638.0 ] } },
{ "type": "Feature", "properties": { "osmid": 3382901768.0 }, "geometry": { "type": "Point", "coordinates": [ -27613.0, 6699348.0 ] } },
{ "type": "Feature", "properties": { "osmid": 10650902731.0 }, "geometry": { "type": "Point", "coordinates": [ -11178.0, 6687325.0 ] } },
{ "type": "Feature", "properties": { "osmid": 25908633.0 }, "geometry": { "type": "Point", "coordinates": [ -16835.0, 6689513.0 ] } },
{ "type": "Feature", "properties": { "osmid": 7769357648.0 }, "geometry": { "type": "Point", "coordinates": [ 20670.0, 6728657.0 ] } },
{ "type": "Feature", "properties": { "osmid": 8911462204.0 }, "geometry": { "type": "Point", "coordinates": [ 21360.0, 6701812.0 ] } },
{ "type": "Feature", "properties": { "osmid": 1996646117.0 }, "geometry": { "type": "Point", "coordinates": [ -12809.0, 6687779.0 ] } },
{ "type": "Feature", "properties": { "osmid": 10906422570.0 }, "geometry": { "type": "Point", "coordinates": [ -5577.0, 6742824.0 ] } },
{ "type": "Feature", "properties": { "osmid": 12181882376.0 }, "geometry": { "type": "Point", "coordinates": [ -24165.0, 6694908.0 ] } },
{ "type": "Feature", "properties": { "osmid": 10212796790.0 }, "geometry": { "type": "Point", "coordinates": [ -15796.0, 6740251.0 ] } },
{ "type": "Feature", "properties": { "osmid": 11682849950.0 }, "geometry": { "type": "Point", "coordinates": [ -32129.0, 6715903.0 ] } },
{ "type": "Feature", "properties": { "osmid": 278441688.0 }, "geometry": { "type": "Point", "coordinates": [ 21766.0, 6702517.0 ] } },
{ "type": "Feature", "properties": { "osmid": 21578247.0 }, "geometry": { "type": "Point", "coordinates": [ -31876.0, 6718878.0 ] } },
{ "type": "Feature", "properties": { "osmid": 291899936.0 }, "geometry": { "type": "Point", "coordinates": [ -8777.0, 6686679.0 ] } },
{ "type": "Feature", "properties": { "osmid": 27296523.0 }, "geometry": { "type": "Point", "coordinates": [ -26337.0, 6697324.0 ] } },
{ "type": "Feature", "properties": { "osmid": 1663594156.0 }, "geometry": { "type": "Point", "coordinates": [ -23336.0, 6693972.0 ] } },
{ "type": "Feature", "properties": { "osmid": 13174244739.0 }, "geometry": { "type": "Point", "coordinates": [ -14231.0, 6741018.0 ] } },
{ "type": "Feature", "properties": { "osmid": 5098887952.0 }, "geometry": { "type": "Point", "coordinates": [ -19736.0, 6691061.0 ] } },
{ "type": "Feature", "properties": { "osmid": 71046524.0 }, "geometry": { "type": "Point", "coordinates": [ -32253.0, 6714712.0 ] } },
{ "type": "Feature", "properties": { "osmid": 1539855608.0 }, "geometry": { "type": "Point", "coordinates": [ -18351.0, 6690176.0 ] } },
{ "type": "Feature", "properties": { "osmid": 28992116.0 }, "geometry": { "type": "Point", "coordinates": [ 24501.0, 6716370.0 ] } },
{ "type": "Feature", "properties": { "osmid": 6656590115.0 }, "geometry": { "type": "Point", "coordinates": [ -11690.0, 6687294.0 ] } },
{ "type": "Feature", "properties": { "osmid": 258885005.0 }, "geometry": { "type": "Point", "coordinates": [ -21958.0, 6692684.0 ] } },
{ "type": "Feature", "properties": { "osmid": 304689639.0 }, "geometry": { "type": "Point", "coordinates": [ -32153.0, 6717348.0 ] } },
{ "type": "Feature", "properties": { "osmid": 6088912707.0 }, "geometry": { "type": "Point", "coordinates": [ -20189.0, 6691295.0 ] } },
{ "type": "Feature", "properties": { "osmid": 1765560072.0 }, "geometry": { "type": "Point", "coordinates": [ -9993.0, 6686760.0 ] } },
{ "type": "Feature", "properties": { "osmid": 251802162.0 }, "geometry": { "type": "Point", "coordinates": [ -31710.0, 6708438.0 ] } },
{ "type": "Feature", "properties": { "osmid": 8945380596.0 }, "geometry": { "type": "Point", "coordinates": [ -28946.0, 6728207.0 ] } },
{ "type": "Feature", "properties": { "osmid": 12882378983.0 }, "geometry": { "type": "Point", "coordinates": [ -6101.0, 6743061.0 ] } },
{ "type": "Feature", "properties": { "osmid": 279611.0 }, "geometry": { "type": "Point", "coordinates": [ -23193.0, 6735647.0 ] } },
{ "type": "Feature", "properties": { "osmid": 822255511.0 }, "geometry": { "type": "Point", "coordinates": [ -30710.0, 6704772.0 ] } },
{ "type": "Feature", "properties": { "osmid": 35134246.0 }, "geometry": { "type": "Point", "coordinates": [ 23083.0, 6704962.0 ] } },
{ "type": "Feature", "properties": { "osmid": 7089999217.0 }, "geometry": { "type": "Point", "coordinates": [ -32437.0, 6713481.0 ] } },
{ "type": "Feature", "properties": { "osmid": 7803555427.0 }, "geometry": { "type": "Point", "coordinates": [ -29791.0, 6702530.0 ] } },
{ "type": "Feature", "properties": { "osmid": 304745909.0 }, "geometry": { "type": "Point", "coordinates": [ -32456.0, 6715469.0 ] } },
{ "type": "Feature", "properties": { "osmid": 3086403343.0 }, "geometry": { "type": "Point", "coordinates": [ -32387.0, 6712213.0 ] } },
{ "type": "Feature", "properties": { "osmid": 21632284.0 }, "geometry": { "type": "Point", "coordinates": [ -17422.0, 6689314.0 ] } },
{ "type": "Feature", "properties": { "osmid": 30363856.0 }, "geometry": { "type": "Point", "coordinates": [ 24613.0, 6718298.0 ] } },
{ "type": "Feature", "properties": { "osmid": 7089999215.0 }, "geometry": { "type": "Point", "coordinates": [ -32497.0, 6712775.0 ] } },
{ "type": "Feature", "properties": { "osmid": 11914411915.0 }, "geometry": { "type": "Point", "coordinates": [ -20717.0, 6691369.0 ] } },
{ "type": "Feature", "properties": { "osmid": 1827782322.0 }, "geometry": { "type": "Point", "coordinates": [ -2051.0, 6685929.0 ] } },
{ "type": "Feature", "properties": { "osmid": 2153331256.0 }, "geometry": { "type": "Point", "coordinates": [ -12560.0, 6687221.0 ] } },
{ "type": "Feature", "properties": { "osmid": 8929532318.0 }, "geometry": { "type": "Point", "coordinates": [ -27349.0, 6731157.0 ] } },
{ "type": "Feature", "properties": { "osmid": 224792.0 }, "geometry": { "type": "Point", "coordinates": [ -32447.0, 6711630.0 ] } },
{ "type": "Feature", "properties": { "osmid": 12705267264.0 }, "geometry": { "type": "Point", "coordinates": [ -13689.0, 6687567.0 ] } },
{ "type": "Feature", "properties": { "osmid": 20856599.0 }, "geometry": { "type": "Point", "coordinates": [ -30450.0, 6725590.0 ] } },
{ "type": "Feature", "properties": { "osmid": 1030659603.0 }, "geometry": { "type": "Point", "coordinates": [ -21681.0, 6737193.0 ] } },
{ "type": "Feature", "properties": { "osmid": 5015248387.0 }, "geometry": { "type": "Point", "coordinates": [ -31560.0, 6706803.0 ] } },
{ "type": "Feature", "properties": { "osmid": 7078940784.0 }, "geometry": { "type": "Point", "coordinates": [ -11064.0, 6686732.0 ] } },
{ "type": "Feature", "properties": { "osmid": 7275471060.0 }, "geometry": { "type": "Point", "coordinates": [ -24247.0, 6694273.0 ] } },
{ "type": "Feature", "properties": { "osmid": 5759513797.0 }, "geometry": { "type": "Point", "coordinates": [ -21927.0, 6692181.0 ] } },
{ "type": "Feature", "properties": { "osmid": 7542733786.0 }, "geometry": { "type": "Point", "coordinates": [ 24857.0, 6712056.0 ] } },
{ "type": "Feature", "properties": { "osmid": 1459981862.0 }, "geometry": { "type": "Point", "coordinates": [ -9079.0, 6686246.0 ] } },
{ "type": "Feature", "properties": { "osmid": 30157264.0 }, "geometry": { "type": "Point", "coordinates": [ -3445.0, 6685749.0 ] } },
{ "type": "Feature", "properties": { "osmid": 30427676.0 }, "geometry": { "type": "Point", "coordinates": [ -30757.0, 6704154.0 ] } },
{ "type": "Feature", "properties": { "osmid": 7264990112.0 }, "geometry": { "type": "Point", "coordinates": [ -31778.0, 6721891.0 ] } },
{ "type": "Feature", "properties": { "osmid": 3654390797.0 }, "geometry": { "type": "Point", "coordinates": [ -21223.0, 6691506.0 ] } },
{ "type": "Feature", "properties": { "osmid": 304652566.0 }, "geometry": { "type": "Point", "coordinates": [ -32720.0, 6715899.0 ] } },
{ "type": "Feature", "properties": { "osmid": 5912731816.0 }, "geometry": { "type": "Point", "coordinates": [ -11646.0, 6686765.0 ] } },
{ "type": "Feature", "properties": { "osmid": 1765559946.0 }, "geometry": { "type": "Point", "coordinates": [ -10386.0, 6686438.0 ] } },
{ "type": "Feature", "properties": { "osmid": 272639352.0 }, "geometry": { "type": "Point", "coordinates": [ -17964.0, 6689345.0 ] } },
{ "type": "Feature", "properties": { "osmid": 30503647.0 }, "geometry": { "type": "Point", "coordinates": [ -31972.0, 6707792.0 ] } },
{ "type": "Feature", "properties": { "osmid": 12864755272.0 }, "geometry": { "type": "Point", "coordinates": [ -32215.0, 6708862.0 ] } },
{ "type": "Feature", "properties": { "osmid": 31464687.0 }, "geometry": { "type": "Point", "coordinates": [ -29729.0, 6701642.0 ] } },
{ "type": "Feature", "properties": { "osmid": 6089076481.0 }, "geometry": { "type": "Point", "coordinates": [ -19977.0, 6690539.0 ] } },
{ "type": "Feature", "properties": { "osmid": 21094269.0 }, "geometry": { "type": "Point", "coordinates": [ -28197.0, 6698852.0 ] } },
{ "type": "Feature", "properties": { "osmid": 3913611543.0 }, "geometry": { "type": "Point", "coordinates": [ 20069.0, 6731054.0 ] } },
{ "type": "Feature", "properties": { "osmid": 2400516939.0 }, "geometry": { "type": "Point", "coordinates": [ -27924.0, 6698368.0 ] } },
{ "type": "Feature", "properties": { "osmid": 3126695645.0 }, "geometry": { "type": "Point", "coordinates": [ 24948.0, 6718760.0 ] } },
{ "type": "Feature", "properties": { "osmid": 130228986.0 }, "geometry": { "type": "Point", "coordinates": [ 25076.0, 6711304.0 ] } },
{ "type": "Feature", "properties": { "osmid": 6479560554.0 }, "geometry": { "type": "Point", "coordinates": [ -32874.0, 6717107.0 ] } },
{ "type": "Feature", "properties": { "osmid": 5590317308.0 }, "geometry": { "type": "Point", "coordinates": [ 12171.0, 6690259.0 ] } },
{ "type": "Feature", "properties": { "osmid": 30426698.0 }, "geometry": { "type": "Point", "coordinates": [ -30762.0, 6703384.0 ] } },
{ "type": "Feature", "properties": { "osmid": 7090008140.0 }, "geometry": { "type": "Point", "coordinates": [ -32950.0, 6712499.0 ] } },
{ "type": "Feature", "properties": { "osmid": 11984818214.0 }, "geometry": { "type": "Point", "coordinates": [ -14651.0, 6687487.0 ] } },
{ "type": "Feature", "properties": { "osmid": 13276344670.0 }, "geometry": { "type": "Point", "coordinates": [ -30943.0, 6725473.0 ] } },
{ "type": "Feature", "properties": { "osmid": 7231547874.0 }, "geometry": { "type": "Point", "coordinates": [ -24299.0, 6693762.0 ] } },
{ "type": "Feature", "properties": { "osmid": 9588562577.0 }, "geometry": { "type": "Point", "coordinates": [ -32408.0, 6708357.0 ] } },
{ "type": "Feature", "properties": { "osmid": 8512358386.0 }, "geometry": { "type": "Point", "coordinates": [ -13814.0, 6687065.0 ] } },
{ "type": "Feature", "properties": { "osmid": 630876002.0 }, "geometry": { "type": "Point", "coordinates": [ -2908.0, 6685318.0 ] } },
{ "type": "Feature", "properties": { "osmid": 386160289.0 }, "geometry": { "type": "Point", "coordinates": [ -22298.0, 6691811.0 ] } },
{ "type": "Feature", "properties": { "osmid": 386151025.0 }, "geometry": { "type": "Point", "coordinates": [ -22759.0, 6692165.0 ] } },
{ "type": "Feature", "properties": { "osmid": 5793638293.0 }, "geometry": { "type": "Point", "coordinates": [ -11492.0, 6686264.0 ] } },
{ "type": "Feature", "properties": { "osmid": 25441401.0 }, "geometry": { "type": "Point", "coordinates": [ -33229.0, 6714490.0 ] } },
{ "type": "Feature", "properties": { "osmid": 269336933.0 }, "geometry": { "type": "Point", "coordinates": [ -33231.0, 6715769.0 ] } },
{ "type": "Feature", "properties": { "osmid": 26462170.0 }, "geometry": { "type": "Point", "coordinates": [ -17912.0, 6688776.0 ] } },
{ "type": "Feature", "properties": { "osmid": 1665352259.0 }, "geometry": { "type": "Point", "coordinates": [ -25079.0, 6694241.0 ] } },
{ "type": "Feature", "properties": { "osmid": 27409767.0 }, "geometry": { "type": "Point", "coordinates": [ -33264.0, 6713900.0 ] } },
{ "type": "Feature", "properties": { "osmid": 31357173.0 }, "geometry": { "type": "Point", "coordinates": [ -16009.0, 6687801.0 ] } },
{ "type": "Feature", "properties": { "osmid": 2251367035.0 }, "geometry": { "type": "Point", "coordinates": [ -31489.0, 6704465.0 ] } },
{ "type": "Feature", "properties": { "osmid": 9861530260.0 }, "geometry": { "type": "Point", "coordinates": [ -13224.0, 6686692.0 ] } },
{ "type": "Feature", "properties": { "osmid": 316072937.0 }, "geometry": { "type": "Point", "coordinates": [ -10419.0, 6685873.0 ] } },
{ "type": "Feature", "properties": { "osmid": 11174678547.0 }, "geometry": { "type": "Point", "coordinates": [ -17387.0, 6688403.0 ] } },
{ "type": "Feature", "properties": { "osmid": 9170849308.0 }, "geometry": { "type": "Point", "coordinates": [ 23220.0, 6726294.0 ] } },
{ "type": "Feature", "properties": { "osmid": 3294382633.0 }, "geometry": { "type": "Point", "coordinates": [ -31531.0, 6724835.0 ] } },
{ "type": "Feature", "properties": { "osmid": 75862294.0 }, "geometry": { "type": "Point", "coordinates": [ -31850.0, 6723937.0 ] } },
{ "type": "Feature", "properties": { "osmid": 6089024366.0 }, "geometry": { "type": "Point", "coordinates": [ -20952.0, 6690534.0 ] } },
{ "type": "Feature", "properties": { "osmid": 6474154600.0 }, "geometry": { "type": "Point", "coordinates": [ -28691.0, 6698640.0 ] } },
{ "type": "Feature", "properties": { "osmid": 459809509.0 }, "geometry": { "type": "Point", "coordinates": [ -6599.0, 6685190.0 ] } },
{ "type": "Feature", "properties": { "osmid": 5412056798.0 }, "geometry": { "type": "Point", "coordinates": [ 25419.0, 6710340.0 ] } },
{ "type": "Feature", "properties": { "osmid": 13485338934.0 }, "geometry": { "type": "Point", "coordinates": [ 8312.0, 6687584.0 ] } },
{ "type": "Feature", "properties": { "osmid": 38673683.0 }, "geometry": { "type": "Point", "coordinates": [ -33382.0, 6717234.0 ] } },
{ "type": "Feature", "properties": { "osmid": 31357184.0 }, "geometry": { "type": "Point", "coordinates": [ -16888.0, 6687965.0 ] } },
{ "type": "Feature", "properties": { "osmid": 9492673878.0 }, "geometry": { "type": "Point", "coordinates": [ -19013.0, 6740088.0 ] } },
{ "type": "Feature", "properties": { "osmid": 1039502907.0 }, "geometry": { "type": "Point", "coordinates": [ -33484.0, 6712624.0 ] } },
{ "type": "Feature", "properties": { "osmid": 7976584500.0 }, "geometry": { "type": "Point", "coordinates": [ -32802.0, 6707927.0 ] } },
{ "type": "Feature", "properties": { "osmid": 1758998146.0 }, "geometry": { "type": "Point", "coordinates": [ -15243.0, 6687159.0 ] } },
{ "type": "Feature", "properties": { "osmid": 2688580833.0 }, "geometry": { "type": "Point", "coordinates": [ -28299.0, 6697676.0 ] } },
{ "type": "Feature", "properties": { "osmid": 9719016248.0 }, "geometry": { "type": "Point", "coordinates": [ -28628.0, 6698127.0 ] } },
{ "type": "Feature", "properties": { "osmid": 7975187480.0 }, "geometry": { "type": "Point", "coordinates": [ 25829.0, 6716746.0 ] } },
{ "type": "Feature", "properties": { "osmid": 8929528903.0 }, "geometry": { "type": "Point", "coordinates": [ -28166.0, 6731843.0 ] } },
{ "type": "Feature", "properties": { "osmid": 2720043574.0 }, "geometry": { "type": "Point", "coordinates": [ -22603.0, 6691408.0 ] } },
{ "type": "Feature", "properties": { "osmid": 7090037828.0 }, "geometry": { "type": "Point", "coordinates": [ -33346.0, 6710177.0 ] } },
{ "type": "Feature", "properties": { "osmid": 6655170507.0 }, "geometry": { "type": "Point", "coordinates": [ -25088.0, 6693653.0 ] } },
{ "type": "Feature", "properties": { "osmid": 2422252003.0 }, "geometry": { "type": "Point", "coordinates": [ -32930.0, 6721309.0 ] } },
{ "type": "Feature", "properties": { "osmid": 385189939.0 }, "geometry": { "type": "Point", "coordinates": [ -24128.0, 6692688.0 ] } },
{ "type": "Feature", "properties": { "osmid": 7178744356.0 }, "geometry": { "type": "Point", "coordinates": [ -24638.0, 6693164.0 ] } },
{ "type": "Feature", "properties": { "osmid": 9276143143.0 }, "geometry": { "type": "Point", "coordinates": [ 8823.0, 6687560.0 ] } },
{ "type": "Feature", "properties": { "osmid": 5590399406.0 }, "geometry": { "type": "Point", "coordinates": [ 11958.0, 6689249.0 ] } },
{ "type": "Feature", "properties": { "osmid": 25413816.0 }, "geometry": { "type": "Point", "coordinates": [ -17845.0, 6688195.0 ] } },
{ "type": "Feature", "properties": { "osmid": 1267090331.0 }, "geometry": { "type": "Point", "coordinates": [ -3803.0, 6684702.0 ] } },
{ "type": "Feature", "properties": { "osmid": 73771098.0 }, "geometry": { "type": "Point", "coordinates": [ -31718.0, 6725507.0 ] } },
{ "type": "Feature", "properties": { "osmid": 31047252.0 }, "geometry": { "type": "Point", "coordinates": [ -15940.0, 6687214.0 ] } },
{ "type": "Feature", "properties": { "osmid": 1801809187.0 }, "geometry": { "type": "Point", "coordinates": [ -5770.0, 6684715.0 ] } },
{ "type": "Feature", "properties": { "osmid": 3015495920.0 }, "geometry": { "type": "Point", "coordinates": [ -33223.0, 6708716.0 ] } },
{ "type": "Feature", "properties": { "osmid": 822255412.0 }, "geometry": { "type": "Point", "coordinates": [ -32045.0, 6704475.0 ] } },
{ "type": "Feature", "properties": { "osmid": 6195874062.0 }, "geometry": { "type": "Point", "coordinates": [ -25567.0, 6693941.0 ] } },
{ "type": "Feature", "properties": { "osmid": 10583051122.0 }, "geometry": { "type": "Point", "coordinates": [ -14518.0, 6686585.0 ] } },
{ "type": "Feature", "properties": { "osmid": 1692338633.0 }, "geometry": { "type": "Point", "coordinates": [ -20846.0, 6689870.0 ] } },
{ "type": "Feature", "properties": { "osmid": 3219492841.0 }, "geometry": { "type": "Point", "coordinates": [ 23625.0, 6726722.0 ] } },
{ "type": "Feature", "properties": { "osmid": 249513114.0 }, "geometry": { "type": "Point", "coordinates": [ -28908.0, 6731165.0 ] } },
{ "type": "Feature", "properties": { "osmid": 30614564.0 }, "geometry": { "type": "Point", "coordinates": [ -29865.0, 6699574.0 ] } },
{ "type": "Feature", "properties": { "osmid": 7140374488.0 }, "geometry": { "type": "Point", "coordinates": [ -23422.0, 6691772.0 ] } },
{ "type": "Feature", "properties": { "osmid": 8023223857.0 }, "geometry": { "type": "Point", "coordinates": [ -29144.0, 6698329.0 ] } },
{ "type": "Feature", "properties": { "osmid": 1949330771.0 }, "geometry": { "type": "Point", "coordinates": [ 6061.0, 6686204.0 ] } },
{ "type": "Feature", "properties": { "osmid": 1643340404.0 }, "geometry": { "type": "Point", "coordinates": [ -23804.0, 6737157.0 ] } },
{ "type": "Feature", "properties": { "osmid": 9913392961.0 }, "geometry": { "type": "Point", "coordinates": [ -33958.0, 6712938.0 ] } },
{ "type": "Feature", "properties": { "osmid": 36728124.0 }, "geometry": { "type": "Point", "coordinates": [ -26814.0, 6695049.0 ] } },
{ "type": "Feature", "properties": { "osmid": 7885243088.0 }, "geometry": { "type": "Point", "coordinates": [ -33559.0, 6709352.0 ] } },
{ "type": "Feature", "properties": { "osmid": 9276143065.0 }, "geometry": { "type": "Point", "coordinates": [ 9423.0, 6687480.0 ] } },
{ "type": "Feature", "properties": { "osmid": 11979228027.0 }, "geometry": { "type": "Point", "coordinates": [ -33277.0, 6707705.0 ] } },
{ "type": "Feature", "properties": { "osmid": 234252.0 }, "geometry": { "type": "Point", "coordinates": [ -34009.0, 6712198.0 ] } },
{ "type": "Feature", "properties": { "osmid": 6322073882.0 }, "geometry": { "type": "Point", "coordinates": [ -26098.0, 6694080.0 ] } },
{ "type": "Feature", "properties": { "osmid": 5555030669.0 }, "geometry": { "type": "Point", "coordinates": [ -4747.0, 6684323.0 ] } },
{ "type": "Feature", "properties": { "osmid": 1464408125.0 }, "geometry": { "type": "Point", "coordinates": [ -23024.0, 6691135.0 ] } },
{ "type": "Feature", "properties": { "osmid": 1627168717.0 }, "geometry": { "type": "Point", "coordinates": [ -18994.0, 6688349.0 ] } },
{ "type": "Feature", "properties": { "osmid": 919492092.0 }, "geometry": { "type": "Point", "coordinates": [ -28283.0, 6732560.0 ] } },
{ "type": "Feature", "properties": { "osmid": 36932078.0 }, "geometry": { "type": "Point", "coordinates": [ -25177.0, 6693029.0 ] } },
{ "type": "Feature", "properties": { "osmid": 4034198355.0 }, "geometry": { "type": "Point", "coordinates": [ -19651.0, 6740495.0 ] } },
{ "type": "Feature", "properties": { "osmid": 293969443.0 }, "geometry": { "type": "Point", "coordinates": [ -33993.0, 6710977.0 ] } },
{ "type": "Feature", "properties": { "osmid": 11050166503.0 }, "geometry": { "type": "Point", "coordinates": [ -28803.0, 6731956.0 ] } },
{ "type": "Feature", "properties": { "osmid": 1131547542.0 }, "geometry": { "type": "Point", "coordinates": [ -20755.0, 6689317.0 ] } },
{ "type": "Feature", "properties": { "osmid": 2046796658.0 }, "geometry": { "type": "Point", "coordinates": [ -16964.0, 6687086.0 ] } },
{ "type": "Feature", "properties": { "osmid": 1517592816.0 }, "geometry": { "type": "Point", "coordinates": [ -21228.0, 6689526.0 ] } },
{ "type": "Feature", "properties": { "osmid": 33747245.0 }, "geometry": { "type": "Point", "coordinates": [ -33790.0, 6708696.0 ] } },
{ "type": "Feature", "properties": { "osmid": 1767682624.0 }, "geometry": { "type": "Point", "coordinates": [ -32559.0, 6704174.0 ] } },
{ "type": "Feature", "properties": { "osmid": 21041979.0 }, "geometry": { "type": "Point", "coordinates": [ -28154.0, 6696093.0 ] } },
{ "type": "Feature", "properties": { "osmid": 8213466086.0 }, "geometry": { "type": "Point", "coordinates": [ -20377.0, 6688907.0 ] } },
{ "type": "Feature", "properties": { "osmid": 292606.0 }, "geometry": { "type": "Point", "coordinates": [ -29516.0, 6697952.0 ] } },
{ "type": "Feature", "properties": { "osmid": 615954713.0 }, "geometry": { "type": "Point", "coordinates": [ -30062.0, 6730475.0 ] } },
{ "type": "Feature", "properties": { "osmid": 7140374508.0 }, "geometry": { "type": "Point", "coordinates": [ -23804.0, 6691336.0 ] } },
{ "type": "Feature", "properties": { "osmid": 9151273716.0 }, "geometry": { "type": "Point", "coordinates": [ 24643.0, 6726003.0 ] } },
{ "type": "Feature", "properties": { "osmid": 531589356.0 }, "geometry": { "type": "Point", "coordinates": [ 26423.0, 6719719.0 ] } },
{ "type": "Feature", "properties": { "osmid": 9946195392.0 }, "geometry": { "type": "Point", "coordinates": [ -33799.0, 6707748.0 ] } },
{ "type": "Feature", "properties": { "osmid": 10608686557.0 }, "geometry": { "type": "Point", "coordinates": [ -34542.0, 6715978.0 ] } },
{ "type": "Feature", "properties": { "osmid": 8842132593.0 }, "geometry": { "type": "Point", "coordinates": [ -34496.0, 6716880.0 ] } },
{ "type": "Feature", "properties": { "osmid": 7097128223.0 }, "geometry": { "type": "Point", "coordinates": [ -34577.0, 6713596.0 ] } },
{ "type": "Feature", "properties": { "osmid": 6266850236.0 }, "geometry": { "type": "Point", "coordinates": [ -26204.0, 6693475.0 ] } },
{ "type": "Feature", "properties": { "osmid": 7752685534.0 }, "geometry": { "type": "Point", "coordinates": [ 24471.0, 6726682.0 ] } },
{ "type": "Feature", "properties": { "osmid": 631126981.0 }, "geometry": { "type": "Point", "coordinates": [ -2733.0, 6683813.0 ] } },
{ "type": "Feature", "properties": { "osmid": 196086734.0 }, "geometry": { "type": "Point", "coordinates": [ -14653.0, 6685742.0 ] } },
{ "type": "Feature", "properties": { "osmid": 23844456.0 }, "geometry": { "type": "Point", "coordinates": [ -19592.0, 6741129.0 ] } },
{ "type": "Feature", "properties": { "osmid": 243523644.0 }, "geometry": { "type": "Point", "coordinates": [ -34335.0, 6709841.0 ] } },
{ "type": "Feature", "properties": { "osmid": 26405197.0 }, "geometry": { "type": "Point", "coordinates": [ -27520.0, 6694794.0 ] } },
{ "type": "Feature", "properties": { "osmid": 1912459744.0 }, "geometry": { "type": "Point", "coordinates": [ -13904.0, 6685413.0 ] } },
{ "type": "Feature", "properties": { "osmid": 7175049905.0 }, "geometry": { "type": "Point", "coordinates": [ -29330.0, 6732036.0 ] } },
{ "type": "Feature", "properties": { "osmid": 6856393863.0 }, "geometry": { "type": "Point", "coordinates": [ -27870.0, 6695190.0 ] } },
{ "type": "Feature", "properties": { "osmid": 7884574848.0 }, "geometry": { "type": "Point", "coordinates": [ -34233.0, 6709057.0 ] } },
{ "type": "Feature", "properties": { "osmid": 31263087.0 }, "geometry": { "type": "Point", "coordinates": [ -17853.0, 6687043.0 ] } },
{ "type": "Feature", "properties": { "osmid": 4959227333.0 }, "geometry": { "type": "Point", "coordinates": [ -12597.0, 6684939.0 ] } },
{ "type": "Feature", "properties": { "osmid": 1941892403.0 }, "geometry": { "type": "Point", "coordinates": [ -5309.0, 6683644.0 ] } },
{ "type": "Feature", "properties": { "osmid": 6353312579.0 }, "geometry": { "type": "Point", "coordinates": [ -26725.0, 6693672.0 ] } },
{ "type": "Feature", "properties": { "osmid": 5859872848.0 }, "geometry": { "type": "Point", "coordinates": [ -33093.0, 6704280.0 ] } },
{ "type": "Feature", "properties": { "osmid": 1637076815.0 }, "geometry": { "type": "Point", "coordinates": [ -19063.0, 6687511.0 ] } },
{ "type": "Feature", "properties": { "osmid": 10650276917.0 }, "geometry": { "type": "Point", "coordinates": [ -18529.0, 6687190.0 ] } },
{ "type": "Feature", "properties": { "osmid": 30993245.0 }, "geometry": { "type": "Point", "coordinates": [ -20732.0, 6688485.0 ] } },
{ "type": "Feature", "properties": { "osmid": 9677003751.0 }, "geometry": { "type": "Point", "coordinates": [ -29886.0, 6697593.0 ] } },
{ "type": "Feature", "properties": { "osmid": 3678939238.0 }, "geometry": { "type": "Point", "coordinates": [ -23213.0, 6690259.0 ] } },
{ "type": "Feature", "properties": { "osmid": 252654682.0 }, "geometry": { "type": "Point", "coordinates": [ -17518.0, 6686643.0 ] } },
{ "type": "Feature", "properties": { "osmid": 2740301423.0 }, "geometry": { "type": "Point", "coordinates": [ -34367.0, 6708466.0 ] } },
{ "type": "Feature", "properties": { "osmid": 1508393840.0 }, "geometry": { "type": "Point", "coordinates": [ -22384.0, 6689587.0 ] } },
{ "type": "Feature", "properties": { "osmid": 252043835.0 }, "geometry": { "type": "Point", "coordinates": [ -34902.0, 6712099.0 ] } },
{ "type": "Feature", "properties": { "osmid": 11940123727.0 }, "geometry": { "type": "Point", "coordinates": [ -35004.0, 6712895.0 ] } },
{ "type": "Feature", "properties": { "osmid": 8596092791.0 }, "geometry": { "type": "Point", "coordinates": [ -21784.0, 6689065.0 ] } },
{ "type": "Feature", "properties": { "osmid": 7752636045.0 }, "geometry": { "type": "Point", "coordinates": [ 24645.0, 6727315.0 ] } },
{ "type": "Feature", "properties": { "osmid": 1657057109.0 }, "geometry": { "type": "Point", "coordinates": [ -26039.0, 6692642.0 ] } },
{ "type": "Feature", "properties": { "osmid": 4081940996.0 }, "geometry": { "type": "Point", "coordinates": [ 7226.0, 6685329.0 ] } },
{ "type": "Feature", "properties": { "osmid": 246880663.0 }, "geometry": { "type": "Point", "coordinates": [ -14822.0, 6685250.0 ] } },
{ "type": "Feature", "properties": { "osmid": 7495781551.0 }, "geometry": { "type": "Point", "coordinates": [ -27740.0, 6694288.0 ] } },
{ "type": "Feature", "properties": { "osmid": 21382431.0 }, "geometry": { "type": "Point", "coordinates": [ -13767.0, 6684849.0 ] } },
{ "type": "Feature", "properties": { "osmid": 1665305428.0 }, "geometry": { "type": "Point", "coordinates": [ -24263.0, 6690716.0 ] } },
{ "type": "Feature", "properties": { "osmid": 732644443.0 }, "geometry": { "type": "Point", "coordinates": [ 27112.0, 6719976.0 ] } },
{ "type": "Feature", "properties": { "osmid": 7403569186.0 }, "geometry": { "type": "Point", "coordinates": [ -32668.0, 6727214.0 ] } },
{ "type": "Feature", "properties": { "osmid": 263409749.0 }, "geometry": { "type": "Point", "coordinates": [ -34788.0, 6708889.0 ] } },
{ "type": "Feature", "properties": { "osmid": 249567834.0 }, "geometry": { "type": "Point", "coordinates": [ -34486.0, 6707224.0 ] } },
{ "type": "Feature", "properties": { "osmid": 822255516.0 }, "geometry": { "type": "Point", "coordinates": [ -33505.0, 6703927.0 ] } },
{ "type": "Feature", "properties": { "osmid": 956476003.0 }, "geometry": { "type": "Point", "coordinates": [ 8562.0, 6685621.0 ] } },
{ "type": "Feature", "properties": { "osmid": 32657160.0 }, "geometry": { "type": "Point", "coordinates": [ -35348.0, 6716114.0 ] } },
{ "type": "Feature", "properties": { "osmid": 26439517.0 }, "geometry": { "type": "Point", "coordinates": [ 11965.0, 6687315.0 ] } },
{ "type": "Feature", "properties": { "osmid": 5951999362.0 }, "geometry": { "type": "Point", "coordinates": [ -32380.0, 6728042.0 ] } },
{ "type": "Feature", "properties": { "osmid": 1848539825.0 }, "geometry": { "type": "Point", "coordinates": [ -14319.0, 6684815.0 ] } },
{ "type": "Feature", "properties": { "osmid": 8023223830.0 }, "geometry": { "type": "Point", "coordinates": [ -30286.0, 6697287.0 ] } },
{ "type": "Feature", "properties": { "osmid": 1051445741.0 }, "geometry": { "type": "Point", "coordinates": [ -34816.0, 6708202.0 ] } },
{ "type": "Feature", "properties": { "osmid": 90428034.0 }, "geometry": { "type": "Point", "coordinates": [ -34883.0, 6720721.0 ] } },
{ "type": "Feature", "properties": { "osmid": 34596736.0 }, "geometry": { "type": "Point", "coordinates": [ -35481.0, 6714851.0 ] } },
{ "type": "Feature", "properties": { "osmid": 33717239.0 }, "geometry": { "type": "Point", "coordinates": [ -16494.0, 6685490.0 ] } },
{ "type": "Feature", "properties": { "osmid": 4692414074.0 }, "geometry": { "type": "Point", "coordinates": [ 25367.0, 6726999.0 ] } },
{ "type": "Feature", "properties": { "osmid": 249793711.0 }, "geometry": { "type": "Point", "coordinates": [ -35488.0, 6712005.0 ] } },
{ "type": "Feature", "properties": { "osmid": 25880898.0 }, "geometry": { "type": "Point", "coordinates": [ 23641.0, 6730481.0 ] } },
{ "type": "Feature", "properties": { "osmid": 89070955.0 }, "geometry": { "type": "Point", "coordinates": [ -2438.0, 6682870.0 ] } },
{ "type": "Feature", "properties": { "osmid": 1680077678.0 }, "geometry": { "type": "Point", "coordinates": [ -21497.0, 6688158.0 ] } },
{ "type": "Feature", "properties": { "osmid": 9913433381.0 }, "geometry": { "type": "Point", "coordinates": [ -35657.0, 6714094.0 ] } },
{ "type": "Feature", "properties": { "osmid": 11011278932.0 }, "geometry": { "type": "Point", "coordinates": [ -30509.0, 6732008.0 ] } },
{ "type": "Feature", "properties": { "osmid": 8753090657.0 }, "geometry": { "type": "Point", "coordinates": [ -35639.0, 6711309.0 ] } },
{ "type": "Feature", "properties": { "osmid": 30478301.0 }, "geometry": { "type": "Point", "coordinates": [ -32903.0, 6701275.0 ] } },
{ "type": "Feature", "properties": { "osmid": 6808617448.0 }, "geometry": { "type": "Point", "coordinates": [ -32896.0, 6727950.0 ] } },
{ "type": "Feature", "properties": { "osmid": 7304803984.0 }, "geometry": { "type": "Point", "coordinates": [ 27541.0, 6720634.0 ] } },
{ "type": "Feature", "properties": { "osmid": 266741964.0 }, "geometry": { "type": "Point", "coordinates": [ -22448.0, 6688507.0 ] } },
{ "type": "Feature", "properties": { "osmid": 822255555.0 }, "geometry": { "type": "Point", "coordinates": [ -34040.0, 6703847.0 ] } },
{ "type": "Feature", "properties": { "osmid": 6595536755.0 }, "geometry": { "type": "Point", "coordinates": [ -27855.0, 6693335.0 ] } },
{ "type": "Feature", "properties": { "osmid": 33869743.0 }, "geometry": { "type": "Point", "coordinates": [ -17932.0, 6685786.0 ] } },
{ "type": "Feature", "properties": { "osmid": 67288128.0 }, "geometry": { "type": "Point", "coordinates": [ -35920.0, 6715803.0 ] } },
{ "type": "Feature", "properties": { "osmid": 7803555481.0 }, "geometry": { "type": "Point", "coordinates": [ -30666.0, 6696960.0 ] } },
{ "type": "Feature", "properties": { "osmid": 6095085959.0 }, "geometry": { "type": "Point", "coordinates": [ -35027.0, 6706930.0 ] } },
{ "type": "Feature", "properties": { "osmid": 3798427030.0 }, "geometry": { "type": "Point", "coordinates": [ -26963.0, 6692300.0 ] } },
{ "type": "Feature", "properties": { "osmid": 412062654.0 }, "geometry": { "type": "Point", "coordinates": [ -28512.0, 6735192.0 ] } },
{ "type": "Feature", "properties": { "osmid": 12929296990.0 }, "geometry": { "type": "Point", "coordinates": [ -32355.0, 6729492.0 ] } },
{ "type": "Feature", "properties": { "osmid": 32650800.0 }, "geometry": { "type": "Point", "coordinates": [ -35957.0, 6716602.0 ] } },
{ "type": "Feature", "properties": { "osmid": 27228742.0 }, "geometry": { "type": "Point", "coordinates": [ -32734.0, 6700367.0 ] } },
{ "type": "Feature", "properties": { "osmid": 12037637050.0 }, "geometry": { "type": "Point", "coordinates": [ -35008.0, 6706281.0 ] } },
{ "type": "Feature", "properties": { "osmid": 21544925.0 }, "geometry": { "type": "Point", "coordinates": [ -25273.0, 6690483.0 ] } },
{ "type": "Feature", "properties": { "osmid": 59838960.0 }, "geometry": { "type": "Point", "coordinates": [ 12731.0, 6686875.0 ] } },
{ "type": "Feature", "properties": { "osmid": 25789564.0 }, "geometry": { "type": "Point", "coordinates": [ -36054.0, 6711684.0 ] } },
{ "type": "Feature", "properties": { "osmid": 6283704793.0 }, "geometry": { "type": "Point", "coordinates": [ -28277.0, 6735799.0 ] } },
{ "type": "Feature", "properties": { "osmid": 1552717235.0 }, "geometry": { "type": "Point", "coordinates": [ -31103.0, 6732047.0 ] } },
{ "type": "Feature", "properties": { "osmid": 1768301956.0 }, "geometry": { "type": "Point", "coordinates": [ -34032.0, 6702912.0 ] } },
{ "type": "Feature", "properties": { "osmid": 1247440683.0 }, "geometry": { "type": "Point", "coordinates": [ -33408.0, 6701330.0 ] } },
{ "type": "Feature", "properties": { "osmid": 50761408.0 }, "geometry": { "type": "Point", "coordinates": [ -35060.0, 6723430.0 ] } },
{ "type": "Feature", "properties": { "osmid": 285042967.0 }, "geometry": { "type": "Point", "coordinates": [ -35590.0, 6707891.0 ] } },
{ "type": "Feature", "properties": { "osmid": 31472663.0 }, "geometry": { "type": "Point", "coordinates": [ -36028.0, 6718851.0 ] } },
{ "type": "Feature", "properties": { "osmid": 1996286407.0 }, "geometry": { "type": "Point", "coordinates": [ -26355.0, 6691200.0 ] } },
{ "type": "Feature", "properties": { "osmid": 7747390515.0 }, "geometry": { "type": "Point", "coordinates": [ 25793.0, 6727840.0 ] } },
{ "type": "Feature", "properties": { "osmid": 262083878.0 }, "geometry": { "type": "Point", "coordinates": [ -31919.0, 6698275.0 ] } },
{ "type": "Feature", "properties": { "osmid": 32650081.0 }, "geometry": { "type": "Point", "coordinates": [ -36172.0, 6717718.0 ] } },
{ "type": "Feature", "properties": { "osmid": 33869716.0 }, "geometry": { "type": "Point", "coordinates": [ -17904.0, 6685287.0 ] } },
{ "type": "Feature", "properties": { "osmid": 6573601067.0 }, "geometry": { "type": "Point", "coordinates": [ -36374.0, 6715345.0 ] } },
{ "type": "Feature", "properties": { "osmid": 30430921.0 }, "geometry": { "type": "Point", "coordinates": [ -33285.0, 6700718.0 ] } },
{ "type": "Feature", "properties": { "osmid": 7236006359.0 }, "geometry": { "type": "Point", "coordinates": [ -35863.0, 6720499.0 ] } },
{ "type": "Feature", "properties": { "osmid": 8023223827.0 }, "geometry": { "type": "Point", "coordinates": [ -30796.0, 6696330.0 ] } },
{ "type": "Feature", "properties": { "osmid": 1988404053.0 }, "geometry": { "type": "Point", "coordinates": [ -10214.0, 6682604.0 ] } },
{ "type": "Feature", "properties": { "osmid": 1072787705.0 }, "geometry": { "type": "Point", "coordinates": [ -36406.0, 6716885.0 ] } },
{ "type": "Feature", "properties": { "osmid": 6192584157.0 }, "geometry": { "type": "Point", "coordinates": [ 12266.0, 6686196.0 ] } },
{ "type": "Feature", "properties": { "osmid": 11969564672.0 }, "geometry": { "type": "Point", "coordinates": [ -36118.0, 6709484.0 ] } },
{ "type": "Feature", "properties": { "osmid": 7747290188.0 }, "geometry": { "type": "Point", "coordinates": [ 25135.0, 6729722.0 ] } },
{ "type": "Feature", "properties": { "osmid": 2161322116.0 }, "geometry": { "type": "Point", "coordinates": [ -22712.0, 6687865.0 ] } },
{ "type": "Feature", "properties": { "osmid": 364100721.0 }, "geometry": { "type": "Point", "coordinates": [ -32789.0, 6729883.0 ] } },
{ "type": "Feature", "properties": { "osmid": 13378792.0 }, "geometry": { "type": "Point", "coordinates": [ -36576.0, 6716224.0 ] } },
{ "type": "Feature", "properties": { "osmid": 30775267.0 }, "geometry": { "type": "Point", "coordinates": [ -36294.0, 6719274.0 ] } },
{ "type": "Feature", "properties": { "osmid": 12814488279.0 }, "geometry": { "type": "Point", "coordinates": [ 25588.0, 6729016.0 ] } },
{ "type": "Feature", "properties": { "osmid": 7746313860.0 }, "geometry": { "type": "Point", "coordinates": [ -28601.0, 6693076.0 ] } },
{ "type": "Feature", "properties": { "osmid": 27076336.0 }, "geometry": { "type": "Point", "coordinates": [ -22136.0, 6687347.0 ] } },
{ "type": "Feature", "properties": { "osmid": 6074746326.0 }, "geometry": { "type": "Point", "coordinates": [ -24225.0, 6688860.0 ] } },
{ "type": "Feature", "properties": { "osmid": 81189255.0 }, "geometry": { "type": "Point", "coordinates": [ 9617.0, 6684656.0 ] } },
{ "type": "Feature", "properties": { "osmid": 7747241206.0 }, "geometry": { "type": "Point", "coordinates": [ 24923.0, 6730425.0 ] } },
{ "type": "Feature", "properties": { "osmid": 254299027.0 }, "geometry": { "type": "Point", "coordinates": [ -34414.0, 6702537.0 ] } },
{ "type": "Feature", "properties": { "osmid": 5529468703.0 }, "geometry": { "type": "Point", "coordinates": [ -35848.0, 6722115.0 ] } },
{ "type": "Feature", "properties": { "osmid": 3965646196.0 }, "geometry": { "type": "Point", "coordinates": [ -36439.0, 6709939.0 ] } },
{ "type": "Feature", "properties": { "osmid": 8069021939.0 }, "geometry": { "type": "Point", "coordinates": [ -28296.0, 6692551.0 ] } },
{ "type": "Feature", "properties": { "osmid": 251815690.0 }, "geometry": { "type": "Point", "coordinates": [ -17330.0, 6684552.0 ] } },
{ "type": "Feature", "properties": { "osmid": 12996596677.0 }, "geometry": { "type": "Point", "coordinates": [ -35441.0, 6723932.0 ] } },
{ "type": "Feature", "properties": { "osmid": 255704275.0 }, "geometry": { "type": "Point", "coordinates": [ 29072.0, 6715963.0 ] } },
{ "type": "Feature", "properties": { "osmid": 240755353.0 }, "geometry": { "type": "Point", "coordinates": [ -27633.0, 6691786.0 ] } },
{ "type": "Feature", "properties": { "osmid": 6127362524.0 }, "geometry": { "type": "Point", "coordinates": [ -33278.0, 6729437.0 ] } },
{ "type": "Feature", "properties": { "osmid": 463487801.0 }, "geometry": { "type": "Point", "coordinates": [ -26426.0, 6690575.0 ] } },
{ "type": "Feature", "properties": { "osmid": 2380227831.0 }, "geometry": { "type": "Point", "coordinates": [ -35829.0, 6722665.0 ] } },
{ "type": "Feature", "properties": { "osmid": 76591713.0 }, "geometry": { "type": "Point", "coordinates": [ -31696.0, 6732275.0 ] } },
{ "type": "Feature", "properties": { "osmid": 296161718.0 }, "geometry": { "type": "Point", "coordinates": [ -31012.0, 6695862.0 ] } },
{ "type": "Feature", "properties": { "osmid": 457946769.0 }, "geometry": { "type": "Point", "coordinates": [ -32430.0, 6698103.0 ] } },
{ "type": "Feature", "properties": { "osmid": 1354204168.0 }, "geometry": { "type": "Point", "coordinates": [ -32776.0, 6730481.0 ] } },
{ "type": "Feature", "properties": { "osmid": 8858693102.0 }, "geometry": { "type": "Point", "coordinates": [ -35187.0, 6724954.0 ] } },
{ "type": "Feature", "properties": { "osmid": 23144065.0 }, "geometry": { "type": "Point", "coordinates": [ -24860.0, 6689142.0 ] } },
{ "type": "Feature", "properties": { "osmid": 258889073.0 }, "geometry": { "type": "Point", "coordinates": [ -26021.0, 6690141.0 ] } },
{ "type": "Feature", "properties": { "osmid": 7891646423.0 }, "geometry": { "type": "Point", "coordinates": [ -36701.0, 6711245.0 ] } },
{ "type": "Feature", "properties": { "osmid": 5854922431.0 }, "geometry": { "type": "Point", "coordinates": [ -19883.0, 6685705.0 ] } },
{ "type": "Feature", "properties": { "osmid": 6387458679.0 }, "geometry": { "type": "Point", "coordinates": [ -35901.0, 6706442.0 ] } },
{ "type": "Feature", "properties": { "osmid": 30159569.0 }, "geometry": { "type": "Point", "coordinates": [ -1254.0, 6681619.0 ] } },
{ "type": "Feature", "properties": { "osmid": 1129726538.0 }, "geometry": { "type": "Point", "coordinates": [ -21528.0, 6686613.0 ] } },
{ "type": "Feature", "properties": { "osmid": 9320698702.0 }, "geometry": { "type": "Point", "coordinates": [ -36958.0, 6715328.0 ] } },
{ "type": "Feature", "properties": { "osmid": 5912480843.0 }, "geometry": { "type": "Point", "coordinates": [ -34848.0, 6702913.0 ] } },
{ "type": "Feature", "properties": { "osmid": 2521866268.0 }, "geometry": { "type": "Point", "coordinates": [ -36204.0, 6707328.0 ] } },
{ "type": "Feature", "properties": { "osmid": 3220866652.0 }, "geometry": { "type": "Point", "coordinates": [ -36734.0, 6718936.0 ] } },
{ "type": "Feature", "properties": { "osmid": 31813747.0 }, "geometry": { "type": "Point", "coordinates": [ 26654.0, 6727623.0 ] } },
{ "type": "Feature", "properties": { "osmid": 7747351771.0 }, "geometry": { "type": "Point", "coordinates": [ 26428.0, 6728178.0 ] } },
{ "type": "Feature", "properties": { "osmid": 7950624658.0 }, "geometry": { "type": "Point", "coordinates": [ 28472.0, 6722285.0 ] } },
{ "type": "Feature", "properties": { "osmid": 6985877539.0 }, "geometry": { "type": "Point", "coordinates": [ 28932.0, 6720502.0 ] } },
{ "type": "Feature", "properties": { "osmid": 27295163.0 }, "geometry": { "type": "Point", "coordinates": [ -35552.0, 6704327.0 ] } },
{ "type": "Feature", "properties": { "osmid": 7079696347.0 }, "geometry": { "type": "Point", "coordinates": [ -34804.0, 6702189.0 ] } },
{ "type": "Feature", "properties": { "osmid": 42220068.0 }, "geometry": { "type": "Point", "coordinates": [ -37160.0, 6716343.0 ] } },
{ "type": "Feature", "properties": { "osmid": 5394975190.0 }, "geometry": { "type": "Point", "coordinates": [ -21300.0, 6686133.0 ] } },
{ "type": "Feature", "properties": { "osmid": 370834220.0 }, "geometry": { "type": "Point", "coordinates": [ -29252.0, 6692878.0 ] } },
{ "type": "Feature", "properties": { "osmid": 4178722212.0 }, "geometry": { "type": "Point", "coordinates": [ -28430.0, 6691945.0 ] } },
{ "type": "Feature", "properties": { "osmid": 2440811651.0 }, "geometry": { "type": "Point", "coordinates": [ -36006.0, 6723745.0 ] } },
{ "type": "Feature", "properties": { "osmid": 266740760.0 }, "geometry": { "type": "Point", "coordinates": [ -22357.0, 6686755.0 ] } },
{ "type": "Feature", "properties": { "osmid": 25628235.0 }, "geometry": { "type": "Point", "coordinates": [ -36836.0, 6720130.0 ] } },
{ "type": "Feature", "properties": { "osmid": 496043065.0 }, "geometry": { "type": "Point", "coordinates": [ -32248.0, 6732276.0 ] } },
{ "type": "Feature", "properties": { "osmid": 7950624647.0 }, "geometry": { "type": "Point", "coordinates": [ 28602.0, 6722777.0 ] } },
{ "type": "Feature", "properties": { "osmid": 9676770164.0 }, "geometry": { "type": "Point", "coordinates": [ -31345.0, 6695487.0 ] } },
{ "type": "Feature", "properties": { "osmid": 4959133754.0 }, "geometry": { "type": "Point", "coordinates": [ -23252.0, 6687260.0 ] } },
{ "type": "Feature", "properties": { "osmid": 11981686236.0 }, "geometry": { "type": "Point", "coordinates": [ -37395.0, 6714163.0 ] } },
{ "type": "Feature", "properties": { "osmid": 8443271266.0 }, "geometry": { "type": "Point", "coordinates": [ -35524.0, 6703477.0 ] } },
{ "type": "Feature", "properties": { "osmid": 30478565.0 }, "geometry": { "type": "Point", "coordinates": [ -31897.0, 6696134.0 ] } },
{ "type": "Feature", "properties": { "osmid": 8809974779.0 }, "geometry": { "type": "Point", "coordinates": [ -34616.0, 6728057.0 ] } },
{ "type": "Feature", "properties": { "osmid": 73793387.0 }, "geometry": { "type": "Point", "coordinates": [ -35633.0, 6725478.0 ] } },
{ "type": "Feature", "properties": { "osmid": 32552111.0 }, "geometry": { "type": "Point", "coordinates": [ -37437.0, 6715872.0 ] } },
{ "type": "Feature", "properties": { "osmid": 498916440.0 }, "geometry": { "type": "Point", "coordinates": [ -27806.0, 6738176.0 ] } },
{ "type": "Feature", "properties": { "osmid": 31059442.0 }, "geometry": { "type": "Point", "coordinates": [ -34826.0, 6701546.0 ] } },
{ "type": "Feature", "properties": { "osmid": 2930732882.0 }, "geometry": { "type": "Point", "coordinates": [ -28263.0, 6691473.0 ] } },
{ "type": "Feature", "properties": { "osmid": 207610262.0 }, "geometry": { "type": "Point", "coordinates": [ -34582.0, 6700944.0 ] } },
{ "type": "Feature", "properties": { "osmid": 2737286244.0 }, "geometry": { "type": "Point", "coordinates": [ 28636.0, 6723340.0 ] } },
{ "type": "Feature", "properties": { "osmid": 8762028895.0 }, "geometry": { "type": "Point", "coordinates": [ -29026.0, 6692279.0 ] } },
{ "type": "Feature", "properties": { "osmid": 894727965.0 }, "geometry": { "type": "Point", "coordinates": [ -32726.0, 6731938.0 ] } },
{ "type": "Feature", "properties": { "osmid": 5633544949.0 }, "geometry": { "type": "Point", "coordinates": [ -21032.0, 6685606.0 ] } },
{ "type": "Feature", "properties": { "osmid": 7607014242.0 }, "geometry": { "type": "Point", "coordinates": [ -37493.0, 6712408.0 ] } },
{ "type": "Feature", "properties": { "osmid": 1821773859.0 }, "geometry": { "type": "Point", "coordinates": [ -37602.0, 6715072.0 ] } },
{ "type": "Feature", "properties": { "osmid": 5329640393.0 }, "geometry": { "type": "Point", "coordinates": [ -36116.0, 6704636.0 ] } },
{ "type": "Feature", "properties": { "osmid": 2080205559.0 }, "geometry": { "type": "Point", "coordinates": [ -36949.0, 6721308.0 ] } },
{ "type": "Feature", "properties": { "osmid": 7925145256.0 }, "geometry": { "type": "Point", "coordinates": [ -26743.0, 6689753.0 ] } },
{ "type": "Feature", "properties": { "osmid": 8905731652.0 }, "geometry": { "type": "Point", "coordinates": [ -35546.0, 6702708.0 ] } },
{ "type": "Feature", "properties": { "osmid": 10908978790.0 }, "geometry": { "type": "Point", "coordinates": [ -35289.0, 6702031.0 ] } },
{ "type": "Feature", "properties": { "osmid": 32026303.0 }, "geometry": { "type": "Point", "coordinates": [ 27898.0, 6726387.0 ] } },
{ "type": "Feature", "properties": { "osmid": 13314189928.0 }, "geometry": { "type": "Point", "coordinates": [ -33870.0, 6730279.0 ] } },
{ "type": "Feature", "properties": { "osmid": 266851327.0 }, "geometry": { "type": "Point", "coordinates": [ -22961.0, 6686618.0 ] } },
{ "type": "Feature", "properties": { "osmid": 9581138608.0 }, "geometry": { "type": "Point", "coordinates": [ -36092.0, 6704124.0 ] } },
{ "type": "Feature", "properties": { "osmid": 12491725544.0 }, "geometry": { "type": "Point", "coordinates": [ -36493.0, 6705424.0 ] } },
{ "type": "Feature", "properties": { "osmid": 35212501.0 }, "geometry": { "type": "Point", "coordinates": [ -37563.0, 6718259.0 ] } },
{ "type": "Feature", "properties": { "osmid": 31624756.0 }, "geometry": { "type": "Point", "coordinates": [ -29513.0, 6692429.0 ] } },
{ "type": "Feature", "properties": { "osmid": 32553204.0 }, "geometry": { "type": "Point", "coordinates": [ -37727.0, 6716388.0 ] } },
{ "type": "Feature", "properties": { "osmid": 5390798591.0 }, "geometry": { "type": "Point", "coordinates": [ -21626.0, 6685664.0 ] } },
{ "type": "Feature", "properties": { "osmid": 536045033.0 }, "geometry": { "type": "Point", "coordinates": [ -36447.0, 6724206.0 ] } },
{ "type": "Feature", "properties": { "osmid": 223658955.0 }, "geometry": { "type": "Point", "coordinates": [ -31633.0, 6695011.0 ] } },
{ "type": "Feature", "properties": { "osmid": 11969913541.0 }, "geometry": { "type": "Point", "coordinates": [ -37727.0, 6711434.0 ] } },
{ "type": "Feature", "properties": { "osmid": 30482352.0 }, "geometry": { "type": "Point", "coordinates": [ -32600.0, 6696365.0 ] } },
{ "type": "Feature", "properties": { "osmid": 11731391274.0 }, "geometry": { "type": "Point", "coordinates": [ -37416.0, 6720293.0 ] } },
{ "type": "Feature", "properties": { "osmid": 5397300124.0 }, "geometry": { "type": "Point", "coordinates": [ -33961.0, 6698690.0 ] } },
{ "type": "Feature", "properties": { "osmid": 6208179366.0 }, "geometry": { "type": "Point", "coordinates": [ -35961.0, 6703214.0 ] } },
{ "type": "Feature", "properties": { "osmid": 7753590342.0 }, "geometry": { "type": "Point", "coordinates": [ 27266.0, 6728623.0 ] } },
{ "type": "Feature", "properties": { "osmid": 7711918775.0 }, "geometry": { "type": "Point", "coordinates": [ -329.0, 6680650.0 ] } },
{ "type": "Feature", "properties": { "osmid": 7157595419.0 }, "geometry": { "type": "Point", "coordinates": [ -35861.0, 6726472.0 ] } },
{ "type": "Feature", "properties": { "osmid": 521677541.0 }, "geometry": { "type": "Point", "coordinates": [ -12530.0, 6681565.0 ] } },
{ "type": "Feature", "properties": { "osmid": 12367835203.0 }, "geometry": { "type": "Point", "coordinates": [ -35116.0, 6700795.0 ] } },
{ "type": "Feature", "properties": { "osmid": 237789537.0 }, "geometry": { "type": "Point", "coordinates": [ -36076.0, 6725999.0 ] } },
{ "type": "Feature", "properties": { "osmid": 10804879263.0 }, "geometry": { "type": "Point", "coordinates": [ 27875.0, 6727347.0 ] } },
{ "type": "Feature", "properties": { "osmid": 5394745420.0 }, "geometry": { "type": "Point", "coordinates": [ -22171.0, 6685707.0 ] } },
{ "type": "Feature", "properties": { "osmid": 11729576213.0 }, "geometry": { "type": "Point", "coordinates": [ -37707.0, 6719619.0 ] } },
{ "type": "Feature", "properties": { "osmid": 7156478327.0 }, "geometry": { "type": "Point", "coordinates": [ -34570.0, 6729744.0 ] } },
{ "type": "Feature", "properties": { "osmid": 8920955607.0 }, "geometry": { "type": "Point", "coordinates": [ -21251.0, 6685097.0 ] } },
{ "type": "Feature", "properties": { "osmid": 249550900.0 }, "geometry": { "type": "Point", "coordinates": [ -23674.0, 6686645.0 ] } },
{ "type": "Feature", "properties": { "osmid": 11945633533.0 }, "geometry": { "type": "Point", "coordinates": [ -38117.0, 6715108.0 ] } },
{ "type": "Feature", "properties": { "osmid": 10806312.0 }, "geometry": { "type": "Point", "coordinates": [ -18003.0, 6683371.0 ] } },
{ "type": "Feature", "properties": { "osmid": 2299688291.0 }, "geometry": { "type": "Point", "coordinates": [ -25071.0, 6687667.0 ] } },
{ "type": "Feature", "properties": { "osmid": 23061549.0 }, "geometry": { "type": "Point", "coordinates": [ -24664.0, 6687349.0 ] } },
{ "type": "Feature", "properties": { "osmid": 5778138532.0 }, "geometry": { "type": "Point", "coordinates": [ -35318.0, 6728272.0 ] } },
{ "type": "Feature", "properties": { "osmid": 7607267351.0 }, "geometry": { "type": "Point", "coordinates": [ -38139.0, 6712959.0 ] } },
{ "type": "Feature", "properties": { "osmid": 12849803098.0 }, "geometry": { "type": "Point", "coordinates": [ -37955.0, 6718604.0 ] } },
{ "type": "Feature", "properties": { "osmid": 7156562305.0 }, "geometry": { "type": "Point", "coordinates": [ -35073.0, 6728929.0 ] } },
{ "type": "Feature", "properties": { "osmid": 8867133689.0 }, "geometry": { "type": "Point", "coordinates": [ -33637.0, 6731722.0 ] } },
{ "type": "Feature", "properties": { "osmid": 1733359923.0 }, "geometry": { "type": "Point", "coordinates": [ 27843.0, 6727960.0 ] } },
{ "type": "Feature", "properties": { "osmid": 5774304171.0 }, "geometry": { "type": "Point", "coordinates": [ -36070.0, 6702534.0 ] } },
{ "type": "Feature", "properties": { "osmid": 2349117092.0 }, "geometry": { "type": "Point", "coordinates": [ -37451.0, 6707096.0 ] } },
{ "type": "Feature", "properties": { "osmid": 35212662.0 }, "geometry": { "type": "Point", "coordinates": [ -38156.0, 6717833.0 ] } },
{ "type": "Feature", "properties": { "osmid": 8930755381.0 }, "geometry": { "type": "Point", "coordinates": [ -29717.0, 6691741.0 ] } },
{ "type": "Feature", "properties": { "osmid": 21585720.0 }, "geometry": { "type": "Point", "coordinates": [ -38271.0, 6711724.0 ] } },
{ "type": "Feature", "properties": { "osmid": 536170350.0 }, "geometry": { "type": "Point", "coordinates": [ -37074.0, 6724045.0 ] } },
{ "type": "Feature", "properties": { "osmid": 5367351972.0 }, "geometry": { "type": "Point", "coordinates": [ -32093.0, 6694708.0 ] } },
{ "type": "Feature", "properties": { "osmid": 2111531013.0 }, "geometry": { "type": "Point", "coordinates": [ -35756.0, 6727853.0 ] } },
{ "type": "Feature", "properties": { "osmid": 5627857756.0 }, "geometry": { "type": "Point", "coordinates": [ -38359.0, 6716681.0 ] } },
{ "type": "Feature", "properties": { "osmid": 10874844173.0 }, "geometry": { "type": "Point", "coordinates": [ -38510.0, 6714685.0 ] } },
{ "type": "Feature", "properties": { "osmid": 5526596868.0 }, "geometry": { "type": "Point", "coordinates": [ -36906.0, 6725121.0 ] } },
{ "type": "Feature", "properties": { "osmid": 9395039900.0 }, "geometry": { "type": "Point", "coordinates": [ -37418.0, 6705793.0 ] } },
{ "type": "Feature", "properties": { "osmid": 10608397689.0 }, "geometry": { "type": "Point", "coordinates": [ -34186.0, 6697697.0 ] } },
{ "type": "Feature", "properties": { "osmid": 7607282518.0 }, "geometry": { "type": "Point", "coordinates": [ -38627.0, 6713576.0 ] } },
{ "type": "Feature", "properties": { "osmid": 8933498296.0 }, "geometry": { "type": "Point", "coordinates": [ -29324.0, 6690777.0 ] } },
{ "type": "Feature", "properties": { "osmid": 12810738320.0 }, "geometry": { "type": "Point", "coordinates": [ -38707.0, 6716318.0 ] } },
{ "type": "Feature", "properties": { "osmid": 32548291.0 }, "geometry": { "type": "Point", "coordinates": [ -38704.0, 6712653.0 ] } },
{ "type": "Feature", "properties": { "osmid": 13595964516.0 }, "geometry": { "type": "Point", "coordinates": [ -23866.0, 6685982.0 ] } },
{ "type": "Feature", "properties": { "osmid": 370465235.0 }, "geometry": { "type": "Point", "coordinates": [ -35020.0, 6730366.0 ] } },
{ "type": "Feature", "properties": { "osmid": 7402745565.0 }, "geometry": { "type": "Point", "coordinates": [ -30418.0, 6691910.0 ] } },
{ "type": "Feature", "properties": { "osmid": 7273238524.0 }, "geometry": { "type": "Point", "coordinates": [ -36607.0, 6702416.0 ] } },
{ "type": "Feature", "properties": { "osmid": 6192404195.0 }, "geometry": { "type": "Point", "coordinates": [ 13967.0, 6684533.0 ] } },
{ "type": "Feature", "properties": { "osmid": 10054952826.0 }, "geometry": { "type": "Point", "coordinates": [ -36893.0, 6703169.0 ] } },
{ "type": "Feature", "properties": { "osmid": 8541306743.0 }, "geometry": { "type": "Point", "coordinates": [ -38864.0, 6715117.0 ] } },
{ "type": "Feature", "properties": { "osmid": 249580604.0 }, "geometry": { "type": "Point", "coordinates": [ -34643.0, 6731300.0 ] } },
{ "type": "Feature", "properties": { "osmid": 7406012151.0 }, "geometry": { "type": "Point", "coordinates": [ -32284.0, 6694118.0 ] } },
{ "type": "Feature", "properties": { "osmid": 2397191563.0 }, "geometry": { "type": "Point", "coordinates": [ -20507.0, 6683758.0 ] } },
{ "type": "Feature", "properties": { "osmid": 30590024.0 }, "geometry": { "type": "Point", "coordinates": [ -36663.0, 6727056.0 ] } },
{ "type": "Feature", "properties": { "osmid": 12770466937.0 }, "geometry": { "type": "Point", "coordinates": [ -37508.0, 6724559.0 ] } },
{ "type": "Feature", "properties": { "osmid": 1482450816.0 }, "geometry": { "type": "Point", "coordinates": [ -36216.0, 6700962.0 ] } },
{ "type": "Feature", "properties": { "osmid": 30759365.0 }, "geometry": { "type": "Point", "coordinates": [ -38715.0, 6719200.0 ] } },
{ "type": "Feature", "properties": { "osmid": 2173607611.0 }, "geometry": { "type": "Point", "coordinates": [ -34169.0, 6696708.0 ] } },
{ "type": "Feature", "properties": { "osmid": 13667089934.0 }, "geometry": { "type": "Point", "coordinates": [ -38950.0, 6711843.0 ] } },
{ "type": "Feature", "properties": { "osmid": 267840610.0 }, "geometry": { "type": "Point", "coordinates": [ -39018.0, 6716775.0 ] } },
{ "type": "Feature", "properties": { "osmid": 257067367.0 }, "geometry": { "type": "Point", "coordinates": [ -18966.0, 6682771.0 ] } },
{ "type": "Feature", "properties": { "osmid": 257969715.0 }, "geometry": { "type": "Point", "coordinates": [ -18313.0, 6682452.0 ] } },
{ "type": "Feature", "properties": { "osmid": 1188112432.0 }, "geometry": { "type": "Point", "coordinates": [ -33039.0, 6694831.0 ] } },
{ "type": "Feature", "properties": { "osmid": 27227976.0 }, "geometry": { "type": "Point", "coordinates": [ -35167.0, 6698400.0 ] } },
{ "type": "Feature", "properties": { "osmid": 1437395463.0 }, "geometry": { "type": "Point", "coordinates": [ -37170.0, 6726307.0 ] } },
{ "type": "Feature", "properties": { "osmid": 2173607637.0 }, "geometry": { "type": "Point", "coordinates": [ -34585.0, 6697199.0 ] } },
{ "type": "Feature", "properties": { "osmid": 7010900422.0 }, "geometry": { "type": "Point", "coordinates": [ -38650.0, 6708449.0 ] } },
{ "type": "Feature", "properties": { "osmid": 266745321.0 }, "geometry": { "type": "Point", "coordinates": [ -23839.0, 6685451.0 ] } },
{ "type": "Feature", "properties": { "osmid": 379422448.0 }, "geometry": { "type": "Point", "coordinates": [ -31182.0, 6692173.0 ] } },
{ "type": "Feature", "properties": { "osmid": 10034658668.0 }, "geometry": { "type": "Point", "coordinates": [ -32775.0, 6694256.0 ] } },
{ "type": "Feature", "properties": { "osmid": 5859906941.0 }, "geometry": { "type": "Point", "coordinates": [ -35824.0, 6699464.0 ] } },
{ "type": "Feature", "properties": { "osmid": 11779694597.0 }, "geometry": { "type": "Point", "coordinates": [ -33955.0, 6696002.0 ] } },
{ "type": "Feature", "properties": { "osmid": 370465269.0 }, "geometry": { "type": "Point", "coordinates": [ -35257.0, 6730914.0 ] } },
{ "type": "Feature", "properties": { "osmid": 7330701153.0 }, "geometry": { "type": "Point", "coordinates": [ -21591.0, 6683946.0 ] } },
{ "type": "Feature", "properties": { "osmid": 1164721929.0 }, "geometry": { "type": "Point", "coordinates": [ -39302.0, 6715367.0 ] } },
{ "type": "Feature", "properties": { "osmid": 5777633626.0 }, "geometry": { "type": "Point", "coordinates": [ -39017.0, 6719616.0 ] } },
{ "type": "Feature", "properties": { "osmid": 427732953.0 }, "geometry": { "type": "Point", "coordinates": [ -38255.0, 6723462.0 ] } },
{ "type": "Feature", "properties": { "osmid": 25471343.0 }, "geometry": { "type": "Point", "coordinates": [ -37945.0, 6704507.0 ] } },
{ "type": "Feature", "properties": { "osmid": 1946796286.0 }, "geometry": { "type": "Point", "coordinates": [ -37251.0, 6726828.0 ] } },
{ "type": "Feature", "properties": { "osmid": 8901852553.0 }, "geometry": { "type": "Point", "coordinates": [ -36897.0, 6701437.0 ] } },
{ "type": "Feature", "properties": { "osmid": 33628790.0 }, "geometry": { "type": "Point", "coordinates": [ -38615.0, 6706991.0 ] } },
{ "type": "Feature", "properties": { "osmid": 3759045649.0 }, "geometry": { "type": "Point", "coordinates": [ -31651.0, 6692376.0 ] } },
{ "type": "Feature", "properties": { "osmid": 13305398881.0 }, "geometry": { "type": "Point", "coordinates": [ -37945.0, 6724811.0 ] } },
{ "type": "Feature", "properties": { "osmid": 9408892661.0 }, "geometry": { "type": "Point", "coordinates": [ -39452.0, 6713822.0 ] } },
{ "type": "Feature", "properties": { "osmid": 21651076.0 }, "geometry": { "type": "Point", "coordinates": [ -38578.0, 6722659.0 ] } },
{ "type": "Feature", "properties": { "osmid": 30481924.0 }, "geometry": { "type": "Point", "coordinates": [ -33878.0, 6695275.0 ] } },
{ "type": "Feature", "properties": { "osmid": 5967769212.0 }, "geometry": { "type": "Point", "coordinates": [ -36664.0, 6700494.0 ] } },
{ "type": "Feature", "properties": { "osmid": 2049970822.0 }, "geometry": { "type": "Point", "coordinates": [ -39489.0, 6712229.0 ] } },
{ "type": "Feature", "properties": { "osmid": 12810777303.0 }, "geometry": { "type": "Point", "coordinates": [ -39566.0, 6712948.0 ] } },
{ "type": "Feature", "properties": { "osmid": 2441817160.0 }, "geometry": { "type": "Point", "coordinates": [ -33499.0, 6694575.0 ] } },
{ "type": "Feature", "properties": { "osmid": 262817136.0 }, "geometry": { "type": "Point", "coordinates": [ -32433.0, 6693077.0 ] } },
{ "type": "Feature", "properties": { "osmid": 9934209299.0 }, "geometry": { "type": "Point", "coordinates": [ -18892.0, 6682094.0 ] } },
{ "type": "Feature", "properties": { "osmid": 10054947296.0 }, "geometry": { "type": "Point", "coordinates": [ -37782.0, 6702995.0 ] } },
{ "type": "Feature", "properties": { "osmid": 7078823627.0 }, "geometry": { "type": "Point", "coordinates": [ -30226.0, 6690263.0 ] } },
{ "type": "Feature", "properties": { "osmid": 7942317439.0 }, "geometry": { "type": "Point", "coordinates": [ -37490.0, 6702040.0 ] } },
{ "type": "Feature", "properties": { "osmid": 23775881.0 }, "geometry": { "type": "Point", "coordinates": [ -29546.0, 6689515.0 ] } },
{ "type": "Feature", "properties": { "osmid": 1018787563.0 }, "geometry": { "type": "Point", "coordinates": [ 12391.0, 6682514.0 ] } },
{ "type": "Feature", "properties": { "osmid": 269134911.0 }, "geometry": { "type": "Point", "coordinates": [ -21599.0, 6683320.0 ] } },
{ "type": "Feature", "properties": { "osmid": 432693180.0 }, "geometry": { "type": "Point", "coordinates": [ -35757.0, 6697999.0 ] } },
{ "type": "Feature", "properties": { "osmid": 6702484483.0 }, "geometry": { "type": "Point", "coordinates": [ -35335.0, 6731988.0 ] } },
{ "type": "Feature", "properties": { "osmid": 447588260.0 }, "geometry": { "type": "Point", "coordinates": [ -38507.0, 6704859.0 ] } },
{ "type": "Feature", "properties": { "osmid": 5912890419.0 }, "geometry": { "type": "Point", "coordinates": [ -33468.0, 6694016.0 ] } },
{ "type": "Feature", "properties": { "osmid": 9853644669.0 }, "geometry": { "type": "Point", "coordinates": [ -39158.0, 6722001.0 ] } },
{ "type": "Feature", "properties": { "osmid": 30480890.0 }, "geometry": { "type": "Point", "coordinates": [ -33986.0, 6694749.0 ] } },
{ "type": "Feature", "properties": { "osmid": 2313493979.0 }, "geometry": { "type": "Point", "coordinates": [ -24289.0, 6684812.0 ] } },
{ "type": "Feature", "properties": { "osmid": 541400491.0 }, "geometry": { "type": "Point", "coordinates": [ -39150.0, 6706802.0 ] } },
{ "type": "Feature", "properties": { "osmid": 291463155.0 }, "geometry": { "type": "Point", "coordinates": [ -39965.0, 6711996.0 ] } },
{ "type": "Feature", "properties": { "osmid": 11961252154.0 }, "geometry": { "type": "Point", "coordinates": [ -39954.0, 6717466.0 ] } },
{ "type": "Feature", "properties": { "osmid": 11976487005.0 }, "geometry": { "type": "Point", "coordinates": [ -40091.0, 6716983.0 ] } },
{ "type": "Feature", "properties": { "osmid": 9393101965.0 }, "geometry": { "type": "Point", "coordinates": [ -32778.0, 6692610.0 ] } },
{ "type": "Feature", "properties": { "osmid": 36761387.0 }, "geometry": { "type": "Point", "coordinates": [ -38289.0, 6702867.0 ] } },
{ "type": "Feature", "properties": { "osmid": 23840366.0 }, "geometry": { "type": "Point", "coordinates": [ -33256.0, 6693115.0 ] } },
{ "type": "Feature", "properties": { "osmid": 956475992.0 }, "geometry": { "type": "Point", "coordinates": [ 13192.0, 6682412.0 ] } },
{ "type": "Feature", "properties": { "osmid": 25422245.0 }, "geometry": { "type": "Point", "coordinates": [ -38007.0, 6727402.0 ] } },
{ "type": "Feature", "properties": { "osmid": 8770519132.0 }, "geometry": { "type": "Point", "coordinates": [ -37705.0, 6700962.0 ] } },
{ "type": "Feature", "properties": { "osmid": 1679063026.0 }, "geometry": { "type": "Point", "coordinates": [ -24800.0, 6684711.0 ] } },
{ "type": "Feature", "properties": { "osmid": 8034323955.0 }, "geometry": { "type": "Point", "coordinates": [ -37048.0, 6699421.0 ] } },
{ "type": "Feature", "properties": { "osmid": 8915067758.0 }, "geometry": { "type": "Point", "coordinates": [ -36251.0, 6697749.0 ] } },
{ "type": "Feature", "properties": { "osmid": 3782616222.0 }, "geometry": { "type": "Point", "coordinates": [ -33939.0, 6693822.0 ] } },
{ "type": "Feature", "properties": { "osmid": 392183347.0 }, "geometry": { "type": "Point", "coordinates": [ -39433.0, 6723107.0 ] } },
{ "type": "Feature", "properties": { "osmid": 293794044.0 }, "geometry": { "type": "Point", "coordinates": [ -37341.0, 6699847.0 ] } },
{ "type": "Feature", "properties": { "osmid": 10310741140.0 }, "geometry": { "type": "Point", "coordinates": [ -35459.0, 6696090.0 ] } },
{ "type": "Feature", "properties": { "osmid": 247912784.0 }, "geometry": { "type": "Point", "coordinates": [ -22102.0, 6682824.0 ] } },
{ "type": "Feature", "properties": { "osmid": 2388658497.0 }, "geometry": { "type": "Point", "coordinates": [ -40537.0, 6713540.0 ] } },
{ "type": "Feature", "properties": { "osmid": 7942053041.0 }, "geometry": { "type": "Point", "coordinates": [ -38248.0, 6701785.0 ] } },
{ "type": "Feature", "properties": { "osmid": 5320614672.0 }, "geometry": { "type": "Point", "coordinates": [ -34566.0, 6694392.0 ] } },
{ "type": "Feature", "properties": { "osmid": 6071313217.0 }, "geometry": { "type": "Point", "coordinates": [ -37768.0, 6728802.0 ] } },
{ "type": "Feature", "properties": { "osmid": 263011255.0 }, "geometry": { "type": "Point", "coordinates": [ -40517.0, 6717706.0 ] } },
{ "type": "Feature", "properties": { "osmid": 267841509.0 }, "geometry": { "type": "Point", "coordinates": [ -40574.0, 6717117.0 ] } },
{ "type": "Feature", "properties": { "osmid": 3107939261.0 }, "geometry": { "type": "Point", "coordinates": [ -40251.0, 6720232.0 ] } },
{ "type": "Feature", "properties": { "osmid": 36761391.0 }, "geometry": { "type": "Point", "coordinates": [ -38895.0, 6703254.0 ] } },
{ "type": "Feature", "properties": { "osmid": 261053746.0 }, "geometry": { "type": "Point", "coordinates": [ -22933.0, 6683079.0 ] } },
{ "type": "Feature", "properties": { "osmid": 2338440319.0 }, "geometry": { "type": "Point", "coordinates": [ -40533.0, 6718483.0 ] } },
{ "type": "Feature", "properties": { "osmid": 6993884970.0 }, "geometry": { "type": "Point", "coordinates": [ -30725.0, 6689269.0 ] } },
{ "type": "Feature", "properties": { "osmid": 7872695096.0 }, "geometry": { "type": "Point", "coordinates": [ -40776.0, 6716629.0 ] } },
{ "type": "Feature", "properties": { "osmid": 10224755818.0 }, "geometry": { "type": "Point", "coordinates": [ 33035.0, 6717328.0 ] } },
{ "type": "Feature", "properties": { "osmid": 1678135205.0 }, "geometry": { "type": "Point", "coordinates": [ -18647.0, 6680700.0 ] } },
{ "type": "Feature", "properties": { "osmid": 7608783482.0 }, "geometry": { "type": "Point", "coordinates": [ -40659.0, 6710923.0 ] } },
{ "type": "Feature", "properties": { "osmid": 249200722.0 }, "geometry": { "type": "Point", "coordinates": [ -33883.0, 6692986.0 ] } },
{ "type": "Feature", "properties": { "osmid": 7608796795.0 }, "geometry": { "type": "Point", "coordinates": [ -40781.0, 6712258.0 ] } },
{ "type": "Feature", "properties": { "osmid": 7499010079.0 }, "geometry": { "type": "Point", "coordinates": [ -38691.0, 6727139.0 ] } },
{ "type": "Feature", "properties": { "osmid": 291463373.0 }, "geometry": { "type": "Point", "coordinates": [ -40782.0, 6711714.0 ] } },
{ "type": "Feature", "properties": { "osmid": 5777540466.0 }, "geometry": { "type": "Point", "coordinates": [ -40199.0, 6721881.0 ] } },
{ "type": "Feature", "properties": { "osmid": 57730272.0 }, "geometry": { "type": "Point", "coordinates": [ -38351.0, 6700930.0 ] } },
{ "type": "Feature", "properties": { "osmid": 5315680053.0 }, "geometry": { "type": "Point", "coordinates": [ -34305.0, 6693364.0 ] } },
{ "type": "Feature", "properties": { "osmid": 7717898080.0 }, "geometry": { "type": "Point", "coordinates": [ -35352.0, 6694937.0 ] } },
{ "type": "Feature", "properties": { "osmid": 5706997431.0 }, "geometry": { "type": "Point", "coordinates": [ -39638.0, 6704650.0 ] } },
{ "type": "Feature", "properties": { "osmid": 10932070805.0 }, "geometry": { "type": "Point", "coordinates": [ -32930.0, 6691420.0 ] } },
{ "type": "Feature", "properties": { "osmid": 447813552.0 }, "geometry": { "type": "Point", "coordinates": [ -41020.0, 6716007.0 ] } },
{ "type": "Feature", "properties": { "osmid": 2435294645.0 }, "geometry": { "type": "Point", "coordinates": [ -40884.0, 6710330.0 ] } },
{ "type": "Feature", "properties": { "osmid": 262566143.0 }, "geometry": { "type": "Point", "coordinates": [ -40312.0, 6722417.0 ] } },
{ "type": "Feature", "properties": { "osmid": 6111638098.0 }, "geometry": { "type": "Point", "coordinates": [ -33869.0, 6692471.0 ] } },
{ "type": "Feature", "properties": { "osmid": 2295777117.0 }, "geometry": { "type": "Point", "coordinates": [ -41052.0, 6717390.0 ] } },
{ "type": "Feature", "properties": { "osmid": 1643419567.0 }, "geometry": { "type": "Point", "coordinates": [ -40277.0, 6706496.0 ] } },
{ "type": "Feature", "properties": { "osmid": 36470201.0 }, "geometry": { "type": "Point", "coordinates": [ -40648.0, 6720925.0 ] } },
{ "type": "Feature", "properties": { "osmid": 9163865710.0 }, "geometry": { "type": "Point", "coordinates": [ -40982.0, 6719018.0 ] } },
{ "type": "Feature", "properties": { "osmid": 262566213.0 }, "geometry": { "type": "Point", "coordinates": [ -40659.0, 6721544.0 ] } },
{ "type": "Feature", "properties": { "osmid": 2295866078.0 }, "geometry": { "type": "Point", "coordinates": [ -41282.0, 6716454.0 ] } },
{ "type": "Feature", "properties": { "osmid": 13606010303.0 }, "geometry": { "type": "Point", "coordinates": [ -14962.0, 6678741.0 ] } },
{ "type": "Feature", "properties": { "osmid": 9857856879.0 }, "geometry": { "type": "Point", "coordinates": [ -31491.0, 6689092.0 ] } },
{ "type": "Feature", "properties": { "osmid": 13005590168.0 }, "geometry": { "type": "Point", "coordinates": [ -41289.0, 6718442.0 ] } },
{ "type": "Feature", "properties": { "osmid": 5608297613.0 }, "geometry": { "type": "Point", "coordinates": [ -39052.0, 6701279.0 ] } },
{ "type": "Feature", "properties": { "osmid": 3027872784.0 }, "geometry": { "type": "Point", "coordinates": [ -37187.0, 6697124.0 ] } },
{ "type": "Feature", "properties": { "osmid": 5394493267.0 }, "geometry": { "type": "Point", "coordinates": [ -39392.0, 6727069.0 ] } },
{ "type": "Feature", "properties": { "osmid": 2605942443.0 }, "geometry": { "type": "Point", "coordinates": [ -38898.0, 6700769.0 ] } },
{ "type": "Feature", "properties": { "osmid": 8932742286.0 }, "geometry": { "type": "Point", "coordinates": [ -33219.0, 6690980.0 ] } },
{ "type": "Feature", "properties": { "osmid": 36141353.0 }, "geometry": { "type": "Point", "coordinates": [ -33850.0, 6691767.0 ] } },
{ "type": "Feature", "properties": { "osmid": 547322674.0 }, "geometry": { "type": "Point", "coordinates": [ -40597.0, 6723062.0 ] } },
{ "type": "Feature", "properties": { "osmid": 13352745076.0 }, "geometry": { "type": "Point", "coordinates": [ -41261.0, 6719507.0 ] } },
{ "type": "Feature", "properties": { "osmid": 7609419146.0 }, "geometry": { "type": "Point", "coordinates": [ -41159.0, 6708945.0 ] } },
{ "type": "Feature", "properties": { "osmid": 5315680081.0 }, "geometry": { "type": "Point", "coordinates": [ -34365.0, 6692372.0 ] } },
{ "type": "Feature", "properties": { "osmid": 1489717096.0 }, "geometry": { "type": "Point", "coordinates": [ -31130.0, 6688500.0 ] } },
{ "type": "Feature", "properties": { "osmid": 291649514.0 }, "geometry": { "type": "Point", "coordinates": [ -41593.0, 6715913.0 ] } },
{ "type": "Feature", "properties": { "osmid": 9650300340.0 }, "geometry": { "type": "Point", "coordinates": [ -32059.0, 6689458.0 ] } },
{ "type": "Feature", "properties": { "osmid": 6318233684.0 }, "geometry": { "type": "Point", "coordinates": [ -30788.0, 6687994.0 ] } },
{ "type": "Feature", "properties": { "osmid": 5952108167.0 }, "geometry": { "type": "Point", "coordinates": [ -38937.0, 6728835.0 ] } },
{ "type": "Feature", "properties": { "osmid": 11734320634.0 }, "geometry": { "type": "Point", "coordinates": [ -40841.0, 6706386.0 ] } },
{ "type": "Feature", "properties": { "osmid": 5777975096.0 }, "geometry": { "type": "Point", "coordinates": [ -40050.0, 6725878.0 ] } },
{ "type": "Feature", "properties": { "osmid": 272341336.0 }, "geometry": { "type": "Point", "coordinates": [ -41680.0, 6717215.0 ] } },
{ "type": "Feature", "properties": { "osmid": 7313853768.0 }, "geometry": { "type": "Point", "coordinates": [ -41009.0, 6722277.0 ] } },
{ "type": "Feature", "properties": { "osmid": 31453782.0 }, "geometry": { "type": "Point", "coordinates": [ -40359.0, 6704244.0 ] } },
{ "type": "Feature", "properties": { "osmid": 8092709591.0 }, "geometry": { "type": "Point", "coordinates": [ -30489.0, 6687563.0 ] } },
{ "type": "Feature", "properties": { "osmid": 8940178455.0 }, "geometry": { "type": "Point", "coordinates": [ -33161.0, 6690462.0 ] } },
{ "type": "Feature", "properties": { "osmid": 5982330518.0 }, "geometry": { "type": "Point", "coordinates": [ -40293.0, 6725396.0 ] } },
{ "type": "Feature", "properties": { "osmid": 12791324452.0 }, "geometry": { "type": "Point", "coordinates": [ -41726.0, 6711189.0 ] } },
{ "type": "Feature", "properties": { "osmid": 35499225.0 }, "geometry": { "type": "Point", "coordinates": [ -33833.0, 6691162.0 ] } },
{ "type": "Feature", "properties": { "osmid": 13442895870.0 }, "geometry": { "type": "Point", "coordinates": [ -32564.0, 6689586.0 ] } },
{ "type": "Feature", "properties": { "osmid": 2069280514.0 }, "geometry": { "type": "Point", "coordinates": [ -41727.0, 6710536.0 ] } },
{ "type": "Feature", "properties": { "osmid": 3629319785.0 }, "geometry": { "type": "Point", "coordinates": [ -38339.0, 6698412.0 ] } },
{ "type": "Feature", "properties": { "osmid": 13005104026.0 }, "geometry": { "type": "Point", "coordinates": [ -41849.0, 6718052.0 ] } },
{ "type": "Feature", "properties": { "osmid": 11499043600.0 }, "geometry": { "type": "Point", "coordinates": [ -40653.0, 6724744.0 ] } },
{ "type": "Feature", "properties": { "osmid": 291022717.0 }, "geometry": { "type": "Point", "coordinates": [ -32982.0, 6689892.0 ] } },
{ "type": "Feature", "properties": { "osmid": 8737256938.0 }, "geometry": { "type": "Point", "coordinates": [ -38871.0, 6699208.0 ] } },
{ "type": "Feature", "properties": { "osmid": 1382081358.0 }, "geometry": { "type": "Point", "coordinates": [ -34619.0, 6691823.0 ] } },
{ "type": "Feature", "properties": { "osmid": 31002217.0 }, "geometry": { "type": "Point", "coordinates": [ -40785.0, 6704531.0 ] } },
{ "type": "Feature", "properties": { "osmid": 3228316473.0 }, "geometry": { "type": "Point", "coordinates": [ -42100.0, 6716655.0 ] } },
{ "type": "Feature", "properties": { "osmid": 10245657441.0 }, "geometry": { "type": "Point", "coordinates": [ -37836.0, 6732372.0 ] } },
{ "type": "Feature", "properties": { "osmid": 4565299124.0 }, "geometry": { "type": "Point", "coordinates": [ -41141.0, 6705583.0 ] } },
{ "type": "Feature", "properties": { "osmid": 3188577386.0 }, "geometry": { "type": "Point", "coordinates": [ -41019.0, 6724171.0 ] } },
{ "type": "Feature", "properties": { "osmid": 2313299446.0 }, "geometry": { "type": "Point", "coordinates": [ -42216.0, 6715928.0 ] } },
{ "type": "Feature", "properties": { "osmid": 11498845260.0 }, "geometry": { "type": "Point", "coordinates": [ -40436.0, 6726235.0 ] } },
{ "type": "Feature", "properties": { "osmid": 5551734389.0 }, "geometry": { "type": "Point", "coordinates": [ -39287.0, 6699807.0 ] } },
{ "type": "Feature", "properties": { "osmid": 7236021238.0 }, "geometry": { "type": "Point", "coordinates": [ -42204.0, 6712659.0 ] } },
{ "type": "Feature", "properties": { "osmid": 33759229.0 }, "geometry": { "type": "Point", "coordinates": [ -41381.0, 6706315.0 ] } },
{ "type": "Feature", "properties": { "osmid": 7313900218.0 }, "geometry": { "type": "Point", "coordinates": [ -41311.0, 6723204.0 ] } },
{ "type": "Feature", "properties": { "osmid": 3503743747.0 }, "geometry": { "type": "Point", "coordinates": [ -40837.0, 6704009.0 ] } },
{ "type": "Feature", "properties": { "osmid": 3188576993.0 }, "geometry": { "type": "Point", "coordinates": [ -41258.0, 6723713.0 ] } },
{ "type": "Feature", "properties": { "osmid": 6300350719.0 }, "geometry": { "type": "Point", "coordinates": [ -15287.0, 6677793.0 ] } },
{ "type": "Feature", "properties": { "osmid": 7912933382.0 }, "geometry": { "type": "Point", "coordinates": [ -33530.0, 6689938.0 ] } },
{ "type": "Feature", "properties": { "osmid": 2308750800.0 }, "geometry": { "type": "Point", "coordinates": [ -42370.0, 6717173.0 ] } },
{ "type": "Feature", "properties": { "osmid": 2085246438.0 }, "geometry": { "type": "Point", "coordinates": [ -39856.0, 6700651.0 ] } },
{ "type": "Feature", "properties": { "osmid": 13274367569.0 }, "geometry": { "type": "Point", "coordinates": [ -39416.0, 6729860.0 ] } },
{ "type": "Feature", "properties": { "osmid": 2735054087.0 }, "geometry": { "type": "Point", "coordinates": [ -41280.0, 6704691.0 ] } },
{ "type": "Feature", "properties": { "osmid": 11538620830.0 }, "geometry": { "type": "Point", "coordinates": [ -42553.0, 6713131.0 ] } },
{ "type": "Feature", "properties": { "osmid": 7072074492.0 }, "geometry": { "type": "Point", "coordinates": [ -36431.0, 6693635.0 ] } },
{ "type": "Feature", "properties": { "osmid": 1959477927.0 }, "geometry": { "type": "Point", "coordinates": [ -39779.0, 6700096.0 ] } },
{ "type": "Feature", "properties": { "osmid": 4405143951.0 }, "geometry": { "type": "Point", "coordinates": [ -34411.0, 6690782.0 ] } },
{ "type": "Feature", "properties": { "osmid": 272345295.0 }, "geometry": { "type": "Point", "coordinates": [ -42617.0, 6716594.0 ] } },
{ "type": "Feature", "properties": { "osmid": 5315714364.0 }, "geometry": { "type": "Point", "coordinates": [ -34962.0, 6691330.0 ] } },
{ "type": "Feature", "properties": { "osmid": 6130984461.0 }, "geometry": { "type": "Point", "coordinates": [ -42712.0, 6715749.0 ] } },
{ "type": "Feature", "properties": { "osmid": 10040183405.0 }, "geometry": { "type": "Point", "coordinates": [ -42323.0, 6708871.0 ] } },
{ "type": "Feature", "properties": { "osmid": 190596016.0 }, "geometry": { "type": "Point", "coordinates": [ -38257.0, 6696419.0 ] } },
{ "type": "Feature", "properties": { "osmid": 812080312.0 }, "geometry": { "type": "Point", "coordinates": [ -42608.0, 6718311.0 ] } },
{ "type": "Feature", "properties": { "osmid": 7827719677.0 }, "geometry": { "type": "Point", "coordinates": [ -31588.0, 6687273.0 ] } },
{ "type": "Feature", "properties": { "osmid": 6652290345.0 }, "geometry": { "type": "Point", "coordinates": [ -15411.0, 6677263.0 ] } },
{ "type": "Feature", "properties": { "osmid": 249091624.0 }, "geometry": { "type": "Point", "coordinates": [ -42951.0, 6715107.0 ] } },
{ "type": "Feature", "properties": { "osmid": 3108777884.0 }, "geometry": { "type": "Point", "coordinates": [ -42867.0, 6717253.0 ] } },
{ "type": "Feature", "properties": { "osmid": 5638809841.0 }, "geometry": { "type": "Point", "coordinates": [ -39965.0, 6729647.0 ] } },
{ "type": "Feature", "properties": { "osmid": 11538747567.0 }, "geometry": { "type": "Point", "coordinates": [ -42891.0, 6711608.0 ] } },
{ "type": "Feature", "properties": { "osmid": 5982313632.0 }, "geometry": { "type": "Point", "coordinates": [ -41620.0, 6725182.0 ] } },
{ "type": "Feature", "properties": { "osmid": 239972988.0 }, "geometry": { "type": "Point", "coordinates": [ -41337.0, 6726163.0 ] } },
{ "type": "Feature", "properties": { "osmid": 11688740320.0 }, "geometry": { "type": "Point", "coordinates": [ -42386.0, 6707126.0 ] } },
{ "type": "Feature", "properties": { "osmid": 190585547.0 }, "geometry": { "type": "Point", "coordinates": [ -39035.0, 6697067.0 ] } },
{ "type": "Feature", "properties": { "osmid": 206881151.0 }, "geometry": { "type": "Point", "coordinates": [ -32907.0, 6688118.0 ] } },
{ "type": "Feature", "properties": { "osmid": 1789733951.0 }, "geometry": { "type": "Point", "coordinates": [ -43179.0, 6714591.0 ] } },
{ "type": "Feature", "properties": { "osmid": 7091816221.0 }, "geometry": { "type": "Point", "coordinates": [ -40135.0, 6699399.0 ] } },
{ "type": "Feature", "properties": { "osmid": 2194405174.0 }, "geometry": { "type": "Point", "coordinates": [ -43181.0, 6716452.0 ] } },
{ "type": "Feature", "properties": { "osmid": 6160342658.0 }, "geometry": { "type": "Point", "coordinates": [ -31871.0, 6686818.0 ] } },
{ "type": "Feature", "properties": { "osmid": 2924017748.0 }, "geometry": { "type": "Point", "coordinates": [ -40531.0, 6700002.0 ] } },
{ "type": "Feature", "properties": { "osmid": 869409717.0 }, "geometry": { "type": "Point", "coordinates": [ -43316.0, 6715697.0 ] } },
{ "type": "Feature", "properties": { "osmid": 6378745295.0 }, "geometry": { "type": "Point", "coordinates": [ -42930.0, 6708952.0 ] } },
{ "type": "Feature", "properties": { "osmid": 65298683.0 }, "geometry": { "type": "Point", "coordinates": [ -43277.0, 6716952.0 ] } },
{ "type": "Feature", "properties": { "osmid": 428594677.0 }, "geometry": { "type": "Point", "coordinates": [ -42292.0, 6723743.0 ] } },
{ "type": "Feature", "properties": { "osmid": 94826331.0 }, "geometry": { "type": "Point", "coordinates": [ -41530.0, 6702610.0 ] } },
{ "type": "Feature", "properties": { "osmid": 7055663032.0 }, "geometry": { "type": "Point", "coordinates": [ -33666.0, 6688524.0 ] } },
{ "type": "Feature", "properties": { "osmid": 61274433.0 }, "geometry": { "type": "Point", "coordinates": [ -42188.0, 6724662.0 ] } },
{ "type": "Feature", "properties": { "osmid": 13679267246.0 }, "geometry": { "type": "Point", "coordinates": [ -43393.0, 6711614.0 ] } },
{ "type": "Feature", "properties": { "osmid": 291938020.0 }, "geometry": { "type": "Point", "coordinates": [ -43542.0, 6713923.0 ] } },
{ "type": "Feature", "properties": { "osmid": 6415386862.0 }, "geometry": { "type": "Point", "coordinates": [ -42636.0, 6706051.0 ] } },
{ "type": "Feature", "properties": { "osmid": 1789734003.0 }, "geometry": { "type": "Point", "coordinates": [ -43648.0, 6714855.0 ] } },
{ "type": "Feature", "properties": { "osmid": 869409310.0 }, "geometry": { "type": "Point", "coordinates": [ -43653.0, 6716237.0 ] } },
{ "type": "Feature", "properties": { "osmid": 2573438622.0 }, "geometry": { "type": "Point", "coordinates": [ -43658.0, 6712639.0 ] } },
{ "type": "Feature", "properties": { "osmid": 7055783997.0 }, "geometry": { "type": "Point", "coordinates": [ -33494.0, 6687844.0 ] } },
{ "type": "Feature", "properties": { "osmid": 6300446868.0 }, "geometry": { "type": "Point", "coordinates": [ -16047.0, 6676560.0 ] } },
{ "type": "Feature", "properties": { "osmid": 9393481830.0 }, "geometry": { "type": "Point", "coordinates": [ -43666.0, 6711188.0 ] } },
{ "type": "Feature", "properties": { "osmid": 248947972.0 }, "geometry": { "type": "Point", "coordinates": [ -41043.0, 6699974.0 ] } },
{ "type": "Feature", "properties": { "osmid": 36683639.0 }, "geometry": { "type": "Point", "coordinates": [ -40305.0, 6731054.0 ] } },
{ "type": "Feature", "properties": { "osmid": 1360292571.0 }, "geometry": { "type": "Point", "coordinates": [ -37873.0, 6693568.0 ] } },
{ "type": "Feature", "properties": { "osmid": 348149676.0 }, "geometry": { "type": "Point", "coordinates": [ -42815.0, 6723719.0 ] } },
{ "type": "Feature", "properties": { "osmid": 5319315136.0 }, "geometry": { "type": "Point", "coordinates": [ -39100.0, 6695464.0 ] } },
{ "type": "Feature", "properties": { "osmid": 248832777.0 }, "geometry": { "type": "Point", "coordinates": [ -41446.0, 6700410.0 ] } },
{ "type": "Feature", "properties": { "osmid": 2573438669.0 }, "geometry": { "type": "Point", "coordinates": [ -44100.0, 6712912.0 ] } },
{ "type": "Feature", "properties": { "osmid": 10054678857.0 }, "geometry": { "type": "Point", "coordinates": [ -43097.0, 6705437.0 ] } },
{ "type": "Feature", "properties": { "osmid": 248838431.0 }, "geometry": { "type": "Point", "coordinates": [ -41218.0, 6699500.0 ] } },
{ "type": "Feature", "properties": { "osmid": 929861551.0 }, "geometry": { "type": "Point", "coordinates": [ -44161.0, 6713995.0 ] } },
{ "type": "Feature", "properties": { "osmid": 10555827989.0 }, "geometry": { "type": "Point", "coordinates": [ -44147.0, 6716130.0 ] } },
{ "type": "Feature", "properties": { "osmid": 5982313597.0 }, "geometry": { "type": "Point", "coordinates": [ -42400.0, 6726604.0 ] } },
{ "type": "Feature", "properties": { "osmid": 9687375152.0 }, "geometry": { "type": "Point", "coordinates": [ -44188.0, 6717344.0 ] } },
{ "type": "Feature", "properties": { "osmid": 571243978.0 }, "geometry": { "type": "Point", "coordinates": [ -44279.0, 6716679.0 ] } },
{ "type": "Feature", "properties": { "osmid": 4861760525.0 }, "geometry": { "type": "Point", "coordinates": [ -38622.0, 6693775.0 ] } },
{ "type": "Feature", "properties": { "osmid": 5656426892.0 }, "geometry": { "type": "Point", "coordinates": [ -44402.0, 6714763.0 ] } },
{ "type": "Feature", "properties": { "osmid": 258831532.0 }, "geometry": { "type": "Point", "coordinates": [ -43943.0, 6720788.0 ] } },
{ "type": "Feature", "properties": { "osmid": 9393481733.0 }, "geometry": { "type": "Point", "coordinates": [ -44305.0, 6711001.0 ] } },
{ "type": "Feature", "properties": { "osmid": 773554822.0 }, "geometry": { "type": "Point", "coordinates": [ -43547.0, 6705858.0 ] } },
{ "type": "Feature", "properties": { "osmid": 9419725773.0 }, "geometry": { "type": "Point", "coordinates": [ -44514.0, 6713480.0 ] } },
{ "type": "Feature", "properties": { "osmid": 2834262607.0 }, "geometry": { "type": "Point", "coordinates": [ -41833.0, 6700016.0 ] } },
{ "type": "Feature", "properties": { "osmid": 11801181710.0 }, "geometry": { "type": "Point", "coordinates": [ -43046.0, 6703669.0 ] } },
{ "type": "Feature", "properties": { "osmid": 7740596326.0 }, "geometry": { "type": "Point", "coordinates": [ -44364.0, 6718674.0 ] } },
{ "type": "Feature", "properties": { "osmid": 8008064405.0 }, "geometry": { "type": "Point", "coordinates": [ -41444.0, 6698909.0 ] } },
{ "type": "Feature", "properties": { "osmid": 282462335.0 }, "geometry": { "type": "Point", "coordinates": [ -39904.0, 6695561.0 ] } },
{ "type": "Feature", "properties": { "osmid": 12250471359.0 }, "geometry": { "type": "Point", "coordinates": [ -34041.0, 6687039.0 ] } },
{ "type": "Feature", "properties": { "osmid": 1531131560.0 }, "geometry": { "type": "Point", "coordinates": [ -44761.0, 6713005.0 ] } },
{ "type": "Feature", "properties": { "osmid": 4861760529.0 }, "geometry": { "type": "Point", "coordinates": [ -39515.0, 6694376.0 ] } },
{ "type": "Feature", "properties": { "osmid": 7096033483.0 }, "geometry": { "type": "Point", "coordinates": [ -44598.0, 6719157.0 ] } },
{ "type": "Feature", "properties": { "osmid": 869409523.0 }, "geometry": { "type": "Point", "coordinates": [ -44855.0, 6714996.0 ] } },
{ "type": "Feature", "properties": { "osmid": 5600677737.0 }, "geometry": { "type": "Point", "coordinates": [ -44446.0, 6720624.0 ] } },
{ "type": "Feature", "properties": { "osmid": 12639917061.0 }, "geometry": { "type": "Point", "coordinates": [ -44625.0, 6709713.0 ] } },
{ "type": "Feature", "properties": { "osmid": 61271547.0 }, "geometry": { "type": "Point", "coordinates": [ -42644.0, 6728313.0 ] } },
{ "type": "Feature", "properties": { "osmid": 1546875472.0 }, "geometry": { "type": "Point", "coordinates": [ -33332.0, 6685895.0 ] } },
{ "type": "Feature", "properties": { "osmid": 571243952.0 }, "geometry": { "type": "Point", "coordinates": [ -44951.0, 6716621.0 ] } },
{ "type": "Feature", "properties": { "osmid": 33759658.0 }, "geometry": { "type": "Point", "coordinates": [ -44106.0, 6705887.0 ] } },
{ "type": "Feature", "properties": { "osmid": 248829449.0 }, "geometry": { "type": "Point", "coordinates": [ -42013.0, 6699102.0 ] } },
{ "type": "Feature", "properties": { "osmid": 7276051392.0 }, "geometry": { "type": "Point", "coordinates": [ -44073.0, 6723485.0 ] } },
{ "type": "Feature", "properties": { "osmid": 817522862.0 }, "geometry": { "type": "Point", "coordinates": [ -45040.0, 6712043.0 ] } },
{ "type": "Feature", "properties": { "osmid": 8096394844.0 }, "geometry": { "type": "Point", "coordinates": [ -42699.0, 6700607.0 ] } },
{ "type": "Feature", "properties": { "osmid": 9244992094.0 }, "geometry": { "type": "Point", "coordinates": [ -45162.0, 6713426.0 ] } },
{ "type": "Feature", "properties": { "osmid": 12639917100.0 }, "geometry": { "type": "Point", "coordinates": [ -44845.0, 6708901.0 ] } },
{ "type": "Feature", "properties": { "osmid": 11801181724.0 }, "geometry": { "type": "Point", "coordinates": [ -43698.0, 6703337.0 ] } },
{ "type": "Feature", "properties": { "osmid": 9055562952.0 }, "geometry": { "type": "Point", "coordinates": [ -44476.0, 6722982.0 ] } },
{ "type": "Feature", "properties": { "osmid": 817519331.0 }, "geometry": { "type": "Point", "coordinates": [ -45211.0, 6711376.0 ] } },
{ "type": "Feature", "properties": { "osmid": 2161935923.0 }, "geometry": { "type": "Point", "coordinates": [ -16635.0, 6675104.0 ] } },
{ "type": "Feature", "properties": { "osmid": 3581122120.0 }, "geometry": { "type": "Point", "coordinates": [ -40327.0, 6694623.0 ] } },
{ "type": "Feature", "properties": { "osmid": 7836189828.0 }, "geometry": { "type": "Point", "coordinates": [ -45222.0, 6710176.0 ] } },
{ "type": "Feature", "properties": { "osmid": 6398580616.0 }, "geometry": { "type": "Point", "coordinates": [ -45252.0, 6718824.0 ] } },
{ "type": "Feature", "properties": { "osmid": 6373325311.0 }, "geometry": { "type": "Point", "coordinates": [ -42546.0, 6699116.0 ] } },
{ "type": "Feature", "properties": { "osmid": 7094786511.0 }, "geometry": { "type": "Point", "coordinates": [ -45040.0, 6708106.0 ] } },
{ "type": "Feature", "properties": { "osmid": 8631639288.0 }, "geometry": { "type": "Point", "coordinates": [ -44580.0, 6705507.0 ] } },
{ "type": "Feature", "properties": { "osmid": 12755342363.0 }, "geometry": { "type": "Point", "coordinates": [ -45001.0, 6707553.0 ] } },
{ "type": "Feature", "properties": { "osmid": 5541508704.0 }, "geometry": { "type": "Point", "coordinates": [ -34189.0, 6685790.0 ] } },
{ "type": "Feature", "properties": { "osmid": 7127124136.0 }, "geometry": { "type": "Point", "coordinates": [ -45278.0, 6720947.0 ] } },
{ "type": "Feature", "properties": { "osmid": 278533115.0 }, "geometry": { "type": "Point", "coordinates": [ -44848.0, 6723345.0 ] } },
{ "type": "Feature", "properties": { "osmid": 60573701.0 }, "geometry": { "type": "Point", "coordinates": [ -44959.0, 6706146.0 ] } },
{ "type": "Feature", "properties": { "osmid": 3134969705.0 }, "geometry": { "type": "Point", "coordinates": [ -45809.0, 6713667.0 ] } },
{ "type": "Feature", "properties": { "osmid": 255329983.0 }, "geometry": { "type": "Point", "coordinates": [ -42143.0, 6697094.0 ] } },
{ "type": "Feature", "properties": { "osmid": 33759980.0 }, "geometry": { "type": "Point", "coordinates": [ -45546.0, 6708632.0 ] } },
{ "type": "Feature", "properties": { "osmid": 246833183.0 }, "geometry": { "type": "Point", "coordinates": [ -42850.0, 6698686.0 ] } },
{ "type": "Feature", "properties": { "osmid": 6373069446.0 }, "geometry": { "type": "Point", "coordinates": [ -43257.0, 6699698.0 ] } },
{ "type": "Feature", "properties": { "osmid": 296235378.0 }, "geometry": { "type": "Point", "coordinates": [ -42686.0, 6697974.0 ] } },
{ "type": "Feature", "properties": { "osmid": 33239700.0 }, "geometry": { "type": "Point", "coordinates": [ -45145.0, 6705524.0 ] } },
{ "type": "Feature", "properties": { "osmid": 5541508683.0 }, "geometry": { "type": "Point", "coordinates": [ -34447.0, 6685344.0 ] } },
{ "type": "Feature", "properties": { "osmid": 282702467.0 }, "geometry": { "type": "Point", "coordinates": [ -42738.0, 6697373.0 ] } },
{ "type": "Feature", "properties": { "osmid": 240613282.0 }, "geometry": { "type": "Point", "coordinates": [ -43923.0, 6700264.0 ] } },
{ "type": "Feature", "properties": { "osmid": 1349064346.0 }, "geometry": { "type": "Point", "coordinates": [ -45945.0, 6708209.0 ] } },
{ "type": "Feature", "properties": { "osmid": 7265480009.0 }, "geometry": { "type": "Point", "coordinates": [ -46316.0, 6711044.0 ] } },
{ "type": "Feature", "properties": { "osmid": 2727936308.0 }, "geometry": { "type": "Point", "coordinates": [ -45708.0, 6706593.0 ] } },
{ "type": "Feature", "properties": { "osmid": 9085076753.0 }, "geometry": { "type": "Point", "coordinates": [ -43548.0, 6699041.0 ] } },
{ "type": "Feature", "properties": { "osmid": 7094934234.0 }, "geometry": { "type": "Point", "coordinates": [ -46495.0, 6711525.0 ] } },
{ "type": "Feature", "properties": { "osmid": 303989.0 }, "geometry": { "type": "Point", "coordinates": [ -34670.0, 6684759.0 ] } },
{ "type": "Feature", "properties": { "osmid": 5489928121.0 }, "geometry": { "type": "Point", "coordinates": [ -43633.0, 6698518.0 ] } },
{ "type": "Feature", "properties": { "osmid": 11092453707.0 }, "geometry": { "type": "Point", "coordinates": [ -46566.0, 6710335.0 ] } },
{ "type": "Feature", "properties": { "osmid": 6333555797.0 }, "geometry": { "type": "Point", "coordinates": [ -46899.0, 6714296.0 ] } },
{ "type": "Feature", "properties": { "osmid": 242538443.0 }, "geometry": { "type": "Point", "coordinates": [ -44772.0, 6700998.0 ] } },
{ "type": "Feature", "properties": { "osmid": 2184660273.0 }, "geometry": { "type": "Point", "coordinates": [ -45655.0, 6725263.0 ] } },
{ "type": "Feature", "properties": { "osmid": 7262596024.0 }, "geometry": { "type": "Point", "coordinates": [ -46987.0, 6710632.0 ] } },
{ "type": "Feature", "properties": { "osmid": 7937636181.0 }, "geometry": { "type": "Point", "coordinates": [ -45258.0, 6701811.0 ] } },
{ "type": "Feature", "properties": { "osmid": 2822798375.0 }, "geometry": { "type": "Point", "coordinates": [ -46131.0, 6704714.0 ] } },
{ "type": "Feature", "properties": { "osmid": 8009853353.0 }, "geometry": { "type": "Point", "coordinates": [ -44654.0, 6699704.0 ] } },
{ "type": "Feature", "properties": { "osmid": 3924126139.0 }, "geometry": { "type": "Point", "coordinates": [ -42641.0, 6694844.0 ] } },
{ "type": "Feature", "properties": { "osmid": 6333555810.0 }, "geometry": { "type": "Point", "coordinates": [ -47465.0, 6714448.0 ] } },
{ "type": "Feature", "properties": { "osmid": 7262641513.0 }, "geometry": { "type": "Point", "coordinates": [ -47296.0, 6710175.0 ] } },
{ "type": "Feature", "properties": { "osmid": 1679202930.0 }, "geometry": { "type": "Point", "coordinates": [ -44091.0, 6697587.0 ] } },
{ "type": "Feature", "properties": { "osmid": 1757218566.0 }, "geometry": { "type": "Point", "coordinates": [ -44515.0, 6698579.0 ] } },
{ "type": "Feature", "properties": { "osmid": 1757220458.0 }, "geometry": { "type": "Point", "coordinates": [ -44340.0, 6698039.0 ] } },
{ "type": "Feature", "properties": { "osmid": 1648251235.0 }, "geometry": { "type": "Point", "coordinates": [ -46208.0, 6703613.0 ] } },
{ "type": "Feature", "properties": { "osmid": 1747512370.0 }, "geometry": { "type": "Point", "coordinates": [ -42532.0, 6694136.0 ] } },
{ "type": "Feature", "properties": { "osmid": 7963554900.0 }, "geometry": { "type": "Point", "coordinates": [ -46956.0, 6706804.0 ] } },
{ "type": "Feature", "properties": { "osmid": 7094925126.0 }, "geometry": { "type": "Point", "coordinates": [ -47621.0, 6710743.0 ] } },
{ "type": "Feature", "properties": { "osmid": 6543048009.0 }, "geometry": { "type": "Point", "coordinates": [ -45760.0, 6701104.0 ] } },
{ "type": "Feature", "properties": { "osmid": 9244995037.0 }, "geometry": { "type": "Point", "coordinates": [ -47950.0, 6714640.0 ] } },
{ "type": "Feature", "properties": { "osmid": 6415401300.0 }, "geometry": { "type": "Point", "coordinates": [ -46718.0, 6704108.0 ] } },
{ "type": "Feature", "properties": { "osmid": 6373362923.0 }, "geometry": { "type": "Point", "coordinates": [ -46869.0, 6704719.0 ] } },
{ "type": "Feature", "properties": { "osmid": 1942554637.0 }, "geometry": { "type": "Point", "coordinates": [ -47712.0, 6709242.0 ] } },
{ "type": "Feature", "properties": { "osmid": 8907442642.0 }, "geometry": { "type": "Point", "coordinates": [ -46149.0, 6701545.0 ] } },
{ "type": "Feature", "properties": { "osmid": 8006566176.0 }, "geometry": { "type": "Point", "coordinates": [ -44817.0, 6697791.0 ] } },
{ "type": "Feature", "properties": { "osmid": 5669877862.0 }, "geometry": { "type": "Point", "coordinates": [ -47453.0, 6706304.0 ] } },
{ "type": "Feature", "properties": { "osmid": 290517782.0 }, "geometry": { "type": "Point", "coordinates": [ -46115.0, 6700370.0 ] } },
{ "type": "Feature", "properties": { "osmid": 9244995058.0 }, "geometry": { "type": "Point", "coordinates": [ -48465.0, 6714749.0 ] } },
{ "type": "Feature", "properties": { "osmid": 253234616.0 }, "geometry": { "type": "Point", "coordinates": [ -46025.0, 6699791.0 ] } },
{ "type": "Feature", "properties": { "osmid": 16474653.0 }, "geometry": { "type": "Point", "coordinates": [ -46488.0, 6700811.0 ] } },
{ "type": "Feature", "properties": { "osmid": 11467774014.0 }, "geometry": { "type": "Point", "coordinates": [ -46946.0, 6702223.0 ] } },
{ "type": "Feature", "properties": { "osmid": 6425503014.0 }, "geometry": { "type": "Point", "coordinates": [ -46763.0, 6701302.0 ] } },
{ "type": "Feature", "properties": { "osmid": 6333460822.0 }, "geometry": { "type": "Point", "coordinates": [ -48931.0, 6715047.0 ] } },
{ "type": "Feature", "properties": { "osmid": 1747831015.0 }, "geometry": { "type": "Point", "coordinates": [ -45382.0, 6696642.0 ] } },
{ "type": "Feature", "properties": { "osmid": 2142323467.0 }, "geometry": { "type": "Point", "coordinates": [ -47070.0, 6700848.0 ] } },
{ "type": "Feature", "properties": { "osmid": 2980987355.0 }, "geometry": { "type": "Point", "coordinates": [ -47567.0, 6702522.0 ] } },
{ "type": "Feature", "properties": { "osmid": 7007180440.0 }, "geometry": { "type": "Point", "coordinates": [ -47770.0, 6703211.0 ] } },
{ "type": "Feature", "properties": { "osmid": 9795517917.0 }, "geometry": { "type": "Point", "coordinates": [ -48459.0, 6722980.0 ] } },
{ "type": "Feature", "properties": { "osmid": 1789733979.0 }, "geometry": { "type": "Point", "coordinates": [ -49033.0, 6719153.0 ] } },
{ "type": "Feature", "properties": { "osmid": 5641554642.0 }, "geometry": { "type": "Point", "coordinates": [ -47534.0, 6701980.0 ] } },
{ "type": "Feature", "properties": { "osmid": 13302285880.0 }, "geometry": { "type": "Point", "coordinates": [ -46443.0, 6698270.0 ] } },
{ "type": "Feature", "properties": { "osmid": 892543350.0 }, "geometry": { "type": "Point", "coordinates": [ -48913.0, 6722547.0 ] } },
{ "type": "Feature", "properties": { "osmid": 6333412807.0 }, "geometry": { "type": "Point", "coordinates": [ -49658.0, 6715522.0 ] } },
{ "type": "Feature", "properties": { "osmid": 10025805352.0 }, "geometry": { "type": "Point", "coordinates": [ -49524.0, 6710669.0 ] } },
{ "type": "Feature", "properties": { "osmid": 877050296.0 }, "geometry": { "type": "Point", "coordinates": [ -49794.0, 6713370.0 ] } },
{ "type": "Feature", "properties": { "osmid": 603766421.0 }, "geometry": { "type": "Point", "coordinates": [ -35593.0, 6681361.0 ] } },
{ "type": "Feature", "properties": { "osmid": 6415360579.0 }, "geometry": { "type": "Point", "coordinates": [ -48032.0, 6701812.0 ] } },
{ "type": "Feature", "properties": { "osmid": 288777281.0 }, "geometry": { "type": "Point", "coordinates": [ -47782.0, 6700871.0 ] } },
{ "type": "Feature", "properties": { "osmid": 345392368.0 }, "geometry": { "type": "Point", "coordinates": [ -49338.0, 6721814.0 ] } },
{ "type": "Feature", "properties": { "osmid": 529804141.0 }, "geometry": { "type": "Point", "coordinates": [ -49662.0, 6719385.0 ] } },
{ "type": "Feature", "properties": { "osmid": 5538928705.0 }, "geometry": { "type": "Point", "coordinates": [ -47423.0, 6699591.0 ] } },
{ "type": "Feature", "properties": { "osmid": 1781907980.0 }, "geometry": { "type": "Point", "coordinates": [ -47314.0, 6699040.0 ] } },
{ "type": "Feature", "properties": { "osmid": 3028243635.0 }, "geometry": { "type": "Point", "coordinates": [ -48786.0, 6703085.0 ] } },
{ "type": "Feature", "properties": { "osmid": 8409529327.0 }, "geometry": { "type": "Point", "coordinates": [ -50282.0, 6713754.0 ] } },
{ "type": "Feature", "properties": { "osmid": 288771863.0 }, "geometry": { "type": "Point", "coordinates": [ -48291.0, 6701069.0 ] } },
{ "type": "Feature", "properties": { "osmid": 1781909592.0 }, "geometry": { "type": "Point", "coordinates": [ -47992.0, 6699858.0 ] } },
{ "type": "Feature", "properties": { "osmid": 567594764.0 }, "geometry": { "type": "Point", "coordinates": [ -50265.0, 6710889.0 ] } },
{ "type": "Feature", "properties": { "osmid": 6123433430.0 }, "geometry": { "type": "Point", "coordinates": [ -50389.0, 6711713.0 ] } },
{ "type": "Feature", "properties": { "osmid": 13306779944.0 }, "geometry": { "type": "Point", "coordinates": [ -50371.0, 6709888.0 ] } },
{ "type": "Feature", "properties": { "osmid": 3191674382.0 }, "geometry": { "type": "Point", "coordinates": [ -50028.0, 6706892.0 ] } },
{ "type": "Feature", "properties": { "osmid": 11500634678.0 }, "geometry": { "type": "Point", "coordinates": [ -49301.0, 6702951.0 ] } },
{ "type": "Feature", "properties": { "osmid": 9244852923.0 }, "geometry": { "type": "Point", "coordinates": [ -50750.0, 6716320.0 ] } },
{ "type": "Feature", "properties": { "osmid": 12367756689.0 }, "geometry": { "type": "Point", "coordinates": [ -48511.0, 6700165.0 ] } },
{ "type": "Feature", "properties": { "osmid": 7869130817.0 }, "geometry": { "type": "Point", "coordinates": [ -50912.0, 6712335.0 ] } },
{ "type": "Feature", "properties": { "osmid": 1664701170.0 }, "geometry": { "type": "Point", "coordinates": [ -48361.0, 6698686.0 ] } },
{ "type": "Feature", "properties": { "osmid": 5935442770.0 }, "geometry": { "type": "Point", "coordinates": [ -48985.0, 6700539.0 ] } },
{ "type": "Feature", "properties": { "osmid": 1645568424.0 }, "geometry": { "type": "Point", "coordinates": [ -50443.0, 6706602.0 ] } },
{ "type": "Feature", "properties": { "osmid": 2980982914.0 }, "geometry": { "type": "Point", "coordinates": [ -49442.0, 6701805.0 ] } },
{ "type": "Feature", "properties": { "osmid": 771811201.0 }, "geometry": { "type": "Point", "coordinates": [ -50361.0, 6705465.0 ] } },
{ "type": "Feature", "properties": { "osmid": 5850201729.0 }, "geometry": { "type": "Point", "coordinates": [ -51272.0, 6716513.0 ] } },
{ "type": "Feature", "properties": { "osmid": 7007151639.0 }, "geometry": { "type": "Point", "coordinates": [ -49411.0, 6701295.0 ] } },
{ "type": "Feature", "properties": { "osmid": 8916755883.0 }, "geometry": { "type": "Point", "coordinates": [ -50943.0, 6720949.0 ] } },
{ "type": "Feature", "properties": { "osmid": 6102973564.0 }, "geometry": { "type": "Point", "coordinates": [ -51501.0, 6713015.0 ] } },
{ "type": "Feature", "properties": { "osmid": 444537932.0 }, "geometry": { "type": "Point", "coordinates": [ -51553.0, 6712184.0 ] } },
{ "type": "Feature", "properties": { "osmid": 280175896.0 }, "geometry": { "type": "Point", "coordinates": [ -50997.0, 6706771.0 ] } },
{ "type": "Feature", "properties": { "osmid": 3191674426.0 }, "geometry": { "type": "Point", "coordinates": [ -51532.0, 6710031.0 ] } },
{ "type": "Feature", "properties": { "osmid": 3358644120.0 }, "geometry": { "type": "Point", "coordinates": [ -51640.0, 6718240.0 ] } },
{ "type": "Feature", "properties": { "osmid": 8783562941.0 }, "geometry": { "type": "Point", "coordinates": [ -51871.0, 6711690.0 ] } },
{ "type": "Feature", "properties": { "osmid": 3191674447.0 }, "geometry": { "type": "Point", "coordinates": [ -51815.0, 6710450.0 ] } },
{ "type": "Feature", "properties": { "osmid": 336053837.0 }, "geometry": { "type": "Point", "coordinates": [ -51678.0, 6720430.0 ] } },
{ "type": "Feature", "properties": { "osmid": 266527279.0 }, "geometry": { "type": "Point", "coordinates": [ -50466.0, 6702100.0 ] } },
{ "type": "Feature", "properties": { "osmid": 10616238655.0 }, "geometry": { "type": "Point", "coordinates": [ -52187.0, 6716645.0 ] } },
{ "type": "Feature", "properties": { "osmid": 496994739.0 }, "geometry": { "type": "Point", "coordinates": [ -52318.0, 6715069.0 ] } },
{ "type": "Feature", "properties": { "osmid": 4308800511.0 }, "geometry": { "type": "Point", "coordinates": [ -52128.0, 6710017.0 ] } },
{ "type": "Feature", "properties": { "osmid": 13319493848.0 }, "geometry": { "type": "Point", "coordinates": [ -52140.0, 6719497.0 ] } },
{ "type": "Feature", "properties": { "osmid": 496994856.0 }, "geometry": { "type": "Point", "coordinates": [ -52424.0, 6713960.0 ] } },
{ "type": "Feature", "properties": { "osmid": 1789733954.0 }, "geometry": { "type": "Point", "coordinates": [ -52147.0, 6720756.0 ] } },
{ "type": "Feature", "properties": { "osmid": 11669540933.0 }, "geometry": { "type": "Point", "coordinates": [ -52622.0, 6712218.0 ] } },
{ "type": "Feature", "properties": { "osmid": 1324643273.0 }, "geometry": { "type": "Point", "coordinates": [ -51213.0, 6702618.0 ] } },
{ "type": "Feature", "properties": { "osmid": 768158735.0 }, "geometry": { "type": "Point", "coordinates": [ -50741.0, 6700777.0 ] } },
{ "type": "Feature", "properties": { "osmid": 2129577139.0 }, "geometry": { "type": "Point", "coordinates": [ -52659.0, 6718015.0 ] } },
{ "type": "Feature", "properties": { "osmid": 8752993200.0 }, "geometry": { "type": "Point", "coordinates": [ -52849.0, 6713104.0 ] } },
{ "type": "Feature", "properties": { "osmid": 496971970.0 }, "geometry": { "type": "Point", "coordinates": [ -53014.0, 6714905.0 ] } },
{ "type": "Feature", "properties": { "osmid": 1773375128.0 }, "geometry": { "type": "Point", "coordinates": [ -53020.0, 6715642.0 ] } },
{ "type": "Feature", "properties": { "osmid": 26603319.0 }, "geometry": { "type": "Point", "coordinates": [ -53043.0, 6717324.0 ] } },
{ "type": "Feature", "properties": { "osmid": 53437274.0 }, "geometry": { "type": "Point", "coordinates": [ -53198.0, 6709817.0 ] } },
{ "type": "Feature", "properties": { "osmid": 280175163.0 }, "geometry": { "type": "Point", "coordinates": [ -52859.0, 6706923.0 ] } },
{ "type": "Feature", "properties": { "osmid": 2774025863.0 }, "geometry": { "type": "Point", "coordinates": [ -52933.0, 6722793.0 ] } },
{ "type": "Feature", "properties": { "osmid": 778168966.0 }, "geometry": { "type": "Point", "coordinates": [ -52335.0, 6702793.0 ] } },
{ "type": "Feature", "properties": { "osmid": 26971026.0 }, "geometry": { "type": "Point", "coordinates": [ -53595.0, 6718908.0 ] } },
{ "type": "Feature", "properties": { "osmid": 1159012185.0 }, "geometry": { "type": "Point", "coordinates": [ -53807.0, 6712625.0 ] } },
{ "type": "Feature", "properties": { "osmid": 812353658.0 }, "geometry": { "type": "Point", "coordinates": [ -53780.0, 6709117.0 ] } },
{ "type": "Feature", "properties": { "osmid": 8957018080.0 }, "geometry": { "type": "Point", "coordinates": [ -53775.0, 6708554.0 ] } },
{ "type": "Feature", "properties": { "osmid": 2267245991.0 }, "geometry": { "type": "Point", "coordinates": [ -53981.0, 6719263.0 ] } },
{ "type": "Feature", "properties": { "osmid": 560730247.0 }, "geometry": { "type": "Point", "coordinates": [ -53575.0, 6722622.0 ] } },
{ "type": "Feature", "properties": { "osmid": 13416433681.0 }, "geometry": { "type": "Point", "coordinates": [ -52974.0, 6703192.0 ] } },
{ "type": "Feature", "properties": { "osmid": 7841163751.0 }, "geometry": { "type": "Point", "coordinates": [ -54316.0, 6717086.0 ] } },
{ "type": "Feature", "properties": { "osmid": 13416370269.0 }, "geometry": { "type": "Point", "coordinates": [ -53841.0, 6706907.0 ] } },
{ "type": "Feature", "properties": { "osmid": 2241681620.0 }, "geometry": { "type": "Point", "coordinates": [ -54190.0, 6707393.0 ] } },
{ "type": "Feature", "properties": { "osmid": 2930869569.0 }, "geometry": { "type": "Point", "coordinates": [ -54550.0, 6706938.0 ] } },
{ "type": "Feature", "properties": { "osmid": 1501376246.0 }, "geometry": { "type": "Point", "coordinates": [ -54513.0, 6705461.0 ] } },
{ "type": "Feature", "properties": { "osmid": 412944159.0 }, "geometry": { "type": "Point", "coordinates": [ -54512.0, 6704863.0 ] } },
{ "type": "Feature", "properties": { "osmid": 4943168819.0 }, "geometry": { "type": "Point", "coordinates": [ -54945.0, 6707266.0 ] } },
{ "type": "Feature", "properties": { "osmid": 555127605.0 }, "geometry": { "type": "Point", "coordinates": [ -54976.0, 6706371.0 ] } },
{ "type": "Feature", "properties": { "osmid": 1320986929.0 }, "geometry": { "type": "Point", "coordinates": [ -55014.0, 6705554.0 ] } },
{ "type": "Feature", "properties": { "osmid": 240107214.0 }, "geometry": { "type": "Point", "coordinates": [ -55240.0, 6730735.0 ] } },
{ "type": "Feature", "properties": { "osmid": 280109143.0 }, "geometry": { "type": "Point", "coordinates": [ -55051.0, 6732378.0 ] } }
]
}
