{
"type": "FeatureCollection",
"name": "minsk-closeness_centrality-rail",
"crs": { "type": "name", "properties": { "name": "urn:ogc:def:crs:EPSG::3857" } },
"features": [
{ "type": "Feature", "properties": { "closeness_centrality": 0.00010906182872727561, "source": 13022888813, "target": 457454508, "ordering_closeness_centrality": 0, "length": 2683, "length_cumulative": 2683 }, "geometry": { "type": "LineString", "coordinates": [ [ 3068187.0, 7151422.0 ], [ 3068219.0, 7151381.0 ], [ 3068221.0, 7151371.0 ], [ 3068207.0, 7151360.0 ], [ 3068248.0, 7151309.0 ], [ 3068238.0, 7151301.0 ], [ 3068237.0, 7151297.0 ], [ 3068235.0, 7151293.0 ], [ 3068145.0, 7151219.0 ], [ 3068072.0, 7151166.0 ], [ 3068060.0, 7151163.0 ], [ 3068052.0, 7151155.0 ], [ 3068046.0, 7151150.0 ], [ 3068031.0, 7151138.0 ], [ 3068022.0, 7151130.0 ], [ 3068012.0, 7151123.0 ], [ 3068008.0, 7151112.0 ], [ 3067874.0, 7151006.0 ], [ 3067842.0, 7150980.0 ], [ 3067742.0, 7150900.0 ], [ 3067744.0, 7150897.0 ], [ 3067657.0, 7150829.0 ], [ 3067648.0, 7150822.0 ], [ 3067611.0, 7150792.0 ], [ 3067602.0, 7150784.0 ], [ 3067536.0, 7150732.0 ], [ 3067495.0, 7150701.0 ], [ 3067442.0, 7150658.0 ], [ 3067426.0, 7150645.0 ], [ 3067387.0, 7150614.0 ], [ 3067349.0, 7150584.0 ], [ 3067301.0, 7150545.0 ], [ 3067236.0, 7150492.0 ], [ 3067224.0, 7150482.0 ], [ 3067211.0, 7150473.0 ], [ 3067125.0, 7150405.0 ], [ 3067121.0, 7150402.0 ], [ 3067067.0, 7150359.0 ], [ 3067059.0, 7150353.0 ], [ 3067046.0, 7150343.0 ], [ 3067032.0, 7150331.0 ], [ 3067022.0, 7150324.0 ], [ 3067001.0, 7150306.0 ], [ 3066992.0, 7150299.0 ], [ 3066973.0, 7150284.0 ], [ 3066964.0, 7150277.0 ], [ 3066956.0, 7150263.0 ], [ 3066946.0, 7150238.0 ], [ 3066924.0, 7150190.0 ], [ 3066909.0, 7150157.0 ], [ 3066906.0, 7150148.0 ], [ 3066893.0, 7150154.0 ], [ 3066866.0, 7150094.0 ], [ 3066853.0, 7150066.0 ], [ 3066843.0, 7150043.0 ], [ 3066753.0, 7149845.0 ], [ 3066720.0, 7149785.0 ], [ 3066712.0, 7149789.0 ], [ 3066696.0, 7149766.0 ], [ 3066681.0, 7149754.0 ], [ 3066668.0, 7149748.0 ], [ 3066650.0, 7149744.0 ], [ 3066633.0, 7149743.0 ], [ 3066611.0, 7149744.0 ], [ 3066582.0, 7149753.0 ], [ 3066585.0, 7149758.0 ], [ 3066592.0, 7149786.0 ], [ 3066582.0, 7149804.0 ], [ 3066568.0, 7149808.0 ], [ 3066588.0, 7149852.0 ], [ 3066627.0, 7149874.0 ] ] } },
{ "type": "Feature", "properties": { "closeness_centrality": 0.000108570383739167, "source": 457454508, "target": 457364587, "ordering_closeness_centrality": 1, "length": 229, "length_cumulative": 2913 }, "geometry": { "type": "LineString", "coordinates": [ [ 3068238.0, 7151604.0 ], [ 3068264.0, 7151570.0 ], [ 3068253.0, 7151560.0 ], [ 3068249.0, 7151556.0 ], [ 3068244.0, 7151549.0 ], [ 3068238.0, 7151541.0 ], [ 3068234.0, 7151534.0 ], [ 3068231.0, 7151526.0 ], [ 3068225.0, 7151517.0 ], [ 3068224.0, 7151511.0 ], [ 3068222.0, 7151506.0 ], [ 3068221.0, 7151500.0 ], [ 3068221.0, 7151494.0 ], [ 3068223.0, 7151488.0 ], [ 3068224.0, 7151482.0 ], [ 3068226.0, 7151473.0 ], [ 3068230.0, 7151469.0 ], [ 3068230.0, 7151465.0 ], [ 3068229.0, 7151461.0 ], [ 3068224.0, 7151457.0 ], [ 3068199.0, 7151432.0 ], [ 3068200.0, 7151431.0 ], [ 3068200.0, 7151429.0 ], [ 3068200.0, 7151428.0 ], [ 3068199.0, 7151426.0 ], [ 3068197.0, 7151424.0 ], [ 3068196.0, 7151424.0 ], [ 3068194.0, 7151424.0 ], [ 3068193.0, 7151424.0 ], [ 3068191.0, 7151425.0 ], [ 3068187.0, 7151422.0 ] ] } },
{ "type": "Feature", "properties": { "closeness_centrality": 0.00010833672866887169, "source": 13022888813, "target": 5421288894, "ordering_closeness_centrality": 2, "length": 445, "length_cumulative": 3359 }, "geometry": { "type": "LineString", "coordinates": [ [ 3066611.0, 7149744.0 ], [ 3066643.0, 7149733.0 ], [ 3066651.0, 7149733.0 ], [ 3066660.0, 7149734.0 ], [ 3066668.0, 7149736.0 ], [ 3066671.0, 7149737.0 ], [ 3066676.0, 7149739.0 ], [ 3066682.0, 7149735.0 ], [ 3066681.0, 7149733.0 ], [ 3066681.0, 7149730.0 ], [ 3066682.0, 7149727.0 ], [ 3066684.0, 7149724.0 ], [ 3066686.0, 7149723.0 ], [ 3066687.0, 7149723.0 ], [ 3066677.0, 7149691.0 ], [ 3066673.0, 7149679.0 ], [ 3066666.0, 7149657.0 ], [ 3066757.0, 7149629.0 ], [ 3066754.0, 7149619.0 ], [ 3066748.0, 7149599.0 ], [ 3066736.0, 7149563.0 ], [ 3066732.0, 7149548.0 ], [ 3066727.0, 7149534.0 ], [ 3066700.0, 7149445.0 ] ] } },
{ "type": "Feature", "properties": { "closeness_centrality": 0.00010798095964731102, "source": 13022888813, "target": 5444516302, "ordering_closeness_centrality": 3, "length": 368, "length_cumulative": 3727 }, "geometry": { "type": "LineString", "coordinates": [ [ 3066700.0, 7149445.0 ], [ 3066688.0, 7149406.0 ], [ 3066679.0, 7149378.0 ], [ 3066670.0, 7149351.0 ], [ 3066668.0, 7149343.0 ], [ 3066668.0, 7149341.0 ], [ 3066657.0, 7149310.0 ], [ 3066654.0, 7149301.0 ], [ 3066606.0, 7149292.0 ], [ 3066601.0, 7149281.0 ], [ 3066587.0, 7149254.0 ], [ 3066583.0, 7149244.0 ], [ 3066578.0, 7149233.0 ], [ 3066551.0, 7149244.0 ], [ 3066539.0, 7149249.0 ], [ 3066517.0, 7149258.0 ], [ 3066482.0, 7149272.0 ] ] } },
{ "type": "Feature", "properties": { "closeness_centrality": 0.0001078507718908435, "source": 847579892, "target": 13022888813, "ordering_closeness_centrality": 4, "length": 2737, "length_cumulative": 6465 }, "geometry": { "type": "LineString", "coordinates": [ [ 3066893.0, 7150154.0 ], [ 3066910.0, 7150196.0 ], [ 3066927.0, 7150234.0 ], [ 3066946.0, 7150277.0 ], [ 3066960.0, 7150311.0 ], [ 3066972.0, 7150308.0 ], [ 3066991.0, 7150357.0 ], [ 3066997.0, 7150376.0 ], [ 3066885.0, 7150516.0 ], [ 3066878.0, 7150538.0 ], [ 3066912.0, 7150566.0 ], [ 3066961.0, 7150608.0 ], [ 3067037.0, 7150670.0 ], [ 3067023.0, 7150688.0 ], [ 3067039.0, 7150703.0 ], [ 3067017.0, 7150738.0 ], [ 3067013.0, 7150742.0 ], [ 3066969.0, 7150800.0 ], [ 3066965.0, 7150805.0 ], [ 3066949.0, 7150827.0 ], [ 3066931.0, 7150853.0 ], [ 3066921.0, 7150865.0 ], [ 3066906.0, 7150875.0 ], [ 3066900.0, 7150884.0 ], [ 3066893.0, 7150893.0 ], [ 3066889.0, 7150895.0 ], [ 3066873.0, 7150913.0 ], [ 3066846.0, 7150946.0 ], [ 3066842.0, 7150951.0 ], [ 3066821.0, 7150980.0 ], [ 3066814.0, 7150991.0 ], [ 3066806.0, 7150998.0 ], [ 3066803.0, 7151008.0 ], [ 3066804.0, 7151022.0 ], [ 3066794.0, 7151050.0 ], [ 3066791.0, 7151068.0 ], [ 3066789.0, 7151084.0 ], [ 3066785.0, 7151105.0 ], [ 3066784.0, 7151117.0 ], [ 3066783.0, 7151131.0 ], [ 3066785.0, 7151151.0 ], [ 3066787.0, 7151168.0 ], [ 3066790.0, 7151194.0 ], [ 3066791.0, 7151215.0 ], [ 3066792.0, 7151223.0 ], [ 3066794.0, 7151232.0 ], [ 3066810.0, 7151332.0 ], [ 3066804.0, 7151334.0 ], [ 3066799.0, 7151338.0 ], [ 3066795.0, 7151342.0 ], [ 3066793.0, 7151348.0 ], [ 3066793.0, 7151354.0 ], [ 3066794.0, 7151359.0 ], [ 3066797.0, 7151365.0 ], [ 3066802.0, 7151370.0 ], [ 3066809.0, 7151372.0 ], [ 3066792.0, 7151414.0 ], [ 3066790.0, 7151416.0 ], [ 3066798.0, 7151426.0 ], [ 3066775.0, 7151441.0 ], [ 3066780.0, 7151449.0 ], [ 3066761.0, 7151467.0 ], [ 3066755.0, 7151474.0 ], [ 3066752.0, 7151481.0 ], [ 3066751.0, 7151488.0 ], [ 3066748.0, 7151505.0 ], [ 3066747.0, 7151511.0 ], [ 3066739.0, 7151526.0 ], [ 3066712.0, 7151554.0 ], [ 3066723.0, 7151568.0 ], [ 3066738.0, 7151587.0 ], [ 3066756.0, 7151608.0 ], [ 3066767.0, 7151621.0 ], [ 3066867.0, 7151746.0 ], [ 3066862.0, 7151750.0 ], [ 3066867.0, 7151756.0 ], [ 3066868.0, 7151763.0 ], [ 3066867.0, 7151781.0 ], [ 3066910.0, 7151837.0 ], [ 3066968.0, 7151912.0 ], [ 3066984.0, 7151932.0 ], [ 3067093.0, 7152064.0 ], [ 3067166.0, 7152140.0 ], [ 3067199.0, 7152172.0 ], [ 3067209.0, 7152183.0 ], [ 3067220.0, 7152194.0 ], [ 3067208.0, 7152213.0 ], [ 3067226.0, 7152230.0 ], [ 3067255.0, 7152258.0 ], [ 3067281.0, 7152283.0 ], [ 3067269.0, 7152303.0 ], [ 3067279.0, 7152314.0 ], [ 3067290.0, 7152315.0 ], [ 3067299.0, 7152319.0 ], [ 3067309.0, 7152327.0 ] ] } },
{ "type": "Feature", "properties": { "closeness_centrality": 0.00010773036978727263, "source": 847579892, "target": 457454508, "ordering_closeness_centrality": 5, "length": 1529, "length_cumulative": 7994 }, "geometry": { "type": "LineString", "coordinates": [ [ 3067281.0, 7152283.0 ], [ 3067295.0, 7152263.0 ], [ 3067332.0, 7152301.0 ], [ 3067370.0, 7152341.0 ], [ 3067389.0, 7152361.0 ], [ 3067406.0, 7152346.0 ], [ 3067396.0, 7152335.0 ], [ 3067407.0, 7152289.0 ], [ 3067409.0, 7152281.0 ], [ 3067411.0, 7152262.0 ], [ 3067413.0, 7152251.0 ], [ 3067418.0, 7152240.0 ], [ 3067422.0, 7152234.0 ], [ 3067427.0, 7152229.0 ], [ 3067434.0, 7152227.0 ], [ 3067445.0, 7152225.0 ], [ 3067449.0, 7152209.0 ], [ 3067456.0, 7152200.0 ], [ 3067462.0, 7152195.0 ], [ 3067467.0, 7152192.0 ], [ 3067477.0, 7152186.0 ], [ 3067487.0, 7152182.0 ], [ 3067515.0, 7152173.0 ], [ 3067527.0, 7152169.0 ], [ 3067562.0, 7152156.0 ], [ 3067565.0, 7152155.0 ], [ 3067569.0, 7152154.0 ], [ 3067573.0, 7152153.0 ], [ 3067576.0, 7152152.0 ], [ 3067579.0, 7152151.0 ], [ 3067583.0, 7152149.0 ], [ 3067582.0, 7152145.0 ], [ 3067580.0, 7152139.0 ], [ 3067572.0, 7152108.0 ], [ 3067567.0, 7152083.0 ], [ 3067576.0, 7152071.0 ], [ 3067581.0, 7152066.0 ], [ 3067588.0, 7152063.0 ], [ 3067592.0, 7152061.0 ], [ 3067604.0, 7152059.0 ], [ 3067617.0, 7152060.0 ], [ 3067620.0, 7152061.0 ], [ 3067654.0, 7152078.0 ], [ 3067660.0, 7152069.0 ], [ 3067663.0, 7152065.0 ], [ 3067692.0, 7152022.0 ], [ 3067711.0, 7151993.0 ], [ 3067730.0, 7151963.0 ], [ 3067760.0, 7151922.0 ], [ 3067767.0, 7151911.0 ], [ 3067773.0, 7151901.0 ], [ 3067786.0, 7151885.0 ], [ 3067884.0, 7151763.0 ], [ 3068001.0, 7151617.0 ], [ 3068040.0, 7151568.0 ], [ 3068055.0, 7151549.0 ], [ 3068066.0, 7151537.0 ], [ 3068082.0, 7151519.0 ], [ 3068090.0, 7151509.0 ], [ 3068108.0, 7151522.0 ], [ 3068129.0, 7151495.0 ], [ 3068187.0, 7151422.0 ] ] } },
{ "type": "Feature", "properties": { "closeness_centrality": 0.00010735932690273488, "source": 847579892, "target": 457364587, "ordering_closeness_centrality": 6, "length": 203, "length_cumulative": 8198 }, "geometry": { "type": "LineString", "coordinates": [ [ 3068108.0, 7151522.0 ], [ 3068131.0, 7151539.0 ], [ 3068130.0, 7151516.0 ], [ 3068157.0, 7151516.0 ], [ 3068158.0, 7151536.0 ], [ 3068225.0, 7151594.0 ], [ 3068238.0, 7151604.0 ] ] } },
{ "type": "Feature", "properties": { "closeness_centrality": 0.00010699716181720316, "source": 209186417, "target": 13022888813, "ordering_closeness_centrality": 8, "length": 3004, "length_cumulative": 11203 }, "geometry": { "type": "MultiLineString", "coordinates": [ [ [ 3066582.0, 7149753.0 ], [ 3066577.0, 7149738.0 ], [ 3066642.0, 7149713.0 ], [ 3066679.0, 7149700.0 ] ], [ [ 3066679.0, 7149700.0 ], [ 3066680.0, 7149700.0 ], [ 3066688.0, 7149698.0 ], [ 3066728.0, 7149688.0 ], [ 3066794.0, 7149676.0 ], [ 3066981.0, 7149617.0 ], [ 3067172.0, 7149552.0 ], [ 3067189.0, 7149549.0 ], [ 3067206.0, 7149548.0 ], [ 3067223.0, 7149550.0 ], [ 3067238.0, 7149555.0 ], [ 3067243.0, 7149558.0 ], [ 3067245.0, 7149556.0 ], [ 3067258.0, 7149545.0 ], [ 3067300.0, 7149570.0 ], [ 3067304.0, 7149573.0 ], [ 3067364.0, 7149612.0 ], [ 3067501.0, 7149707.0 ], [ 3067520.0, 7149721.0 ], [ 3067532.0, 7149730.0 ], [ 3067576.0, 7149761.0 ], [ 3067591.0, 7149772.0 ], [ 3067611.0, 7149786.0 ], [ 3067779.0, 7149903.0 ], [ 3067814.0, 7149927.0 ], [ 3067830.0, 7149939.0 ], [ 3067843.0, 7149947.0 ], [ 3067891.0, 7149978.0 ], [ 3067912.0, 7149990.0 ], [ 3067950.0, 7150010.0 ], [ 3068021.0, 7150044.0 ], [ 3068084.0, 7150072.0 ], [ 3068098.0, 7150069.0 ], [ 3068105.0, 7150066.0 ], [ 3068110.0, 7150062.0 ], [ 3068123.0, 7150062.0 ], [ 3068132.0, 7150062.0 ], [ 3068165.0, 7150064.0 ], [ 3068197.0, 7150066.0 ], [ 3068229.0, 7150069.0 ], [ 3068267.0, 7150073.0 ], [ 3068319.0, 7150086.0 ], [ 3068334.0, 7150094.0 ], [ 3068353.0, 7150081.0 ], [ 3068425.0, 7150025.0 ], [ 3068437.0, 7149988.0 ], [ 3068453.0, 7150006.0 ], [ 3068457.0, 7150010.0 ], [ 3068460.0, 7150014.0 ], [ 3068464.0, 7150018.0 ], [ 3068469.0, 7150025.0 ], [ 3068484.0, 7150015.0 ], [ 3068506.0, 7150022.0 ], [ 3068582.0, 7150044.0 ], [ 3068685.0, 7150073.0 ], [ 3068709.0, 7150120.0 ], [ 3068729.0, 7150135.0 ], [ 3068747.0, 7150140.0 ], [ 3068832.0, 7150164.0 ], [ 3068898.0, 7150133.0 ], [ 3068921.0, 7150123.0 ], [ 3068932.0, 7150118.0 ], [ 3068941.0, 7150115.0 ], [ 3069052.0, 7150056.0 ], [ 3069059.0, 7150060.0 ], [ 3069080.0, 7150049.0 ], [ 3069093.0, 7150043.0 ], [ 3069117.0, 7150084.0 ], [ 3069153.0, 7150105.0 ], [ 3069181.0, 7150077.0 ] ] ] } },
{ "type": "Feature", "properties": { "closeness_centrality": 0.00010687675971363231, "source": 209186417, "target": 457454508, "ordering_closeness_centrality": 9, "length": 1781, "length_cumulative": 12984 }, "geometry": { "type": "LineString", "coordinates": [ [ 3068221.0, 7151371.0 ], [ 3068263.0, 7151321.0 ], [ 3068266.0, 7151321.0 ], [ 3068270.0, 7151322.0 ], [ 3068279.0, 7151311.0 ], [ 3068290.0, 7151296.0 ], [ 3068292.0, 7151292.0 ], [ 3068346.0, 7151223.0 ], [ 3068375.0, 7151187.0 ], [ 3068401.0, 7151154.0 ], [ 3068445.0, 7151099.0 ], [ 3068456.0, 7151085.0 ], [ 3068460.0, 7151080.0 ], [ 3068466.0, 7151070.0 ], [ 3068489.0, 7151039.0 ], [ 3068518.0, 7151005.0 ], [ 3068524.0, 7150998.0 ], [ 3068526.0, 7150996.0 ], [ 3068528.0, 7150993.0 ], [ 3068530.0, 7150991.0 ], [ 3068544.0, 7150975.0 ], [ 3068557.0, 7150960.0 ], [ 3068556.0, 7150955.0 ], [ 3068558.0, 7150951.0 ], [ 3068562.0, 7150945.0 ], [ 3068575.0, 7150929.0 ], [ 3068589.0, 7150910.0 ], [ 3068597.0, 7150898.0 ], [ 3068601.0, 7150893.0 ], [ 3068611.0, 7150880.0 ], [ 3068646.0, 7150834.0 ], [ 3068673.0, 7150792.0 ], [ 3068775.0, 7150653.0 ], [ 3068770.0, 7150649.0 ], [ 3068759.0, 7150640.0 ], [ 3068764.0, 7150607.0 ], [ 3068772.0, 7150598.0 ], [ 3068781.0, 7150588.0 ], [ 3068784.0, 7150584.0 ], [ 3068786.0, 7150583.0 ], [ 3068794.0, 7150573.0 ], [ 3068806.0, 7150560.0 ], [ 3068795.0, 7150550.0 ], [ 3068789.0, 7150545.0 ], [ 3068768.0, 7150528.0 ], [ 3068767.0, 7150473.0 ], [ 3068766.0, 7150470.0 ], [ 3068764.0, 7150455.0 ], [ 3068763.0, 7150446.0 ], [ 3068755.0, 7150427.0 ], [ 3068741.0, 7150403.0 ], [ 3068725.0, 7150371.0 ], [ 3068712.0, 7150345.0 ], [ 3068705.0, 7150335.0 ], [ 3068701.0, 7150332.0 ], [ 3068714.0, 7150321.0 ], [ 3068799.0, 7150251.0 ], [ 3068816.0, 7150239.0 ], [ 3068827.0, 7150233.0 ], [ 3068838.0, 7150231.0 ], [ 3068851.0, 7150225.0 ], [ 3068934.0, 7150185.0 ], [ 3068972.0, 7150166.0 ], [ 3068999.0, 7150152.0 ], [ 3069037.0, 7150132.0 ], [ 3069075.0, 7150113.0 ], [ 3069080.0, 7150104.0 ], [ 3069098.0, 7150095.0 ], [ 3069117.0, 7150084.0 ] ] } },
{ "type": "Feature", "properties": { "closeness_centrality": 0.00010650571682909455, "source": 209186417, "target": 457364587, "ordering_closeness_centrality": 10, "length": 299, "length_cumulative": 13284 }, "geometry": { "type": "LineString", "coordinates": [ [ 3068264.0, 7151570.0 ], [ 3068290.0, 7151534.0 ], [ 3068287.0, 7151531.0 ], [ 3068285.0, 7151527.0 ], [ 3068284.0, 7151523.0 ], [ 3068283.0, 7151518.0 ], [ 3068284.0, 7151514.0 ], [ 3068285.0, 7151510.0 ], [ 3068288.0, 7151506.0 ], [ 3068291.0, 7151503.0 ], [ 3068295.0, 7151501.0 ], [ 3068299.0, 7151499.0 ], [ 3068303.0, 7151499.0 ], [ 3068307.0, 7151499.0 ], [ 3068311.0, 7151500.0 ], [ 3068325.0, 7151447.0 ], [ 3068317.0, 7151413.0 ], [ 3068304.0, 7151356.0 ], [ 3068302.0, 7151346.0 ], [ 3068299.0, 7151342.0 ], [ 3068270.0, 7151322.0 ] ] } },
{ "type": "Feature", "properties": { "closeness_centrality": 0.00010641587427287604, "source": 11105993081, "target": 13022888813, "ordering_closeness_centrality": 11, "length": 1582, "length_cumulative": 14866 }, "geometry": { "type": "LineString", "coordinates": [ [ 3066568.0, 7149808.0 ], [ 3066534.0, 7149820.0 ], [ 3066505.0, 7149830.0 ], [ 3066496.0, 7149832.0 ], [ 3066487.0, 7149836.0 ], [ 3066483.0, 7149837.0 ], [ 3066449.0, 7149849.0 ], [ 3066440.0, 7149852.0 ], [ 3066404.0, 7149867.0 ], [ 3066386.0, 7149866.0 ], [ 3066376.0, 7149836.0 ], [ 3066372.0, 7149827.0 ], [ 3066250.0, 7149873.0 ], [ 3066218.0, 7149884.0 ], [ 3066195.0, 7149889.0 ], [ 3066188.0, 7149878.0 ], [ 3066137.0, 7149896.0 ], [ 3066126.0, 7149901.0 ], [ 3066115.0, 7149905.0 ], [ 3066040.0, 7149931.0 ], [ 3066008.0, 7149942.0 ], [ 3065973.0, 7149955.0 ], [ 3065961.0, 7149959.0 ], [ 3065929.0, 7149970.0 ], [ 3065898.0, 7149985.0 ], [ 3065861.0, 7150002.0 ], [ 3065844.0, 7150009.0 ], [ 3065824.0, 7150021.0 ], [ 3065808.0, 7150032.0 ], [ 3065797.0, 7150044.0 ], [ 3065782.0, 7150059.0 ], [ 3065773.0, 7150073.0 ], [ 3065756.0, 7150111.0 ], [ 3065746.0, 7150129.0 ], [ 3065742.0, 7150139.0 ], [ 3065714.0, 7150197.0 ], [ 3065707.0, 7150211.0 ], [ 3065689.0, 7150202.0 ], [ 3065661.0, 7150192.0 ], [ 3065603.0, 7150304.0 ], [ 3065585.0, 7150339.0 ], [ 3065561.0, 7150393.0 ], [ 3065545.0, 7150422.0 ], [ 3065537.0, 7150430.0 ], [ 3065528.0, 7150434.0 ], [ 3065513.0, 7150437.0 ], [ 3065512.0, 7150453.0 ], [ 3065506.0, 7150460.0 ], [ 3065480.0, 7150464.0 ], [ 3065467.0, 7150467.0 ], [ 3065489.0, 7150517.0 ], [ 3065469.0, 7150556.0 ], [ 3065490.0, 7150564.0 ] ] } },
{ "type": "Feature", "properties": { "closeness_centrality": 0.00010629119407913537, "source": 13022888813, "target": 8085918549, "ordering_closeness_centrality": 12, "length": 3074, "length_cumulative": 17941 }, "geometry": { "type": "LineString", "coordinates": [ [ 3065794.0, 7152101.0 ], [ 3065754.0, 7152037.0 ], [ 3065766.0, 7152031.0 ], [ 3065694.0, 7151929.0 ], [ 3065691.0, 7151931.0 ], [ 3065681.0, 7151916.0 ], [ 3065687.0, 7151912.0 ], [ 3065679.0, 7151897.0 ], [ 3065665.0, 7151869.0 ], [ 3065668.0, 7151857.0 ], [ 3065680.0, 7151849.0 ], [ 3065676.0, 7151843.0 ], [ 3065681.0, 7151831.0 ], [ 3065684.0, 7151827.0 ], [ 3065700.0, 7151799.0 ], [ 3065713.0, 7151725.0 ], [ 3065762.0, 7151699.0 ], [ 3065768.0, 7151683.0 ], [ 3065813.0, 7151614.0 ], [ 3065806.0, 7151586.0 ], [ 3065799.0, 7151567.0 ], [ 3065807.0, 7151552.0 ], [ 3065790.0, 7151507.0 ], [ 3065797.0, 7151504.0 ], [ 3065785.0, 7151474.0 ], [ 3065782.0, 7151466.0 ], [ 3065898.0, 7151419.0 ], [ 3065899.0, 7151410.0 ], [ 3065898.0, 7151404.0 ], [ 3065974.0, 7151374.0 ], [ 3065990.0, 7151368.0 ], [ 3066074.0, 7151329.0 ], [ 3066105.0, 7151312.0 ], [ 3066097.0, 7151292.0 ], [ 3066097.0, 7151284.0 ], [ 3066100.0, 7151273.0 ], [ 3066105.0, 7151247.0 ], [ 3066109.0, 7151196.0 ], [ 3066113.0, 7151183.0 ], [ 3066111.0, 7151174.0 ], [ 3066103.0, 7151168.0 ], [ 3066130.0, 7151135.0 ], [ 3066155.0, 7151098.0 ], [ 3066171.0, 7151088.0 ], [ 3066178.0, 7151080.0 ], [ 3066188.0, 7151068.0 ], [ 3066196.0, 7151058.0 ], [ 3066197.0, 7151048.0 ], [ 3066210.0, 7151026.0 ], [ 3066216.0, 7151018.0 ], [ 3066217.0, 7151002.0 ], [ 3066213.0, 7150994.0 ], [ 3066192.0, 7150957.0 ], [ 3066191.0, 7150947.0 ], [ 3066186.0, 7150939.0 ], [ 3066180.0, 7150930.0 ], [ 3066176.0, 7150907.0 ], [ 3066190.0, 7150898.0 ], [ 3066179.0, 7150880.0 ], [ 3066197.0, 7150867.0 ], [ 3066267.0, 7150819.0 ], [ 3066271.0, 7150817.0 ], [ 3066283.0, 7150808.0 ], [ 3066276.0, 7150796.0 ], [ 3066283.0, 7150792.0 ], [ 3066317.0, 7150770.0 ], [ 3066320.0, 7150768.0 ], [ 3066342.0, 7150750.0 ], [ 3066344.0, 7150745.0 ], [ 3066352.0, 7150739.0 ], [ 3066404.0, 7150699.0 ], [ 3066424.0, 7150662.0 ], [ 3066431.0, 7150647.0 ], [ 3066435.0, 7150639.0 ], [ 3066448.0, 7150617.0 ], [ 3066451.0, 7150612.0 ], [ 3066448.0, 7150610.0 ], [ 3066459.0, 7150594.0 ], [ 3066461.0, 7150591.0 ], [ 3066518.0, 7150497.0 ], [ 3066535.0, 7150470.0 ], [ 3066424.0, 7150408.0 ], [ 3066477.0, 7150308.0 ], [ 3066503.0, 7150264.0 ], [ 3066478.0, 7150250.0 ], [ 3066463.0, 7150241.0 ], [ 3066451.0, 7150234.0 ], [ 3066470.0, 7150200.0 ], [ 3066483.0, 7150178.0 ], [ 3066463.0, 7150166.0 ], [ 3066462.0, 7150166.0 ], [ 3066447.0, 7150157.0 ], [ 3066449.0, 7150153.0 ], [ 3066431.0, 7150133.0 ], [ 3066400.0, 7150100.0 ], [ 3066386.0, 7150086.0 ], [ 3066329.0, 7150022.0 ], [ 3066297.0, 7149987.0 ], [ 3066308.0, 7149978.0 ], [ 3066323.0, 7149966.0 ], [ 3066342.0, 7149952.0 ], [ 3066332.0, 7149913.0 ], [ 3066331.0, 7149897.0 ], [ 3066335.0, 7149882.0 ], [ 3066355.0, 7149876.0 ], [ 3066386.0, 7149866.0 ] ] } },
{ "type": "Feature", "properties": { "closeness_centrality": 0.00010615165965522836, "source": 209186417, "target": 5421288894, "ordering_closeness_centrality": 13, "length": 631, "length_cumulative": 18572 }, "geometry": { "type": "LineString", "coordinates": [ [ 3066727.0, 7149534.0 ], [ 3066796.0, 7149513.0 ], [ 3066798.0, 7149517.0 ], [ 3066805.0, 7149541.0 ], [ 3066811.0, 7149558.0 ], [ 3066813.0, 7149565.0 ], [ 3066820.0, 7149587.0 ], [ 3066824.0, 7149599.0 ], [ 3066902.0, 7149602.0 ], [ 3066928.0, 7149593.0 ], [ 3066938.0, 7149590.0 ], [ 3066939.0, 7149595.0 ], [ 3066945.0, 7149612.0 ], [ 3067155.0, 7149540.0 ], [ 3067190.0, 7149531.0 ], [ 3067203.0, 7149530.0 ], [ 3067213.0, 7149530.0 ], [ 3067221.0, 7149531.0 ], [ 3067232.0, 7149534.0 ], [ 3067243.0, 7149538.0 ], [ 3067258.0, 7149545.0 ] ] } },
{ "type": "Feature", "properties": { "closeness_centrality": 0.00010521460308934058, "source": 11105993081, "target": 5444516302, "ordering_closeness_centrality": 14, "length": 1544, "length_cumulative": 20117 }, "geometry": { "type": "LineString", "coordinates": [ [ 3066482.0, 7149272.0 ], [ 3066429.0, 7149295.0 ], [ 3066419.0, 7149299.0 ], [ 3066416.0, 7149300.0 ], [ 3066386.0, 7149316.0 ], [ 3066297.0, 7149359.0 ], [ 3066277.0, 7149369.0 ], [ 3066273.0, 7149371.0 ], [ 3066269.0, 7149373.0 ], [ 3066254.0, 7149350.0 ], [ 3066237.0, 7149314.0 ], [ 3066213.0, 7149266.0 ], [ 3066204.0, 7149273.0 ], [ 3066201.0, 7149276.0 ], [ 3066157.0, 7149337.0 ], [ 3066156.0, 7149349.0 ], [ 3066138.0, 7149353.0 ], [ 3066130.0, 7149355.0 ], [ 3066107.0, 7149365.0 ], [ 3066074.0, 7149410.0 ], [ 3066039.0, 7149457.0 ], [ 3066034.0, 7149463.0 ], [ 3065991.0, 7149520.0 ], [ 3065958.0, 7149550.0 ], [ 3065837.0, 7149646.0 ], [ 3065826.0, 7149655.0 ], [ 3065811.0, 7149668.0 ], [ 3065788.0, 7149685.0 ], [ 3065792.0, 7149697.0 ], [ 3065798.0, 7149710.0 ], [ 3065807.0, 7149716.0 ], [ 3065811.0, 7149726.0 ], [ 3065842.0, 7149828.0 ], [ 3065794.0, 7149932.0 ], [ 3065775.0, 7149974.0 ], [ 3065789.0, 7149990.0 ], [ 3065782.0, 7149996.0 ], [ 3065772.0, 7150007.0 ], [ 3065766.0, 7150017.0 ], [ 3065763.0, 7150022.0 ], [ 3065749.0, 7150046.0 ], [ 3065685.0, 7150172.0 ], [ 3065666.0, 7150185.0 ], [ 3065661.0, 7150192.0 ] ] } },
{ "type": "Feature", "properties": { "closeness_centrality": 0.00010500306570558984, "source": 275065030, "target": 457364587, "ordering_closeness_centrality": 15, "length": 2188, "length_cumulative": 22306 }, "geometry": { "type": "LineString", "coordinates": [ [ 3068238.0, 7151604.0 ], [ 3068325.0, 7151679.0 ], [ 3068341.0, 7151686.0 ], [ 3068350.0, 7151695.0 ], [ 3068344.0, 7151702.0 ], [ 3068334.0, 7151713.0 ], [ 3068342.0, 7151720.0 ], [ 3068348.0, 7151726.0 ], [ 3068356.0, 7151732.0 ], [ 3068344.0, 7151745.0 ], [ 3068410.0, 7151801.0 ], [ 3068499.0, 7151878.0 ], [ 3068503.0, 7151880.0 ], [ 3068581.0, 7151948.0 ], [ 3068646.0, 7152002.0 ], [ 3068669.0, 7152020.0 ], [ 3068671.0, 7152023.0 ], [ 3068688.0, 7152036.0 ], [ 3068709.0, 7152054.0 ], [ 3068751.0, 7152091.0 ], [ 3068970.0, 7152285.0 ], [ 3068980.0, 7152294.0 ], [ 3069085.0, 7152384.0 ], [ 3069155.0, 7152445.0 ], [ 3069243.0, 7152520.0 ], [ 3069327.0, 7152595.0 ], [ 3069364.0, 7152627.0 ], [ 3069378.0, 7152639.0 ], [ 3069467.0, 7152715.0 ], [ 3069497.0, 7152740.0 ], [ 3069508.0, 7152749.0 ], [ 3069521.0, 7152756.0 ], [ 3069535.0, 7152761.0 ], [ 3069554.0, 7152766.0 ], [ 3069568.0, 7152768.0 ], [ 3069584.0, 7152771.0 ], [ 3069597.0, 7152772.0 ], [ 3069606.0, 7152775.0 ], [ 3069621.0, 7152785.0 ], [ 3069644.0, 7152801.0 ], [ 3069690.0, 7152843.0 ], [ 3069694.0, 7152851.0 ], [ 3069698.0, 7152861.0 ], [ 3069700.0, 7152872.0 ], [ 3069700.0, 7152880.0 ], [ 3069706.0, 7152926.0 ], [ 3069708.0, 7152936.0 ], [ 3069713.0, 7152945.0 ], [ 3069791.0, 7153036.0 ] ] } },
{ "type": "Feature", "properties": { "closeness_centrality": 0.0001049597351391324, "source": 847579892, "target": 8085918549, "ordering_closeness_centrality": 16, "length": 1818, "length_cumulative": 24124 }, "geometry": { "type": "LineString", "coordinates": [ [ 3067269.0, 7152303.0 ], [ 3067242.0, 7152278.0 ], [ 3067213.0, 7152250.0 ], [ 3067195.0, 7152234.0 ], [ 3067180.0, 7152223.0 ], [ 3067174.0, 7152209.0 ], [ 3067168.0, 7152192.0 ], [ 3067101.0, 7152129.0 ], [ 3067070.0, 7152095.0 ], [ 3067041.0, 7152064.0 ], [ 3067030.0, 7152072.0 ], [ 3067025.0, 7152077.0 ], [ 3066999.0, 7152066.0 ], [ 3066993.0, 7152065.0 ], [ 3066980.0, 7152064.0 ], [ 3066959.0, 7152064.0 ], [ 3066950.0, 7152073.0 ], [ 3066941.0, 7152079.0 ], [ 3066930.0, 7152087.0 ], [ 3066927.0, 7152090.0 ], [ 3066922.0, 7152089.0 ], [ 3066916.0, 7152084.0 ], [ 3066904.0, 7152083.0 ], [ 3066897.0, 7152086.0 ], [ 3066850.0, 7152101.0 ], [ 3066841.0, 7152104.0 ], [ 3066834.0, 7152107.0 ], [ 3066804.0, 7152116.0 ], [ 3066734.0, 7152139.0 ], [ 3066717.0, 7152145.0 ], [ 3066650.0, 7152166.0 ], [ 3066642.0, 7152168.0 ], [ 3066618.0, 7152175.0 ], [ 3066608.0, 7152177.0 ], [ 3066592.0, 7152181.0 ], [ 3066575.0, 7152185.0 ], [ 3066569.0, 7152186.0 ], [ 3066433.0, 7152216.0 ], [ 3066363.0, 7152233.0 ], [ 3066327.0, 7152242.0 ], [ 3066290.0, 7152251.0 ], [ 3066275.0, 7152253.0 ], [ 3066197.0, 7152264.0 ], [ 3066177.0, 7152269.0 ], [ 3066175.0, 7152263.0 ], [ 3066173.0, 7152255.0 ], [ 3066158.0, 7152253.0 ], [ 3066142.0, 7152254.0 ], [ 3066126.0, 7152256.0 ], [ 3066067.0, 7152264.0 ], [ 3066050.0, 7152266.0 ], [ 3066036.0, 7152263.0 ], [ 3066021.0, 7152249.0 ], [ 3066015.0, 7152238.0 ], [ 3066006.0, 7152226.0 ], [ 3065988.0, 7152227.0 ], [ 3065969.0, 7152226.0 ], [ 3065940.0, 7152222.0 ], [ 3065904.0, 7152220.0 ], [ 3065896.0, 7152226.0 ], [ 3065887.0, 7152232.0 ], [ 3065879.0, 7152225.0 ], [ 3065869.0, 7152228.0 ], [ 3065831.0, 7152174.0 ], [ 3065814.0, 7152151.0 ], [ 3065822.0, 7152141.0 ], [ 3065813.0, 7152118.0 ], [ 3065806.0, 7152099.0 ], [ 3065766.0, 7152031.0 ] ] } },
{ "type": "Feature", "properties": { "closeness_centrality": 0.00010468703779528335, "source": 847579892, "target": 13200530282, "ordering_closeness_centrality": 17, "length": 223, "length_cumulative": 24348 }, "geometry": { "type": "LineString", "coordinates": [ [ 3065869.0, 7152228.0 ], [ 3065817.0, 7152248.0 ], [ 3065797.0, 7152251.0 ], [ 3065791.0, 7152253.0 ], [ 3065775.0, 7152256.0 ], [ 3065714.0, 7152269.0 ], [ 3065653.0, 7152280.0 ] ] } },
{ "type": "Feature", "properties": { "closeness_centrality": 0.00010457556442493852, "source": 5409264854, "target": 5444516302, "ordering_closeness_centrality": 18, "length": 1029, "length_cumulative": 25378 }, "geometry": { "type": "LineString", "coordinates": [ [ 3065814.0, 7148566.0 ], [ 3065847.0, 7148586.0 ], [ 3065872.0, 7148601.0 ], [ 3065878.0, 7148604.0 ], [ 3065973.0, 7148657.0 ], [ 3066017.0, 7148681.0 ], [ 3066007.0, 7148700.0 ], [ 3066031.0, 7148718.0 ], [ 3066073.0, 7148760.0 ], [ 3066153.0, 7148839.0 ], [ 3066172.0, 7148864.0 ], [ 3066200.0, 7148900.0 ], [ 3066243.0, 7148967.0 ], [ 3066258.0, 7148993.0 ], [ 3066276.0, 7149019.0 ], [ 3066291.0, 7149041.0 ], [ 3066307.0, 7149062.0 ], [ 3066329.0, 7149091.0 ], [ 3066350.0, 7149111.0 ], [ 3066358.0, 7149119.0 ], [ 3066375.0, 7149136.0 ], [ 3066381.0, 7149154.0 ], [ 3066394.0, 7149175.0 ], [ 3066417.0, 7149204.0 ], [ 3066413.0, 7149207.0 ], [ 3066404.0, 7149213.0 ], [ 3066409.0, 7149219.0 ], [ 3066432.0, 7149251.0 ], [ 3066441.0, 7149262.0 ], [ 3066449.0, 7149267.0 ], [ 3066458.0, 7149270.0 ], [ 3066466.0, 7149271.0 ], [ 3066472.0, 7149271.0 ], [ 3066482.0, 7149272.0 ] ] } },
{ "type": "Feature", "properties": { "closeness_centrality": 0.00010416305175369548, "source": 847579892, "target": 275065030, "ordering_closeness_centrality": 19, "length": 2573, "length_cumulative": 27951 }, "geometry": { "type": "LineString", "coordinates": [ [ 3067309.0, 7152327.0 ], [ 3067351.0, 7152370.0 ], [ 3067379.0, 7152401.0 ], [ 3067421.0, 7152457.0 ], [ 3067424.0, 7152462.0 ], [ 3067417.0, 7152466.0 ], [ 3067404.0, 7152474.0 ], [ 3067402.0, 7152475.0 ], [ 3067403.0, 7152480.0 ], [ 3067404.0, 7152490.0 ], [ 3067404.0, 7152493.0 ], [ 3067438.0, 7152488.0 ], [ 3067488.0, 7152478.0 ], [ 3067490.0, 7152477.0 ], [ 3067512.0, 7152473.0 ], [ 3067538.0, 7152470.0 ], [ 3067555.0, 7152468.0 ], [ 3067562.0, 7152469.0 ], [ 3067571.0, 7152469.0 ], [ 3067580.0, 7152470.0 ], [ 3067590.0, 7152472.0 ], [ 3067602.0, 7152476.0 ], [ 3067611.0, 7152480.0 ], [ 3067621.0, 7152485.0 ], [ 3067631.0, 7152491.0 ], [ 3067641.0, 7152497.0 ], [ 3067667.0, 7152510.0 ], [ 3067693.0, 7152525.0 ], [ 3067720.0, 7152536.0 ], [ 3067742.0, 7152542.0 ], [ 3067765.0, 7152545.0 ], [ 3067776.0, 7152545.0 ], [ 3067781.0, 7152544.0 ], [ 3067796.0, 7152541.0 ], [ 3067831.0, 7152529.0 ], [ 3067852.0, 7152515.0 ], [ 3068005.0, 7152394.0 ], [ 3068013.0, 7152392.0 ], [ 3068041.0, 7152374.0 ], [ 3068052.0, 7152368.0 ], [ 3068070.0, 7152361.0 ], [ 3068083.0, 7152356.0 ], [ 3068096.0, 7152353.0 ], [ 3068113.0, 7152350.0 ], [ 3068131.0, 7152348.0 ], [ 3068148.0, 7152347.0 ], [ 3068163.0, 7152348.0 ], [ 3068179.0, 7152351.0 ], [ 3068195.0, 7152356.0 ], [ 3068223.0, 7152368.0 ], [ 3068245.0, 7152377.0 ], [ 3068264.0, 7152387.0 ], [ 3068284.0, 7152397.0 ], [ 3068309.0, 7152413.0 ], [ 3068337.0, 7152432.0 ], [ 3068339.0, 7152430.0 ], [ 3068340.0, 7152429.0 ], [ 3068358.0, 7152407.0 ], [ 3068374.0, 7152387.0 ], [ 3068380.0, 7152387.0 ], [ 3068389.0, 7152378.0 ], [ 3068396.0, 7152371.0 ], [ 3068400.0, 7152366.0 ], [ 3068412.0, 7152376.0 ], [ 3068421.0, 7152383.0 ], [ 3068433.0, 7152393.0 ], [ 3068437.0, 7152396.0 ], [ 3068421.0, 7152416.0 ], [ 3068425.0, 7152419.0 ], [ 3068444.0, 7152437.0 ], [ 3068468.0, 7152455.0 ], [ 3068479.0, 7152466.0 ], [ 3068483.0, 7152479.0 ], [ 3068486.0, 7152490.0 ], [ 3068487.0, 7152502.0 ], [ 3068488.0, 7152516.0 ], [ 3068581.0, 7152527.0 ], [ 3068612.0, 7152513.0 ], [ 3068641.0, 7152502.0 ], [ 3068670.0, 7152500.0 ], [ 3068685.0, 7152506.0 ], [ 3068690.0, 7152508.0 ], [ 3068703.0, 7152520.0 ], [ 3068719.0, 7152530.0 ], [ 3068758.0, 7152496.0 ], [ 3068763.0, 7152494.0 ], [ 3068779.0, 7152488.0 ], [ 3068819.0, 7152489.0 ], [ 3068880.0, 7152487.0 ], [ 3068907.0, 7152489.0 ], [ 3068922.0, 7152489.0 ], [ 3069018.0, 7152481.0 ], [ 3069080.0, 7152478.0 ], [ 3069080.0, 7152473.0 ], [ 3069097.0, 7152457.0 ], [ 3069103.0, 7152450.0 ], [ 3069123.0, 7152460.0 ], [ 3069135.0, 7152468.0 ], [ 3069222.0, 7152544.0 ], [ 3069237.0, 7152564.0 ], [ 3069343.0, 7152658.0 ], [ 3069354.0, 7152667.0 ], [ 3069359.0, 7152661.0 ], [ 3069365.0, 7152654.0 ], [ 3069378.0, 7152639.0 ] ] } },
{ "type": "Feature", "properties": { "closeness_centrality": 0.00010352483752116494, "source": 11105993081, "target": 8085918549, "ordering_closeness_centrality": 20, "length": 1203, "length_cumulative": 29155 }, "geometry": { "type": "LineString", "coordinates": [ [ 3065469.0, 7150556.0 ], [ 3065452.0, 7150591.0 ], [ 3065527.0, 7150628.0 ], [ 3065540.0, 7150694.0 ], [ 3065523.0, 7150701.0 ], [ 3065500.0, 7150706.0 ], [ 3065494.0, 7150708.0 ], [ 3065489.0, 7150716.0 ], [ 3065482.0, 7150723.0 ], [ 3065465.0, 7150754.0 ], [ 3065459.0, 7150764.0 ], [ 3065481.0, 7150774.0 ], [ 3065488.0, 7150778.0 ], [ 3065482.0, 7150789.0 ], [ 3065486.0, 7150792.0 ], [ 3065488.0, 7150797.0 ], [ 3065488.0, 7150801.0 ], [ 3065487.0, 7150806.0 ], [ 3065484.0, 7150810.0 ], [ 3065481.0, 7150813.0 ], [ 3065476.0, 7150814.0 ], [ 3065479.0, 7150818.0 ], [ 3065484.0, 7150820.0 ], [ 3065477.0, 7150833.0 ], [ 3065474.0, 7150841.0 ], [ 3065474.0, 7150844.0 ], [ 3065481.0, 7150854.0 ], [ 3065487.0, 7150857.0 ], [ 3065489.0, 7150854.0 ], [ 3065562.0, 7150895.0 ], [ 3065575.0, 7150906.0 ], [ 3065583.0, 7150911.0 ], [ 3065595.0, 7150917.0 ], [ 3065641.0, 7151019.0 ], [ 3065643.0, 7151024.0 ], [ 3065653.0, 7151051.0 ], [ 3065668.0, 7151093.0 ], [ 3065672.0, 7151106.0 ], [ 3065683.0, 7151140.0 ], [ 3065736.0, 7151305.0 ], [ 3065737.0, 7151310.0 ], [ 3065754.0, 7151361.0 ], [ 3065771.0, 7151412.0 ], [ 3065780.0, 7151437.0 ], [ 3065787.0, 7151451.0 ], [ 3065778.0, 7151456.0 ], [ 3065771.0, 7151459.0 ], [ 3065787.0, 7151499.0 ], [ 3065790.0, 7151507.0 ] ] } },
{ "type": "Feature", "properties": { "closeness_centrality": 0.00010330944168005513, "source": 209186417, "target": 275065030, "ordering_closeness_centrality": 21, "length": 3148, "length_cumulative": 32303 }, "geometry": { "type": "LineString", "coordinates": [ [ 3068794.0, 7150573.0 ], [ 3068815.0, 7150592.0 ], [ 3068841.0, 7150619.0 ], [ 3068868.0, 7150648.0 ], [ 3068892.0, 7150678.0 ], [ 3068920.0, 7150722.0 ], [ 3068931.0, 7150735.0 ], [ 3068950.0, 7150759.0 ], [ 3069007.0, 7150830.0 ], [ 3069017.0, 7150841.0 ], [ 3069034.0, 7150859.0 ], [ 3069053.0, 7150877.0 ], [ 3069047.0, 7150884.0 ], [ 3069044.0, 7150888.0 ], [ 3069040.0, 7150892.0 ], [ 3069042.0, 7150894.0 ], [ 3069109.0, 7150953.0 ], [ 3069171.0, 7151003.0 ], [ 3069246.0, 7151065.0 ], [ 3069280.0, 7151092.0 ], [ 3069298.0, 7151106.0 ], [ 3069322.0, 7151123.0 ], [ 3069338.0, 7151134.0 ], [ 3069420.0, 7151203.0 ], [ 3069463.0, 7151238.0 ], [ 3069491.0, 7151262.0 ], [ 3069485.0, 7151270.0 ], [ 3069507.0, 7151287.0 ], [ 3069506.0, 7151289.0 ], [ 3069497.0, 7151285.0 ], [ 3069495.0, 7151288.0 ], [ 3069493.0, 7151291.0 ], [ 3069499.0, 7151295.0 ], [ 3069502.0, 7151297.0 ], [ 3069498.0, 7151311.0 ], [ 3069495.0, 7151321.0 ], [ 3069464.0, 7151398.0 ], [ 3069410.0, 7151516.0 ], [ 3069398.0, 7151544.0 ], [ 3069375.0, 7151593.0 ], [ 3069289.0, 7151804.0 ], [ 3069257.0, 7151911.0 ], [ 3069249.0, 7151942.0 ], [ 3069233.0, 7152009.0 ], [ 3069229.0, 7152027.0 ], [ 3069227.0, 7152035.0 ], [ 3069224.0, 7152066.0 ], [ 3069221.0, 7152071.0 ], [ 3069207.0, 7152078.0 ], [ 3069233.0, 7152131.0 ], [ 3069272.0, 7152257.0 ], [ 3069292.0, 7152321.0 ], [ 3069296.0, 7152345.0 ], [ 3069293.0, 7152405.0 ], [ 3069288.0, 7152417.0 ], [ 3069399.0, 7152502.0 ], [ 3069404.0, 7152506.0 ], [ 3069408.0, 7152509.0 ], [ 3069415.0, 7152514.0 ], [ 3069423.0, 7152521.0 ], [ 3069413.0, 7152534.0 ], [ 3069444.0, 7152558.0 ], [ 3069464.0, 7152576.0 ], [ 3069519.0, 7152622.0 ], [ 3069576.0, 7152669.0 ], [ 3069632.0, 7152715.0 ], [ 3069682.0, 7152755.0 ], [ 3069673.0, 7152766.0 ], [ 3069679.0, 7152772.0 ], [ 3069693.0, 7152784.0 ], [ 3069709.0, 7152799.0 ], [ 3069718.0, 7152808.0 ], [ 3069716.0, 7152816.0 ], [ 3069717.0, 7152826.0 ], [ 3069723.0, 7152836.0 ], [ 3069735.0, 7152856.0 ], [ 3069736.0, 7152878.0 ], [ 3069735.0, 7152898.0 ], [ 3069727.0, 7152928.0 ], [ 3069807.0, 7153022.0 ], [ 3069804.0, 7153025.0 ], [ 3069791.0, 7153036.0 ] ] } },
{ "type": "Feature", "properties": { "closeness_centrality": 0.00010301047905050353, "source": 5409264854, "target": 11105993081, "ordering_closeness_centrality": 23, "length": 1308, "length_cumulative": 33612 }, "geometry": { "type": "LineString", "coordinates": [ [ 3065878.0, 7148604.0 ], [ 3065869.0, 7148624.0 ], [ 3065849.0, 7148615.0 ], [ 3065835.0, 7148640.0 ], [ 3065823.0, 7148663.0 ], [ 3065779.0, 7148755.0 ], [ 3065775.0, 7148765.0 ], [ 3065786.0, 7148799.0 ], [ 3065781.0, 7148809.0 ], [ 3065778.0, 7148814.0 ], [ 3065761.0, 7148820.0 ], [ 3065755.0, 7148833.0 ], [ 3065757.0, 7148838.0 ], [ 3065739.0, 7148855.0 ], [ 3065704.0, 7148923.0 ], [ 3065697.0, 7148925.0 ], [ 3065667.0, 7148934.0 ], [ 3065662.0, 7148945.0 ], [ 3065615.0, 7148959.0 ], [ 3065622.0, 7148982.0 ], [ 3065629.0, 7149003.0 ], [ 3065652.0, 7149078.0 ], [ 3065647.0, 7149084.0 ], [ 3065651.0, 7149098.0 ], [ 3065615.0, 7149111.0 ], [ 3065625.0, 7149141.0 ], [ 3065623.0, 7149153.0 ], [ 3065628.0, 7149168.0 ], [ 3065630.0, 7149174.0 ], [ 3065670.0, 7149295.0 ], [ 3065747.0, 7149529.0 ], [ 3065751.0, 7149539.0 ], [ 3065743.0, 7149542.0 ], [ 3065748.0, 7149558.0 ], [ 3065751.0, 7149570.0 ], [ 3065763.0, 7149573.0 ], [ 3065777.0, 7149613.0 ], [ 3065781.0, 7149628.0 ], [ 3065782.0, 7149637.0 ], [ 3065779.0, 7149643.0 ], [ 3065773.0, 7149648.0 ], [ 3065778.0, 7149662.0 ], [ 3065788.0, 7149685.0 ] ] } },
{ "type": "Feature", "properties": { "closeness_centrality": 0.00010169096295172657, "source": 12139374773, "target": 5421288894, "ordering_closeness_centrality": 24, "length": 2771, "length_cumulative": 36384 }, "geometry": { "type": "LineString", "coordinates": [ [ 3066654.0, 7149301.0 ], [ 3066634.0, 7149261.0 ], [ 3066629.0, 7149251.0 ], [ 3066625.0, 7149241.0 ], [ 3066615.0, 7149218.0 ], [ 3066625.0, 7149207.0 ], [ 3066631.0, 7149167.0 ], [ 3066621.0, 7149132.0 ], [ 3066611.0, 7149100.0 ], [ 3066602.0, 7149073.0 ], [ 3066587.0, 7149032.0 ], [ 3066583.0, 7149024.0 ], [ 3066575.0, 7149008.0 ], [ 3066574.0, 7149000.0 ], [ 3066574.0, 7148994.0 ], [ 3066574.0, 7148988.0 ], [ 3066511.0, 7148961.0 ], [ 3066497.0, 7148912.0 ], [ 3066522.0, 7148882.0 ], [ 3066544.0, 7148855.0 ], [ 3066546.0, 7148853.0 ], [ 3066550.0, 7148848.0 ], [ 3066573.0, 7148817.0 ], [ 3066609.0, 7148777.0 ], [ 3066641.0, 7148744.0 ], [ 3066653.0, 7148734.0 ], [ 3066706.0, 7148691.0 ], [ 3066740.0, 7148666.0 ], [ 3066849.0, 7148611.0 ], [ 3066873.0, 7148603.0 ], [ 3066934.0, 7148582.0 ], [ 3066962.0, 7148577.0 ], [ 3066959.0, 7148556.0 ], [ 3066954.0, 7148523.0 ], [ 3066951.0, 7148506.0 ], [ 3066948.0, 7148470.0 ], [ 3066948.0, 7148466.0 ], [ 3066954.0, 7148429.0 ], [ 3066952.0, 7148413.0 ], [ 3066949.0, 7148393.0 ], [ 3066948.0, 7148380.0 ], [ 3066941.0, 7148324.0 ], [ 3066965.0, 7148296.0 ], [ 3066977.0, 7148294.0 ], [ 3066974.0, 7148267.0 ], [ 3066962.0, 7148186.0 ], [ 3066945.0, 7148066.0 ], [ 3066943.0, 7148048.0 ], [ 3066941.0, 7148038.0 ], [ 3066939.0, 7148023.0 ], [ 3066928.0, 7147950.0 ], [ 3066915.0, 7147851.0 ], [ 3066893.0, 7147695.0 ], [ 3066889.0, 7147655.0 ], [ 3066885.0, 7147619.0 ], [ 3066882.0, 7147598.0 ], [ 3066868.0, 7147506.0 ], [ 3066859.0, 7147439.0 ], [ 3066854.0, 7147398.0 ], [ 3066848.0, 7147349.0 ], [ 3066847.0, 7147339.0 ], [ 3066845.0, 7147321.0 ], [ 3066833.0, 7147228.0 ], [ 3066829.0, 7147191.0 ], [ 3066815.0, 7147089.0 ], [ 3066808.0, 7147039.0 ], [ 3066806.0, 7147018.0 ], [ 3066802.0, 7146969.0 ], [ 3066793.0, 7146881.0 ] ] } },
{ "type": "Feature", "properties": { "closeness_centrality": 0.00010135860764477895, "source": 209186417, "target": 2111296544, "ordering_closeness_centrality": 25, "length": 2313, "length_cumulative": 38697 }, "geometry": { "type": "LineString", "coordinates": [ [ 3069153.0, 7150105.0 ], [ 3069175.0, 7150130.0 ], [ 3069179.0, 7150135.0 ], [ 3069201.0, 7150116.0 ], [ 3069203.0, 7150119.0 ], [ 3069217.0, 7150103.0 ], [ 3069234.0, 7150090.0 ], [ 3069251.0, 7150078.0 ], [ 3069270.0, 7150064.0 ], [ 3069307.0, 7150030.0 ], [ 3069342.0, 7150001.0 ], [ 3069367.0, 7149976.0 ], [ 3069391.0, 7149955.0 ], [ 3069463.0, 7149895.0 ], [ 3069467.0, 7149892.0 ], [ 3069498.0, 7149865.0 ], [ 3069504.0, 7149861.0 ], [ 3069509.0, 7149856.0 ], [ 3069514.0, 7149851.0 ], [ 3069520.0, 7149845.0 ], [ 3069522.0, 7149840.0 ], [ 3069516.0, 7149834.0 ], [ 3069520.0, 7149829.0 ], [ 3069525.0, 7149820.0 ], [ 3069531.0, 7149813.0 ], [ 3069537.0, 7149802.0 ], [ 3069543.0, 7149799.0 ], [ 3069547.0, 7149798.0 ], [ 3069553.0, 7149799.0 ], [ 3069560.0, 7149800.0 ], [ 3069564.0, 7149801.0 ], [ 3069579.0, 7149795.0 ], [ 3069628.0, 7149745.0 ], [ 3069670.0, 7149707.0 ], [ 3069682.0, 7149687.0 ], [ 3069763.0, 7149614.0 ], [ 3069832.0, 7149550.0 ], [ 3069884.0, 7149501.0 ], [ 3069932.0, 7149455.0 ], [ 3069950.0, 7149441.0 ], [ 3069977.0, 7149427.0 ], [ 3070001.0, 7149412.0 ], [ 3070023.0, 7149400.0 ], [ 3070046.0, 7149387.0 ], [ 3070074.0, 7149384.0 ], [ 3070219.0, 7149382.0 ], [ 3070244.0, 7149392.0 ], [ 3070285.0, 7149423.0 ], [ 3070330.0, 7149466.0 ], [ 3070354.0, 7149489.0 ], [ 3070406.0, 7149531.0 ], [ 3070434.0, 7149522.0 ], [ 3070532.0, 7149458.0 ], [ 3070539.0, 7149452.0 ], [ 3070650.0, 7149547.0 ], [ 3070722.0, 7149620.0 ], [ 3070743.0, 7149639.0 ], [ 3070771.0, 7149661.0 ], [ 3070788.0, 7149673.0 ], [ 3070793.0, 7149666.0 ], [ 3070807.0, 7149645.0 ], [ 3070814.0, 7149638.0 ], [ 3070822.0, 7149633.0 ], [ 3070842.0, 7149613.0 ], [ 3070844.0, 7149611.0 ], [ 3070902.0, 7149552.0 ], [ 3070926.0, 7149573.0 ] ] } },
{ "type": "Feature", "properties": { "closeness_centrality": 0.0001013351939301659, "source": 12139374773, "target": 5444516302, "ordering_closeness_centrality": 26, "length": 251, "length_cumulative": 38949 }, "geometry": { "type": "LineString", "coordinates": [ [ 3066497.0, 7148912.0 ], [ 3066458.0, 7148963.0 ], [ 3066425.0, 7149011.0 ], [ 3066368.0, 7149076.0 ], [ 3066362.0, 7149085.0 ], [ 3066363.0, 7149093.0 ], [ 3066364.0, 7149095.0 ], [ 3066350.0, 7149111.0 ] ] } },
{ "type": "Feature", "properties": { "closeness_centrality": 0.00010112509661423352, "source": 209186417, "target": 9381716282, "ordering_closeness_centrality": 27, "length": 2389, "length_cumulative": 41338 }, "geometry": { "type": "LineString", "coordinates": [ [ 3070901.0, 7149373.0 ], [ 3070872.0, 7149425.0 ], [ 3070850.0, 7149449.0 ], [ 3070834.0, 7149434.0 ], [ 3070799.0, 7149404.0 ], [ 3070777.0, 7149435.0 ], [ 3070720.0, 7149519.0 ], [ 3070706.0, 7149506.0 ], [ 3070704.0, 7149507.0 ], [ 3070719.0, 7149521.0 ], [ 3070714.0, 7149526.0 ], [ 3070713.0, 7149528.0 ], [ 3070692.0, 7149509.0 ], [ 3070664.0, 7149507.0 ], [ 3070623.0, 7149496.0 ], [ 3070617.0, 7149491.0 ], [ 3070549.0, 7149436.0 ], [ 3070525.0, 7149417.0 ], [ 3070428.0, 7149324.0 ], [ 3070416.0, 7149312.0 ], [ 3070411.0, 7149307.0 ], [ 3070407.0, 7149303.0 ], [ 3070405.0, 7149301.0 ], [ 3070396.0, 7149314.0 ], [ 3070388.0, 7149326.0 ], [ 3070377.0, 7149317.0 ], [ 3070312.0, 7149272.0 ], [ 3070278.0, 7149256.0 ], [ 3070249.0, 7149245.0 ], [ 3070194.0, 7149230.0 ], [ 3070144.0, 7149217.0 ], [ 3070138.0, 7149216.0 ], [ 3070134.0, 7149217.0 ], [ 3070110.0, 7149224.0 ], [ 3070107.0, 7149228.0 ], [ 3070065.0, 7149281.0 ], [ 3070054.0, 7149292.0 ], [ 3070050.0, 7149296.0 ], [ 3070037.0, 7149309.0 ], [ 3069738.0, 7149593.0 ], [ 3069555.0, 7149767.0 ], [ 3069499.0, 7149823.0 ], [ 3069490.0, 7149825.0 ], [ 3069466.0, 7149848.0 ], [ 3069462.0, 7149857.0 ], [ 3069440.0, 7149878.0 ], [ 3069372.0, 7149931.0 ], [ 3069345.0, 7149952.0 ], [ 3069242.0, 7150023.0 ], [ 3069236.0, 7150037.0 ], [ 3069198.0, 7150111.0 ], [ 3069179.0, 7150127.0 ], [ 3069176.0, 7150130.0 ], [ 3069175.0, 7150130.0 ] ] } },
{ "type": "Feature", "properties": { "closeness_centrality": 0.00010112258461022412, "source": 11105993081, "target": 3799504409, "ordering_closeness_centrality": 28, "length": 1732, "length_cumulative": 43071 }, "geometry": { "type": "MultiLineString", "coordinates": [ [ [ 3065146.0, 7148168.0 ], [ 3065144.0, 7148172.0 ], [ 3065139.0, 7148182.0 ], [ 3065152.0, 7148193.0 ], [ 3065158.0, 7148197.0 ], [ 3065163.0, 7148202.0 ], [ 3065165.0, 7148209.0 ], [ 3065161.0, 7148220.0 ], [ 3065217.0, 7148239.0 ], [ 3065247.0, 7148252.0 ], [ 3065240.0, 7148270.0 ], [ 3065265.0, 7148281.0 ], [ 3065329.0, 7148314.0 ], [ 3065340.0, 7148320.0 ], [ 3065367.0, 7148333.0 ], [ 3065367.0, 7148350.0 ], [ 3065367.0, 7148368.0 ], [ 3065378.0, 7148408.0 ], [ 3065389.0, 7148446.0 ], [ 3065431.0, 7148572.0 ], [ 3065450.0, 7148639.0 ], [ 3065461.0, 7148673.0 ], [ 3065467.0, 7148691.0 ], [ 3065476.0, 7148716.0 ], [ 3065489.0, 7148742.0 ], [ 3065501.0, 7148763.0 ], [ 3065530.0, 7148805.0 ], [ 3065560.0, 7148897.0 ], [ 3065562.0, 7148905.0 ], [ 3065581.0, 7148964.0 ], [ 3065588.0, 7148984.0 ], [ 3065627.0, 7149107.0 ] ], [ [ 3065627.0, 7149107.0 ], [ 3065645.0, 7149163.0 ], [ 3065716.0, 7149389.0 ], [ 3065734.0, 7149443.0 ], [ 3065759.0, 7149524.0 ], [ 3065770.0, 7149554.0 ], [ 3065790.0, 7149611.0 ], [ 3065803.0, 7149647.0 ], [ 3065811.0, 7149668.0 ] ] ] } },
{ "type": "Feature", "properties": { "closeness_centrality": 0.0001010562562697764, "source": 847579892, "target": 455982455, "ordering_closeness_centrality": 29, "length": 4247, "length_cumulative": 47318 }, "geometry": { "type": "MultiLineString", "coordinates": [ [ [ 3070629.0, 7154262.0 ], [ 3070576.0, 7154201.0 ], [ 3070535.0, 7154156.0 ], [ 3070491.0, 7154108.0 ], [ 3070487.0, 7154112.0 ], [ 3070433.0, 7154107.0 ], [ 3070427.0, 7154102.0 ], [ 3070404.0, 7154076.0 ], [ 3070396.0, 7154067.0 ], [ 3070387.0, 7154065.0 ], [ 3070363.0, 7154037.0 ], [ 3070311.0, 7154037.0 ], [ 3070285.0, 7154011.0 ], [ 3070278.0, 7154004.0 ], [ 3070272.0, 7153995.0 ], [ 3070262.0, 7153987.0 ], [ 3070253.0, 7153998.0 ], [ 3070233.0, 7153989.0 ], [ 3070156.0, 7153961.0 ], [ 3069960.0, 7153887.0 ], [ 3069935.0, 7153878.0 ], [ 3069912.0, 7153870.0 ], [ 3069864.0, 7153853.0 ], [ 3069852.0, 7153849.0 ], [ 3069841.0, 7153846.0 ], [ 3069753.0, 7153816.0 ], [ 3069675.0, 7153788.0 ], [ 3069653.0, 7153779.0 ], [ 3069646.0, 7153777.0 ], [ 3069636.0, 7153775.0 ], [ 3069629.0, 7153776.0 ], [ 3069617.0, 7153777.0 ], [ 3069600.0, 7153772.0 ], [ 3069577.0, 7153764.0 ], [ 3069527.0, 7153749.0 ], [ 3069468.0, 7153729.0 ], [ 3069414.0, 7153710.0 ], [ 3069390.0, 7153701.0 ], [ 3069370.0, 7153690.0 ], [ 3069351.0, 7153678.0 ], [ 3069338.0, 7153666.0 ], [ 3069202.0, 7153526.0 ], [ 3069159.0, 7153482.0 ], [ 3069152.0, 7153473.0 ], [ 3069140.0, 7153459.0 ], [ 3069090.0, 7153402.0 ], [ 3068982.0, 7153277.0 ], [ 3068973.0, 7153268.0 ], [ 3068910.0, 7153197.0 ], [ 3068903.0, 7153202.0 ], [ 3068888.0, 7153214.0 ], [ 3068878.0, 7153202.0 ], [ 3068868.0, 7153194.0 ], [ 3068879.0, 7153185.0 ], [ 3068793.0, 7153095.0 ], [ 3068688.0, 7152984.0 ], [ 3068675.0, 7152981.0 ], [ 3068651.0, 7152987.0 ], [ 3068616.0, 7152988.0 ], [ 3068592.0, 7152993.0 ], [ 3068564.0, 7152999.0 ], [ 3068539.0, 7153002.0 ], [ 3068525.0, 7153007.0 ], [ 3068512.0, 7153008.0 ], [ 3068503.0, 7153001.0 ], [ 3068498.0, 7152992.0 ], [ 3068481.0, 7152976.0 ], [ 3068449.0, 7152963.0 ], [ 3068410.0, 7152947.0 ], [ 3068372.0, 7152934.0 ], [ 3068324.0, 7152927.0 ], [ 3068298.0, 7152947.0 ], [ 3068286.0, 7152959.0 ], [ 3068146.0, 7152775.0 ], [ 3068130.0, 7152789.0 ], [ 3068126.0, 7152786.0 ], [ 3068114.0, 7152782.0 ], [ 3068106.0, 7152783.0 ], [ 3068098.0, 7152785.0 ], [ 3068046.0, 7152825.0 ], [ 3067977.0, 7152871.0 ], [ 3067951.0, 7152886.0 ], [ 3067869.0, 7152929.0 ], [ 3067833.0, 7152948.0 ], [ 3067765.0, 7152982.0 ], [ 3067761.0, 7152984.0 ], [ 3067739.0, 7152988.0 ], [ 3067734.0, 7152990.0 ], [ 3067723.0, 7152993.0 ], [ 3067710.0, 7152999.0 ], [ 3067705.0, 7152989.0 ], [ 3067703.0, 7152985.0 ], [ 3067707.0, 7152981.0 ], [ 3067679.0, 7152921.0 ], [ 3067645.0, 7152847.0 ], [ 3067639.0, 7152835.0 ], [ 3067621.0, 7152796.0 ], [ 3067600.0, 7152753.0 ], [ 3067587.0, 7152726.0 ], [ 3067574.0, 7152702.0 ], [ 3067560.0, 7152673.0 ], [ 3067540.0, 7152644.0 ], [ 3067513.0, 7152600.0 ], [ 3067510.0, 7152595.0 ], [ 3067441.0, 7152487.0 ] ], [ [ 3067441.0, 7152487.0 ], [ 3067429.0, 7152468.0 ], [ 3067424.0, 7152462.0 ] ] ] } },
{ "type": "Feature", "properties": { "closeness_centrality": 0.00010048354594582206, "source": 5409264854, "target": 3799504409, "ordering_closeness_centrality": 30, "length": 504, "length_cumulative": 47822 }, "geometry": { "type": "LineString", "coordinates": [ [ 3065367.0, 7148333.0 ], [ 3065464.0, 7148377.0 ], [ 3065581.0, 7148440.0 ], [ 3065701.0, 7148510.0 ], [ 3065814.0, 7148566.0 ] ] } },
{ "type": "Feature", "properties": { "closeness_centrality": 0.00010035139610005804, "source": 209186417, "target": 12139374773, "ordering_closeness_centrality": 31, "length": 4682, "length_cumulative": 52505 }, "geometry": { "type": "LineString", "coordinates": [ [ 3066847.0, 7147339.0 ], [ 3066857.0, 7147338.0 ], [ 3066866.0, 7147338.0 ], [ 3066888.0, 7147517.0 ], [ 3066954.0, 7147526.0 ], [ 3067005.0, 7147570.0 ], [ 3067018.0, 7147569.0 ], [ 3067027.0, 7147580.0 ], [ 3067027.0, 7147592.0 ], [ 3067011.0, 7147595.0 ], [ 3067073.0, 7147642.0 ], [ 3067075.0, 7147649.0 ], [ 3067105.0, 7147668.0 ], [ 3067132.0, 7147665.0 ], [ 3067141.0, 7147668.0 ], [ 3067185.0, 7147691.0 ], [ 3067223.0, 7147709.0 ], [ 3067262.0, 7147702.0 ], [ 3067290.0, 7147694.0 ], [ 3067335.0, 7147694.0 ], [ 3067379.0, 7147686.0 ], [ 3067554.0, 7147671.0 ], [ 3067566.0, 7147672.0 ], [ 3067565.0, 7147687.0 ], [ 3067580.0, 7147693.0 ], [ 3067632.0, 7147722.0 ], [ 3067676.0, 7147730.0 ], [ 3067715.0, 7147741.0 ], [ 3067833.0, 7147784.0 ], [ 3067852.0, 7147792.0 ], [ 3067955.0, 7147835.0 ], [ 3067965.0, 7147839.0 ], [ 3068013.0, 7147858.0 ], [ 3068032.0, 7147866.0 ], [ 3068033.0, 7147883.0 ], [ 3068034.0, 7147893.0 ], [ 3068044.0, 7147932.0 ], [ 3068060.0, 7147983.0 ], [ 3068087.0, 7148042.0 ], [ 3068109.0, 7148077.0 ], [ 3068107.0, 7148080.0 ], [ 3068110.0, 7148086.0 ], [ 3068107.0, 7148099.0 ], [ 3068103.0, 7148115.0 ], [ 3068118.0, 7148175.0 ], [ 3068122.0, 7148246.0 ], [ 3068124.0, 7148257.0 ], [ 3068141.0, 7148356.0 ], [ 3068123.0, 7148390.0 ], [ 3068112.0, 7148401.0 ], [ 3068134.0, 7148409.0 ], [ 3068160.0, 7148418.0 ], [ 3068180.0, 7148426.0 ], [ 3068220.0, 7148433.0 ], [ 3068227.0, 7148434.0 ], [ 3068219.0, 7148456.0 ], [ 3068352.0, 7148478.0 ], [ 3068381.0, 7148483.0 ], [ 3068377.0, 7148513.0 ], [ 3068398.0, 7148517.0 ], [ 3068483.0, 7148531.0 ], [ 3068600.0, 7148552.0 ], [ 3068660.0, 7148561.0 ], [ 3068709.0, 7148568.0 ], [ 3068726.0, 7148571.0 ], [ 3068688.0, 7148646.0 ], [ 3068659.0, 7148697.0 ], [ 3068595.0, 7148792.0 ], [ 3068574.0, 7148816.0 ], [ 3068524.0, 7148864.0 ], [ 3068510.0, 7148879.0 ], [ 3068500.0, 7148888.0 ], [ 3068504.0, 7148893.0 ], [ 3068507.0, 7148898.0 ], [ 3068417.0, 7148986.0 ], [ 3068407.0, 7148996.0 ], [ 3068421.0, 7149030.0 ], [ 3068437.0, 7149035.0 ], [ 3068424.0, 7149067.0 ], [ 3068430.0, 7149072.0 ], [ 3068430.0, 7149082.0 ], [ 3068428.0, 7149101.0 ], [ 3068443.0, 7149112.0 ], [ 3068433.0, 7149123.0 ], [ 3068426.0, 7149133.0 ], [ 3068406.0, 7149184.0 ], [ 3068461.0, 7149233.0 ], [ 3068486.0, 7149255.0 ], [ 3068524.0, 7149288.0 ], [ 3068532.0, 7149276.0 ], [ 3068551.0, 7149298.0 ], [ 3068598.0, 7149382.0 ], [ 3068602.0, 7149428.0 ], [ 3068613.0, 7149421.0 ], [ 3068616.0, 7149427.0 ], [ 3068621.0, 7149436.0 ], [ 3068651.0, 7149501.0 ], [ 3068653.0, 7149505.0 ], [ 3068654.0, 7149507.0 ], [ 3068661.0, 7149518.0 ], [ 3068670.0, 7149524.0 ], [ 3068686.0, 7149531.0 ], [ 3068685.0, 7149536.0 ], [ 3068686.0, 7149542.0 ], [ 3068744.0, 7149657.0 ], [ 3068730.0, 7149664.0 ], [ 3068719.0, 7149689.0 ], [ 3068733.0, 7149716.0 ], [ 3068760.0, 7149770.0 ], [ 3068773.0, 7149796.0 ], [ 3068776.0, 7149802.0 ], [ 3068785.0, 7149819.0 ], [ 3068787.0, 7149823.0 ], [ 3068789.0, 7149828.0 ], [ 3068792.0, 7149833.0 ], [ 3068798.0, 7149845.0 ], [ 3068809.0, 7149867.0 ], [ 3068850.0, 7149950.0 ], [ 3068857.0, 7149966.0 ], [ 3068932.0, 7150118.0 ] ] } },
{ "type": "Feature", "properties": { "closeness_centrality": 0.00010033260458458682, "source": 11105993081, "target": 7130413712, "ordering_closeness_centrality": 32, "length": 2674, "length_cumulative": 55180 }, "geometry": { "type": "LineString", "coordinates": [ [ 3064232.0, 7152329.0 ], [ 3064279.0, 7152325.0 ], [ 3064286.0, 7152321.0 ], [ 3064357.0, 7152313.0 ], [ 3064357.0, 7152326.0 ], [ 3064401.0, 7152331.0 ], [ 3064402.0, 7152351.0 ], [ 3064405.0, 7152352.0 ], [ 3064411.0, 7152351.0 ], [ 3064414.0, 7152351.0 ], [ 3064428.0, 7152350.0 ], [ 3064440.0, 7152349.0 ], [ 3064444.0, 7152320.0 ], [ 3064453.0, 7152320.0 ], [ 3064458.0, 7152286.0 ], [ 3064479.0, 7152265.0 ], [ 3064584.0, 7152265.0 ], [ 3064590.0, 7152230.0 ], [ 3064626.0, 7152231.0 ], [ 3064627.0, 7152221.0 ], [ 3064636.0, 7152181.0 ], [ 3064715.0, 7152194.0 ], [ 3064721.0, 7152150.0 ], [ 3064779.0, 7152159.0 ], [ 3064781.0, 7152149.0 ], [ 3064844.0, 7152156.0 ], [ 3064843.0, 7152147.0 ], [ 3064947.0, 7152153.0 ], [ 3064953.0, 7152086.0 ], [ 3064975.0, 7152076.0 ], [ 3064976.0, 7152039.0 ], [ 3064985.0, 7152038.0 ], [ 3064994.0, 7152038.0 ], [ 3065002.0, 7151885.0 ], [ 3065002.0, 7151840.0 ], [ 3065002.0, 7151834.0 ], [ 3065003.0, 7151814.0 ], [ 3065005.0, 7151798.0 ], [ 3065006.0, 7151781.0 ], [ 3065006.0, 7151771.0 ], [ 3065016.0, 7151684.0 ], [ 3065017.0, 7151677.0 ], [ 3065043.0, 7151556.0 ], [ 3065046.0, 7151535.0 ], [ 3065067.0, 7151473.0 ], [ 3065083.0, 7151413.0 ], [ 3065104.0, 7151348.0 ], [ 3065112.0, 7151319.0 ], [ 3065128.0, 7151280.0 ], [ 3065152.0, 7151208.0 ], [ 3065191.0, 7151118.0 ], [ 3065207.0, 7151087.0 ], [ 3065215.0, 7151076.0 ], [ 3065259.0, 7151001.0 ], [ 3065261.0, 7150992.0 ], [ 3065258.0, 7150987.0 ], [ 3065257.0, 7150972.0 ], [ 3065259.0, 7150969.0 ], [ 3065262.0, 7150963.0 ], [ 3065268.0, 7150951.0 ], [ 3065272.0, 7150942.0 ], [ 3065274.0, 7150938.0 ], [ 3065278.0, 7150923.0 ], [ 3065320.0, 7150839.0 ], [ 3065352.0, 7150776.0 ], [ 3065401.0, 7150682.0 ], [ 3065403.0, 7150677.0 ], [ 3065404.0, 7150672.0 ], [ 3065404.0, 7150663.0 ], [ 3065403.0, 7150655.0 ], [ 3065412.0, 7150649.0 ], [ 3065411.0, 7150641.0 ], [ 3065404.0, 7150616.0 ], [ 3065400.0, 7150594.0 ], [ 3065452.0, 7150591.0 ] ] } },
{ "type": "Feature", "properties": { "closeness_centrality": 0.00010020792439084616, "source": 8085918549, "target": 7130413712, "ordering_closeness_centrality": 33, "length": 1561, "length_cumulative": 56742 }, "geometry": { "type": "LineString", "coordinates": [ [ 3065754.0, 7152037.0 ], [ 3065728.0, 7152052.0 ], [ 3065713.0, 7152061.0 ], [ 3065708.0, 7152063.0 ], [ 3065668.0, 7152088.0 ], [ 3065662.0, 7152092.0 ], [ 3065656.0, 7152096.0 ], [ 3065642.0, 7152104.0 ], [ 3065619.0, 7152114.0 ], [ 3065608.0, 7152119.0 ], [ 3065611.0, 7152132.0 ], [ 3065590.0, 7152161.0 ], [ 3065586.0, 7152192.0 ], [ 3065580.0, 7152200.0 ], [ 3065592.0, 7152243.0 ], [ 3065581.0, 7152245.0 ], [ 3065584.0, 7152257.0 ], [ 3065310.0, 7152303.0 ], [ 3065269.0, 7152310.0 ], [ 3065086.0, 7152343.0 ], [ 3065046.0, 7152352.0 ], [ 3065021.0, 7152355.0 ], [ 3064971.0, 7152364.0 ], [ 3064768.0, 7152401.0 ], [ 3064589.0, 7152431.0 ], [ 3064586.0, 7152412.0 ], [ 3064553.0, 7152418.0 ], [ 3064553.0, 7152412.0 ], [ 3064491.0, 7152421.0 ], [ 3064477.0, 7152423.0 ], [ 3064476.0, 7152423.0 ], [ 3064475.0, 7152422.0 ], [ 3064473.0, 7152420.0 ], [ 3064467.0, 7152413.0 ], [ 3064456.0, 7152415.0 ], [ 3064448.0, 7152386.0 ], [ 3064440.0, 7152349.0 ] ] } },
{ "type": "Feature", "properties": { "closeness_centrality": 9.9935227046997114e-05, "source": 13200530282, "target": 7130413712, "ordering_closeness_centrality": 34, "length": 381, "length_cumulative": 57124 }, "geometry": { "type": "LineString", "coordinates": [ [ 3065310.0, 7152303.0 ], [ 3065312.0, 7152324.0 ], [ 3065341.0, 7152318.0 ], [ 3065416.0, 7152303.0 ], [ 3065420.0, 7152321.0 ], [ 3065432.0, 7152319.0 ], [ 3065446.0, 7152317.0 ], [ 3065466.0, 7152314.0 ], [ 3065539.0, 7152301.0 ], [ 3065543.0, 7152301.0 ], [ 3065596.0, 7152291.0 ], [ 3065653.0, 7152280.0 ] ] } },
{ "type": "Feature", "properties": { "closeness_centrality": 9.9855956521274254e-05, "source": 2111296544, "target": 275065030, "ordering_closeness_centrality": 35, "length": 3844, "length_cumulative": 60969 }, "geometry": { "type": "MultiLineString", "coordinates": [ [ [ 3069698.0, 7152861.0 ], [ 3069698.0, 7152840.0 ], [ 3069699.0, 7152829.0 ], [ 3069703.0, 7152815.0 ], [ 3069709.0, 7152804.0 ], [ 3069711.0, 7152801.0 ] ], [ [ 3069711.0, 7152801.0 ], [ 3069714.0, 7152795.0 ], [ 3069728.0, 7152777.0 ], [ 3069774.0, 7152719.0 ], [ 3069834.0, 7152645.0 ], [ 3069849.0, 7152626.0 ], [ 3069926.0, 7152529.0 ], [ 3069942.0, 7152509.0 ], [ 3069992.0, 7152448.0 ], [ 3070003.0, 7152434.0 ], [ 3070010.0, 7152424.0 ], [ 3070016.0, 7152418.0 ], [ 3070050.0, 7152374.0 ], [ 3070059.0, 7152363.0 ], [ 3070092.0, 7152321.0 ], [ 3070097.0, 7152315.0 ], [ 3070134.0, 7152268.0 ], [ 3070164.0, 7152230.0 ], [ 3070177.0, 7152214.0 ], [ 3070187.0, 7152202.0 ], [ 3070198.0, 7152189.0 ], [ 3070280.0, 7152083.0 ], [ 3070271.0, 7152074.0 ], [ 3070318.0, 7152017.0 ], [ 3070320.0, 7152014.0 ], [ 3070379.0, 7151937.0 ], [ 3070381.0, 7151930.0 ], [ 3070373.0, 7151923.0 ], [ 3070377.0, 7151915.0 ], [ 3070380.0, 7151910.0 ], [ 3070383.0, 7151903.0 ], [ 3070386.0, 7151896.0 ], [ 3070396.0, 7151876.0 ], [ 3070411.0, 7151846.0 ], [ 3070430.0, 7151811.0 ], [ 3070471.0, 7151734.0 ], [ 3070473.0, 7151730.0 ], [ 3070490.0, 7151698.0 ], [ 3070494.0, 7151691.0 ], [ 3070547.0, 7151595.0 ], [ 3070558.0, 7151575.0 ], [ 3070566.0, 7151559.0 ], [ 3070573.0, 7151546.0 ], [ 3070483.0, 7151466.0 ], [ 3070417.0, 7151409.0 ], [ 3070423.0, 7151397.0 ], [ 3070415.0, 7151375.0 ], [ 3070417.0, 7151316.0 ], [ 3070454.0, 7151246.0 ], [ 3070461.0, 7151142.0 ], [ 3070455.0, 7151118.0 ], [ 3070459.0, 7151097.0 ], [ 3070467.0, 7151080.0 ], [ 3070455.0, 7151074.0 ], [ 3070493.0, 7150999.0 ], [ 3070453.0, 7150911.0 ], [ 3070439.0, 7150890.0 ], [ 3070390.0, 7150830.0 ], [ 3070346.0, 7150717.0 ], [ 3070331.0, 7150676.0 ], [ 3070313.0, 7150629.0 ], [ 3070264.0, 7150607.0 ], [ 3070367.0, 7150477.0 ], [ 3070379.0, 7150467.0 ], [ 3070427.0, 7150418.0 ], [ 3070430.0, 7150415.0 ], [ 3070464.0, 7150379.0 ], [ 3070487.0, 7150338.0 ], [ 3070505.0, 7150298.0 ], [ 3070557.0, 7150149.0 ], [ 3070581.0, 7150084.0 ], [ 3070606.0, 7150009.0 ], [ 3070610.0, 7149991.0 ], [ 3070621.0, 7149963.0 ], [ 3070667.0, 7149830.0 ], [ 3070674.0, 7149811.0 ], [ 3070676.0, 7149806.0 ], [ 3070678.0, 7149801.0 ], [ 3070683.0, 7149790.0 ], [ 3070685.0, 7149787.0 ], [ 3070744.0, 7149676.0 ], [ 3070755.0, 7149670.0 ], [ 3070780.0, 7149683.0 ], [ 3070788.0, 7149673.0 ] ] ] } },
{ "type": "Feature", "properties": { "closeness_centrality": 9.9223981114219227e-05, "source": 455982455, "target": 13200530282, "ordering_closeness_centrality": 36, "length": 1195, "length_cumulative": 62164 }, "geometry": { "type": "MultiLineString", "coordinates": [ [ [ 3067070.0, 7152095.0 ], [ 3067084.0, 7152084.0 ], [ 3067196.0, 7152201.0 ], [ 3067209.0, 7152183.0 ] ], [ [ 3067220.0, 7152194.0 ], [ 3067238.0, 7152210.0 ], [ 3067267.0, 7152238.0 ], [ 3067295.0, 7152263.0 ] ], [ [ 3067389.0, 7152361.0 ], [ 3067406.0, 7152384.0 ], [ 3067429.0, 7152418.0 ], [ 3067453.0, 7152452.0 ], [ 3067471.0, 7152481.0 ] ], [ [ 3067471.0, 7152481.0 ], [ 3067534.0, 7152580.0 ], [ 3067552.0, 7152609.0 ], [ 3067571.0, 7152636.0 ], [ 3067584.0, 7152631.0 ], [ 3067616.0, 7152616.0 ], [ 3067622.0, 7152614.0 ], [ 3067626.0, 7152614.0 ], [ 3067664.0, 7152631.0 ], [ 3067667.0, 7152634.0 ], [ 3067669.0, 7152637.0 ], [ 3067671.0, 7152640.0 ], [ 3067674.0, 7152638.0 ], [ 3067715.0, 7152661.0 ], [ 3067784.0, 7152699.0 ], [ 3067790.0, 7152704.0 ], [ 3067796.0, 7152716.0 ], [ 3067832.0, 7152798.0 ], [ 3067836.0, 7152803.0 ], [ 3067846.0, 7152816.0 ], [ 3067871.0, 7152848.0 ], [ 3067885.0, 7152869.0 ], [ 3067908.0, 7152856.0 ], [ 3067917.0, 7152877.0 ], [ 3067943.0, 7152863.0 ], [ 3067954.0, 7152860.0 ], [ 3067959.0, 7152859.0 ], [ 3067965.0, 7152859.0 ], [ 3067970.0, 7152861.0 ], [ 3067973.0, 7152864.0 ], [ 3067977.0, 7152871.0 ] ] ] } },
{ "type": "Feature", "properties": { "closeness_centrality": 9.9131069891328859e-05, "source": 5409264854, "target": 12139374773, "ordering_closeness_centrality": 37, "length": 2290, "length_cumulative": 64454 }, "geometry": { "type": "LineString", "coordinates": [ [ 3066802.0, 7146969.0 ], [ 3066796.0, 7146984.0 ], [ 3066789.0, 7146995.0 ], [ 3066777.0, 7147009.0 ], [ 3066778.0, 7147020.0 ], [ 3066779.0, 7147041.0 ], [ 3066780.0, 7147052.0 ], [ 3066780.0, 7147062.0 ], [ 3066776.0, 7147073.0 ], [ 3066779.0, 7147115.0 ], [ 3066761.0, 7147148.0 ], [ 3066762.0, 7147156.0 ], [ 3066764.0, 7147180.0 ], [ 3066765.0, 7147186.0 ], [ 3066767.0, 7147199.0 ], [ 3066782.0, 7147297.0 ], [ 3066784.0, 7147314.0 ], [ 3066790.0, 7147356.0 ], [ 3066796.0, 7147405.0 ], [ 3066800.0, 7147438.0 ], [ 3066807.0, 7147491.0 ], [ 3066809.0, 7147506.0 ], [ 3066814.0, 7147546.0 ], [ 3066818.0, 7147580.0 ], [ 3066814.0, 7147581.0 ], [ 3066801.0, 7147583.0 ], [ 3066804.0, 7147607.0 ], [ 3066789.0, 7147631.0 ], [ 3066771.0, 7147662.0 ], [ 3066738.0, 7147667.0 ], [ 3066701.0, 7147694.0 ], [ 3066648.0, 7147732.0 ], [ 3066640.0, 7147738.0 ], [ 3066560.0, 7147795.0 ], [ 3066543.0, 7147807.0 ], [ 3066480.0, 7147856.0 ], [ 3066459.0, 7147873.0 ], [ 3066454.0, 7147877.0 ], [ 3066436.0, 7147891.0 ], [ 3066385.0, 7147932.0 ], [ 3066357.0, 7147957.0 ], [ 3066339.0, 7147972.0 ], [ 3066330.0, 7147978.0 ], [ 3066294.0, 7148008.0 ], [ 3066262.0, 7148034.0 ], [ 3066222.0, 7148048.0 ], [ 3066163.0, 7148104.0 ], [ 3066158.0, 7148105.0 ], [ 3066150.0, 7148107.0 ], [ 3066105.0, 7148147.0 ], [ 3066097.0, 7148151.0 ], [ 3066082.0, 7148160.0 ], [ 3066041.0, 7148196.0 ], [ 3066020.0, 7148215.0 ], [ 3066017.0, 7148217.0 ], [ 3066012.0, 7148222.0 ], [ 3065994.0, 7148240.0 ], [ 3065990.0, 7148244.0 ], [ 3065948.0, 7148285.0 ], [ 3065937.0, 7148300.0 ], [ 3065924.0, 7148319.0 ], [ 3065850.0, 7148373.0 ], [ 3065812.0, 7148402.0 ], [ 3065770.0, 7148399.0 ], [ 3065764.0, 7148397.0 ], [ 3065746.0, 7148387.0 ], [ 3065739.0, 7148400.0 ], [ 3065712.0, 7148447.0 ], [ 3065707.0, 7148456.0 ], [ 3065698.0, 7148469.0 ], [ 3065706.0, 7148472.0 ], [ 3065721.0, 7148480.0 ], [ 3065731.0, 7148495.0 ], [ 3065817.0, 7148544.0 ], [ 3065823.0, 7148547.0 ], [ 3065814.0, 7148566.0 ] ] } },
{ "type": "Feature", "properties": { "closeness_centrality": 9.8699995072631347e-05, "source": 275065030, "target": 455982455, "ordering_closeness_centrality": 38, "length": 1311, "length_cumulative": 65765 }, "geometry": { "type": "LineString", "coordinates": [ [ 3069791.0, 7153036.0 ], [ 3069881.0, 7153145.0 ], [ 3069922.0, 7153194.0 ], [ 3069945.0, 7153222.0 ], [ 3069952.0, 7153231.0 ], [ 3069955.0, 7153237.0 ], [ 3069964.0, 7153248.0 ], [ 3070033.0, 7153360.0 ], [ 3070106.0, 7153480.0 ], [ 3070185.0, 7153612.0 ], [ 3070318.0, 7153846.0 ], [ 3070324.0, 7153858.0 ], [ 3070340.0, 7153886.0 ], [ 3070346.0, 7153893.0 ], [ 3070333.0, 7153908.0 ], [ 3070325.0, 7153918.0 ], [ 3070323.0, 7153920.0 ], [ 3070332.0, 7153929.0 ], [ 3070375.0, 7153975.0 ], [ 3070425.0, 7154032.0 ], [ 3070437.0, 7154045.0 ], [ 3070491.0, 7154108.0 ] ] } },
{ "type": "Feature", "properties": { "closeness_centrality": 9.8101849638444359e-05, "source": 4970895072, "target": 13200530282, "ordering_closeness_centrality": 39, "length": 1871, "length_cumulative": 67637 }, "geometry": { "type": "LineString", "coordinates": [ [ 3065312.0, 7152324.0 ], [ 3065263.0, 7152332.0 ], [ 3065108.0, 7152360.0 ], [ 3065066.0, 7152368.0 ], [ 3065046.0, 7152371.0 ], [ 3065022.0, 7152376.0 ], [ 3064952.0, 7152387.0 ], [ 3064830.0, 7152408.0 ], [ 3064775.0, 7152419.0 ], [ 3064509.0, 7152466.0 ], [ 3064471.0, 7152473.0 ], [ 3064466.0, 7152450.0 ], [ 3064458.0, 7152422.0 ], [ 3064440.0, 7152425.0 ], [ 3064394.0, 7152428.0 ], [ 3064302.0, 7152441.0 ], [ 3064268.0, 7152446.0 ], [ 3064250.0, 7152467.0 ], [ 3064230.0, 7152463.0 ], [ 3064200.0, 7152453.0 ], [ 3064198.0, 7152448.0 ], [ 3064187.0, 7152475.0 ], [ 3064138.0, 7152457.0 ], [ 3064122.0, 7152452.0 ], [ 3064061.0, 7152435.0 ], [ 3063983.0, 7152449.0 ], [ 3063989.0, 7152363.0 ], [ 3063978.0, 7152359.0 ], [ 3063957.0, 7152362.0 ], [ 3063945.0, 7152362.0 ], [ 3063975.0, 7152374.0 ], [ 3063971.0, 7152395.0 ], [ 3063970.0, 7152402.0 ], [ 3063967.0, 7152404.0 ], [ 3063961.0, 7152411.0 ], [ 3063955.0, 7152407.0 ], [ 3063950.0, 7152406.0 ], [ 3063851.0, 7152419.0 ], [ 3063852.0, 7152431.0 ], [ 3063856.0, 7152454.0 ], [ 3063849.0, 7152455.0 ], [ 3063859.0, 7152509.0 ], [ 3063825.0, 7152519.0 ] ] } },
{ "type": "Feature", "properties": { "closeness_centrality": 9.7671611455452616e-05, "source": 2111296544, "target": 9381716282, "ordering_closeness_centrality": 40, "length": 156, "length_cumulative": 67794 }, "geometry": { "type": "LineString", "coordinates": [ [ 3070902.0, 7149552.0 ], [ 3070928.0, 7149523.0 ], [ 3070901.0, 7149500.0 ], [ 3070895.0, 7149494.0 ], [ 3070872.0, 7149425.0 ] ] } },
{ "type": "Feature", "properties": { "closeness_centrality": 9.7243175451049458e-05, "source": 3799504409, "target": 12139374773, "ordering_closeness_centrality": 41, "length": 647, "length_cumulative": 68441 }, "geometry": { "type": "LineString", "coordinates": [ [ 3065146.0, 7148168.0 ], [ 3065275.0, 7148238.0 ], [ 3065278.0, 7148240.0 ], [ 3065283.0, 7148232.0 ], [ 3065285.0, 7148229.0 ], [ 3065287.0, 7148225.0 ], [ 3065563.0, 7148370.0 ], [ 3065668.0, 7148425.0 ], [ 3065690.0, 7148435.0 ], [ 3065712.0, 7148447.0 ] ] } },
{ "type": "Feature", "properties": { "closeness_centrality": 9.6664399910731722e-05, "source": 12139374773, "target": 9381716282, "ordering_closeness_centrality": 42, "length": 2851, "length_cumulative": 71292 }, "geometry": { "type": "LineString", "coordinates": [ [ 3070901.0, 7149373.0 ], [ 3070908.0, 7149359.0 ], [ 3070850.0, 7149329.0 ], [ 3070836.0, 7149322.0 ], [ 3070825.0, 7149313.0 ], [ 3070807.0, 7149305.0 ], [ 3070791.0, 7149304.0 ], [ 3070778.0, 7149296.0 ], [ 3070756.0, 7149282.0 ], [ 3070655.0, 7149225.0 ], [ 3070650.0, 7149220.0 ], [ 3070574.0, 7149166.0 ], [ 3070412.0, 7149056.0 ], [ 3070407.0, 7149047.0 ], [ 3070405.0, 7149038.0 ], [ 3070378.0, 7149012.0 ], [ 3070346.0, 7148934.0 ], [ 3070338.0, 7148916.0 ], [ 3070343.0, 7148908.0 ], [ 3070327.0, 7148902.0 ], [ 3070296.0, 7148890.0 ], [ 3070283.0, 7148897.0 ], [ 3070221.0, 7148918.0 ], [ 3070225.0, 7148896.0 ], [ 3070198.0, 7148905.0 ], [ 3070165.0, 7148910.0 ], [ 3070136.0, 7148912.0 ], [ 3070125.0, 7148913.0 ], [ 3070063.0, 7148916.0 ], [ 3070045.0, 7148915.0 ], [ 3070005.0, 7148909.0 ], [ 3069915.0, 7148886.0 ], [ 3069901.0, 7148882.0 ], [ 3069859.0, 7148866.0 ], [ 3069816.0, 7148846.0 ], [ 3069771.0, 7148827.0 ], [ 3069706.0, 7148819.0 ], [ 3069609.0, 7148806.0 ], [ 3069547.0, 7148798.0 ], [ 3069509.0, 7148793.0 ], [ 3069498.0, 7148791.0 ], [ 3069501.0, 7148768.0 ], [ 3069479.0, 7148763.0 ], [ 3069459.0, 7148759.0 ], [ 3069412.0, 7148745.0 ], [ 3069356.0, 7148724.0 ], [ 3069286.0, 7148699.0 ], [ 3069191.0, 7148669.0 ], [ 3069144.0, 7148658.0 ], [ 3069101.0, 7148650.0 ], [ 3069051.0, 7148640.0 ], [ 3069021.0, 7148631.0 ], [ 3068875.0, 7148585.0 ], [ 3068789.0, 7148559.0 ], [ 3068741.0, 7148544.0 ], [ 3068724.0, 7148539.0 ], [ 3068666.0, 7148529.0 ], [ 3068654.0, 7148527.0 ], [ 3068540.0, 7148508.0 ], [ 3068381.0, 7148483.0 ] ] } },
{ "type": "Feature", "properties": { "closeness_centrality": 9.6657441910767182e-05, "source": 4255064682, "target": 11105993081, "ordering_closeness_centrality": 43, "length": 3158, "length_cumulative": 74450 }, "geometry": { "type": "LineString", "coordinates": [ [ 3065400.0, 7150594.0 ], [ 3065392.0, 7150571.0 ], [ 3065388.0, 7150555.0 ], [ 3065373.0, 7150537.0 ], [ 3065368.0, 7150515.0 ], [ 3065361.0, 7150494.0 ], [ 3065343.0, 7150476.0 ], [ 3065330.0, 7150466.0 ], [ 3065264.0, 7150416.0 ], [ 3065258.0, 7150408.0 ], [ 3065239.0, 7150382.0 ], [ 3065199.0, 7150353.0 ], [ 3065136.0, 7150320.0 ], [ 3065100.0, 7150308.0 ], [ 3065065.0, 7150299.0 ], [ 3065054.0, 7150294.0 ], [ 3065044.0, 7150290.0 ], [ 3065022.0, 7150286.0 ], [ 3064968.0, 7150265.0 ], [ 3064956.0, 7150260.0 ], [ 3064952.0, 7150250.0 ], [ 3064949.0, 7150244.0 ], [ 3064917.0, 7150229.0 ], [ 3064906.0, 7150229.0 ], [ 3064903.0, 7150222.0 ], [ 3064898.0, 7150210.0 ], [ 3064889.0, 7150199.0 ], [ 3064862.0, 7150175.0 ], [ 3064732.0, 7150113.0 ], [ 3064645.0, 7150065.0 ], [ 3064605.0, 7150044.0 ], [ 3064562.0, 7150014.0 ], [ 3064530.0, 7149992.0 ], [ 3064509.0, 7149976.0 ], [ 3064460.0, 7149938.0 ], [ 3064436.0, 7149919.0 ], [ 3064384.0, 7149874.0 ], [ 3064348.0, 7149840.0 ], [ 3064221.0, 7149726.0 ], [ 3064017.0, 7149535.0 ], [ 3063920.0, 7149445.0 ], [ 3063791.0, 7149332.0 ], [ 3063651.0, 7149213.0 ], [ 3063610.0, 7149181.0 ], [ 3063552.0, 7149140.0 ], [ 3063397.0, 7149037.0 ], [ 3063373.0, 7149021.0 ], [ 3063184.0, 7148906.0 ], [ 3063106.0, 7148855.0 ], [ 3062952.0, 7148760.0 ], [ 3062936.0, 7148751.0 ], [ 3062953.0, 7148726.0 ] ] } },
{ "type": "Feature", "properties": { "closeness_centrality": 9.5182314045715293e-05, "source": 4970895072, "target": 7130413712, "ordering_closeness_centrality": 44, "length": 142, "length_cumulative": 74593 }, "geometry": { "type": "LineString", "coordinates": [ [ 3064230.0, 7152463.0 ], [ 3064223.0, 7152449.0 ], [ 3064210.0, 7152381.0 ], [ 3064232.0, 7152329.0 ] ] } },
{ "type": "Feature", "properties": { "closeness_centrality": 9.4130508806085719e-05, "source": 4255064682, "target": 3799504409, "ordering_closeness_centrality": 46, "length": 2859, "length_cumulative": 77452 }, "geometry": { "type": "LineString", "coordinates": [ [ 3062953.0, 7148726.0 ], [ 3063079.0, 7148803.0 ], [ 3063091.0, 7148785.0 ], [ 3063118.0, 7148802.0 ], [ 3063122.0, 7148796.0 ], [ 3063124.0, 7148793.0 ], [ 3063131.0, 7148796.0 ], [ 3063141.0, 7148803.0 ], [ 3063160.0, 7148814.0 ], [ 3063169.0, 7148799.0 ], [ 3063173.0, 7148793.0 ], [ 3063188.0, 7148771.0 ], [ 3063205.0, 7148747.0 ], [ 3063208.0, 7148742.0 ], [ 3063216.0, 7148730.0 ], [ 3063229.0, 7148738.0 ], [ 3063256.0, 7148755.0 ], [ 3063269.0, 7148763.0 ], [ 3063272.0, 7148759.0 ], [ 3063288.0, 7148760.0 ], [ 3063307.0, 7148726.0 ], [ 3063329.0, 7148691.0 ], [ 3063332.0, 7148686.0 ], [ 3063344.0, 7148693.0 ], [ 3063383.0, 7148686.0 ], [ 3063412.0, 7148681.0 ], [ 3063464.0, 7148672.0 ], [ 3063473.0, 7148670.0 ], [ 3063491.0, 7148667.0 ], [ 3063519.0, 7148663.0 ], [ 3063556.0, 7148662.0 ], [ 3063582.0, 7148656.0 ], [ 3063598.0, 7148651.0 ], [ 3063607.0, 7148646.0 ], [ 3063613.0, 7148636.0 ], [ 3063628.0, 7148646.0 ], [ 3063634.0, 7148636.0 ], [ 3063678.0, 7148560.0 ], [ 3063683.0, 7148553.0 ], [ 3063706.0, 7148519.0 ], [ 3063744.0, 7148457.0 ], [ 3063747.0, 7148452.0 ], [ 3063750.0, 7148444.0 ], [ 3063754.0, 7148436.0 ], [ 3063755.0, 7148433.0 ], [ 3063819.0, 7148326.0 ], [ 3063822.0, 7148321.0 ], [ 3063830.0, 7148308.0 ], [ 3063833.0, 7148303.0 ], [ 3063836.0, 7148298.0 ], [ 3063850.0, 7148275.0 ], [ 3063867.0, 7148251.0 ], [ 3063869.0, 7148247.0 ], [ 3063939.0, 7148145.0 ], [ 3063955.0, 7148120.0 ], [ 3063960.0, 7148113.0 ], [ 3063964.0, 7148108.0 ], [ 3063968.0, 7148111.0 ], [ 3064118.0, 7147939.0 ], [ 3064130.0, 7147947.0 ], [ 3064209.0, 7147940.0 ], [ 3064216.0, 7147944.0 ], [ 3064224.0, 7147932.0 ], [ 3064243.0, 7147944.0 ], [ 3064253.0, 7147930.0 ], [ 3064320.0, 7147969.0 ], [ 3064329.0, 7147974.0 ], [ 3064369.0, 7147997.0 ], [ 3064410.0, 7148015.0 ], [ 3064458.0, 7148030.0 ], [ 3064544.0, 7148057.0 ], [ 3064729.0, 7148113.0 ], [ 3064844.0, 7148147.0 ], [ 3064904.0, 7148158.0 ], [ 3064985.0, 7148180.0 ], [ 3065001.0, 7148178.0 ], [ 3065017.0, 7148180.0 ], [ 3065053.0, 7148191.0 ], [ 3065127.0, 7148211.0 ], [ 3065146.0, 7148212.0 ], [ 3065155.0, 7148209.0 ], [ 3065157.0, 7148205.0 ], [ 3065158.0, 7148202.0 ], [ 3065134.0, 7148191.0 ], [ 3065139.0, 7148182.0 ] ] } },
{ "type": "Feature", "properties": { "closeness_centrality": 9.3340528780448407e-05, "source": 4255064682, "target": 7130413712, "ordering_closeness_centrality": 47, "length": 4641, "length_cumulative": 82093 }, "geometry": { "type": "LineString", "coordinates": [ [ 3062936.0, 7148751.0 ], [ 3062902.0, 7148802.0 ], [ 3062889.0, 7148822.0 ], [ 3062850.0, 7148868.0 ], [ 3062799.0, 7148953.0 ], [ 3062809.0, 7148958.0 ], [ 3062807.0, 7148964.0 ], [ 3062804.0, 7148970.0 ], [ 3062799.0, 7148985.0 ], [ 3062799.0, 7148986.0 ], [ 3062790.0, 7149000.0 ], [ 3062767.0, 7149095.0 ], [ 3062744.0, 7149195.0 ], [ 3062745.0, 7149210.0 ], [ 3062746.0, 7149220.0 ], [ 3062823.0, 7149310.0 ], [ 3062832.0, 7149321.0 ], [ 3062892.0, 7149393.0 ], [ 3062934.0, 7149444.0 ], [ 3062937.0, 7149448.0 ], [ 3062945.0, 7149453.0 ], [ 3062937.0, 7149466.0 ], [ 3062931.0, 7149473.0 ], [ 3062925.0, 7149490.0 ], [ 3062918.0, 7149514.0 ], [ 3062916.0, 7149521.0 ], [ 3062902.0, 7149559.0 ], [ 3062900.0, 7149565.0 ], [ 3062877.0, 7149637.0 ], [ 3062852.0, 7149714.0 ], [ 3062852.0, 7149723.0 ], [ 3062851.0, 7149732.0 ], [ 3062851.0, 7149743.0 ], [ 3062850.0, 7149771.0 ], [ 3062849.0, 7149790.0 ], [ 3062849.0, 7149793.0 ], [ 3062849.0, 7149795.0 ], [ 3062824.0, 7149874.0 ], [ 3062813.0, 7149910.0 ], [ 3062812.0, 7149916.0 ], [ 3062811.0, 7149922.0 ], [ 3062811.0, 7149927.0 ], [ 3062811.0, 7149932.0 ], [ 3062812.0, 7149935.0 ], [ 3062814.0, 7149938.0 ], [ 3062817.0, 7149942.0 ], [ 3062820.0, 7149944.0 ], [ 3062824.0, 7149946.0 ], [ 3062817.0, 7149969.0 ], [ 3062943.0, 7150007.0 ], [ 3062939.0, 7150019.0 ], [ 3062933.0, 7150044.0 ], [ 3062963.0, 7150083.0 ], [ 3062973.0, 7150099.0 ], [ 3063019.0, 7150170.0 ], [ 3063019.0, 7150183.0 ], [ 3062998.0, 7150264.0 ], [ 3062994.0, 7150274.0 ], [ 3063018.0, 7150280.0 ], [ 3063038.0, 7150286.0 ], [ 3063070.0, 7150296.0 ], [ 3063068.0, 7150302.0 ], [ 3063069.0, 7150306.0 ], [ 3063071.0, 7150315.0 ], [ 3063088.0, 7150374.0 ], [ 3063096.0, 7150405.0 ], [ 3063100.0, 7150420.0 ], [ 3063105.0, 7150443.0 ], [ 3063107.0, 7150449.0 ], [ 3063123.0, 7150454.0 ], [ 3063147.0, 7150462.0 ], [ 3063152.0, 7150463.0 ], [ 3063163.0, 7150466.0 ], [ 3063180.0, 7150471.0 ], [ 3063188.0, 7150473.0 ], [ 3063191.0, 7150472.0 ], [ 3063193.0, 7150473.0 ], [ 3063207.0, 7150508.0 ], [ 3063211.0, 7150517.0 ], [ 3063213.0, 7150527.0 ], [ 3063210.0, 7150536.0 ], [ 3063206.0, 7150548.0 ], [ 3063190.0, 7150590.0 ], [ 3063184.0, 7150609.0 ], [ 3063210.0, 7150666.0 ], [ 3063222.0, 7150699.0 ], [ 3063235.0, 7150733.0 ], [ 3063255.0, 7150744.0 ], [ 3063282.0, 7150759.0 ], [ 3063279.0, 7150771.0 ], [ 3063299.0, 7150854.0 ], [ 3063294.0, 7150888.0 ], [ 3063293.0, 7150897.0 ], [ 3063293.0, 7150908.0 ], [ 3063292.0, 7150921.0 ], [ 3063291.0, 7150928.0 ], [ 3063287.0, 7150941.0 ], [ 3063284.0, 7150942.0 ], [ 3063282.0, 7150948.0 ], [ 3063281.0, 7150959.0 ], [ 3063275.0, 7150976.0 ], [ 3063265.0, 7151004.0 ], [ 3063262.0, 7151011.0 ], [ 3063257.0, 7151013.0 ], [ 3063255.0, 7151020.0 ], [ 3063213.0, 7151142.0 ], [ 3063204.0, 7151156.0 ], [ 3063198.0, 7151166.0 ], [ 3063196.0, 7151169.0 ], [ 3063190.0, 7151182.0 ], [ 3063183.0, 7151208.0 ], [ 3063181.0, 7151212.0 ], [ 3063177.0, 7151225.0 ], [ 3063176.0, 7151230.0 ], [ 3063175.0, 7151233.0 ], [ 3063174.0, 7151247.0 ], [ 3063172.0, 7151252.0 ], [ 3063141.0, 7151338.0 ], [ 3063135.0, 7151359.0 ], [ 3063129.0, 7151371.0 ], [ 3063149.0, 7151382.0 ], [ 3063238.0, 7151437.0 ], [ 3063309.0, 7151484.0 ], [ 3063323.0, 7151493.0 ], [ 3063371.0, 7151530.0 ], [ 3063411.0, 7151561.0 ], [ 3063422.0, 7151569.0 ], [ 3063464.0, 7151607.0 ], [ 3063476.0, 7151618.0 ], [ 3063487.0, 7151630.0 ], [ 3063544.0, 7151685.0 ], [ 3063616.0, 7151747.0 ], [ 3063634.0, 7151759.0 ], [ 3063649.0, 7151770.0 ], [ 3063675.0, 7151787.0 ], [ 3063701.0, 7151801.0 ], [ 3063719.0, 7151809.0 ], [ 3063795.0, 7151843.0 ], [ 3063815.0, 7151852.0 ], [ 3063936.0, 7151912.0 ], [ 3063966.0, 7151926.0 ], [ 3064018.0, 7151952.0 ], [ 3064038.0, 7151969.0 ], [ 3064061.0, 7151983.0 ], [ 3064058.0, 7151990.0 ], [ 3064070.0, 7151997.0 ], [ 3064073.0, 7152010.0 ], [ 3064075.0, 7152019.0 ], [ 3064071.0, 7152031.0 ], [ 3064002.0, 7152282.0 ], [ 3063997.0, 7152298.0 ], [ 3063989.0, 7152310.0 ], [ 3063991.0, 7152324.0 ], [ 3063989.0, 7152346.0 ], [ 3063989.0, 7152363.0 ] ] } },
{ "type": "Feature", "properties": { "closeness_centrality": 9.1840237978211994e-05, "source": 9955883681, "target": 275065030, "ordering_closeness_centrality": 48, "length": 6705, "length_cumulative": 88799 }, "geometry": { "type": "LineString", "coordinates": [ [ 3075005.0, 7151077.0 ], [ 3075091.0, 7151132.0 ], [ 3075165.0, 7151178.0 ], [ 3075179.0, 7151187.0 ], [ 3075195.0, 7151196.0 ], [ 3075184.0, 7151213.0 ], [ 3075165.0, 7151243.0 ], [ 3075142.0, 7151231.0 ], [ 3075138.0, 7151230.0 ], [ 3075111.0, 7151225.0 ], [ 3075083.0, 7151221.0 ], [ 3075070.0, 7151226.0 ], [ 3075065.0, 7151232.0 ], [ 3075035.0, 7151214.0 ], [ 3075024.0, 7151227.0 ], [ 3075020.0, 7151224.0 ], [ 3074978.0, 7151290.0 ], [ 3074972.0, 7151300.0 ], [ 3074932.0, 7151360.0 ], [ 3074929.0, 7151359.0 ], [ 3074924.0, 7151356.0 ], [ 3074897.0, 7151345.0 ], [ 3074865.0, 7151403.0 ], [ 3074842.0, 7151442.0 ], [ 3074829.0, 7151462.0 ], [ 3074798.0, 7151506.0 ], [ 3074790.0, 7151516.0 ], [ 3074778.0, 7151523.0 ], [ 3074740.0, 7151544.0 ], [ 3074583.0, 7151656.0 ], [ 3074507.0, 7151712.0 ], [ 3074427.0, 7151772.0 ], [ 3074417.0, 7151777.0 ], [ 3074407.0, 7151776.0 ], [ 3074395.0, 7151767.0 ], [ 3074356.0, 7151743.0 ], [ 3074336.0, 7151730.0 ], [ 3074331.0, 7151726.0 ], [ 3074311.0, 7151714.0 ], [ 3074304.0, 7151709.0 ], [ 3074276.0, 7151692.0 ], [ 3074235.0, 7151666.0 ], [ 3074226.0, 7151678.0 ], [ 3074220.0, 7151688.0 ], [ 3074216.0, 7151686.0 ], [ 3074212.0, 7151684.0 ], [ 3074184.0, 7151724.0 ], [ 3074163.0, 7151711.0 ], [ 3074143.0, 7151698.0 ], [ 3074124.0, 7151685.0 ], [ 3074104.0, 7151672.0 ], [ 3074082.0, 7151657.0 ], [ 3074076.0, 7151654.0 ], [ 3074068.0, 7151649.0 ], [ 3074047.0, 7151636.0 ], [ 3074046.0, 7151635.0 ], [ 3074033.0, 7151639.0 ], [ 3074002.0, 7151650.0 ], [ 3073940.0, 7151648.0 ], [ 3073913.0, 7151647.0 ], [ 3073911.0, 7151647.0 ], [ 3073847.0, 7151645.0 ], [ 3073818.0, 7151626.0 ], [ 3073815.0, 7151629.0 ], [ 3073778.0, 7151685.0 ], [ 3073753.0, 7151722.0 ], [ 3073730.0, 7151732.0 ], [ 3073722.0, 7151726.0 ], [ 3073711.0, 7151742.0 ], [ 3073679.0, 7151724.0 ], [ 3073658.0, 7151712.0 ], [ 3073645.0, 7151714.0 ], [ 3073642.0, 7151711.0 ], [ 3073623.0, 7151700.0 ], [ 3073618.0, 7151692.0 ], [ 3073613.0, 7151689.0 ], [ 3073597.0, 7151680.0 ], [ 3073571.0, 7151669.0 ], [ 3073569.0, 7151668.0 ], [ 3073553.0, 7151690.0 ], [ 3073546.0, 7151691.0 ], [ 3073535.0, 7151691.0 ], [ 3073522.0, 7151691.0 ], [ 3073492.0, 7151694.0 ], [ 3073476.0, 7151694.0 ], [ 3073469.0, 7151691.0 ], [ 3073458.0, 7151691.0 ], [ 3073415.0, 7151703.0 ], [ 3073402.0, 7151699.0 ], [ 3073392.0, 7151704.0 ], [ 3073384.0, 7151706.0 ], [ 3073381.0, 7151706.0 ], [ 3073368.0, 7151708.0 ], [ 3073339.0, 7151708.0 ], [ 3073330.0, 7151722.0 ], [ 3073239.0, 7151724.0 ], [ 3073232.0, 7151725.0 ], [ 3073223.0, 7151726.0 ], [ 3073212.0, 7151724.0 ], [ 3073203.0, 7151720.0 ], [ 3073198.0, 7151715.0 ], [ 3073195.0, 7151720.0 ], [ 3073190.0, 7151728.0 ], [ 3073145.0, 7151704.0 ], [ 3073120.0, 7151697.0 ], [ 3073099.0, 7151695.0 ], [ 3073071.0, 7151693.0 ], [ 3072997.0, 7151691.0 ], [ 3072923.0, 7151681.0 ], [ 3072900.0, 7151680.0 ], [ 3072860.0, 7151671.0 ], [ 3072826.0, 7151724.0 ], [ 3072813.0, 7151726.0 ], [ 3072799.0, 7151724.0 ], [ 3072797.0, 7151761.0 ], [ 3072772.0, 7151767.0 ], [ 3072765.0, 7151768.0 ], [ 3072755.0, 7151768.0 ], [ 3072533.0, 7151760.0 ], [ 3072482.0, 7151759.0 ], [ 3072471.0, 7151752.0 ], [ 3072433.0, 7151811.0 ], [ 3072404.0, 7151856.0 ], [ 3072399.0, 7151865.0 ], [ 3072388.0, 7151876.0 ], [ 3072379.0, 7151885.0 ], [ 3072370.0, 7151891.0 ], [ 3072360.0, 7151897.0 ], [ 3072324.0, 7151917.0 ], [ 3072279.0, 7151942.0 ], [ 3072169.0, 7152003.0 ], [ 3072127.0, 7152027.0 ], [ 3072121.0, 7152030.0 ], [ 3072107.0, 7152038.0 ], [ 3072092.0, 7152046.0 ], [ 3072027.0, 7152082.0 ], [ 3071901.0, 7152152.0 ], [ 3071827.0, 7152193.0 ], [ 3071817.0, 7152198.0 ], [ 3071778.0, 7152221.0 ], [ 3071649.0, 7152291.0 ], [ 3071539.0, 7152352.0 ], [ 3071496.0, 7152375.0 ], [ 3071481.0, 7152383.0 ], [ 3071476.0, 7152386.0 ], [ 3071450.0, 7152400.0 ], [ 3071440.0, 7152405.0 ], [ 3071426.0, 7152412.0 ], [ 3071399.0, 7152426.0 ], [ 3071276.0, 7152487.0 ], [ 3071235.0, 7152507.0 ], [ 3071173.0, 7152537.0 ], [ 3071113.0, 7152566.0 ], [ 3071078.0, 7152583.0 ], [ 3071065.0, 7152590.0 ], [ 3071046.0, 7152599.0 ], [ 3071021.0, 7152610.0 ], [ 3070950.0, 7152643.0 ], [ 3070700.0, 7152765.0 ], [ 3070659.0, 7152785.0 ], [ 3070647.0, 7152790.0 ], [ 3070627.0, 7152800.0 ], [ 3070556.0, 7152832.0 ], [ 3070497.0, 7152861.0 ], [ 3070460.0, 7152879.0 ], [ 3070447.0, 7152885.0 ], [ 3070432.0, 7152891.0 ], [ 3070418.0, 7152898.0 ], [ 3070393.0, 7152912.0 ], [ 3070295.0, 7152984.0 ], [ 3070286.0, 7152992.0 ], [ 3070274.0, 7152999.0 ], [ 3070262.0, 7152997.0 ], [ 3070254.0, 7152995.0 ], [ 3070246.0, 7152992.0 ], [ 3070227.0, 7152976.0 ], [ 3070220.0, 7152981.0 ], [ 3070212.0, 7152987.0 ], [ 3070167.0, 7152946.0 ], [ 3070157.0, 7152956.0 ], [ 3070141.0, 7152972.0 ], [ 3070129.0, 7152986.0 ], [ 3070059.0, 7152925.0 ], [ 3070042.0, 7152911.0 ], [ 3069995.0, 7152942.0 ], [ 3069987.0, 7152934.0 ], [ 3069955.0, 7152962.0 ], [ 3069945.0, 7152962.0 ], [ 3069932.0, 7152971.0 ], [ 3069915.0, 7152954.0 ], [ 3069888.0, 7152974.0 ], [ 3069876.0, 7152957.0 ], [ 3069860.0, 7152971.0 ], [ 3069847.0, 7152987.0 ], [ 3069807.0, 7153022.0 ] ] } },
{ "type": "Feature", "properties": { "closeness_centrality": 9.1807524376532671e-05, "source": 455982455, "target": 1588657821, "ordering_closeness_centrality": 49, "length": 2097, "length_cumulative": 90896 }, "geometry": { "type": "LineString", "coordinates": [ [ 3072358.0, 7155404.0 ], [ 3072137.0, 7155314.0 ], [ 3072103.0, 7155297.0 ], [ 3072000.0, 7155230.0 ], [ 3071958.0, 7155202.0 ], [ 3071740.0, 7155058.0 ], [ 3071704.0, 7155035.0 ], [ 3071642.0, 7154992.0 ], [ 3071577.0, 7154947.0 ], [ 3071264.0, 7154730.0 ], [ 3071252.0, 7154721.0 ], [ 3071248.0, 7154718.0 ], [ 3070858.0, 7154454.0 ], [ 3070812.0, 7154422.0 ], [ 3070771.0, 7154391.0 ], [ 3070747.0, 7154365.0 ], [ 3070667.0, 7154277.0 ], [ 3070662.0, 7154281.0 ], [ 3070653.0, 7154289.0 ], [ 3070643.0, 7154279.0 ], [ 3070629.0, 7154262.0 ] ] } },
{ "type": "Feature", "properties": { "closeness_centrality": 9.1806594529317902e-05, "source": 6703659190, "target": 3799504409, "ordering_closeness_centrality": 50, "length": 2257, "length_cumulative": 93153 }, "geometry": { "type": "LineString", "coordinates": [ [ 3064253.0, 7147930.0 ], [ 3064222.0, 7147911.0 ], [ 3064014.0, 7147775.0 ], [ 3063740.0, 7147598.0 ], [ 3063647.0, 7147527.0 ], [ 3063612.0, 7147500.0 ], [ 3063582.0, 7147477.0 ], [ 3063516.0, 7147427.0 ], [ 3063534.0, 7147390.0 ], [ 3063537.0, 7147385.0 ], [ 3063541.0, 7147375.0 ], [ 3063545.0, 7147369.0 ], [ 3063551.0, 7147360.0 ], [ 3063556.0, 7147352.0 ], [ 3063560.0, 7147345.0 ], [ 3063572.0, 7147323.0 ], [ 3063626.0, 7147224.0 ], [ 3063693.0, 7147095.0 ], [ 3063712.0, 7147058.0 ], [ 3063720.0, 7147044.0 ], [ 3063755.0, 7147021.0 ], [ 3063777.0, 7147006.0 ], [ 3063803.0, 7146992.0 ], [ 3063837.0, 7146974.0 ], [ 3063848.0, 7146971.0 ], [ 3063857.0, 7146975.0 ], [ 3063863.0, 7146964.0 ], [ 3063864.0, 7146962.0 ], [ 3063866.0, 7146953.0 ], [ 3063864.0, 7146940.0 ], [ 3063766.0, 7146777.0 ], [ 3063705.0, 7146675.0 ], [ 3063683.0, 7146625.0 ], [ 3063671.0, 7146566.0 ], [ 3063661.0, 7146501.0 ], [ 3063645.0, 7146418.0 ], [ 3063644.0, 7146374.0 ], [ 3063638.0, 7146315.0 ], [ 3063631.0, 7146257.0 ] ] } },
{ "type": "Feature", "properties": { "closeness_centrality": 9.1572459477253063e-05, "source": 12139374773, "target": 9609438175, "ordering_closeness_centrality": 51, "length": 1752, "length_cumulative": 94906 }, "geometry": { "type": "LineString", "coordinates": [ [ 3066793.0, 7146881.0 ], [ 3066792.0, 7146868.0 ], [ 3066771.0, 7146693.0 ], [ 3066765.0, 7146629.0 ], [ 3066752.0, 7146491.0 ], [ 3066749.0, 7146461.0 ], [ 3066747.0, 7146435.0 ], [ 3066740.0, 7146363.0 ], [ 3066728.0, 7146228.0 ], [ 3066719.0, 7146131.0 ], [ 3066711.0, 7146022.0 ], [ 3066702.0, 7145924.0 ], [ 3066700.0, 7145893.0 ], [ 3066697.0, 7145862.0 ], [ 3066694.0, 7145830.0 ], [ 3066687.0, 7145757.0 ], [ 3066658.0, 7145760.0 ], [ 3066650.0, 7145725.0 ], [ 3066643.0, 7145651.0 ], [ 3066638.0, 7145588.0 ], [ 3066637.0, 7145579.0 ], [ 3066635.0, 7145553.0 ], [ 3066624.0, 7145495.0 ], [ 3066622.0, 7145485.0 ], [ 3066616.0, 7145462.0 ], [ 3066613.0, 7145448.0 ], [ 3066612.0, 7145446.0 ], [ 3066606.0, 7145420.0 ], [ 3066596.0, 7145393.0 ], [ 3066581.0, 7145361.0 ], [ 3066573.0, 7145346.0 ], [ 3066570.0, 7145339.0 ], [ 3066560.0, 7145319.0 ], [ 3066555.0, 7145309.0 ], [ 3066552.0, 7145303.0 ], [ 3066545.0, 7145291.0 ], [ 3066541.0, 7145283.0 ], [ 3066533.0, 7145268.0 ], [ 3066497.0, 7145196.0 ] ] } },
{ "type": "Feature", "properties": { "closeness_centrality": 9.1507151371895653e-05, "source": 4255064682, "target": 4970895072, "ordering_closeness_centrality": 52, "length": 1449, "length_cumulative": 96356 }, "geometry": { "type": "LineString", "coordinates": [ [ 3063309.0, 7151484.0 ], [ 3063302.0, 7151504.0 ], [ 3063309.0, 7151509.0 ], [ 3063325.0, 7151520.0 ], [ 3063360.0, 7151547.0 ], [ 3063388.0, 7151567.0 ], [ 3063416.0, 7151588.0 ], [ 3063461.0, 7151628.0 ], [ 3063475.0, 7151642.0 ], [ 3063522.0, 7151690.0 ], [ 3063559.0, 7151723.0 ], [ 3063617.0, 7151769.0 ], [ 3063626.0, 7151775.0 ], [ 3063652.0, 7151804.0 ], [ 3063665.0, 7151809.0 ], [ 3063647.0, 7151854.0 ], [ 3063629.0, 7151904.0 ], [ 3063642.0, 7151908.0 ], [ 3063633.0, 7151919.0 ], [ 3063626.0, 7151941.0 ], [ 3063622.0, 7151964.0 ], [ 3063621.0, 7151989.0 ], [ 3063628.0, 7152035.0 ], [ 3063629.0, 7152039.0 ], [ 3063634.0, 7152066.0 ], [ 3063641.0, 7152084.0 ], [ 3063644.0, 7152095.0 ], [ 3063647.0, 7152119.0 ], [ 3063681.0, 7152311.0 ], [ 3063686.0, 7152341.0 ], [ 3063688.0, 7152341.0 ], [ 3063708.0, 7152340.0 ], [ 3063846.0, 7152338.0 ], [ 3063857.0, 7152341.0 ], [ 3063859.0, 7152353.0 ], [ 3063854.0, 7152367.0 ], [ 3063792.0, 7152378.0 ], [ 3063795.0, 7152393.0 ], [ 3063796.0, 7152398.0 ], [ 3063799.0, 7152415.0 ], [ 3063845.0, 7152408.0 ], [ 3063844.0, 7152419.0 ], [ 3063845.0, 7152425.0 ], [ 3063845.0, 7152432.0 ], [ 3063849.0, 7152455.0 ] ] } },
{ "type": "Feature", "properties": { "closeness_centrality": 9.0454118474824703e-05, "source": 6703659190, "target": 12139374773, "ordering_closeness_centrality": 53, "length": 3669, "length_cumulative": 100026 }, "geometry": { "type": "LineString", "coordinates": [ [ 3066793.0, 7146881.0 ], [ 3066771.0, 7146884.0 ], [ 3066783.0, 7146987.0 ], [ 3066776.0, 7146994.0 ], [ 3066771.0, 7146995.0 ], [ 3066765.0, 7146995.0 ], [ 3066650.0, 7147007.0 ], [ 3066634.0, 7147011.0 ], [ 3066612.0, 7147017.0 ], [ 3066537.0, 7147025.0 ], [ 3066462.0, 7147030.0 ], [ 3066442.0, 7147032.0 ], [ 3066408.0, 7147035.0 ], [ 3066359.0, 7147038.0 ], [ 3066323.0, 7147041.0 ], [ 3066288.0, 7147043.0 ], [ 3066246.0, 7147046.0 ], [ 3066201.0, 7147050.0 ], [ 3066194.0, 7147051.0 ], [ 3066165.0, 7147053.0 ], [ 3066125.0, 7147056.0 ], [ 3066101.0, 7147052.0 ], [ 3066078.0, 7147053.0 ], [ 3066065.0, 7147054.0 ], [ 3066007.0, 7147065.0 ], [ 3065788.0, 7147099.0 ], [ 3065786.0, 7147087.0 ], [ 3065762.0, 7147091.0 ], [ 3065716.0, 7147097.0 ], [ 3065592.0, 7147119.0 ], [ 3065585.0, 7147120.0 ], [ 3065570.0, 7147122.0 ], [ 3065567.0, 7147108.0 ], [ 3065519.0, 7147114.0 ], [ 3065493.0, 7147119.0 ], [ 3065386.0, 7147136.0 ], [ 3065293.0, 7147062.0 ], [ 3065269.0, 7147051.0 ], [ 3065215.0, 7147032.0 ], [ 3065181.0, 7147028.0 ], [ 3065176.0, 7147027.0 ], [ 3065162.0, 7146990.0 ], [ 3065127.0, 7146996.0 ], [ 3065115.0, 7146998.0 ], [ 3065114.0, 7147011.0 ], [ 3065021.0, 7147027.0 ], [ 3065007.0, 7147009.0 ], [ 3064992.0, 7147019.0 ], [ 3064983.0, 7147025.0 ], [ 3064872.0, 7146884.0 ], [ 3064864.0, 7146890.0 ], [ 3064822.0, 7146920.0 ], [ 3064814.0, 7146906.0 ], [ 3064758.0, 7146836.0 ], [ 3064751.0, 7146827.0 ], [ 3064712.0, 7146857.0 ], [ 3064654.0, 7146901.0 ], [ 3064623.0, 7146924.0 ], [ 3064605.0, 7146896.0 ], [ 3064598.0, 7146900.0 ], [ 3064594.0, 7146903.0 ], [ 3064589.0, 7146895.0 ], [ 3064586.0, 7146897.0 ], [ 3064581.0, 7146900.0 ], [ 3064577.0, 7146894.0 ], [ 3064360.0, 7147022.0 ], [ 3064341.0, 7147034.0 ], [ 3064334.0, 7147022.0 ], [ 3064338.0, 7147020.0 ], [ 3064334.0, 7147014.0 ], [ 3064326.0, 7147018.0 ], [ 3064339.0, 7147040.0 ], [ 3064287.0, 7147070.0 ], [ 3064256.0, 7147088.0 ], [ 3064245.0, 7147095.0 ], [ 3064241.0, 7147089.0 ], [ 3064236.0, 7147083.0 ], [ 3064233.0, 7147075.0 ], [ 3064229.0, 7147068.0 ], [ 3064223.0, 7147062.0 ], [ 3064207.0, 7147053.0 ], [ 3064196.0, 7147047.0 ], [ 3064185.0, 7147038.0 ], [ 3064167.0, 7147021.0 ], [ 3064132.0, 7146979.0 ], [ 3064128.0, 7146974.0 ], [ 3064104.0, 7146945.0 ], [ 3064093.0, 7146936.0 ], [ 3064065.0, 7146931.0 ], [ 3064044.0, 7146927.0 ], [ 3064016.0, 7146945.0 ], [ 3064034.0, 7146982.0 ], [ 3063914.0, 7147051.0 ], [ 3063904.0, 7147031.0 ], [ 3063898.0, 7147035.0 ], [ 3063864.0, 7146979.0 ], [ 3063857.0, 7146975.0 ] ] } },
{ "type": "Feature", "properties": { "closeness_centrality": 8.9889403942935815e-05, "source": 2111296544, "target": 9955883681, "ordering_closeness_centrality": 54, "length": 4788, "length_cumulative": 104814 }, "geometry": { "type": "LineString", "coordinates": [ [ 3070895.0, 7149494.0 ], [ 3070900.0, 7149490.0 ], [ 3070929.0, 7149474.0 ], [ 3070959.0, 7149487.0 ], [ 3070959.0, 7149472.0 ], [ 3070968.0, 7149463.0 ], [ 3070999.0, 7149428.0 ], [ 3071010.0, 7149393.0 ], [ 3071018.0, 7149396.0 ], [ 3071115.0, 7149427.0 ], [ 3071171.0, 7149446.0 ], [ 3071212.0, 7149459.0 ], [ 3071295.0, 7149486.0 ], [ 3071304.0, 7149488.0 ], [ 3071311.0, 7149495.0 ], [ 3071317.0, 7149497.0 ], [ 3071325.0, 7149499.0 ], [ 3071327.0, 7149505.0 ], [ 3071443.0, 7149541.0 ], [ 3071572.0, 7149575.0 ], [ 3071585.0, 7149578.0 ], [ 3071634.0, 7149590.0 ], [ 3071976.0, 7149693.0 ], [ 3071983.0, 7149695.0 ], [ 3072041.0, 7149710.0 ], [ 3072117.0, 7149737.0 ], [ 3072124.0, 7149739.0 ], [ 3072134.0, 7149742.0 ], [ 3072185.0, 7149749.0 ], [ 3072255.0, 7149789.0 ], [ 3072286.0, 7149793.0 ], [ 3072392.0, 7149792.0 ], [ 3072429.0, 7149792.0 ], [ 3072442.0, 7149792.0 ], [ 3072454.0, 7149792.0 ], [ 3072466.0, 7149791.0 ], [ 3072494.0, 7149779.0 ], [ 3072522.0, 7149773.0 ], [ 3072577.0, 7149773.0 ], [ 3072593.0, 7149775.0 ], [ 3072630.0, 7149798.0 ], [ 3072642.0, 7149814.0 ], [ 3072649.0, 7149817.0 ], [ 3072661.0, 7149821.0 ], [ 3072876.0, 7149811.0 ], [ 3072920.0, 7149802.0 ], [ 3072932.0, 7149786.0 ], [ 3072982.0, 7149777.0 ], [ 3073099.0, 7149770.0 ], [ 3073193.0, 7149764.0 ], [ 3073258.0, 7149763.0 ], [ 3073310.0, 7149765.0 ], [ 3073354.0, 7149771.0 ], [ 3073374.0, 7149770.0 ], [ 3073394.0, 7149778.0 ], [ 3073404.0, 7149786.0 ], [ 3073451.0, 7149807.0 ], [ 3073485.0, 7149822.0 ], [ 3073496.0, 7149823.0 ], [ 3073516.0, 7149832.0 ], [ 3073517.0, 7149845.0 ], [ 3073522.0, 7149850.0 ], [ 3073524.0, 7149858.0 ], [ 3073578.0, 7149895.0 ], [ 3073594.0, 7149918.0 ], [ 3073601.0, 7149925.0 ], [ 3073664.0, 7149973.0 ], [ 3073679.0, 7149994.0 ], [ 3073759.0, 7150048.0 ], [ 3073925.0, 7150196.0 ], [ 3073968.0, 7150211.0 ], [ 3073999.0, 7150214.0 ], [ 3074004.0, 7150228.0 ], [ 3074042.0, 7150267.0 ], [ 3074161.0, 7150377.0 ], [ 3074226.0, 7150436.0 ], [ 3074281.0, 7150487.0 ], [ 3074385.0, 7150583.0 ], [ 3074471.0, 7150661.0 ], [ 3074541.0, 7150725.0 ], [ 3074557.0, 7150739.0 ], [ 3074615.0, 7150785.0 ], [ 3074716.0, 7150855.0 ], [ 3074729.0, 7150865.0 ], [ 3074732.0, 7150868.0 ], [ 3074753.0, 7150881.0 ], [ 3074765.0, 7150889.0 ], [ 3074806.0, 7150915.0 ], [ 3074875.0, 7150961.0 ], [ 3075012.0, 7151051.0 ], [ 3075014.0, 7151053.0 ], [ 3075003.0, 7151071.0 ], [ 3075007.0, 7151074.0 ], [ 3075006.0, 7151075.0 ], [ 3075005.0, 7151077.0 ] ] } },
{ "type": "Feature", "properties": { "closeness_centrality": 8.9732580712076571e-05, "source": 2111296544, "target": 566211411, "ordering_closeness_centrality": 55, "length": 3403, "length_cumulative": 108217 }, "geometry": { "type": "LineString", "coordinates": [ [ 3071304.0, 7149488.0 ], [ 3071307.0, 7149478.0 ], [ 3071323.0, 7149483.0 ], [ 3071361.0, 7149494.0 ], [ 3071590.0, 7149562.0 ], [ 3071601.0, 7149565.0 ], [ 3071602.0, 7149558.0 ], [ 3071620.0, 7149564.0 ], [ 3071819.0, 7149628.0 ], [ 3072030.0, 7149692.0 ], [ 3072118.0, 7149712.0 ], [ 3072128.0, 7149709.0 ], [ 3072154.0, 7149702.0 ], [ 3072169.0, 7149700.0 ], [ 3072259.0, 7149705.0 ], [ 3072275.0, 7149708.0 ], [ 3072334.0, 7149721.0 ], [ 3072372.0, 7149725.0 ], [ 3072410.0, 7149726.0 ], [ 3072407.0, 7149706.0 ], [ 3072421.0, 7149726.0 ], [ 3072442.0, 7149736.0 ], [ 3072462.0, 7149735.0 ], [ 3072484.0, 7149727.0 ], [ 3072504.0, 7149708.0 ], [ 3072510.0, 7149693.0 ], [ 3072510.0, 7149679.0 ], [ 3072521.0, 7149667.0 ], [ 3072540.0, 7149662.0 ], [ 3072563.0, 7149668.0 ], [ 3072575.0, 7149677.0 ], [ 3072593.0, 7149681.0 ], [ 3072608.0, 7149697.0 ], [ 3072617.0, 7149705.0 ], [ 3072647.0, 7149713.0 ], [ 3072676.0, 7149712.0 ], [ 3072892.0, 7149699.0 ], [ 3072905.0, 7149698.0 ], [ 3072925.0, 7149695.0 ], [ 3073178.0, 7149680.0 ], [ 3073269.0, 7149675.0 ], [ 3073669.0, 7149664.0 ], [ 3073686.0, 7149668.0 ], [ 3073740.0, 7149663.0 ], [ 3073750.0, 7149663.0 ], [ 3073768.0, 7149661.0 ], [ 3073779.0, 7149661.0 ], [ 3073781.0, 7149664.0 ], [ 3073792.0, 7149673.0 ], [ 3073908.0, 7149512.0 ], [ 3073912.0, 7149507.0 ], [ 3073919.0, 7149512.0 ], [ 3073922.0, 7149514.0 ], [ 3073931.0, 7149520.0 ], [ 3073948.0, 7149531.0 ], [ 3073951.0, 7149527.0 ], [ 3073962.0, 7149512.0 ], [ 3073987.0, 7149475.0 ], [ 3074002.0, 7149454.0 ], [ 3074010.0, 7149456.0 ], [ 3074015.0, 7149446.0 ], [ 3074021.0, 7149438.0 ], [ 3074039.0, 7149414.0 ], [ 3074052.0, 7149394.0 ], [ 3074124.0, 7149292.0 ], [ 3074136.0, 7149299.0 ], [ 3074141.0, 7149291.0 ], [ 3074153.0, 7149274.0 ], [ 3074161.0, 7149263.0 ], [ 3074131.0, 7149240.0 ], [ 3074124.0, 7149251.0 ], [ 3074114.0, 7149266.0 ], [ 3074096.0, 7149289.0 ], [ 3074076.0, 7149315.0 ], [ 3074059.0, 7149337.0 ] ] } },
{ "type": "Feature", "properties": { "closeness_centrality": 8.9499069681531126e-05, "source": 566211411, "target": 9381716282, "ordering_closeness_centrality": 56, "length": 108, "length_cumulative": 108325 }, "geometry": { "type": "LineString", "coordinates": [ [ 3070908.0, 7149359.0 ], [ 3070926.0, 7149369.0 ], [ 3070938.0, 7149373.0 ], [ 3070954.0, 7149377.0 ], [ 3070964.0, 7149378.0 ], [ 3071010.0, 7149393.0 ] ] } },
{ "type": "Feature", "properties": { "closeness_centrality": 8.9214202543018493e-05, "source": 9381716282, "target": 4241022804, "ordering_closeness_centrality": 57, "length": 6818, "length_cumulative": 115144 }, "geometry": { "type": "LineString", "coordinates": [ [ 3068046.0, 7144681.0 ], [ 3068070.0, 7144678.0 ], [ 3068071.0, 7144678.0 ], [ 3068073.0, 7144677.0 ], [ 3068077.0, 7144675.0 ], [ 3068088.0, 7144673.0 ], [ 3068097.0, 7144726.0 ], [ 3068103.0, 7144737.0 ], [ 3068211.0, 7144750.0 ], [ 3068231.0, 7144752.0 ], [ 3068326.0, 7144765.0 ], [ 3068324.0, 7144778.0 ], [ 3068340.0, 7144781.0 ], [ 3068347.0, 7144782.0 ], [ 3068356.0, 7144784.0 ], [ 3068508.0, 7144805.0 ], [ 3068520.0, 7144821.0 ], [ 3068534.0, 7144840.0 ], [ 3068546.0, 7144853.0 ], [ 3068548.0, 7144856.0 ], [ 3068563.0, 7144876.0 ], [ 3068591.0, 7144916.0 ], [ 3068594.0, 7144919.0 ], [ 3068618.0, 7144947.0 ], [ 3068615.0, 7144976.0 ], [ 3068616.0, 7144985.0 ], [ 3068625.0, 7144989.0 ], [ 3068645.0, 7144992.0 ], [ 3068640.0, 7145021.0 ], [ 3068649.0, 7145033.0 ], [ 3068683.0, 7145079.0 ], [ 3068686.0, 7145082.0 ], [ 3068679.0, 7145148.0 ], [ 3068675.0, 7145185.0 ], [ 3068689.0, 7145187.0 ], [ 3068704.0, 7145188.0 ], [ 3068702.0, 7145199.0 ], [ 3068728.0, 7145202.0 ], [ 3068758.0, 7145206.0 ], [ 3068766.0, 7145207.0 ], [ 3068773.0, 7145208.0 ], [ 3068898.0, 7145224.0 ], [ 3069002.0, 7145238.0 ], [ 3069018.0, 7145234.0 ], [ 3069040.0, 7145236.0 ], [ 3069069.0, 7145240.0 ], [ 3069095.0, 7145243.0 ], [ 3069092.0, 7145257.0 ], [ 3069123.0, 7145261.0 ], [ 3069114.0, 7145335.0 ], [ 3069110.0, 7145376.0 ], [ 3069108.0, 7145407.0 ], [ 3069106.0, 7145460.0 ], [ 3069104.0, 7145546.0 ], [ 3069124.0, 7145613.0 ], [ 3069139.0, 7145653.0 ], [ 3069173.0, 7145727.0 ], [ 3069202.0, 7145790.0 ], [ 3069218.0, 7145828.0 ], [ 3069233.0, 7145862.0 ], [ 3069241.0, 7145889.0 ], [ 3069255.0, 7145894.0 ], [ 3069260.0, 7145895.0 ], [ 3069266.0, 7145916.0 ], [ 3069267.0, 7145920.0 ], [ 3069280.0, 7145971.0 ], [ 3069282.0, 7145985.0 ], [ 3069324.0, 7145999.0 ], [ 3069348.0, 7146006.0 ], [ 3069399.0, 7146040.0 ], [ 3069411.0, 7146053.0 ], [ 3069456.0, 7146063.0 ], [ 3069472.0, 7146067.0 ], [ 3069492.0, 7146071.0 ], [ 3069544.0, 7146086.0 ], [ 3069597.0, 7146096.0 ], [ 3069668.0, 7146110.0 ], [ 3069675.0, 7146112.0 ], [ 3069688.0, 7146115.0 ], [ 3069703.0, 7146118.0 ], [ 3069759.0, 7146129.0 ], [ 3069786.0, 7146137.0 ], [ 3069817.0, 7146145.0 ], [ 3069815.0, 7146157.0 ], [ 3069923.0, 7146172.0 ], [ 3069944.0, 7146175.0 ], [ 3070099.0, 7146198.0 ], [ 3070104.0, 7146204.0 ], [ 3070107.0, 7146210.0 ], [ 3070109.0, 7146216.0 ], [ 3070109.0, 7146223.0 ], [ 3070106.0, 7146241.0 ], [ 3070115.0, 7146242.0 ], [ 3070153.0, 7146269.0 ], [ 3070211.0, 7146307.0 ], [ 3070219.0, 7146314.0 ], [ 3070222.0, 7146353.0 ], [ 3070226.0, 7146394.0 ], [ 3070233.0, 7146438.0 ], [ 3070240.0, 7146462.0 ], [ 3070247.0, 7146484.0 ], [ 3070254.0, 7146501.0 ], [ 3070282.0, 7146531.0 ], [ 3070300.0, 7146563.0 ], [ 3070304.0, 7146575.0 ], [ 3070308.0, 7146587.0 ], [ 3070322.0, 7146649.0 ], [ 3070340.0, 7146652.0 ], [ 3070388.0, 7146658.0 ], [ 3070411.0, 7146655.0 ], [ 3070413.0, 7146659.0 ], [ 3070424.0, 7146674.0 ], [ 3070427.0, 7146679.0 ], [ 3070473.0, 7146745.0 ], [ 3070480.0, 7146756.0 ], [ 3070481.0, 7146768.0 ], [ 3070480.0, 7146772.0 ], [ 3070481.0, 7146780.0 ], [ 3070485.0, 7146797.0 ], [ 3070487.0, 7146811.0 ], [ 3070484.0, 7146836.0 ], [ 3070485.0, 7146852.0 ], [ 3070489.0, 7146864.0 ], [ 3070496.0, 7146885.0 ], [ 3070497.0, 7146892.0 ], [ 3070498.0, 7146898.0 ], [ 3070503.0, 7146911.0 ], [ 3070526.0, 7146947.0 ], [ 3070558.0, 7147005.0 ], [ 3070571.0, 7147022.0 ], [ 3070563.0, 7147039.0 ], [ 3070541.0, 7147092.0 ], [ 3070516.0, 7147152.0 ], [ 3070496.0, 7147205.0 ], [ 3070471.0, 7147259.0 ], [ 3070492.0, 7147269.0 ], [ 3070506.0, 7147275.0 ], [ 3070514.0, 7147280.0 ], [ 3070558.0, 7147266.0 ], [ 3070565.0, 7147278.0 ], [ 3070571.0, 7147292.0 ], [ 3070597.0, 7147348.0 ], [ 3070610.0, 7147388.0 ], [ 3070611.0, 7147394.0 ], [ 3070611.0, 7147412.0 ], [ 3070604.0, 7147430.0 ], [ 3070601.0, 7147437.0 ], [ 3070616.0, 7147473.0 ], [ 3070620.0, 7147484.0 ], [ 3070628.0, 7147503.0 ], [ 3070635.0, 7147520.0 ], [ 3070648.0, 7147554.0 ], [ 3070652.0, 7147563.0 ], [ 3070668.0, 7147604.0 ], [ 3070697.0, 7147677.0 ], [ 3070704.0, 7147695.0 ], [ 3070737.0, 7147778.0 ], [ 3070740.0, 7147786.0 ], [ 3070743.0, 7147794.0 ], [ 3070765.0, 7147848.0 ], [ 3070783.0, 7147890.0 ], [ 3070787.0, 7147902.0 ], [ 3070808.0, 7147951.0 ], [ 3070888.0, 7148118.0 ], [ 3070901.0, 7148147.0 ], [ 3070996.0, 7148336.0 ], [ 3071003.0, 7148350.0 ], [ 3071005.0, 7148356.0 ], [ 3070986.0, 7148366.0 ], [ 3070996.0, 7148390.0 ], [ 3071004.0, 7148407.0 ], [ 3071014.0, 7148429.0 ], [ 3071023.0, 7148451.0 ], [ 3071028.0, 7148460.0 ], [ 3071064.0, 7148536.0 ], [ 3071068.0, 7148543.0 ], [ 3071070.0, 7148547.0 ], [ 3071078.0, 7148565.0 ], [ 3071087.0, 7148583.0 ], [ 3071089.0, 7148586.0 ], [ 3071095.0, 7148599.0 ], [ 3071116.0, 7148639.0 ], [ 3071139.0, 7148684.0 ], [ 3071148.0, 7148702.0 ], [ 3071154.0, 7148714.0 ], [ 3071179.0, 7148764.0 ], [ 3071187.0, 7148788.0 ], [ 3071185.0, 7148793.0 ], [ 3071180.0, 7148805.0 ], [ 3071176.0, 7148815.0 ], [ 3071121.0, 7148935.0 ], [ 3071116.0, 7148945.0 ], [ 3071098.0, 7148983.0 ], [ 3071059.0, 7149065.0 ], [ 3071008.0, 7149170.0 ], [ 3070958.0, 7149272.0 ], [ 3070925.0, 7149338.0 ], [ 3070919.0, 7149335.0 ], [ 3070913.0, 7149347.0 ], [ 3070908.0, 7149359.0 ] ] } },
{ "type": "Feature", "properties": { "closeness_centrality": 8.8733442494292908e-05, "source": 9955883681, "target": 455982455, "ordering_closeness_centrality": 58, "length": 6260, "length_cumulative": 121404 }, "geometry": { "type": "MultiLineString", "coordinates": [ [ [ 3074790.0, 7151516.0 ], [ 3074779.0, 7151535.0 ], [ 3074774.0, 7151544.0 ], [ 3074771.0, 7151546.0 ], [ 3074751.0, 7151560.0 ], [ 3074715.0, 7151586.0 ], [ 3074597.0, 7151671.0 ], [ 3074578.0, 7151685.0 ], [ 3074555.0, 7151701.0 ], [ 3074528.0, 7151719.0 ], [ 3074519.0, 7151725.0 ], [ 3074500.0, 7151739.0 ], [ 3074446.0, 7151779.0 ], [ 3074437.0, 7151784.0 ], [ 3074422.0, 7151795.0 ], [ 3074411.0, 7151803.0 ], [ 3074394.0, 7151817.0 ], [ 3074387.0, 7151822.0 ], [ 3074365.0, 7151840.0 ], [ 3074362.0, 7151842.0 ], [ 3074362.0, 7151843.0 ], [ 3074242.0, 7151933.0 ], [ 3074233.0, 7151940.0 ], [ 3074188.0, 7151977.0 ], [ 3074138.0, 7152018.0 ], [ 3074096.0, 7152052.0 ], [ 3074092.0, 7152056.0 ], [ 3074030.0, 7152104.0 ], [ 3073992.0, 7152132.0 ], [ 3073991.0, 7152133.0 ], [ 3073994.0, 7152140.0 ], [ 3073988.0, 7152150.0 ], [ 3073984.0, 7152155.0 ], [ 3073977.0, 7152178.0 ], [ 3073970.0, 7152197.0 ], [ 3073969.0, 7152203.0 ], [ 3073967.0, 7152253.0 ], [ 3073949.0, 7152252.0 ], [ 3073946.0, 7152290.0 ], [ 3073954.0, 7152307.0 ], [ 3074006.0, 7152428.0 ], [ 3074014.0, 7152449.0 ], [ 3073972.0, 7152467.0 ], [ 3073978.0, 7152475.0 ], [ 3073990.0, 7152490.0 ], [ 3073994.0, 7152497.0 ], [ 3073996.0, 7152505.0 ], [ 3073997.0, 7152518.0 ], [ 3073993.0, 7152530.0 ], [ 3073981.0, 7152547.0 ], [ 3073973.0, 7152553.0 ], [ 3073962.0, 7152557.0 ], [ 3073955.0, 7152558.0 ], [ 3073944.0, 7152558.0 ], [ 3073926.0, 7152554.0 ], [ 3073871.0, 7152540.0 ], [ 3073859.0, 7152555.0 ], [ 3073851.0, 7152563.0 ], [ 3073842.0, 7152571.0 ], [ 3073831.0, 7152582.0 ], [ 3073808.0, 7152561.0 ], [ 3073796.0, 7152550.0 ], [ 3073784.0, 7152562.0 ], [ 3073756.0, 7152596.0 ], [ 3073716.0, 7152629.0 ], [ 3073672.0, 7152637.0 ], [ 3073655.0, 7152618.0 ], [ 3073557.0, 7152507.0 ], [ 3073551.0, 7152503.0 ], [ 3073505.0, 7152507.0 ], [ 3073498.0, 7152513.0 ], [ 3073485.0, 7152524.0 ], [ 3073441.0, 7152571.0 ], [ 3073433.0, 7152585.0 ], [ 3073415.0, 7152600.0 ], [ 3073337.0, 7152667.0 ], [ 3073335.0, 7152669.0 ], [ 3073309.0, 7152692.0 ], [ 3073237.0, 7152758.0 ], [ 3073167.0, 7152827.0 ], [ 3073155.0, 7152838.0 ], [ 3073146.0, 7152854.0 ], [ 3073097.0, 7152917.0 ], [ 3073070.0, 7152959.0 ], [ 3073035.0, 7153012.0 ], [ 3073022.0, 7153003.0 ], [ 3072968.0, 7153084.0 ], [ 3072892.0, 7153192.0 ], [ 3072869.0, 7153223.0 ], [ 3072802.0, 7153319.0 ], [ 3072682.0, 7153464.0 ], [ 3072639.0, 7153524.0 ], [ 3072501.0, 7153726.0 ], [ 3072485.0, 7153749.0 ], [ 3072461.0, 7153731.0 ], [ 3072425.0, 7153722.0 ], [ 3072385.0, 7153692.0 ], [ 3072381.0, 7153697.0 ], [ 3072352.0, 7153676.0 ], [ 3072200.0, 7153563.0 ], [ 3072154.0, 7153530.0 ], [ 3072139.0, 7153518.0 ], [ 3072136.0, 7153516.0 ], [ 3072102.0, 7153489.0 ], [ 3072046.0, 7153449.0 ], [ 3072026.0, 7153435.0 ], [ 3071988.0, 7153409.0 ], [ 3071943.0, 7153364.0 ], [ 3071931.0, 7153341.0 ], [ 3071913.0, 7153362.0 ], [ 3071904.0, 7153354.0 ], [ 3071857.0, 7153401.0 ], [ 3071752.0, 7153512.0 ], [ 3071686.0, 7153580.0 ], [ 3071668.0, 7153600.0 ], [ 3071594.0, 7153679.0 ], [ 3071582.0, 7153694.0 ], [ 3071579.0, 7153703.0 ], [ 3071553.0, 7153703.0 ], [ 3071509.0, 7153752.0 ], [ 3071478.0, 7153786.0 ], [ 3071462.0, 7153803.0 ], [ 3071450.0, 7153791.0 ], [ 3071353.0, 7153895.0 ], [ 3071223.0, 7154034.0 ], [ 3071215.0, 7154034.0 ], [ 3071194.0, 7154020.0 ], [ 3071180.0, 7154028.0 ], [ 3071171.0, 7154038.0 ], [ 3071123.0, 7154086.0 ], [ 3071063.0, 7154147.0 ], [ 3071042.0, 7154143.0 ], [ 3070977.0, 7154157.0 ], [ 3070950.0, 7154163.0 ], [ 3070914.0, 7154171.0 ], [ 3070830.0, 7154245.0 ], [ 3070818.0, 7154260.0 ], [ 3070774.0, 7154299.0 ], [ 3070775.0, 7154291.0 ], [ 3070789.0, 7154279.0 ], [ 3070783.0, 7154273.0 ], [ 3070772.0, 7154283.0 ], [ 3070720.0, 7154336.0 ] ], [ [ 3070720.0, 7154336.0 ], [ 3070701.0, 7154355.0 ], [ 3070694.0, 7154347.0 ], [ 3070684.0, 7154335.0 ], [ 3070679.0, 7154329.0 ], [ 3070675.0, 7154315.0 ], [ 3070653.0, 7154289.0 ] ] ] } },
{ "type": "Feature", "properties": { "closeness_centrality": 8.8440502028843017e-05, "source": 12139374773, "target": 4241022804, "ordering_closeness_centrality": 59, "length": 2944, "length_cumulative": 124348 }, "geometry": { "type": "LineString", "coordinates": [ [ 3068046.0, 7144681.0 ], [ 3068038.0, 7144627.0 ], [ 3068049.0, 7144622.0 ], [ 3068043.0, 7144613.0 ], [ 3068039.0, 7144592.0 ], [ 3068037.0, 7144581.0 ], [ 3068007.0, 7144585.0 ], [ 3067962.0, 7144593.0 ], [ 3067873.0, 7144600.0 ], [ 3067874.0, 7144609.0 ], [ 3067882.0, 7144603.0 ], [ 3067886.0, 7144627.0 ], [ 3067881.0, 7144633.0 ], [ 3067889.0, 7144691.0 ], [ 3067889.0, 7144699.0 ], [ 3067890.0, 7144710.0 ], [ 3067891.0, 7144721.0 ], [ 3067894.0, 7144742.0 ], [ 3067793.0, 7144757.0 ], [ 3067781.0, 7144759.0 ], [ 3067768.0, 7144762.0 ], [ 3067740.0, 7144769.0 ], [ 3067711.0, 7144778.0 ], [ 3067698.0, 7144782.0 ], [ 3067685.0, 7144786.0 ], [ 3067663.0, 7144795.0 ], [ 3067636.0, 7144807.0 ], [ 3067612.0, 7144818.0 ], [ 3067479.0, 7144885.0 ], [ 3067447.0, 7144901.0 ], [ 3067424.0, 7144912.0 ], [ 3067409.0, 7144920.0 ], [ 3067406.0, 7144921.0 ], [ 3067385.0, 7144932.0 ], [ 3067177.0, 7145036.0 ], [ 3067124.0, 7145062.0 ], [ 3067108.0, 7145070.0 ], [ 3067089.0, 7145079.0 ], [ 3067062.0, 7145093.0 ], [ 3067043.0, 7145103.0 ], [ 3067007.0, 7145121.0 ], [ 3067011.0, 7145129.0 ], [ 3067012.0, 7145133.0 ], [ 3066994.0, 7145141.0 ], [ 3066967.0, 7145155.0 ], [ 3066922.0, 7145178.0 ], [ 3066906.0, 7145187.0 ], [ 3066844.0, 7145218.0 ], [ 3066836.0, 7145223.0 ], [ 3066830.0, 7145226.0 ], [ 3066790.0, 7145269.0 ], [ 3066779.0, 7145280.0 ], [ 3066768.0, 7145294.0 ], [ 3066755.0, 7145305.0 ], [ 3066735.0, 7145324.0 ], [ 3066707.0, 7145354.0 ], [ 3066698.0, 7145358.0 ], [ 3066697.0, 7145382.0 ], [ 3066695.0, 7145392.0 ], [ 3066687.0, 7145394.0 ], [ 3066694.0, 7145425.0 ], [ 3066674.0, 7145431.0 ], [ 3066685.0, 7145470.0 ], [ 3066700.0, 7145542.0 ], [ 3066705.0, 7145580.0 ], [ 3066717.0, 7145685.0 ], [ 3066726.0, 7145834.0 ], [ 3066736.0, 7145949.0 ], [ 3066741.0, 7146018.0 ], [ 3066752.0, 7146127.0 ], [ 3066762.0, 7146234.0 ], [ 3066769.0, 7146326.0 ], [ 3066776.0, 7146412.0 ], [ 3066778.0, 7146432.0 ], [ 3066747.0, 7146435.0 ] ] } },
{ "type": "Feature", "properties": { "closeness_centrality": 8.7341451829860963e-05, "source": 4255064682, "target": 6703659190, "ordering_closeness_centrality": 60, "length": 1527, "length_cumulative": 125876 }, "geometry": { "type": "LineString", "coordinates": [ [ 3062953.0, 7148726.0 ], [ 3062959.0, 7148715.0 ], [ 3063007.0, 7148630.0 ], [ 3063030.0, 7148593.0 ], [ 3063066.0, 7148533.0 ], [ 3063071.0, 7148525.0 ], [ 3063088.0, 7148500.0 ], [ 3063163.0, 7148387.0 ], [ 3063165.0, 7148370.0 ], [ 3063173.0, 7148358.0 ], [ 3063267.0, 7148202.0 ], [ 3063307.0, 7148136.0 ], [ 3063303.0, 7148132.0 ], [ 3063312.0, 7148115.0 ], [ 3063321.0, 7148100.0 ], [ 3063323.0, 7148097.0 ], [ 3063363.0, 7148030.0 ], [ 3063398.0, 7147970.0 ], [ 3063403.0, 7147962.0 ], [ 3063495.0, 7147806.0 ], [ 3063501.0, 7147796.0 ], [ 3063508.0, 7147786.0 ], [ 3063516.0, 7147774.0 ], [ 3063534.0, 7147739.0 ], [ 3063543.0, 7147721.0 ], [ 3063554.0, 7147700.0 ], [ 3063557.0, 7147694.0 ], [ 3063566.0, 7147675.0 ], [ 3063576.0, 7147636.0 ], [ 3063583.0, 7147600.0 ], [ 3063588.0, 7147588.0 ], [ 3063588.0, 7147579.0 ], [ 3063588.0, 7147556.0 ], [ 3063590.0, 7147535.0 ], [ 3063590.0, 7147526.0 ], [ 3063593.0, 7147523.0 ], [ 3063580.0, 7147513.0 ], [ 3063587.0, 7147504.0 ], [ 3063583.0, 7147501.0 ], [ 3063506.0, 7147441.0 ], [ 3063509.0, 7147437.0 ], [ 3063516.0, 7147427.0 ] ] } },
{ "type": "Feature", "properties": { "closeness_centrality": 8.6135878555521506e-05, "source": 6703659190, "target": 9609438175, "ordering_closeness_centrality": 61, "length": 4120, "length_cumulative": 129996 }, "geometry": { "type": "MultiLineString", "coordinates": [ [ [ 3066533.0, 7145268.0 ], [ 3066521.0, 7145273.0 ], [ 3066511.0, 7145278.0 ], [ 3066512.0, 7145311.0 ], [ 3066276.0, 7145430.0 ], [ 3066270.0, 7145433.0 ], [ 3066230.0, 7145453.0 ], [ 3066149.0, 7145494.0 ], [ 3066142.0, 7145497.0 ], [ 3066116.0, 7145510.0 ], [ 3066106.0, 7145515.0 ], [ 3066088.0, 7145524.0 ], [ 3066075.0, 7145530.0 ], [ 3066058.0, 7145539.0 ], [ 3066059.0, 7145546.0 ], [ 3066058.0, 7145553.0 ], [ 3066057.0, 7145553.0 ], [ 3066059.0, 7145558.0 ], [ 3066063.0, 7145567.0 ], [ 3066031.0, 7145581.0 ], [ 3066009.0, 7145592.0 ], [ 3066011.0, 7145615.0 ], [ 3065975.0, 7145633.0 ], [ 3065903.0, 7145668.0 ], [ 3065867.0, 7145685.0 ], [ 3065842.0, 7145697.0 ], [ 3065808.0, 7145710.0 ], [ 3065770.0, 7145723.0 ], [ 3065736.0, 7145732.0 ], [ 3065706.0, 7145736.0 ], [ 3065673.0, 7145739.0 ], [ 3065638.0, 7145740.0 ], [ 3065601.0, 7145738.0 ], [ 3065527.0, 7145732.0 ], [ 3065482.0, 7145729.0 ], [ 3065472.0, 7145731.0 ], [ 3065463.0, 7145734.0 ], [ 3065456.0, 7145738.0 ], [ 3065436.0, 7145754.0 ], [ 3065430.0, 7145763.0 ], [ 3065424.0, 7145774.0 ], [ 3065416.0, 7145794.0 ], [ 3065406.0, 7145810.0 ], [ 3065401.0, 7145819.0 ], [ 3065394.0, 7145830.0 ], [ 3065366.0, 7145857.0 ], [ 3065340.0, 7145874.0 ], [ 3065320.0, 7145885.0 ], [ 3065308.0, 7145895.0 ], [ 3065301.0, 7145903.0 ], [ 3065296.0, 7145918.0 ], [ 3065292.0, 7145944.0 ], [ 3065287.0, 7145960.0 ], [ 3065281.0, 7145971.0 ], [ 3065274.0, 7145983.0 ], [ 3065267.0, 7145990.0 ], [ 3065260.0, 7145997.0 ], [ 3065247.0, 7146007.0 ], [ 3065237.0, 7146015.0 ], [ 3065227.0, 7146025.0 ], [ 3065221.0, 7146035.0 ], [ 3065218.0, 7146045.0 ], [ 3065217.0, 7146049.0 ], [ 3065214.0, 7146060.0 ], [ 3065200.0, 7146059.0 ], [ 3065193.0, 7146059.0 ], [ 3065184.0, 7146058.0 ], [ 3065163.0, 7146057.0 ], [ 3065157.0, 7146053.0 ], [ 3065151.0, 7146049.0 ], [ 3065142.0, 7146054.0 ], [ 3065113.0, 7146052.0 ], [ 3064960.0, 7146041.0 ], [ 3064920.0, 7146039.0 ], [ 3064910.0, 7146034.0 ], [ 3064895.0, 7146033.0 ], [ 3064878.0, 7146033.0 ], [ 3064865.0, 7146036.0 ], [ 3064795.0, 7146039.0 ], [ 3064760.0, 7146045.0 ], [ 3064717.0, 7146056.0 ], [ 3064699.0, 7146061.0 ], [ 3064667.0, 7146071.0 ], [ 3064648.0, 7146080.0 ], [ 3064624.0, 7146091.0 ], [ 3064593.0, 7146107.0 ], [ 3064576.0, 7146117.0 ], [ 3064537.0, 7146142.0 ], [ 3064519.0, 7146153.0 ], [ 3064510.0, 7146160.0 ], [ 3064496.0, 7146170.0 ], [ 3064456.0, 7146194.0 ], [ 3064451.0, 7146196.0 ], [ 3064436.0, 7146205.0 ], [ 3064418.0, 7146216.0 ], [ 3064413.0, 7146222.0 ], [ 3064412.0, 7146256.0 ], [ 3064349.0, 7146260.0 ], [ 3064326.0, 7146275.0 ], [ 3064319.0, 7146278.0 ], [ 3064317.0, 7146296.0 ], [ 3064278.0, 7146321.0 ], [ 3063714.0, 7146690.0 ] ], [ [ 3063714.0, 7146690.0 ], [ 3063602.0, 7146764.0 ], [ 3063604.0, 7146759.0 ], [ 3063608.0, 7146755.0 ], [ 3063612.0, 7146750.0 ], [ 3063615.0, 7146742.0 ], [ 3063616.0, 7146736.0 ], [ 3063600.0, 7146734.0 ], [ 3063600.0, 7146693.0 ], [ 3063603.0, 7146693.0 ], [ 3063599.0, 7146647.0 ], [ 3063596.0, 7146632.0 ], [ 3063594.0, 7146618.0 ], [ 3063583.0, 7146583.0 ], [ 3063582.0, 7146578.0 ], [ 3063581.0, 7146567.0 ], [ 3063577.0, 7146545.0 ], [ 3063577.0, 7146522.0 ], [ 3063575.0, 7146470.0 ], [ 3063573.0, 7146427.0 ], [ 3063573.0, 7146400.0 ], [ 3063567.0, 7146339.0 ], [ 3063567.0, 7146318.0 ], [ 3063578.0, 7146298.0 ], [ 3063587.0, 7146296.0 ], [ 3063599.0, 7146294.0 ], [ 3063604.0, 7146293.0 ], [ 3063610.0, 7146292.0 ], [ 3063605.0, 7146261.0 ], [ 3063621.0, 7146259.0 ], [ 3063631.0, 7146257.0 ] ] ] } },
{ "type": "Feature", "properties": { "closeness_centrality": 8.6030929886442926e-05, "source": 4970895072, "target": 320718913, "ordering_closeness_centrality": 62, "length": 3027, "length_cumulative": 133023 }, "geometry": { "type": "LineString", "coordinates": [ [ 3061004.0, 7153056.0 ], [ 3061043.0, 7153061.0 ], [ 3061229.0, 7153081.0 ], [ 3061241.0, 7153082.0 ], [ 3061276.0, 7153086.0 ], [ 3061307.0, 7153090.0 ], [ 3061366.0, 7153098.0 ], [ 3061761.0, 7153145.0 ], [ 3061811.0, 7153150.0 ], [ 3061849.0, 7153150.0 ], [ 3061891.0, 7153147.0 ], [ 3061924.0, 7153143.0 ], [ 3061962.0, 7153136.0 ], [ 3061978.0, 7153133.0 ], [ 3062031.0, 7153115.0 ], [ 3062064.0, 7153100.0 ], [ 3062096.0, 7153084.0 ], [ 3062130.0, 7153066.0 ], [ 3062162.0, 7153047.0 ], [ 3062320.0, 7152936.0 ], [ 3062418.0, 7152861.0 ], [ 3062457.0, 7152834.0 ], [ 3062504.0, 7152806.0 ], [ 3062542.0, 7152790.0 ], [ 3062550.0, 7152787.0 ], [ 3062565.0, 7152781.0 ], [ 3062594.0, 7152771.0 ], [ 3062622.0, 7152763.0 ], [ 3062649.0, 7152757.0 ], [ 3062720.0, 7152745.0 ], [ 3062856.0, 7152723.0 ], [ 3062881.0, 7152719.0 ], [ 3062955.0, 7152705.0 ], [ 3062966.0, 7152704.0 ], [ 3063005.0, 7152696.0 ], [ 3063032.0, 7152691.0 ], [ 3063154.0, 7152670.0 ], [ 3063170.0, 7152667.0 ], [ 3063258.0, 7152651.0 ], [ 3063263.0, 7152650.0 ], [ 3063321.0, 7152640.0 ], [ 3063350.0, 7152635.0 ], [ 3063371.0, 7152631.0 ], [ 3063470.0, 7152614.0 ], [ 3063496.0, 7152595.0 ], [ 3063583.0, 7152537.0 ], [ 3063595.0, 7152529.0 ], [ 3063598.0, 7152527.0 ], [ 3063604.0, 7152537.0 ], [ 3063654.0, 7152504.0 ], [ 3063656.0, 7152507.0 ], [ 3063660.0, 7152517.0 ], [ 3063665.0, 7152533.0 ], [ 3063742.0, 7152517.0 ], [ 3063790.0, 7152505.0 ], [ 3063792.0, 7152525.0 ], [ 3063825.0, 7152519.0 ] ] } },
{ "type": "Feature", "properties": { "closeness_centrality": 8.4947767282113318e-05, "source": 9955883681, "target": 1588657821, "ordering_closeness_centrality": 63, "length": 5580, "length_cumulative": 138603 }, "geometry": { "type": "LineString", "coordinates": [ [ 3075138.0, 7151230.0 ], [ 3075135.0, 7151236.0 ], [ 3075154.0, 7151277.0 ], [ 3075147.0, 7151287.0 ], [ 3075139.0, 7151299.0 ], [ 3075135.0, 7151308.0 ], [ 3075137.0, 7151322.0 ], [ 3075148.0, 7151327.0 ], [ 3075157.0, 7151332.0 ], [ 3075071.0, 7151474.0 ], [ 3075017.0, 7151558.0 ], [ 3074968.0, 7151642.0 ], [ 3074965.0, 7151647.0 ], [ 3074960.0, 7151655.0 ], [ 3074955.0, 7151663.0 ], [ 3074951.0, 7151669.0 ], [ 3074795.0, 7151915.0 ], [ 3074778.0, 7151942.0 ], [ 3074763.0, 7151965.0 ], [ 3074763.0, 7151966.0 ], [ 3074730.0, 7152018.0 ], [ 3074708.0, 7152051.0 ], [ 3074670.0, 7152109.0 ], [ 3074639.0, 7152158.0 ], [ 3074601.0, 7152220.0 ], [ 3074601.0, 7152221.0 ], [ 3074591.0, 7152236.0 ], [ 3074590.0, 7152239.0 ], [ 3074574.0, 7152270.0 ], [ 3074569.0, 7152286.0 ], [ 3074566.0, 7152299.0 ], [ 3074564.0, 7152316.0 ], [ 3074562.0, 7152331.0 ], [ 3074561.0, 7152349.0 ], [ 3074560.0, 7152364.0 ], [ 3074559.0, 7152374.0 ], [ 3074558.0, 7152397.0 ], [ 3074556.0, 7152411.0 ], [ 3074553.0, 7152433.0 ], [ 3074549.0, 7152444.0 ], [ 3074544.0, 7152453.0 ], [ 3074531.0, 7152467.0 ], [ 3074523.0, 7152479.0 ], [ 3074521.0, 7152499.0 ], [ 3074520.0, 7152551.0 ], [ 3074520.0, 7152560.0 ], [ 3074520.0, 7152569.0 ], [ 3074500.0, 7152570.0 ], [ 3074346.0, 7152568.0 ], [ 3074268.0, 7152567.0 ], [ 3074189.0, 7152568.0 ], [ 3074189.0, 7152587.0 ], [ 3074178.0, 7152586.0 ], [ 3074139.0, 7152589.0 ], [ 3074099.0, 7152593.0 ], [ 3074044.0, 7152604.0 ], [ 3073988.0, 7152623.0 ], [ 3073983.0, 7152625.0 ], [ 3073957.0, 7152637.0 ], [ 3073928.0, 7152651.0 ], [ 3073904.0, 7152667.0 ], [ 3073870.0, 7152694.0 ], [ 3073857.0, 7152709.0 ], [ 3073765.0, 7152839.0 ], [ 3073730.0, 7152888.0 ], [ 3073480.0, 7153233.0 ], [ 3073473.0, 7153243.0 ], [ 3073431.0, 7153304.0 ], [ 3073421.0, 7153317.0 ], [ 3073414.0, 7153328.0 ], [ 3072926.0, 7154022.0 ], [ 3072869.0, 7154102.0 ], [ 3072863.0, 7154229.0 ], [ 3072857.0, 7154382.0 ], [ 3072843.0, 7154381.0 ], [ 3072841.0, 7154433.0 ], [ 3072841.0, 7154438.0 ], [ 3072837.0, 7154560.0 ], [ 3072835.0, 7154606.0 ], [ 3072835.0, 7154618.0 ], [ 3072834.0, 7154670.0 ], [ 3072832.0, 7154698.0 ], [ 3072828.0, 7154718.0 ], [ 3072822.0, 7154740.0 ], [ 3072798.0, 7154797.0 ], [ 3072789.0, 7154820.0 ], [ 3072784.0, 7154833.0 ], [ 3072773.0, 7154859.0 ], [ 3072750.0, 7154914.0 ], [ 3072672.0, 7155104.0 ], [ 3072663.0, 7155129.0 ], [ 3072643.0, 7155178.0 ], [ 3072625.0, 7155223.0 ], [ 3072606.0, 7155267.0 ], [ 3072586.0, 7155315.0 ], [ 3072544.0, 7155418.0 ], [ 3072531.0, 7155451.0 ], [ 3072525.0, 7155467.0 ], [ 3072490.0, 7155456.0 ], [ 3072426.0, 7155431.0 ], [ 3072358.0, 7155404.0 ] ] } },
{ "type": "Feature", "properties": { "closeness_centrality": 8.4817051360724577e-05, "source": 1638811302, "target": 9381716282, "ordering_closeness_centrality": 64, "length": 5723, "length_cumulative": 144327 }, "geometry": { "type": "LineString", "coordinates": [ [ 3075628.0, 7146752.0 ], [ 3075597.0, 7146739.0 ], [ 3075589.0, 7146729.0 ], [ 3075582.0, 7146707.0 ], [ 3075550.0, 7146629.0 ], [ 3075473.0, 7146659.0 ], [ 3075423.0, 7146677.0 ], [ 3075415.0, 7146676.0 ], [ 3075408.0, 7146678.0 ], [ 3075399.0, 7146681.0 ], [ 3075392.0, 7146683.0 ], [ 3075388.0, 7146685.0 ], [ 3075382.0, 7146686.0 ], [ 3075380.0, 7146687.0 ], [ 3075371.0, 7146690.0 ], [ 3075359.0, 7146694.0 ], [ 3075346.0, 7146696.0 ], [ 3075338.0, 7146668.0 ], [ 3075320.0, 7146673.0 ], [ 3075199.0, 7146707.0 ], [ 3075103.0, 7146737.0 ], [ 3075032.0, 7146759.0 ], [ 3075010.0, 7146765.0 ], [ 3074999.0, 7146769.0 ], [ 3074996.0, 7146760.0 ], [ 3074989.0, 7146756.0 ], [ 3074982.0, 7146753.0 ], [ 3074973.0, 7146753.0 ], [ 3074952.0, 7146757.0 ], [ 3074870.0, 7146780.0 ], [ 3074857.0, 7146784.0 ], [ 3074834.0, 7146790.0 ], [ 3074830.0, 7146791.0 ], [ 3074798.0, 7146796.0 ], [ 3074759.0, 7146799.0 ], [ 3074717.0, 7146813.0 ], [ 3074581.0, 7146860.0 ], [ 3074411.0, 7146919.0 ], [ 3074080.0, 7147032.0 ], [ 3073959.0, 7147073.0 ], [ 3073947.0, 7147077.0 ], [ 3073788.0, 7147132.0 ], [ 3073678.0, 7147166.0 ], [ 3073606.0, 7147188.0 ], [ 3073546.0, 7147207.0 ], [ 3073448.0, 7147245.0 ], [ 3073428.0, 7147252.0 ], [ 3073343.0, 7147282.0 ], [ 3073173.0, 7147338.0 ], [ 3073162.0, 7147342.0 ], [ 3073131.0, 7147352.0 ], [ 3073100.0, 7147363.0 ], [ 3072921.0, 7147432.0 ], [ 3072804.0, 7147483.0 ], [ 3072751.0, 7147508.0 ], [ 3072597.0, 7147587.0 ], [ 3072529.0, 7147622.0 ], [ 3072515.0, 7147629.0 ], [ 3072488.0, 7147643.0 ], [ 3072453.0, 7147663.0 ], [ 3072460.0, 7147677.0 ], [ 3072463.0, 7147683.0 ], [ 3072393.0, 7147721.0 ], [ 3072358.0, 7147739.0 ], [ 3072332.0, 7147752.0 ], [ 3072170.0, 7147836.0 ], [ 3072164.0, 7147840.0 ], [ 3072171.0, 7147853.0 ], [ 3072190.0, 7147889.0 ], [ 3072210.0, 7147931.0 ], [ 3072224.0, 7147967.0 ], [ 3072229.0, 7147983.0 ], [ 3072234.0, 7148004.0 ], [ 3072234.0, 7148024.0 ], [ 3072222.0, 7148083.0 ], [ 3072219.0, 7148098.0 ], [ 3072212.0, 7148142.0 ], [ 3072209.0, 7148162.0 ], [ 3072200.0, 7148163.0 ], [ 3072190.0, 7148166.0 ], [ 3072153.0, 7148185.0 ], [ 3072070.0, 7148227.0 ], [ 3071965.0, 7148282.0 ], [ 3071956.0, 7148287.0 ], [ 3071949.0, 7148290.0 ], [ 3071875.0, 7148329.0 ], [ 3071879.0, 7148336.0 ], [ 3071755.0, 7148404.0 ], [ 3071740.0, 7148412.0 ], [ 3071728.0, 7148419.0 ], [ 3071602.0, 7148481.0 ], [ 3071575.0, 7148494.0 ], [ 3071553.0, 7148505.0 ], [ 3071479.0, 7148543.0 ], [ 3071467.0, 7148548.0 ], [ 3071358.0, 7148602.0 ], [ 3071291.0, 7148638.0 ], [ 3071287.0, 7148641.0 ], [ 3071272.0, 7148673.0 ], [ 3071253.0, 7148712.0 ], [ 3071238.0, 7148744.0 ], [ 3071224.0, 7148772.0 ], [ 3071202.0, 7148816.0 ], [ 3071197.0, 7148828.0 ], [ 3071176.0, 7148872.0 ], [ 3071154.0, 7148916.0 ], [ 3071118.0, 7148994.0 ], [ 3071111.0, 7149008.0 ], [ 3071100.0, 7149004.0 ], [ 3071070.0, 7149070.0 ], [ 3071059.0, 7149065.0 ] ] } },
{ "type": "Feature", "properties": { "closeness_centrality": 8.4483100808995507e-05, "source": 1588222106, "target": 1588657821, "ordering_closeness_centrality": 65, "length": 1495, "length_cumulative": 145823 }, "geometry": { "type": "LineString", "coordinates": [ [ 3073962.0, 7155840.0 ], [ 3073809.0, 7155773.0 ], [ 3073714.0, 7155731.0 ], [ 3073709.0, 7155729.0 ], [ 3073509.0, 7155644.0 ], [ 3073456.0, 7155622.0 ], [ 3073451.0, 7155620.0 ], [ 3073428.0, 7155611.0 ], [ 3073403.0, 7155605.0 ], [ 3073338.0, 7155593.0 ], [ 3073265.0, 7155579.0 ], [ 3073142.0, 7155561.0 ], [ 3072843.0, 7155517.0 ], [ 3072736.0, 7155501.0 ], [ 3072643.0, 7155488.0 ], [ 3072581.0, 7155479.0 ], [ 3072525.0, 7155467.0 ] ] } },
{ "type": "Feature", "properties": { "closeness_centrality": 8.4189144621176041e-05, "source": 4255064682, "target": 320718913, "ordering_closeness_centrality": 66, "length": 5236, "length_cumulative": 151059 }, "geometry": { "type": "LineString", "coordinates": [ [ 3061004.0, 7153056.0 ], [ 3061006.0, 7153033.0 ], [ 3060983.0, 7153030.0 ], [ 3060978.0, 7153023.0 ], [ 3060948.0, 7152991.0 ], [ 3060917.0, 7152954.0 ], [ 3060940.0, 7152935.0 ], [ 3060966.0, 7152910.0 ], [ 3060971.0, 7152900.0 ], [ 3060997.0, 7152902.0 ], [ 3060998.0, 7152899.0 ], [ 3061002.0, 7152880.0 ], [ 3060999.0, 7152873.0 ], [ 3061001.0, 7152837.0 ], [ 3061005.0, 7152790.0 ], [ 3061012.0, 7152722.0 ], [ 3061019.0, 7152619.0 ], [ 3061096.0, 7152621.0 ], [ 3061170.0, 7152429.0 ], [ 3061222.0, 7152289.0 ], [ 3061248.0, 7152265.0 ], [ 3061255.0, 7152243.0 ], [ 3061307.0, 7152092.0 ], [ 3061333.0, 7151919.0 ], [ 3061333.0, 7151866.0 ], [ 3061346.0, 7151868.0 ], [ 3061348.0, 7151855.0 ], [ 3061352.0, 7151829.0 ], [ 3061373.0, 7151693.0 ], [ 3061378.0, 7151680.0 ], [ 3061454.0, 7151518.0 ], [ 3061465.0, 7151366.0 ], [ 3061541.0, 7151370.0 ], [ 3061554.0, 7151285.0 ], [ 3061579.0, 7151224.0 ], [ 3061645.0, 7151094.0 ], [ 3061659.0, 7151047.0 ], [ 3061674.0, 7150912.0 ], [ 3061695.0, 7150864.0 ], [ 3061723.0, 7150847.0 ], [ 3061729.0, 7150843.0 ], [ 3061752.0, 7150830.0 ], [ 3061749.0, 7150825.0 ], [ 3061758.0, 7150818.0 ], [ 3061743.0, 7150794.0 ], [ 3061748.0, 7150791.0 ], [ 3061760.0, 7150787.0 ], [ 3061779.0, 7150760.0 ], [ 3061789.0, 7150746.0 ], [ 3061804.0, 7150725.0 ], [ 3061815.0, 7150710.0 ], [ 3061829.0, 7150719.0 ], [ 3061814.0, 7150666.0 ], [ 3061803.0, 7150624.0 ], [ 3061801.0, 7150616.0 ], [ 3061810.0, 7150613.0 ], [ 3061784.0, 7150541.0 ], [ 3061779.0, 7150527.0 ], [ 3061768.0, 7150487.0 ], [ 3061766.0, 7150474.0 ], [ 3061776.0, 7150450.0 ], [ 3061790.0, 7150421.0 ], [ 3061797.0, 7150413.0 ], [ 3061782.0, 7150361.0 ], [ 3061779.0, 7150350.0 ], [ 3061828.0, 7150330.0 ], [ 3061899.0, 7150297.0 ], [ 3061969.0, 7150271.0 ], [ 3061969.0, 7150264.0 ], [ 3061974.0, 7150263.0 ], [ 3062015.0, 7150229.0 ], [ 3062053.0, 7150192.0 ], [ 3062047.0, 7150178.0 ], [ 3062045.0, 7150164.0 ], [ 3062052.0, 7150123.0 ], [ 3062067.0, 7150124.0 ], [ 3062079.0, 7150126.0 ], [ 3062091.0, 7150017.0 ], [ 3062098.0, 7149962.0 ], [ 3062099.0, 7149954.0 ], [ 3062100.0, 7149944.0 ], [ 3062110.0, 7149848.0 ], [ 3062114.0, 7149821.0 ], [ 3062125.0, 7149767.0 ], [ 3062130.0, 7149742.0 ], [ 3062136.0, 7149718.0 ], [ 3062170.0, 7149701.0 ], [ 3062171.0, 7149700.0 ], [ 3062176.0, 7149692.0 ], [ 3062181.0, 7149686.0 ], [ 3062187.0, 7149682.0 ], [ 3062201.0, 7149674.0 ], [ 3062202.0, 7149673.0 ], [ 3062202.0, 7149671.0 ], [ 3062203.0, 7149665.0 ], [ 3062227.0, 7149662.0 ], [ 3062229.0, 7149662.0 ], [ 3062256.0, 7149659.0 ], [ 3062257.0, 7149659.0 ], [ 3062274.0, 7149657.0 ], [ 3062281.0, 7149656.0 ], [ 3062293.0, 7149654.0 ], [ 3062295.0, 7149650.0 ], [ 3062300.0, 7149641.0 ], [ 3062315.0, 7149615.0 ], [ 3062323.0, 7149610.0 ], [ 3062347.0, 7149603.0 ], [ 3062349.0, 7149602.0 ], [ 3062365.0, 7149591.0 ], [ 3062381.0, 7149579.0 ], [ 3062388.0, 7149574.0 ], [ 3062398.0, 7149567.0 ], [ 3062410.0, 7149558.0 ], [ 3062459.0, 7149522.0 ], [ 3062470.0, 7149514.0 ], [ 3062532.0, 7149493.0 ], [ 3062528.0, 7149487.0 ], [ 3062526.0, 7149468.0 ], [ 3062523.0, 7149440.0 ], [ 3062520.0, 7149414.0 ], [ 3062516.0, 7149369.0 ], [ 3062515.0, 7149350.0 ], [ 3062513.0, 7149340.0 ], [ 3062513.0, 7149333.0 ], [ 3062516.0, 7149326.0 ], [ 3062521.0, 7149322.0 ], [ 3062532.0, 7149314.0 ], [ 3062549.0, 7149313.0 ], [ 3062574.0, 7149312.0 ], [ 3062583.0, 7149301.0 ], [ 3062578.0, 7149293.0 ], [ 3062583.0, 7149289.0 ], [ 3062588.0, 7149286.0 ], [ 3062600.0, 7149283.0 ], [ 3062618.0, 7149281.0 ], [ 3062620.0, 7149278.0 ], [ 3062622.0, 7149276.0 ], [ 3062625.0, 7149274.0 ], [ 3062627.0, 7149273.0 ], [ 3062654.0, 7149269.0 ], [ 3062672.0, 7149267.0 ], [ 3062677.0, 7149267.0 ], [ 3062680.0, 7149264.0 ], [ 3062684.0, 7149233.0 ], [ 3062696.0, 7149232.0 ], [ 3062696.0, 7149230.0 ], [ 3062694.0, 7149218.0 ], [ 3062720.0, 7149215.0 ], [ 3062719.0, 7149202.0 ], [ 3062721.0, 7149189.0 ], [ 3062742.0, 7149102.0 ], [ 3062745.0, 7149091.0 ], [ 3062747.0, 7149081.0 ], [ 3062768.0, 7149001.0 ], [ 3062780.0, 7148984.0 ], [ 3062793.0, 7148962.0 ], [ 3062799.0, 7148953.0 ] ] } },
{ "type": "Feature", "properties": { "closeness_centrality": 8.4122262109539834e-05, "source": 4241022804, "target": 9609438175, "ordering_closeness_centrality": 67, "length": 1475, "length_cumulative": 152534 }, "geometry": { "type": "LineString", "coordinates": [ [ 3067889.0, 7144699.0 ], [ 3067865.0, 7144702.0 ], [ 3067781.0, 7144715.0 ], [ 3067762.0, 7144719.0 ], [ 3067727.0, 7144727.0 ], [ 3067701.0, 7144734.0 ], [ 3067671.0, 7144744.0 ], [ 3067646.0, 7144755.0 ], [ 3067621.0, 7144765.0 ], [ 3067593.0, 7144779.0 ], [ 3067505.0, 7144821.0 ], [ 3067435.0, 7144857.0 ], [ 3067427.0, 7144861.0 ], [ 3067408.0, 7144869.0 ], [ 3067389.0, 7144877.0 ], [ 3067379.0, 7144881.0 ], [ 3067371.0, 7144885.0 ], [ 3067359.0, 7144887.0 ], [ 3067335.0, 7144899.0 ], [ 3067236.0, 7144949.0 ], [ 3067231.0, 7144951.0 ], [ 3067217.0, 7144958.0 ], [ 3067165.0, 7144985.0 ], [ 3067138.0, 7144998.0 ], [ 3067095.0, 7145020.0 ], [ 3067068.0, 7145034.0 ], [ 3067056.0, 7145039.0 ], [ 3067037.0, 7145047.0 ], [ 3067018.0, 7145056.0 ], [ 3066999.0, 7145065.0 ], [ 3066992.0, 7145069.0 ], [ 3066982.0, 7145075.0 ], [ 3066843.0, 7145144.0 ], [ 3066744.0, 7145193.0 ], [ 3066697.0, 7145216.0 ], [ 3066665.0, 7145232.0 ], [ 3066651.0, 7145237.0 ], [ 3066626.0, 7145245.0 ], [ 3066610.0, 7145252.0 ], [ 3066577.0, 7145268.0 ], [ 3066553.0, 7145279.0 ], [ 3066541.0, 7145283.0 ] ] } },
{ "type": "Feature", "properties": { "closeness_centrality": 8.3177968642060855e-05, "source": 4255064682, "target": 6866139341, "ordering_closeness_centrality": 68, "length": 2825, "length_cumulative": 155360 }, "geometry": { "type": "LineString", "coordinates": [ [ 3060960.0, 7146844.0 ], [ 3060983.0, 7146901.0 ], [ 3061024.0, 7147001.0 ], [ 3061072.0, 7147122.0 ], [ 3061081.0, 7147146.0 ], [ 3061089.0, 7147163.0 ], [ 3061129.0, 7147253.0 ], [ 3061146.0, 7147289.0 ], [ 3061209.0, 7147413.0 ], [ 3061263.0, 7147498.0 ], [ 3061308.0, 7147554.0 ], [ 3061330.0, 7147583.0 ], [ 3061413.0, 7147690.0 ], [ 3061515.0, 7147793.0 ], [ 3061600.0, 7147863.0 ], [ 3061699.0, 7147937.0 ], [ 3062190.0, 7148249.0 ], [ 3062437.0, 7148404.0 ], [ 3062559.0, 7148477.0 ], [ 3062762.0, 7148604.0 ], [ 3062927.0, 7148710.0 ], [ 3062931.0, 7148713.0 ], [ 3062953.0, 7148726.0 ] ] } },
{ "type": "Feature", "properties": { "closeness_centrality": 8.1752594638382858e-05, "source": 10151732580, "target": 1588657821, "ordering_closeness_centrality": 69, "length": 3345, "length_cumulative": 158705 }, "geometry": { "type": "LineString", "coordinates": [ [ 3072531.0, 7155451.0 ], [ 3072585.0, 7155463.0 ], [ 3072627.0, 7155468.0 ], [ 3072740.0, 7155483.0 ], [ 3072818.0, 7155495.0 ], [ 3073048.0, 7155524.0 ], [ 3073276.0, 7155556.0 ], [ 3073301.0, 7155523.0 ], [ 3073311.0, 7155503.0 ], [ 3073322.0, 7155508.0 ], [ 3073379.0, 7155536.0 ], [ 3073384.0, 7155519.0 ], [ 3073386.0, 7155513.0 ], [ 3073387.0, 7155512.0 ], [ 3073387.0, 7155508.0 ], [ 3073410.0, 7155470.0 ], [ 3073470.0, 7155435.0 ], [ 3073484.0, 7155431.0 ], [ 3073535.0, 7155415.0 ], [ 3073626.0, 7155406.0 ], [ 3073711.0, 7155408.0 ], [ 3073780.0, 7155425.0 ], [ 3073932.0, 7155219.0 ], [ 3073942.0, 7155204.0 ], [ 3073982.0, 7155183.0 ], [ 3074051.0, 7155149.0 ], [ 3074119.0, 7155122.0 ], [ 3074163.0, 7155112.0 ], [ 3074267.0, 7155120.0 ], [ 3074508.0, 7154961.0 ], [ 3074549.0, 7154919.0 ], [ 3074561.0, 7154917.0 ], [ 3074565.0, 7154907.0 ], [ 3074574.0, 7154889.0 ], [ 3074589.0, 7154877.0 ], [ 3074607.0, 7154873.0 ], [ 3074628.0, 7154867.0 ], [ 3074654.0, 7154861.0 ], [ 3074692.0, 7154851.0 ], [ 3074809.0, 7154831.0 ], [ 3074844.0, 7154819.0 ], [ 3074880.0, 7154810.0 ], [ 3074999.0, 7154793.0 ], [ 3075140.0, 7154782.0 ], [ 3075152.0, 7154779.0 ], [ 3075166.0, 7154774.0 ], [ 3075161.0, 7154759.0 ], [ 3075171.0, 7154755.0 ], [ 3075179.0, 7154751.0 ], [ 3075185.0, 7154734.0 ], [ 3075206.0, 7154743.0 ], [ 3075370.0, 7154489.0 ] ] } },
{ "type": "Feature", "properties": { "closeness_centrality": 8.1716862169014325e-05, "source": 9955883681, "target": 566211411, "ordering_closeness_centrality": 70, "length": 1095, "length_cumulative": 159801 }, "geometry": { "type": "LineString", "coordinates": [ [ 3073999.0, 7150214.0 ], [ 3073998.0, 7150205.0 ], [ 3074000.0, 7150189.0 ], [ 3074001.0, 7150168.0 ], [ 3074003.0, 7150160.0 ], [ 3074009.0, 7150139.0 ], [ 3074010.0, 7150117.0 ], [ 3074012.0, 7150092.0 ], [ 3073954.0, 7150052.0 ], [ 3073912.0, 7150023.0 ], [ 3073902.0, 7150015.0 ], [ 3073904.0, 7149989.0 ], [ 3073869.0, 7149964.0 ], [ 3073884.0, 7149942.0 ], [ 3073889.0, 7149934.0 ], [ 3073911.0, 7149903.0 ], [ 3073941.0, 7149861.0 ], [ 3073934.0, 7149856.0 ], [ 3073988.0, 7149776.0 ], [ 3073996.0, 7149764.0 ], [ 3074019.0, 7149730.0 ], [ 3074018.0, 7149714.0 ], [ 3074080.0, 7149627.0 ], [ 3074083.0, 7149623.0 ], [ 3074090.0, 7149612.0 ], [ 3074109.0, 7149583.0 ], [ 3074116.0, 7149574.0 ], [ 3074102.0, 7149569.0 ], [ 3074096.0, 7149542.0 ], [ 3074109.0, 7149501.0 ], [ 3074119.0, 7149442.0 ], [ 3074125.0, 7149376.0 ], [ 3074140.0, 7149317.0 ], [ 3074143.0, 7149304.0 ], [ 3074136.0, 7149299.0 ] ] } },
{ "type": "Feature", "properties": { "closeness_centrality": 8.0930613517663985e-05, "source": 1588657821, "target": 3044321944, "ordering_closeness_centrality": 71, "length": 1849, "length_cumulative": 161650 }, "geometry": { "type": "LineString", "coordinates": [ [ 3075558.0, 7156601.0 ], [ 3075423.0, 7156539.0 ], [ 3075415.0, 7156536.0 ], [ 3075392.0, 7156524.0 ], [ 3075401.0, 7156506.0 ], [ 3075379.0, 7156496.0 ], [ 3075358.0, 7156486.0 ], [ 3075338.0, 7156476.0 ], [ 3075310.0, 7156464.0 ], [ 3075288.0, 7156454.0 ], [ 3075282.0, 7156451.0 ], [ 3075271.0, 7156475.0 ], [ 3075235.0, 7156460.0 ], [ 3075239.0, 7156449.0 ], [ 3074955.0, 7156321.0 ], [ 3074960.0, 7156309.0 ], [ 3074893.0, 7156278.0 ], [ 3074887.0, 7156253.0 ], [ 3074718.0, 7156176.0 ], [ 3074638.0, 7156140.0 ], [ 3074630.0, 7156136.0 ], [ 3074603.0, 7156125.0 ], [ 3074521.0, 7156089.0 ], [ 3074186.0, 7155941.0 ], [ 3074108.0, 7155906.0 ], [ 3074009.0, 7155860.0 ], [ 3073992.0, 7155853.0 ], [ 3073962.0, 7155840.0 ] ] } },
{ "type": "Feature", "properties": { "closeness_centrality": 8.0854054365293052e-05, "source": 6703659190, "target": 6866139341, "ordering_closeness_centrality": 72, "length": 3281, "length_cumulative": 164932 }, "geometry": { "type": "LineString", "coordinates": [ [ 3063582.0, 7146578.0 ], [ 3063575.0, 7146584.0 ], [ 3063559.0, 7146611.0 ], [ 3063562.0, 7146615.0 ], [ 3063439.0, 7146751.0 ], [ 3063430.0, 7146761.0 ], [ 3063423.0, 7146769.0 ], [ 3063406.0, 7146779.0 ], [ 3063406.0, 7146785.0 ], [ 3063404.0, 7146788.0 ], [ 3063402.0, 7146790.0 ], [ 3063400.0, 7146792.0 ], [ 3063397.0, 7146793.0 ], [ 3063392.0, 7146795.0 ], [ 3063390.0, 7146794.0 ], [ 3063386.0, 7146792.0 ], [ 3063383.0, 7146789.0 ], [ 3063377.0, 7146791.0 ], [ 3063372.0, 7146797.0 ], [ 3063370.0, 7146800.0 ], [ 3063277.0, 7146916.0 ], [ 3063265.0, 7146932.0 ], [ 3063184.0, 7146974.0 ], [ 3063173.0, 7146984.0 ], [ 3063151.0, 7146998.0 ], [ 3063129.0, 7147011.0 ], [ 3063102.0, 7147028.0 ], [ 3063078.0, 7147043.0 ], [ 3063007.0, 7146972.0 ], [ 3062996.0, 7146982.0 ], [ 3062987.0, 7146991.0 ], [ 3062982.0, 7146995.0 ], [ 3062974.0, 7147004.0 ], [ 3062898.0, 7146916.0 ], [ 3062891.0, 7146923.0 ], [ 3062893.0, 7146925.0 ], [ 3062882.0, 7146934.0 ], [ 3062876.0, 7146939.0 ], [ 3062867.0, 7146929.0 ], [ 3062857.0, 7146924.0 ], [ 3062845.0, 7146919.0 ], [ 3062831.0, 7146917.0 ], [ 3062821.0, 7146915.0 ], [ 3062808.0, 7146913.0 ], [ 3062793.0, 7146912.0 ], [ 3062780.0, 7146912.0 ], [ 3062765.0, 7146913.0 ], [ 3062664.0, 7146944.0 ], [ 3062655.0, 7146941.0 ], [ 3062648.0, 7146937.0 ], [ 3062636.0, 7146931.0 ], [ 3062622.0, 7146956.0 ], [ 3062602.0, 7146949.0 ], [ 3062592.0, 7146964.0 ], [ 3062584.0, 7146962.0 ], [ 3062497.0, 7146936.0 ], [ 3062479.0, 7146931.0 ], [ 3062470.0, 7146928.0 ], [ 3062421.0, 7146912.0 ], [ 3062383.0, 7146899.0 ], [ 3062321.0, 7146884.0 ], [ 3062318.0, 7146884.0 ], [ 3062302.0, 7146877.0 ], [ 3062290.0, 7146879.0 ], [ 3062195.0, 7146850.0 ], [ 3061917.0, 7146760.0 ], [ 3061880.0, 7146748.0 ], [ 3061840.0, 7146720.0 ], [ 3061828.0, 7146712.0 ], [ 3061785.0, 7146753.0 ], [ 3061753.0, 7146722.0 ], [ 3061732.0, 7146746.0 ], [ 3061687.0, 7146798.0 ], [ 3061658.0, 7146775.0 ], [ 3061634.0, 7146802.0 ], [ 3061629.0, 7146807.0 ], [ 3061613.0, 7146805.0 ], [ 3061590.0, 7146789.0 ], [ 3061568.0, 7146773.0 ], [ 3061551.0, 7146759.0 ], [ 3061507.0, 7146721.0 ], [ 3061488.0, 7146705.0 ], [ 3061478.0, 7146704.0 ], [ 3061429.0, 7146700.0 ], [ 3061326.0, 7146688.0 ], [ 3061316.0, 7146690.0 ], [ 3061260.0, 7146643.0 ], [ 3061241.0, 7146629.0 ], [ 3061198.0, 7146606.0 ], [ 3061183.0, 7146594.0 ], [ 3061177.0, 7146602.0 ], [ 3061111.0, 7146682.0 ], [ 3061087.0, 7146718.0 ], [ 3061032.0, 7146789.0 ], [ 3061019.0, 7146805.0 ], [ 3060999.0, 7146824.0 ], [ 3060990.0, 7146832.0 ], [ 3060978.0, 7146838.0 ], [ 3060960.0, 7146844.0 ] ] } },
{ "type": "Feature", "properties": { "closeness_centrality": 8.0347426819502344e-05, "source": 4255064682, "target": 5413815740, "ordering_closeness_centrality": 73, "length": 6432, "length_cumulative": 171364 }, "geometry": { "type": "LineString", "coordinates": [ [ 3059026.0, 7152850.0 ], [ 3059162.0, 7152866.0 ], [ 3059164.0, 7152837.0 ], [ 3059168.0, 7152787.0 ], [ 3059173.0, 7152728.0 ], [ 3059184.0, 7152603.0 ], [ 3059212.0, 7152604.0 ], [ 3059222.0, 7152491.0 ], [ 3059223.0, 7152478.0 ], [ 3059224.0, 7152467.0 ], [ 3059225.0, 7152455.0 ], [ 3059226.0, 7152448.0 ], [ 3059243.0, 7152429.0 ], [ 3059239.0, 7152425.0 ], [ 3059248.0, 7152307.0 ], [ 3059249.0, 7152304.0 ], [ 3059254.0, 7152304.0 ], [ 3059312.0, 7152308.0 ], [ 3059315.0, 7152278.0 ], [ 3059406.0, 7152287.0 ], [ 3059432.0, 7152282.0 ], [ 3059534.0, 7152286.0 ], [ 3059538.0, 7152282.0 ], [ 3059548.0, 7152159.0 ], [ 3059553.0, 7152107.0 ], [ 3059574.0, 7152083.0 ], [ 3059600.0, 7152062.0 ], [ 3059620.0, 7152041.0 ], [ 3059666.0, 7152046.0 ], [ 3059670.0, 7152001.0 ], [ 3059740.0, 7151893.0 ], [ 3059748.0, 7151875.0 ], [ 3059858.0, 7151785.0 ], [ 3059862.0, 7151752.0 ], [ 3059970.0, 7151734.0 ], [ 3060038.0, 7151740.0 ], [ 3060080.0, 7151744.0 ], [ 3060085.0, 7151713.0 ], [ 3060087.0, 7151692.0 ], [ 3060095.0, 7151688.0 ], [ 3060117.0, 7151690.0 ], [ 3060122.0, 7151654.0 ], [ 3060150.0, 7151455.0 ], [ 3060179.0, 7151241.0 ], [ 3060180.0, 7151231.0 ], [ 3060183.0, 7151217.0 ], [ 3060186.0, 7151192.0 ], [ 3060201.0, 7151193.0 ], [ 3060202.0, 7151188.0 ], [ 3060206.0, 7151155.0 ], [ 3060207.0, 7151150.0 ], [ 3060212.0, 7151112.0 ], [ 3060217.0, 7151083.0 ], [ 3060232.0, 7150979.0 ], [ 3060233.0, 7150972.0 ], [ 3060241.0, 7150972.0 ], [ 3060297.0, 7150933.0 ], [ 3060303.0, 7150810.0 ], [ 3060306.0, 7150785.0 ], [ 3060303.0, 7150775.0 ], [ 3060309.0, 7150755.0 ], [ 3060347.0, 7150728.0 ], [ 3060397.0, 7150695.0 ], [ 3060401.0, 7150686.0 ], [ 3060441.0, 7150681.0 ], [ 3060465.0, 7150665.0 ], [ 3060561.0, 7150614.0 ], [ 3060590.0, 7150597.0 ], [ 3060613.0, 7150584.0 ], [ 3060623.0, 7150568.0 ], [ 3060678.0, 7150570.0 ], [ 3060688.0, 7150571.0 ], [ 3060740.0, 7150573.0 ], [ 3060754.0, 7150574.0 ], [ 3060800.0, 7150576.0 ], [ 3060801.0, 7150542.0 ], [ 3060828.0, 7150524.0 ], [ 3060874.0, 7150494.0 ], [ 3060875.0, 7150479.0 ], [ 3060875.0, 7150476.0 ], [ 3060879.0, 7150400.0 ], [ 3060917.0, 7150387.0 ], [ 3060938.0, 7150366.0 ], [ 3060982.0, 7150322.0 ], [ 3060986.0, 7150308.0 ], [ 3060989.0, 7150299.0 ], [ 3061015.0, 7150307.0 ], [ 3061048.0, 7150319.0 ], [ 3061068.0, 7150265.0 ], [ 3061088.0, 7150214.0 ], [ 3061117.0, 7150147.0 ], [ 3061164.0, 7150038.0 ], [ 3061191.0, 7149976.0 ], [ 3061211.0, 7149920.0 ], [ 3061232.0, 7149859.0 ], [ 3061253.0, 7149807.0 ], [ 3061266.0, 7149765.0 ], [ 3061283.0, 7149700.0 ], [ 3061289.0, 7149675.0 ], [ 3061294.0, 7149677.0 ], [ 3061299.0, 7149678.0 ], [ 3061303.0, 7149665.0 ], [ 3061305.0, 7149655.0 ], [ 3061317.0, 7149614.0 ], [ 3061326.0, 7149615.0 ], [ 3061339.0, 7149568.0 ], [ 3061341.0, 7149560.0 ], [ 3061343.0, 7149551.0 ], [ 3061365.0, 7149462.0 ], [ 3061384.0, 7149384.0 ], [ 3061397.0, 7149388.0 ], [ 3061405.0, 7149389.0 ], [ 3061409.0, 7149388.0 ], [ 3061414.0, 7149385.0 ], [ 3061419.0, 7149388.0 ], [ 3061428.0, 7149392.0 ], [ 3061434.0, 7149378.0 ], [ 3061444.0, 7149364.0 ], [ 3061463.0, 7149362.0 ], [ 3061509.0, 7149357.0 ], [ 3061525.0, 7149355.0 ], [ 3061616.0, 7149345.0 ], [ 3061678.0, 7149338.0 ], [ 3061691.0, 7149336.0 ], [ 3061712.0, 7149334.0 ], [ 3061725.0, 7149332.0 ], [ 3061746.0, 7149330.0 ], [ 3061753.0, 7149329.0 ], [ 3061763.0, 7149328.0 ], [ 3061812.0, 7149322.0 ], [ 3061877.0, 7149315.0 ], [ 3061908.0, 7149311.0 ], [ 3061919.0, 7149310.0 ], [ 3061931.0, 7149308.0 ], [ 3061941.0, 7149301.0 ], [ 3061965.0, 7149298.0 ], [ 3062046.0, 7149289.0 ], [ 3062045.0, 7149279.0 ], [ 3062057.0, 7149275.0 ], [ 3062066.0, 7149273.0 ], [ 3062089.0, 7149270.0 ], [ 3062274.0, 7149248.0 ], [ 3062284.0, 7149245.0 ], [ 3062296.0, 7149243.0 ], [ 3062308.0, 7149241.0 ], [ 3062314.0, 7149241.0 ], [ 3062319.0, 7149241.0 ], [ 3062325.0, 7149245.0 ], [ 3062371.0, 7149240.0 ], [ 3062380.0, 7149240.0 ], [ 3062474.0, 7149229.0 ], [ 3062581.0, 7149217.0 ], [ 3062595.0, 7149216.0 ], [ 3062641.0, 7149209.0 ], [ 3062650.0, 7149209.0 ], [ 3062692.0, 7149204.0 ], [ 3062706.0, 7149186.0 ], [ 3062721.0, 7149189.0 ] ] } },
{ "type": "Feature", "properties": { "closeness_centrality": 7.8931450152216874e-05, "source": 275073093, "target": 9609438175, "ordering_closeness_centrality": 74, "length": 3769, "length_cumulative": 175134 }, "geometry": { "type": "LineString", "coordinates": [ [ 3065393.0, 7141830.0 ], [ 3065428.0, 7141981.0 ], [ 3065435.0, 7142013.0 ], [ 3065445.0, 7142056.0 ], [ 3065460.0, 7142116.0 ], [ 3065479.0, 7142192.0 ], [ 3065490.0, 7142241.0 ], [ 3065499.0, 7142278.0 ], [ 3065511.0, 7142330.0 ], [ 3065540.0, 7142453.0 ], [ 3065561.0, 7142548.0 ], [ 3065573.0, 7142602.0 ], [ 3065612.0, 7142799.0 ], [ 3065626.0, 7142875.0 ], [ 3065628.0, 7142902.0 ], [ 3065630.0, 7142923.0 ], [ 3065634.0, 7142974.0 ], [ 3065636.0, 7143045.0 ], [ 3065636.0, 7143048.0 ], [ 3065636.0, 7143061.0 ], [ 3065636.0, 7143079.0 ], [ 3065636.0, 7143084.0 ], [ 3065632.0, 7143183.0 ], [ 3065631.0, 7143197.0 ], [ 3065621.0, 7143257.0 ], [ 3065612.0, 7143297.0 ], [ 3065584.0, 7143398.0 ], [ 3065566.0, 7143461.0 ], [ 3065562.0, 7143514.0 ], [ 3065557.0, 7143583.0 ], [ 3065556.0, 7143666.0 ], [ 3065558.0, 7143729.0 ], [ 3065560.0, 7143763.0 ], [ 3065562.0, 7143785.0 ], [ 3065565.0, 7143810.0 ], [ 3065568.0, 7143828.0 ], [ 3065579.0, 7143885.0 ], [ 3065582.0, 7143895.0 ], [ 3065598.0, 7143959.0 ], [ 3065602.0, 7143969.0 ], [ 3065615.0, 7144005.0 ], [ 3065623.0, 7144030.0 ], [ 3065653.0, 7144099.0 ], [ 3065688.0, 7144167.0 ], [ 3065732.0, 7144237.0 ], [ 3065752.0, 7144263.0 ], [ 3065775.0, 7144293.0 ], [ 3065803.0, 7144325.0 ], [ 3065819.0, 7144345.0 ], [ 3065842.0, 7144371.0 ], [ 3065859.0, 7144389.0 ], [ 3065926.0, 7144461.0 ], [ 3066003.0, 7144541.0 ], [ 3066013.0, 7144551.0 ], [ 3066207.0, 7144758.0 ], [ 3066226.0, 7144779.0 ], [ 3066202.0, 7144801.0 ], [ 3066179.0, 7144822.0 ], [ 3066184.0, 7144827.0 ], [ 3066189.0, 7144832.0 ], [ 3066190.0, 7144833.0 ], [ 3066202.0, 7144846.0 ], [ 3066216.0, 7144863.0 ], [ 3066229.0, 7144879.0 ], [ 3066232.0, 7144882.0 ], [ 3066238.0, 7144889.0 ], [ 3066248.0, 7144899.0 ], [ 3066263.0, 7144914.0 ], [ 3066326.0, 7144985.0 ], [ 3066332.0, 7145001.0 ], [ 3066364.0, 7145036.0 ], [ 3066381.0, 7145041.0 ], [ 3066399.0, 7145059.0 ], [ 3066424.0, 7145089.0 ], [ 3066463.0, 7145142.0 ], [ 3066497.0, 7145196.0 ] ] } },
{ "type": "Feature", "properties": { "closeness_centrality": 7.8678512756143095e-05, "source": 9955883681, "target": 10151732580, "ordering_closeness_centrality": 75, "length": 3283, "length_cumulative": 178418 }, "geometry": { "type": "LineString", "coordinates": [ [ 3074778.0, 7151942.0 ], [ 3074792.0, 7151951.0 ], [ 3074904.0, 7152021.0 ], [ 3074959.0, 7152055.0 ], [ 3075023.0, 7152097.0 ], [ 3075063.0, 7152124.0 ], [ 3075010.0, 7152209.0 ], [ 3074949.0, 7152297.0 ], [ 3074897.0, 7152544.0 ], [ 3074895.0, 7152554.0 ], [ 3074893.0, 7152573.0 ], [ 3074955.0, 7152574.0 ], [ 3074955.0, 7152594.0 ], [ 3074962.0, 7152594.0 ], [ 3074969.0, 7152606.0 ], [ 3074987.0, 7152651.0 ], [ 3074986.0, 7152718.0 ], [ 3074987.0, 7152747.0 ], [ 3074989.0, 7152926.0 ], [ 3074991.0, 7153032.0 ], [ 3074991.0, 7153059.0 ], [ 3074990.0, 7153071.0 ], [ 3074999.0, 7153138.0 ], [ 3075035.0, 7153189.0 ], [ 3075041.0, 7153198.0 ], [ 3075161.0, 7153280.0 ], [ 3075303.0, 7153385.0 ], [ 3075443.0, 7153486.0 ], [ 3075650.0, 7153641.0 ], [ 3075656.0, 7153658.0 ], [ 3075716.0, 7153771.0 ], [ 3075744.0, 7153820.0 ], [ 3075707.0, 7153885.0 ], [ 3075657.0, 7153954.0 ], [ 3075666.0, 7153997.0 ], [ 3075670.0, 7154009.0 ], [ 3075671.0, 7154020.0 ], [ 3075674.0, 7154022.0 ], [ 3075666.0, 7154030.0 ], [ 3075661.0, 7154036.0 ], [ 3075409.0, 7154429.0 ], [ 3075370.0, 7154489.0 ] ] } },
{ "type": "Feature", "properties": { "closeness_centrality": 7.8639937287987164e-05, "source": 1588222106, "target": 4620491513, "ordering_closeness_centrality": 76, "length": 1064, "length_cumulative": 179482 }, "geometry": { "type": "LineString", "coordinates": [ [ 3074913.0, 7156122.0 ], [ 3074900.0, 7156138.0 ], [ 3074885.0, 7156154.0 ], [ 3074839.0, 7156133.0 ], [ 3074832.0, 7156130.0 ], [ 3074826.0, 7156144.0 ], [ 3074812.0, 7156137.0 ], [ 3074801.0, 7156132.0 ], [ 3074717.0, 7156089.0 ], [ 3074678.0, 7156072.0 ], [ 3074670.0, 7156094.0 ], [ 3074642.0, 7156088.0 ], [ 3074627.0, 7156083.0 ], [ 3074621.0, 7156081.0 ], [ 3074618.0, 7156090.0 ], [ 3074612.0, 7156105.0 ], [ 3074603.0, 7156101.0 ], [ 3074524.0, 7156065.0 ], [ 3074181.0, 7155915.0 ], [ 3074130.0, 7155892.0 ], [ 3074116.0, 7155886.0 ], [ 3074002.0, 7155837.0 ], [ 3073992.0, 7155853.0 ] ] } },
{ "type": "Feature", "properties": { "closeness_centrality": 7.8448162942479989e-05, "source": 455982455, "target": 9318805444, "ordering_closeness_centrality": 77, "length": 13265, "length_cumulative": 192748 }, "geometry": { "type": "LineString", "coordinates": [ [ 3070253.0, 7153998.0 ], [ 3070247.0, 7154005.0 ], [ 3070244.0, 7154009.0 ], [ 3070239.0, 7154015.0 ], [ 3070228.0, 7154006.0 ], [ 3070133.0, 7153973.0 ], [ 3069952.0, 7153910.0 ], [ 3069948.0, 7153918.0 ], [ 3069939.0, 7153915.0 ], [ 3069924.0, 7153910.0 ], [ 3069887.0, 7153897.0 ], [ 3069853.0, 7153885.0 ], [ 3069837.0, 7153880.0 ], [ 3069830.0, 7153877.0 ], [ 3069825.0, 7153875.0 ], [ 3069791.0, 7153972.0 ], [ 3069781.0, 7153999.0 ], [ 3069764.0, 7154005.0 ], [ 3069724.0, 7154020.0 ], [ 3069701.0, 7154013.0 ], [ 3069658.0, 7154029.0 ], [ 3069599.0, 7154045.0 ], [ 3069593.0, 7154060.0 ], [ 3069545.0, 7154048.0 ], [ 3069493.0, 7154162.0 ], [ 3069480.0, 7154156.0 ], [ 3069469.0, 7154172.0 ], [ 3069453.0, 7154184.0 ], [ 3069389.0, 7154221.0 ], [ 3069299.0, 7154268.0 ], [ 3069288.0, 7154274.0 ], [ 3069264.0, 7154282.0 ], [ 3069229.0, 7154293.0 ], [ 3069190.0, 7154302.0 ], [ 3069142.0, 7154313.0 ], [ 3069126.0, 7154315.0 ], [ 3069076.0, 7154323.0 ], [ 3068948.0, 7154338.0 ], [ 3068881.0, 7154346.0 ], [ 3068859.0, 7154349.0 ], [ 3068853.0, 7154350.0 ], [ 3068818.0, 7154354.0 ], [ 3068748.0, 7154365.0 ], [ 3068735.0, 7154367.0 ], [ 3068682.0, 7154374.0 ], [ 3068662.0, 7154378.0 ], [ 3068563.0, 7154396.0 ], [ 3068468.0, 7154414.0 ], [ 3068420.0, 7154424.0 ], [ 3068403.0, 7154428.0 ], [ 3068317.0, 7154442.0 ], [ 3068239.0, 7154456.0 ], [ 3068213.0, 7154461.0 ], [ 3068057.0, 7154492.0 ], [ 3068045.0, 7154494.0 ], [ 3068027.0, 7154497.0 ], [ 3068001.0, 7154502.0 ], [ 3067895.0, 7154522.0 ], [ 3067632.0, 7154578.0 ], [ 3067624.0, 7154579.0 ], [ 3067604.0, 7154583.0 ], [ 3067574.0, 7154589.0 ], [ 3067495.0, 7154603.0 ], [ 3067447.0, 7154612.0 ], [ 3067382.0, 7154619.0 ], [ 3067256.0, 7154628.0 ], [ 3067249.0, 7154628.0 ], [ 3067189.0, 7154632.0 ], [ 3067149.0, 7154631.0 ], [ 3067143.0, 7154631.0 ], [ 3067120.0, 7154630.0 ], [ 3067114.0, 7154645.0 ], [ 3067059.0, 7154643.0 ], [ 3067008.0, 7154636.0 ], [ 3066998.0, 7154634.0 ], [ 3066822.0, 7154608.0 ], [ 3066742.0, 7154594.0 ], [ 3066522.0, 7154563.0 ], [ 3066500.0, 7154562.0 ], [ 3066495.0, 7154563.0 ], [ 3066477.0, 7154561.0 ], [ 3066429.0, 7154551.0 ], [ 3066405.0, 7154545.0 ], [ 3066344.0, 7154522.0 ], [ 3066301.0, 7154503.0 ], [ 3066280.0, 7154492.0 ], [ 3066250.0, 7154480.0 ], [ 3066238.0, 7154508.0 ], [ 3066233.0, 7154520.0 ], [ 3066226.0, 7154536.0 ], [ 3066145.0, 7154536.0 ], [ 3066084.0, 7154537.0 ], [ 3066059.0, 7154555.0 ], [ 3066032.0, 7154576.0 ], [ 3065945.0, 7154689.0 ], [ 3065912.0, 7154714.0 ], [ 3065888.0, 7154735.0 ], [ 3065869.0, 7154735.0 ], [ 3065865.0, 7154729.0 ], [ 3065859.0, 7154723.0 ], [ 3065851.0, 7154720.0 ], [ 3065816.0, 7154705.0 ], [ 3065790.0, 7154696.0 ], [ 3065685.0, 7154688.0 ], [ 3065632.0, 7154687.0 ], [ 3065510.0, 7154710.0 ], [ 3065450.0, 7154747.0 ], [ 3065288.0, 7154855.0 ], [ 3065268.0, 7154870.0 ], [ 3065259.0, 7154876.0 ], [ 3065244.0, 7154884.0 ], [ 3065238.0, 7154886.0 ], [ 3065232.0, 7154886.0 ], [ 3065227.0, 7154886.0 ], [ 3065221.0, 7154884.0 ], [ 3065215.0, 7154881.0 ], [ 3065207.0, 7154876.0 ], [ 3065199.0, 7154871.0 ], [ 3065192.0, 7154867.0 ], [ 3065173.0, 7154863.0 ], [ 3065149.0, 7154862.0 ], [ 3065117.0, 7154869.0 ], [ 3065083.0, 7154885.0 ], [ 3065043.0, 7154929.0 ], [ 3065039.0, 7154936.0 ], [ 3064935.0, 7155041.0 ], [ 3064926.0, 7155050.0 ], [ 3064895.0, 7155081.0 ], [ 3064817.0, 7155159.0 ], [ 3064782.0, 7155194.0 ], [ 3064734.0, 7155244.0 ], [ 3064702.0, 7155277.0 ], [ 3064655.0, 7155323.0 ], [ 3064626.0, 7155353.0 ], [ 3064604.0, 7155350.0 ], [ 3064588.0, 7155362.0 ], [ 3064571.0, 7155372.0 ], [ 3064552.0, 7155378.0 ], [ 3064478.0, 7155401.0 ], [ 3064449.0, 7155414.0 ], [ 3064410.0, 7155438.0 ], [ 3064387.0, 7155456.0 ], [ 3064362.0, 7155477.0 ], [ 3064315.0, 7155537.0 ], [ 3064279.0, 7155584.0 ], [ 3064256.0, 7155611.0 ], [ 3064240.0, 7155630.0 ], [ 3064226.0, 7155646.0 ], [ 3064221.0, 7155652.0 ], [ 3064206.0, 7155633.0 ], [ 3064153.0, 7155693.0 ], [ 3064092.0, 7155758.0 ], [ 3064037.0, 7155807.0 ], [ 3063946.0, 7155883.0 ], [ 3063890.0, 7155930.0 ], [ 3063868.0, 7155919.0 ], [ 3063834.0, 7155948.0 ], [ 3063768.0, 7156006.0 ], [ 3063538.0, 7156196.0 ], [ 3063469.0, 7156259.0 ], [ 3063374.0, 7156340.0 ], [ 3063206.0, 7156482.0 ], [ 3063181.0, 7156503.0 ], [ 3063138.0, 7156515.0 ], [ 3063121.0, 7156519.0 ], [ 3063113.0, 7156521.0 ], [ 3063039.0, 7156543.0 ], [ 3062991.0, 7156557.0 ], [ 3062707.0, 7156637.0 ], [ 3062670.0, 7156648.0 ], [ 3062576.0, 7156676.0 ], [ 3062555.0, 7156682.0 ], [ 3062545.0, 7156679.0 ], [ 3062526.0, 7156673.0 ], [ 3062505.0, 7156668.0 ], [ 3062480.0, 7156659.0 ], [ 3062414.0, 7156628.0 ], [ 3062395.0, 7156619.0 ], [ 3062368.0, 7156605.0 ], [ 3062364.0, 7156603.0 ], [ 3062348.0, 7156595.0 ], [ 3062326.0, 7156577.0 ], [ 3062319.0, 7156572.0 ], [ 3062315.0, 7156569.0 ], [ 3062294.0, 7156555.0 ], [ 3062288.0, 7156550.0 ], [ 3062248.0, 7156612.0 ], [ 3062250.0, 7156613.0 ], [ 3062272.0, 7156627.0 ], [ 3062273.0, 7156628.0 ], [ 3062268.0, 7156635.0 ], [ 3062274.0, 7156638.0 ], [ 3062215.0, 7156686.0 ], [ 3062166.0, 7156720.0 ], [ 3062160.0, 7156724.0 ], [ 3062144.0, 7156733.0 ], [ 3062060.0, 7156721.0 ], [ 3061938.0, 7156702.0 ], [ 3061923.0, 7156696.0 ], [ 3061841.0, 7156601.0 ], [ 3061795.0, 7156595.0 ], [ 3061791.0, 7156597.0 ], [ 3061732.0, 7156637.0 ], [ 3061606.0, 7156692.0 ], [ 3061546.0, 7156717.0 ], [ 3061509.0, 7156732.0 ], [ 3061421.0, 7156770.0 ], [ 3061410.0, 7156750.0 ], [ 3061404.0, 7156739.0 ], [ 3061357.0, 7156728.0 ], [ 3061334.0, 7156722.0 ], [ 3061287.0, 7156740.0 ], [ 3061277.0, 7156717.0 ], [ 3061028.0, 7156820.0 ], [ 3060917.0, 7156853.0 ], [ 3060805.0, 7156878.0 ], [ 3060650.0, 7156893.0 ], [ 3060278.0, 7156914.0 ], [ 3060133.0, 7156922.0 ], [ 3059987.0, 7156927.0 ], [ 3059815.0, 7156932.0 ], [ 3059603.0, 7156937.0 ], [ 3059571.0, 7156939.0 ], [ 3059319.0, 7156948.0 ], [ 3059285.0, 7156949.0 ], [ 3059229.0, 7156952.0 ], [ 3059183.0, 7156954.0 ], [ 3059163.0, 7156945.0 ], [ 3059093.0, 7156950.0 ], [ 3059083.0, 7156950.0 ], [ 3059075.0, 7156947.0 ], [ 3059071.0, 7156942.0 ], [ 3059070.0, 7156933.0 ], [ 3059015.0, 7156938.0 ], [ 3058906.0, 7156955.0 ], [ 3058902.0, 7156934.0 ], [ 3058839.0, 7156947.0 ], [ 3058835.0, 7156948.0 ], [ 3058803.0, 7156952.0 ], [ 3058788.0, 7156955.0 ], [ 3058778.0, 7156957.0 ], [ 3058747.0, 7156961.0 ], [ 3058742.0, 7156955.0 ], [ 3058724.0, 7156958.0 ], [ 3058698.0, 7156962.0 ], [ 3058696.0, 7156954.0 ], [ 3058679.0, 7156957.0 ], [ 3058674.0, 7156958.0 ], [ 3058666.0, 7156959.0 ], [ 3058642.0, 7156963.0 ], [ 3058635.0, 7156964.0 ], [ 3058631.0, 7156964.0 ], [ 3058599.0, 7156969.0 ], [ 3058598.0, 7156961.0 ], [ 3058578.0, 7156964.0 ] ] } },
{ "type": "Feature", "properties": { "closeness_centrality": 7.8213846283025284e-05, "source": 10151732580, "target": 1588222106, "ordering_closeness_centrality": 78, "length": 1855, "length_cumulative": 194603 }, "geometry": { "type": "MultiLineString", "coordinates": [ [ [ 3073992.0, 7155853.0 ], [ 3073977.0, 7155886.0 ], [ 3073991.0, 7155892.0 ], [ 3074003.0, 7155891.0 ], [ 3074032.0, 7155904.0 ], [ 3074038.0, 7155906.0 ], [ 3074051.0, 7155880.0 ] ], [ [ 3074051.0, 7155880.0 ], [ 3074060.0, 7155861.0 ] ], [ [ 3074060.0, 7155861.0 ], [ 3074068.0, 7155843.0 ], [ 3074077.0, 7155847.0 ], [ 3074100.0, 7155857.0 ], [ 3074107.0, 7155841.0 ], [ 3074074.0, 7155826.0 ], [ 3074076.0, 7155822.0 ], [ 3074092.0, 7155787.0 ], [ 3074099.0, 7155769.0 ], [ 3074179.0, 7155755.0 ], [ 3074217.0, 7155754.0 ], [ 3074294.0, 7155735.0 ], [ 3074316.0, 7155727.0 ], [ 3074335.0, 7155716.0 ], [ 3074454.0, 7155667.0 ], [ 3074512.0, 7155609.0 ], [ 3074532.0, 7155552.0 ], [ 3074568.0, 7155527.0 ], [ 3074590.0, 7155511.0 ], [ 3074632.0, 7155470.0 ], [ 3074671.0, 7155461.0 ], [ 3074716.0, 7155440.0 ], [ 3074745.0, 7155417.0 ], [ 3074785.0, 7155363.0 ], [ 3074829.0, 7155332.0 ], [ 3074864.0, 7155302.0 ], [ 3074888.0, 7155274.0 ], [ 3074926.0, 7155187.0 ], [ 3074938.0, 7155116.0 ], [ 3074954.0, 7155083.0 ], [ 3074991.0, 7155025.0 ], [ 3075140.0, 7154782.0 ] ] ] } },
{ "type": "Feature", "properties": { "closeness_centrality": 7.8152076861946773e-05, "source": 3476022455, "target": 9609438175, "ordering_closeness_centrality": 79, "length": 3267, "length_cumulative": 197871 }, "geometry": { "type": "LineString", "coordinates": [ [ 3067509.0, 7141969.0 ], [ 3067515.0, 7141995.0 ], [ 3067522.0, 7142032.0 ], [ 3067525.0, 7142040.0 ], [ 3067518.0, 7142048.0 ], [ 3067497.0, 7142075.0 ], [ 3067488.0, 7142082.0 ], [ 3067473.0, 7142086.0 ], [ 3067463.0, 7142093.0 ], [ 3067459.0, 7142096.0 ], [ 3067448.0, 7142110.0 ], [ 3067438.0, 7142123.0 ], [ 3067429.0, 7142133.0 ], [ 3067445.0, 7142152.0 ], [ 3067459.0, 7142170.0 ], [ 3067468.0, 7142186.0 ], [ 3067476.0, 7142204.0 ], [ 3067488.0, 7142238.0 ], [ 3067503.0, 7142336.0 ], [ 3067508.0, 7142383.0 ], [ 3067510.0, 7142441.0 ], [ 3067501.0, 7142579.0 ], [ 3067485.0, 7142790.0 ], [ 3067486.0, 7142854.0 ], [ 3067490.0, 7142910.0 ], [ 3067503.0, 7143010.0 ], [ 3067507.0, 7143032.0 ], [ 3067527.0, 7143108.0 ], [ 3067558.0, 7143224.0 ], [ 3067559.0, 7143228.0 ], [ 3067559.0, 7143229.0 ], [ 3067563.0, 7143242.0 ], [ 3067684.0, 7143517.0 ], [ 3067701.0, 7143558.0 ], [ 3067702.0, 7143577.0 ], [ 3067704.0, 7143595.0 ], [ 3067704.0, 7143599.0 ], [ 3067705.0, 7143605.0 ], [ 3067707.0, 7143615.0 ], [ 3067710.0, 7143624.0 ], [ 3067712.0, 7143632.0 ], [ 3067715.0, 7143640.0 ], [ 3067718.0, 7143646.0 ], [ 3067722.0, 7143653.0 ], [ 3067728.0, 7143662.0 ], [ 3067723.0, 7143670.0 ], [ 3067727.0, 7143689.0 ], [ 3067731.0, 7143721.0 ], [ 3067735.0, 7143744.0 ], [ 3067738.0, 7143749.0 ], [ 3067749.0, 7143764.0 ], [ 3067719.0, 7143788.0 ], [ 3067637.0, 7143851.0 ], [ 3067632.0, 7143865.0 ], [ 3067631.0, 7143877.0 ], [ 3067626.0, 7143881.0 ], [ 3067620.0, 7143885.0 ], [ 3067611.0, 7143891.0 ], [ 3067632.0, 7144015.0 ], [ 3067649.0, 7144109.0 ], [ 3067679.0, 7144294.0 ], [ 3067707.0, 7144511.0 ], [ 3067690.0, 7144514.0 ], [ 3067692.0, 7144536.0 ], [ 3067685.0, 7144537.0 ], [ 3067629.0, 7144565.0 ], [ 3067580.0, 7144589.0 ], [ 3067578.0, 7144590.0 ], [ 3067523.0, 7144616.0 ], [ 3067485.0, 7144634.0 ], [ 3067466.0, 7144643.0 ], [ 3067471.0, 7144675.0 ], [ 3067483.0, 7144758.0 ], [ 3067486.0, 7144778.0 ], [ 3067487.0, 7144780.0 ], [ 3067470.0, 7144788.0 ], [ 3067463.0, 7144791.0 ], [ 3067443.0, 7144801.0 ], [ 3067439.0, 7144819.0 ], [ 3067430.0, 7144848.0 ], [ 3067427.0, 7144861.0 ] ] } },
{ "type": "Feature", "properties": { "closeness_centrality": 7.7813109149788514e-05, "source": 275073093, "target": 6703659190, "ordering_closeness_centrality": 80, "length": 3477, "length_cumulative": 201348 }, "geometry": { "type": "LineString", "coordinates": [ [ 3065566.0, 7143461.0 ], [ 3065549.0, 7143511.0 ], [ 3065524.0, 7143576.0 ], [ 3065519.0, 7143587.0 ], [ 3065485.0, 7143654.0 ], [ 3065455.0, 7143709.0 ], [ 3065433.0, 7143748.0 ], [ 3065426.0, 7143760.0 ], [ 3065388.0, 7143812.0 ], [ 3065373.0, 7143834.0 ], [ 3065330.0, 7143888.0 ], [ 3065310.0, 7143912.0 ], [ 3065274.0, 7143955.0 ], [ 3065267.0, 7143964.0 ], [ 3065256.0, 7143978.0 ], [ 3065218.0, 7144020.0 ], [ 3065156.0, 7144089.0 ], [ 3065146.0, 7144100.0 ], [ 3065131.0, 7144117.0 ], [ 3065116.0, 7144134.0 ], [ 3065091.0, 7144162.0 ], [ 3065050.0, 7144206.0 ], [ 3065014.0, 7144245.0 ], [ 3064983.0, 7144280.0 ], [ 3064775.0, 7144508.0 ], [ 3064697.0, 7144600.0 ], [ 3064640.0, 7144668.0 ], [ 3064634.0, 7144676.0 ], [ 3064606.0, 7144705.0 ], [ 3064590.0, 7144722.0 ], [ 3064567.0, 7144748.0 ], [ 3064524.0, 7144795.0 ], [ 3064432.0, 7144890.0 ], [ 3064354.0, 7144977.0 ], [ 3064321.0, 7145012.0 ], [ 3064284.0, 7145046.0 ], [ 3064228.0, 7145098.0 ], [ 3064212.0, 7145111.0 ], [ 3064193.0, 7145127.0 ], [ 3064203.0, 7145158.0 ], [ 3064208.0, 7145177.0 ], [ 3064214.0, 7145201.0 ], [ 3064217.0, 7145225.0 ], [ 3064220.0, 7145250.0 ], [ 3064221.0, 7145271.0 ], [ 3064221.0, 7145297.0 ], [ 3064219.0, 7145320.0 ], [ 3064217.0, 7145342.0 ], [ 3064211.0, 7145377.0 ], [ 3064201.0, 7145424.0 ], [ 3064196.0, 7145460.0 ], [ 3064183.0, 7145530.0 ], [ 3064173.0, 7145588.0 ], [ 3064171.0, 7145602.0 ], [ 3064169.0, 7145619.0 ], [ 3064165.0, 7145641.0 ], [ 3064161.0, 7145664.0 ], [ 3064159.0, 7145675.0 ], [ 3064146.0, 7145738.0 ], [ 3064119.0, 7145869.0 ], [ 3064116.0, 7145897.0 ], [ 3064114.0, 7145916.0 ], [ 3064112.0, 7145933.0 ], [ 3064111.0, 7145959.0 ], [ 3064112.0, 7145970.0 ], [ 3064112.0, 7145978.0 ], [ 3064113.0, 7146013.0 ], [ 3064115.0, 7146031.0 ], [ 3064124.0, 7146030.0 ], [ 3064136.0, 7146038.0 ], [ 3064139.0, 7146041.0 ], [ 3064146.0, 7146047.0 ], [ 3064152.0, 7146040.0 ], [ 3064158.0, 7146037.0 ], [ 3064164.0, 7146037.0 ], [ 3064171.0, 7146038.0 ], [ 3064177.0, 7146039.0 ], [ 3064183.0, 7146041.0 ], [ 3064191.0, 7146044.0 ], [ 3064200.0, 7146050.0 ], [ 3064207.0, 7146056.0 ], [ 3064210.0, 7146062.0 ], [ 3064214.0, 7146068.0 ], [ 3064221.0, 7146074.0 ], [ 3064232.0, 7146086.0 ], [ 3064237.0, 7146091.0 ], [ 3064249.0, 7146106.0 ], [ 3064255.0, 7146114.0 ], [ 3064261.0, 7146122.0 ], [ 3064272.0, 7146135.0 ], [ 3064277.0, 7146141.0 ], [ 3064316.0, 7146192.0 ], [ 3064318.0, 7146194.0 ], [ 3064335.0, 7146218.0 ], [ 3064342.0, 7146229.0 ], [ 3064342.0, 7146251.0 ], [ 3064319.0, 7146267.0 ], [ 3064319.0, 7146278.0 ] ] } },
{ "type": "Feature", "properties": { "closeness_centrality": 7.7326031466705121e-05, "source": 4970895072, "target": 9318805444, "ordering_closeness_centrality": 82, "length": 6754, "length_cumulative": 208103 }, "geometry": { "type": "LineString", "coordinates": [ [ 3058788.0, 7156955.0 ], [ 3058779.0, 7156906.0 ], [ 3058776.0, 7156887.0 ], [ 3058753.0, 7156890.0 ], [ 3058727.0, 7156894.0 ], [ 3058724.0, 7156895.0 ], [ 3058723.0, 7156887.0 ], [ 3058723.0, 7156873.0 ], [ 3058722.0, 7156868.0 ], [ 3058803.0, 7156854.0 ], [ 3058873.0, 7156843.0 ], [ 3058883.0, 7156842.0 ], [ 3058901.0, 7156838.0 ], [ 3058920.0, 7156834.0 ], [ 3058918.0, 7156825.0 ], [ 3058981.0, 7156804.0 ], [ 3059003.0, 7156791.0 ], [ 3059026.0, 7156777.0 ], [ 3059052.0, 7156761.0 ], [ 3059072.0, 7156747.0 ], [ 3059080.0, 7156742.0 ], [ 3059097.0, 7156727.0 ], [ 3059110.0, 7156715.0 ], [ 3059132.0, 7156691.0 ], [ 3059136.0, 7156684.0 ], [ 3059163.0, 7156640.0 ], [ 3059244.0, 7156531.0 ], [ 3059249.0, 7156525.0 ], [ 3059254.0, 7156518.0 ], [ 3059264.0, 7156507.0 ], [ 3059268.0, 7156502.0 ], [ 3059278.0, 7156502.0 ], [ 3059286.0, 7156501.0 ], [ 3059289.0, 7156501.0 ], [ 3059294.0, 7156500.0 ], [ 3059292.0, 7156497.0 ], [ 3059333.0, 7156498.0 ], [ 3059339.0, 7156498.0 ], [ 3059352.0, 7156495.0 ], [ 3059360.0, 7156495.0 ], [ 3059366.0, 7156494.0 ], [ 3059420.0, 7156462.0 ], [ 3059439.0, 7156450.0 ], [ 3059442.0, 7156449.0 ], [ 3059463.0, 7156432.0 ], [ 3059537.0, 7156416.0 ], [ 3059558.0, 7156413.0 ], [ 3059577.0, 7156412.0 ], [ 3059579.0, 7156411.0 ], [ 3059591.0, 7156409.0 ], [ 3059694.0, 7156329.0 ], [ 3059708.0, 7156320.0 ], [ 3059733.0, 7156308.0 ], [ 3059739.0, 7156304.0 ], [ 3059776.0, 7156291.0 ], [ 3059785.0, 7156288.0 ], [ 3059797.0, 7156284.0 ], [ 3059811.0, 7156278.0 ], [ 3059811.0, 7156235.0 ], [ 3059859.0, 7156191.0 ], [ 3059881.0, 7156173.0 ], [ 3059890.0, 7156163.0 ], [ 3059891.0, 7156123.0 ], [ 3059886.0, 7156063.0 ], [ 3059896.0, 7156055.0 ], [ 3059895.0, 7156042.0 ], [ 3059892.0, 7156018.0 ], [ 3059890.0, 7155970.0 ], [ 3059889.0, 7155918.0 ], [ 3059915.0, 7155885.0 ], [ 3059940.0, 7155853.0 ], [ 3059964.0, 7155822.0 ], [ 3059987.0, 7155794.0 ], [ 3059981.0, 7155776.0 ], [ 3059973.0, 7155751.0 ], [ 3059992.0, 7155725.0 ], [ 3060010.0, 7155687.0 ], [ 3060019.0, 7155675.0 ], [ 3060043.0, 7155645.0 ], [ 3060062.0, 7155643.0 ], [ 3060074.0, 7155641.0 ], [ 3060086.0, 7155639.0 ], [ 3060117.0, 7155634.0 ], [ 3060118.0, 7155634.0 ], [ 3060132.0, 7155623.0 ], [ 3060131.0, 7155608.0 ], [ 3060201.0, 7155597.0 ], [ 3060209.0, 7155596.0 ], [ 3060265.0, 7155588.0 ], [ 3060292.0, 7155584.0 ], [ 3060325.0, 7155579.0 ], [ 3060355.0, 7155575.0 ], [ 3060374.0, 7155572.0 ], [ 3060385.0, 7155570.0 ], [ 3060427.0, 7155562.0 ], [ 3060457.0, 7155556.0 ], [ 3060499.0, 7155545.0 ], [ 3060546.0, 7155532.0 ], [ 3060609.0, 7155507.0 ], [ 3060634.0, 7155496.0 ], [ 3060665.0, 7155481.0 ], [ 3060676.0, 7155476.0 ], [ 3060695.0, 7155465.0 ], [ 3060709.0, 7155458.0 ], [ 3060748.0, 7155437.0 ], [ 3060786.0, 7155412.0 ], [ 3060804.0, 7155400.0 ], [ 3060857.0, 7155358.0 ], [ 3060927.0, 7155295.0 ], [ 3060990.0, 7155225.0 ], [ 3061042.0, 7155152.0 ], [ 3061074.0, 7155104.0 ], [ 3061108.0, 7155063.0 ], [ 3061132.0, 7155034.0 ], [ 3061150.0, 7155007.0 ], [ 3061204.0, 7154930.0 ], [ 3061208.0, 7154925.0 ], [ 3061228.0, 7154896.0 ], [ 3061241.0, 7154876.0 ], [ 3061277.0, 7154826.0 ], [ 3061307.0, 7154783.0 ], [ 3061343.0, 7154730.0 ], [ 3061379.0, 7154677.0 ], [ 3061398.0, 7154651.0 ], [ 3061430.0, 7154605.0 ], [ 3061460.0, 7154562.0 ], [ 3061489.0, 7154519.0 ], [ 3061502.0, 7154500.0 ], [ 3061516.0, 7154480.0 ], [ 3061552.0, 7154428.0 ], [ 3061565.0, 7154410.0 ], [ 3061577.0, 7154394.0 ], [ 3061594.0, 7154372.0 ], [ 3061706.0, 7154221.0 ], [ 3061757.0, 7154152.0 ], [ 3061773.0, 7154131.0 ], [ 3061779.0, 7154121.0 ], [ 3061838.0, 7154039.0 ], [ 3061880.0, 7153980.0 ], [ 3061944.0, 7153890.0 ], [ 3061966.0, 7153857.0 ], [ 3062000.0, 7153808.0 ], [ 3062009.0, 7153789.0 ], [ 3062013.0, 7153775.0 ], [ 3062017.0, 7153752.0 ], [ 3062017.0, 7153732.0 ], [ 3062018.0, 7153717.0 ], [ 3062035.0, 7153714.0 ], [ 3062036.0, 7153699.0 ], [ 3062042.0, 7153536.0 ], [ 3062041.0, 7153510.0 ], [ 3062041.0, 7153503.0 ], [ 3062041.0, 7153486.0 ], [ 3062043.0, 7153467.0 ], [ 3062046.0, 7153419.0 ], [ 3062055.0, 7153273.0 ], [ 3062053.0, 7153236.0 ], [ 3062052.0, 7153214.0 ], [ 3062053.0, 7153193.0 ], [ 3062090.0, 7153152.0 ], [ 3062245.0, 7153042.0 ], [ 3062314.0, 7152994.0 ], [ 3062346.0, 7152969.0 ], [ 3062438.0, 7152908.0 ], [ 3062494.0, 7152871.0 ], [ 3062516.0, 7152858.0 ], [ 3062564.0, 7152836.0 ], [ 3062590.0, 7152826.0 ], [ 3062625.0, 7152814.0 ], [ 3062657.0, 7152804.0 ], [ 3062676.0, 7152797.0 ], [ 3062698.0, 7152790.0 ], [ 3062764.0, 7152780.0 ], [ 3062798.0, 7152771.0 ], [ 3062817.0, 7152767.0 ], [ 3062841.0, 7152763.0 ], [ 3062880.0, 7152756.0 ], [ 3062973.0, 7152740.0 ], [ 3062971.0, 7152729.0 ], [ 3063002.0, 7152722.0 ], [ 3063005.0, 7152696.0 ] ] } },
{ "type": "Feature", "properties": { "closeness_centrality": 7.7034843848207776e-05, "source": 9955883681, "target": 1638811302, "ordering_closeness_centrality": 83, "length": 3543, "length_cumulative": 211646 }, "geometry": { "type": "MultiLineString", "coordinates": [ [ [ 3075582.0, 7146707.0 ], [ 3075573.0, 7146710.0 ], [ 3075589.0, 7146762.0 ], [ 3075550.0, 7146828.0 ], [ 3075530.0, 7146863.0 ], [ 3075503.0, 7146909.0 ], [ 3075492.0, 7146926.0 ], [ 3075494.0, 7146952.0 ], [ 3075479.0, 7146952.0 ], [ 3075479.0, 7146977.0 ], [ 3075479.0, 7146996.0 ], [ 3075478.0, 7147015.0 ], [ 3075474.0, 7147052.0 ], [ 3075467.0, 7147072.0 ], [ 3075465.0, 7147078.0 ], [ 3075454.0, 7147102.0 ], [ 3075020.0, 7147827.0 ], [ 3074999.0, 7147864.0 ], [ 3074987.0, 7147881.0 ], [ 3074976.0, 7147901.0 ], [ 3074744.0, 7148287.0 ], [ 3074735.0, 7148302.0 ], [ 3074725.0, 7148318.0 ], [ 3074714.0, 7148337.0 ], [ 3074709.0, 7148344.0 ], [ 3074679.0, 7148396.0 ], [ 3074646.0, 7148452.0 ], [ 3074604.0, 7148524.0 ], [ 3074612.0, 7148534.0 ], [ 3074572.0, 7148601.0 ], [ 3074542.0, 7148652.0 ], [ 3074531.0, 7148668.0 ], [ 3074521.0, 7148688.0 ], [ 3074521.0, 7148689.0 ], [ 3074499.0, 7148724.0 ], [ 3074485.0, 7148748.0 ], [ 3074482.0, 7148754.0 ], [ 3074470.0, 7148774.0 ], [ 3074435.0, 7148831.0 ], [ 3074427.0, 7148855.0 ], [ 3074414.0, 7148876.0 ], [ 3074412.0, 7148880.0 ], [ 3074411.0, 7148881.0 ], [ 3074380.0, 7148927.0 ], [ 3074375.0, 7148934.0 ], [ 3074313.0, 7149028.0 ], [ 3074307.0, 7149037.0 ], [ 3074236.0, 7149135.0 ], [ 3074216.0, 7149165.0 ], [ 3074178.0, 7149219.0 ], [ 3074151.0, 7149255.0 ] ], [ [ 3074151.0, 7149255.0 ], [ 3074124.0, 7149292.0 ] ], [ [ 3074010.0, 7149456.0 ], [ 3073988.0, 7149485.0 ], [ 3073981.0, 7149494.0 ], [ 3073965.0, 7149518.0 ], [ 3073953.0, 7149535.0 ], [ 3073948.0, 7149644.0 ], [ 3073947.0, 7149660.0 ], [ 3073942.0, 7149716.0 ], [ 3073933.0, 7149836.0 ], [ 3073924.0, 7149850.0 ], [ 3073915.0, 7149864.0 ], [ 3073875.0, 7149923.0 ], [ 3073881.0, 7149929.0 ], [ 3073889.0, 7149934.0 ] ] ] } },
{ "type": "Feature", "properties": { "closeness_centrality": 7.6878020617348518e-05, "source": 1638811302, "target": 566211411, "ordering_closeness_centrality": 84, "length": 59, "length_cumulative": 211706 }, "geometry": { "type": "LineString", "coordinates": [ [ 3074178.0, 7149219.0 ], [ 3074189.0, 7149227.0 ], [ 3074179.0, 7149238.0 ], [ 3074167.0, 7149255.0 ], [ 3074161.0, 7149263.0 ] ] } },
{ "type": "Feature", "properties": { "closeness_centrality": 7.6593153478835886e-05, "source": 1638811302, "target": 4241022804, "ordering_closeness_centrality": 85, "length": 5050, "length_cumulative": 216756 }, "geometry": { "type": "LineString", "coordinates": [ [ 3069817.0, 7146145.0 ], [ 3069924.0, 7146160.0 ], [ 3069939.0, 7146162.0 ], [ 3069946.0, 7146163.0 ], [ 3069953.0, 7146164.0 ], [ 3070113.0, 7146188.0 ], [ 3070207.0, 7146200.0 ], [ 3070220.0, 7146202.0 ], [ 3070231.0, 7146203.0 ], [ 3070237.0, 7146204.0 ], [ 3070240.0, 7146204.0 ], [ 3070272.0, 7146211.0 ], [ 3070325.0, 7146223.0 ], [ 3070579.0, 7146304.0 ], [ 3070594.0, 7146314.0 ], [ 3070710.0, 7146355.0 ], [ 3070716.0, 7146357.0 ], [ 3070740.0, 7146365.0 ], [ 3070760.0, 7146368.0 ], [ 3070778.0, 7146371.0 ], [ 3070826.0, 7146391.0 ], [ 3070834.0, 7146395.0 ], [ 3070839.0, 7146397.0 ], [ 3070885.0, 7146412.0 ], [ 3070887.0, 7146413.0 ], [ 3070899.0, 7146417.0 ], [ 3070914.0, 7146422.0 ], [ 3070944.0, 7146433.0 ], [ 3070958.0, 7146438.0 ], [ 3070984.0, 7146447.0 ], [ 3071173.0, 7146511.0 ], [ 3071288.0, 7146549.0 ], [ 3071411.0, 7146593.0 ], [ 3071420.0, 7146596.0 ], [ 3071435.0, 7146601.0 ], [ 3071449.0, 7146606.0 ], [ 3071536.0, 7146636.0 ], [ 3071542.0, 7146638.0 ], [ 3071564.0, 7146645.0 ], [ 3071584.0, 7146652.0 ], [ 3071625.0, 7146667.0 ], [ 3071641.0, 7146672.0 ], [ 3071659.0, 7146678.0 ], [ 3071688.0, 7146688.0 ], [ 3071720.0, 7146696.0 ], [ 3071760.0, 7146706.0 ], [ 3071768.0, 7146708.0 ], [ 3071774.0, 7146709.0 ], [ 3071787.0, 7146712.0 ], [ 3071804.0, 7146716.0 ], [ 3071812.0, 7146717.0 ], [ 3071837.0, 7146719.0 ], [ 3071875.0, 7146725.0 ], [ 3071942.0, 7146729.0 ], [ 3071952.0, 7146726.0 ], [ 3071959.0, 7146736.0 ], [ 3071961.0, 7146743.0 ], [ 3072002.0, 7146743.0 ], [ 3072130.0, 7146742.0 ], [ 3072168.0, 7146742.0 ], [ 3072237.0, 7146739.0 ], [ 3072243.0, 7146739.0 ], [ 3072281.0, 7146738.0 ], [ 3072371.0, 7146739.0 ], [ 3072542.0, 7146738.0 ], [ 3072618.0, 7146738.0 ], [ 3072747.0, 7146737.0 ], [ 3072787.0, 7146740.0 ], [ 3072822.0, 7146743.0 ], [ 3072890.0, 7146752.0 ], [ 3072940.0, 7146763.0 ], [ 3072974.0, 7146771.0 ], [ 3073023.0, 7146787.0 ], [ 3073037.0, 7146793.0 ], [ 3073049.0, 7146798.0 ], [ 3073114.0, 7146829.0 ], [ 3073161.0, 7146857.0 ], [ 3073205.0, 7146887.0 ], [ 3073250.0, 7146920.0 ], [ 3073267.0, 7146934.0 ], [ 3073277.0, 7146941.0 ], [ 3073287.0, 7146929.0 ], [ 3073290.0, 7146925.0 ], [ 3073360.0, 7146991.0 ], [ 3073363.0, 7146988.0 ], [ 3073401.0, 7147009.0 ], [ 3073448.0, 7147013.0 ], [ 3073462.0, 7147016.0 ], [ 3073490.0, 7147014.0 ], [ 3073522.0, 7147014.0 ], [ 3073540.0, 7147016.0 ], [ 3073591.0, 7147019.0 ], [ 3073598.0, 7147022.0 ], [ 3073643.0, 7147005.0 ], [ 3073659.0, 7147011.0 ], [ 3073700.0, 7147008.0 ], [ 3073707.0, 7147008.0 ], [ 3073711.0, 7147013.0 ], [ 3073718.0, 7147019.0 ], [ 3073778.0, 7147001.0 ], [ 3073825.0, 7146987.0 ], [ 3073828.0, 7146999.0 ], [ 3073871.0, 7147013.0 ], [ 3073879.0, 7147011.0 ], [ 3073891.0, 7147015.0 ], [ 3073924.0, 7147026.0 ], [ 3073932.0, 7147027.0 ], [ 3073936.0, 7147040.0 ], [ 3073941.0, 7147056.0 ], [ 3074462.0, 7146876.0 ], [ 3074537.0, 7146851.0 ], [ 3074566.0, 7146841.0 ], [ 3074572.0, 7146850.0 ], [ 3074581.0, 7146860.0 ] ] } },
{ "type": "Feature", "properties": { "closeness_centrality": 7.60051105946564e-05, "source": 6703659190, "target": 5074615032, "ordering_closeness_centrality": 86, "length": 3800, "length_cumulative": 220557 }, "geometry": { "type": "LineString", "coordinates": [ [ 3059783.0, 7144606.0 ], [ 3060015.0, 7144936.0 ], [ 3060052.0, 7144989.0 ], [ 3060102.0, 7145061.0 ], [ 3060190.0, 7145185.0 ], [ 3060237.0, 7145223.0 ], [ 3060265.0, 7145241.0 ], [ 3060283.0, 7145253.0 ], [ 3060342.0, 7145294.0 ], [ 3060375.0, 7145317.0 ], [ 3060424.0, 7145352.0 ], [ 3060501.0, 7145415.0 ], [ 3060559.0, 7145463.0 ], [ 3060574.0, 7145475.0 ], [ 3060585.0, 7145484.0 ], [ 3060623.0, 7145513.0 ], [ 3060655.0, 7145537.0 ], [ 3060699.0, 7145569.0 ], [ 3060767.0, 7145621.0 ], [ 3060982.0, 7145781.0 ], [ 3061120.0, 7145901.0 ], [ 3061172.0, 7145952.0 ], [ 3061239.0, 7146019.0 ], [ 3061303.0, 7146096.0 ], [ 3061319.0, 7146115.0 ], [ 3061334.0, 7146132.0 ], [ 3061343.0, 7146142.0 ], [ 3061437.0, 7146243.0 ], [ 3061455.0, 7146262.0 ], [ 3061475.0, 7146285.0 ], [ 3061490.0, 7146271.0 ], [ 3061515.0, 7146301.0 ], [ 3061538.0, 7146324.0 ], [ 3061543.0, 7146329.0 ], [ 3061617.0, 7146412.0 ], [ 3061664.0, 7146464.0 ], [ 3061702.0, 7146507.0 ], [ 3061777.0, 7146588.0 ], [ 3061802.0, 7146613.0 ], [ 3061835.0, 7146640.0 ], [ 3061871.0, 7146671.0 ], [ 3061884.0, 7146683.0 ], [ 3061889.0, 7146686.0 ], [ 3061898.0, 7146693.0 ], [ 3061919.0, 7146700.0 ], [ 3061931.0, 7146706.0 ], [ 3061973.0, 7146719.0 ], [ 3061990.0, 7146723.0 ], [ 3062009.0, 7146730.0 ], [ 3062116.0, 7146768.0 ], [ 3062190.0, 7146797.0 ], [ 3062202.0, 7146798.0 ], [ 3062234.0, 7146800.0 ], [ 3062295.0, 7146824.0 ], [ 3062300.0, 7146826.0 ], [ 3062319.0, 7146821.0 ], [ 3062330.0, 7146821.0 ], [ 3062346.0, 7146828.0 ], [ 3062363.0, 7146834.0 ], [ 3062371.0, 7146841.0 ], [ 3062381.0, 7146850.0 ], [ 3062426.0, 7146864.0 ], [ 3062438.0, 7146868.0 ], [ 3062460.0, 7146875.0 ], [ 3062474.0, 7146876.0 ], [ 3062481.0, 7146876.0 ], [ 3062502.0, 7146884.0 ], [ 3062604.0, 7146920.0 ], [ 3062612.0, 7146920.0 ], [ 3062619.0, 7146917.0 ], [ 3062625.0, 7146921.0 ], [ 3062636.0, 7146931.0 ] ] } },
{ "type": "Feature", "properties": { "closeness_centrality": 7.5909431117374501e-05, "source": 10151732580, "target": 4620491513, "ordering_closeness_centrality": 87, "length": 1486, "length_cumulative": 222043 }, "geometry": { "type": "LineString", "coordinates": [ [ 3074913.0, 7156122.0 ], [ 3074842.0, 7156089.0 ], [ 3074830.0, 7156085.0 ], [ 3074810.0, 7156071.0 ], [ 3074784.0, 7156046.0 ], [ 3074771.0, 7156032.0 ], [ 3074760.0, 7156016.0 ], [ 3074739.0, 7155964.0 ], [ 3074722.0, 7155934.0 ], [ 3074657.0, 7155987.0 ], [ 3074656.0, 7155980.0 ], [ 3074628.0, 7156003.0 ], [ 3074628.0, 7156001.0 ], [ 3074625.0, 7155994.0 ], [ 3074930.0, 7155740.0 ], [ 3074956.0, 7155715.0 ], [ 3074966.0, 7155682.0 ], [ 3074989.0, 7155576.0 ], [ 3074987.0, 7155494.0 ], [ 3074977.0, 7155285.0 ], [ 3074952.0, 7155112.0 ], [ 3074954.0, 7155083.0 ] ] } },
{ "type": "Feature", "properties": { "closeness_centrality": 7.5317054088262526e-05, "source": 9955883681, "target": 11716432841, "ordering_closeness_centrality": 88, "length": 3677, "length_cumulative": 225721 }, "geometry": { "type": "LineString", "coordinates": [ [ 3074968.0, 7151642.0 ], [ 3074979.0, 7151650.0 ], [ 3075115.0, 7151733.0 ], [ 3075143.0, 7151750.0 ], [ 3075319.0, 7151863.0 ], [ 3075337.0, 7151876.0 ], [ 3075335.0, 7151880.0 ], [ 3075332.0, 7151884.0 ], [ 3075384.0, 7151916.0 ], [ 3075421.0, 7151939.0 ], [ 3075462.0, 7151964.0 ], [ 3075499.0, 7151987.0 ], [ 3075500.0, 7151987.0 ], [ 3075520.0, 7151999.0 ], [ 3075543.0, 7152013.0 ], [ 3075601.0, 7152049.0 ], [ 3075686.0, 7152104.0 ], [ 3075699.0, 7152113.0 ], [ 3075693.0, 7152123.0 ], [ 3075832.0, 7152209.0 ], [ 3075908.0, 7152259.0 ], [ 3075928.0, 7152278.0 ], [ 3075936.0, 7152285.0 ], [ 3075934.0, 7152334.0 ], [ 3075945.0, 7152393.0 ], [ 3075931.0, 7152400.0 ], [ 3075941.0, 7152423.0 ], [ 3075866.0, 7152459.0 ], [ 3075873.0, 7152465.0 ], [ 3075927.0, 7152519.0 ], [ 3075940.0, 7152531.0 ], [ 3075958.0, 7152547.0 ], [ 3075952.0, 7152559.0 ], [ 3075946.0, 7152573.0 ], [ 3075942.0, 7152589.0 ], [ 3075935.0, 7152610.0 ], [ 3075929.0, 7152630.0 ], [ 3075920.0, 7152681.0 ], [ 3075923.0, 7152720.0 ], [ 3075924.0, 7152742.0 ], [ 3075925.0, 7152756.0 ], [ 3075931.0, 7152784.0 ], [ 3075932.0, 7152791.0 ], [ 3076012.0, 7152943.0 ], [ 3076022.0, 7152952.0 ], [ 3076025.0, 7152955.0 ], [ 3076034.0, 7152963.0 ], [ 3076040.0, 7152969.0 ], [ 3076054.0, 7152996.0 ], [ 3076082.0, 7153047.0 ], [ 3076087.0, 7153056.0 ], [ 3076131.0, 7153138.0 ], [ 3076141.0, 7153156.0 ], [ 3076194.0, 7153261.0 ], [ 3076214.0, 7153301.0 ], [ 3076302.0, 7153501.0 ], [ 3076316.0, 7153511.0 ], [ 3076319.0, 7153522.0 ], [ 3076366.0, 7153556.0 ], [ 3076495.0, 7153635.0 ], [ 3076507.0, 7153645.0 ], [ 3076504.0, 7153656.0 ], [ 3076539.0, 7153682.0 ], [ 3076618.0, 7153728.0 ], [ 3076609.0, 7153758.0 ], [ 3076641.0, 7153771.0 ], [ 3076702.0, 7153797.0 ], [ 3077089.0, 7154034.0 ], [ 3077130.0, 7154054.0 ], [ 3077137.0, 7154058.0 ], [ 3077150.0, 7154065.0 ], [ 3077158.0, 7154050.0 ], [ 3077162.0, 7154044.0 ] ] } },
{ "type": "Feature", "properties": { "closeness_centrality": 7.5087449996655628e-05, "source": 4620491513, "target": 3044321944, "ordering_closeness_centrality": 89, "length": 836, "length_cumulative": 226557 }, "geometry": { "type": "LineString", "coordinates": [ [ 3074670.0, 7156094.0 ], [ 3074721.0, 7156120.0 ], [ 3075314.0, 7156387.0 ], [ 3075311.0, 7156393.0 ], [ 3075309.0, 7156399.0 ], [ 3075312.0, 7156401.0 ], [ 3075335.0, 7156413.0 ], [ 3075362.0, 7156425.0 ], [ 3075338.0, 7156476.0 ] ] } },
{ "type": "Feature", "properties": { "closeness_centrality": 7.5020119413536727e-05, "source": 4241022804, "target": 3476022455, "ordering_closeness_centrality": 90, "length": 848, "length_cumulative": 227406 }, "geometry": { "type": "LineString", "coordinates": [ [ 3067873.0, 7144600.0 ], [ 3067872.0, 7144592.0 ], [ 3067870.0, 7144567.0 ], [ 3067871.0, 7144549.0 ], [ 3067870.0, 7144538.0 ], [ 3067829.0, 7144265.0 ], [ 3067829.0, 7144260.0 ], [ 3067813.0, 7144170.0 ], [ 3067788.0, 7144023.0 ], [ 3067786.0, 7144010.0 ], [ 3067782.0, 7143987.0 ], [ 3067780.0, 7143976.0 ], [ 3067778.0, 7143952.0 ], [ 3067773.0, 7143915.0 ], [ 3067757.0, 7143806.0 ], [ 3067754.0, 7143799.0 ], [ 3067750.0, 7143788.0 ], [ 3067752.0, 7143782.0 ], [ 3067754.0, 7143777.0 ], [ 3067754.0, 7143773.0 ], [ 3067753.0, 7143771.0 ], [ 3067749.0, 7143764.0 ] ] } },
{ "type": "Feature", "properties": { "closeness_centrality": 7.4871205334049617e-05, "source": 5413815740, "target": 320718913, "ordering_closeness_centrality": 91, "length": 1878, "length_cumulative": 229285 }, "geometry": { "type": "LineString", "coordinates": [ [ 3061004.0, 7153056.0 ], [ 3060957.0, 7153051.0 ], [ 3060869.0, 7153040.0 ], [ 3060845.0, 7153038.0 ], [ 3060805.0, 7153033.0 ], [ 3060777.0, 7153030.0 ], [ 3060774.0, 7153056.0 ], [ 3060739.0, 7153052.0 ], [ 3060708.0, 7153048.0 ], [ 3060579.0, 7153032.0 ], [ 3060509.0, 7153024.0 ], [ 3060405.0, 7153011.0 ], [ 3060199.0, 7152987.0 ], [ 3060118.0, 7152977.0 ], [ 3060077.0, 7152972.0 ], [ 3060043.0, 7152969.0 ], [ 3059922.0, 7152956.0 ], [ 3059884.0, 7152952.0 ], [ 3059808.0, 7152943.0 ], [ 3059750.0, 7152936.0 ], [ 3059317.0, 7152887.0 ], [ 3059162.0, 7152866.0 ] ] } },
{ "type": "Feature", "properties": { "closeness_centrality": 7.4662487730300399e-05, "source": 9318805444, "target": 1588657821, "ordering_closeness_centrality": 92, "length": 11045, "length_cumulative": 240330 }, "geometry": { "type": "LineString", "coordinates": [ [ 3062274.0, 7156638.0 ], [ 3062318.0, 7156662.0 ], [ 3062321.0, 7156663.0 ], [ 3062334.0, 7156641.0 ], [ 3062362.0, 7156658.0 ], [ 3062408.0, 7156681.0 ], [ 3062488.0, 7156713.0 ], [ 3062526.0, 7156725.0 ], [ 3062563.0, 7156736.0 ], [ 3062610.0, 7156748.0 ], [ 3062658.0, 7156758.0 ], [ 3062684.0, 7156762.0 ], [ 3062718.0, 7156768.0 ], [ 3062771.0, 7156774.0 ], [ 3062981.0, 7156785.0 ], [ 3063024.0, 7156788.0 ], [ 3063410.0, 7156809.0 ], [ 3063499.0, 7156814.0 ], [ 3063591.0, 7156819.0 ], [ 3063599.0, 7156819.0 ], [ 3063619.0, 7156820.0 ], [ 3063737.0, 7156826.0 ], [ 3063813.0, 7156831.0 ], [ 3064107.0, 7156849.0 ], [ 3064219.0, 7156858.0 ], [ 3064230.0, 7156859.0 ], [ 3064258.0, 7156861.0 ], [ 3064520.0, 7156876.0 ], [ 3064636.0, 7156883.0 ], [ 3064801.0, 7156889.0 ], [ 3064919.0, 7156895.0 ], [ 3064943.0, 7156896.0 ], [ 3065038.0, 7156903.0 ], [ 3065085.0, 7156909.0 ], [ 3065136.0, 7156921.0 ], [ 3065181.0, 7156931.0 ], [ 3065480.0, 7157023.0 ], [ 3065612.0, 7157064.0 ], [ 3065714.0, 7157095.0 ], [ 3065725.0, 7157077.0 ], [ 3065752.0, 7157084.0 ], [ 3065909.0, 7157133.0 ], [ 3065987.0, 7157157.0 ], [ 3066051.0, 7157176.0 ], [ 3066066.0, 7157181.0 ], [ 3066073.0, 7157183.0 ], [ 3066077.0, 7157184.0 ], [ 3066084.0, 7157186.0 ], [ 3066105.0, 7157193.0 ], [ 3066254.0, 7157236.0 ], [ 3066441.0, 7157291.0 ], [ 3066479.0, 7157300.0 ], [ 3066516.0, 7157308.0 ], [ 3066558.0, 7157315.0 ], [ 3066595.0, 7157318.0 ], [ 3066669.0, 7157319.0 ], [ 3066742.0, 7157319.0 ], [ 3066854.0, 7157319.0 ], [ 3067059.0, 7157315.0 ], [ 3067086.0, 7157315.0 ], [ 3067126.0, 7157314.0 ], [ 3067303.0, 7157312.0 ], [ 3067329.0, 7157311.0 ], [ 3067355.0, 7157311.0 ], [ 3067431.0, 7157310.0 ], [ 3067765.0, 7157307.0 ], [ 3067787.0, 7157307.0 ], [ 3067962.0, 7157305.0 ], [ 3068041.0, 7157304.0 ], [ 3068120.0, 7157301.0 ], [ 3068160.0, 7157301.0 ], [ 3068181.0, 7157301.0 ], [ 3068208.0, 7157300.0 ], [ 3068251.0, 7157299.0 ], [ 3068338.0, 7157298.0 ], [ 3068371.0, 7157298.0 ], [ 3068567.0, 7157295.0 ], [ 3068579.0, 7157295.0 ], [ 3068607.0, 7157293.0 ], [ 3068623.0, 7157294.0 ], [ 3068650.0, 7157292.0 ], [ 3069383.0, 7157284.0 ], [ 3069436.0, 7157282.0 ], [ 3069482.0, 7157276.0 ], [ 3069528.0, 7157268.0 ], [ 3069628.0, 7157242.0 ], [ 3069703.0, 7157219.0 ], [ 3069715.0, 7157214.0 ], [ 3069726.0, 7157209.0 ], [ 3069739.0, 7157201.0 ], [ 3069755.0, 7157182.0 ], [ 3069769.0, 7157152.0 ], [ 3069770.0, 7157147.0 ], [ 3069781.0, 7157114.0 ], [ 3069790.0, 7157102.0 ], [ 3069799.0, 7157094.0 ], [ 3069809.0, 7157086.0 ], [ 3069822.0, 7157081.0 ], [ 3069833.0, 7157077.0 ], [ 3069848.0, 7157075.0 ], [ 3069867.0, 7157076.0 ], [ 3069883.0, 7157081.0 ], [ 3069893.0, 7157086.0 ], [ 3069914.0, 7157089.0 ], [ 3069931.0, 7157089.0 ], [ 3069959.0, 7157087.0 ], [ 3069975.0, 7157080.0 ], [ 3070025.0, 7157055.0 ], [ 3070092.0, 7157021.0 ], [ 3070242.0, 7156946.0 ], [ 3070264.0, 7156935.0 ], [ 3070371.0, 7156882.0 ], [ 3070567.0, 7156781.0 ], [ 3070644.0, 7156741.0 ], [ 3070793.0, 7156663.0 ], [ 3070827.0, 7156646.0 ], [ 3070877.0, 7156620.0 ], [ 3070867.0, 7156601.0 ], [ 3070887.0, 7156590.0 ], [ 3070888.0, 7156589.0 ], [ 3070908.0, 7156579.0 ], [ 3070932.0, 7156565.0 ], [ 3070967.0, 7156547.0 ], [ 3070969.0, 7156546.0 ], [ 3070984.0, 7156525.0 ], [ 3071013.0, 7156483.0 ], [ 3071014.0, 7156477.0 ], [ 3070990.0, 7156415.0 ], [ 3071099.0, 7156360.0 ], [ 3071113.0, 7156353.0 ], [ 3071136.0, 7156341.0 ], [ 3071181.0, 7156318.0 ], [ 3071280.0, 7156261.0 ], [ 3071318.0, 7156239.0 ], [ 3071324.0, 7156235.0 ], [ 3071436.0, 7156175.0 ], [ 3071507.0, 7156136.0 ], [ 3071515.0, 7156132.0 ], [ 3071574.0, 7156100.0 ], [ 3071623.0, 7156072.0 ], [ 3071651.0, 7156063.0 ], [ 3071666.0, 7156053.0 ], [ 3071672.0, 7156049.0 ], [ 3071677.0, 7156046.0 ], [ 3071683.0, 7156042.0 ], [ 3071701.0, 7156031.0 ], [ 3071710.0, 7156007.0 ], [ 3071763.0, 7155934.0 ], [ 3071829.0, 7155846.0 ], [ 3071837.0, 7155835.0 ], [ 3071906.0, 7155742.0 ], [ 3071915.0, 7155729.0 ], [ 3071978.0, 7155644.0 ], [ 3072010.0, 7155601.0 ], [ 3072017.0, 7155591.0 ], [ 3072063.0, 7155529.0 ], [ 3072082.0, 7155503.0 ], [ 3072136.0, 7155431.0 ], [ 3072152.0, 7155407.0 ], [ 3072181.0, 7155363.0 ], [ 3072215.0, 7155377.0 ], [ 3072348.0, 7155431.0 ], [ 3072358.0, 7155404.0 ] ] } },
{ "type": "Feature", "properties": { "closeness_centrality": 7.4661358991693762e-05, "source": 10151732580, "target": 3044321944, "ordering_closeness_centrality": 93, "length": 1819, "length_cumulative": 242149 }, "geometry": { "type": "LineString", "coordinates": [ [ 3075206.0, 7154743.0 ], [ 3075188.0, 7154770.0 ], [ 3075191.0, 7154776.0 ], [ 3075201.0, 7154797.0 ], [ 3075208.0, 7154805.0 ], [ 3075201.0, 7154820.0 ], [ 3075212.0, 7154846.0 ], [ 3075220.0, 7154864.0 ], [ 3075231.0, 7154887.0 ], [ 3075284.0, 7154996.0 ], [ 3075302.0, 7155031.0 ], [ 3075308.0, 7155040.0 ], [ 3075323.0, 7155082.0 ], [ 3075312.0, 7155088.0 ], [ 3075365.0, 7155196.0 ], [ 3075367.0, 7155209.0 ], [ 3075372.0, 7155222.0 ], [ 3075376.0, 7155234.0 ], [ 3075379.0, 7155241.0 ], [ 3075385.0, 7155254.0 ], [ 3075391.0, 7155269.0 ], [ 3075397.0, 7155281.0 ], [ 3075405.0, 7155296.0 ], [ 3075416.0, 7155319.0 ], [ 3075448.0, 7155391.0 ], [ 3075471.0, 7155443.0 ], [ 3075477.0, 7155458.0 ], [ 3075487.0, 7155518.0 ], [ 3075488.0, 7155525.0 ], [ 3075496.0, 7155612.0 ], [ 3075498.0, 7155626.0 ], [ 3075517.0, 7155761.0 ], [ 3075520.0, 7155795.0 ], [ 3075533.0, 7155920.0 ], [ 3075535.0, 7155952.0 ], [ 3075533.0, 7155983.0 ], [ 3075534.0, 7155996.0 ], [ 3075533.0, 7156006.0 ], [ 3075531.0, 7156014.0 ], [ 3075526.0, 7156031.0 ], [ 3075525.0, 7156034.0 ], [ 3075400.0, 7156300.0 ], [ 3075398.0, 7156299.0 ], [ 3075355.0, 7156388.0 ], [ 3075344.0, 7156396.0 ], [ 3075336.0, 7156398.0 ], [ 3075323.0, 7156392.0 ], [ 3075314.0, 7156387.0 ] ] } },
{ "type": "Feature", "properties": { "closeness_centrality": 7.3860029354934432e-05, "source": 5413815740, "target": 6866139341, "ordering_closeness_centrality": 94, "length": 7085, "length_cumulative": 249235 }, "geometry": { "type": "LineString", "coordinates": [ [ 3059184.0, 7152603.0 ], [ 3059192.0, 7152490.0 ], [ 3059194.0, 7152464.0 ], [ 3059195.0, 7152445.0 ], [ 3059201.0, 7152369.0 ], [ 3059207.0, 7152301.0 ], [ 3059217.0, 7152145.0 ], [ 3059219.0, 7152122.0 ], [ 3059228.0, 7151980.0 ], [ 3059239.0, 7151835.0 ], [ 3059247.0, 7151753.0 ], [ 3059250.0, 7151709.0 ], [ 3059253.0, 7151674.0 ], [ 3059253.0, 7151631.0 ], [ 3059252.0, 7151599.0 ], [ 3059251.0, 7151577.0 ], [ 3059249.0, 7151529.0 ], [ 3059246.0, 7151440.0 ], [ 3059245.0, 7151416.0 ], [ 3059240.0, 7151305.0 ], [ 3059240.0, 7151301.0 ], [ 3059238.0, 7151270.0 ], [ 3059234.0, 7151180.0 ], [ 3059229.0, 7151074.0 ], [ 3059228.0, 7151048.0 ], [ 3059226.0, 7151001.0 ], [ 3059222.0, 7150916.0 ], [ 3059220.0, 7150873.0 ], [ 3059219.0, 7150849.0 ], [ 3059219.0, 7150835.0 ], [ 3059218.0, 7150827.0 ], [ 3059218.0, 7150821.0 ], [ 3059216.0, 7150772.0 ], [ 3059212.0, 7150710.0 ], [ 3059208.0, 7150620.0 ], [ 3059205.0, 7150537.0 ], [ 3059204.0, 7150509.0 ], [ 3059202.0, 7150465.0 ], [ 3059202.0, 7150458.0 ], [ 3059197.0, 7150279.0 ], [ 3059217.0, 7150279.0 ], [ 3059217.0, 7150245.0 ], [ 3059216.0, 7150228.0 ], [ 3059220.0, 7150228.0 ], [ 3059219.0, 7150140.0 ], [ 3059229.0, 7150131.0 ], [ 3059228.0, 7150116.0 ], [ 3059226.0, 7150116.0 ], [ 3059225.0, 7150106.0 ], [ 3059225.0, 7150098.0 ], [ 3059225.0, 7150091.0 ], [ 3059225.0, 7150074.0 ], [ 3059224.0, 7150050.0 ], [ 3059224.0, 7150029.0 ], [ 3059236.0, 7150029.0 ], [ 3059285.0, 7150027.0 ], [ 3059297.0, 7150027.0 ], [ 3059302.0, 7150028.0 ], [ 3059333.0, 7150033.0 ], [ 3059339.0, 7150033.0 ], [ 3059387.0, 7150031.0 ], [ 3059415.0, 7150013.0 ], [ 3059487.0, 7150008.0 ], [ 3059496.0, 7150004.0 ], [ 3059505.0, 7149996.0 ], [ 3059513.0, 7149972.0 ], [ 3059516.0, 7149954.0 ], [ 3059520.0, 7149935.0 ], [ 3059530.0, 7149916.0 ], [ 3059529.0, 7149912.0 ], [ 3059527.0, 7149905.0 ], [ 3059518.0, 7149866.0 ], [ 3059473.0, 7149705.0 ], [ 3059459.0, 7149671.0 ], [ 3059439.0, 7149639.0 ], [ 3059376.0, 7149566.0 ], [ 3059356.0, 7149543.0 ], [ 3059368.0, 7149531.0 ], [ 3059357.0, 7149520.0 ], [ 3059370.0, 7149505.0 ], [ 3059360.0, 7149495.0 ], [ 3059322.0, 7149456.0 ], [ 3059316.0, 7149449.0 ], [ 3059265.0, 7149396.0 ], [ 3059254.0, 7149383.0 ], [ 3059251.0, 7149380.0 ], [ 3059239.0, 7149365.0 ], [ 3059229.0, 7149351.0 ], [ 3059226.0, 7149348.0 ], [ 3059187.0, 7149288.0 ], [ 3059181.0, 7149280.0 ], [ 3059175.0, 7149273.0 ], [ 3059168.0, 7149262.0 ], [ 3059163.0, 7149252.0 ], [ 3059159.0, 7149242.0 ], [ 3059155.0, 7149231.0 ], [ 3059149.0, 7149208.0 ], [ 3059140.0, 7149172.0 ], [ 3059131.0, 7149137.0 ], [ 3059125.0, 7149113.0 ], [ 3059122.0, 7149095.0 ], [ 3059121.0, 7149085.0 ], [ 3059119.0, 7149074.0 ], [ 3059118.0, 7149060.0 ], [ 3059118.0, 7149045.0 ], [ 3059118.0, 7149029.0 ], [ 3059120.0, 7149014.0 ], [ 3059122.0, 7149001.0 ], [ 3059127.0, 7148969.0 ], [ 3059128.0, 7148967.0 ], [ 3059131.0, 7148949.0 ], [ 3059151.0, 7148815.0 ], [ 3059164.0, 7148726.0 ], [ 3059166.0, 7148716.0 ], [ 3059171.0, 7148693.0 ], [ 3059175.0, 7148681.0 ], [ 3059179.0, 7148675.0 ], [ 3059183.0, 7148670.0 ], [ 3059191.0, 7148620.0 ], [ 3059196.0, 7148591.0 ], [ 3059205.0, 7148519.0 ], [ 3059208.0, 7148495.0 ], [ 3059210.0, 7148483.0 ], [ 3059213.0, 7148472.0 ], [ 3059217.0, 7148461.0 ], [ 3059217.0, 7148452.0 ], [ 3059218.0, 7148438.0 ], [ 3059218.0, 7148433.0 ], [ 3059221.0, 7148413.0 ], [ 3059254.0, 7148269.0 ], [ 3059271.0, 7148207.0 ], [ 3059302.0, 7148133.0 ], [ 3059331.0, 7148075.0 ], [ 3059336.0, 7148064.0 ], [ 3059356.0, 7148034.0 ], [ 3059409.0, 7147964.0 ], [ 3059416.0, 7147955.0 ], [ 3059425.0, 7147943.0 ], [ 3059445.0, 7147923.0 ], [ 3059456.0, 7147911.0 ], [ 3059468.0, 7147898.0 ], [ 3059515.0, 7147856.0 ], [ 3059587.0, 7147797.0 ], [ 3059642.0, 7147754.0 ], [ 3059662.0, 7147738.0 ], [ 3059694.0, 7147717.0 ], [ 3059703.0, 7147710.0 ], [ 3059713.0, 7147702.0 ], [ 3059725.0, 7147692.0 ], [ 3059730.0, 7147684.0 ], [ 3059745.0, 7147660.0 ], [ 3059755.0, 7147652.0 ], [ 3059792.0, 7147622.0 ], [ 3059831.0, 7147591.0 ], [ 3059947.0, 7147499.0 ], [ 3059966.0, 7147484.0 ], [ 3060002.0, 7147453.0 ], [ 3060011.0, 7147445.0 ], [ 3060025.0, 7147434.0 ], [ 3060035.0, 7147425.0 ], [ 3060041.0, 7147420.0 ], [ 3060090.0, 7147382.0 ], [ 3060142.0, 7147336.0 ], [ 3060219.0, 7147272.0 ], [ 3060291.0, 7147213.0 ], [ 3060296.0, 7147209.0 ], [ 3060313.0, 7147196.0 ], [ 3060322.0, 7147189.0 ], [ 3060381.0, 7147142.0 ], [ 3060472.0, 7147067.0 ], [ 3060480.0, 7147061.0 ], [ 3060488.0, 7147054.0 ], [ 3060490.0, 7147053.0 ], [ 3060504.0, 7147042.0 ], [ 3060516.0, 7147034.0 ], [ 3060577.0, 7146985.0 ], [ 3060602.0, 7146965.0 ], [ 3060607.0, 7146961.0 ], [ 3060617.0, 7146954.0 ], [ 3060617.0, 7146934.0 ], [ 3060667.0, 7146911.0 ], [ 3060705.0, 7146899.0 ], [ 3060729.0, 7146894.0 ], [ 3060767.0, 7146885.0 ], [ 3060816.0, 7146876.0 ], [ 3060868.0, 7146866.0 ], [ 3060906.0, 7146860.0 ], [ 3060934.0, 7146852.0 ], [ 3060960.0, 7146844.0 ] ] } },
{ "type": "Feature", "properties": { "closeness_centrality": 7.2121881444532052e-05, "source": 10151732580, "target": 11716432841, "ordering_closeness_centrality": 95, "length": 1385, "length_cumulative": 250621 }, "geometry": { "type": "LineString", "coordinates": [ [ 3076609.0, 7153758.0 ], [ 3076574.0, 7153739.0 ], [ 3076510.0, 7153705.0 ], [ 3076442.0, 7153728.0 ], [ 3076435.0, 7153720.0 ], [ 3076393.0, 7153708.0 ], [ 3076374.0, 7153635.0 ], [ 3076331.0, 7153570.0 ], [ 3076333.0, 7153555.0 ], [ 3076310.0, 7153538.0 ], [ 3076260.0, 7153514.0 ], [ 3076233.0, 7153506.0 ], [ 3076241.0, 7153532.0 ], [ 3076216.0, 7153536.0 ], [ 3076186.0, 7153549.0 ], [ 3076120.0, 7153607.0 ], [ 3076099.0, 7153639.0 ], [ 3076089.0, 7153691.0 ], [ 3076090.0, 7153699.0 ], [ 3076068.0, 7153718.0 ], [ 3076038.0, 7153744.0 ], [ 3076008.0, 7153762.0 ], [ 3075981.0, 7153784.0 ], [ 3075937.0, 7153780.0 ], [ 3075887.0, 7153770.0 ], [ 3075851.0, 7153775.0 ], [ 3075844.0, 7153771.0 ], [ 3075832.0, 7153764.0 ], [ 3075812.0, 7153795.0 ], [ 3075781.0, 7153848.0 ], [ 3075674.0, 7154022.0 ] ] } },
{ "type": "Feature", "properties": { "closeness_centrality": 7.1869884532197053e-05, "source": 9955883681, "target": 417639292, "ordering_closeness_centrality": 96, "length": 2678, "length_cumulative": 253299 }, "geometry": { "type": "LineString", "coordinates": [ [ 3077734.0, 7145384.0 ], [ 3077700.0, 7145399.0 ], [ 3077698.0, 7145395.0 ], [ 3077692.0, 7145383.0 ], [ 3077687.0, 7145385.0 ], [ 3077683.0, 7145387.0 ], [ 3077687.0, 7145395.0 ], [ 3077692.0, 7145404.0 ], [ 3077607.0, 7145448.0 ], [ 3077600.0, 7145452.0 ], [ 3077582.0, 7145461.0 ], [ 3077566.0, 7145457.0 ], [ 3077513.0, 7145479.0 ], [ 3077485.0, 7145492.0 ], [ 3077420.0, 7145525.0 ], [ 3077393.0, 7145540.0 ], [ 3077295.0, 7145606.0 ], [ 3077285.0, 7145613.0 ], [ 3077183.0, 7145686.0 ], [ 3077136.0, 7145717.0 ], [ 3077087.0, 7145753.0 ], [ 3076921.0, 7145869.0 ], [ 3076770.0, 7145971.0 ], [ 3076762.0, 7145976.0 ], [ 3076754.0, 7145981.0 ], [ 3076735.0, 7145994.0 ], [ 3076729.0, 7145998.0 ], [ 3076716.0, 7146006.0 ], [ 3076720.0, 7146012.0 ], [ 3076650.0, 7146059.0 ], [ 3076612.0, 7146084.0 ], [ 3076596.0, 7146093.0 ], [ 3076576.0, 7146102.0 ], [ 3076436.0, 7146148.0 ], [ 3076305.0, 7146192.0 ], [ 3076240.0, 7146214.0 ], [ 3076135.0, 7146247.0 ], [ 3076134.0, 7146248.0 ], [ 3076123.0, 7146251.0 ], [ 3076117.0, 7146254.0 ], [ 3076114.0, 7146255.0 ], [ 3076113.0, 7146257.0 ], [ 3076112.0, 7146267.0 ], [ 3075983.0, 7146310.0 ], [ 3075963.0, 7146317.0 ], [ 3075937.0, 7146326.0 ], [ 3075907.0, 7146336.0 ], [ 3075892.0, 7146341.0 ], [ 3075891.0, 7146371.0 ], [ 3075887.0, 7146372.0 ], [ 3075889.0, 7146375.0 ], [ 3075896.0, 7146395.0 ], [ 3075771.0, 7146436.0 ], [ 3075778.0, 7146456.0 ], [ 3075614.0, 7146511.0 ], [ 3075619.0, 7146523.0 ], [ 3075624.0, 7146537.0 ], [ 3075617.0, 7146547.0 ], [ 3075607.0, 7146563.0 ], [ 3075581.0, 7146600.0 ], [ 3075567.0, 7146621.0 ], [ 3075550.0, 7146629.0 ] ] } },
{ "type": "Feature", "properties": { "closeness_centrality": 7.1841627406856292e-05, "source": 6866139341, "target": 5074615032, "ordering_closeness_centrality": 97, "length": 1835, "length_cumulative": 255134 }, "geometry": { "type": "LineString", "coordinates": [ [ 3060190.0, 7145185.0 ], [ 3060350.0, 7145425.0 ], [ 3060407.0, 7145528.0 ], [ 3060477.0, 7145657.0 ], [ 3060558.0, 7145829.0 ], [ 3060658.0, 7146061.0 ], [ 3060789.0, 7146387.0 ], [ 3060810.0, 7146443.0 ], [ 3060897.0, 7146676.0 ], [ 3060931.0, 7146768.0 ], [ 3060945.0, 7146806.0 ], [ 3060952.0, 7146826.0 ], [ 3060960.0, 7146844.0 ] ] } },
{ "type": "Feature", "properties": { "closeness_centrality": 7.1490895716038336e-05, "source": 2607565996, "target": 9955883681, "ordering_closeness_centrality": 98, "length": 5928, "length_cumulative": 261062 }, "geometry": { "type": "LineString", "coordinates": [ [ 3075179.0, 7151187.0 ], [ 3075182.0, 7151184.0 ], [ 3075185.0, 7151180.0 ], [ 3075213.0, 7151195.0 ], [ 3075227.0, 7151195.0 ], [ 3075233.0, 7151183.0 ], [ 3075253.0, 7151186.0 ], [ 3075293.0, 7151194.0 ], [ 3075359.0, 7151237.0 ], [ 3075467.0, 7151303.0 ], [ 3075574.0, 7151380.0 ], [ 3075648.0, 7151433.0 ], [ 3075719.0, 7151479.0 ], [ 3075739.0, 7151520.0 ], [ 3075853.0, 7151589.0 ], [ 3075999.0, 7151686.0 ], [ 3076009.0, 7151692.0 ], [ 3076022.0, 7151693.0 ], [ 3076046.0, 7151689.0 ], [ 3076133.0, 7151752.0 ], [ 3076144.0, 7151750.0 ], [ 3076171.0, 7151744.0 ], [ 3076239.0, 7151803.0 ], [ 3076278.0, 7151850.0 ], [ 3076313.0, 7151874.0 ], [ 3076350.0, 7151899.0 ], [ 3076355.0, 7151908.0 ], [ 3076360.0, 7151922.0 ], [ 3076357.0, 7151928.0 ], [ 3076351.0, 7151937.0 ], [ 3076346.0, 7151943.0 ], [ 3076341.0, 7151951.0 ], [ 3076334.0, 7151962.0 ], [ 3076324.0, 7151980.0 ], [ 3076401.0, 7152026.0 ], [ 3076437.0, 7152052.0 ], [ 3076460.0, 7152069.0 ], [ 3076477.0, 7152085.0 ], [ 3076672.0, 7152255.0 ], [ 3076677.0, 7152263.0 ], [ 3076675.0, 7152273.0 ], [ 3076671.0, 7152280.0 ], [ 3076659.0, 7152303.0 ], [ 3076658.0, 7152306.0 ], [ 3076626.0, 7152357.0 ], [ 3076615.0, 7152375.0 ], [ 3076622.0, 7152380.0 ], [ 3076521.0, 7152542.0 ], [ 3076492.0, 7152591.0 ], [ 3076491.0, 7152603.0 ], [ 3076486.0, 7152610.0 ], [ 3076515.0, 7152628.0 ], [ 3076542.0, 7152646.0 ], [ 3076667.0, 7152724.0 ], [ 3076930.0, 7152891.0 ], [ 3076943.0, 7152900.0 ], [ 3076982.0, 7152922.0 ], [ 3076996.0, 7152930.0 ], [ 3077017.0, 7152943.0 ], [ 3077024.0, 7152947.0 ], [ 3077070.0, 7152973.0 ], [ 3077077.0, 7152976.0 ], [ 3077109.0, 7152994.0 ], [ 3077208.0, 7153059.0 ], [ 3077227.0, 7153073.0 ], [ 3077243.0, 7153083.0 ], [ 3077264.0, 7153086.0 ], [ 3077302.0, 7153080.0 ], [ 3077359.0, 7153061.0 ], [ 3077489.0, 7153017.0 ], [ 3077591.0, 7152991.0 ], [ 3077659.0, 7152991.0 ], [ 3077724.0, 7152995.0 ], [ 3077760.0, 7153007.0 ], [ 3077844.0, 7153046.0 ], [ 3077916.0, 7153084.0 ], [ 3077934.0, 7153092.0 ], [ 3077940.0, 7153094.0 ], [ 3077971.0, 7153107.0 ], [ 3078019.0, 7153130.0 ], [ 3078058.0, 7153156.0 ], [ 3078089.0, 7153168.0 ], [ 3078107.0, 7153172.0 ], [ 3078145.0, 7153181.0 ], [ 3078188.0, 7153189.0 ], [ 3078208.0, 7153194.0 ], [ 3078229.0, 7153198.0 ], [ 3078260.0, 7153210.0 ], [ 3078356.0, 7153271.0 ], [ 3078430.0, 7153318.0 ], [ 3078547.0, 7153381.0 ], [ 3078579.0, 7153395.0 ], [ 3078613.0, 7153407.0 ], [ 3078631.0, 7153415.0 ], [ 3078644.0, 7153423.0 ], [ 3078651.0, 7153428.0 ], [ 3078669.0, 7153442.0 ], [ 3078685.0, 7153455.0 ], [ 3078703.0, 7153469.0 ], [ 3078722.0, 7153482.0 ], [ 3078738.0, 7153491.0 ], [ 3078761.0, 7153501.0 ], [ 3078777.0, 7153508.0 ], [ 3078785.0, 7153514.0 ], [ 3078788.0, 7153524.0 ], [ 3078793.0, 7153533.0 ], [ 3078805.0, 7153545.0 ], [ 3078827.0, 7153558.0 ], [ 3078876.0, 7153582.0 ], [ 3078900.0, 7153595.0 ], [ 3078921.0, 7153614.0 ], [ 3078938.0, 7153630.0 ], [ 3078997.0, 7153670.0 ], [ 3079064.0, 7153718.0 ], [ 3079096.0, 7153737.0 ], [ 3079117.0, 7153747.0 ], [ 3079124.0, 7153751.0 ], [ 3079144.0, 7153760.0 ], [ 3079202.0, 7153804.0 ], [ 3079221.0, 7153822.0 ], [ 3079234.0, 7153836.0 ], [ 3079259.0, 7153865.0 ], [ 3079271.0, 7153882.0 ], [ 3079276.0, 7153905.0 ], [ 3079274.0, 7153948.0 ], [ 3079277.0, 7153959.0 ], [ 3079283.0, 7153969.0 ], [ 3079298.0, 7153989.0 ], [ 3079316.0, 7154007.0 ], [ 3079322.0, 7154011.0 ], [ 3079381.0, 7153949.0 ], [ 3079447.0, 7154013.0 ], [ 3079451.0, 7154009.0 ], [ 3079455.0, 7154005.0 ], [ 3079459.0, 7154002.0 ], [ 3079463.0, 7153998.0 ] ] } },
{ "type": "Feature", "properties": { "closeness_centrality": 7.1299900323813179e-05, "source": 11716432841, "target": 3044321944, "ordering_closeness_centrality": 99, "length": 3736, "length_cumulative": 264799 }, "geometry": { "type": "LineString", "coordinates": [ [ 3077162.0, 7154044.0 ], [ 3077181.0, 7154055.0 ], [ 3077186.0, 7154059.0 ], [ 3077177.0, 7154079.0 ], [ 3077208.0, 7154095.0 ], [ 3077235.0, 7154108.0 ], [ 3077147.0, 7154269.0 ], [ 3077008.0, 7154524.0 ], [ 3076960.0, 7154613.0 ], [ 3076936.0, 7154653.0 ], [ 3076916.0, 7154686.0 ], [ 3076877.0, 7154757.0 ], [ 3076872.0, 7154777.0 ], [ 3076872.0, 7154800.0 ], [ 3076874.0, 7154818.0 ], [ 3076903.0, 7154953.0 ], [ 3076897.0, 7154957.0 ], [ 3076857.0, 7154966.0 ], [ 3076843.0, 7154967.0 ], [ 3076845.0, 7154977.0 ], [ 3076847.0, 7154987.0 ], [ 3076792.0, 7155020.0 ], [ 3076741.0, 7155136.0 ], [ 3076686.0, 7155199.0 ], [ 3076656.0, 7155217.0 ], [ 3076637.0, 7155238.0 ], [ 3076633.0, 7155251.0 ], [ 3076636.0, 7155267.0 ], [ 3076613.0, 7155272.0 ], [ 3076619.0, 7155298.0 ], [ 3076598.0, 7155304.0 ], [ 3076602.0, 7155327.0 ], [ 3076581.0, 7155332.0 ], [ 3076597.0, 7155403.0 ], [ 3076555.0, 7155413.0 ], [ 3076529.0, 7155420.0 ], [ 3076529.0, 7155423.0 ], [ 3076482.0, 7155437.0 ], [ 3076480.0, 7155439.0 ], [ 3076479.0, 7155442.0 ], [ 3076480.0, 7155444.0 ], [ 3076483.0, 7155459.0 ], [ 3076492.0, 7155509.0 ], [ 3076489.0, 7155510.0 ], [ 3076462.0, 7155514.0 ], [ 3076443.0, 7155518.0 ], [ 3076439.0, 7155518.0 ], [ 3076445.0, 7155558.0 ], [ 3076422.0, 7155563.0 ], [ 3076386.0, 7155568.0 ], [ 3076369.0, 7155603.0 ], [ 3076349.0, 7155623.0 ], [ 3076344.0, 7155633.0 ], [ 3076294.0, 7155676.0 ], [ 3076278.0, 7155667.0 ], [ 3076186.0, 7155683.0 ], [ 3076187.0, 7155691.0 ], [ 3076046.0, 7155714.0 ], [ 3076012.0, 7155720.0 ], [ 3075976.0, 7155725.0 ], [ 3075902.0, 7155737.0 ], [ 3075902.0, 7155745.0 ], [ 3075918.0, 7155758.0 ], [ 3075919.0, 7155772.0 ], [ 3075927.0, 7155832.0 ], [ 3075920.0, 7155853.0 ], [ 3075917.0, 7155863.0 ], [ 3075932.0, 7155870.0 ], [ 3075927.0, 7155883.0 ], [ 3075920.0, 7155899.0 ], [ 3075872.0, 7155920.0 ], [ 3075850.0, 7155944.0 ], [ 3075837.0, 7155948.0 ], [ 3075765.0, 7155971.0 ], [ 3075754.0, 7155975.0 ], [ 3075739.0, 7155977.0 ], [ 3075585.0, 7156001.0 ], [ 3075580.0, 7156000.0 ], [ 3075573.0, 7156033.0 ], [ 3075563.0, 7156059.0 ], [ 3075531.0, 7156118.0 ], [ 3075444.0, 7156320.0 ], [ 3075440.0, 7156328.0 ], [ 3075404.0, 7156397.0 ], [ 3075412.0, 7156400.0 ], [ 3075408.0, 7156409.0 ], [ 3075398.0, 7156429.0 ], [ 3075423.0, 7156442.0 ], [ 3075430.0, 7156445.0 ], [ 3075425.0, 7156454.0 ], [ 3075409.0, 7156447.0 ], [ 3075388.0, 7156437.0 ], [ 3075362.0, 7156425.0 ] ] } },
{ "type": "Feature", "properties": { "closeness_centrality": 7.0622968231242824e-05, "source": 1638811302, "target": 3476022455, "ordering_closeness_centrality": 100, "length": 10928, "length_cumulative": 275728 }, "geometry": { "type": "LineString", "coordinates": [ [ 3075550.0, 7146629.0 ], [ 3075544.0, 7146614.0 ], [ 3075412.0, 7146660.0 ], [ 3075411.0, 7146652.0 ], [ 3075408.0, 7146644.0 ], [ 3075405.0, 7146634.0 ], [ 3075391.0, 7146629.0 ], [ 3075389.0, 7146621.0 ], [ 3075382.0, 7146600.0 ], [ 3075364.0, 7146545.0 ], [ 3075354.0, 7146527.0 ], [ 3075346.0, 7146529.0 ], [ 3075340.0, 7146512.0 ], [ 3075328.0, 7146482.0 ], [ 3075324.0, 7146469.0 ], [ 3075312.0, 7146432.0 ], [ 3075248.0, 7146238.0 ], [ 3075244.0, 7146226.0 ], [ 3075213.0, 7146163.0 ], [ 3075209.0, 7146152.0 ], [ 3075204.0, 7146135.0 ], [ 3075195.0, 7146110.0 ], [ 3075173.0, 7146046.0 ], [ 3075127.0, 7145906.0 ], [ 3075111.0, 7145860.0 ], [ 3075089.0, 7145791.0 ], [ 3075083.0, 7145774.0 ], [ 3074967.0, 7145427.0 ], [ 3074963.0, 7145415.0 ], [ 3074959.0, 7145401.0 ], [ 3074946.0, 7145364.0 ], [ 3074942.0, 7145349.0 ], [ 3074939.0, 7145341.0 ], [ 3074928.0, 7145310.0 ], [ 3074916.0, 7145278.0 ], [ 3074908.0, 7145259.0 ], [ 3074903.0, 7145252.0 ], [ 3074899.0, 7145247.0 ], [ 3074884.0, 7145234.0 ], [ 3074845.0, 7145210.0 ], [ 3074809.0, 7145187.0 ], [ 3074737.0, 7145143.0 ], [ 3074723.0, 7145134.0 ], [ 3074651.0, 7145087.0 ], [ 3074643.0, 7145081.0 ], [ 3074629.0, 7145073.0 ], [ 3074578.0, 7145050.0 ], [ 3074570.0, 7145046.0 ], [ 3074565.0, 7145043.0 ], [ 3074250.0, 7144850.0 ], [ 3074150.0, 7144789.0 ], [ 3074100.0, 7144756.0 ], [ 3074080.0, 7144743.0 ], [ 3074029.0, 7144712.0 ], [ 3073957.0, 7144668.0 ], [ 3073657.0, 7144485.0 ], [ 3073581.0, 7144446.0 ], [ 3073570.0, 7144441.0 ], [ 3073554.0, 7144433.0 ], [ 3073542.0, 7144427.0 ], [ 3073496.0, 7144405.0 ], [ 3073226.0, 7144276.0 ], [ 3073144.0, 7144237.0 ], [ 3073106.0, 7144219.0 ], [ 3073063.0, 7144199.0 ], [ 3073037.0, 7144186.0 ], [ 3072937.0, 7144133.0 ], [ 3072723.0, 7144029.0 ], [ 3072708.0, 7144022.0 ], [ 3072692.0, 7144014.0 ], [ 3072686.0, 7144026.0 ], [ 3072635.0, 7144034.0 ], [ 3072542.0, 7143989.0 ], [ 3072502.0, 7143969.0 ], [ 3072478.0, 7143958.0 ], [ 3072422.0, 7143931.0 ], [ 3072267.0, 7143854.0 ], [ 3072228.0, 7143834.0 ], [ 3072185.0, 7143815.0 ], [ 3072181.0, 7143811.0 ], [ 3072172.0, 7143807.0 ], [ 3072119.0, 7143783.0 ], [ 3072114.0, 7143780.0 ], [ 3072057.0, 7143753.0 ], [ 3072026.0, 7143737.0 ], [ 3072005.0, 7143727.0 ], [ 3071985.0, 7143718.0 ], [ 3071958.0, 7143706.0 ], [ 3071910.0, 7143681.0 ], [ 3071828.0, 7143641.0 ], [ 3071790.0, 7143625.0 ], [ 3071785.0, 7143621.0 ], [ 3071695.0, 7143580.0 ], [ 3071651.0, 7143558.0 ], [ 3071648.0, 7143557.0 ], [ 3071595.0, 7143530.0 ], [ 3071587.0, 7143527.0 ], [ 3071555.0, 7143510.0 ], [ 3071541.0, 7143505.0 ], [ 3071488.0, 7143477.0 ], [ 3071469.0, 7143469.0 ], [ 3071415.0, 7143444.0 ], [ 3071379.0, 7143426.0 ], [ 3071343.0, 7143409.0 ], [ 3071338.0, 7143419.0 ], [ 3071331.0, 7143431.0 ], [ 3071290.0, 7143450.0 ], [ 3071273.0, 7143457.0 ], [ 3071262.0, 7143468.0 ], [ 3071220.0, 7143513.0 ], [ 3071160.0, 7143571.0 ], [ 3071091.0, 7143636.0 ], [ 3071048.0, 7143675.0 ], [ 3071039.0, 7143695.0 ], [ 3071000.0, 7143756.0 ], [ 3070980.0, 7143786.0 ], [ 3070975.0, 7143822.0 ], [ 3070971.0, 7143821.0 ], [ 3070967.0, 7143821.0 ], [ 3070963.0, 7143843.0 ], [ 3070959.0, 7143866.0 ], [ 3070956.0, 7143872.0 ], [ 3070955.0, 7143882.0 ], [ 3070949.0, 7143894.0 ], [ 3070940.0, 7143903.0 ], [ 3070927.0, 7143910.0 ], [ 3070917.0, 7143912.0 ], [ 3070908.0, 7143914.0 ], [ 3070900.0, 7143914.0 ], [ 3070891.0, 7143912.0 ], [ 3070882.0, 7143908.0 ], [ 3070819.0, 7143873.0 ], [ 3070809.0, 7143869.0 ], [ 3070791.0, 7143862.0 ], [ 3070771.0, 7143856.0 ], [ 3070752.0, 7143860.0 ], [ 3070736.0, 7143866.0 ], [ 3070715.0, 7143877.0 ], [ 3070685.0, 7143896.0 ], [ 3070654.0, 7143919.0 ], [ 3070629.0, 7143928.0 ], [ 3070612.0, 7143929.0 ], [ 3070597.0, 7143925.0 ], [ 3070589.0, 7143920.0 ], [ 3070584.0, 7143917.0 ], [ 3070564.0, 7143898.0 ], [ 3070521.0, 7143865.0 ], [ 3070487.0, 7143850.0 ], [ 3070435.0, 7143837.0 ], [ 3070415.0, 7143831.0 ], [ 3070405.0, 7143829.0 ], [ 3070400.0, 7143826.0 ], [ 3070396.0, 7143821.0 ], [ 3070388.0, 7143809.0 ], [ 3070384.0, 7143806.0 ], [ 3070377.0, 7143802.0 ], [ 3070366.0, 7143798.0 ], [ 3070360.0, 7143796.0 ], [ 3070285.0, 7143773.0 ], [ 3070180.0, 7143745.0 ], [ 3069917.0, 7143711.0 ], [ 3069906.0, 7143711.0 ], [ 3069906.0, 7143706.0 ], [ 3069907.0, 7143694.0 ], [ 3069901.0, 7143693.0 ], [ 3069843.0, 7143686.0 ], [ 3069769.0, 7143678.0 ], [ 3069751.0, 7143676.0 ], [ 3069762.0, 7143561.0 ], [ 3069763.0, 7143523.0 ], [ 3069760.0, 7143508.0 ], [ 3069743.0, 7143453.0 ], [ 3069731.0, 7143418.0 ], [ 3069718.0, 7143393.0 ], [ 3069688.0, 7143332.0 ], [ 3069678.0, 7143312.0 ], [ 3069681.0, 7143310.0 ], [ 3069684.0, 7143307.0 ], [ 3069686.0, 7143303.0 ], [ 3069687.0, 7143298.0 ], [ 3069687.0, 7143293.0 ], [ 3069686.0, 7143289.0 ], [ 3069683.0, 7143284.0 ], [ 3069679.0, 7143280.0 ], [ 3069674.0, 7143278.0 ], [ 3069669.0, 7143277.0 ], [ 3069664.0, 7143277.0 ], [ 3069655.0, 7143252.0 ], [ 3069629.0, 7143174.0 ], [ 3069624.0, 7143153.0 ], [ 3069586.0, 7143135.0 ], [ 3069574.0, 7143126.0 ], [ 3069562.0, 7143117.0 ], [ 3069523.0, 7143098.0 ], [ 3069472.0, 7143047.0 ], [ 3069439.0, 7143013.0 ], [ 3069435.0, 7143005.0 ], [ 3069426.0, 7142975.0 ], [ 3069428.0, 7142952.0 ], [ 3069427.0, 7142946.0 ], [ 3069420.0, 7142924.0 ], [ 3069410.0, 7142853.0 ], [ 3069398.0, 7142805.0 ], [ 3069394.0, 7142788.0 ], [ 3069394.0, 7142782.0 ], [ 3069389.0, 7142773.0 ], [ 3069378.0, 7142786.0 ], [ 3069361.0, 7142794.0 ], [ 3069342.0, 7142796.0 ], [ 3069310.0, 7142799.0 ], [ 3069294.0, 7142800.0 ], [ 3069278.0, 7142794.0 ], [ 3069205.0, 7142788.0 ], [ 3069125.0, 7142782.0 ], [ 3069122.0, 7142770.0 ], [ 3069082.0, 7142769.0 ], [ 3069003.0, 7142761.0 ], [ 3068933.0, 7142753.0 ], [ 3068906.0, 7142750.0 ], [ 3068880.0, 7142746.0 ], [ 3068855.0, 7142743.0 ], [ 3068789.0, 7142738.0 ], [ 3068769.0, 7142740.0 ], [ 3068691.0, 7142749.0 ], [ 3068682.0, 7142749.0 ], [ 3068681.0, 7142711.0 ], [ 3068675.0, 7142703.0 ], [ 3068662.0, 7142698.0 ], [ 3068638.0, 7142688.0 ], [ 3068625.0, 7142680.0 ], [ 3068615.0, 7142672.0 ], [ 3068595.0, 7142667.0 ], [ 3068575.0, 7142666.0 ], [ 3068565.0, 7142664.0 ], [ 3068528.0, 7142652.0 ], [ 3068510.0, 7142654.0 ], [ 3068495.0, 7142651.0 ], [ 3068468.0, 7142640.0 ], [ 3068429.0, 7142626.0 ], [ 3068413.0, 7142598.0 ], [ 3068409.0, 7142574.0 ], [ 3068395.0, 7142555.0 ], [ 3068320.0, 7142492.0 ], [ 3068276.0, 7142460.0 ], [ 3068241.0, 7142440.0 ], [ 3068205.0, 7142411.0 ], [ 3068167.0, 7142392.0 ], [ 3068100.0, 7142342.0 ], [ 3068035.0, 7142311.0 ], [ 3068023.0, 7142303.0 ], [ 3068015.0, 7142297.0 ], [ 3067890.0, 7142210.0 ], [ 3067814.0, 7142166.0 ], [ 3067793.0, 7142161.0 ], [ 3067735.0, 7142147.0 ], [ 3067716.0, 7142142.0 ], [ 3067702.0, 7142143.0 ], [ 3067671.0, 7142138.0 ], [ 3067650.0, 7142135.0 ], [ 3067638.0, 7142151.0 ], [ 3067625.0, 7142153.0 ], [ 3067570.0, 7142163.0 ], [ 3067561.0, 7142165.0 ], [ 3067547.0, 7142084.0 ], [ 3067539.0, 7142058.0 ], [ 3067526.0, 7142046.0 ], [ 3067525.0, 7142040.0 ] ] } },
{ "type": "Feature", "properties": { "closeness_centrality": 7.0008024715985509e-05, "source": 320718913, "target": 9318805444, "ordering_closeness_centrality": 101, "length": 4511, "length_cumulative": 280240 }, "geometry": { "type": "LineString", "coordinates": [ [ 3060869.0, 7153040.0 ], [ 3060869.0, 7153046.0 ], [ 3060868.0, 7153053.0 ], [ 3060867.0, 7153062.0 ], [ 3060865.0, 7153069.0 ], [ 3060863.0, 7153075.0 ], [ 3060859.0, 7153082.0 ], [ 3060855.0, 7153090.0 ], [ 3060849.0, 7153098.0 ], [ 3060843.0, 7153104.0 ], [ 3060838.0, 7153109.0 ], [ 3060833.0, 7153112.0 ], [ 3060826.0, 7153116.0 ], [ 3060818.0, 7153120.0 ], [ 3060810.0, 7153123.0 ], [ 3060800.0, 7153125.0 ], [ 3060793.0, 7153125.0 ], [ 3060785.0, 7153125.0 ], [ 3060776.0, 7153125.0 ], [ 3060768.0, 7153123.0 ], [ 3060765.0, 7153155.0 ], [ 3060758.0, 7153248.0 ], [ 3060715.0, 7153245.0 ], [ 3060712.0, 7153289.0 ], [ 3060697.0, 7153395.0 ], [ 3060672.0, 7153382.0 ], [ 3060647.0, 7153373.0 ], [ 3060615.0, 7153406.0 ], [ 3060518.0, 7153481.0 ], [ 3060443.0, 7153550.0 ], [ 3060420.0, 7153571.0 ], [ 3060391.0, 7153582.0 ], [ 3060367.0, 7153611.0 ], [ 3060335.0, 7153670.0 ], [ 3060173.0, 7153654.0 ], [ 3060166.0, 7153653.0 ], [ 3060159.0, 7153739.0 ], [ 3060073.0, 7153809.0 ], [ 3060050.0, 7153835.0 ], [ 3060014.0, 7153870.0 ], [ 3060005.0, 7153903.0 ], [ 3059991.0, 7154045.0 ], [ 3059971.0, 7154043.0 ], [ 3059956.0, 7154042.0 ], [ 3059949.0, 7154112.0 ], [ 3059947.0, 7154129.0 ], [ 3059943.0, 7154156.0 ], [ 3059939.0, 7154172.0 ], [ 3059920.0, 7154367.0 ], [ 3059916.0, 7154408.0 ], [ 3059916.0, 7154414.0 ], [ 3059903.0, 7154545.0 ], [ 3059897.0, 7154605.0 ], [ 3059896.0, 7154611.0 ], [ 3059885.0, 7154611.0 ], [ 3059870.0, 7154629.0 ], [ 3059857.0, 7154644.0 ], [ 3059837.0, 7154648.0 ], [ 3059820.0, 7154652.0 ], [ 3059817.0, 7154692.0 ], [ 3059804.0, 7154845.0 ], [ 3059799.0, 7154906.0 ], [ 3059783.0, 7154979.0 ], [ 3059756.0, 7155046.0 ], [ 3059731.0, 7155093.0 ], [ 3059710.0, 7155115.0 ], [ 3059678.0, 7155175.0 ], [ 3059655.0, 7155209.0 ], [ 3059597.0, 7155245.0 ], [ 3059593.0, 7155260.0 ], [ 3059587.0, 7155275.0 ], [ 3059511.0, 7155416.0 ], [ 3059514.0, 7155444.0 ], [ 3059515.0, 7155479.0 ], [ 3059516.0, 7155554.0 ], [ 3059499.0, 7155600.0 ], [ 3059478.0, 7155647.0 ], [ 3059478.0, 7155662.0 ], [ 3059491.0, 7155682.0 ], [ 3059483.0, 7155683.0 ], [ 3059458.0, 7155686.0 ], [ 3059461.0, 7155708.0 ], [ 3059463.0, 7155717.0 ], [ 3059428.0, 7155721.0 ], [ 3059424.0, 7155722.0 ], [ 3059411.0, 7155726.0 ], [ 3059399.0, 7155732.0 ], [ 3059362.0, 7155756.0 ], [ 3059352.0, 7155761.0 ], [ 3059334.0, 7155768.0 ], [ 3059250.0, 7155780.0 ], [ 3059235.0, 7155782.0 ], [ 3059230.0, 7155786.0 ], [ 3059217.0, 7155792.0 ], [ 3059232.0, 7155906.0 ], [ 3059214.0, 7156030.0 ], [ 3059196.0, 7156147.0 ], [ 3059202.0, 7156151.0 ], [ 3059205.0, 7156155.0 ], [ 3059206.0, 7156175.0 ], [ 3059206.0, 7156181.0 ], [ 3059205.0, 7156202.0 ], [ 3059206.0, 7156214.0 ], [ 3059208.0, 7156281.0 ], [ 3059208.0, 7156298.0 ], [ 3059208.0, 7156307.0 ], [ 3059209.0, 7156323.0 ], [ 3059206.0, 7156340.0 ], [ 3059205.0, 7156351.0 ], [ 3059205.0, 7156358.0 ], [ 3059202.0, 7156374.0 ], [ 3059199.0, 7156383.0 ], [ 3059198.0, 7156388.0 ], [ 3059197.0, 7156390.0 ], [ 3059191.0, 7156405.0 ], [ 3059187.0, 7156426.0 ], [ 3059185.0, 7156432.0 ], [ 3059240.0, 7156479.0 ], [ 3059255.0, 7156491.0 ], [ 3059262.0, 7156497.0 ], [ 3059268.0, 7156502.0 ] ] } },
{ "type": "Feature", "properties": { "closeness_centrality": 6.9829307456213766e-05, "source": 275073093, "target": 3476022455, "ordering_closeness_centrality": 102, "length": 2410, "length_cumulative": 282650 }, "geometry": { "type": "LineString", "coordinates": [ [ 3067509.0, 7141969.0 ], [ 3067492.0, 7141905.0 ], [ 3067486.0, 7141892.0 ], [ 3067478.0, 7141885.0 ], [ 3067474.0, 7141884.0 ], [ 3067456.0, 7141879.0 ], [ 3067434.0, 7141876.0 ], [ 3067417.0, 7141881.0 ], [ 3067397.0, 7141887.0 ], [ 3067382.0, 7141894.0 ], [ 3067368.0, 7141904.0 ], [ 3067349.0, 7141929.0 ], [ 3067327.0, 7141961.0 ], [ 3067306.0, 7142000.0 ], [ 3067254.0, 7142008.0 ], [ 3067243.0, 7142010.0 ], [ 3067234.0, 7142011.0 ], [ 3067227.0, 7142012.0 ], [ 3067221.0, 7142013.0 ], [ 3067218.0, 7142013.0 ], [ 3067202.0, 7142016.0 ], [ 3067186.0, 7142019.0 ], [ 3067084.0, 7142035.0 ], [ 3066880.0, 7142073.0 ], [ 3066844.0, 7142079.0 ], [ 3066786.0, 7142083.0 ], [ 3066764.0, 7142083.0 ], [ 3066749.0, 7142081.0 ], [ 3066733.0, 7142078.0 ], [ 3066717.0, 7142074.0 ], [ 3066671.0, 7142060.0 ], [ 3066627.0, 7142040.0 ], [ 3066565.0, 7142004.0 ], [ 3066475.0, 7141913.0 ], [ 3066463.0, 7141921.0 ], [ 3066452.0, 7141929.0 ], [ 3066442.0, 7141936.0 ], [ 3066427.0, 7141947.0 ], [ 3066415.0, 7141932.0 ], [ 3066348.0, 7141879.0 ], [ 3066324.0, 7141882.0 ], [ 3066319.0, 7141883.0 ], [ 3066295.0, 7141862.0 ], [ 3066276.0, 7141867.0 ], [ 3066264.0, 7141870.0 ], [ 3066252.0, 7141873.0 ], [ 3066227.0, 7141879.0 ], [ 3066221.0, 7141880.0 ], [ 3066215.0, 7141881.0 ], [ 3066199.0, 7141878.0 ], [ 3066155.0, 7141885.0 ], [ 3066149.0, 7141873.0 ], [ 3066145.0, 7141877.0 ], [ 3066136.0, 7141877.0 ], [ 3066109.0, 7141861.0 ], [ 3065964.0, 7141884.0 ], [ 3065958.0, 7141885.0 ], [ 3065949.0, 7141887.0 ], [ 3065948.0, 7141888.0 ], [ 3065946.0, 7141879.0 ], [ 3065932.0, 7141879.0 ], [ 3065916.0, 7141878.0 ], [ 3065902.0, 7141870.0 ], [ 3065878.0, 7141875.0 ], [ 3065853.0, 7141880.0 ], [ 3065814.0, 7141883.0 ], [ 3065793.0, 7141884.0 ], [ 3065708.0, 7141851.0 ], [ 3065683.0, 7141838.0 ], [ 3065678.0, 7141838.0 ], [ 3065673.0, 7141838.0 ], [ 3065641.0, 7141836.0 ], [ 3065630.0, 7141835.0 ], [ 3065593.0, 7141819.0 ], [ 3065582.0, 7141815.0 ], [ 3065559.0, 7141821.0 ], [ 3065534.0, 7141826.0 ], [ 3065475.0, 7141838.0 ], [ 3065443.0, 7141847.0 ], [ 3065441.0, 7141837.0 ], [ 3065438.0, 7141821.0 ], [ 3065393.0, 7141830.0 ] ] } },
{ "type": "Feature", "properties": { "closeness_centrality": 6.8800682191351767e-05, "source": 275073093, "target": 5074615032, "ordering_closeness_centrality": 103, "length": 9368, "length_cumulative": 292019 }, "geometry": { "type": "LineString", "coordinates": [ [ 3059783.0, 7144606.0 ], [ 3059802.0, 7144593.0 ], [ 3059832.0, 7144639.0 ], [ 3059837.0, 7144645.0 ], [ 3059839.0, 7144643.0 ], [ 3059843.0, 7144644.0 ], [ 3059847.0, 7144644.0 ], [ 3059861.0, 7144666.0 ], [ 3059874.0, 7144685.0 ], [ 3059880.0, 7144681.0 ], [ 3059883.0, 7144678.0 ], [ 3059875.0, 7144667.0 ], [ 3059873.0, 7144663.0 ], [ 3059871.0, 7144656.0 ], [ 3059871.0, 7144649.0 ], [ 3059879.0, 7144642.0 ], [ 3059891.0, 7144659.0 ], [ 3059898.0, 7144653.0 ], [ 3059907.0, 7144646.0 ], [ 3059947.0, 7144619.0 ], [ 3059964.0, 7144610.0 ], [ 3060043.0, 7144548.0 ], [ 3060093.0, 7144513.0 ], [ 3060102.0, 7144506.0 ], [ 3060131.0, 7144541.0 ], [ 3060152.0, 7144524.0 ], [ 3060158.0, 7144519.0 ], [ 3060256.0, 7144634.0 ], [ 3060265.0, 7144642.0 ], [ 3060279.0, 7144649.0 ], [ 3060292.0, 7144656.0 ], [ 3060305.0, 7144659.0 ], [ 3060313.0, 7144659.0 ], [ 3060322.0, 7144657.0 ], [ 3060356.0, 7144632.0 ], [ 3060360.0, 7144628.0 ], [ 3060392.0, 7144606.0 ], [ 3060405.0, 7144607.0 ], [ 3060413.0, 7144610.0 ], [ 3060424.0, 7144616.0 ], [ 3060443.0, 7144593.0 ], [ 3060460.0, 7144580.0 ], [ 3060482.0, 7144579.0 ], [ 3060503.0, 7144576.0 ], [ 3060536.0, 7144568.0 ], [ 3060544.0, 7144564.0 ], [ 3060567.0, 7144562.0 ], [ 3060583.0, 7144561.0 ], [ 3060613.0, 7144557.0 ], [ 3060631.0, 7144551.0 ], [ 3060659.0, 7144509.0 ], [ 3060682.0, 7144474.0 ], [ 3060708.0, 7144472.0 ], [ 3060732.0, 7144431.0 ], [ 3060744.0, 7144412.0 ], [ 3060745.0, 7144410.0 ], [ 3060747.0, 7144393.0 ], [ 3060762.0, 7144395.0 ], [ 3060764.0, 7144377.0 ], [ 3060771.0, 7144332.0 ], [ 3060772.0, 7144321.0 ], [ 3060774.0, 7144315.0 ], [ 3060775.0, 7144311.0 ], [ 3060779.0, 7144308.0 ], [ 3060784.0, 7144306.0 ], [ 3060788.0, 7144306.0 ], [ 3060845.0, 7144314.0 ], [ 3060853.0, 7144315.0 ], [ 3060865.0, 7144317.0 ], [ 3060866.0, 7144312.0 ], [ 3060869.0, 7144309.0 ], [ 3060874.0, 7144307.0 ], [ 3060879.0, 7144306.0 ], [ 3060879.0, 7144307.0 ], [ 3060883.0, 7144308.0 ], [ 3060885.0, 7144309.0 ], [ 3060894.0, 7144310.0 ], [ 3060910.0, 7144313.0 ], [ 3060922.0, 7144314.0 ], [ 3060936.0, 7144316.0 ], [ 3060941.0, 7144278.0 ], [ 3060948.0, 7144218.0 ], [ 3060955.0, 7144149.0 ], [ 3060967.0, 7144150.0 ], [ 3060989.0, 7144152.0 ], [ 3060988.0, 7144163.0 ], [ 3061005.0, 7144172.0 ], [ 3061023.0, 7144181.0 ], [ 3061037.0, 7144190.0 ], [ 3061054.0, 7144203.0 ], [ 3061070.0, 7144218.0 ], [ 3061091.0, 7144229.0 ], [ 3061111.0, 7144251.0 ], [ 3061195.0, 7144285.0 ], [ 3061214.0, 7144293.0 ], [ 3061306.0, 7144339.0 ], [ 3061359.0, 7144369.0 ], [ 3061423.0, 7144369.0 ], [ 3061464.0, 7144345.0 ], [ 3061501.0, 7144368.0 ], [ 3061522.0, 7144380.0 ], [ 3061578.0, 7144308.0 ], [ 3061620.0, 7144264.0 ], [ 3061684.0, 7144207.0 ], [ 3061906.0, 7144012.0 ], [ 3061953.0, 7143975.0 ], [ 3061958.0, 7143985.0 ], [ 3062003.0, 7143953.0 ], [ 3062131.0, 7143852.0 ], [ 3062311.0, 7143765.0 ], [ 3062320.0, 7143743.0 ], [ 3062349.0, 7143732.0 ], [ 3062355.0, 7143740.0 ], [ 3062359.0, 7143748.0 ], [ 3062371.0, 7143754.0 ], [ 3062431.0, 7143862.0 ], [ 3062482.0, 7143968.0 ], [ 3062519.0, 7144040.0 ], [ 3062557.0, 7144114.0 ], [ 3062576.0, 7144158.0 ], [ 3062625.0, 7144261.0 ], [ 3062649.0, 7144311.0 ], [ 3062661.0, 7144304.0 ], [ 3062672.0, 7144297.0 ], [ 3062682.0, 7144292.0 ], [ 3062692.0, 7144286.0 ], [ 3062699.0, 7144281.0 ], [ 3062668.0, 7144174.0 ], [ 3062615.0, 7144034.0 ], [ 3062640.0, 7144021.0 ], [ 3062655.0, 7144013.0 ], [ 3062668.0, 7144007.0 ], [ 3062672.0, 7144005.0 ], [ 3062698.0, 7143990.0 ], [ 3062711.0, 7143991.0 ], [ 3062710.0, 7143997.0 ], [ 3062713.0, 7144008.0 ], [ 3062719.0, 7144021.0 ], [ 3062730.0, 7144035.0 ], [ 3062746.0, 7144050.0 ], [ 3062752.0, 7144055.0 ], [ 3062767.0, 7144069.0 ], [ 3062784.0, 7144082.0 ], [ 3062794.0, 7144086.0 ], [ 3062805.0, 7144084.0 ], [ 3062813.0, 7144081.0 ], [ 3062821.0, 7144077.0 ], [ 3062829.0, 7144072.0 ], [ 3062839.0, 7144069.0 ], [ 3062847.0, 7144066.0 ], [ 3062857.0, 7144072.0 ], [ 3062877.0, 7144081.0 ], [ 3062891.0, 7144097.0 ], [ 3062928.0, 7144143.0 ], [ 3062965.0, 7144195.0 ], [ 3063001.0, 7144262.0 ], [ 3063027.0, 7144308.0 ], [ 3063052.0, 7144298.0 ], [ 3063081.0, 7144296.0 ], [ 3063120.0, 7144285.0 ], [ 3063147.0, 7144277.0 ], [ 3063202.0, 7144259.0 ], [ 3063214.0, 7144262.0 ], [ 3063226.0, 7144262.0 ], [ 3063484.0, 7144114.0 ], [ 3063521.0, 7144094.0 ], [ 3063534.0, 7144085.0 ], [ 3063545.0, 7144079.0 ], [ 3063558.0, 7144070.0 ], [ 3063570.0, 7144064.0 ], [ 3063580.0, 7144058.0 ], [ 3063626.0, 7144033.0 ], [ 3063678.0, 7143999.0 ], [ 3063710.0, 7143979.0 ], [ 3063761.0, 7143949.0 ], [ 3063777.0, 7143940.0 ], [ 3063791.0, 7143930.0 ], [ 3063833.0, 7143901.0 ], [ 3063899.0, 7143858.0 ], [ 3063894.0, 7143850.0 ], [ 3063966.0, 7143807.0 ], [ 3064016.0, 7143779.0 ], [ 3064020.0, 7143755.0 ], [ 3064026.0, 7143750.0 ], [ 3064038.0, 7143743.0 ], [ 3064027.0, 7143722.0 ], [ 3064201.0, 7143631.0 ], [ 3064300.0, 7143576.0 ], [ 3064331.0, 7143560.0 ], [ 3064328.0, 7143539.0 ], [ 3064348.0, 7143480.0 ], [ 3064379.0, 7143351.0 ], [ 3064392.0, 7143312.0 ], [ 3064414.0, 7143218.0 ], [ 3064426.0, 7143184.0 ], [ 3064449.0, 7143139.0 ], [ 3064485.0, 7143096.0 ], [ 3064521.0, 7143024.0 ], [ 3064540.0, 7142979.0 ], [ 3064560.0, 7142942.0 ], [ 3064566.0, 7142924.0 ], [ 3064568.0, 7142915.0 ], [ 3064567.0, 7142907.0 ], [ 3064559.0, 7142896.0 ], [ 3064621.0, 7142920.0 ], [ 3064734.0, 7142964.0 ], [ 3064773.0, 7142985.0 ], [ 3064849.0, 7142995.0 ], [ 3064910.0, 7143009.0 ], [ 3064957.0, 7143013.0 ], [ 3064996.0, 7142996.0 ], [ 3065025.0, 7142996.0 ], [ 3065068.0, 7142991.0 ], [ 3065105.0, 7142974.0 ], [ 3065162.0, 7142932.0 ], [ 3065192.0, 7142924.0 ], [ 3065221.0, 7142916.0 ], [ 3065277.0, 7142891.0 ], [ 3065317.0, 7142878.0 ], [ 3065351.0, 7142888.0 ], [ 3065364.0, 7142902.0 ], [ 3065381.0, 7142824.0 ], [ 3065385.0, 7142809.0 ], [ 3065389.0, 7142792.0 ], [ 3065398.0, 7142771.0 ], [ 3065410.0, 7142745.0 ], [ 3065455.0, 7142641.0 ], [ 3065478.0, 7142590.0 ], [ 3065501.0, 7142541.0 ], [ 3065460.0, 7142358.0 ], [ 3065458.0, 7142347.0 ], [ 3065457.0, 7142340.0 ], [ 3065446.0, 7142288.0 ], [ 3065443.0, 7142277.0 ], [ 3065450.0, 7142273.0 ], [ 3065456.0, 7142268.0 ], [ 3065458.0, 7142264.0 ], [ 3065459.0, 7142254.0 ], [ 3065458.0, 7142248.0 ], [ 3065446.0, 7142201.0 ], [ 3065438.0, 7142169.0 ], [ 3065433.0, 7142147.0 ], [ 3065427.0, 7142122.0 ], [ 3065417.0, 7142081.0 ], [ 3065410.0, 7142049.0 ], [ 3065395.0, 7141986.0 ], [ 3065381.0, 7141930.0 ], [ 3065371.0, 7141885.0 ], [ 3065366.0, 7141861.0 ], [ 3065361.0, 7141838.0 ], [ 3065393.0, 7141830.0 ] ] } },
{ "type": "Feature", "properties": { "closeness_centrality": 6.8674296137036714e-05, "source": 5189655447, "target": 3044321944, "ordering_closeness_centrality": 104, "length": 2913, "length_cumulative": 294932 }, "geometry": { "type": "LineString", "coordinates": [ [ 3075558.0, 7156601.0 ], [ 3075632.0, 7156636.0 ], [ 3075644.0, 7156641.0 ], [ 3075657.0, 7156647.0 ], [ 3075688.0, 7156661.0 ], [ 3075782.0, 7156705.0 ], [ 3075980.0, 7156806.0 ], [ 3076077.0, 7156853.0 ], [ 3076085.0, 7156857.0 ], [ 3076087.0, 7156854.0 ], [ 3076096.0, 7156852.0 ], [ 3076104.0, 7156851.0 ], [ 3076112.0, 7156851.0 ], [ 3076119.0, 7156853.0 ], [ 3076125.0, 7156856.0 ], [ 3076130.0, 7156845.0 ], [ 3076136.0, 7156830.0 ], [ 3076236.0, 7156877.0 ], [ 3076246.0, 7156882.0 ], [ 3076311.0, 7156912.0 ], [ 3076321.0, 7156891.0 ], [ 3076332.0, 7156896.0 ], [ 3076361.0, 7156910.0 ], [ 3076370.0, 7156915.0 ], [ 3076703.0, 7157079.0 ], [ 3076776.0, 7157111.0 ], [ 3077107.0, 7157262.0 ], [ 3077185.0, 7157298.0 ], [ 3077259.0, 7157333.0 ], [ 3077301.0, 7157353.0 ], [ 3077417.0, 7157407.0 ], [ 3077499.0, 7157446.0 ], [ 3077600.0, 7157492.0 ], [ 3077695.0, 7157527.0 ], [ 3077803.0, 7157577.0 ], [ 3077891.0, 7157618.0 ], [ 3077961.0, 7157662.0 ], [ 3078006.0, 7157683.0 ], [ 3078073.0, 7157713.0 ], [ 3078106.0, 7157729.0 ], [ 3078112.0, 7157717.0 ], [ 3078160.0, 7157739.0 ] ] } },
{ "type": "Feature", "properties": { "closeness_centrality": 6.8617605090102722e-05, "source": 442966800, "target": 6866139341, "ordering_closeness_centrality": 105, "length": 8663, "length_cumulative": 303595 }, "geometry": { "type": "LineString", "coordinates": [ [ 3056172.0, 7152401.0 ], [ 3056173.0, 7152357.0 ], [ 3056182.0, 7152358.0 ], [ 3056197.0, 7152355.0 ], [ 3056197.0, 7152289.0 ], [ 3056203.0, 7152289.0 ], [ 3056211.0, 7152289.0 ], [ 3056228.0, 7152289.0 ], [ 3056228.0, 7152286.0 ], [ 3056226.0, 7152271.0 ], [ 3056225.0, 7152260.0 ], [ 3056215.0, 7152155.0 ], [ 3056338.0, 7152055.0 ], [ 3056406.0, 7152050.0 ], [ 3056404.0, 7152029.0 ], [ 3056465.0, 7152023.0 ], [ 3056490.0, 7152021.0 ], [ 3056488.0, 7151996.0 ], [ 3056488.0, 7151978.0 ], [ 3056491.0, 7151961.0 ], [ 3056493.0, 7151934.0 ], [ 3056490.0, 7151929.0 ], [ 3056563.0, 7151878.0 ], [ 3056561.0, 7151849.0 ], [ 3056558.0, 7151767.0 ], [ 3056558.0, 7151760.0 ], [ 3056557.0, 7151739.0 ], [ 3056582.0, 7151660.0 ], [ 3056587.0, 7151644.0 ], [ 3056603.0, 7151606.0 ], [ 3056608.0, 7151595.0 ], [ 3056622.0, 7151566.0 ], [ 3056644.0, 7151519.0 ], [ 3056654.0, 7151493.0 ], [ 3056665.0, 7151466.0 ], [ 3056677.0, 7151353.0 ], [ 3056683.0, 7151322.0 ], [ 3056682.0, 7151305.0 ], [ 3056672.0, 7151179.0 ], [ 3056671.0, 7151167.0 ], [ 3056669.0, 7151132.0 ], [ 3056665.0, 7151025.0 ], [ 3056667.0, 7150998.0 ], [ 3056667.0, 7150971.0 ], [ 3056697.0, 7150972.0 ], [ 3056692.0, 7150912.0 ], [ 3056726.0, 7150910.0 ], [ 3056744.0, 7150909.0 ], [ 3056744.0, 7150878.0 ], [ 3056792.0, 7150879.0 ], [ 3056788.0, 7150841.0 ], [ 3056802.0, 7150834.0 ], [ 3056815.0, 7150822.0 ], [ 3056821.0, 7150808.0 ], [ 3056823.0, 7150795.0 ], [ 3056832.0, 7150795.0 ], [ 3056832.0, 7150765.0 ], [ 3056836.0, 7150710.0 ], [ 3056856.0, 7150694.0 ], [ 3056853.0, 7150679.0 ], [ 3056858.0, 7150592.0 ], [ 3056855.0, 7150521.0 ], [ 3056871.0, 7150503.0 ], [ 3056875.0, 7150488.0 ], [ 3056900.0, 7150486.0 ], [ 3056934.0, 7150448.0 ], [ 3056972.0, 7150409.0 ], [ 3056975.0, 7150395.0 ], [ 3056978.0, 7150378.0 ], [ 3057077.0, 7150278.0 ], [ 3057113.0, 7150245.0 ], [ 3057123.0, 7150235.0 ], [ 3057137.0, 7150235.0 ], [ 3057160.0, 7150233.0 ], [ 3057157.0, 7150179.0 ], [ 3057151.0, 7150088.0 ], [ 3057146.0, 7150008.0 ], [ 3057148.0, 7149985.0 ], [ 3057144.0, 7149949.0 ], [ 3057156.0, 7149952.0 ], [ 3057172.0, 7149958.0 ], [ 3057241.0, 7149942.0 ], [ 3057272.0, 7149922.0 ], [ 3057280.0, 7149910.0 ], [ 3057325.0, 7149786.0 ], [ 3057332.0, 7149752.0 ], [ 3057334.0, 7149696.0 ], [ 3057344.0, 7149659.0 ], [ 3057342.0, 7149570.0 ], [ 3057333.0, 7149570.0 ], [ 3057354.0, 7149541.0 ], [ 3057361.0, 7149528.0 ], [ 3057367.0, 7149489.0 ], [ 3057380.0, 7149459.0 ], [ 3057384.0, 7149430.0 ], [ 3057383.0, 7149370.0 ], [ 3057381.0, 7149335.0 ], [ 3057379.0, 7149312.0 ], [ 3057429.0, 7149287.0 ], [ 3057454.0, 7149287.0 ], [ 3057471.0, 7149285.0 ], [ 3057499.0, 7149261.0 ], [ 3057524.0, 7149221.0 ], [ 3057535.0, 7149195.0 ], [ 3057564.0, 7149159.0 ], [ 3057616.0, 7149094.0 ], [ 3057625.0, 7149087.0 ], [ 3057646.0, 7149075.0 ], [ 3057662.0, 7149054.0 ], [ 3057687.0, 7149017.0 ], [ 3057713.0, 7148997.0 ], [ 3057727.0, 7148994.0 ], [ 3057746.0, 7148991.0 ], [ 3057780.0, 7148998.0 ], [ 3057854.0, 7149021.0 ], [ 3057832.0, 7148969.0 ], [ 3057805.0, 7148935.0 ], [ 3057804.0, 7148915.0 ], [ 3057816.0, 7148872.0 ], [ 3057840.0, 7148860.0 ], [ 3057910.0, 7148837.0 ], [ 3057944.0, 7148829.0 ], [ 3057991.0, 7148815.0 ], [ 3058013.0, 7148790.0 ], [ 3058039.0, 7148692.0 ], [ 3058182.0, 7148739.0 ], [ 3058220.0, 7148769.0 ], [ 3058363.0, 7148816.0 ], [ 3058377.0, 7148813.0 ], [ 3058389.0, 7148831.0 ], [ 3058416.0, 7148843.0 ], [ 3058462.0, 7148827.0 ], [ 3058477.0, 7148806.0 ], [ 3058484.0, 7148802.0 ], [ 3058517.0, 7148787.0 ], [ 3058547.0, 7148815.0 ], [ 3058550.0, 7148813.0 ], [ 3058560.0, 7148808.0 ], [ 3058573.0, 7148795.0 ], [ 3058602.0, 7148790.0 ], [ 3058613.0, 7148787.0 ], [ 3058644.0, 7148782.0 ], [ 3058662.0, 7148782.0 ], [ 3058673.0, 7148777.0 ], [ 3058689.0, 7148774.0 ], [ 3058721.0, 7148765.0 ], [ 3058779.0, 7148764.0 ], [ 3058789.0, 7148762.0 ], [ 3058795.0, 7148732.0 ], [ 3058798.0, 7148698.0 ], [ 3058800.0, 7148671.0 ], [ 3058801.0, 7148579.0 ], [ 3058810.0, 7148525.0 ], [ 3058821.0, 7148436.0 ], [ 3058838.0, 7148424.0 ], [ 3058851.0, 7148382.0 ], [ 3058889.0, 7148388.0 ], [ 3058899.0, 7148389.0 ], [ 3058923.0, 7148390.0 ], [ 3058951.0, 7148392.0 ], [ 3059008.0, 7148394.0 ], [ 3059045.0, 7148405.0 ], [ 3059050.0, 7148382.0 ], [ 3059053.0, 7148368.0 ], [ 3059131.0, 7148385.0 ], [ 3059148.0, 7148388.0 ], [ 3059157.0, 7148345.0 ], [ 3059166.0, 7148342.0 ], [ 3059177.0, 7148338.0 ], [ 3059181.0, 7148318.0 ], [ 3059186.0, 7148298.0 ], [ 3059191.0, 7148283.0 ], [ 3059199.0, 7148255.0 ], [ 3059202.0, 7148221.0 ], [ 3059215.0, 7148206.0 ], [ 3059220.0, 7148193.0 ], [ 3059223.0, 7148187.0 ], [ 3059250.0, 7148119.0 ], [ 3059251.0, 7148117.0 ], [ 3059254.0, 7148111.0 ], [ 3059277.0, 7148121.0 ], [ 3059293.0, 7148089.0 ], [ 3059315.0, 7148051.0 ], [ 3059318.0, 7148043.0 ], [ 3059340.0, 7148023.0 ], [ 3059378.0, 7147970.0 ], [ 3059416.0, 7147914.0 ], [ 3059451.0, 7147883.0 ], [ 3059466.0, 7147869.0 ], [ 3059524.0, 7147819.0 ], [ 3059567.0, 7147788.0 ], [ 3059591.0, 7147770.0 ], [ 3059649.0, 7147724.0 ], [ 3059682.0, 7147696.0 ], [ 3059700.0, 7147678.0 ], [ 3059735.0, 7147649.0 ], [ 3059744.0, 7147641.0 ], [ 3059803.0, 7147590.0 ], [ 3059840.0, 7147558.0 ], [ 3059910.0, 7147498.0 ], [ 3059932.0, 7147480.0 ], [ 3059951.0, 7147464.0 ], [ 3059987.0, 7147435.0 ], [ 3059997.0, 7147426.0 ], [ 3060010.0, 7147416.0 ], [ 3060020.0, 7147407.0 ], [ 3060127.0, 7147321.0 ], [ 3060165.0, 7147290.0 ], [ 3060203.0, 7147258.0 ], [ 3060282.0, 7147193.0 ], [ 3060298.0, 7147179.0 ], [ 3060304.0, 7147173.0 ], [ 3060370.0, 7147119.0 ], [ 3060459.0, 7147046.0 ], [ 3060472.0, 7147035.0 ], [ 3060478.0, 7147030.0 ], [ 3060542.0, 7146979.0 ], [ 3060584.0, 7146952.0 ], [ 3060617.0, 7146934.0 ] ] } },
{ "type": "Feature", "properties": { "closeness_centrality": 6.7589987305411532e-05, "source": 4464633410, "target": 275073093, "ordering_closeness_centrality": 106, "length": 1533, "length_cumulative": 305128 }, "geometry": { "type": "LineString", "coordinates": [ [ 3065045.0, 7140337.0 ], [ 3065059.0, 7140394.0 ], [ 3065090.0, 7140530.0 ], [ 3065100.0, 7140572.0 ], [ 3065106.0, 7140599.0 ], [ 3065115.0, 7140638.0 ], [ 3065136.0, 7140732.0 ], [ 3065144.0, 7140763.0 ], [ 3065152.0, 7140796.0 ], [ 3065161.0, 7140832.0 ], [ 3065176.0, 7140894.0 ], [ 3065180.0, 7140913.0 ], [ 3065191.0, 7140960.0 ], [ 3065194.0, 7140974.0 ], [ 3065203.0, 7141009.0 ], [ 3065259.0, 7141252.0 ], [ 3065261.0, 7141262.0 ], [ 3065274.0, 7141319.0 ], [ 3065289.0, 7141389.0 ], [ 3065297.0, 7141424.0 ], [ 3065304.0, 7141457.0 ], [ 3065312.0, 7141491.0 ], [ 3065329.0, 7141561.0 ], [ 3065350.0, 7141642.0 ], [ 3065364.0, 7141698.0 ], [ 3065383.0, 7141782.0 ], [ 3065386.0, 7141796.0 ], [ 3065393.0, 7141830.0 ] ] } },
{ "type": "Feature", "properties": { "closeness_centrality": 6.7571252083611303e-05, "source": 9318805444, "target": 3044321944, "ordering_closeness_centrality": 107, "length": 2066, "length_cumulative": 307195 }, "geometry": { "type": "LineString", "coordinates": [ [ 3070877.0, 7156620.0 ], [ 3070947.0, 7156583.0 ], [ 3071102.0, 7156502.0 ], [ 3071276.0, 7156411.0 ], [ 3071287.0, 7156405.0 ], [ 3071311.0, 7156392.0 ], [ 3071501.0, 7156290.0 ], [ 3071690.0, 7156190.0 ], [ 3071706.0, 7156182.0 ], [ 3071740.0, 7156169.0 ], [ 3071748.0, 7156166.0 ], [ 3071755.0, 7156164.0 ], [ 3071764.0, 7156161.0 ], [ 3071779.0, 7156156.0 ], [ 3071819.0, 7156139.0 ], [ 3071846.0, 7156123.0 ], [ 3072018.0, 7156020.0 ], [ 3072105.0, 7155969.0 ], [ 3072178.0, 7155927.0 ], [ 3072238.0, 7155893.0 ], [ 3072271.0, 7155873.0 ], [ 3072294.0, 7155862.0 ], [ 3072296.0, 7155860.0 ], [ 3072324.0, 7155812.0 ], [ 3072332.0, 7155799.0 ], [ 3072342.0, 7155783.0 ], [ 3072351.0, 7155767.0 ], [ 3072358.0, 7155756.0 ], [ 3072412.0, 7155665.0 ], [ 3072460.0, 7155582.0 ], [ 3072511.0, 7155493.0 ], [ 3072515.0, 7155486.0 ], [ 3072523.0, 7155471.0 ], [ 3072525.0, 7155467.0 ] ] } },
{ "type": "Feature", "properties": { "closeness_centrality": 6.6810614015141417e-05, "source": 4464633410, "target": 3476022455, "ordering_closeness_centrality": 109, "length": 2972, "length_cumulative": 310168 }, "geometry": { "type": "LineString", "coordinates": [ [ 3067368.0, 7141904.0 ], [ 3067309.0, 7141904.0 ], [ 3067282.0, 7141907.0 ], [ 3067271.0, 7141892.0 ], [ 3067237.0, 7141916.0 ], [ 3067196.0, 7141856.0 ], [ 3067103.0, 7141721.0 ], [ 3067013.0, 7141590.0 ], [ 3067006.0, 7141579.0 ], [ 3067003.0, 7141575.0 ], [ 3066966.0, 7141522.0 ], [ 3066932.0, 7141476.0 ], [ 3066920.0, 7141460.0 ], [ 3066904.0, 7141438.0 ], [ 3066890.0, 7141420.0 ], [ 3066830.0, 7141338.0 ], [ 3066820.0, 7141345.0 ], [ 3066799.0, 7141316.0 ], [ 3066794.0, 7141308.0 ], [ 3066748.0, 7141246.0 ], [ 3066734.0, 7141224.0 ], [ 3066728.0, 7141215.0 ], [ 3066714.0, 7141196.0 ], [ 3066670.0, 7141133.0 ], [ 3066625.0, 7141070.0 ], [ 3066605.0, 7141043.0 ], [ 3066468.0, 7140856.0 ], [ 3066441.0, 7140818.0 ], [ 3066421.0, 7140790.0 ], [ 3066406.0, 7140769.0 ], [ 3066397.0, 7140773.0 ], [ 3066371.0, 7140735.0 ], [ 3066364.0, 7140725.0 ], [ 3066313.0, 7140714.0 ], [ 3066221.0, 7140695.0 ], [ 3066188.0, 7140687.0 ], [ 3066082.0, 7140660.0 ], [ 3066000.0, 7140635.0 ], [ 3065993.0, 7140633.0 ], [ 3065950.0, 7140616.0 ], [ 3065895.0, 7140590.0 ], [ 3065857.0, 7140567.0 ], [ 3065841.0, 7140556.0 ], [ 3065827.0, 7140544.0 ], [ 3065764.0, 7140541.0 ], [ 3065746.0, 7140542.0 ], [ 3065688.0, 7140553.0 ], [ 3065639.0, 7140553.0 ], [ 3065629.0, 7140553.0 ], [ 3065629.0, 7140543.0 ], [ 3065628.0, 7140528.0 ], [ 3065608.0, 7140528.0 ], [ 3065586.0, 7140527.0 ], [ 3065573.0, 7140527.0 ], [ 3065467.0, 7140525.0 ], [ 3065405.0, 7140527.0 ], [ 3065381.0, 7140529.0 ], [ 3065325.0, 7140533.0 ], [ 3065274.0, 7140541.0 ], [ 3065205.0, 7140554.0 ], [ 3065144.0, 7140566.0 ], [ 3065100.0, 7140572.0 ] ] } },
{ "type": "Feature", "properties": { "closeness_centrality": 6.6166306914311826e-05, "source": 5413815740, "target": 9318805444, "ordering_closeness_centrality": 110, "length": 3096, "length_cumulative": 313264 }, "geometry": { "type": "LineString", "coordinates": [ [ 3059217.0, 7155792.0 ], [ 3059205.0, 7155780.0 ], [ 3059196.0, 7155746.0 ], [ 3059193.0, 7155730.0 ], [ 3059183.0, 7155668.0 ], [ 3059179.0, 7155646.0 ], [ 3059166.0, 7155569.0 ], [ 3059154.0, 7155524.0 ], [ 3059149.0, 7155500.0 ], [ 3059153.0, 7155490.0 ], [ 3059157.0, 7155482.0 ], [ 3059150.0, 7155443.0 ], [ 3059139.0, 7155385.0 ], [ 3059130.0, 7155347.0 ], [ 3059128.0, 7155340.0 ], [ 3059125.0, 7155333.0 ], [ 3059130.0, 7155294.0 ], [ 3059124.0, 7155276.0 ], [ 3059119.0, 7155247.0 ], [ 3059118.0, 7155231.0 ], [ 3059116.0, 7155213.0 ], [ 3059095.0, 7155174.0 ], [ 3059047.0, 7155091.0 ], [ 3059065.0, 7155080.0 ], [ 3059045.0, 7155040.0 ], [ 3059029.0, 7155000.0 ], [ 3059018.0, 7154963.0 ], [ 3059008.0, 7154932.0 ], [ 3059000.0, 7154893.0 ], [ 3058992.0, 7154854.0 ], [ 3058986.0, 7154816.0 ], [ 3058986.0, 7154766.0 ], [ 3058988.0, 7154721.0 ], [ 3058989.0, 7154713.0 ], [ 3058995.0, 7154645.0 ], [ 3059006.0, 7154539.0 ], [ 3059012.0, 7154466.0 ], [ 3059013.0, 7154451.0 ], [ 3059019.0, 7154378.0 ], [ 3059022.0, 7154346.0 ], [ 3059023.0, 7154331.0 ], [ 3059023.0, 7154321.0 ], [ 3059027.0, 7154275.0 ], [ 3059032.0, 7154181.0 ], [ 3059038.0, 7154108.0 ], [ 3059040.0, 7154084.0 ], [ 3059042.0, 7154057.0 ], [ 3059044.0, 7154033.0 ], [ 3059049.0, 7153991.0 ], [ 3059053.0, 7153952.0 ], [ 3059061.0, 7153874.0 ], [ 3059042.0, 7153872.0 ], [ 3059043.0, 7153864.0 ], [ 3059038.0, 7153858.0 ], [ 3059028.0, 7153844.0 ], [ 3059030.0, 7153819.0 ], [ 3059033.0, 7153792.0 ], [ 3059033.0, 7153784.0 ], [ 3059036.0, 7153750.0 ], [ 3059037.0, 7153737.0 ], [ 3059024.0, 7153707.0 ], [ 3059026.0, 7153692.0 ], [ 3059050.0, 7153539.0 ], [ 3059053.0, 7153497.0 ], [ 3059063.0, 7153470.0 ], [ 3059101.0, 7153105.0 ], [ 3059099.0, 7153089.0 ], [ 3059097.0, 7153046.0 ], [ 3059103.0, 7153033.0 ], [ 3059108.0, 7153019.0 ], [ 3059111.0, 7152978.0 ], [ 3059113.0, 7152965.0 ], [ 3059114.0, 7152937.0 ], [ 3059110.0, 7152928.0 ], [ 3059102.0, 7152917.0 ], [ 3059093.0, 7152908.0 ], [ 3059051.0, 7152903.0 ], [ 3059022.0, 7152879.0 ], [ 3059026.0, 7152850.0 ] ] } },
{ "type": "Feature", "properties": { "closeness_centrality": 6.6134818589875003e-05, "source": 11716432841, "target": 5189655447, "ordering_closeness_centrality": 111, "length": 3473, "length_cumulative": 316738 }, "geometry": { "type": "LineString", "coordinates": [ [ 3076847.0, 7154987.0 ], [ 3076884.0, 7155120.0 ], [ 3076897.0, 7155172.0 ], [ 3076906.0, 7155221.0 ], [ 3076909.0, 7155245.0 ], [ 3076916.0, 7155270.0 ], [ 3076930.0, 7155318.0 ], [ 3076952.0, 7155401.0 ], [ 3076957.0, 7155421.0 ], [ 3076932.0, 7155500.0 ], [ 3076886.0, 7155628.0 ], [ 3076875.0, 7155671.0 ], [ 3076862.0, 7155687.0 ], [ 3076896.0, 7155857.0 ], [ 3076906.0, 7155901.0 ], [ 3076925.0, 7155984.0 ], [ 3076939.0, 7156044.0 ], [ 3076973.0, 7156204.0 ], [ 3076979.0, 7156231.0 ], [ 3076986.0, 7156263.0 ], [ 3077021.0, 7156421.0 ], [ 3077029.0, 7156430.0 ], [ 3077038.0, 7156448.0 ], [ 3077049.0, 7156460.0 ], [ 3077067.0, 7156474.0 ], [ 3077100.0, 7156496.0 ], [ 3077105.0, 7156499.0 ], [ 3077102.0, 7156595.0 ], [ 3077109.0, 7156595.0 ], [ 3077109.0, 7156621.0 ], [ 3077111.0, 7156628.0 ], [ 3077111.0, 7156632.0 ], [ 3077115.0, 7156643.0 ], [ 3077121.0, 7156661.0 ], [ 3077125.0, 7156671.0 ], [ 3077131.0, 7156689.0 ], [ 3077184.0, 7156667.0 ], [ 3077191.0, 7156688.0 ], [ 3077220.0, 7156678.0 ], [ 3077222.0, 7156682.0 ], [ 3077264.0, 7156667.0 ], [ 3077281.0, 7156714.0 ], [ 3077286.0, 7156727.0 ], [ 3077293.0, 7156746.0 ], [ 3077303.0, 7156775.0 ], [ 3077305.0, 7156778.0 ], [ 3077316.0, 7156811.0 ], [ 3077342.0, 7156884.0 ], [ 3077365.0, 7156954.0 ], [ 3077371.0, 7156981.0 ], [ 3077372.0, 7157015.0 ], [ 3077371.0, 7157046.0 ], [ 3077371.0, 7157061.0 ], [ 3077369.0, 7157078.0 ], [ 3077368.0, 7157086.0 ], [ 3077367.0, 7157111.0 ], [ 3077366.0, 7157136.0 ], [ 3077371.0, 7157158.0 ], [ 3077373.0, 7157169.0 ], [ 3077375.0, 7157177.0 ], [ 3077378.0, 7157196.0 ], [ 3077389.0, 7157231.0 ], [ 3077399.0, 7157252.0 ], [ 3077406.0, 7157258.0 ], [ 3077427.0, 7157284.0 ], [ 3077431.0, 7157287.0 ], [ 3077459.0, 7157312.0 ], [ 3077471.0, 7157320.0 ], [ 3077481.0, 7157350.0 ], [ 3077490.0, 7157377.0 ], [ 3077492.0, 7157389.0 ], [ 3077509.0, 7157397.0 ], [ 3077537.0, 7157411.0 ], [ 3077542.0, 7157414.0 ], [ 3077630.0, 7157455.0 ], [ 3077683.0, 7157478.0 ], [ 3077790.0, 7157531.0 ], [ 3077819.0, 7157543.0 ], [ 3077840.0, 7157550.0 ], [ 3077976.0, 7157617.0 ], [ 3077970.0, 7157629.0 ], [ 3077966.0, 7157639.0 ], [ 3077981.0, 7157645.0 ], [ 3077977.0, 7157653.0 ], [ 3078013.0, 7157670.0 ], [ 3078047.0, 7157686.0 ], [ 3078078.0, 7157701.0 ], [ 3078085.0, 7157704.0 ], [ 3078112.0, 7157717.0 ] ] } },
{ "type": "Feature", "properties": { "closeness_centrality": 6.5787063267544211e-05, "source": 442966800, "target": 5413815740, "ordering_closeness_centrality": 112, "length": 2915, "length_cumulative": 319653 }, "geometry": { "type": "LineString", "coordinates": [ [ 3056172.0, 7152401.0 ], [ 3056320.0, 7152416.0 ], [ 3056350.0, 7152419.0 ], [ 3056402.0, 7152425.0 ], [ 3056469.0, 7152434.0 ], [ 3056532.0, 7152443.0 ], [ 3056678.0, 7152471.0 ], [ 3056961.0, 7152524.0 ], [ 3057066.0, 7152544.0 ], [ 3057107.0, 7152551.0 ], [ 3057239.0, 7152577.0 ], [ 3057268.0, 7152583.0 ], [ 3057336.0, 7152596.0 ], [ 3057413.0, 7152611.0 ], [ 3057476.0, 7152623.0 ], [ 3057563.0, 7152639.0 ], [ 3057645.0, 7152653.0 ], [ 3057755.0, 7152672.0 ], [ 3057859.0, 7152684.0 ], [ 3058175.0, 7152722.0 ], [ 3058242.0, 7152729.0 ], [ 3058282.0, 7152734.0 ], [ 3058300.0, 7152737.0 ], [ 3058298.0, 7152764.0 ], [ 3058329.0, 7152767.0 ], [ 3058361.0, 7152770.0 ], [ 3058530.0, 7152791.0 ], [ 3058861.0, 7152830.0 ], [ 3058958.0, 7152842.0 ], [ 3059026.0, 7152850.0 ] ] } },
{ "type": "Feature", "properties": { "closeness_centrality": 6.5458008915232101e-05, "source": 3476022455, "target": 417639292, "ordering_closeness_centrality": 113, "length": 2805, "length_cumulative": 322459 }, "geometry": { "type": "LineString", "coordinates": [ [ 3076770.0, 7145971.0 ], [ 3076745.0, 7145934.0 ], [ 3076733.0, 7145916.0 ], [ 3076617.0, 7145743.0 ], [ 3076457.0, 7145499.0 ], [ 3076450.0, 7145504.0 ], [ 3076417.0, 7145525.0 ], [ 3076370.0, 7145452.0 ], [ 3076321.0, 7145378.0 ], [ 3076261.0, 7145288.0 ], [ 3076243.0, 7145295.0 ], [ 3076209.0, 7145242.0 ], [ 3076176.0, 7145253.0 ], [ 3076168.0, 7145240.0 ], [ 3076115.0, 7145158.0 ], [ 3076099.0, 7145168.0 ], [ 3076082.0, 7145172.0 ], [ 3076043.0, 7145182.0 ], [ 3076027.0, 7145186.0 ], [ 3076024.0, 7145187.0 ], [ 3075991.0, 7145198.0 ], [ 3075953.0, 7145154.0 ], [ 3075895.0, 7145100.0 ], [ 3075857.0, 7145114.0 ], [ 3075764.0, 7145146.0 ], [ 3075755.0, 7145149.0 ], [ 3075744.0, 7145153.0 ], [ 3075659.0, 7145181.0 ], [ 3075561.0, 7145215.0 ], [ 3075554.0, 7145218.0 ], [ 3075534.0, 7145219.0 ], [ 3075524.0, 7145220.0 ], [ 3075478.0, 7145236.0 ], [ 3075474.0, 7145225.0 ], [ 3075437.0, 7145238.0 ], [ 3075411.0, 7145247.0 ], [ 3075399.0, 7145251.0 ], [ 3075371.0, 7145261.0 ], [ 3075328.0, 7145276.0 ], [ 3075323.0, 7145278.0 ], [ 3075320.0, 7145270.0 ], [ 3075314.0, 7145268.0 ], [ 3075270.0, 7145264.0 ], [ 3075267.0, 7145257.0 ], [ 3075252.0, 7145262.0 ], [ 3075248.0, 7145248.0 ], [ 3075142.0, 7145282.0 ], [ 3075136.0, 7145284.0 ], [ 3075093.0, 7145298.0 ], [ 3075077.0, 7145295.0 ], [ 3075047.0, 7145289.0 ], [ 3075036.0, 7145279.0 ], [ 3075031.0, 7145281.0 ], [ 3074984.0, 7145295.0 ], [ 3074940.0, 7145269.0 ], [ 3074929.0, 7145262.0 ], [ 3074925.0, 7145251.0 ], [ 3074920.0, 7145237.0 ], [ 3074916.0, 7145232.0 ], [ 3074907.0, 7145226.0 ], [ 3074857.0, 7145193.0 ], [ 3074820.0, 7145171.0 ], [ 3074814.0, 7145167.0 ], [ 3074652.0, 7145066.0 ], [ 3074650.0, 7145070.0 ], [ 3074643.0, 7145081.0 ] ] } },
{ "type": "Feature", "properties": { "closeness_centrality": 6.4934264404427293e-05, "source": 2607565996, "target": 11716432841, "ordering_closeness_centrality": 114, "length": 2987, "length_cumulative": 325446 }, "geometry": { "type": "LineString", "coordinates": [ [ 3077235.0, 7154108.0 ], [ 3077512.0, 7154253.0 ], [ 3077550.0, 7154271.0 ], [ 3077591.0, 7154276.0 ], [ 3077760.0, 7154233.0 ], [ 3077905.0, 7154212.0 ], [ 3077946.0, 7154206.0 ], [ 3077977.0, 7154201.0 ], [ 3078063.0, 7154189.0 ], [ 3078176.0, 7154670.0 ], [ 3078179.0, 7154682.0 ], [ 3078476.0, 7154612.0 ], [ 3078510.0, 7154605.0 ], [ 3078539.0, 7154599.0 ], [ 3078568.0, 7154593.0 ], [ 3078602.0, 7154586.0 ], [ 3078644.0, 7154578.0 ], [ 3078660.0, 7154575.0 ], [ 3078686.0, 7154570.0 ], [ 3078709.0, 7154566.0 ], [ 3078729.0, 7154562.0 ], [ 3079062.0, 7154503.0 ], [ 3079164.0, 7154485.0 ], [ 3079187.0, 7154480.0 ], [ 3079206.0, 7154452.0 ], [ 3079279.0, 7154344.0 ], [ 3079300.0, 7154316.0 ], [ 3079307.0, 7154307.0 ], [ 3079318.0, 7154284.0 ], [ 3079350.0, 7154212.0 ], [ 3079366.0, 7154195.0 ], [ 3079365.0, 7154184.0 ], [ 3079366.0, 7154170.0 ], [ 3079368.0, 7154157.0 ], [ 3079369.0, 7154146.0 ], [ 3079372.0, 7154133.0 ], [ 3079378.0, 7154120.0 ], [ 3079383.0, 7154104.0 ], [ 3079386.0, 7154089.0 ], [ 3079398.0, 7154080.0 ], [ 3079410.0, 7154066.0 ], [ 3079420.0, 7154074.0 ], [ 3079441.0, 7154052.0 ], [ 3079427.0, 7154036.0 ], [ 3079430.0, 7154033.0 ], [ 3079438.0, 7154024.0 ], [ 3079447.0, 7154013.0 ] ] } },
{ "type": "Feature", "properties": { "closeness_centrality": 6.376866131946607e-05, "source": 442966800, "target": 5074615032, "ordering_closeness_centrality": 115, "length": 10439, "length_cumulative": 335886 }, "geometry": { "type": "LineString", "coordinates": [ [ 3059783.0, 7144606.0 ], [ 3059671.0, 7144445.0 ], [ 3059647.0, 7144466.0 ], [ 3059581.0, 7144520.0 ], [ 3059516.0, 7144570.0 ], [ 3059452.0, 7144619.0 ], [ 3059446.0, 7144624.0 ], [ 3059390.0, 7144666.0 ], [ 3059359.0, 7144688.0 ], [ 3059345.0, 7144696.0 ], [ 3059334.0, 7144704.0 ], [ 3059316.0, 7144715.0 ], [ 3059304.0, 7144722.0 ], [ 3059291.0, 7144728.0 ], [ 3059282.0, 7144733.0 ], [ 3059267.0, 7144740.0 ], [ 3059250.0, 7144748.0 ], [ 3059261.0, 7144771.0 ], [ 3059252.0, 7144775.0 ], [ 3059256.0, 7144784.0 ], [ 3059234.0, 7144791.0 ], [ 3059231.0, 7144796.0 ], [ 3059227.0, 7144799.0 ], [ 3059211.0, 7144810.0 ], [ 3059195.0, 7144828.0 ], [ 3059195.0, 7144836.0 ], [ 3059194.0, 7144860.0 ], [ 3059194.0, 7144868.0 ], [ 3059176.0, 7144869.0 ], [ 3059166.0, 7144869.0 ], [ 3059111.0, 7144888.0 ], [ 3059071.0, 7144944.0 ], [ 3059071.0, 7144966.0 ], [ 3059070.0, 7145048.0 ], [ 3059070.0, 7145086.0 ], [ 3059069.0, 7145167.0 ], [ 3059068.0, 7145181.0 ], [ 3059068.0, 7145222.0 ], [ 3059035.0, 7145255.0 ], [ 3059005.0, 7145255.0 ], [ 3058963.0, 7145290.0 ], [ 3058923.0, 7145321.0 ], [ 3058924.0, 7145345.0 ], [ 3058926.0, 7145407.0 ], [ 3058925.0, 7145548.0 ], [ 3058886.0, 7145586.0 ], [ 3058879.0, 7145590.0 ], [ 3058876.0, 7145612.0 ], [ 3058854.0, 7145664.0 ], [ 3058829.0, 7145706.0 ], [ 3058827.0, 7145714.0 ], [ 3058810.0, 7145714.0 ], [ 3058809.0, 7145749.0 ], [ 3058792.0, 7145765.0 ], [ 3058794.0, 7145838.0 ], [ 3058766.0, 7145859.0 ], [ 3058662.0, 7145858.0 ], [ 3058662.0, 7145868.0 ], [ 3058662.0, 7145887.0 ], [ 3058662.0, 7145922.0 ], [ 3058662.0, 7145942.0 ], [ 3058644.0, 7145947.0 ], [ 3058620.0, 7145955.0 ], [ 3058605.0, 7145959.0 ], [ 3058593.0, 7145960.0 ], [ 3058558.0, 7145948.0 ], [ 3058488.0, 7145951.0 ], [ 3058484.0, 7146048.0 ], [ 3058474.0, 7146069.0 ], [ 3058473.0, 7146088.0 ], [ 3058472.0, 7146131.0 ], [ 3058467.0, 7146135.0 ], [ 3058435.0, 7146135.0 ], [ 3058434.0, 7146225.0 ], [ 3058382.0, 7146229.0 ], [ 3058382.0, 7146338.0 ], [ 3058383.0, 7146352.0 ], [ 3058364.0, 7146371.0 ], [ 3058363.0, 7146398.0 ], [ 3058364.0, 7146472.0 ], [ 3058365.0, 7146475.0 ], [ 3058371.0, 7146498.0 ], [ 3058377.0, 7146516.0 ], [ 3058270.0, 7146553.0 ], [ 3058180.0, 7146586.0 ], [ 3058052.0, 7146647.0 ], [ 3057977.0, 7146687.0 ], [ 3057973.0, 7146689.0 ], [ 3057983.0, 7146701.0 ], [ 3058039.0, 7146799.0 ], [ 3058078.0, 7146824.0 ], [ 3058117.0, 7146883.0 ], [ 3058134.0, 7146922.0 ], [ 3058138.0, 7146951.0 ], [ 3058138.0, 7146973.0 ], [ 3058133.0, 7146984.0 ], [ 3058130.0, 7147002.0 ], [ 3058115.0, 7147016.0 ], [ 3058117.0, 7147022.0 ], [ 3058123.0, 7147028.0 ], [ 3058125.0, 7147040.0 ], [ 3058122.0, 7147041.0 ], [ 3058115.0, 7147045.0 ], [ 3058110.0, 7147051.0 ], [ 3058104.0, 7147063.0 ], [ 3058106.0, 7147080.0 ], [ 3058121.0, 7147163.0 ], [ 3058141.0, 7147272.0 ], [ 3058128.0, 7147274.0 ], [ 3058123.0, 7147276.0 ], [ 3058119.0, 7147278.0 ], [ 3058114.0, 7147280.0 ], [ 3058110.0, 7147282.0 ], [ 3058106.0, 7147286.0 ], [ 3058102.0, 7147290.0 ], [ 3058098.0, 7147295.0 ], [ 3058096.0, 7147300.0 ], [ 3058093.0, 7147306.0 ], [ 3058072.0, 7147399.0 ], [ 3058026.0, 7147386.0 ], [ 3057917.0, 7147414.0 ], [ 3057905.0, 7147445.0 ], [ 3057873.0, 7147497.0 ], [ 3057854.0, 7147554.0 ], [ 3057831.0, 7147597.0 ], [ 3057816.0, 7147623.0 ], [ 3057806.0, 7147658.0 ], [ 3057758.0, 7147752.0 ], [ 3057714.0, 7147837.0 ], [ 3057716.0, 7147875.0 ], [ 3057718.0, 7147935.0 ], [ 3057695.0, 7147957.0 ], [ 3057676.0, 7147954.0 ], [ 3057638.0, 7147943.0 ], [ 3057600.0, 7147925.0 ], [ 3057564.0, 7147926.0 ], [ 3057533.0, 7147936.0 ], [ 3057522.0, 7148015.0 ], [ 3057491.0, 7148079.0 ], [ 3057402.0, 7148155.0 ], [ 3057333.0, 7148200.0 ], [ 3057306.0, 7148219.0 ], [ 3057306.0, 7148269.0 ], [ 3057308.0, 7148310.0 ], [ 3057311.0, 7148347.0 ], [ 3057312.0, 7148365.0 ], [ 3057274.0, 7148400.0 ], [ 3057241.0, 7148419.0 ], [ 3057234.0, 7148452.0 ], [ 3057206.0, 7148501.0 ], [ 3057162.0, 7148580.0 ], [ 3057116.0, 7148626.0 ], [ 3057133.0, 7148745.0 ], [ 3057117.0, 7148798.0 ], [ 3057062.0, 7148843.0 ], [ 3056868.0, 7149015.0 ], [ 3056772.0, 7149107.0 ], [ 3056699.0, 7149186.0 ], [ 3056685.0, 7149210.0 ], [ 3056657.0, 7149244.0 ], [ 3056500.0, 7149385.0 ], [ 3056435.0, 7149442.0 ], [ 3056414.0, 7149466.0 ], [ 3056399.0, 7149453.0 ], [ 3056384.0, 7149465.0 ], [ 3056374.0, 7149473.0 ], [ 3056370.0, 7149477.0 ], [ 3056362.0, 7149483.0 ], [ 3056351.0, 7149491.0 ], [ 3056331.0, 7149499.0 ], [ 3056309.0, 7149503.0 ], [ 3056249.0, 7149552.0 ], [ 3056225.0, 7149571.0 ], [ 3056188.0, 7149608.0 ], [ 3056169.0, 7149628.0 ], [ 3056150.0, 7149651.0 ], [ 3056142.0, 7149663.0 ], [ 3056128.0, 7149684.0 ], [ 3056103.0, 7149724.0 ], [ 3056089.0, 7149748.0 ], [ 3056077.0, 7149776.0 ], [ 3056064.0, 7149804.0 ], [ 3056048.0, 7149851.0 ], [ 3056034.0, 7149897.0 ], [ 3056027.0, 7149931.0 ], [ 3056016.0, 7149967.0 ], [ 3056015.0, 7149977.0 ], [ 3056013.0, 7150001.0 ], [ 3056013.0, 7150041.0 ], [ 3056016.0, 7150084.0 ], [ 3056017.0, 7150103.0 ], [ 3056019.0, 7150135.0 ], [ 3056021.0, 7150170.0 ], [ 3056024.0, 7150225.0 ], [ 3056026.0, 7150253.0 ], [ 3056027.0, 7150270.0 ], [ 3056028.0, 7150286.0 ], [ 3056033.0, 7150366.0 ], [ 3056037.0, 7150411.0 ], [ 3056042.0, 7150478.0 ], [ 3056048.0, 7150577.0 ], [ 3056049.0, 7150589.0 ], [ 3056051.0, 7150604.0 ], [ 3056055.0, 7150646.0 ], [ 3056055.0, 7150648.0 ], [ 3056061.0, 7150758.0 ], [ 3056062.0, 7150781.0 ], [ 3056070.0, 7150867.0 ], [ 3056073.0, 7150926.0 ], [ 3056073.0, 7150944.0 ], [ 3056078.0, 7150965.0 ], [ 3056079.0, 7150973.0 ], [ 3056079.0, 7150982.0 ], [ 3056080.0, 7151003.0 ], [ 3056081.0, 7151014.0 ], [ 3056081.0, 7151025.0 ], [ 3056082.0, 7151033.0 ], [ 3056086.0, 7151123.0 ], [ 3056087.0, 7151134.0 ], [ 3056097.0, 7151224.0 ], [ 3056098.0, 7151263.0 ], [ 3056101.0, 7151349.0 ], [ 3056088.0, 7151363.0 ], [ 3056079.0, 7151363.0 ], [ 3056090.0, 7151432.0 ], [ 3056103.0, 7151517.0 ], [ 3056129.0, 7151681.0 ], [ 3056149.0, 7151809.0 ], [ 3056154.0, 7151842.0 ], [ 3056170.0, 7151942.0 ], [ 3056181.0, 7152010.0 ], [ 3056180.0, 7152046.0 ], [ 3056176.0, 7152090.0 ], [ 3056176.0, 7152125.0 ], [ 3056175.0, 7152255.0 ], [ 3056173.0, 7152348.0 ], [ 3056173.0, 7152357.0 ] ] } },
{ "type": "Feature", "properties": { "closeness_centrality": 6.2975312901798573e-05, "source": 275073093, "target": 4646905188, "ordering_closeness_centrality": 116, "length": 6372, "length_cumulative": 342258 }, "geometry": { "type": "LineString", "coordinates": [ [ 3065361.0, 7141838.0 ], [ 3065354.0, 7141806.0 ], [ 3065342.0, 7141754.0 ], [ 3065318.0, 7141647.0 ], [ 3065292.0, 7141652.0 ], [ 3065287.0, 7141627.0 ], [ 3065282.0, 7141628.0 ], [ 3065279.0, 7141616.0 ], [ 3065270.0, 7141617.0 ], [ 3065256.0, 7141621.0 ], [ 3065258.0, 7141631.0 ], [ 3065253.0, 7141637.0 ], [ 3065205.0, 7141645.0 ], [ 3065169.0, 7141646.0 ], [ 3065129.0, 7141655.0 ], [ 3065100.0, 7141642.0 ], [ 3065068.0, 7141641.0 ], [ 3065037.0, 7141655.0 ], [ 3064931.0, 7141627.0 ], [ 3064879.0, 7141613.0 ], [ 3064869.0, 7141614.0 ], [ 3064862.0, 7141615.0 ], [ 3064860.0, 7141605.0 ], [ 3064858.0, 7141598.0 ], [ 3064845.0, 7141601.0 ], [ 3064824.0, 7141606.0 ], [ 3064742.0, 7141625.0 ], [ 3064733.0, 7141627.0 ], [ 3064723.0, 7141630.0 ], [ 3064685.0, 7141638.0 ], [ 3064587.0, 7141662.0 ], [ 3064577.0, 7141663.0 ], [ 3064570.0, 7141664.0 ], [ 3064557.0, 7141664.0 ], [ 3064410.0, 7141679.0 ], [ 3064405.0, 7141693.0 ], [ 3064222.0, 7141687.0 ], [ 3064221.0, 7141696.0 ], [ 3064167.0, 7141693.0 ], [ 3064135.0, 7141691.0 ], [ 3064141.0, 7141683.0 ], [ 3064130.0, 7141665.0 ], [ 3064133.0, 7141650.0 ], [ 3064114.0, 7141646.0 ], [ 3064108.0, 7141657.0 ], [ 3064086.0, 7141652.0 ], [ 3064074.0, 7141645.0 ], [ 3064059.0, 7141633.0 ], [ 3064032.0, 7141611.0 ], [ 3064030.0, 7141564.0 ], [ 3064028.0, 7141539.0 ], [ 3063996.0, 7141525.0 ], [ 3063892.0, 7141479.0 ], [ 3063868.0, 7141447.0 ], [ 3063763.0, 7141387.0 ], [ 3063702.0, 7141329.0 ], [ 3063635.0, 7141247.0 ], [ 3063625.0, 7141220.0 ], [ 3063601.0, 7141154.0 ], [ 3063596.0, 7141125.0 ], [ 3063598.0, 7141094.0 ], [ 3063600.0, 7141081.0 ], [ 3063584.0, 7141074.0 ], [ 3063509.0, 7141017.0 ], [ 3063479.0, 7140988.0 ], [ 3063446.0, 7140965.0 ], [ 3063440.0, 7140955.0 ], [ 3063431.0, 7140941.0 ], [ 3063403.0, 7140919.0 ], [ 3063346.0, 7140890.0 ], [ 3063318.0, 7140884.0 ], [ 3063263.0, 7140894.0 ], [ 3063239.0, 7140891.0 ], [ 3063215.0, 7140915.0 ], [ 3063206.0, 7140924.0 ], [ 3063197.0, 7140919.0 ], [ 3062990.0, 7140740.0 ], [ 3062979.0, 7140727.0 ], [ 3062969.0, 7140710.0 ], [ 3062945.0, 7140682.0 ], [ 3062936.0, 7140682.0 ], [ 3062897.0, 7140684.0 ], [ 3062874.0, 7140684.0 ], [ 3062798.0, 7140685.0 ], [ 3062592.0, 7140693.0 ], [ 3062554.0, 7140692.0 ], [ 3062544.0, 7140693.0 ], [ 3062529.0, 7140697.0 ], [ 3062472.0, 7140701.0 ], [ 3062452.0, 7140683.0 ], [ 3062442.0, 7140682.0 ], [ 3062402.0, 7140683.0 ], [ 3062376.0, 7140683.0 ], [ 3062334.0, 7140685.0 ], [ 3062215.0, 7140692.0 ], [ 3062092.0, 7140693.0 ], [ 3062078.0, 7140697.0 ], [ 3062067.0, 7140676.0 ], [ 3062064.0, 7140672.0 ], [ 3062061.0, 7140662.0 ], [ 3062061.0, 7140655.0 ], [ 3062055.0, 7140655.0 ], [ 3062035.0, 7140651.0 ], [ 3062018.0, 7140647.0 ], [ 3061982.0, 7140630.0 ], [ 3061979.0, 7140629.0 ], [ 3061969.0, 7140625.0 ], [ 3061961.0, 7140622.0 ], [ 3061950.0, 7140621.0 ], [ 3061941.0, 7140620.0 ], [ 3061933.0, 7140621.0 ], [ 3061924.0, 7140622.0 ], [ 3061916.0, 7140625.0 ], [ 3061907.0, 7140628.0 ], [ 3061900.0, 7140632.0 ], [ 3061892.0, 7140637.0 ], [ 3061886.0, 7140642.0 ], [ 3061880.0, 7140648.0 ], [ 3061874.0, 7140655.0 ], [ 3061870.0, 7140662.0 ], [ 3061868.0, 7140666.0 ], [ 3061866.0, 7140670.0 ], [ 3061862.0, 7140678.0 ], [ 3061849.0, 7140675.0 ], [ 3061858.0, 7140639.0 ], [ 3061842.0, 7140638.0 ], [ 3061835.0, 7140638.0 ], [ 3061799.0, 7140640.0 ], [ 3061793.0, 7140636.0 ], [ 3061784.0, 7140630.0 ], [ 3061744.0, 7140601.0 ], [ 3061716.0, 7140579.0 ], [ 3061706.0, 7140578.0 ], [ 3061707.0, 7140574.0 ], [ 3061705.0, 7140567.0 ], [ 3061704.0, 7140563.0 ], [ 3061696.0, 7140558.0 ], [ 3061691.0, 7140557.0 ], [ 3061643.0, 7140544.0 ], [ 3061637.0, 7140547.0 ], [ 3061595.0, 7140567.0 ], [ 3061520.0, 7140603.0 ], [ 3061511.0, 7140608.0 ], [ 3061497.0, 7140592.0 ], [ 3061448.0, 7140596.0 ], [ 3061443.0, 7140597.0 ], [ 3061438.0, 7140597.0 ], [ 3061391.0, 7140598.0 ], [ 3061330.0, 7140593.0 ], [ 3061295.0, 7140610.0 ], [ 3061200.0, 7140655.0 ], [ 3061188.0, 7140661.0 ], [ 3061177.0, 7140665.0 ], [ 3061165.0, 7140667.0 ], [ 3061150.0, 7140668.0 ], [ 3061142.0, 7140672.0 ], [ 3061125.0, 7140675.0 ], [ 3061040.0, 7140716.0 ], [ 3060990.0, 7140683.0 ], [ 3060976.0, 7140690.0 ], [ 3060961.0, 7140697.0 ], [ 3060930.0, 7140712.0 ], [ 3060891.0, 7140730.0 ], [ 3060860.0, 7140745.0 ], [ 3060800.0, 7140773.0 ], [ 3060720.0, 7140753.0 ], [ 3060679.0, 7140743.0 ], [ 3060669.0, 7140723.0 ], [ 3060656.0, 7140722.0 ], [ 3060644.0, 7140700.0 ], [ 3060624.0, 7140685.0 ], [ 3060608.0, 7140676.0 ], [ 3060573.0, 7140682.0 ], [ 3060550.0, 7140683.0 ], [ 3060541.0, 7140683.0 ], [ 3060503.0, 7140683.0 ], [ 3060475.0, 7140683.0 ], [ 3060472.0, 7140683.0 ], [ 3060456.0, 7140683.0 ], [ 3060379.0, 7140720.0 ], [ 3060370.0, 7140732.0 ], [ 3060343.0, 7140747.0 ], [ 3060331.0, 7140753.0 ], [ 3060324.0, 7140758.0 ], [ 3060323.0, 7140763.0 ], [ 3060317.0, 7140775.0 ], [ 3060315.0, 7140780.0 ], [ 3060294.0, 7140799.0 ], [ 3060280.0, 7140808.0 ], [ 3060263.0, 7140798.0 ], [ 3060245.0, 7140813.0 ], [ 3060240.0, 7140821.0 ], [ 3060238.0, 7140825.0 ], [ 3060235.0, 7140830.0 ], [ 3060144.0, 7140776.0 ] ] } },
{ "type": "Feature", "properties": { "closeness_centrality": 6.2406170349673127e-05, "source": 5189655447, "target": 9318805444, "ordering_closeness_centrality": 117, "length": 1881, "length_cumulative": 344140 }, "geometry": { "type": "MultiLineString", "coordinates": [ [ [ 3074612.0, 7156105.0 ], [ 3074637.0, 7156117.0 ], [ 3074698.0, 7156144.0 ], [ 3074766.0, 7156175.0 ], [ 3075238.0, 7156388.0 ], [ 3075351.0, 7156439.0 ], [ 3075354.0, 7156441.0 ] ], [ [ 3075354.0, 7156441.0 ], [ 3075400.0, 7156462.0 ], [ 3075627.0, 7156568.0 ], [ 3075678.0, 7156591.0 ], [ 3075744.0, 7156622.0 ], [ 3075779.0, 7156638.0 ], [ 3076002.0, 7156742.0 ], [ 3076059.0, 7156768.0 ], [ 3076213.0, 7156841.0 ], [ 3076255.0, 7156860.0 ], [ 3076321.0, 7156891.0 ] ] ] } },
{ "type": "Feature", "properties": { "closeness_centrality": 6.2308660217650827e-05, "source": 2607565996, "target": 5189655447, "ordering_closeness_centrality": 118, "length": 3683, "length_cumulative": 347823 }, "geometry": { "type": "LineString", "coordinates": [ [ 3078085.0, 7157704.0 ], [ 3078089.0, 7157696.0 ], [ 3078099.0, 7157672.0 ], [ 3078102.0, 7157668.0 ], [ 3078088.0, 7157661.0 ], [ 3077989.0, 7157616.0 ], [ 3078001.0, 7157590.0 ], [ 3078002.0, 7157587.0 ], [ 3078003.0, 7157573.0 ], [ 3077936.0, 7157546.0 ], [ 3077942.0, 7157532.0 ], [ 3077969.0, 7157479.0 ], [ 3077993.0, 7157421.0 ], [ 3078006.0, 7157394.0 ], [ 3078014.0, 7157376.0 ], [ 3078024.0, 7157355.0 ], [ 3078018.0, 7157352.0 ], [ 3078024.0, 7157341.0 ], [ 3078020.0, 7157332.0 ], [ 3078013.0, 7157330.0 ], [ 3078044.0, 7157260.0 ], [ 3078042.0, 7157171.0 ], [ 3078042.0, 7157149.0 ], [ 3078041.0, 7157123.0 ], [ 3078050.0, 7157123.0 ], [ 3078049.0, 7157050.0 ], [ 3078025.0, 7157004.0 ], [ 3078047.0, 7156993.0 ], [ 3078151.0, 7156943.0 ], [ 3078171.0, 7156934.0 ], [ 3078234.0, 7156904.0 ], [ 3078248.0, 7156898.0 ], [ 3078251.0, 7156889.0 ], [ 3078255.0, 7156887.0 ], [ 3078298.0, 7156863.0 ], [ 3078346.0, 7156839.0 ], [ 3078421.0, 7156800.0 ], [ 3078443.0, 7156793.0 ], [ 3078460.0, 7156784.0 ], [ 3078524.0, 7156751.0 ], [ 3078550.0, 7156737.0 ], [ 3078546.0, 7156729.0 ], [ 3078555.0, 7156708.0 ], [ 3078551.0, 7156682.0 ], [ 3078564.0, 7156673.0 ], [ 3078578.0, 7156669.0 ], [ 3078573.0, 7156639.0 ], [ 3078570.0, 7156615.0 ], [ 3078555.0, 7156499.0 ], [ 3078539.0, 7156395.0 ], [ 3078541.0, 7156369.0 ], [ 3078547.0, 7156344.0 ], [ 3078542.0, 7156316.0 ], [ 3078541.0, 7156308.0 ], [ 3078536.0, 7156260.0 ], [ 3078532.0, 7156221.0 ], [ 3078531.0, 7156215.0 ], [ 3078523.0, 7156152.0 ], [ 3078512.0, 7156090.0 ], [ 3078457.0, 7155859.0 ], [ 3078422.0, 7155727.0 ], [ 3078406.0, 7155658.0 ], [ 3078396.0, 7155614.0 ], [ 3078393.0, 7155576.0 ], [ 3078393.0, 7155555.0 ], [ 3078394.0, 7155532.0 ], [ 3078396.0, 7155500.0 ], [ 3078398.0, 7155467.0 ], [ 3078406.0, 7155366.0 ], [ 3078407.0, 7155347.0 ], [ 3078415.0, 7155226.0 ], [ 3078417.0, 7155204.0 ], [ 3078419.0, 7155169.0 ], [ 3078422.0, 7155130.0 ], [ 3078424.0, 7155098.0 ], [ 3078427.0, 7155067.0 ], [ 3078430.0, 7155021.0 ], [ 3078435.0, 7154944.0 ], [ 3078436.0, 7154922.0 ], [ 3078438.0, 7154897.0 ], [ 3078441.0, 7154878.0 ], [ 3078444.0, 7154865.0 ], [ 3078446.0, 7154855.0 ], [ 3078449.0, 7154843.0 ], [ 3078453.0, 7154830.0 ], [ 3078460.0, 7154811.0 ], [ 3078468.0, 7154790.0 ], [ 3078528.0, 7154645.0 ], [ 3078530.0, 7154640.0 ], [ 3078538.0, 7154626.0 ], [ 3078547.0, 7154612.0 ], [ 3078551.0, 7154606.0 ], [ 3078554.0, 7154602.0 ], [ 3078558.0, 7154599.0 ], [ 3078562.0, 7154596.0 ], [ 3078568.0, 7154593.0 ] ] } },
{ "type": "Feature", "properties": { "closeness_centrality": 6.2158619673352491e-05, "source": 5071454387, "target": 5074615032, "ordering_closeness_centrality": 119, "length": 2938, "length_cumulative": 350761 }, "geometry": { "type": "LineString", "coordinates": [ [ 3058501.0, 7141801.0 ], [ 3058545.0, 7141983.0 ], [ 3058596.0, 7142192.0 ], [ 3058609.0, 7142257.0 ], [ 3058648.0, 7142417.0 ], [ 3058673.0, 7142536.0 ], [ 3058690.0, 7142615.0 ], [ 3058727.0, 7142779.0 ], [ 3058745.0, 7142858.0 ], [ 3058779.0, 7143006.0 ], [ 3058799.0, 7143080.0 ], [ 3058820.0, 7143146.0 ], [ 3058825.0, 7143159.0 ], [ 3058840.0, 7143194.0 ], [ 3058849.0, 7143217.0 ], [ 3058864.0, 7143249.0 ], [ 3058903.0, 7143327.0 ], [ 3058933.0, 7143376.0 ], [ 3058978.0, 7143444.0 ], [ 3059089.0, 7143610.0 ], [ 3059176.0, 7143731.0 ], [ 3059196.0, 7143760.0 ], [ 3059322.0, 7143933.0 ], [ 3059359.0, 7143989.0 ], [ 3059545.0, 7144261.0 ], [ 3059671.0, 7144445.0 ] ] } },
{ "type": "Feature", "properties": { "closeness_centrality": 6.148709484836182e-05, "source": 2607565996, "target": 417639292, "ordering_closeness_centrality": 120, "length": 11444, "length_cumulative": 362206 }, "geometry": { "type": "LineString", "coordinates": [ [ 3079447.0, 7154013.0 ], [ 3079601.0, 7154164.0 ], [ 3079650.0, 7154226.0 ], [ 3079729.0, 7154293.0 ], [ 3079757.0, 7154320.0 ], [ 3079770.0, 7154333.0 ], [ 3079799.0, 7154365.0 ], [ 3079865.0, 7154422.0 ], [ 3079920.0, 7154481.0 ], [ 3079924.0, 7154478.0 ], [ 3079927.0, 7154481.0 ], [ 3079959.0, 7154518.0 ], [ 3080057.0, 7154432.0 ], [ 3080077.0, 7154414.0 ], [ 3080068.0, 7154402.0 ], [ 3080064.0, 7154390.0 ], [ 3080050.0, 7154358.0 ], [ 3080037.0, 7154332.0 ], [ 3079963.0, 7154152.0 ], [ 3079923.0, 7154082.0 ], [ 3079911.0, 7154060.0 ], [ 3079899.0, 7154043.0 ], [ 3079892.0, 7154033.0 ], [ 3079907.0, 7154022.0 ], [ 3079880.0, 7153982.0 ], [ 3079848.0, 7153940.0 ], [ 3079814.0, 7153902.0 ], [ 3079803.0, 7153890.0 ], [ 3079768.0, 7153853.0 ], [ 3079754.0, 7153832.0 ], [ 3079699.0, 7153788.0 ], [ 3079575.0, 7153687.0 ], [ 3079549.0, 7153665.0 ], [ 3079495.0, 7153622.0 ], [ 3079390.0, 7153540.0 ], [ 3079279.0, 7153449.0 ], [ 3079166.0, 7153364.0 ], [ 3079144.0, 7153348.0 ], [ 3079130.0, 7153334.0 ], [ 3079122.0, 7153322.0 ], [ 3079116.0, 7153305.0 ], [ 3079107.0, 7153278.0 ], [ 3079102.0, 7153260.0 ], [ 3079090.0, 7153210.0 ], [ 3079085.0, 7153186.0 ], [ 3079081.0, 7153169.0 ], [ 3079064.0, 7153087.0 ], [ 3079060.0, 7153070.0 ], [ 3079059.0, 7153060.0 ], [ 3079059.0, 7153052.0 ], [ 3079053.0, 7152965.0 ], [ 3079053.0, 7152952.0 ], [ 3079051.0, 7152938.0 ], [ 3079042.0, 7152916.0 ], [ 3079017.0, 7152864.0 ], [ 3079010.0, 7152847.0 ], [ 3079003.0, 7152835.0 ], [ 3078958.0, 7152751.0 ], [ 3078951.0, 7152738.0 ], [ 3078899.0, 7152649.0 ], [ 3078851.0, 7152566.0 ], [ 3078831.0, 7152533.0 ], [ 3078817.0, 7152493.0 ], [ 3078788.0, 7152407.0 ], [ 3078776.0, 7152367.0 ], [ 3078730.0, 7152232.0 ], [ 3078722.0, 7152194.0 ], [ 3078703.0, 7152133.0 ], [ 3078692.0, 7152086.0 ], [ 3078687.0, 7152069.0 ], [ 3078683.0, 7152056.0 ], [ 3078673.0, 7152033.0 ], [ 3078661.0, 7152008.0 ], [ 3078647.0, 7151990.0 ], [ 3078630.0, 7151971.0 ], [ 3078598.0, 7151934.0 ], [ 3078531.0, 7151870.0 ], [ 3078445.0, 7151786.0 ], [ 3078415.0, 7151765.0 ], [ 3078394.0, 7151756.0 ], [ 3078367.0, 7151750.0 ], [ 3078358.0, 7151747.0 ], [ 3078349.0, 7151719.0 ], [ 3078355.0, 7151698.0 ], [ 3078337.0, 7151632.0 ], [ 3078341.0, 7151543.0 ], [ 3078333.0, 7151477.0 ], [ 3078275.0, 7151439.0 ], [ 3078254.0, 7151426.0 ], [ 3078269.0, 7151404.0 ], [ 3078291.0, 7151372.0 ], [ 3078318.0, 7151334.0 ], [ 3078304.0, 7151325.0 ], [ 3077990.0, 7151112.0 ], [ 3077960.0, 7151093.0 ], [ 3077971.0, 7151066.0 ], [ 3077960.0, 7151028.0 ], [ 3077987.0, 7150986.0 ], [ 3077999.0, 7150977.0 ], [ 3077993.0, 7150972.0 ], [ 3077981.0, 7150966.0 ], [ 3077976.0, 7150962.0 ], [ 3077947.0, 7150940.0 ], [ 3077941.0, 7150936.0 ], [ 3077951.0, 7150914.0 ], [ 3077941.0, 7150880.0 ], [ 3077970.0, 7150813.0 ], [ 3077975.0, 7150801.0 ], [ 3077957.0, 7150793.0 ], [ 3077968.0, 7150763.0 ], [ 3077993.0, 7150702.0 ], [ 3077997.0, 7150692.0 ], [ 3078007.0, 7150670.0 ], [ 3078018.0, 7150650.0 ], [ 3078030.0, 7150615.0 ], [ 3078034.0, 7150604.0 ], [ 3078056.0, 7150547.0 ], [ 3078075.0, 7150500.0 ], [ 3078082.0, 7150482.0 ], [ 3078112.0, 7150406.0 ], [ 3078126.0, 7150373.0 ], [ 3078142.0, 7150344.0 ], [ 3078157.0, 7150321.0 ], [ 3078171.0, 7150304.0 ], [ 3078193.0, 7150280.0 ], [ 3078221.0, 7150251.0 ], [ 3078230.0, 7150243.0 ], [ 3078251.0, 7150224.0 ], [ 3078318.0, 7150164.0 ], [ 3078375.0, 7150112.0 ], [ 3078432.0, 7150059.0 ], [ 3078453.0, 7150040.0 ], [ 3078479.0, 7150007.0 ], [ 3078493.0, 7149989.0 ], [ 3078499.0, 7149981.0 ], [ 3078503.0, 7149975.0 ], [ 3078518.0, 7149953.0 ], [ 3078546.0, 7149898.0 ], [ 3078558.0, 7149861.0 ], [ 3078564.0, 7149841.0 ], [ 3078569.0, 7149819.0 ], [ 3078575.0, 7149785.0 ], [ 3078580.0, 7149755.0 ], [ 3078581.0, 7149746.0 ], [ 3078592.0, 7149673.0 ], [ 3078594.0, 7149662.0 ], [ 3078600.0, 7149622.0 ], [ 3078607.0, 7149572.0 ], [ 3078632.0, 7149405.0 ], [ 3078656.0, 7149237.0 ], [ 3078675.0, 7149098.0 ], [ 3078683.0, 7149045.0 ], [ 3078688.0, 7149012.0 ], [ 3078695.0, 7148970.0 ], [ 3078720.0, 7148838.0 ], [ 3078723.0, 7148820.0 ], [ 3078724.0, 7148815.0 ], [ 3078724.0, 7148808.0 ], [ 3078725.0, 7148801.0 ], [ 3078726.0, 7148795.0 ], [ 3078727.0, 7148787.0 ], [ 3078728.0, 7148778.0 ], [ 3078735.0, 7148730.0 ], [ 3078737.0, 7148712.0 ], [ 3078748.0, 7148662.0 ], [ 3078758.0, 7148596.0 ], [ 3078762.0, 7148572.0 ], [ 3078770.0, 7148513.0 ], [ 3078779.0, 7148449.0 ], [ 3078788.0, 7148394.0 ], [ 3078801.0, 7148286.0 ], [ 3078818.0, 7148172.0 ], [ 3078815.0, 7148128.0 ], [ 3078786.0, 7148068.0 ], [ 3078744.0, 7148011.0 ], [ 3078648.0, 7147914.0 ], [ 3078638.0, 7147912.0 ], [ 3078632.0, 7147910.0 ], [ 3078623.0, 7147906.0 ], [ 3078619.0, 7147905.0 ], [ 3078622.0, 7147896.0 ], [ 3078639.0, 7147856.0 ], [ 3078650.0, 7147821.0 ], [ 3078659.0, 7147798.0 ], [ 3078675.0, 7147719.0 ], [ 3078683.0, 7147676.0 ], [ 3078689.0, 7147609.0 ], [ 3078684.0, 7147486.0 ], [ 3078676.0, 7147442.0 ], [ 3078671.0, 7147413.0 ], [ 3078660.0, 7147362.0 ], [ 3078634.0, 7147273.0 ], [ 3078615.0, 7147222.0 ], [ 3078526.0, 7147056.0 ], [ 3078496.0, 7146999.0 ], [ 3078488.0, 7146985.0 ], [ 3078476.0, 7146967.0 ], [ 3078305.0, 7146651.0 ], [ 3078265.0, 7146571.0 ], [ 3078261.0, 7146563.0 ], [ 3078177.0, 7146405.0 ], [ 3078148.0, 7146352.0 ], [ 3078101.0, 7146266.0 ], [ 3078093.0, 7146251.0 ], [ 3078011.0, 7146095.0 ], [ 3077989.0, 7146052.0 ], [ 3077899.0, 7145889.0 ], [ 3077892.0, 7145878.0 ], [ 3077883.0, 7145854.0 ], [ 3077872.0, 7145845.0 ], [ 3077842.0, 7145818.0 ], [ 3077811.0, 7145798.0 ], [ 3077781.0, 7145772.0 ], [ 3077773.0, 7145759.0 ], [ 3077766.0, 7145740.0 ], [ 3077761.0, 7145717.0 ], [ 3077759.0, 7145702.0 ], [ 3077759.0, 7145677.0 ], [ 3077760.0, 7145651.0 ], [ 3077758.0, 7145613.0 ], [ 3077756.0, 7145592.0 ], [ 3077748.0, 7145575.0 ], [ 3077761.0, 7145547.0 ], [ 3077754.0, 7145532.0 ], [ 3077749.0, 7145521.0 ], [ 3077745.0, 7145512.0 ], [ 3077728.0, 7145479.0 ], [ 3077692.0, 7145404.0 ] ] } },
{ "type": "Feature", "properties": { "closeness_centrality": 6.1167314346666446e-05, "source": 5074615032, "target": 4646905188, "ordering_closeness_centrality": 121, "length": 4747, "length_cumulative": 366953 }, "geometry": { "type": "LineString", "coordinates": [ [ 3059802.0, 7144593.0 ], [ 3059792.0, 7144579.0 ], [ 3059749.0, 7144517.0 ], [ 3059754.0, 7144514.0 ], [ 3059734.0, 7144485.0 ], [ 3059719.0, 7144463.0 ], [ 3059704.0, 7144442.0 ], [ 3059655.0, 7144373.0 ], [ 3059638.0, 7144348.0 ], [ 3059617.0, 7144314.0 ], [ 3059599.0, 7144288.0 ], [ 3059459.0, 7144090.0 ], [ 3059467.0, 7144089.0 ], [ 3059461.0, 7144063.0 ], [ 3059458.0, 7144048.0 ], [ 3059458.0, 7144035.0 ], [ 3059459.0, 7144026.0 ], [ 3059456.0, 7144008.0 ], [ 3059459.0, 7143981.0 ], [ 3059465.0, 7143956.0 ], [ 3059471.0, 7143909.0 ], [ 3059477.0, 7143886.0 ], [ 3059479.0, 7143873.0 ], [ 3059493.0, 7143798.0 ], [ 3059496.0, 7143772.0 ], [ 3059572.0, 7143719.0 ], [ 3059574.0, 7143693.0 ], [ 3059590.0, 7143624.0 ], [ 3059596.0, 7143597.0 ], [ 3059594.0, 7143587.0 ], [ 3059572.0, 7143558.0 ], [ 3059578.0, 7143550.0 ], [ 3059586.0, 7143533.0 ], [ 3059589.0, 7143513.0 ], [ 3059577.0, 7143496.0 ], [ 3059550.0, 7143462.0 ], [ 3059549.0, 7143453.0 ], [ 3059554.0, 7143413.0 ], [ 3059558.0, 7143379.0 ], [ 3059574.0, 7143307.0 ], [ 3059566.0, 7143294.0 ], [ 3059584.0, 7143281.0 ], [ 3059600.0, 7143270.0 ], [ 3059615.0, 7143259.0 ], [ 3059603.0, 7143242.0 ], [ 3059605.0, 7143231.0 ], [ 3059616.0, 7143162.0 ], [ 3059625.0, 7143117.0 ], [ 3059629.0, 7143095.0 ], [ 3059645.0, 7143007.0 ], [ 3059690.0, 7142974.0 ], [ 3059698.0, 7142967.0 ], [ 3059710.0, 7142952.0 ], [ 3059727.0, 7142937.0 ], [ 3059755.0, 7142912.0 ], [ 3059773.0, 7142896.0 ], [ 3059782.0, 7142888.0 ], [ 3059790.0, 7142880.0 ], [ 3059808.0, 7142864.0 ], [ 3059802.0, 7142859.0 ], [ 3059797.0, 7142853.0 ], [ 3059798.0, 7142852.0 ], [ 3059798.0, 7142851.0 ], [ 3059802.0, 7142842.0 ], [ 3059819.0, 7142826.0 ], [ 3059820.0, 7142824.0 ], [ 3059823.0, 7142821.0 ], [ 3059824.0, 7142819.0 ], [ 3059825.0, 7142818.0 ], [ 3059825.0, 7142817.0 ], [ 3059825.0, 7142816.0 ], [ 3059825.0, 7142815.0 ], [ 3059825.0, 7142814.0 ], [ 3059825.0, 7142813.0 ], [ 3059824.0, 7142811.0 ], [ 3059817.0, 7142792.0 ], [ 3059814.0, 7142790.0 ], [ 3059804.0, 7142786.0 ], [ 3059800.0, 7142783.0 ], [ 3059791.0, 7142777.0 ], [ 3059772.0, 7142762.0 ], [ 3059750.0, 7142745.0 ], [ 3059758.0, 7142733.0 ], [ 3059764.0, 7142726.0 ], [ 3059776.0, 7142709.0 ], [ 3059769.0, 7142689.0 ], [ 3059761.0, 7142656.0 ], [ 3059756.0, 7142631.0 ], [ 3059765.0, 7142583.0 ], [ 3059782.0, 7142547.0 ], [ 3059800.0, 7142510.0 ], [ 3059802.0, 7142498.0 ], [ 3059799.0, 7142480.0 ], [ 3059772.0, 7142416.0 ], [ 3059794.0, 7142419.0 ], [ 3059804.0, 7142411.0 ], [ 3059780.0, 7142388.0 ], [ 3059786.0, 7142365.0 ], [ 3059771.0, 7142348.0 ], [ 3059757.0, 7142309.0 ], [ 3059754.0, 7142282.0 ], [ 3059789.0, 7142115.0 ], [ 3059791.0, 7142107.0 ], [ 3059799.0, 7142082.0 ], [ 3059811.0, 7142047.0 ], [ 3059836.0, 7142015.0 ], [ 3059838.0, 7142013.0 ], [ 3059845.0, 7142013.0 ], [ 3059859.0, 7141996.0 ], [ 3059866.0, 7141986.0 ], [ 3059878.0, 7141970.0 ], [ 3059883.0, 7141967.0 ], [ 3059934.0, 7141964.0 ], [ 3059944.0, 7141963.0 ], [ 3059978.0, 7141952.0 ], [ 3059986.0, 7141949.0 ], [ 3060003.0, 7141942.0 ], [ 3060016.0, 7141933.0 ], [ 3060029.0, 7141923.0 ], [ 3060057.0, 7141892.0 ], [ 3060082.0, 7141851.0 ], [ 3060083.0, 7141848.0 ], [ 3060087.0, 7141840.0 ], [ 3060094.0, 7141841.0 ], [ 3060102.0, 7141838.0 ], [ 3060106.0, 7141833.0 ], [ 3060110.0, 7141826.0 ], [ 3060115.0, 7141817.0 ], [ 3060137.0, 7141776.0 ], [ 3060162.0, 7141742.0 ], [ 3060180.0, 7141704.0 ], [ 3060196.0, 7141657.0 ], [ 3060210.0, 7141603.0 ], [ 3060213.0, 7141593.0 ], [ 3060217.0, 7141583.0 ], [ 3060229.0, 7141566.0 ], [ 3060244.0, 7141547.0 ], [ 3060253.0, 7141534.0 ], [ 3060261.0, 7141520.0 ], [ 3060263.0, 7141515.0 ], [ 3060265.0, 7141510.0 ], [ 3060265.0, 7141507.0 ], [ 3060264.0, 7141504.0 ], [ 3060260.0, 7141497.0 ], [ 3060255.0, 7141490.0 ], [ 3060146.0, 7141377.0 ], [ 3060161.0, 7141363.0 ], [ 3060210.0, 7141318.0 ], [ 3060236.0, 7141295.0 ], [ 3060242.0, 7141288.0 ], [ 3060245.0, 7141276.0 ], [ 3060243.0, 7141268.0 ], [ 3060241.0, 7141265.0 ], [ 3060376.0, 7141137.0 ], [ 3060384.0, 7141134.0 ], [ 3060385.0, 7141131.0 ], [ 3060382.0, 7141113.0 ], [ 3060379.0, 7141068.0 ], [ 3060382.0, 7141041.0 ], [ 3060317.0, 7140991.0 ], [ 3060262.0, 7140952.0 ], [ 3060250.0, 7140913.0 ], [ 3060237.0, 7140900.0 ], [ 3060226.0, 7140889.0 ], [ 3060210.0, 7140879.0 ], [ 3060203.0, 7140869.0 ], [ 3060203.0, 7140862.0 ], [ 3060206.0, 7140855.0 ], [ 3060209.0, 7140857.0 ], [ 3060239.0, 7140875.0 ], [ 3060247.0, 7140861.0 ], [ 3060263.0, 7140833.0 ], [ 3060267.0, 7140826.0 ], [ 3060251.0, 7140816.0 ], [ 3060245.0, 7140813.0 ] ] } },
{ "type": "Feature", "properties": { "closeness_centrality": 6.0923882649480116e-05, "source": 442966800, "target": 9318805444, "ordering_closeness_centrality": 122, "length": 6261, "length_cumulative": 373215 }, "geometry": { "type": "LineString", "coordinates": [ [ 3058723.0, 7156887.0 ], [ 3058679.0, 7156895.0 ], [ 3058621.0, 7156902.0 ], [ 3058451.0, 7156926.0 ], [ 3058391.0, 7156935.0 ], [ 3058340.0, 7156932.0 ], [ 3058338.0, 7156922.0 ], [ 3058337.0, 7156911.0 ], [ 3058290.0, 7156921.0 ], [ 3058270.0, 7156894.0 ], [ 3058229.0, 7156875.0 ], [ 3058220.0, 7156798.0 ], [ 3058214.0, 7156760.0 ], [ 3058206.0, 7156758.0 ], [ 3058198.0, 7156709.0 ], [ 3058197.0, 7156702.0 ], [ 3058191.0, 7156664.0 ], [ 3058183.0, 7156617.0 ], [ 3058180.0, 7156599.0 ], [ 3058173.0, 7156553.0 ], [ 3058164.0, 7156506.0 ], [ 3058163.0, 7156501.0 ], [ 3058160.0, 7156495.0 ], [ 3058156.0, 7156492.0 ], [ 3058159.0, 7156480.0 ], [ 3058158.0, 7156474.0 ], [ 3058155.0, 7156461.0 ], [ 3058154.0, 7156457.0 ], [ 3058150.0, 7156437.0 ], [ 3058143.0, 7156409.0 ], [ 3058141.0, 7156402.0 ], [ 3058127.0, 7156353.0 ], [ 3058109.0, 7156295.0 ], [ 3058100.0, 7156271.0 ], [ 3058089.0, 7156239.0 ], [ 3058074.0, 7156200.0 ], [ 3058050.0, 7156128.0 ], [ 3058040.0, 7156104.0 ], [ 3058034.0, 7156089.0 ], [ 3058023.0, 7156063.0 ], [ 3058013.0, 7156033.0 ], [ 3058007.0, 7156019.0 ], [ 3057973.0, 7155927.0 ], [ 3057927.0, 7155813.0 ], [ 3057917.0, 7155793.0 ], [ 3057871.0, 7155693.0 ], [ 3057849.0, 7155651.0 ], [ 3057758.0, 7155489.0 ], [ 3057704.0, 7155399.0 ], [ 3057690.0, 7155376.0 ], [ 3057643.0, 7155300.0 ], [ 3057626.0, 7155272.0 ], [ 3057590.0, 7155218.0 ], [ 3057524.0, 7155114.0 ], [ 3057454.0, 7154996.0 ], [ 3057451.0, 7154992.0 ], [ 3057448.0, 7154983.0 ], [ 3057446.0, 7154975.0 ], [ 3057434.0, 7154954.0 ], [ 3057430.0, 7154956.0 ], [ 3057425.0, 7154948.0 ], [ 3057401.0, 7154946.0 ], [ 3057344.0, 7154844.0 ], [ 3057342.0, 7154839.0 ], [ 3057323.0, 7154805.0 ], [ 3057314.0, 7154793.0 ], [ 3057294.0, 7154778.0 ], [ 3057284.0, 7154774.0 ], [ 3057276.0, 7154774.0 ], [ 3057267.0, 7154777.0 ], [ 3057244.0, 7154790.0 ], [ 3057238.0, 7154779.0 ], [ 3057235.0, 7154773.0 ], [ 3057223.0, 7154753.0 ], [ 3057213.0, 7154735.0 ], [ 3057206.0, 7154722.0 ], [ 3057212.0, 7154694.0 ], [ 3057203.0, 7154677.0 ], [ 3057189.0, 7154650.0 ], [ 3057191.0, 7154621.0 ], [ 3057230.0, 7154599.0 ], [ 3057244.0, 7154489.0 ], [ 3057230.0, 7154466.0 ], [ 3057195.0, 7154405.0 ], [ 3057172.0, 7154351.0 ], [ 3057185.0, 7154340.0 ], [ 3057196.0, 7154337.0 ], [ 3057184.0, 7154300.0 ], [ 3057178.0, 7154264.0 ], [ 3057173.0, 7154223.0 ], [ 3057169.0, 7154167.0 ], [ 3057155.0, 7154053.0 ], [ 3057146.0, 7153982.0 ], [ 3057142.0, 7153938.0 ], [ 3057135.0, 7153833.0 ], [ 3057131.0, 7153659.0 ], [ 3057129.0, 7153612.0 ], [ 3057124.0, 7153591.0 ], [ 3057116.0, 7153583.0 ], [ 3057079.0, 7153564.0 ], [ 3057044.0, 7153533.0 ], [ 3057088.0, 7153497.0 ], [ 3057092.0, 7153482.0 ], [ 3057089.0, 7153450.0 ], [ 3057091.0, 7153391.0 ], [ 3057099.0, 7153338.0 ], [ 3057094.0, 7153310.0 ], [ 3057088.0, 7153259.0 ], [ 3057092.0, 7153219.0 ], [ 3057093.0, 7153182.0 ], [ 3057090.0, 7153147.0 ], [ 3057088.0, 7153137.0 ], [ 3057084.0, 7153117.0 ], [ 3057081.0, 7153104.0 ], [ 3057079.0, 7153072.0 ], [ 3057070.0, 7152970.0 ], [ 3057068.0, 7152952.0 ], [ 3057070.0, 7152902.0 ], [ 3057100.0, 7152800.0 ], [ 3057097.0, 7152696.0 ], [ 3057097.0, 7152663.0 ], [ 3057103.0, 7152620.0 ], [ 3057081.0, 7152615.0 ], [ 3057055.0, 7152609.0 ], [ 3057051.0, 7152609.0 ], [ 3057013.0, 7152602.0 ], [ 3056994.0, 7152598.0 ], [ 3056953.0, 7152590.0 ], [ 3056899.0, 7152579.0 ], [ 3056672.0, 7152537.0 ], [ 3056636.0, 7152530.0 ], [ 3056637.0, 7152526.0 ], [ 3056626.0, 7152505.0 ], [ 3056606.0, 7152487.0 ], [ 3056519.0, 7152473.0 ], [ 3056312.0, 7152454.0 ], [ 3056226.0, 7152445.0 ], [ 3056171.0, 7152439.0 ], [ 3056172.0, 7152401.0 ] ] } },
{ "type": "Feature", "properties": { "closeness_centrality": 6.0889265441403645e-05, "source": 5074615032, "target": 3523469747, "ordering_closeness_centrality": 123, "length": 9133, "length_cumulative": 382349 }, "geometry": { "type": "LineString", "coordinates": [ [ 3054279.0, 7152593.0 ], [ 3054328.0, 7152589.0 ], [ 3054326.0, 7152561.0 ], [ 3054215.0, 7152570.0 ], [ 3054161.0, 7152575.0 ], [ 3054160.0, 7152537.0 ], [ 3054157.0, 7152484.0 ], [ 3054144.0, 7152288.0 ], [ 3054139.0, 7152204.0 ], [ 3054136.0, 7152163.0 ], [ 3054132.0, 7152110.0 ], [ 3054128.0, 7152056.0 ], [ 3054123.0, 7151997.0 ], [ 3054108.0, 7151929.0 ], [ 3054103.0, 7151872.0 ], [ 3054098.0, 7151809.0 ], [ 3054093.0, 7151741.0 ], [ 3054089.0, 7151669.0 ], [ 3054087.0, 7151634.0 ], [ 3054078.0, 7151511.0 ], [ 3054074.0, 7151450.0 ], [ 3054071.0, 7151403.0 ], [ 3054068.0, 7151347.0 ], [ 3054061.0, 7151277.0 ], [ 3054057.0, 7151215.0 ], [ 3054052.0, 7151141.0 ], [ 3054051.0, 7151115.0 ], [ 3054046.0, 7151028.0 ], [ 3054042.0, 7150958.0 ], [ 3054041.0, 7150936.0 ], [ 3054040.0, 7150896.0 ], [ 3054037.0, 7150825.0 ], [ 3054035.0, 7150744.0 ], [ 3054033.0, 7150571.0 ], [ 3054033.0, 7150543.0 ], [ 3054033.0, 7150447.0 ], [ 3054037.0, 7150397.0 ], [ 3054039.0, 7150375.0 ], [ 3054047.0, 7150318.0 ], [ 3054061.0, 7150240.0 ], [ 3054074.0, 7150153.0 ], [ 3054106.0, 7149981.0 ], [ 3054112.0, 7149960.0 ], [ 3054134.0, 7149924.0 ], [ 3054175.0, 7149874.0 ], [ 3054226.0, 7149827.0 ], [ 3054297.0, 7149769.0 ], [ 3054320.0, 7149749.0 ], [ 3054362.0, 7149712.0 ], [ 3054392.0, 7149686.0 ], [ 3054451.0, 7149635.0 ], [ 3054555.0, 7149524.0 ], [ 3054615.0, 7149457.0 ], [ 3054752.0, 7149276.0 ], [ 3054793.0, 7149218.0 ], [ 3054814.0, 7149188.0 ], [ 3054822.0, 7149177.0 ], [ 3054839.0, 7149155.0 ], [ 3054882.0, 7149098.0 ], [ 3054906.0, 7149069.0 ], [ 3054923.0, 7149046.0 ], [ 3054970.0, 7148982.0 ], [ 3054987.0, 7148959.0 ], [ 3054989.0, 7148957.0 ], [ 3055007.0, 7148932.0 ], [ 3055133.0, 7148765.0 ], [ 3055247.0, 7148617.0 ], [ 3055263.0, 7148596.0 ], [ 3055289.0, 7148564.0 ], [ 3055367.0, 7148461.0 ], [ 3055399.0, 7148422.0 ], [ 3055440.0, 7148372.0 ], [ 3055466.0, 7148344.0 ], [ 3055492.0, 7148314.0 ], [ 3055557.0, 7148244.0 ], [ 3055612.0, 7148192.0 ], [ 3055625.0, 7148180.0 ], [ 3055691.0, 7148116.0 ], [ 3055754.0, 7148055.0 ], [ 3055771.0, 7148040.0 ], [ 3055859.0, 7147959.0 ], [ 3055979.0, 7147844.0 ], [ 3056034.0, 7147792.0 ], [ 3056097.0, 7147730.0 ], [ 3056120.0, 7147708.0 ], [ 3056179.0, 7147653.0 ], [ 3056266.0, 7147571.0 ], [ 3056333.0, 7147509.0 ], [ 3056358.0, 7147485.0 ], [ 3056393.0, 7147453.0 ], [ 3056404.0, 7147444.0 ], [ 3056432.0, 7147417.0 ], [ 3056513.0, 7147342.0 ], [ 3056553.0, 7147304.0 ], [ 3056570.0, 7147287.0 ], [ 3056606.0, 7147251.0 ], [ 3056649.0, 7147208.0 ], [ 3056752.0, 7147098.0 ], [ 3056766.0, 7147086.0 ], [ 3056795.0, 7147057.0 ], [ 3056890.0, 7146962.0 ], [ 3056933.0, 7146921.0 ], [ 3056942.0, 7146911.0 ], [ 3057007.0, 7146842.0 ], [ 3057047.0, 7146803.0 ], [ 3057065.0, 7146783.0 ], [ 3057120.0, 7146722.0 ], [ 3057183.0, 7146663.0 ], [ 3057224.0, 7146630.0 ], [ 3057262.0, 7146596.0 ], [ 3057291.0, 7146567.0 ], [ 3057318.0, 7146543.0 ], [ 3057374.0, 7146489.0 ], [ 3057477.0, 7146390.0 ], [ 3057515.0, 7146355.0 ], [ 3057534.0, 7146338.0 ], [ 3057545.0, 7146327.0 ], [ 3057555.0, 7146319.0 ], [ 3057567.0, 7146308.0 ], [ 3057580.0, 7146296.0 ], [ 3057613.0, 7146267.0 ], [ 3057646.0, 7146241.0 ], [ 3057681.0, 7146212.0 ], [ 3057724.0, 7146177.0 ], [ 3057749.0, 7146159.0 ], [ 3057753.0, 7146156.0 ], [ 3057762.0, 7146150.0 ], [ 3057773.0, 7146142.0 ], [ 3057785.0, 7146134.0 ], [ 3057793.0, 7146128.0 ], [ 3057839.0, 7146101.0 ], [ 3057924.0, 7146059.0 ], [ 3058034.0, 7146006.0 ], [ 3058092.0, 7145981.0 ], [ 3058161.0, 7145958.0 ], [ 3058183.0, 7145952.0 ], [ 3058252.0, 7145936.0 ], [ 3058294.0, 7145927.0 ], [ 3058329.0, 7145920.0 ], [ 3058381.0, 7145909.0 ], [ 3058459.0, 7145897.0 ], [ 3058497.0, 7145893.0 ], [ 3058518.0, 7145886.0 ], [ 3058523.0, 7145884.0 ], [ 3058529.0, 7145881.0 ], [ 3058538.0, 7145872.0 ], [ 3058541.0, 7145868.0 ], [ 3058542.0, 7145865.0 ], [ 3058552.0, 7145871.0 ], [ 3058567.0, 7145866.0 ], [ 3058594.0, 7145856.0 ], [ 3058622.0, 7145844.0 ], [ 3058631.0, 7145846.0 ], [ 3058657.0, 7145858.0 ], [ 3058662.0, 7145858.0 ] ] } },
{ "type": "Feature", "properties": { "closeness_centrality": 6.0651883003990496e-05, "source": 13459990718, "target": 3476022455, "ordering_closeness_centrality": 124, "length": 4428, "length_cumulative": 386777 }, "geometry": { "type": "MultiLineString", "coordinates": [ [ [ 3080714.0, 7144048.0 ], [ 3080548.0, 7144132.0 ], [ 3080494.0, 7144158.0 ], [ 3080465.0, 7144173.0 ], [ 3080194.0, 7144300.0 ], [ 3080054.0, 7144367.0 ], [ 3080002.0, 7144393.0 ], [ 3079990.0, 7144399.0 ], [ 3079945.0, 7144422.0 ], [ 3079895.0, 7144447.0 ], [ 3079759.0, 7144511.0 ], [ 3079586.0, 7144592.0 ], [ 3079362.0, 7144697.0 ], [ 3079271.0, 7144739.0 ], [ 3079197.0, 7144774.0 ], [ 3079186.0, 7144779.0 ], [ 3079159.0, 7144791.0 ], [ 3079132.0, 7144804.0 ], [ 3078912.0, 7144904.0 ], [ 3078808.0, 7144951.0 ], [ 3078781.0, 7144963.0 ], [ 3078591.0, 7145052.0 ], [ 3078544.0, 7145074.0 ], [ 3078515.0, 7145088.0 ], [ 3078495.0, 7145097.0 ], [ 3078135.0, 7145264.0 ], [ 3078072.0, 7145294.0 ], [ 3078044.0, 7145307.0 ], [ 3078017.0, 7145319.0 ], [ 3077960.0, 7145345.0 ], [ 3077943.0, 7145354.0 ], [ 3077718.0, 7145459.0 ] ], [ [ 3077718.0, 7145459.0 ], [ 3077716.0, 7145459.0 ], [ 3077703.0, 7145466.0 ], [ 3077675.0, 7145478.0 ], [ 3077651.0, 7145490.0 ], [ 3077529.0, 7145548.0 ], [ 3077506.0, 7145559.0 ], [ 3077452.0, 7145595.0 ], [ 3077357.0, 7145666.0 ], [ 3077343.0, 7145670.0 ], [ 3077336.0, 7145670.0 ], [ 3077329.0, 7145666.0 ], [ 3077325.0, 7145660.0 ], [ 3077223.0, 7145732.0 ], [ 3077075.0, 7145834.0 ], [ 3076944.0, 7145924.0 ], [ 3076934.0, 7145924.0 ], [ 3076872.0, 7145927.0 ], [ 3076781.0, 7145986.0 ], [ 3076770.0, 7145971.0 ] ] ] } },
{ "type": "Feature", "properties": { "closeness_centrality": 6.0614532424292859e-05, "source": 275051120, "target": 5189655447, "ordering_closeness_centrality": 125, "length": 1861, "length_cumulative": 388639 }, "geometry": { "type": "LineString", "coordinates": [ [ 3078160.0, 7157739.0 ], [ 3078197.0, 7157757.0 ], [ 3078242.0, 7157778.0 ], [ 3078278.0, 7157795.0 ], [ 3078272.0, 7157807.0 ], [ 3078328.0, 7157833.0 ], [ 3078453.0, 7157891.0 ], [ 3078628.0, 7157972.0 ], [ 3078642.0, 7157979.0 ], [ 3078652.0, 7157984.0 ], [ 3078822.0, 7158066.0 ], [ 3079007.0, 7158154.0 ], [ 3079016.0, 7158158.0 ], [ 3079058.0, 7158177.0 ], [ 3079067.0, 7158181.0 ], [ 3079619.0, 7158442.0 ], [ 3079769.0, 7158517.0 ], [ 3079824.0, 7158544.0 ] ] } },
{ "type": "Feature", "properties": { "closeness_centrality": 5.9956619460726217e-05, "source": 4464633410, "target": 4646905188, "ordering_closeness_centrality": 126, "length": 3041, "length_cumulative": 391680 }, "geometry": { "type": "LineString", "coordinates": [ [ 3062061.0, 7140655.0 ], [ 3062087.0, 7140653.0 ], [ 3062439.0, 7140645.0 ], [ 3062454.0, 7140644.0 ], [ 3062477.0, 7140643.0 ], [ 3062539.0, 7140642.0 ], [ 3062585.0, 7140642.0 ], [ 3062754.0, 7140639.0 ], [ 3062870.0, 7140637.0 ], [ 3063035.0, 7140631.0 ], [ 3063070.0, 7140630.0 ], [ 3063213.0, 7140627.0 ], [ 3063458.0, 7140621.0 ], [ 3063487.0, 7140620.0 ], [ 3063539.0, 7140619.0 ], [ 3063592.0, 7140618.0 ], [ 3063657.0, 7140616.0 ], [ 3063897.0, 7140611.0 ], [ 3064017.0, 7140608.0 ], [ 3064061.0, 7140607.0 ], [ 3064097.0, 7140606.0 ], [ 3064112.0, 7140605.0 ], [ 3064203.0, 7140602.0 ], [ 3064396.0, 7140600.0 ], [ 3064425.0, 7140599.0 ], [ 3064515.0, 7140595.0 ], [ 3064609.0, 7140594.0 ], [ 3064711.0, 7140591.0 ], [ 3064869.0, 7140585.0 ], [ 3064918.0, 7140584.0 ], [ 3065020.0, 7140581.0 ], [ 3065035.0, 7140580.0 ], [ 3065071.0, 7140576.0 ], [ 3065100.0, 7140572.0 ] ] } },
{ "type": "Feature", "properties": { "closeness_centrality": 5.9511488370867448e-05, "source": 275051120, "target": 9318805444, "ordering_closeness_centrality": 127, "length": 183, "length_cumulative": 391863 }, "geometry": { "type": "LineString", "coordinates": [ [ 3078106.0, 7157729.0 ], [ 3078138.0, 7157744.0 ], [ 3078191.0, 7157769.0 ], [ 3078272.0, 7157807.0 ] ] } },
{ "type": "Feature", "properties": { "closeness_centrality": 5.9413978238845135e-05, "source": 2607565996, "target": 275051120, "ordering_closeness_centrality": 128, "length": 4433, "length_cumulative": 396296 }, "geometry": { "type": "LineString", "coordinates": [ [ 3079920.0, 7154481.0 ], [ 3079913.0, 7154489.0 ], [ 3079906.0, 7154481.0 ], [ 3079895.0, 7154500.0 ], [ 3079886.0, 7154518.0 ], [ 3079841.0, 7154548.0 ], [ 3079844.0, 7154589.0 ], [ 3079842.0, 7154663.0 ], [ 3079833.0, 7154713.0 ], [ 3079783.0, 7154805.0 ], [ 3079772.0, 7154851.0 ], [ 3079773.0, 7154886.0 ], [ 3079774.0, 7154935.0 ], [ 3079776.0, 7154997.0 ], [ 3079786.0, 7155230.0 ], [ 3079753.0, 7155331.0 ], [ 3079746.0, 7155396.0 ], [ 3079712.0, 7155476.0 ], [ 3079680.0, 7155524.0 ], [ 3079644.0, 7155575.0 ], [ 3079625.0, 7155600.0 ], [ 3079628.0, 7155598.0 ], [ 3079660.0, 7155677.0 ], [ 3079672.0, 7155690.0 ], [ 3079677.0, 7155697.0 ], [ 3079682.0, 7155710.0 ], [ 3079693.0, 7155737.0 ], [ 3079697.0, 7155738.0 ], [ 3079728.0, 7155726.0 ], [ 3079755.0, 7155721.0 ], [ 3079736.0, 7155753.0 ], [ 3079787.0, 7155780.0 ], [ 3079790.0, 7155794.0 ], [ 3079787.0, 7155815.0 ], [ 3079767.0, 7155857.0 ], [ 3079772.0, 7155877.0 ], [ 3079779.0, 7155910.0 ], [ 3079784.0, 7155924.0 ], [ 3079793.0, 7155948.0 ], [ 3079800.0, 7155980.0 ], [ 3079811.0, 7156024.0 ], [ 3079822.0, 7156089.0 ], [ 3079850.0, 7156250.0 ], [ 3079862.0, 7156340.0 ], [ 3079880.0, 7156455.0 ], [ 3079894.0, 7156570.0 ], [ 3079900.0, 7156620.0 ], [ 3079909.0, 7156701.0 ], [ 3079915.0, 7156795.0 ], [ 3079916.0, 7156825.0 ], [ 3079911.0, 7156891.0 ], [ 3079908.0, 7156924.0 ], [ 3079902.0, 7156968.0 ], [ 3079886.0, 7157036.0 ], [ 3079876.0, 7157070.0 ], [ 3079870.0, 7157094.0 ], [ 3079854.0, 7157152.0 ], [ 3079849.0, 7157181.0 ], [ 3079845.0, 7157210.0 ], [ 3079842.0, 7157256.0 ], [ 3079838.0, 7157318.0 ], [ 3079837.0, 7157335.0 ], [ 3079833.0, 7157362.0 ], [ 3079830.0, 7157405.0 ], [ 3079826.0, 7157531.0 ], [ 3079822.0, 7157577.0 ], [ 3079815.0, 7157609.0 ], [ 3079787.0, 7157718.0 ], [ 3079763.0, 7157809.0 ], [ 3079748.0, 7157870.0 ], [ 3079740.0, 7157911.0 ], [ 3079740.0, 7157989.0 ], [ 3079746.0, 7158061.0 ], [ 3079758.0, 7158104.0 ], [ 3079761.0, 7158113.0 ], [ 3079765.0, 7158156.0 ], [ 3079757.0, 7158232.0 ], [ 3079759.0, 7158238.0 ], [ 3079762.0, 7158246.0 ], [ 3079769.0, 7158255.0 ], [ 3079781.0, 7158261.0 ], [ 3079792.0, 7158264.0 ], [ 3079781.0, 7158295.0 ], [ 3079780.0, 7158335.0 ], [ 3079784.0, 7158384.0 ], [ 3079794.0, 7158424.0 ], [ 3079789.0, 7158427.0 ], [ 3079780.0, 7158435.0 ], [ 3079764.0, 7158447.0 ], [ 3079733.0, 7158469.0 ], [ 3079719.0, 7158462.0 ], [ 3079717.0, 7158466.0 ], [ 3079778.0, 7158498.0 ], [ 3079769.0, 7158517.0 ] ] } },
{ "type": "Feature", "properties": { "closeness_centrality": 5.7665243124650076e-05, "source": 442966800, "target": 3523469747, "ordering_closeness_centrality": 130, "length": 1887, "length_cumulative": 398184 }, "geometry": { "type": "LineString", "coordinates": [ [ 3054326.0, 7152561.0 ], [ 3054435.0, 7152551.0 ], [ 3054512.0, 7152544.0 ], [ 3054603.0, 7152536.0 ], [ 3055200.0, 7152483.0 ], [ 3055342.0, 7152470.0 ], [ 3055724.0, 7152436.0 ], [ 3055721.0, 7152402.0 ], [ 3055812.0, 7152400.0 ], [ 3055912.0, 7152396.0 ], [ 3056032.0, 7152396.0 ], [ 3056116.0, 7152399.0 ], [ 3056151.0, 7152400.0 ], [ 3056172.0, 7152401.0 ] ] } },
{ "type": "Feature", "properties": { "closeness_centrality": 5.7059957753278931e-05, "source": 13459990718, "target": 417639292, "ordering_closeness_centrality": 131, "length": 1165, "length_cumulative": 399350 }, "geometry": { "type": "LineString", "coordinates": [ [ 3077734.0, 7145384.0 ], [ 3077741.0, 7145380.0 ], [ 3077780.0, 7145362.0 ], [ 3077792.0, 7145359.0 ], [ 3077862.0, 7145328.0 ], [ 3077871.0, 7145324.0 ], [ 3077912.0, 7145306.0 ], [ 3077924.0, 7145330.0 ], [ 3077992.0, 7145300.0 ], [ 3078019.0, 7145288.0 ], [ 3078086.0, 7145259.0 ], [ 3078227.0, 7145190.0 ], [ 3078391.0, 7145114.0 ], [ 3078461.0, 7145081.0 ], [ 3078504.0, 7145062.0 ], [ 3078554.0, 7145039.0 ], [ 3078673.0, 7144982.0 ], [ 3078739.0, 7144952.0 ], [ 3078757.0, 7144951.0 ], [ 3078766.0, 7144951.0 ], [ 3078773.0, 7144956.0 ], [ 3078778.0, 7144960.0 ], [ 3078781.0, 7144963.0 ] ] } },
{ "type": "Feature", "properties": { "closeness_centrality": 5.6680968937120215e-05, "source": 2607565996, "target": 13459990718, "ordering_closeness_centrality": 132, "length": 11737, "length_cumulative": 411087 }, "geometry": { "type": "LineString", "coordinates": [ [ 3079923.0, 7154082.0 ], [ 3079939.0, 7154070.0 ], [ 3079956.0, 7154059.0 ], [ 3079976.0, 7154045.0 ], [ 3079977.0, 7154038.0 ], [ 3080008.0, 7153993.0 ], [ 3080169.0, 7153717.0 ], [ 3080208.0, 7153656.0 ], [ 3080202.0, 7153651.0 ], [ 3080205.0, 7153646.0 ], [ 3080207.0, 7153643.0 ], [ 3080280.0, 7153531.0 ], [ 3080315.0, 7153477.0 ], [ 3080325.0, 7153461.0 ], [ 3080338.0, 7153441.0 ], [ 3080343.0, 7153435.0 ], [ 3080380.0, 7153377.0 ], [ 3080398.0, 7153349.0 ], [ 3080416.0, 7153321.0 ], [ 3080435.0, 7153293.0 ], [ 3080460.0, 7153249.0 ], [ 3080471.0, 7153234.0 ], [ 3080553.0, 7153107.0 ], [ 3080586.0, 7153057.0 ], [ 3080642.0, 7152970.0 ], [ 3080667.0, 7152931.0 ], [ 3080681.0, 7152912.0 ], [ 3080693.0, 7152895.0 ], [ 3080826.0, 7152692.0 ], [ 3080902.0, 7152578.0 ], [ 3080948.0, 7152506.0 ], [ 3080974.0, 7152468.0 ], [ 3081000.0, 7152428.0 ], [ 3081071.0, 7152320.0 ], [ 3081081.0, 7152297.0 ], [ 3081100.0, 7152267.0 ], [ 3081170.0, 7152162.0 ], [ 3081193.0, 7152127.0 ], [ 3081234.0, 7152069.0 ], [ 3081242.0, 7152056.0 ], [ 3081244.0, 7152053.0 ], [ 3081252.0, 7152041.0 ], [ 3081261.0, 7152027.0 ], [ 3081358.0, 7151876.0 ], [ 3081392.0, 7151817.0 ], [ 3081503.0, 7151651.0 ], [ 3081531.0, 7151612.0 ], [ 3081548.0, 7151591.0 ], [ 3081563.0, 7151569.0 ], [ 3081586.0, 7151536.0 ], [ 3081676.0, 7151390.0 ], [ 3081719.0, 7151317.0 ], [ 3081762.0, 7151237.0 ], [ 3081778.0, 7151191.0 ], [ 3081793.0, 7151131.0 ], [ 3081820.0, 7151053.0 ], [ 3081847.0, 7151038.0 ], [ 3081864.0, 7151028.0 ], [ 3081900.0, 7151013.0 ], [ 3081957.0, 7150994.0 ], [ 3082012.0, 7150989.0 ], [ 3082021.0, 7150989.0 ], [ 3082025.0, 7150967.0 ], [ 3082025.0, 7150941.0 ], [ 3082007.0, 7150924.0 ], [ 3081994.0, 7150916.0 ], [ 3081989.0, 7150910.0 ], [ 3081980.0, 7150894.0 ], [ 3081975.0, 7150882.0 ], [ 3081969.0, 7150867.0 ], [ 3081963.0, 7150852.0 ], [ 3081960.0, 7150837.0 ], [ 3081957.0, 7150825.0 ], [ 3081950.0, 7150805.0 ], [ 3081948.0, 7150792.0 ], [ 3081950.0, 7150780.0 ], [ 3081951.0, 7150764.0 ], [ 3081951.0, 7150752.0 ], [ 3081951.0, 7150743.0 ], [ 3081952.0, 7150732.0 ], [ 3081956.0, 7150711.0 ], [ 3081956.0, 7150705.0 ], [ 3081956.0, 7150696.0 ], [ 3081959.0, 7150673.0 ], [ 3081947.0, 7150657.0 ], [ 3081927.0, 7150630.0 ], [ 3081905.0, 7150605.0 ], [ 3081892.0, 7150587.0 ], [ 3081718.0, 7150379.0 ], [ 3081701.0, 7150337.0 ], [ 3081683.0, 7150282.0 ], [ 3081676.0, 7150265.0 ], [ 3081668.0, 7150244.0 ], [ 3081661.0, 7150222.0 ], [ 3081660.0, 7150210.0 ], [ 3081663.0, 7150203.0 ], [ 3081669.0, 7150191.0 ], [ 3081676.0, 7150172.0 ], [ 3081680.0, 7150159.0 ], [ 3081679.0, 7150148.0 ], [ 3081708.0, 7150150.0 ], [ 3081723.0, 7150133.0 ], [ 3081730.0, 7150119.0 ], [ 3081733.0, 7150032.0 ], [ 3081741.0, 7149994.0 ], [ 3081772.0, 7149926.0 ], [ 3081781.0, 7149875.0 ], [ 3081773.0, 7149823.0 ], [ 3081767.0, 7149809.0 ], [ 3081776.0, 7149797.0 ], [ 3081760.0, 7149785.0 ], [ 3081757.0, 7149770.0 ], [ 3081775.0, 7149741.0 ], [ 3081757.0, 7149724.0 ], [ 3081739.0, 7149711.0 ], [ 3081736.0, 7149698.0 ], [ 3081740.0, 7149689.0 ], [ 3081663.0, 7149624.0 ], [ 3081661.0, 7149597.0 ], [ 3081674.0, 7149588.0 ], [ 3081704.0, 7149549.0 ], [ 3081717.0, 7149534.0 ], [ 3081690.0, 7149513.0 ], [ 3081713.0, 7149485.0 ], [ 3081704.0, 7149479.0 ], [ 3081692.0, 7149446.0 ], [ 3081716.0, 7149412.0 ], [ 3081699.0, 7149399.0 ], [ 3081684.0, 7149387.0 ], [ 3081670.0, 7149377.0 ], [ 3081704.0, 7149332.0 ], [ 3081695.0, 7149250.0 ], [ 3081688.0, 7149198.0 ], [ 3081687.0, 7149187.0 ], [ 3081688.0, 7149178.0 ], [ 3081673.0, 7149151.0 ], [ 3081670.0, 7149141.0 ], [ 3081639.0, 7148885.0 ], [ 3081646.0, 7148881.0 ], [ 3081644.0, 7148875.0 ], [ 3081639.0, 7148828.0 ], [ 3081637.0, 7148796.0 ], [ 3081627.0, 7148706.0 ], [ 3081620.0, 7148638.0 ], [ 3081625.0, 7148600.0 ], [ 3081632.0, 7148552.0 ], [ 3081638.0, 7148536.0 ], [ 3081644.0, 7148529.0 ], [ 3081639.0, 7148473.0 ], [ 3081628.0, 7148320.0 ], [ 3081625.0, 7148300.0 ], [ 3081618.0, 7148276.0 ], [ 3081603.0, 7148233.0 ], [ 3081599.0, 7148224.0 ], [ 3081619.0, 7148197.0 ], [ 3081603.0, 7148183.0 ], [ 3081595.0, 7148177.0 ], [ 3081585.0, 7148167.0 ], [ 3081574.0, 7148158.0 ], [ 3081569.0, 7148155.0 ], [ 3081578.0, 7148136.0 ], [ 3081485.0, 7148064.0 ], [ 3081497.0, 7148048.0 ], [ 3081478.0, 7148034.0 ], [ 3081469.0, 7148028.0 ], [ 3081484.0, 7148006.0 ], [ 3081459.0, 7147989.0 ], [ 3081469.0, 7147973.0 ], [ 3081473.0, 7147954.0 ], [ 3081482.0, 7147941.0 ], [ 3081494.0, 7147925.0 ], [ 3081506.0, 7147909.0 ], [ 3081535.0, 7147870.0 ], [ 3081536.0, 7147845.0 ], [ 3081546.0, 7147825.0 ], [ 3081555.0, 7147804.0 ], [ 3081556.0, 7147680.0 ], [ 3081547.0, 7147615.0 ], [ 3081552.0, 7147600.0 ], [ 3081516.0, 7147533.0 ], [ 3081503.0, 7147500.0 ], [ 3081492.0, 7147423.0 ], [ 3081502.0, 7147347.0 ], [ 3081484.0, 7147340.0 ], [ 3081507.0, 7147273.0 ], [ 3081503.0, 7147155.0 ], [ 3081490.0, 7147140.0 ], [ 3081479.0, 7147127.0 ], [ 3081478.0, 7147120.0 ], [ 3081489.0, 7147091.0 ], [ 3081510.0, 7147024.0 ], [ 3081526.0, 7146978.0 ], [ 3081539.0, 7146940.0 ], [ 3081557.0, 7146887.0 ], [ 3081541.0, 7146881.0 ], [ 3081530.0, 7146877.0 ], [ 3081523.0, 7146868.0 ], [ 3081521.0, 7146855.0 ], [ 3081535.0, 7146816.0 ], [ 3081523.0, 7146811.0 ], [ 3081527.0, 7146799.0 ], [ 3081536.0, 7146773.0 ], [ 3081544.0, 7146751.0 ], [ 3081596.0, 7146594.0 ], [ 3081602.0, 7146576.0 ], [ 3081612.0, 7146548.0 ], [ 3081631.0, 7146495.0 ], [ 3081616.0, 7146489.0 ], [ 3081620.0, 7146480.0 ], [ 3081624.0, 7146466.0 ], [ 3081653.0, 7146373.0 ], [ 3081683.0, 7146280.0 ], [ 3081690.0, 7146259.0 ], [ 3081761.0, 7146054.0 ], [ 3081772.0, 7146011.0 ], [ 3081779.0, 7145970.0 ], [ 3081784.0, 7145930.0 ], [ 3081784.0, 7145922.0 ], [ 3081783.0, 7145895.0 ], [ 3081773.0, 7145863.0 ], [ 3081769.0, 7145840.0 ], [ 3081760.0, 7145809.0 ], [ 3081727.0, 7145724.0 ], [ 3081708.0, 7145676.0 ], [ 3081704.0, 7145665.0 ], [ 3081675.0, 7145599.0 ], [ 3081667.0, 7145580.0 ], [ 3081646.0, 7145535.0 ], [ 3081600.0, 7145422.0 ], [ 3081594.0, 7145393.0 ], [ 3081533.0, 7145236.0 ], [ 3081524.0, 7145216.0 ], [ 3081520.0, 7145207.0 ], [ 3081517.0, 7145199.0 ], [ 3081416.0, 7144958.0 ], [ 3081414.0, 7144952.0 ], [ 3081406.0, 7144934.0 ], [ 3081384.0, 7144879.0 ], [ 3081376.0, 7144862.0 ], [ 3081364.0, 7144832.0 ], [ 3081338.0, 7144766.0 ], [ 3081306.0, 7144688.0 ], [ 3081281.0, 7144638.0 ], [ 3081262.0, 7144609.0 ], [ 3081245.0, 7144586.0 ], [ 3081238.0, 7144578.0 ], [ 3081216.0, 7144555.0 ], [ 3081196.0, 7144538.0 ], [ 3081154.0, 7144509.0 ], [ 3081055.0, 7144437.0 ], [ 3080951.0, 7144367.0 ], [ 3080899.0, 7144331.0 ], [ 3080880.0, 7144318.0 ], [ 3080851.0, 7144293.0 ], [ 3080837.0, 7144278.0 ], [ 3080832.0, 7144273.0 ], [ 3080826.0, 7144267.0 ], [ 3080814.0, 7144251.0 ], [ 3080802.0, 7144233.0 ], [ 3080792.0, 7144217.0 ], [ 3080782.0, 7144200.0 ], [ 3080775.0, 7144186.0 ], [ 3080765.0, 7144165.0 ], [ 3080753.0, 7144140.0 ], [ 3080735.0, 7144099.0 ], [ 3080731.0, 7144090.0 ], [ 3080714.0, 7144048.0 ] ] } },
{ "type": "Feature", "properties": { "closeness_centrality": 5.6333250383799297e-05, "source": 5071454387, "target": 4646905188, "ordering_closeness_centrality": 133, "length": 2050, "length_cumulative": 413137 }, "geometry": { "type": "LineString", "coordinates": [ [ 3058501.0, 7141801.0 ], [ 3058521.0, 7141796.0 ], [ 3058515.0, 7141774.0 ], [ 3058530.0, 7141771.0 ], [ 3058552.0, 7141766.0 ], [ 3058578.0, 7141760.0 ], [ 3058599.0, 7141756.0 ], [ 3058610.0, 7141755.0 ], [ 3058613.0, 7141753.0 ], [ 3058622.0, 7141747.0 ], [ 3058627.0, 7141745.0 ], [ 3058633.0, 7141743.0 ], [ 3058660.0, 7141737.0 ], [ 3058663.0, 7141736.0 ], [ 3058673.0, 7141734.0 ], [ 3058691.0, 7141730.0 ], [ 3058704.0, 7141727.0 ], [ 3058717.0, 7141723.0 ], [ 3058724.0, 7141721.0 ], [ 3058736.0, 7141712.0 ], [ 3058750.0, 7141697.0 ], [ 3058749.0, 7141690.0 ], [ 3058768.0, 7141687.0 ], [ 3058775.0, 7141686.0 ], [ 3058800.0, 7141683.0 ], [ 3058838.0, 7141677.0 ], [ 3058846.0, 7141676.0 ], [ 3058882.0, 7141670.0 ], [ 3058915.0, 7141665.0 ], [ 3058951.0, 7141660.0 ], [ 3059009.0, 7141652.0 ], [ 3059063.0, 7141639.0 ], [ 3059098.0, 7141632.0 ], [ 3059130.0, 7141624.0 ], [ 3059156.0, 7141617.0 ], [ 3059200.0, 7141605.0 ], [ 3059233.0, 7141593.0 ], [ 3059262.0, 7141583.0 ], [ 3059297.0, 7141569.0 ], [ 3059320.0, 7141560.0 ], [ 3059327.0, 7141560.0 ], [ 3059333.0, 7141560.0 ], [ 3059335.0, 7141561.0 ], [ 3059345.0, 7141555.0 ], [ 3059353.0, 7141551.0 ], [ 3059362.0, 7141547.0 ], [ 3059374.0, 7141542.0 ], [ 3059387.0, 7141537.0 ], [ 3059392.0, 7141536.0 ], [ 3059393.0, 7141532.0 ], [ 3059395.0, 7141528.0 ], [ 3059396.0, 7141526.0 ], [ 3059397.0, 7141523.0 ], [ 3059399.0, 7141523.0 ], [ 3059406.0, 7141518.0 ], [ 3059443.0, 7141496.0 ], [ 3059474.0, 7141477.0 ], [ 3059526.0, 7141443.0 ], [ 3059556.0, 7141421.0 ], [ 3059581.0, 7141404.0 ], [ 3059654.0, 7141342.0 ], [ 3059696.0, 7141304.0 ], [ 3059734.0, 7141269.0 ], [ 3059803.0, 7141207.0 ], [ 3059822.0, 7141189.0 ], [ 3059840.0, 7141174.0 ], [ 3059852.0, 7141163.0 ], [ 3059854.0, 7141161.0 ], [ 3059859.0, 7141156.0 ], [ 3059861.0, 7141154.0 ], [ 3059876.0, 7141141.0 ], [ 3059881.0, 7141140.0 ], [ 3059887.0, 7141140.0 ], [ 3059900.0, 7141126.0 ], [ 3059907.0, 7141118.0 ], [ 3059909.0, 7141093.0 ], [ 3059933.0, 7141064.0 ], [ 3059945.0, 7141053.0 ], [ 3059988.0, 7141007.0 ], [ 3059989.0, 7141000.0 ], [ 3059996.0, 7140994.0 ], [ 3060086.0, 7140913.0 ], [ 3060100.0, 7140902.0 ], [ 3060128.0, 7140889.0 ], [ 3060147.0, 7140874.0 ], [ 3060206.0, 7140855.0 ] ] } },
{ "type": "Feature", "properties": { "closeness_centrality": 5.6055201478536489e-05, "source": 5071454387, "target": 3523469747, "ordering_closeness_centrality": 134, "length": 5343, "length_cumulative": 418481 }, "geometry": { "type": "LineString", "coordinates": [ [ 3058648.0, 7142417.0 ], [ 3058618.0, 7142427.0 ], [ 3058582.0, 7142440.0 ], [ 3058588.0, 7142458.0 ], [ 3058595.0, 7142479.0 ], [ 3058574.0, 7142486.0 ], [ 3058550.0, 7142493.0 ], [ 3058538.0, 7142497.0 ], [ 3058549.0, 7142580.0 ], [ 3058549.0, 7142591.0 ], [ 3058549.0, 7142606.0 ], [ 3058545.0, 7142617.0 ], [ 3058539.0, 7142627.0 ], [ 3058533.0, 7142634.0 ], [ 3058526.0, 7142642.0 ], [ 3058512.0, 7142660.0 ], [ 3058522.0, 7142672.0 ], [ 3058525.0, 7142684.0 ], [ 3058530.0, 7142702.0 ], [ 3058533.0, 7142720.0 ], [ 3058530.0, 7142730.0 ], [ 3058497.0, 7142747.0 ], [ 3058473.0, 7142755.0 ], [ 3058449.0, 7142760.0 ], [ 3058433.0, 7142775.0 ], [ 3058410.0, 7142791.0 ], [ 3058394.0, 7142816.0 ], [ 3058366.0, 7142842.0 ], [ 3058322.0, 7142867.0 ], [ 3058272.0, 7142888.0 ], [ 3058219.0, 7142889.0 ], [ 3058149.0, 7142926.0 ], [ 3058129.0, 7142938.0 ], [ 3058080.0, 7142962.0 ], [ 3058056.0, 7142978.0 ], [ 3058063.0, 7143002.0 ], [ 3058077.0, 7143011.0 ], [ 3058081.0, 7143016.0 ], [ 3058082.0, 7143028.0 ], [ 3058081.0, 7143045.0 ], [ 3058081.0, 7143151.0 ], [ 3058080.0, 7143187.0 ], [ 3058086.0, 7143214.0 ], [ 3058089.0, 7143235.0 ], [ 3058086.0, 7143258.0 ], [ 3058056.0, 7143369.0 ], [ 3058027.0, 7143487.0 ], [ 3058009.0, 7143511.0 ], [ 3058005.0, 7143591.0 ], [ 3057996.0, 7143619.0 ], [ 3057990.0, 7143670.0 ], [ 3057987.0, 7143688.0 ], [ 3057981.0, 7143732.0 ], [ 3057966.0, 7143843.0 ], [ 3057959.0, 7143851.0 ], [ 3057937.0, 7143881.0 ], [ 3057925.0, 7143966.0 ], [ 3057916.0, 7143965.0 ], [ 3057915.0, 7143975.0 ], [ 3057895.0, 7144022.0 ], [ 3057895.0, 7144031.0 ], [ 3057861.0, 7144031.0 ], [ 3057837.0, 7144187.0 ], [ 3057812.0, 7144186.0 ], [ 3057808.0, 7144269.0 ], [ 3057808.0, 7144282.0 ], [ 3057808.0, 7144342.0 ], [ 3057793.0, 7144342.0 ], [ 3057770.0, 7144382.0 ], [ 3057770.0, 7144401.0 ], [ 3057771.0, 7144438.0 ], [ 3057771.0, 7144469.0 ], [ 3057745.0, 7144470.0 ], [ 3057761.0, 7144498.0 ], [ 3057732.0, 7144517.0 ], [ 3057723.0, 7144505.0 ], [ 3057707.0, 7144481.0 ], [ 3057678.0, 7144498.0 ], [ 3057647.0, 7144518.0 ], [ 3057643.0, 7144519.0 ], [ 3057616.0, 7144536.0 ], [ 3057587.0, 7144536.0 ], [ 3057546.0, 7144634.0 ], [ 3057557.0, 7144717.0 ], [ 3057557.0, 7144729.0 ], [ 3057558.0, 7144794.0 ], [ 3057558.0, 7144839.0 ], [ 3057558.0, 7144855.0 ], [ 3057518.0, 7144880.0 ], [ 3057518.0, 7144882.0 ], [ 3057517.0, 7144924.0 ], [ 3057516.0, 7144932.0 ], [ 3057480.0, 7144983.0 ], [ 3057478.0, 7144984.0 ], [ 3057479.0, 7144986.0 ], [ 3057491.0, 7145004.0 ], [ 3057506.0, 7145029.0 ], [ 3057489.0, 7145039.0 ], [ 3057496.0, 7145049.0 ], [ 3057491.0, 7145066.0 ], [ 3057492.0, 7145222.0 ], [ 3057492.0, 7145232.0 ], [ 3057523.0, 7145262.0 ], [ 3057523.0, 7145296.0 ], [ 3057502.0, 7145296.0 ], [ 3057510.0, 7145468.0 ], [ 3057511.0, 7145489.0 ], [ 3057538.0, 7145518.0 ], [ 3057517.0, 7145547.0 ], [ 3057493.0, 7145584.0 ], [ 3057468.0, 7145617.0 ], [ 3057450.0, 7145637.0 ], [ 3057443.0, 7145773.0 ], [ 3057411.0, 7145839.0 ], [ 3057409.0, 7145844.0 ], [ 3057407.0, 7145849.0 ], [ 3057407.0, 7145854.0 ], [ 3057406.0, 7145858.0 ], [ 3057406.0, 7145861.0 ], [ 3057406.0, 7145864.0 ], [ 3057405.0, 7145869.0 ], [ 3057405.0, 7145896.0 ], [ 3057405.0, 7145940.0 ], [ 3057392.0, 7145940.0 ], [ 3057392.0, 7145961.0 ], [ 3057388.0, 7145961.0 ], [ 3057389.0, 7146094.0 ], [ 3057389.0, 7146105.0 ], [ 3057389.0, 7146106.0 ], [ 3057389.0, 7146107.0 ], [ 3057388.0, 7146108.0 ], [ 3057384.0, 7146112.0 ], [ 3057364.0, 7146133.0 ], [ 3057383.0, 7146150.0 ], [ 3057372.0, 7146160.0 ], [ 3057369.0, 7146163.0 ], [ 3057365.0, 7146165.0 ], [ 3057371.0, 7146172.0 ], [ 3057358.0, 7146178.0 ], [ 3057353.0, 7146199.0 ], [ 3057348.0, 7146213.0 ], [ 3057338.0, 7146240.0 ], [ 3057326.0, 7146250.0 ], [ 3057316.0, 7146259.0 ], [ 3057294.0, 7146291.0 ], [ 3057293.0, 7146293.0 ], [ 3057282.0, 7146314.0 ], [ 3057265.0, 7146358.0 ], [ 3057254.0, 7146384.0 ], [ 3057253.0, 7146404.0 ], [ 3057247.0, 7146445.0 ], [ 3057212.0, 7146503.0 ], [ 3057201.0, 7146522.0 ], [ 3057203.0, 7146547.0 ], [ 3057210.0, 7146557.0 ], [ 3057205.0, 7146589.0 ], [ 3057199.0, 7146619.0 ], [ 3057126.0, 7146692.0 ], [ 3057131.0, 7146697.0 ], [ 3057114.0, 7146715.0 ], [ 3057120.0, 7146722.0 ] ] } },
{ "type": "Feature", "properties": { "closeness_centrality": 5.5822611476385119e-05, "source": 9318805444, "target": 8080381805, "ordering_closeness_centrality": 135, "length": 2692, "length_cumulative": 421174 }, "geometry": { "type": "LineString", "coordinates": [ [ 3079824.0, 7158544.0 ], [ 3080180.0, 7158735.0 ], [ 3080334.0, 7158813.0 ], [ 3080503.0, 7158894.0 ], [ 3080623.0, 7158960.0 ], [ 3080863.0, 7159091.0 ], [ 3080871.0, 7159095.0 ], [ 3081294.0, 7159315.0 ], [ 3081361.0, 7159356.0 ], [ 3081411.0, 7159373.0 ], [ 3081430.0, 7159377.0 ], [ 3081474.0, 7159382.0 ], [ 3081496.0, 7159384.0 ], [ 3081518.0, 7159388.0 ], [ 3081541.0, 7159393.0 ], [ 3081563.0, 7159402.0 ], [ 3081718.0, 7159480.0 ], [ 3081720.0, 7159481.0 ], [ 3081756.0, 7159498.0 ], [ 3081796.0, 7159521.0 ], [ 3081855.0, 7159553.0 ], [ 3081876.0, 7159566.0 ], [ 3081891.0, 7159576.0 ], [ 3081986.0, 7159646.0 ], [ 3082005.0, 7159660.0 ], [ 3082022.0, 7159669.0 ], [ 3082099.0, 7159709.0 ], [ 3082211.0, 7159768.0 ] ] } },
{ "type": "Feature", "properties": { "closeness_centrality": 5.565798938237249e-05, "source": 9318805444, "target": 12233205582, "ordering_closeness_centrality": 136, "length": 4081, "length_cumulative": 425255 }, "geometry": { "type": "LineString", "coordinates": [ [ 3054923.0, 7158253.0 ], [ 3054926.0, 7158256.0 ], [ 3054928.0, 7158257.0 ], [ 3054939.0, 7158243.0 ], [ 3054952.0, 7158228.0 ], [ 3054969.0, 7158232.0 ], [ 3054985.0, 7158248.0 ], [ 3055001.0, 7158233.0 ], [ 3055017.0, 7158217.0 ], [ 3055032.0, 7158203.0 ], [ 3055036.0, 7158199.0 ], [ 3055055.0, 7158182.0 ], [ 3055073.0, 7158165.0 ], [ 3055091.0, 7158149.0 ], [ 3055093.0, 7158147.0 ], [ 3055111.0, 7158130.0 ], [ 3055129.0, 7158112.0 ], [ 3055146.0, 7158094.0 ], [ 3055165.0, 7158076.0 ], [ 3055183.0, 7158059.0 ], [ 3055201.0, 7158041.0 ], [ 3055219.0, 7158023.0 ], [ 3055237.0, 7158005.0 ], [ 3055242.0, 7158000.0 ], [ 3055258.0, 7157986.0 ], [ 3055268.0, 7157977.0 ], [ 3055291.0, 7157959.0 ], [ 3055313.0, 7157942.0 ], [ 3055333.0, 7157927.0 ], [ 3055338.0, 7157922.0 ], [ 3055352.0, 7157912.0 ], [ 3055376.0, 7157894.0 ], [ 3055396.0, 7157879.0 ], [ 3055411.0, 7157869.0 ], [ 3055419.0, 7157862.0 ], [ 3055440.0, 7157846.0 ], [ 3055453.0, 7157835.0 ], [ 3055463.0, 7157828.0 ], [ 3055486.0, 7157811.0 ], [ 3055502.0, 7157800.0 ], [ 3055506.0, 7157796.0 ], [ 3055525.0, 7157783.0 ], [ 3055546.0, 7157767.0 ], [ 3055552.0, 7157763.0 ], [ 3055566.0, 7157754.0 ], [ 3055591.0, 7157737.0 ], [ 3055620.0, 7157718.0 ], [ 3055639.0, 7157706.0 ], [ 3055660.0, 7157694.0 ], [ 3055666.0, 7157691.0 ], [ 3055686.0, 7157682.0 ], [ 3055690.0, 7157680.0 ], [ 3055707.0, 7157674.0 ], [ 3055730.0, 7157665.0 ], [ 3055754.0, 7157656.0 ], [ 3055776.0, 7157647.0 ], [ 3055800.0, 7157638.0 ], [ 3055824.0, 7157629.0 ], [ 3055848.0, 7157620.0 ], [ 3055863.0, 7157614.0 ], [ 3055919.0, 7157590.0 ], [ 3055990.0, 7157554.0 ], [ 3056036.0, 7157529.0 ], [ 3056152.0, 7157485.0 ], [ 3056312.0, 7157430.0 ], [ 3056451.0, 7157382.0 ], [ 3056470.0, 7157375.0 ], [ 3056489.0, 7157369.0 ], [ 3056510.0, 7157362.0 ], [ 3056589.0, 7157336.0 ], [ 3056627.0, 7157344.0 ], [ 3056672.0, 7157334.0 ], [ 3056701.0, 7157333.0 ], [ 3056713.0, 7157334.0 ], [ 3056725.0, 7157339.0 ], [ 3056733.0, 7157345.0 ], [ 3056752.0, 7157384.0 ], [ 3056760.0, 7157380.0 ], [ 3056980.0, 7157313.0 ], [ 3057008.0, 7157307.0 ], [ 3057014.0, 7157317.0 ], [ 3057058.0, 7157307.0 ], [ 3057132.0, 7157295.0 ], [ 3057196.0, 7157287.0 ], [ 3057246.0, 7157278.0 ], [ 3057455.0, 7157241.0 ], [ 3057525.0, 7157231.0 ], [ 3057621.0, 7157215.0 ], [ 3057732.0, 7157197.0 ], [ 3057757.0, 7157192.0 ], [ 3058259.0, 7157104.0 ], [ 3058290.0, 7157099.0 ], [ 3058400.0, 7157079.0 ], [ 3058411.0, 7157075.0 ], [ 3058572.0, 7157018.0 ], [ 3058569.0, 7157000.0 ], [ 3058564.0, 7156994.0 ], [ 3058578.0, 7156986.0 ], [ 3058582.0, 7156980.0 ], [ 3058581.0, 7156976.0 ], [ 3058580.0, 7156969.0 ], [ 3058578.0, 7156964.0 ] ] } },
{ "type": "Feature", "properties": { "closeness_centrality": 5.5278745735604882e-05, "source": 442966800, "target": 12233205582, "ordering_closeness_centrality": 137, "length": 5927, "length_cumulative": 431183 }, "geometry": { "type": "LineString", "coordinates": [ [ 3055620.0, 7157718.0 ], [ 3055614.0, 7157694.0 ], [ 3055609.0, 7157680.0 ], [ 3055595.0, 7157650.0 ], [ 3055591.0, 7157644.0 ], [ 3055582.0, 7157632.0 ], [ 3055531.0, 7157596.0 ], [ 3055395.0, 7157305.0 ], [ 3055394.0, 7157298.0 ], [ 3055323.0, 7157147.0 ], [ 3055322.0, 7157146.0 ], [ 3055335.0, 7157121.0 ], [ 3055335.0, 7157112.0 ], [ 3055359.0, 7157114.0 ], [ 3055361.0, 7157114.0 ], [ 3055364.0, 7157112.0 ], [ 3055437.0, 7157085.0 ], [ 3055447.0, 7157085.0 ], [ 3055450.0, 7157085.0 ], [ 3055476.0, 7157084.0 ], [ 3055488.0, 7157077.0 ], [ 3055494.0, 7157038.0 ], [ 3055552.0, 7156686.0 ], [ 3055500.0, 7156676.0 ], [ 3055493.0, 7156667.0 ], [ 3055506.0, 7156512.0 ], [ 3055524.0, 7156258.0 ], [ 3055530.0, 7156155.0 ], [ 3055528.0, 7156121.0 ], [ 3055523.0, 7156092.0 ], [ 3055519.0, 7156074.0 ], [ 3055514.0, 7156060.0 ], [ 3055580.0, 7156026.0 ], [ 3055571.0, 7156007.0 ], [ 3055739.0, 7155922.0 ], [ 3055753.0, 7155906.0 ], [ 3055769.0, 7155893.0 ], [ 3055823.0, 7155865.0 ], [ 3055813.0, 7155847.0 ], [ 3055820.0, 7155831.0 ], [ 3055782.0, 7155765.0 ], [ 3055771.0, 7155745.0 ], [ 3055664.0, 7155549.0 ], [ 3055654.0, 7155532.0 ], [ 3055616.0, 7155466.0 ], [ 3055565.0, 7155374.0 ], [ 3055549.0, 7155344.0 ], [ 3055560.0, 7155336.0 ], [ 3055571.0, 7155326.0 ], [ 3055558.0, 7155303.0 ], [ 3055568.0, 7155292.0 ], [ 3055577.0, 7155281.0 ], [ 3055593.0, 7155260.0 ], [ 3055615.0, 7155226.0 ], [ 3055633.0, 7155193.0 ], [ 3055643.0, 7155172.0 ], [ 3055657.0, 7155132.0 ], [ 3055664.0, 7155107.0 ], [ 3055668.0, 7155091.0 ], [ 3055674.0, 7155059.0 ], [ 3055679.0, 7155025.0 ], [ 3055679.0, 7155020.0 ], [ 3055680.0, 7154995.0 ], [ 3055680.0, 7154968.0 ], [ 3055675.0, 7154827.0 ], [ 3055684.0, 7154684.0 ], [ 3055682.0, 7154633.0 ], [ 3055681.0, 7154604.0 ], [ 3055681.0, 7154579.0 ], [ 3055680.0, 7154537.0 ], [ 3055680.0, 7154524.0 ], [ 3055678.0, 7154473.0 ], [ 3055675.0, 7154413.0 ], [ 3055674.0, 7154378.0 ], [ 3055676.0, 7154338.0 ], [ 3055680.0, 7154284.0 ], [ 3055687.0, 7154216.0 ], [ 3055690.0, 7154181.0 ], [ 3055694.0, 7154141.0 ], [ 3055697.0, 7154114.0 ], [ 3055706.0, 7154048.0 ], [ 3055710.0, 7154013.0 ], [ 3055712.0, 7153999.0 ], [ 3055713.0, 7153992.0 ], [ 3055717.0, 7153969.0 ], [ 3055718.0, 7153960.0 ], [ 3055727.0, 7153906.0 ], [ 3055734.0, 7153870.0 ], [ 3055741.0, 7153833.0 ], [ 3055743.0, 7153820.0 ], [ 3055766.0, 7153731.0 ], [ 3055793.0, 7153628.0 ], [ 3055795.0, 7153622.0 ], [ 3055801.0, 7153604.0 ], [ 3055817.0, 7153552.0 ], [ 3055829.0, 7153516.0 ], [ 3055834.0, 7153500.0 ], [ 3055844.0, 7153467.0 ], [ 3055849.0, 7153455.0 ], [ 3055853.0, 7153442.0 ], [ 3055877.0, 7153364.0 ], [ 3055886.0, 7153337.0 ], [ 3055896.0, 7153310.0 ], [ 3055913.0, 7153267.0 ], [ 3055939.0, 7153199.0 ], [ 3055975.0, 7153107.0 ], [ 3056001.0, 7153043.0 ], [ 3056009.0, 7153020.0 ], [ 3056030.0, 7152966.0 ], [ 3056061.0, 7152892.0 ], [ 3056068.0, 7152870.0 ], [ 3056078.0, 7152848.0 ], [ 3056082.0, 7152835.0 ], [ 3056088.0, 7152821.0 ], [ 3056125.0, 7152729.0 ], [ 3056137.0, 7152691.0 ], [ 3056144.0, 7152660.0 ], [ 3056148.0, 7152637.0 ], [ 3056151.0, 7152618.0 ], [ 3056165.0, 7152572.0 ], [ 3056167.0, 7152540.0 ], [ 3056170.0, 7152487.0 ], [ 3056171.0, 7152439.0 ] ] } },
{ "type": "Feature", "properties": { "closeness_centrality": 5.2648587152313682e-05, "source": 2607565996, "target": 4761597951, "ordering_closeness_centrality": 139, "length": 6732, "length_cumulative": 437915 }, "geometry": { "type": "LineString", "coordinates": [ [ 3085394.0, 7157382.0 ], [ 3085391.0, 7157389.0 ], [ 3085388.0, 7157397.0 ], [ 3085385.0, 7157404.0 ], [ 3085383.0, 7157411.0 ], [ 3085362.0, 7157402.0 ], [ 3085348.0, 7157434.0 ], [ 3085331.0, 7157457.0 ], [ 3085306.0, 7157456.0 ], [ 3085241.0, 7157413.0 ], [ 3085168.0, 7157367.0 ], [ 3085134.0, 7157336.0 ], [ 3085078.0, 7157304.0 ], [ 3085021.0, 7157276.0 ], [ 3084932.0, 7157233.0 ], [ 3084792.0, 7157166.0 ], [ 3084756.0, 7157149.0 ], [ 3084740.0, 7157136.0 ], [ 3084736.0, 7157132.0 ], [ 3084587.0, 7157029.0 ], [ 3084481.0, 7156935.0 ], [ 3084430.0, 7156879.0 ], [ 3084340.0, 7156760.0 ], [ 3084255.0, 7156592.0 ], [ 3084217.0, 7156503.0 ], [ 3084164.0, 7156402.0 ], [ 3084112.0, 7156300.0 ], [ 3084100.0, 7156267.0 ], [ 3084088.0, 7156248.0 ], [ 3084074.0, 7156223.0 ], [ 3084062.0, 7156196.0 ], [ 3084019.0, 7156118.0 ], [ 3083992.0, 7156063.0 ], [ 3083960.0, 7156009.0 ], [ 3083917.0, 7155953.0 ], [ 3083887.0, 7155903.0 ], [ 3083864.0, 7155879.0 ], [ 3083843.0, 7155870.0 ], [ 3083832.0, 7155854.0 ], [ 3083761.0, 7155792.0 ], [ 3083646.0, 7155721.0 ], [ 3083565.0, 7155674.0 ], [ 3083507.0, 7155647.0 ], [ 3083350.0, 7155594.0 ], [ 3083265.0, 7155570.0 ], [ 3083218.0, 7155558.0 ], [ 3083022.0, 7155537.0 ], [ 3082993.0, 7155544.0 ], [ 3082653.0, 7155514.0 ], [ 3082399.0, 7155484.0 ], [ 3082386.0, 7155482.0 ], [ 3081995.0, 7155446.0 ], [ 3081859.0, 7155433.0 ], [ 3081769.0, 7155423.0 ], [ 3081488.0, 7155390.0 ], [ 3081465.0, 7155388.0 ], [ 3081404.0, 7155383.0 ], [ 3081354.0, 7155381.0 ], [ 3081103.0, 7155351.0 ], [ 3080971.0, 7155324.0 ], [ 3080804.0, 7155275.0 ], [ 3080798.0, 7155268.0 ], [ 3080784.0, 7155260.0 ], [ 3080751.0, 7155244.0 ], [ 3080699.0, 7155222.0 ], [ 3080596.0, 7155176.0 ], [ 3080574.0, 7155169.0 ], [ 3080549.0, 7155163.0 ], [ 3080526.0, 7155153.0 ], [ 3080492.0, 7155128.0 ], [ 3080468.0, 7155103.0 ], [ 3080456.0, 7155087.0 ], [ 3080431.0, 7155053.0 ], [ 3080420.0, 7155046.0 ], [ 3080397.0, 7155027.0 ], [ 3080378.0, 7155008.0 ], [ 3080299.0, 7154923.0 ], [ 3080237.0, 7154856.0 ], [ 3080182.0, 7154793.0 ], [ 3080092.0, 7154686.0 ], [ 3080058.0, 7154645.0 ], [ 3080046.0, 7154634.0 ], [ 3080036.0, 7154625.0 ], [ 3080017.0, 7154606.0 ], [ 3079998.0, 7154588.0 ], [ 3079985.0, 7154574.0 ], [ 3079974.0, 7154563.0 ], [ 3079954.0, 7154538.0 ], [ 3079941.0, 7154523.0 ], [ 3079913.0, 7154489.0 ] ] } },
{ "type": "Feature", "properties": { "closeness_centrality": 5.2399349857542457e-05, "source": 12233205582, "target": 3523469747, "ordering_closeness_centrality": 140, "length": 4806, "length_cumulative": 442722 }, "geometry": { "type": "LineString", "coordinates": [ [ 3054161.0, 7152575.0 ], [ 3054174.0, 7152779.0 ], [ 3054177.0, 7152828.0 ], [ 3054182.0, 7152900.0 ], [ 3054183.0, 7152933.0 ], [ 3054190.0, 7153031.0 ], [ 3054192.0, 7153069.0 ], [ 3054206.0, 7153287.0 ], [ 3054217.0, 7153447.0 ], [ 3054218.0, 7153467.0 ], [ 3054226.0, 7153583.0 ], [ 3054234.0, 7153697.0 ], [ 3054250.0, 7153936.0 ], [ 3054252.0, 7153967.0 ], [ 3054266.0, 7154138.0 ], [ 3054274.0, 7154232.0 ], [ 3054278.0, 7154282.0 ], [ 3054281.0, 7154336.0 ], [ 3054304.0, 7154335.0 ], [ 3054309.0, 7154373.0 ], [ 3054315.0, 7154388.0 ], [ 3054328.0, 7154418.0 ], [ 3054329.0, 7154439.0 ], [ 3054329.0, 7154467.0 ], [ 3054332.0, 7154510.0 ], [ 3054346.0, 7154589.0 ], [ 3054350.0, 7154617.0 ], [ 3054354.0, 7154664.0 ], [ 3054370.0, 7154823.0 ], [ 3054372.0, 7154836.0 ], [ 3054380.0, 7154879.0 ], [ 3054402.0, 7154997.0 ], [ 3054437.0, 7155133.0 ], [ 3054442.0, 7155153.0 ], [ 3054443.0, 7155156.0 ], [ 3054445.0, 7155165.0 ], [ 3054453.0, 7155192.0 ], [ 3054454.0, 7155197.0 ], [ 3054478.0, 7155279.0 ], [ 3054492.0, 7155322.0 ], [ 3054505.0, 7155356.0 ], [ 3054507.0, 7155361.0 ], [ 3054509.0, 7155366.0 ], [ 3054574.0, 7155546.0 ], [ 3054674.0, 7155763.0 ], [ 3054686.0, 7155784.0 ], [ 3054689.0, 7155791.0 ], [ 3054699.0, 7155810.0 ], [ 3054709.0, 7155828.0 ], [ 3054712.0, 7155832.0 ], [ 3054730.0, 7155883.0 ], [ 3054758.0, 7155943.0 ], [ 3054825.0, 7156069.0 ], [ 3054850.0, 7156118.0 ], [ 3054868.0, 7156152.0 ], [ 3054907.0, 7156234.0 ], [ 3054924.0, 7156267.0 ], [ 3054939.0, 7156303.0 ], [ 3054942.0, 7156309.0 ], [ 3054944.0, 7156313.0 ], [ 3054956.0, 7156341.0 ], [ 3054958.0, 7156346.0 ], [ 3054960.0, 7156349.0 ], [ 3054976.0, 7156384.0 ], [ 3054980.0, 7156393.0 ], [ 3054996.0, 7156431.0 ], [ 3055017.0, 7156473.0 ], [ 3055056.0, 7156551.0 ], [ 3055125.0, 7156694.0 ], [ 3055150.0, 7156746.0 ], [ 3055194.0, 7156828.0 ], [ 3055300.0, 7157042.0 ], [ 3055303.0, 7157090.0 ], [ 3055309.0, 7157108.0 ], [ 3055312.0, 7157118.0 ], [ 3055315.0, 7157127.0 ], [ 3055322.0, 7157146.0 ] ] } },
{ "type": "Feature", "properties": { "closeness_centrality": 5.0954459358955713e-05, "source": 4761597951, "target": 275051120, "ordering_closeness_centrality": 141, "length": 6963, "length_cumulative": 449685 }, "geometry": { "type": "LineString", "coordinates": [ [ 3079824.0, 7158544.0 ], [ 3079830.0, 7158547.0 ], [ 3079912.0, 7158581.0 ], [ 3079993.0, 7158606.0 ], [ 3080019.0, 7158623.0 ], [ 3080294.0, 7158766.0 ], [ 3080308.0, 7158775.0 ], [ 3080320.0, 7158776.0 ], [ 3080455.0, 7158846.0 ], [ 3080489.0, 7158867.0 ], [ 3080511.0, 7158878.0 ], [ 3080625.0, 7158937.0 ], [ 3080646.0, 7158949.0 ], [ 3080657.0, 7158951.0 ], [ 3080779.0, 7159017.0 ], [ 3080786.0, 7159004.0 ], [ 3080805.0, 7158972.0 ], [ 3080840.0, 7158990.0 ], [ 3080873.0, 7159006.0 ], [ 3080876.0, 7159007.0 ], [ 3080880.0, 7159009.0 ], [ 3080886.0, 7159009.0 ], [ 3080890.0, 7159003.0 ], [ 3080889.0, 7158996.0 ], [ 3080863.0, 7158970.0 ], [ 3080836.0, 7158953.0 ], [ 3080825.0, 7158944.0 ], [ 3080838.0, 7158926.0 ], [ 3080848.0, 7158913.0 ], [ 3080836.0, 7158901.0 ], [ 3080844.0, 7158891.0 ], [ 3080856.0, 7158904.0 ], [ 3080872.0, 7158875.0 ], [ 3080902.0, 7158840.0 ], [ 3080936.0, 7158815.0 ], [ 3080949.0, 7158793.0 ], [ 3080981.0, 7158797.0 ], [ 3080996.0, 7158792.0 ], [ 3081027.0, 7158789.0 ], [ 3081051.0, 7158775.0 ], [ 3081074.0, 7158745.0 ], [ 3081073.0, 7158730.0 ], [ 3081074.0, 7158705.0 ], [ 3081079.0, 7158661.0 ], [ 3081089.0, 7158626.0 ], [ 3081099.0, 7158600.0 ], [ 3081103.0, 7158586.0 ], [ 3081109.0, 7158588.0 ], [ 3081141.0, 7158599.0 ], [ 3081159.0, 7158605.0 ], [ 3081177.0, 7158565.0 ], [ 3081190.0, 7158541.0 ], [ 3081270.0, 7158403.0 ], [ 3081325.0, 7158305.0 ], [ 3081337.0, 7158275.0 ], [ 3081355.0, 7158214.0 ], [ 3081382.0, 7158123.0 ], [ 3081384.0, 7158115.0 ], [ 3081430.0, 7158124.0 ], [ 3081492.0, 7158136.0 ], [ 3081541.0, 7158145.0 ], [ 3081546.0, 7158141.0 ], [ 3081580.0, 7158114.0 ], [ 3081582.0, 7158112.0 ], [ 3081620.0, 7158084.0 ], [ 3081624.0, 7158066.0 ], [ 3081626.0, 7158051.0 ], [ 3081640.0, 7158044.0 ], [ 3081671.0, 7158015.0 ], [ 3081684.0, 7158002.0 ], [ 3081710.0, 7157982.0 ], [ 3081766.0, 7157989.0 ], [ 3081768.0, 7157977.0 ], [ 3081780.0, 7157979.0 ], [ 3081785.0, 7157979.0 ], [ 3081814.0, 7157983.0 ], [ 3081850.0, 7157988.0 ], [ 3081899.0, 7157994.0 ], [ 3081916.0, 7157996.0 ], [ 3081971.0, 7157946.0 ], [ 3081999.0, 7157949.0 ], [ 3082021.0, 7157952.0 ], [ 3082053.0, 7157955.0 ], [ 3082118.0, 7157962.0 ], [ 3082128.0, 7157963.0 ], [ 3082138.0, 7157956.0 ], [ 3082142.0, 7157893.0 ], [ 3082173.0, 7157892.0 ], [ 3082200.0, 7157894.0 ], [ 3082206.0, 7157876.0 ], [ 3082212.0, 7157859.0 ], [ 3082219.0, 7157842.0 ], [ 3082227.0, 7157825.0 ], [ 3082233.0, 7157812.0 ], [ 3082256.0, 7157824.0 ], [ 3082273.0, 7157795.0 ], [ 3082298.0, 7157759.0 ], [ 3082334.0, 7157723.0 ], [ 3082369.0, 7157690.0 ], [ 3082395.0, 7157668.0 ], [ 3082420.0, 7157651.0 ], [ 3082441.0, 7157631.0 ], [ 3082454.0, 7157624.0 ], [ 3082543.0, 7157578.0 ], [ 3082554.0, 7157571.0 ], [ 3082559.0, 7157569.0 ], [ 3082565.0, 7157568.0 ], [ 3082581.0, 7157568.0 ], [ 3082600.0, 7157571.0 ], [ 3082714.0, 7157583.0 ], [ 3082747.0, 7157586.0 ], [ 3082771.0, 7157588.0 ], [ 3082807.0, 7157588.0 ], [ 3082859.0, 7157582.0 ], [ 3082897.0, 7157567.0 ], [ 3082934.0, 7157549.0 ], [ 3082984.0, 7157517.0 ], [ 3083031.0, 7157486.0 ], [ 3083068.0, 7157464.0 ], [ 3083098.0, 7157451.0 ], [ 3083132.0, 7157442.0 ], [ 3083165.0, 7157438.0 ], [ 3083198.0, 7157439.0 ], [ 3083219.0, 7157440.0 ], [ 3083238.0, 7157443.0 ], [ 3083269.0, 7157452.0 ], [ 3083294.0, 7157460.0 ], [ 3083321.0, 7157476.0 ], [ 3083335.0, 7157485.0 ], [ 3083380.0, 7157519.0 ], [ 3083401.0, 7157541.0 ], [ 3083414.0, 7157528.0 ], [ 3083440.0, 7157554.0 ], [ 3083456.0, 7157556.0 ], [ 3083462.0, 7157557.0 ], [ 3083468.0, 7157556.0 ], [ 3083473.0, 7157555.0 ], [ 3083478.0, 7157553.0 ], [ 3083483.0, 7157550.0 ], [ 3083487.0, 7157546.0 ], [ 3083489.0, 7157542.0 ], [ 3083503.0, 7157563.0 ], [ 3083510.0, 7157547.0 ], [ 3083804.0, 7157504.0 ], [ 3084101.0, 7157375.0 ], [ 3084106.0, 7157372.0 ], [ 3084138.0, 7157358.0 ], [ 3084174.0, 7157341.0 ], [ 3084205.0, 7157320.0 ], [ 3084266.0, 7157290.0 ], [ 3084355.0, 7157260.0 ], [ 3084385.0, 7157265.0 ], [ 3084414.0, 7157273.0 ], [ 3084442.0, 7157282.0 ], [ 3084462.0, 7157287.0 ], [ 3084494.0, 7157305.0 ], [ 3084509.0, 7157310.0 ], [ 3084527.0, 7157308.0 ], [ 3084553.0, 7157306.0 ], [ 3084585.0, 7157305.0 ], [ 3084610.0, 7157305.0 ], [ 3084614.0, 7157306.0 ], [ 3084631.0, 7157314.0 ], [ 3084657.0, 7157330.0 ], [ 3084684.0, 7157312.0 ], [ 3084712.0, 7157308.0 ], [ 3084751.0, 7157307.0 ], [ 3084797.0, 7157310.0 ], [ 3084825.0, 7157314.0 ], [ 3084850.0, 7157322.0 ], [ 3084891.0, 7157341.0 ], [ 3084918.0, 7157356.0 ], [ 3084990.0, 7157397.0 ], [ 3085047.0, 7157429.0 ], [ 3085080.0, 7157448.0 ], [ 3085112.0, 7157465.0 ], [ 3085145.0, 7157478.0 ], [ 3085174.0, 7157482.0 ], [ 3085199.0, 7157484.0 ], [ 3085224.0, 7157482.0 ], [ 3085246.0, 7157480.0 ], [ 3085266.0, 7157477.0 ], [ 3085295.0, 7157473.0 ], [ 3085321.0, 7157471.0 ], [ 3085331.0, 7157457.0 ] ] } },
{ "type": "Feature", "properties": { "closeness_centrality": 5.0177474562509899e-05, "source": 8080381805, "target": 12233205582, "ordering_closeness_centrality": 142, "length": 1976, "length_cumulative": 451662 }, "geometry": { "type": "LineString", "coordinates": [ [ 3057246.0, 7157278.0 ], [ 3057253.0, 7157292.0 ], [ 3057338.0, 7157279.0 ], [ 3057494.0, 7157252.0 ], [ 3057528.0, 7157247.0 ], [ 3057735.0, 7157212.0 ], [ 3058022.0, 7157162.0 ], [ 3058262.0, 7157119.0 ], [ 3058389.0, 7157098.0 ], [ 3058415.0, 7157092.0 ], [ 3058562.0, 7157056.0 ], [ 3058653.0, 7157035.0 ], [ 3058718.0, 7157021.0 ], [ 3058784.0, 7157008.0 ], [ 3058803.0, 7157004.0 ], [ 3058851.0, 7156996.0 ], [ 3058871.0, 7156993.0 ], [ 3058947.0, 7156981.0 ], [ 3059052.0, 7156966.0 ], [ 3059152.0, 7156956.0 ], [ 3059183.0, 7156954.0 ] ] } },
{ "type": "Feature", "properties": { "closeness_centrality": 4.8221450057230793e-05, "source": 4761597951, "target": 13459990718, "ordering_closeness_centrality": 143, "length": 13707, "length_cumulative": 465369 }, "geometry": { "type": "LineString", "coordinates": [ [ 3085394.0, 7157382.0 ], [ 3085397.0, 7157374.0 ], [ 3085400.0, 7157368.0 ], [ 3085404.0, 7157358.0 ], [ 3085432.0, 7157369.0 ], [ 3085441.0, 7157341.0 ], [ 3085353.0, 7157305.0 ], [ 3085241.0, 7157258.0 ], [ 3085188.0, 7157236.0 ], [ 3085002.0, 7157159.0 ], [ 3084860.0, 7157099.0 ], [ 3084830.0, 7157079.0 ], [ 3084808.0, 7157055.0 ], [ 3084782.0, 7157013.0 ], [ 3084772.0, 7156985.0 ], [ 3084733.0, 7156924.0 ], [ 3084681.0, 7156840.0 ], [ 3084645.0, 7156780.0 ], [ 3084556.0, 7156553.0 ], [ 3084505.0, 7156295.0 ], [ 3084491.0, 7156260.0 ], [ 3084431.0, 7156060.0 ], [ 3084425.0, 7156031.0 ], [ 3084392.0, 7155883.0 ], [ 3084379.0, 7155850.0 ], [ 3084237.0, 7155645.0 ], [ 3084212.0, 7155625.0 ], [ 3084202.0, 7155604.0 ], [ 3084197.0, 7155595.0 ], [ 3084192.0, 7155588.0 ], [ 3084180.0, 7155574.0 ], [ 3084168.0, 7155559.0 ], [ 3084152.0, 7155526.0 ], [ 3084143.0, 7155515.0 ], [ 3084127.0, 7155495.0 ], [ 3084101.0, 7155463.0 ], [ 3084069.0, 7155436.0 ], [ 3084019.0, 7155392.0 ], [ 3083962.0, 7155353.0 ], [ 3083908.0, 7155314.0 ], [ 3083874.0, 7155295.0 ], [ 3083797.0, 7155251.0 ], [ 3083738.0, 7155213.0 ], [ 3083683.0, 7155169.0 ], [ 3083646.0, 7155131.0 ], [ 3083631.0, 7155106.0 ], [ 3083621.0, 7155079.0 ], [ 3083636.0, 7155051.0 ], [ 3083612.0, 7155047.0 ], [ 3083561.0, 7155033.0 ], [ 3083541.0, 7155025.0 ], [ 3083521.0, 7155010.0 ], [ 3083430.0, 7154908.0 ], [ 3083308.0, 7154768.0 ], [ 3083242.0, 7154696.0 ], [ 3083071.0, 7154519.0 ], [ 3082962.0, 7154510.0 ], [ 3082792.0, 7154496.0 ], [ 3082806.0, 7154467.0 ], [ 3082807.0, 7154437.0 ], [ 3082801.0, 7154407.0 ], [ 3082788.0, 7154348.0 ], [ 3082783.0, 7154298.0 ], [ 3082805.0, 7154259.0 ], [ 3082810.0, 7154205.0 ], [ 3082803.0, 7154180.0 ], [ 3082798.0, 7154168.0 ], [ 3082780.0, 7154141.0 ], [ 3082743.0, 7154104.0 ], [ 3082731.0, 7154082.0 ], [ 3082726.0, 7154055.0 ], [ 3082714.0, 7154029.0 ], [ 3082694.0, 7153990.0 ], [ 3082652.0, 7153899.0 ], [ 3082633.0, 7153860.0 ], [ 3082606.0, 7153761.0 ], [ 3082603.0, 7153750.0 ], [ 3082600.0, 7153739.0 ], [ 3082591.0, 7153693.0 ], [ 3082590.0, 7153690.0 ], [ 3082567.0, 7153647.0 ], [ 3082530.0, 7153580.0 ], [ 3082480.0, 7153467.0 ], [ 3082428.0, 7153339.0 ], [ 3082423.0, 7153327.0 ], [ 3082387.0, 7153238.0 ], [ 3082342.0, 7153165.0 ], [ 3082293.0, 7153075.0 ], [ 3082242.0, 7152954.0 ], [ 3082227.0, 7152903.0 ], [ 3082225.0, 7152891.0 ], [ 3082220.0, 7152871.0 ], [ 3082211.0, 7152870.0 ], [ 3082205.0, 7152850.0 ], [ 3082202.0, 7152820.0 ], [ 3082216.0, 7152664.0 ], [ 3082218.0, 7152640.0 ], [ 3082234.0, 7152616.0 ], [ 3082241.0, 7152601.0 ], [ 3082242.0, 7152582.0 ], [ 3082262.0, 7152564.0 ], [ 3082271.0, 7152456.0 ], [ 3082274.0, 7152423.0 ], [ 3082289.0, 7152313.0 ], [ 3082293.0, 7152276.0 ], [ 3082293.0, 7152239.0 ], [ 3082297.0, 7152196.0 ], [ 3082348.0, 7151921.0 ], [ 3082377.0, 7151836.0 ], [ 3082404.0, 7151767.0 ], [ 3082415.0, 7151714.0 ], [ 3082426.0, 7151692.0 ], [ 3082430.0, 7151664.0 ], [ 3082456.0, 7151583.0 ], [ 3082471.0, 7151529.0 ], [ 3082496.0, 7151417.0 ], [ 3082538.0, 7151312.0 ], [ 3082560.0, 7151261.0 ], [ 3082562.0, 7151217.0 ], [ 3082584.0, 7151176.0 ], [ 3082607.0, 7151126.0 ], [ 3082612.0, 7151086.0 ], [ 3082628.0, 7151051.0 ], [ 3082630.0, 7151015.0 ], [ 3082668.0, 7150935.0 ], [ 3082671.0, 7150895.0 ], [ 3082692.0, 7150860.0 ], [ 3082706.0, 7150821.0 ], [ 3082714.0, 7150775.0 ], [ 3082728.0, 7150736.0 ], [ 3082754.0, 7150652.0 ], [ 3082791.0, 7150538.0 ], [ 3082798.0, 7150503.0 ], [ 3082813.0, 7150459.0 ], [ 3082827.0, 7150414.0 ], [ 3082844.0, 7150354.0 ], [ 3082864.0, 7150322.0 ], [ 3082894.0, 7150292.0 ], [ 3082894.0, 7150258.0 ], [ 3082880.0, 7150231.0 ], [ 3082874.0, 7150204.0 ], [ 3082868.0, 7150154.0 ], [ 3082855.0, 7150105.0 ], [ 3082821.0, 7150062.0 ], [ 3082809.0, 7150040.0 ], [ 3082790.0, 7150025.0 ], [ 3082786.0, 7150014.0 ], [ 3082792.0, 7149993.0 ], [ 3082795.0, 7149957.0 ], [ 3082804.0, 7149880.0 ], [ 3082803.0, 7149845.0 ], [ 3082805.0, 7149812.0 ], [ 3082828.0, 7149752.0 ], [ 3082870.0, 7149670.0 ], [ 3082883.0, 7149641.0 ], [ 3082895.0, 7149620.0 ], [ 3082894.0, 7149602.0 ], [ 3082903.0, 7149548.0 ], [ 3082915.0, 7149500.0 ], [ 3082924.0, 7149475.0 ], [ 3082935.0, 7149455.0 ], [ 3082943.0, 7149445.0 ], [ 3082949.0, 7149418.0 ], [ 3082960.0, 7149356.0 ], [ 3082958.0, 7149340.0 ], [ 3082973.0, 7149312.0 ], [ 3082982.0, 7149283.0 ], [ 3082974.0, 7149283.0 ], [ 3082970.0, 7149282.0 ], [ 3082962.0, 7149276.0 ], [ 3082961.0, 7149276.0 ], [ 3082960.0, 7149276.0 ], [ 3082957.0, 7149276.0 ], [ 3082958.0, 7149267.0 ], [ 3082949.0, 7149268.0 ], [ 3082949.0, 7149277.0 ], [ 3082942.0, 7149277.0 ], [ 3082853.0, 7149262.0 ], [ 3082830.0, 7149261.0 ], [ 3082831.0, 7149255.0 ], [ 3082850.0, 7149257.0 ], [ 3082850.0, 7149254.0 ], [ 3082842.0, 7149248.0 ], [ 3082825.0, 7149247.0 ], [ 3082836.0, 7149216.0 ], [ 3082867.0, 7149088.0 ], [ 3082794.0, 7149021.0 ], [ 3082671.0, 7148948.0 ], [ 3082658.0, 7148940.0 ], [ 3082620.0, 7148909.0 ], [ 3082563.0, 7148861.0 ], [ 3082553.0, 7148853.0 ], [ 3082540.0, 7148842.0 ], [ 3082509.0, 7148821.0 ], [ 3082480.0, 7148793.0 ], [ 3082458.0, 7148776.0 ], [ 3082435.0, 7148757.0 ], [ 3082427.0, 7148750.0 ], [ 3082421.0, 7148745.0 ], [ 3082413.0, 7148739.0 ], [ 3082179.0, 7148546.0 ], [ 3082135.0, 7148507.0 ], [ 3082013.0, 7148405.0 ], [ 3081980.0, 7148378.0 ], [ 3081987.0, 7148210.0 ], [ 3081989.0, 7148149.0 ], [ 3081986.0, 7148135.0 ], [ 3081953.0, 7148135.0 ], [ 3081953.0, 7148117.0 ], [ 3081952.0, 7148034.0 ], [ 3081953.0, 7147951.0 ], [ 3081953.0, 7147894.0 ], [ 3081945.0, 7147823.0 ], [ 3081940.0, 7147802.0 ], [ 3081951.0, 7147790.0 ], [ 3081939.0, 7147778.0 ], [ 3081930.0, 7147764.0 ], [ 3081935.0, 7147737.0 ], [ 3081921.0, 7147695.0 ], [ 3081863.0, 7147594.0 ], [ 3081845.0, 7147577.0 ], [ 3081849.0, 7147572.0 ], [ 3081882.0, 7147540.0 ], [ 3081855.0, 7147513.0 ], [ 3081868.0, 7147499.0 ], [ 3081867.0, 7147457.0 ], [ 3081866.0, 7147403.0 ], [ 3081879.0, 7147359.0 ], [ 3081826.0, 7147287.0 ], [ 3081810.0, 7147252.0 ], [ 3081778.0, 7147179.0 ], [ 3081712.0, 7147072.0 ], [ 3081727.0, 7147039.0 ], [ 3081775.0, 7146901.0 ], [ 3081759.0, 7146895.0 ], [ 3081764.0, 7146882.0 ], [ 3081767.0, 7146870.0 ], [ 3081773.0, 7146845.0 ], [ 3081780.0, 7146807.0 ], [ 3081786.0, 7146779.0 ], [ 3081791.0, 7146754.0 ], [ 3081805.0, 7146679.0 ], [ 3081810.0, 7146655.0 ], [ 3081814.0, 7146622.0 ], [ 3081810.0, 7146580.0 ], [ 3081791.0, 7146482.0 ], [ 3081783.0, 7146454.0 ], [ 3081748.0, 7146401.0 ], [ 3081738.0, 7146377.0 ], [ 3081746.0, 7146348.0 ], [ 3081755.0, 7146335.0 ], [ 3081732.0, 7146314.0 ], [ 3081711.0, 7146294.0 ], [ 3081699.0, 7146286.0 ], [ 3081683.0, 7146280.0 ] ] } },
{ "type": "Feature", "properties": { "closeness_centrality": 4.7265582464473391e-05, "source": 4761597951, "target": 8080381805, "ordering_closeness_centrality": 144, "length": 4601, "length_cumulative": 469971 }, "geometry": { "type": "LineString", "coordinates": [ [ 3085321.0, 7157471.0 ], [ 3085312.0, 7157505.0 ], [ 3085295.0, 7157534.0 ], [ 3085296.0, 7157547.0 ], [ 3085303.0, 7157563.0 ], [ 3085304.0, 7157583.0 ], [ 3085302.0, 7157603.0 ], [ 3085284.0, 7157650.0 ], [ 3085267.0, 7157695.0 ], [ 3085252.0, 7157731.0 ], [ 3085246.0, 7157772.0 ], [ 3085222.0, 7157826.0 ], [ 3085214.0, 7157844.0 ], [ 3085207.0, 7157863.0 ], [ 3085195.0, 7157879.0 ], [ 3085187.0, 7157890.0 ], [ 3085168.0, 7157923.0 ], [ 3085155.0, 7157948.0 ], [ 3085153.0, 7157962.0 ], [ 3085138.0, 7157990.0 ], [ 3085133.0, 7158002.0 ], [ 3085132.0, 7158006.0 ], [ 3085102.0, 7158049.0 ], [ 3085061.0, 7158103.0 ], [ 3085028.0, 7158137.0 ], [ 3084991.0, 7158174.0 ], [ 3084929.0, 7158208.0 ], [ 3084831.0, 7158223.0 ], [ 3084788.0, 7158227.0 ], [ 3084747.0, 7158227.0 ], [ 3084711.0, 7158229.0 ], [ 3084651.0, 7158241.0 ], [ 3084639.0, 7158233.0 ], [ 3084617.0, 7158230.0 ], [ 3084525.0, 7158230.0 ], [ 3084512.0, 7158245.0 ], [ 3084502.0, 7158257.0 ], [ 3084492.0, 7158259.0 ], [ 3084472.0, 7158255.0 ], [ 3084452.0, 7158258.0 ], [ 3084433.0, 7158260.0 ], [ 3084411.0, 7158262.0 ], [ 3084392.0, 7158262.0 ], [ 3084359.0, 7158273.0 ], [ 3084321.0, 7158281.0 ], [ 3084269.0, 7158307.0 ], [ 3084201.0, 7158321.0 ], [ 3084137.0, 7158361.0 ], [ 3084121.0, 7158367.0 ], [ 3084098.0, 7158382.0 ], [ 3084042.0, 7158435.0 ], [ 3083973.0, 7158502.0 ], [ 3083937.0, 7158553.0 ], [ 3083916.0, 7158592.0 ], [ 3083904.0, 7158626.0 ], [ 3083896.0, 7158656.0 ], [ 3083882.0, 7158674.0 ], [ 3083875.0, 7158685.0 ], [ 3083861.0, 7158693.0 ], [ 3083845.0, 7158718.0 ], [ 3083834.0, 7158740.0 ], [ 3083827.0, 7158765.0 ], [ 3083821.0, 7158774.0 ], [ 3083810.0, 7158783.0 ], [ 3083770.0, 7158812.0 ], [ 3083755.0, 7158826.0 ], [ 3083749.0, 7158837.0 ], [ 3083746.0, 7158846.0 ], [ 3083739.0, 7158852.0 ], [ 3083718.0, 7158860.0 ], [ 3083717.0, 7158865.0 ], [ 3083702.0, 7158859.0 ], [ 3083677.0, 7158852.0 ], [ 3083667.0, 7158887.0 ], [ 3083655.0, 7158918.0 ], [ 3083599.0, 7159051.0 ], [ 3083575.0, 7159108.0 ], [ 3083554.0, 7159150.0 ], [ 3083542.0, 7159145.0 ], [ 3083537.0, 7159143.0 ], [ 3083526.0, 7159157.0 ], [ 3083522.0, 7159155.0 ], [ 3083513.0, 7159172.0 ], [ 3083503.0, 7159193.0 ], [ 3083448.0, 7159168.0 ], [ 3083440.0, 7159185.0 ], [ 3083432.0, 7159202.0 ], [ 3083419.0, 7159208.0 ], [ 3083390.0, 7159193.0 ], [ 3083332.0, 7159163.0 ], [ 3083326.0, 7159160.0 ], [ 3083280.0, 7159249.0 ], [ 3083251.0, 7159234.0 ], [ 3083225.0, 7159222.0 ], [ 3083210.0, 7159224.0 ], [ 3083181.0, 7159208.0 ], [ 3083179.0, 7159232.0 ], [ 3083156.0, 7159242.0 ], [ 3083144.0, 7159247.0 ], [ 3083096.0, 7159359.0 ], [ 3083078.0, 7159364.0 ], [ 3083015.0, 7159380.0 ], [ 3082920.0, 7159408.0 ], [ 3082902.0, 7159416.0 ], [ 3082872.0, 7159425.0 ], [ 3082849.0, 7159431.0 ], [ 3082809.0, 7159445.0 ], [ 3082757.0, 7159471.0 ], [ 3082751.0, 7159481.0 ], [ 3082747.0, 7159489.0 ], [ 3082738.0, 7159485.0 ], [ 3082680.0, 7159453.0 ], [ 3082625.0, 7159554.0 ], [ 3082525.0, 7159590.0 ], [ 3082492.0, 7159576.0 ], [ 3082479.0, 7159595.0 ], [ 3082465.0, 7159615.0 ], [ 3082453.0, 7159634.0 ], [ 3082447.0, 7159645.0 ], [ 3082426.0, 7159684.0 ], [ 3082405.0, 7159723.0 ], [ 3082395.0, 7159743.0 ], [ 3082385.0, 7159760.0 ], [ 3082373.0, 7159784.0 ], [ 3082362.0, 7159804.0 ], [ 3082356.0, 7159815.0 ], [ 3082293.0, 7159783.0 ], [ 3082288.0, 7159794.0 ], [ 3082257.0, 7159778.0 ], [ 3082251.0, 7159789.0 ], [ 3082211.0, 7159768.0 ] ] } }
]
}
