{
"type": "FeatureCollection",
"name": "tallinn-random-rail",
"crs": { "type": "name", "properties": { "name": "urn:ogc:def:crs:EPSG::3857" } },
"features": [
{ "type": "Feature", "properties": { "source": 3003419180, "target": 3003419166, "ordering_random": 0, "length": 2506, "length_cumulative": 2506 }, "geometry": { "type": "LineString", "coordinates": [ [ 2744795.0, 8262350.0 ], [ 2744790.0, 8262356.0 ], [ 2744785.0, 8262362.0 ], [ 2744780.0, 8262368.0 ], [ 2744773.0, 8262383.0 ], [ 2744756.0, 8262398.0 ], [ 2744745.0, 8262385.0 ], [ 2744328.0, 8261981.0 ], [ 2744282.0, 8261936.0 ], [ 2744250.0, 8261888.0 ], [ 2744115.0, 8261775.0 ], [ 2744000.0, 8261669.0 ], [ 2743999.0, 8261655.0 ], [ 2743981.0, 8261630.0 ], [ 2743883.0, 8261521.0 ], [ 2743838.0, 8261473.0 ], [ 2743778.0, 8261411.0 ], [ 2743742.0, 8261374.0 ], [ 2743702.0, 8261338.0 ], [ 2743652.0, 8261292.0 ], [ 2743614.0, 8261254.0 ], [ 2743537.0, 8261181.0 ], [ 2743479.0, 8261127.0 ], [ 2743452.0, 8261097.0 ], [ 2743423.0, 8261071.0 ], [ 2743381.0, 8261028.0 ], [ 2743349.0, 8260990.0 ], [ 2743329.0, 8260980.0 ], [ 2743306.0, 8260976.0 ], [ 2743297.0, 8260986.0 ], [ 2743289.0, 8260976.0 ], [ 2743273.0, 8260960.0 ], [ 2743230.0, 8260926.0 ], [ 2743170.0, 8260870.0 ], [ 2743127.0, 8260824.0 ], [ 2743126.0, 8260822.0 ], [ 2743105.0, 8260798.0 ], [ 2743103.0, 8260796.0 ], [ 2743045.0, 8260745.0 ], [ 2743042.0, 8260742.0 ], [ 2743053.0, 8260732.0 ], [ 2743058.0, 8260727.0 ], [ 2743067.0, 8260718.0 ] ] } },
{ "type": "Feature", "properties": { "source": 3934392099, "target": 81311985, "ordering_random": 1, "length": 2597, "length_cumulative": 5103 }, "geometry": { "type": "LineString", "coordinates": [ [ 2752264.0, 8267489.0 ], [ 2752295.0, 8267531.0 ], [ 2752322.0, 8267583.0 ], [ 2752346.0, 8267627.0 ], [ 2752353.0, 8267639.0 ], [ 2752368.0, 8267676.0 ], [ 2752374.0, 8267693.0 ], [ 2752383.0, 8267715.0 ], [ 2752404.0, 8267771.0 ], [ 2752414.0, 8267789.0 ], [ 2752416.0, 8267794.0 ], [ 2752436.0, 8267816.0 ], [ 2752451.0, 8267833.0 ], [ 2752455.0, 8267847.0 ], [ 2752455.0, 8267854.0 ], [ 2752445.0, 8267933.0 ], [ 2752444.0, 8267940.0 ], [ 2752453.0, 8267945.0 ], [ 2752456.0, 8267953.0 ], [ 2752454.0, 8267961.0 ], [ 2752446.0, 8267969.0 ], [ 2752448.0, 8267977.0 ], [ 2752445.0, 8267990.0 ], [ 2752445.0, 8268002.0 ], [ 2752462.0, 8268006.0 ], [ 2752482.0, 8268015.0 ], [ 2752497.0, 8268028.0 ], [ 2752507.0, 8268042.0 ], [ 2752515.0, 8268061.0 ], [ 2752526.0, 8268088.0 ], [ 2752570.0, 8268183.0 ], [ 2752615.0, 8268287.0 ], [ 2752622.0, 8268307.0 ], [ 2752626.0, 8268319.0 ], [ 2752656.0, 8268397.0 ], [ 2752679.0, 8268436.0 ], [ 2752696.0, 8268471.0 ], [ 2752722.0, 8268525.0 ], [ 2752744.0, 8268570.0 ], [ 2752756.0, 8268599.0 ], [ 2752756.0, 8268611.0 ], [ 2752763.0, 8268631.0 ], [ 2752771.0, 8268650.0 ], [ 2752792.0, 8268699.0 ], [ 2752807.0, 8268709.0 ], [ 2752839.0, 8268780.0 ], [ 2752867.0, 8268842.0 ], [ 2752913.0, 8268952.0 ], [ 2752975.0, 8269094.0 ], [ 2752984.0, 8269109.0 ], [ 2753028.0, 8269100.0 ], [ 2753047.0, 8269117.0 ], [ 2753073.0, 8269204.0 ], [ 2753088.0, 8269254.0 ], [ 2753104.0, 8269286.0 ], [ 2753127.0, 8269340.0 ], [ 2753152.0, 8269392.0 ], [ 2753174.0, 8269433.0 ], [ 2753191.0, 8269491.0 ], [ 2753202.0, 8269530.0 ], [ 2753201.0, 8269566.0 ], [ 2753209.0, 8269598.0 ], [ 2753213.0, 8269614.0 ], [ 2753223.0, 8269639.0 ], [ 2753225.0, 8269664.0 ], [ 2753223.0, 8269691.0 ], [ 2753228.0, 8269709.0 ], [ 2753235.0, 8269703.0 ], [ 2753243.0, 8269700.0 ], [ 2753258.0, 8269695.0 ], [ 2753287.0, 8269685.0 ], [ 2753285.0, 8269678.0 ], [ 2753289.0, 8269677.0 ] ] } },
{ "type": "Feature", "properties": { "source": 2484155567, "target": 797348612, "ordering_random": 2, "length": 2076, "length_cumulative": 7179 }, "geometry": { "type": "LineString", "coordinates": [ [ 2746321.0, 8263665.0 ], [ 2746293.0, 8263706.0 ], [ 2746292.0, 8263709.0 ], [ 2746320.0, 8263720.0 ], [ 2746322.0, 8263720.0 ], [ 2746398.0, 8263723.0 ], [ 2746417.0, 8263717.0 ], [ 2746441.0, 8263728.0 ], [ 2746445.0, 8263723.0 ], [ 2746450.0, 8263713.0 ], [ 2746452.0, 8263708.0 ], [ 2746455.0, 8263707.0 ], [ 2746458.0, 8263705.0 ], [ 2746467.0, 8263686.0 ], [ 2746470.0, 8263673.0 ], [ 2746503.0, 8263688.0 ], [ 2746516.0, 8263694.0 ], [ 2746559.0, 8263713.0 ], [ 2746659.0, 8263762.0 ], [ 2746802.0, 8263831.0 ], [ 2746952.0, 8263905.0 ], [ 2746962.0, 8263910.0 ], [ 2747015.0, 8263927.0 ], [ 2747140.0, 8263972.0 ], [ 2747182.0, 8263988.0 ], [ 2747304.0, 8264026.0 ], [ 2747540.0, 8264098.0 ], [ 2747798.0, 8264180.0 ], [ 2747788.0, 8264211.0 ], [ 2747785.0, 8264219.0 ], [ 2747783.0, 8264227.0 ], [ 2747781.0, 8264234.0 ], [ 2748091.0, 8264327.0 ] ] } },
{ "type": "Feature", "properties": { "source": 6152286656, "target": 2167048933, "ordering_random": 3, "length": 18215, "length_cumulative": 25395 }, "geometry": { "type": "LineString", "coordinates": [ [ 2762939.0, 8272371.0 ], [ 2763111.0, 8272346.0 ], [ 2763109.0, 8272337.0 ], [ 2763104.0, 8272311.0 ], [ 2763088.0, 8272253.0 ], [ 2763086.0, 8272246.0 ], [ 2763084.0, 8272236.0 ], [ 2763021.0, 8272255.0 ], [ 2762980.0, 8272266.0 ], [ 2762980.0, 8272264.0 ], [ 2762977.0, 8272254.0 ], [ 2762949.0, 8272262.0 ], [ 2762635.0, 8272333.0 ], [ 2762630.0, 8272315.0 ], [ 2762561.0, 8272332.0 ], [ 2762422.0, 8272352.0 ], [ 2762313.0, 8272359.0 ], [ 2762092.0, 8272366.0 ], [ 2762047.0, 8272367.0 ], [ 2761989.0, 8272369.0 ], [ 2761954.0, 8272370.0 ], [ 2761926.0, 8272372.0 ], [ 2761895.0, 8272373.0 ], [ 2761811.0, 8272377.0 ], [ 2761390.0, 8272381.0 ], [ 2761355.0, 8272381.0 ], [ 2761342.0, 8272381.0 ], [ 2761233.0, 8272382.0 ], [ 2761062.0, 8272384.0 ], [ 2760963.0, 8272385.0 ], [ 2760936.0, 8272385.0 ], [ 2760925.0, 8272385.0 ], [ 2760666.0, 8272386.0 ], [ 2760626.0, 8272386.0 ], [ 2760567.0, 8272386.0 ], [ 2760491.0, 8272386.0 ], [ 2760454.0, 8272386.0 ], [ 2760344.0, 8272387.0 ], [ 2760270.0, 8272387.0 ], [ 2760254.0, 8272387.0 ], [ 2760239.0, 8272387.0 ], [ 2760228.0, 8272387.0 ], [ 2760193.0, 8272387.0 ], [ 2760072.0, 8272387.0 ], [ 2760058.0, 8272387.0 ], [ 2759962.0, 8272386.0 ], [ 2759817.0, 8272386.0 ], [ 2759804.0, 8272386.0 ], [ 2759785.0, 8272386.0 ], [ 2759732.0, 8272386.0 ], [ 2759657.0, 8272387.0 ], [ 2759644.0, 8272387.0 ], [ 2759621.0, 8272387.0 ], [ 2759599.0, 8272385.0 ], [ 2759575.0, 8272378.0 ], [ 2759560.0, 8272370.0 ], [ 2759546.0, 8272362.0 ], [ 2759518.0, 8272341.0 ], [ 2759507.0, 8272330.0 ], [ 2759469.0, 8272289.0 ], [ 2759441.0, 8272263.0 ], [ 2759425.0, 8272250.0 ], [ 2759410.0, 8272236.0 ], [ 2759406.0, 8272233.0 ], [ 2759393.0, 8272224.0 ], [ 2759384.0, 8272219.0 ], [ 2759371.0, 8272214.0 ], [ 2759361.0, 8272210.0 ], [ 2759345.0, 8272209.0 ], [ 2759315.0, 8272212.0 ], [ 2759258.0, 8272216.0 ], [ 2759193.0, 8272227.0 ], [ 2759138.0, 8272245.0 ], [ 2759051.0, 8272291.0 ], [ 2758953.0, 8272345.0 ], [ 2758908.0, 8272365.0 ], [ 2758861.0, 8272378.0 ], [ 2758810.0, 8272388.0 ], [ 2758762.0, 8272390.0 ], [ 2758708.0, 8272387.0 ], [ 2758662.0, 8272383.0 ], [ 2758664.0, 8272364.0 ], [ 2758662.0, 8272356.0 ], [ 2758651.0, 8272342.0 ], [ 2758616.0, 8272334.0 ], [ 2758420.0, 8272278.0 ], [ 2758353.0, 8272259.0 ], [ 2758300.0, 8272239.0 ], [ 2758246.0, 8272216.0 ], [ 2758010.0, 8272092.0 ], [ 2757847.0, 8272010.0 ], [ 2757838.0, 8272004.0 ], [ 2757825.0, 8271996.0 ], [ 2757818.0, 8271980.0 ], [ 2757650.0, 8271893.0 ], [ 2757628.0, 8271883.0 ], [ 2757611.0, 8271875.0 ], [ 2757594.0, 8271870.0 ], [ 2757573.0, 8271870.0 ], [ 2757560.0, 8271869.0 ], [ 2757551.0, 8271869.0 ], [ 2757536.0, 8271867.0 ], [ 2757468.0, 8271834.0 ], [ 2757462.0, 8271831.0 ], [ 2757453.0, 8271824.0 ], [ 2757445.0, 8271813.0 ], [ 2757439.0, 8271809.0 ], [ 2757379.0, 8271770.0 ], [ 2757358.0, 8271753.0 ], [ 2757338.0, 8271737.0 ], [ 2757286.0, 8271684.0 ], [ 2757243.0, 8271633.0 ], [ 2757205.0, 8271583.0 ], [ 2757123.0, 8271460.0 ], [ 2757066.0, 8271379.0 ], [ 2757025.0, 8271325.0 ], [ 2756980.0, 8271278.0 ], [ 2756819.0, 8271113.0 ], [ 2756706.0, 8270979.0 ], [ 2756659.0, 8270924.0 ], [ 2756619.0, 8270874.0 ], [ 2756564.0, 8270804.0 ], [ 2756559.0, 8270796.0 ], [ 2756507.0, 8270731.0 ], [ 2756456.0, 8270661.0 ], [ 2756357.0, 8270507.0 ], [ 2756338.0, 8270475.0 ], [ 2756334.0, 8270469.0 ], [ 2756332.0, 8270465.0 ], [ 2756332.0, 8270464.0 ], [ 2756311.0, 8270428.0 ], [ 2756246.0, 8270314.0 ], [ 2756158.0, 8270166.0 ], [ 2756135.0, 8270127.0 ], [ 2756112.0, 8270091.0 ], [ 2756053.0, 8270011.0 ], [ 2756004.0, 8269942.0 ], [ 2755940.0, 8269866.0 ], [ 2755863.0, 8269781.0 ], [ 2755771.0, 8269676.0 ], [ 2755743.0, 8269648.0 ], [ 2755725.0, 8269633.0 ], [ 2755565.0, 8269528.0 ], [ 2755551.0, 8269511.0 ], [ 2755543.0, 8269497.0 ], [ 2755527.0, 8269467.0 ], [ 2755522.0, 8269460.0 ], [ 2755510.0, 8269449.0 ], [ 2755111.0, 8269182.0 ], [ 2754689.0, 8268899.0 ], [ 2754271.0, 8268619.0 ], [ 2753910.0, 8268373.0 ], [ 2753912.0, 8268370.0 ], [ 2753913.0, 8268364.0 ], [ 2753912.0, 8268356.0 ], [ 2753910.0, 8268347.0 ], [ 2753896.0, 8268319.0 ], [ 2753798.0, 8268092.0 ], [ 2753782.0, 8268058.0 ], [ 2753773.0, 8268042.0 ], [ 2753762.0, 8268029.0 ], [ 2753614.0, 8267919.0 ], [ 2753590.0, 8267900.0 ], [ 2753577.0, 8267888.0 ], [ 2753567.0, 8267872.0 ], [ 2753561.0, 8267857.0 ], [ 2753543.0, 8267801.0 ], [ 2753503.0, 8267694.0 ], [ 2753460.0, 8267593.0 ], [ 2753448.0, 8267556.0 ], [ 2753430.0, 8267499.0 ], [ 2753351.0, 8267313.0 ], [ 2753228.0, 8267043.0 ], [ 2753171.0, 8266910.0 ], [ 2753094.0, 8266711.0 ], [ 2753036.0, 8266570.0 ], [ 2753023.0, 8266553.0 ], [ 2753006.0, 8266542.0 ], [ 2752993.0, 8266543.0 ], [ 2752902.0, 8266541.0 ], [ 2752891.0, 8266538.0 ], [ 2752880.0, 8266530.0 ], [ 2752862.0, 8266513.0 ], [ 2752852.0, 8266508.0 ], [ 2752855.0, 8266461.0 ], [ 2752850.0, 8266443.0 ], [ 2752827.0, 8266365.0 ], [ 2752805.0, 8266314.0 ], [ 2752772.0, 8266282.0 ], [ 2752756.0, 8266252.0 ], [ 2752758.0, 8266241.0 ], [ 2752760.0, 8266167.0 ], [ 2752744.0, 8266121.0 ], [ 2752713.0, 8266034.0 ], [ 2752679.0, 8266000.0 ], [ 2752662.0, 8265952.0 ], [ 2752647.0, 8265910.0 ], [ 2752625.0, 8265861.0 ], [ 2752603.0, 8265826.0 ], [ 2752604.0, 8265804.0 ], [ 2752583.0, 8265749.0 ], [ 2752576.0, 8265731.0 ], [ 2752570.0, 8265708.0 ], [ 2752560.0, 8265682.0 ], [ 2752548.0, 8265627.0 ], [ 2752533.0, 8265578.0 ], [ 2752499.0, 8265488.0 ], [ 2752482.0, 8265469.0 ], [ 2752455.0, 8265383.0 ], [ 2752405.0, 8265285.0 ], [ 2752380.0, 8265223.0 ], [ 2752363.0, 8265164.0 ], [ 2752330.0, 8265097.0 ], [ 2752293.0, 8264997.0 ], [ 2752266.0, 8264948.0 ], [ 2752249.0, 8264887.0 ], [ 2752237.0, 8264873.0 ], [ 2752211.0, 8264852.0 ], [ 2752187.0, 8264844.0 ], [ 2752167.0, 8264842.0 ], [ 2752162.0, 8264814.0 ], [ 2752165.0, 8264805.0 ], [ 2752158.0, 8264799.0 ], [ 2752143.0, 8264792.0 ], [ 2752072.0, 8264773.0 ], [ 2752081.0, 8264715.0 ], [ 2752088.0, 8264682.0 ], [ 2752079.0, 8264679.0 ], [ 2752067.0, 8264672.0 ], [ 2752072.0, 8264651.0 ], [ 2752077.0, 8264618.0 ], [ 2752080.0, 8264592.0 ], [ 2752079.0, 8264568.0 ], [ 2752078.0, 8264547.0 ], [ 2752069.0, 8264506.0 ], [ 2752063.0, 8264480.0 ], [ 2752057.0, 8264452.0 ], [ 2752051.0, 8264433.0 ], [ 2752037.0, 8264396.0 ], [ 2752023.0, 8264361.0 ], [ 2752008.0, 8264320.0 ], [ 2751998.0, 8264308.0 ], [ 2751985.0, 8264290.0 ], [ 2751974.0, 8264262.0 ], [ 2751956.0, 8264216.0 ], [ 2751940.0, 8264172.0 ], [ 2751925.0, 8264115.0 ], [ 2751917.0, 8264078.0 ], [ 2751910.0, 8264029.0 ], [ 2751902.0, 8263952.0 ], [ 2751895.0, 8263837.0 ], [ 2751893.0, 8263782.0 ], [ 2751887.0, 8263700.0 ], [ 2751882.0, 8263640.0 ], [ 2751868.0, 8263478.0 ], [ 2751856.0, 8263348.0 ], [ 2751851.0, 8263270.0 ], [ 2751836.0, 8263087.0 ], [ 2751822.0, 8262886.0 ], [ 2751819.0, 8262833.0 ], [ 2751806.0, 8262805.0 ], [ 2751818.0, 8262759.0 ], [ 2751823.0, 8262701.0 ], [ 2751818.0, 8262665.0 ], [ 2751812.0, 8262619.0 ], [ 2751812.0, 8262576.0 ], [ 2751811.0, 8262464.0 ], [ 2751813.0, 8262371.0 ], [ 2751799.0, 8262347.0 ], [ 2751797.0, 8262304.0 ], [ 2751802.0, 8262280.0 ], [ 2751807.0, 8262215.0 ], [ 2751808.0, 8262204.0 ], [ 2751814.0, 8262122.0 ], [ 2751837.0, 8262124.0 ], [ 2751847.0, 8262125.0 ] ] } },
{ "type": "Feature", "properties": { "source": 81311985, "target": 4177779336, "ordering_random": 4, "length": 10716, "length_cumulative": 36111 }, "geometry": { "type": "LineString", "coordinates": [ [ 2745187.0, 8272973.0 ], [ 2745174.0, 8272984.0 ], [ 2745168.0, 8273024.0 ], [ 2745166.0, 8273040.0 ], [ 2745182.0, 8273044.0 ], [ 2745190.0, 8273047.0 ], [ 2745196.0, 8273053.0 ], [ 2745200.0, 8273061.0 ], [ 2745205.0, 8273074.0 ], [ 2745211.0, 8273084.0 ], [ 2745230.0, 8273099.0 ], [ 2745243.0, 8273112.0 ], [ 2745275.0, 8273132.0 ], [ 2745283.0, 8273135.0 ], [ 2745398.0, 8273196.0 ], [ 2745635.0, 8273258.0 ], [ 2745816.0, 8273302.0 ], [ 2746110.0, 8273371.0 ], [ 2746174.0, 8273381.0 ], [ 2746309.0, 8273395.0 ], [ 2746369.0, 8273360.0 ], [ 2746403.0, 8273329.0 ], [ 2746426.0, 8273314.0 ], [ 2746483.0, 8273277.0 ], [ 2746549.0, 8273230.0 ], [ 2746641.0, 8273169.0 ], [ 2746735.0, 8273108.0 ], [ 2746752.0, 8273096.0 ], [ 2746768.0, 8273086.0 ], [ 2746861.0, 8273024.0 ], [ 2746982.0, 8272944.0 ], [ 2747077.0, 8272884.0 ], [ 2747116.0, 8272859.0 ], [ 2747202.0, 8272802.0 ], [ 2747234.0, 8272781.0 ], [ 2747342.0, 8272708.0 ], [ 2747484.0, 8272613.0 ], [ 2747506.0, 8272599.0 ], [ 2747591.0, 8272542.0 ], [ 2747672.0, 8272487.0 ], [ 2747703.0, 8272466.0 ], [ 2747704.0, 8272465.0 ], [ 2747725.0, 8272451.0 ], [ 2747800.0, 8272401.0 ], [ 2747780.0, 8272356.0 ], [ 2747783.0, 8272331.0 ], [ 2747782.0, 8272328.0 ], [ 2747738.0, 8272240.0 ], [ 2747735.0, 8272238.0 ], [ 2747729.0, 8272226.0 ], [ 2747726.0, 8272221.0 ], [ 2747726.0, 8272216.0 ], [ 2747725.0, 8272213.0 ], [ 2747727.0, 8272209.0 ], [ 2747723.0, 8272199.0 ], [ 2747789.0, 8272167.0 ], [ 2747781.0, 8272147.0 ], [ 2747771.0, 8272122.0 ], [ 2747816.0, 8272101.0 ], [ 2747827.0, 8272095.0 ], [ 2747883.0, 8272061.0 ], [ 2747894.0, 8272053.0 ], [ 2747880.0, 8272023.0 ], [ 2747846.0, 8271952.0 ], [ 2747842.0, 8271944.0 ], [ 2747855.0, 8271938.0 ], [ 2747863.0, 8271933.0 ], [ 2747871.0, 8271928.0 ], [ 2747877.0, 8271922.0 ], [ 2747882.0, 8271915.0 ], [ 2747894.0, 8271897.0 ], [ 2747888.0, 8271882.0 ], [ 2747901.0, 8271861.0 ], [ 2747905.0, 8271858.0 ], [ 2747986.0, 8271817.0 ], [ 2748093.0, 8271765.0 ], [ 2748123.0, 8271749.0 ], [ 2748130.0, 8271746.0 ], [ 2748236.0, 8271694.0 ], [ 2748263.0, 8271680.0 ], [ 2748272.0, 8271676.0 ], [ 2748294.0, 8271665.0 ], [ 2748370.0, 8271627.0 ], [ 2748377.0, 8271623.0 ], [ 2748481.0, 8271571.0 ], [ 2748519.0, 8271552.0 ], [ 2748661.0, 8271482.0 ], [ 2748705.0, 8271460.0 ], [ 2748709.0, 8271458.0 ], [ 2748788.0, 8271418.0 ], [ 2748805.0, 8271410.0 ], [ 2748820.0, 8271402.0 ], [ 2748826.0, 8271399.0 ], [ 2748902.0, 8271361.0 ], [ 2748933.0, 8271365.0 ], [ 2748948.0, 8271369.0 ], [ 2748948.0, 8271364.0 ], [ 2748945.0, 8271359.0 ], [ 2748949.0, 8271358.0 ], [ 2748961.0, 8271355.0 ], [ 2748969.0, 8271353.0 ], [ 2748974.0, 8271351.0 ], [ 2748978.0, 8271349.0 ], [ 2748990.0, 8271343.0 ], [ 2748992.0, 8271349.0 ], [ 2749019.0, 8271352.0 ], [ 2749026.0, 8271352.0 ], [ 2749034.0, 8271353.0 ], [ 2749025.0, 8271333.0 ], [ 2749026.0, 8271332.0 ], [ 2749044.0, 8271318.0 ], [ 2749057.0, 8271309.0 ], [ 2749075.0, 8271300.0 ], [ 2749090.0, 8271293.0 ], [ 2749098.0, 8271284.0 ], [ 2749101.0, 8271281.0 ], [ 2749104.0, 8271276.0 ], [ 2749107.0, 8271270.0 ], [ 2749111.0, 8271265.0 ], [ 2749113.0, 8271258.0 ], [ 2749114.0, 8271251.0 ], [ 2749115.0, 8271244.0 ], [ 2749117.0, 8271240.0 ], [ 2749120.0, 8271235.0 ], [ 2749126.0, 8271230.0 ], [ 2749141.0, 8271220.0 ], [ 2749150.0, 8271215.0 ], [ 2749188.0, 8271196.0 ], [ 2749197.0, 8271190.0 ], [ 2749206.0, 8271183.0 ], [ 2749215.0, 8271174.0 ], [ 2749222.0, 8271165.0 ], [ 2749228.0, 8271157.0 ], [ 2749235.0, 8271146.0 ], [ 2749239.0, 8271138.0 ], [ 2749243.0, 8271124.0 ], [ 2749245.0, 8271110.0 ], [ 2749245.0, 8271108.0 ], [ 2749249.0, 8271092.0 ], [ 2749254.0, 8271074.0 ], [ 2749255.0, 8271070.0 ], [ 2749259.0, 8271062.0 ], [ 2749262.0, 8271055.0 ], [ 2749262.0, 8271050.0 ], [ 2749262.0, 8271048.0 ], [ 2749259.0, 8271045.0 ], [ 2749263.0, 8271019.0 ], [ 2749283.0, 8270973.0 ], [ 2749291.0, 8270947.0 ], [ 2749292.0, 8270917.0 ], [ 2749292.0, 8270894.0 ], [ 2749291.0, 8270870.0 ], [ 2749291.0, 8270861.0 ], [ 2749292.0, 8270858.0 ], [ 2749297.0, 8270843.0 ], [ 2749301.0, 8270831.0 ], [ 2749305.0, 8270823.0 ], [ 2749312.0, 8270814.0 ], [ 2749259.0, 8270701.0 ], [ 2749267.0, 8270701.0 ], [ 2749499.0, 8270598.0 ], [ 2749512.0, 8270593.0 ], [ 2749740.0, 8270492.0 ], [ 2749751.0, 8270488.0 ], [ 2749764.0, 8270482.0 ], [ 2749880.0, 8270432.0 ], [ 2750020.0, 8270370.0 ], [ 2750014.0, 8270358.0 ], [ 2750104.0, 8270319.0 ], [ 2750288.0, 8270238.0 ], [ 2750300.0, 8270220.0 ], [ 2750310.0, 8270208.0 ], [ 2750318.0, 8270202.0 ], [ 2750323.0, 8270199.0 ], [ 2750336.0, 8270198.0 ], [ 2750391.0, 8270174.0 ], [ 2750397.0, 8270165.0 ], [ 2750392.0, 8270149.0 ], [ 2750401.0, 8270145.0 ], [ 2750415.0, 8270140.0 ], [ 2750396.0, 8270091.0 ], [ 2750393.0, 8270085.0 ], [ 2750379.0, 8270051.0 ], [ 2750382.0, 8270035.0 ], [ 2750372.0, 8270013.0 ], [ 2750373.0, 8269998.0 ], [ 2750380.0, 8269986.0 ], [ 2750398.0, 8269978.0 ], [ 2750395.0, 8269970.0 ], [ 2750374.0, 8269920.0 ], [ 2750366.0, 8269903.0 ], [ 2750353.0, 8269883.0 ], [ 2750361.0, 8269864.0 ], [ 2750336.0, 8269806.0 ], [ 2750352.0, 8269800.0 ], [ 2750361.0, 8269796.0 ], [ 2750361.0, 8269792.0 ], [ 2750362.0, 8269786.0 ], [ 2750386.0, 8269774.0 ], [ 2750398.0, 8269756.0 ], [ 2750457.0, 8269730.0 ], [ 2750458.0, 8269733.0 ], [ 2750474.0, 8269726.0 ], [ 2750480.0, 8269723.0 ], [ 2750487.0, 8269719.0 ], [ 2750676.0, 8269638.0 ], [ 2750686.0, 8269637.0 ], [ 2750700.0, 8269631.0 ], [ 2750889.0, 8269552.0 ], [ 2750904.0, 8269546.0 ], [ 2750996.0, 8269503.0 ], [ 2751001.0, 8269499.0 ], [ 2751004.0, 8269494.0 ], [ 2751004.0, 8269488.0 ], [ 2751001.0, 8269482.0 ], [ 2751059.0, 8269456.0 ], [ 2751070.0, 8269450.0 ], [ 2751083.0, 8269441.0 ], [ 2751091.0, 8269436.0 ], [ 2751106.0, 8269428.0 ], [ 2751125.0, 8269417.0 ], [ 2751142.0, 8269410.0 ], [ 2751200.0, 8269385.0 ], [ 2751239.0, 8269368.0 ], [ 2751326.0, 8269330.0 ], [ 2751182.0, 8269016.0 ], [ 2751199.0, 8269009.0 ], [ 2751503.0, 8268872.0 ], [ 2751536.0, 8268869.0 ], [ 2751650.0, 8268731.0 ], [ 2751682.0, 8268693.0 ], [ 2751703.0, 8268667.0 ], [ 2751707.0, 8268661.0 ], [ 2751730.0, 8268648.0 ], [ 2751731.0, 8268641.0 ], [ 2751735.0, 8268635.0 ], [ 2751741.0, 8268630.0 ], [ 2751748.0, 8268627.0 ], [ 2751756.0, 8268627.0 ], [ 2751763.0, 8268630.0 ], [ 2751769.0, 8268634.0 ], [ 2751799.0, 8268601.0 ], [ 2751817.0, 8268579.0 ], [ 2751941.0, 8268421.0 ], [ 2751955.0, 8268403.0 ], [ 2751973.0, 8268382.0 ], [ 2752023.0, 8268316.0 ], [ 2752037.0, 8268298.0 ], [ 2752088.0, 8268236.0 ], [ 2752100.0, 8268219.0 ], [ 2752128.0, 8268184.0 ], [ 2752148.0, 8268162.0 ], [ 2752166.0, 8268154.0 ], [ 2752184.0, 8268150.0 ], [ 2752201.0, 8268145.0 ], [ 2752223.0, 8268130.0 ], [ 2752258.0, 8268096.0 ], [ 2752326.0, 8268036.0 ], [ 2752356.0, 8268016.0 ], [ 2752362.0, 8268013.0 ], [ 2752407.0, 8267994.0 ], [ 2752427.0, 8267990.0 ], [ 2752445.0, 8267990.0 ] ] } },
{ "type": "Feature", "properties": { "source": 6152286656, "target": 2266103515, "ordering_random": 5, "length": 4275, "length_cumulative": 40387 }, "geometry": { "type": "LineString", "coordinates": [ [ 2751814.0, 8262122.0 ], [ 2751814.0, 8262112.0 ], [ 2751758.0, 8262107.0 ], [ 2751700.0, 8262105.0 ], [ 2751697.0, 8262325.0 ], [ 2751685.0, 8262316.0 ], [ 2751596.0, 8262318.0 ], [ 2751586.0, 8262317.0 ], [ 2751582.0, 8262396.0 ], [ 2751582.0, 8262407.0 ], [ 2751564.0, 8262406.0 ], [ 2751552.0, 8262407.0 ], [ 2751502.0, 8262418.0 ], [ 2751412.0, 8262447.0 ], [ 2751349.0, 8262465.0 ], [ 2751249.0, 8262498.0 ], [ 2751193.0, 8262516.0 ], [ 2751197.0, 8262528.0 ], [ 2751199.0, 8262535.0 ], [ 2751206.0, 8262766.0 ], [ 2751214.0, 8262998.0 ], [ 2751216.0, 8263080.0 ], [ 2751225.0, 8263379.0 ], [ 2751199.0, 8263365.0 ], [ 2751090.0, 8263339.0 ], [ 2751067.0, 8263343.0 ], [ 2751018.0, 8263408.0 ], [ 2750972.0, 8263463.0 ], [ 2750972.0, 8263468.0 ], [ 2750968.0, 8263488.0 ], [ 2750956.0, 8263560.0 ], [ 2750938.0, 8263615.0 ], [ 2750919.0, 8263638.0 ], [ 2750910.0, 8263646.0 ], [ 2750869.0, 8263686.0 ], [ 2750798.0, 8263764.0 ], [ 2750732.0, 8263835.0 ], [ 2750697.0, 8263871.0 ], [ 2750683.0, 8263873.0 ], [ 2750662.0, 8263873.0 ], [ 2750664.0, 8263899.0 ], [ 2750622.0, 8263950.0 ], [ 2750654.0, 8263976.0 ], [ 2750649.0, 8263983.0 ], [ 2750643.0, 8263991.0 ], [ 2750638.0, 8263997.0 ], [ 2750619.0, 8263983.0 ], [ 2750611.0, 8263991.0 ], [ 2750568.0, 8264017.0 ], [ 2750394.0, 8264116.0 ], [ 2750227.0, 8264215.0 ], [ 2750093.0, 8264288.0 ], [ 2750145.0, 8264483.0 ], [ 2750063.0, 8264875.0 ], [ 2750023.0, 8264866.0 ], [ 2749953.0, 8264849.0 ], [ 2749905.0, 8264837.0 ], [ 2749902.0, 8264854.0 ], [ 2749899.0, 8264862.0 ], [ 2749897.0, 8264869.0 ], [ 2749895.0, 8264875.0 ] ] } },
{ "type": "Feature", "properties": { "source": 6152286656, "target": 797348612, "ordering_random": 6, "length": 4029, "length_cumulative": 44416 }, "geometry": { "type": "LineString", "coordinates": [ [ 2747798.0, 8264180.0 ], [ 2747884.0, 8264205.0 ], [ 2748007.0, 8264243.0 ], [ 2748116.0, 8264277.0 ], [ 2748127.0, 8264281.0 ], [ 2748138.0, 8264284.0 ], [ 2748153.0, 8264288.0 ], [ 2748202.0, 8264303.0 ], [ 2748205.0, 8264304.0 ], [ 2748272.0, 8264325.0 ], [ 2748277.0, 8264326.0 ], [ 2748311.0, 8264335.0 ], [ 2748333.0, 8264319.0 ], [ 2748405.0, 8264280.0 ], [ 2748441.0, 8264261.0 ], [ 2748502.0, 8264229.0 ], [ 2748508.0, 8264225.0 ], [ 2748513.0, 8264223.0 ], [ 2748594.0, 8264183.0 ], [ 2748664.0, 8264146.0 ], [ 2748699.0, 8264127.0 ], [ 2748713.0, 8264119.0 ], [ 2748788.0, 8264080.0 ], [ 2748796.0, 8264076.0 ], [ 2748863.0, 8264040.0 ], [ 2748918.0, 8264004.0 ], [ 2748924.0, 8264000.0 ], [ 2748931.0, 8263995.0 ], [ 2749045.0, 8263919.0 ], [ 2749185.0, 8263826.0 ], [ 2749259.0, 8263778.0 ], [ 2749328.0, 8263733.0 ], [ 2749343.0, 8263724.0 ], [ 2749349.0, 8263720.0 ], [ 2749499.0, 8263621.0 ], [ 2749557.0, 8263584.0 ], [ 2749646.0, 8263525.0 ], [ 2749772.0, 8263442.0 ], [ 2749811.0, 8263416.0 ], [ 2749827.0, 8263405.0 ], [ 2749839.0, 8263395.0 ], [ 2749848.0, 8263388.0 ], [ 2749856.0, 8263379.0 ], [ 2749865.0, 8263365.0 ], [ 2749872.0, 8263354.0 ], [ 2750066.0, 8263060.0 ], [ 2750089.0, 8263027.0 ], [ 2750104.0, 8263002.0 ], [ 2750109.0, 8262994.0 ], [ 2750146.0, 8262944.0 ], [ 2750177.0, 8262905.0 ], [ 2750241.0, 8262840.0 ], [ 2750276.0, 8262812.0 ], [ 2750292.0, 8262804.0 ], [ 2750316.0, 8262791.0 ], [ 2750467.0, 8262741.0 ], [ 2750623.0, 8262690.0 ], [ 2750850.0, 8262620.0 ], [ 2751082.0, 8262549.0 ], [ 2751193.0, 8262516.0 ] ] } },
{ "type": "Feature", "properties": { "source": 2167048933, "target": 1047427302, "ordering_random": 7, "length": 7937, "length_cumulative": 52353 }, "geometry": { "type": "LineString", "coordinates": [ [ 2759817.0, 8272386.0 ], [ 2759815.0, 8272396.0 ], [ 2759811.0, 8272402.0 ], [ 2759804.0, 8272406.0 ], [ 2759773.0, 8272406.0 ], [ 2759699.0, 8272406.0 ], [ 2759621.0, 8272408.0 ], [ 2759594.0, 8272402.0 ], [ 2759570.0, 8272396.0 ], [ 2759536.0, 8272385.0 ], [ 2759514.0, 8272373.0 ], [ 2759502.0, 8272364.0 ], [ 2759478.0, 8272351.0 ], [ 2759454.0, 8272332.0 ], [ 2759442.0, 8272324.0 ], [ 2759430.0, 8272319.0 ], [ 2759416.0, 8272316.0 ], [ 2759405.0, 8272318.0 ], [ 2759393.0, 8272322.0 ], [ 2759361.0, 8272340.0 ], [ 2759327.0, 8272387.0 ], [ 2759261.0, 8272478.0 ], [ 2759201.0, 8272566.0 ], [ 2759180.0, 8272596.0 ], [ 2759165.0, 8272615.0 ], [ 2759121.0, 8272657.0 ], [ 2759076.0, 8272701.0 ], [ 2759014.0, 8272749.0 ], [ 2758974.0, 8272778.0 ], [ 2758939.0, 8272804.0 ], [ 2758914.0, 8272825.0 ], [ 2758907.0, 8272831.0 ], [ 2758866.0, 8272863.0 ], [ 2758764.0, 8272940.0 ], [ 2758746.0, 8272954.0 ], [ 2758700.0, 8272989.0 ], [ 2758691.0, 8272996.0 ], [ 2758676.0, 8273007.0 ], [ 2758607.0, 8273061.0 ], [ 2758558.0, 8273103.0 ], [ 2758498.0, 8273161.0 ], [ 2758444.0, 8273220.0 ], [ 2758411.0, 8273262.0 ], [ 2758392.0, 8273283.0 ], [ 2758328.0, 8273346.0 ], [ 2758312.0, 8273361.0 ], [ 2758285.0, 8273385.0 ], [ 2758226.0, 8273438.0 ], [ 2758169.0, 8273488.0 ], [ 2758108.0, 8273539.0 ], [ 2758075.0, 8273567.0 ], [ 2758061.0, 8273579.0 ], [ 2758046.0, 8273591.0 ], [ 2758033.0, 8273601.0 ], [ 2757997.0, 8273631.0 ], [ 2757942.0, 8273679.0 ], [ 2757856.0, 8273753.0 ], [ 2757714.0, 8273871.0 ], [ 2757699.0, 8273884.0 ], [ 2757672.0, 8273906.0 ], [ 2757656.0, 8273918.0 ], [ 2757452.0, 8274081.0 ], [ 2757339.0, 8274174.0 ], [ 2757299.0, 8274206.0 ], [ 2757267.0, 8274227.0 ], [ 2757263.0, 8274229.0 ], [ 2757258.0, 8274249.0 ], [ 2757257.0, 8274257.0 ], [ 2757257.0, 8274266.0 ], [ 2757260.0, 8274274.0 ], [ 2757226.0, 8274292.0 ], [ 2757130.0, 8274334.0 ], [ 2757092.0, 8274350.0 ], [ 2757080.0, 8274354.0 ], [ 2757073.0, 8274356.0 ], [ 2757050.0, 8274366.0 ], [ 2756973.0, 8274399.0 ], [ 2756934.0, 8274415.0 ], [ 2756830.0, 8274462.0 ], [ 2756748.0, 8274506.0 ], [ 2756732.0, 8274517.0 ], [ 2756704.0, 8274549.0 ], [ 2756698.0, 8274553.0 ], [ 2756692.0, 8274555.0 ], [ 2756675.0, 8274562.0 ], [ 2756669.0, 8274566.0 ], [ 2756658.0, 8274572.0 ], [ 2756635.0, 8274589.0 ], [ 2756631.0, 8274593.0 ], [ 2756621.0, 8274601.0 ], [ 2756616.0, 8274605.0 ], [ 2756561.0, 8274672.0 ], [ 2756542.0, 8274695.0 ], [ 2756539.0, 8274699.0 ], [ 2756531.0, 8274708.0 ], [ 2756519.0, 8274724.0 ], [ 2756424.0, 8274832.0 ], [ 2756406.0, 8274852.0 ], [ 2756351.0, 8274915.0 ], [ 2756343.0, 8274926.0 ], [ 2756335.0, 8274946.0 ], [ 2756333.0, 8274980.0 ], [ 2756332.0, 8274986.0 ], [ 2756332.0, 8275016.0 ], [ 2756321.0, 8275018.0 ], [ 2756317.0, 8275019.0 ], [ 2756311.0, 8275020.0 ], [ 2756305.0, 8275021.0 ], [ 2756302.0, 8275022.0 ], [ 2756298.0, 8275025.0 ], [ 2756276.0, 8275031.0 ], [ 2756269.0, 8275032.0 ], [ 2756265.0, 8275033.0 ], [ 2756199.0, 8275047.0 ], [ 2756086.0, 8275075.0 ], [ 2756059.0, 8275082.0 ], [ 2756045.0, 8275091.0 ], [ 2756041.0, 8275096.0 ], [ 2756037.0, 8275100.0 ], [ 2756030.0, 8275112.0 ], [ 2756020.0, 8275113.0 ], [ 2756005.0, 8275112.0 ], [ 2755998.0, 8275112.0 ], [ 2755989.0, 8275112.0 ], [ 2755961.0, 8275111.0 ], [ 2755944.0, 8275111.0 ], [ 2755919.0, 8275109.0 ], [ 2755860.0, 8275105.0 ], [ 2755828.0, 8275104.0 ], [ 2755808.0, 8275105.0 ], [ 2755776.0, 8275105.0 ], [ 2755735.0, 8275102.0 ], [ 2755665.0, 8275097.0 ], [ 2755647.0, 8275093.0 ], [ 2755630.0, 8275087.0 ], [ 2755621.0, 8275100.0 ], [ 2755614.0, 8275114.0 ], [ 2755611.0, 8275119.0 ], [ 2755605.0, 8275133.0 ], [ 2755589.0, 8275153.0 ], [ 2755527.0, 8275219.0 ], [ 2755491.0, 8275258.0 ], [ 2755481.0, 8275269.0 ], [ 2755474.0, 8275277.0 ], [ 2755467.0, 8275284.0 ], [ 2755458.0, 8275298.0 ], [ 2755453.0, 8275307.0 ], [ 2755446.0, 8275317.0 ], [ 2755443.0, 8275323.0 ], [ 2755437.0, 8275332.0 ], [ 2755429.0, 8275345.0 ], [ 2755428.0, 8275352.0 ], [ 2755425.0, 8275369.0 ], [ 2755367.0, 8275364.0 ], [ 2755330.0, 8275360.0 ], [ 2755321.0, 8275359.0 ], [ 2755235.0, 8275350.0 ], [ 2755170.0, 8275354.0 ], [ 2755143.0, 8275356.0 ], [ 2755096.0, 8275363.0 ], [ 2755039.0, 8275376.0 ], [ 2754988.0, 8275387.0 ], [ 2754951.0, 8275395.0 ], [ 2754946.0, 8275396.0 ], [ 2754939.0, 8275397.0 ], [ 2754925.0, 8275399.0 ], [ 2754919.0, 8275400.0 ], [ 2754906.0, 8275402.0 ], [ 2754896.0, 8275403.0 ], [ 2754870.0, 8275405.0 ], [ 2754847.0, 8275407.0 ], [ 2754829.0, 8275406.0 ], [ 2754801.0, 8275401.0 ], [ 2754785.0, 8275397.0 ], [ 2754763.0, 8275389.0 ], [ 2754690.0, 8275417.0 ], [ 2754692.0, 8275448.0 ], [ 2754638.0, 8275466.0 ], [ 2754603.0, 8275477.0 ], [ 2754584.0, 8275491.0 ], [ 2754544.0, 8275523.0 ], [ 2754523.0, 8275523.0 ], [ 2754508.0, 8275538.0 ], [ 2754485.0, 8275563.0 ], [ 2754478.0, 8275571.0 ], [ 2754451.0, 8275588.0 ], [ 2754441.0, 8275595.0 ], [ 2754422.0, 8275603.0 ], [ 2754392.0, 8275602.0 ], [ 2754376.0, 8275606.0 ], [ 2754377.0, 8275643.0 ], [ 2754379.0, 8275690.0 ], [ 2754378.0, 8275713.0 ], [ 2754376.0, 8275723.0 ], [ 2754376.0, 8275725.0 ], [ 2754368.0, 8275771.0 ], [ 2754365.0, 8275783.0 ], [ 2754360.0, 8275790.0 ], [ 2754325.0, 8275827.0 ], [ 2754313.0, 8275829.0 ], [ 2754284.0, 8275829.0 ], [ 2754260.0, 8275834.0 ], [ 2754232.0, 8275843.0 ], [ 2754206.0, 8275852.0 ], [ 2754179.0, 8275867.0 ], [ 2754155.0, 8275880.0 ], [ 2754138.0, 8275864.0 ], [ 2754127.0, 8275869.0 ], [ 2754108.0, 8275887.0 ], [ 2754095.0, 8275900.0 ], [ 2754044.0, 8275959.0 ], [ 2754026.0, 8275979.0 ], [ 2754012.0, 8275968.0 ], [ 2753975.0, 8275970.0 ], [ 2753938.0, 8275973.0 ], [ 2753889.0, 8275970.0 ], [ 2753879.0, 8275969.0 ], [ 2753846.0, 8275958.0 ], [ 2753804.0, 8275984.0 ], [ 2753793.0, 8275984.0 ], [ 2753788.0, 8275992.0 ], [ 2753743.0, 8275969.0 ], [ 2753741.0, 8275972.0 ], [ 2753737.0, 8275980.0 ], [ 2753733.0, 8275986.0 ], [ 2753731.0, 8275990.0 ], [ 2753726.0, 8275997.0 ], [ 2753708.0, 8275986.0 ], [ 2753697.0, 8276001.0 ], [ 2753692.0, 8276004.0 ], [ 2753684.0, 8276004.0 ], [ 2753673.0, 8275997.0 ], [ 2753654.0, 8276027.0 ], [ 2753651.0, 8276032.0 ], [ 2753642.0, 8276047.0 ], [ 2753631.0, 8276065.0 ] ] } },
{ "type": "Feature", "properties": { "source": 6152286656, "target": 3003419166, "ordering_random": 8, "length": 8529, "length_cumulative": 60883 }, "geometry": { "type": "LineString", "coordinates": [ [ 2751700.0, 8262105.0 ], [ 2751704.0, 8261946.0 ], [ 2751654.0, 8261943.0 ], [ 2751623.0, 8261942.0 ], [ 2751624.0, 8261927.0 ], [ 2751597.0, 8261931.0 ], [ 2751575.0, 8261935.0 ], [ 2751561.0, 8261939.0 ], [ 2751552.0, 8261942.0 ], [ 2751536.0, 8261948.0 ], [ 2751502.0, 8261963.0 ], [ 2751414.0, 8262002.0 ], [ 2751355.0, 8262027.0 ], [ 2751301.0, 8262050.0 ], [ 2751281.0, 8262058.0 ], [ 2751166.0, 8262106.0 ], [ 2751046.0, 8262157.0 ], [ 2750996.0, 8262179.0 ], [ 2750978.0, 8262187.0 ], [ 2750800.0, 8262261.0 ], [ 2750783.0, 8262270.0 ], [ 2750762.0, 8262281.0 ], [ 2750529.0, 8262383.0 ], [ 2750516.0, 8262389.0 ], [ 2750369.0, 8262451.0 ], [ 2750303.0, 8262481.0 ], [ 2750248.0, 8262504.0 ], [ 2750144.0, 8262548.0 ], [ 2750139.0, 8262550.0 ], [ 2750080.0, 8262567.0 ], [ 2750065.0, 8262572.0 ], [ 2750052.0, 8262551.0 ], [ 2750041.0, 8262538.0 ], [ 2750023.0, 8262523.0 ], [ 2749884.0, 8262456.0 ], [ 2749750.0, 8262388.0 ], [ 2749721.0, 8262373.0 ], [ 2749649.0, 8262336.0 ], [ 2749530.0, 8262278.0 ], [ 2749319.0, 8262179.0 ], [ 2749264.0, 8262156.0 ], [ 2749147.0, 8262109.0 ], [ 2749046.0, 8262068.0 ], [ 2748805.0, 8261973.0 ], [ 2748771.0, 8261964.0 ], [ 2748626.0, 8261944.0 ], [ 2748474.0, 8261925.0 ], [ 2748412.0, 8261918.0 ], [ 2748241.0, 8261897.0 ], [ 2748138.0, 8261888.0 ], [ 2748073.0, 8261888.0 ], [ 2748002.0, 8261889.0 ], [ 2747818.0, 8261893.0 ], [ 2747744.0, 8261898.0 ], [ 2747529.0, 8261944.0 ], [ 2747282.0, 8262003.0 ], [ 2747271.0, 8262029.0 ], [ 2747228.0, 8262053.0 ], [ 2747200.0, 8262073.0 ], [ 2747188.0, 8262091.0 ], [ 2747177.0, 8262087.0 ], [ 2747165.0, 8262080.0 ], [ 2747155.0, 8262075.0 ], [ 2747146.0, 8262072.0 ], [ 2747127.0, 8262065.0 ], [ 2747075.0, 8262045.0 ], [ 2747065.0, 8262045.0 ], [ 2747060.0, 8262045.0 ], [ 2746635.0, 8261870.0 ], [ 2746629.0, 8261881.0 ], [ 2746615.0, 8261894.0 ], [ 2746590.0, 8261884.0 ], [ 2746539.0, 8261863.0 ], [ 2746348.0, 8261785.0 ], [ 2746301.0, 8261766.0 ], [ 2746275.0, 8261755.0 ], [ 2746056.0, 8261668.0 ], [ 2745873.0, 8261595.0 ], [ 2745844.0, 8261581.0 ], [ 2745831.0, 8261582.0 ], [ 2745819.0, 8261584.0 ], [ 2745800.0, 8261597.0 ], [ 2745795.0, 8261609.0 ], [ 2745769.0, 8261594.0 ], [ 2745740.0, 8261584.0 ], [ 2745715.0, 8261575.0 ], [ 2745685.0, 8261569.0 ], [ 2745656.0, 8261566.0 ], [ 2745623.0, 8261563.0 ], [ 2745607.0, 8261562.0 ], [ 2745584.0, 8261564.0 ], [ 2745495.0, 8261573.0 ], [ 2745489.0, 8261574.0 ], [ 2745462.0, 8261576.0 ], [ 2745386.0, 8261584.0 ], [ 2745379.0, 8261585.0 ], [ 2745336.0, 8261589.0 ], [ 2745256.0, 8261597.0 ], [ 2745069.0, 8261616.0 ], [ 2744733.0, 8261642.0 ], [ 2744501.0, 8261738.0 ], [ 2744351.0, 8261866.0 ], [ 2744346.0, 8261871.0 ], [ 2744341.0, 8261866.0 ], [ 2744125.0, 8261662.0 ], [ 2744119.0, 8261650.0 ], [ 2744119.0, 8261638.0 ], [ 2744094.0, 8261640.0 ], [ 2744070.0, 8261644.0 ], [ 2744063.0, 8261653.0 ], [ 2744061.0, 8261655.0 ], [ 2744056.0, 8261659.0 ], [ 2744048.0, 8261665.0 ], [ 2744018.0, 8261672.0 ], [ 2744000.0, 8261669.0 ] ] } },
{ "type": "Feature", "properties": { "source": 901229260, "target": 81311985, "ordering_random": 9, "length": 4037, "length_cumulative": 64921 }, "geometry": { "type": "LineString", "coordinates": [ [ 2752346.0, 8267627.0 ], [ 2752360.0, 8267627.0 ], [ 2752364.0, 8267634.0 ], [ 2752375.0, 8267647.0 ], [ 2752386.0, 8267653.0 ], [ 2752397.0, 8267661.0 ], [ 2752405.0, 8267658.0 ], [ 2752415.0, 8267654.0 ], [ 2752424.0, 8267651.0 ], [ 2752428.0, 8267653.0 ], [ 2752447.0, 8267676.0 ], [ 2752458.0, 8267690.0 ], [ 2752465.0, 8267696.0 ], [ 2752492.0, 8267700.0 ], [ 2752536.0, 8267695.0 ], [ 2752549.0, 8267693.0 ], [ 2752599.0, 8267686.0 ], [ 2752662.0, 8267674.0 ], [ 2752685.0, 8267677.0 ], [ 2752700.0, 8267679.0 ], [ 2752718.0, 8267688.0 ], [ 2752723.0, 8267701.0 ], [ 2752729.0, 8267699.0 ], [ 2752732.0, 8267699.0 ], [ 2752742.0, 8267719.0 ], [ 2752744.0, 8267722.0 ], [ 2752779.0, 8267791.0 ], [ 2752782.0, 8267802.0 ], [ 2752781.0, 8267813.0 ], [ 2752783.0, 8267814.0 ], [ 2752789.0, 8267820.0 ], [ 2752793.0, 8267824.0 ], [ 2752799.0, 8267827.0 ], [ 2752814.0, 8267857.0 ], [ 2752846.0, 8267924.0 ], [ 2752847.0, 8267931.0 ], [ 2752852.0, 8267942.0 ], [ 2752869.0, 8267946.0 ], [ 2752884.0, 8267984.0 ], [ 2752910.0, 8268054.0 ], [ 2752924.0, 8268089.0 ], [ 2752941.0, 8268125.0 ], [ 2752947.0, 8268137.0 ], [ 2752953.0, 8268149.0 ], [ 2752982.0, 8268209.0 ], [ 2753013.0, 8268270.0 ], [ 2753034.0, 8268312.0 ], [ 2753040.0, 8268324.0 ], [ 2753047.0, 8268336.0 ], [ 2753103.0, 8268449.0 ], [ 2753112.0, 8268467.0 ], [ 2753138.0, 8268515.0 ], [ 2753164.0, 8268567.0 ], [ 2753167.0, 8268573.0 ], [ 2753196.0, 8268633.0 ], [ 2753208.0, 8268657.0 ], [ 2753215.0, 8268671.0 ], [ 2753273.0, 8268783.0 ], [ 2753295.0, 8268782.0 ], [ 2753345.0, 8268882.0 ], [ 2753363.0, 8268919.0 ], [ 2753394.0, 8268982.0 ], [ 2753447.0, 8269084.0 ], [ 2753479.0, 8269146.0 ], [ 2753500.0, 8269189.0 ], [ 2753526.0, 8269240.0 ], [ 2753566.0, 8269317.0 ], [ 2753618.0, 8269390.0 ], [ 2753625.0, 8269401.0 ], [ 2753635.0, 8269417.0 ], [ 2753641.0, 8269429.0 ], [ 2753659.0, 8269464.0 ], [ 2753691.0, 8269527.0 ], [ 2753698.0, 8269542.0 ], [ 2753713.0, 8269538.0 ], [ 2753724.0, 8269536.0 ], [ 2753737.0, 8269533.0 ], [ 2753764.0, 8269530.0 ], [ 2753825.0, 8269526.0 ], [ 2753837.0, 8269525.0 ], [ 2753926.0, 8269518.0 ], [ 2753944.0, 8269517.0 ], [ 2753970.0, 8269515.0 ], [ 2754046.0, 8269511.0 ], [ 2754100.0, 8269508.0 ], [ 2754105.0, 8269521.0 ], [ 2754108.0, 8269530.0 ], [ 2754139.0, 8269615.0 ], [ 2754154.0, 8269653.0 ], [ 2754200.0, 8269728.0 ], [ 2754208.0, 8269741.0 ], [ 2754212.0, 8269747.0 ], [ 2754239.0, 8269787.0 ], [ 2754256.0, 8269801.0 ], [ 2754270.0, 8269812.0 ], [ 2754288.0, 8269821.0 ], [ 2754307.0, 8269877.0 ], [ 2754320.0, 8269914.0 ], [ 2754327.0, 8269922.0 ], [ 2754337.0, 8269927.0 ], [ 2754368.0, 8269916.0 ], [ 2754376.0, 8269914.0 ], [ 2754383.0, 8269918.0 ], [ 2754392.0, 8269939.0 ], [ 2754405.0, 8269947.0 ], [ 2754417.0, 8269957.0 ], [ 2754423.0, 8269954.0 ], [ 2754443.0, 8269946.0 ], [ 2754450.0, 8269943.0 ], [ 2754464.0, 8269937.0 ], [ 2754498.0, 8270024.0 ], [ 2754515.0, 8270071.0 ], [ 2754546.0, 8270156.0 ], [ 2754564.0, 8270200.0 ], [ 2754571.0, 8270226.0 ], [ 2754584.0, 8270214.0 ], [ 2754604.0, 8270201.0 ], [ 2754624.0, 8270193.0 ], [ 2754637.0, 8270188.0 ], [ 2754645.0, 8270185.0 ], [ 2754653.0, 8270182.0 ], [ 2754662.0, 8270178.0 ], [ 2754693.0, 8270168.0 ] ] } },
{ "type": "Feature", "properties": { "source": 3003419180, "target": 797348612, "ordering_random": 10, "length": 2183, "length_cumulative": 67104 }, "geometry": { "type": "LineString", "coordinates": [ [ 2746293.0, 8263706.0 ], [ 2746253.0, 8263689.0 ], [ 2746179.0, 8263636.0 ], [ 2746140.0, 8263611.0 ], [ 2746135.0, 8263608.0 ], [ 2746094.0, 8263585.0 ], [ 2746125.0, 8263562.0 ], [ 2746134.0, 8263554.0 ], [ 2746137.0, 8263547.0 ], [ 2746142.0, 8263540.0 ], [ 2746147.0, 8263535.0 ], [ 2746162.0, 8263518.0 ], [ 2746170.0, 8263508.0 ], [ 2746175.0, 8263500.0 ], [ 2746087.0, 8263443.0 ], [ 2746007.0, 8263388.0 ], [ 2745934.0, 8263336.0 ], [ 2745923.0, 8263328.0 ], [ 2745707.0, 8263161.0 ], [ 2745337.0, 8262823.0 ], [ 2745329.0, 8262816.0 ], [ 2744892.0, 8262396.0 ], [ 2744819.0, 8262327.0 ], [ 2744795.0, 8262350.0 ] ] } },
{ "type": "Feature", "properties": { "source": 2266103515, "target": 11480627606, "ordering_random": 11, "length": 2437, "length_cumulative": 69542 }, "geometry": { "type": "MultiLineString", "coordinates": [ [ [ 2752117.0, 8264586.0 ], [ 2752140.0, 8264645.0 ], [ 2752141.0, 8264648.0 ], [ 2752140.0, 8264651.0 ], [ 2752137.0, 8264653.0 ], [ 2752112.0, 8264650.0 ], [ 2752091.0, 8264667.0 ], [ 2752088.0, 8264682.0 ] ], [ [ 2752081.0, 8264715.0 ], [ 2752057.0, 8264742.0 ], [ 2752047.0, 8264753.0 ], [ 2752030.0, 8264769.0 ], [ 2752016.0, 8264773.0 ], [ 2752005.0, 8264778.0 ], [ 2751998.0, 8264783.0 ], [ 2751993.0, 8264787.0 ], [ 2751971.0, 8264801.0 ], [ 2751923.0, 8264827.0 ], [ 2751906.0, 8264836.0 ], [ 2751847.0, 8264868.0 ], [ 2751824.0, 8264880.0 ], [ 2751760.0, 8264914.0 ], [ 2751744.0, 8264925.0 ], [ 2751739.0, 8264931.0 ], [ 2751733.0, 8264938.0 ], [ 2751730.0, 8264944.0 ], [ 2751727.0, 8264951.0 ], [ 2751724.0, 8264959.0 ], [ 2751719.0, 8264973.0 ], [ 2751714.0, 8264987.0 ], [ 2751705.0, 8265015.0 ], [ 2751696.0, 8265037.0 ], [ 2751687.0, 8265058.0 ], [ 2751671.0, 8265088.0 ], [ 2751654.0, 8265114.0 ], [ 2751635.0, 8265131.0 ], [ 2751615.0, 8265151.0 ], [ 2751591.0, 8265165.0 ], [ 2751577.0, 8265173.0 ], [ 2751554.0, 8265179.0 ], [ 2751532.0, 8265183.0 ], [ 2751503.0, 8265187.0 ], [ 2751477.0, 8265187.0 ], [ 2751443.0, 8265189.0 ], [ 2751398.0, 8265191.0 ], [ 2751373.0, 8265193.0 ], [ 2751337.0, 8265202.0 ], [ 2751313.0, 8265209.0 ], [ 2751288.0, 8265210.0 ], [ 2751272.0, 8265208.0 ], [ 2751261.0, 8265206.0 ], [ 2751219.0, 8265204.0 ], [ 2751159.0, 8265212.0 ], [ 2751153.0, 8265222.0 ], [ 2751147.0, 8265232.0 ], [ 2751138.0, 8265227.0 ], [ 2751120.0, 8265218.0 ], [ 2751048.0, 8265190.0 ], [ 2750981.0, 8265171.0 ], [ 2750819.0, 8265119.0 ], [ 2750785.0, 8265106.0 ], [ 2750752.0, 8265093.0 ], [ 2750683.0, 8265065.0 ], [ 2750555.0, 8265011.0 ], [ 2750491.0, 8264988.0 ], [ 2750428.0, 8264967.0 ], [ 2750362.0, 8264948.0 ], [ 2750287.0, 8264929.0 ], [ 2750183.0, 8264903.0 ], [ 2750141.0, 8264894.0 ], [ 2750104.0, 8264885.0 ], [ 2750063.0, 8264875.0 ] ] ] } },
{ "type": "Feature", "properties": { "source": 1133646735, "target": 3934392099, "ordering_random": 12, "length": 2469, "length_cumulative": 72012 }, "geometry": { "type": "LineString", "coordinates": [ [ 2754015.0, 8271720.0 ], [ 2753998.0, 8271709.0 ], [ 2753990.0, 8271704.0 ], [ 2753998.0, 8271681.0 ], [ 2754007.0, 8271656.0 ], [ 2754018.0, 8271626.0 ], [ 2754010.0, 8271612.0 ], [ 2754045.0, 8271590.0 ], [ 2754060.0, 8271580.0 ], [ 2754131.0, 8271531.0 ], [ 2754145.0, 8271521.0 ], [ 2754143.0, 8271505.0 ], [ 2754142.0, 8271498.0 ], [ 2754137.0, 8271467.0 ], [ 2754134.0, 8271450.0 ], [ 2754133.0, 8271442.0 ], [ 2754118.0, 8271363.0 ], [ 2754108.0, 8271315.0 ], [ 2754101.0, 8271307.0 ], [ 2754092.0, 8271280.0 ], [ 2754085.0, 8271267.0 ], [ 2754088.0, 8271249.0 ], [ 2754080.0, 8271217.0 ], [ 2754071.0, 8271189.0 ], [ 2754059.0, 8271143.0 ], [ 2754047.0, 8271128.0 ], [ 2754044.0, 8271112.0 ], [ 2754043.0, 8271104.0 ], [ 2754030.0, 8271043.0 ], [ 2754029.0, 8271039.0 ], [ 2753999.0, 8270909.0 ], [ 2753997.0, 8270884.0 ], [ 2754009.0, 8270883.0 ], [ 2754012.0, 8270863.0 ], [ 2753982.0, 8270736.0 ], [ 2753964.0, 8270646.0 ], [ 2753956.0, 8270609.0 ], [ 2753954.0, 8270601.0 ], [ 2753935.0, 8270577.0 ], [ 2753921.0, 8270559.0 ], [ 2753890.0, 8270523.0 ], [ 2753895.0, 8270507.0 ], [ 2753875.0, 8270484.0 ], [ 2753853.0, 8270459.0 ], [ 2753804.0, 8270403.0 ], [ 2753779.0, 8270375.0 ], [ 2753746.0, 8270339.0 ], [ 2753636.0, 8270213.0 ], [ 2753619.0, 8270195.0 ], [ 2753612.0, 8270188.0 ], [ 2753610.0, 8270186.0 ], [ 2753595.0, 8270172.0 ], [ 2753546.0, 8270116.0 ], [ 2753470.0, 8270030.0 ], [ 2753443.0, 8269990.0 ], [ 2753450.0, 8269983.0 ], [ 2753441.0, 8269969.0 ], [ 2753422.0, 8269939.0 ], [ 2753398.0, 8269917.0 ], [ 2753386.0, 8269907.0 ], [ 2753374.0, 8269901.0 ], [ 2753362.0, 8269895.0 ], [ 2753343.0, 8269892.0 ], [ 2753334.0, 8269889.0 ], [ 2753324.0, 8269883.0 ], [ 2753320.0, 8269880.0 ], [ 2753314.0, 8269869.0 ], [ 2753310.0, 8269859.0 ], [ 2753308.0, 8269830.0 ], [ 2753246.0, 8269762.0 ], [ 2753227.0, 8269747.0 ], [ 2753203.0, 8269723.0 ], [ 2753213.0, 8269720.0 ], [ 2753222.0, 8269714.0 ], [ 2753228.0, 8269709.0 ] ] } },
{ "type": "Feature", "properties": { "source": 3934392099, "target": 901229260, "ordering_random": 13, "length": 1470, "length_cumulative": 73482 }, "geometry": { "type": "LineString", "coordinates": [ [ 2754571.0, 8270226.0 ], [ 2754554.0, 8270250.0 ], [ 2754515.0, 8270282.0 ], [ 2754413.0, 8270359.0 ], [ 2754405.0, 8270367.0 ], [ 2754398.0, 8270372.0 ], [ 2754375.0, 8270387.0 ], [ 2754319.0, 8270410.0 ], [ 2754281.0, 8270426.0 ], [ 2754247.0, 8270439.0 ], [ 2754247.0, 8270440.0 ], [ 2754212.0, 8270453.0 ], [ 2754210.0, 8270454.0 ], [ 2754163.0, 8270473.0 ], [ 2754056.0, 8270515.0 ], [ 2754033.0, 8270521.0 ], [ 2754023.0, 8270522.0 ], [ 2754021.0, 8270516.0 ], [ 2754018.0, 8270516.0 ], [ 2754003.0, 8270520.0 ], [ 2753994.0, 8270522.0 ], [ 2753989.0, 8270523.0 ], [ 2753984.0, 8270525.0 ], [ 2753968.0, 8270529.0 ], [ 2753962.0, 8270530.0 ], [ 2753944.0, 8270535.0 ], [ 2753917.0, 8270502.0 ], [ 2753909.0, 8270492.0 ], [ 2753865.0, 8270441.0 ], [ 2753842.0, 8270417.0 ], [ 2753819.0, 8270394.0 ], [ 2753779.0, 8270352.0 ], [ 2753730.0, 8270299.0 ], [ 2753645.0, 8270204.0 ], [ 2753638.0, 8270194.0 ], [ 2753639.0, 8270188.0 ], [ 2753636.0, 8270185.0 ], [ 2753634.0, 8270182.0 ], [ 2753631.0, 8270179.0 ], [ 2753622.0, 8270171.0 ], [ 2753619.0, 8270168.0 ], [ 2753590.0, 8270136.0 ], [ 2753581.0, 8270125.0 ], [ 2753567.0, 8270104.0 ], [ 2753565.0, 8270097.0 ], [ 2753489.0, 8270009.0 ], [ 2753476.0, 8269993.0 ], [ 2753469.0, 8269982.0 ], [ 2753455.0, 8269983.0 ], [ 2753450.0, 8269983.0 ] ] } },
{ "type": "Feature", "properties": { "source": 3003419166, "target": 4177779336, "ordering_random": 14, "length": 14395, "length_cumulative": 87878 }, "geometry": { "type": "LineString", "coordinates": [ [ 2745187.0, 8272973.0 ], [ 2745162.0, 8272974.0 ], [ 2745152.0, 8272965.0 ], [ 2745100.0, 8272929.0 ], [ 2745095.0, 8272926.0 ], [ 2745107.0, 8272683.0 ], [ 2745108.0, 8272649.0 ], [ 2745113.0, 8272642.0 ], [ 2745126.0, 8272625.0 ], [ 2745176.0, 8272550.0 ], [ 2745196.0, 8272513.0 ], [ 2745216.0, 8272476.0 ], [ 2745273.0, 8272378.0 ], [ 2745332.0, 8272284.0 ], [ 2745159.0, 8272162.0 ], [ 2745156.0, 8272160.0 ], [ 2745125.0, 8272094.0 ], [ 2745091.0, 8272075.0 ], [ 2745071.0, 8272064.0 ], [ 2744971.0, 8272007.0 ], [ 2744968.0, 8272005.0 ], [ 2744968.0, 8271990.0 ], [ 2744969.0, 8271981.0 ], [ 2744945.0, 8271967.0 ], [ 2744847.0, 8271899.0 ], [ 2744778.0, 8271904.0 ], [ 2744891.0, 8271738.0 ], [ 2744898.0, 8271728.0 ], [ 2744907.0, 8271703.0 ], [ 2744931.0, 8271522.0 ], [ 2744933.0, 8271507.0 ], [ 2744940.0, 8271447.0 ], [ 2744941.0, 8271442.0 ], [ 2744942.0, 8271432.0 ], [ 2744953.0, 8271342.0 ], [ 2744960.0, 8271284.0 ], [ 2744967.0, 8271249.0 ], [ 2744974.0, 8271237.0 ], [ 2744921.0, 8271204.0 ], [ 2744919.0, 8271202.0 ], [ 2744886.0, 8271166.0 ], [ 2744864.0, 8271108.0 ], [ 2744860.0, 8271101.0 ], [ 2744851.0, 8271079.0 ], [ 2744825.0, 8271025.0 ], [ 2744829.0, 8270979.0 ], [ 2744838.0, 8270890.0 ], [ 2744810.0, 8270870.0 ], [ 2744802.0, 8270867.0 ], [ 2744794.0, 8270865.0 ], [ 2744785.0, 8270866.0 ], [ 2744778.0, 8270867.0 ], [ 2744777.0, 8270863.0 ], [ 2744776.0, 8270857.0 ], [ 2744776.0, 8270851.0 ], [ 2744776.0, 8270849.0 ], [ 2744766.0, 8270846.0 ], [ 2744759.0, 8270843.0 ], [ 2744753.0, 8270841.0 ], [ 2744750.0, 8270836.0 ], [ 2744749.0, 8270830.0 ], [ 2744747.0, 8270825.0 ], [ 2744745.0, 8270820.0 ], [ 2744740.0, 8270816.0 ], [ 2744733.0, 8270811.0 ], [ 2744727.0, 8270809.0 ], [ 2744724.0, 8270809.0 ], [ 2744718.0, 8270811.0 ], [ 2744716.0, 8270801.0 ], [ 2744711.0, 8270786.0 ], [ 2744703.0, 8270772.0 ], [ 2744692.0, 8270758.0 ], [ 2744678.0, 8270750.0 ], [ 2744656.0, 8270741.0 ], [ 2744634.0, 8270732.0 ], [ 2744628.0, 8270729.0 ], [ 2744612.0, 8270723.0 ], [ 2744588.0, 8270720.0 ], [ 2744576.0, 8270720.0 ], [ 2744565.0, 8270717.0 ], [ 2744554.0, 8270713.0 ], [ 2744545.0, 8270706.0 ], [ 2744536.0, 8270698.0 ], [ 2744530.0, 8270688.0 ], [ 2744526.0, 8270677.0 ], [ 2744523.0, 8270666.0 ], [ 2744518.0, 8270632.0 ], [ 2744510.0, 8270599.0 ], [ 2744500.0, 8270567.0 ], [ 2744499.0, 8270562.0 ], [ 2744469.0, 8270471.0 ], [ 2744440.0, 8270401.0 ], [ 2744423.0, 8270370.0 ], [ 2744412.0, 8270347.0 ], [ 2744405.0, 8270333.0 ], [ 2744385.0, 8270293.0 ], [ 2744362.0, 8270254.0 ], [ 2744308.0, 8270163.0 ], [ 2744248.0, 8270082.0 ], [ 2744224.0, 8270053.0 ], [ 2744198.0, 8270022.0 ], [ 2744148.0, 8269973.0 ], [ 2744105.0, 8269936.0 ], [ 2744082.0, 8269919.0 ], [ 2744057.0, 8269903.0 ], [ 2744008.0, 8269876.0 ], [ 2743991.0, 8269868.0 ], [ 2743997.0, 8269852.0 ], [ 2744005.0, 8269833.0 ], [ 2743997.0, 8269826.0 ], [ 2743973.0, 8269816.0 ], [ 2743973.0, 8269811.0 ], [ 2743973.0, 8269777.0 ], [ 2743973.0, 8269772.0 ], [ 2743973.0, 8269766.0 ], [ 2743973.0, 8269720.0 ], [ 2743973.0, 8269707.0 ], [ 2743979.0, 8269609.0 ], [ 2743992.0, 8269563.0 ], [ 2744002.0, 8269552.0 ], [ 2743977.0, 8269530.0 ], [ 2743922.0, 8269489.0 ], [ 2743908.0, 8269478.0 ], [ 2743894.0, 8269468.0 ], [ 2743852.0, 8269437.0 ], [ 2743844.0, 8269431.0 ], [ 2743799.0, 8269399.0 ], [ 2743753.0, 8269367.0 ], [ 2743728.0, 8269351.0 ], [ 2743708.0, 8269350.0 ], [ 2743710.0, 8269304.0 ], [ 2743717.0, 8269245.0 ], [ 2743717.0, 8269243.0 ], [ 2743720.0, 8269211.0 ], [ 2743723.0, 8269191.0 ], [ 2743658.0, 8269104.0 ], [ 2743665.0, 8269086.0 ], [ 2743673.0, 8269068.0 ], [ 2743680.0, 8269058.0 ], [ 2743683.0, 8269046.0 ], [ 2743687.0, 8269041.0 ], [ 2743696.0, 8269030.0 ], [ 2743701.0, 8269023.0 ], [ 2743714.0, 8269006.0 ], [ 2743720.0, 8269001.0 ], [ 2743728.0, 8268997.0 ], [ 2743729.0, 8268988.0 ], [ 2743730.0, 8268979.0 ], [ 2743730.0, 8268973.0 ], [ 2743729.0, 8268966.0 ], [ 2743726.0, 8268956.0 ], [ 2743716.0, 8268929.0 ], [ 2743706.0, 8268913.0 ], [ 2743701.0, 8268907.0 ], [ 2743709.0, 8268890.0 ], [ 2743716.0, 8268877.0 ], [ 2743723.0, 8268862.0 ], [ 2743725.0, 8268848.0 ], [ 2743725.0, 8268835.0 ], [ 2743727.0, 8268827.0 ], [ 2743731.0, 8268818.0 ], [ 2743732.0, 8268814.0 ], [ 2743737.0, 8268806.0 ], [ 2743655.0, 8268734.0 ], [ 2743636.0, 8268721.0 ], [ 2743596.0, 8268695.0 ], [ 2743585.0, 8268689.0 ], [ 2743568.0, 8268680.0 ], [ 2743573.0, 8268666.0 ], [ 2743571.0, 8268652.0 ], [ 2743553.0, 8268628.0 ], [ 2743536.0, 8268604.0 ], [ 2743522.0, 8268577.0 ], [ 2743472.0, 8268475.0 ], [ 2743421.0, 8268367.0 ], [ 2743370.0, 8268253.0 ], [ 2743344.0, 8268164.0 ], [ 2743371.0, 8268135.0 ], [ 2743658.0, 8267689.0 ], [ 2743721.0, 8267591.0 ], [ 2743732.0, 8267575.0 ], [ 2743741.0, 8267561.0 ], [ 2743746.0, 8267555.0 ], [ 2743756.0, 8267538.0 ], [ 2743754.0, 8267537.0 ], [ 2743736.0, 8267525.0 ], [ 2743710.0, 8267509.0 ], [ 2743676.0, 8267482.0 ], [ 2743665.0, 8267470.0 ], [ 2743655.0, 8267459.0 ], [ 2743638.0, 8267431.0 ], [ 2743612.0, 8267377.0 ], [ 2743606.0, 8267360.0 ], [ 2743588.0, 8267300.0 ], [ 2743586.0, 8267290.0 ], [ 2743582.0, 8267272.0 ], [ 2743581.0, 8267265.0 ], [ 2743570.0, 8267212.0 ], [ 2743557.0, 8267142.0 ], [ 2743538.0, 8267042.0 ], [ 2743524.0, 8266968.0 ], [ 2743480.0, 8266745.0 ], [ 2743478.0, 8266730.0 ], [ 2743473.0, 8266706.0 ], [ 2743460.0, 8266624.0 ], [ 2743448.0, 8266569.0 ], [ 2743442.0, 8266539.0 ], [ 2743431.0, 8266488.0 ], [ 2743420.0, 8266435.0 ], [ 2743401.0, 8266338.0 ], [ 2743391.0, 8266284.0 ], [ 2743377.0, 8266209.0 ], [ 2743375.0, 8266197.0 ], [ 2743369.0, 8266170.0 ], [ 2743366.0, 8266154.0 ], [ 2743361.0, 8266134.0 ], [ 2743358.0, 8266125.0 ], [ 2743355.0, 8266112.0 ], [ 2743347.0, 8266071.0 ], [ 2743341.0, 8266043.0 ], [ 2743331.0, 8265988.0 ], [ 2743321.0, 8265936.0 ], [ 2743287.0, 8265777.0 ], [ 2743252.0, 8265629.0 ], [ 2743180.0, 8265337.0 ], [ 2743167.0, 8265287.0 ], [ 2743153.0, 8265232.0 ], [ 2743139.0, 8265174.0 ], [ 2743132.0, 8265144.0 ], [ 2743128.0, 8265127.0 ], [ 2743062.0, 8264860.0 ], [ 2743000.0, 8264609.0 ], [ 2742988.0, 8264560.0 ], [ 2742985.0, 8264545.0 ], [ 2742944.0, 8264392.0 ], [ 2742876.0, 8264125.0 ], [ 2742846.0, 8264007.0 ], [ 2742815.0, 8263888.0 ], [ 2742793.0, 8263801.0 ], [ 2742783.0, 8263762.0 ], [ 2742759.0, 8263669.0 ], [ 2742737.0, 8263582.0 ], [ 2742725.0, 8263541.0 ], [ 2742717.0, 8263512.0 ], [ 2742711.0, 8263493.0 ], [ 2742709.0, 8263483.0 ], [ 2742698.0, 8263440.0 ], [ 2742639.0, 8263207.0 ], [ 2742553.0, 8262885.0 ], [ 2742545.0, 8262856.0 ], [ 2742537.0, 8262823.0 ], [ 2742526.0, 8262785.0 ], [ 2742515.0, 8262745.0 ], [ 2742497.0, 8262673.0 ], [ 2742445.0, 8262478.0 ], [ 2742441.0, 8262462.0 ], [ 2742372.0, 8262199.0 ], [ 2742343.0, 8262091.0 ], [ 2742321.0, 8262010.0 ], [ 2742327.0, 8262008.0 ], [ 2742318.0, 8261973.0 ], [ 2742279.0, 8261819.0 ], [ 2742671.0, 8261713.0 ], [ 2742622.0, 8261496.0 ], [ 2742861.0, 8261441.0 ], [ 2742879.0, 8261452.0 ], [ 2742958.0, 8261305.0 ], [ 2743044.0, 8261142.0 ], [ 2743056.0, 8261132.0 ], [ 2743043.0, 8261117.0 ], [ 2743038.0, 8261111.0 ], [ 2743052.0, 8261098.0 ], [ 2743143.0, 8261009.0 ], [ 2743155.0, 8260998.0 ], [ 2743173.0, 8260980.0 ], [ 2743179.0, 8260975.0 ], [ 2743230.0, 8260926.0 ] ] } },
{ "type": "Feature", "properties": { "source": 2342228638, "target": 4177779336, "ordering_random": 15, "length": 6809, "length_cumulative": 94688 }, "geometry": { "type": "LineString", "coordinates": [ [ 2746309.0, 8273395.0 ], [ 2746410.0, 8273406.0 ], [ 2746426.0, 8273401.0 ], [ 2746433.0, 8273398.0 ], [ 2746442.0, 8273415.0 ], [ 2746448.0, 8273430.0 ], [ 2746505.0, 8273436.0 ], [ 2746589.0, 8273447.0 ], [ 2746642.0, 8273456.0 ], [ 2746654.0, 8273458.0 ], [ 2746812.0, 8273484.0 ], [ 2746884.0, 8273496.0 ], [ 2746947.0, 8273510.0 ], [ 2747227.0, 8273580.0 ], [ 2747350.0, 8273611.0 ], [ 2747365.0, 8273615.0 ], [ 2747448.0, 8273632.0 ], [ 2747539.0, 8273651.0 ], [ 2747662.0, 8273678.0 ], [ 2747747.0, 8273697.0 ], [ 2747798.0, 8273708.0 ], [ 2747815.0, 8273712.0 ], [ 2747877.0, 8273726.0 ], [ 2747909.0, 8273733.0 ], [ 2747920.0, 8273735.0 ], [ 2747989.0, 8273751.0 ], [ 2748106.0, 8273773.0 ], [ 2748241.0, 8273788.0 ], [ 2748408.0, 8273801.0 ], [ 2748447.0, 8273804.0 ], [ 2748485.0, 8273806.0 ], [ 2748619.0, 8273813.0 ], [ 2748688.0, 8273814.0 ], [ 2748699.0, 8273815.0 ], [ 2748763.0, 8273819.0 ], [ 2748846.0, 8273824.0 ], [ 2748895.0, 8273824.0 ], [ 2749010.0, 8273814.0 ], [ 2749087.0, 8273807.0 ], [ 2749283.0, 8273784.0 ], [ 2749317.0, 8273779.0 ], [ 2749376.0, 8273772.0 ], [ 2749393.0, 8273770.0 ], [ 2749517.0, 8273750.0 ], [ 2749531.0, 8273749.0 ], [ 2749567.0, 8273743.0 ], [ 2749675.0, 8273730.0 ], [ 2749732.0, 8273724.0 ], [ 2749790.0, 8273722.0 ], [ 2749929.0, 8273725.0 ], [ 2750025.0, 8273719.0 ], [ 2750058.0, 8273718.0 ], [ 2750073.0, 8273717.0 ], [ 2750097.0, 8273717.0 ], [ 2750130.0, 8273714.0 ], [ 2750158.0, 8273711.0 ], [ 2750190.0, 8273708.0 ], [ 2750249.0, 8273699.0 ], [ 2750290.0, 8273690.0 ], [ 2750317.0, 8273683.0 ], [ 2750405.0, 8273649.0 ], [ 2750453.0, 8273629.0 ], [ 2750488.0, 8273614.0 ], [ 2750505.0, 8273607.0 ], [ 2750548.0, 8273589.0 ], [ 2750602.0, 8273566.0 ], [ 2750662.0, 8273542.0 ], [ 2750875.0, 8273450.0 ], [ 2750898.0, 8273441.0 ], [ 2750937.0, 8273411.0 ], [ 2750968.0, 8273384.0 ], [ 2751002.0, 8273350.0 ], [ 2751022.0, 8273336.0 ], [ 2751040.0, 8273329.0 ], [ 2751057.0, 8273322.0 ], [ 2751085.0, 8273316.0 ], [ 2751165.0, 8273283.0 ], [ 2751263.0, 8273238.0 ], [ 2751274.0, 8273233.0 ], [ 2751302.0, 8273221.0 ], [ 2751363.0, 8273193.0 ], [ 2751426.0, 8273165.0 ], [ 2751512.0, 8273126.0 ], [ 2751568.0, 8273099.0 ], [ 2751616.0, 8273076.0 ], [ 2751624.0, 8273073.0 ], [ 2751639.0, 8273066.0 ], [ 2751661.0, 8273056.0 ], [ 2751677.0, 8273048.0 ], [ 2751688.0, 8273043.0 ], [ 2751710.0, 8273033.0 ], [ 2751728.0, 8273026.0 ], [ 2751811.0, 8272987.0 ], [ 2751834.0, 8272977.0 ], [ 2751870.0, 8272962.0 ], [ 2751910.0, 8272944.0 ], [ 2752054.0, 8272878.0 ], [ 2752064.0, 8272870.0 ], [ 2752074.0, 8272866.0 ], [ 2752085.0, 8272863.0 ], [ 2752105.0, 8272855.0 ], [ 2752109.0, 8272852.0 ], [ 2752113.0, 8272850.0 ], [ 2752116.0, 8272849.0 ], [ 2752136.0, 8272836.0 ], [ 2752150.0, 8272827.0 ], [ 2752184.0, 8272797.0 ], [ 2752215.0, 8272766.0 ], [ 2752221.0, 8272757.0 ], [ 2752228.0, 8272745.0 ], [ 2752230.0, 8272739.0 ], [ 2752233.0, 8272734.0 ], [ 2752238.0, 8272731.0 ], [ 2752245.0, 8272728.0 ], [ 2752273.0, 8272707.0 ], [ 2752281.0, 8272701.0 ], [ 2752305.0, 8272677.0 ], [ 2752364.0, 8272620.0 ], [ 2752372.0, 8272613.0 ], [ 2752377.0, 8272618.0 ], [ 2752378.0, 8272619.0 ], [ 2752379.0, 8272620.0 ], [ 2752383.0, 8272624.0 ], [ 2752388.0, 8272629.0 ], [ 2752391.0, 8272632.0 ], [ 2752395.0, 8272637.0 ], [ 2752416.0, 8272657.0 ], [ 2752453.0, 8272690.0 ], [ 2752454.0, 8272691.0 ], [ 2752459.0, 8272696.0 ], [ 2752464.0, 8272700.0 ], [ 2752470.0, 8272708.0 ], [ 2752479.0, 8272713.0 ], [ 2752495.0, 8272718.0 ], [ 2752568.0, 8272743.0 ], [ 2752586.0, 8272748.0 ], [ 2752614.0, 8272757.0 ], [ 2752657.0, 8272768.0 ], [ 2752666.0, 8272770.0 ], [ 2752673.0, 8272777.0 ], [ 2752684.0, 8272781.0 ], [ 2752689.0, 8272776.0 ], [ 2752705.0, 8272782.0 ] ] } },
{ "type": "Feature", "properties": { "source": 1133646735, "target": 901229260, "ordering_random": 16, "length": 1695, "length_cumulative": 96384 }, "geometry": { "type": "LineString", "coordinates": [ [ 2754145.0, 8271521.0 ], [ 2754164.0, 8271508.0 ], [ 2754199.0, 8271485.0 ], [ 2754234.0, 8271463.0 ], [ 2754267.0, 8271443.0 ], [ 2754540.0, 8271306.0 ], [ 2754568.0, 8271278.0 ], [ 2754585.0, 8271248.0 ], [ 2754605.0, 8271172.0 ], [ 2754626.0, 8271086.0 ], [ 2754634.0, 8271053.0 ], [ 2754644.0, 8271015.0 ], [ 2754649.0, 8270993.0 ], [ 2754653.0, 8270958.0 ], [ 2754655.0, 8270958.0 ], [ 2754660.0, 8270956.0 ], [ 2754662.0, 8270942.0 ], [ 2754660.0, 8270929.0 ], [ 2754659.0, 8270917.0 ], [ 2754652.0, 8270908.0 ], [ 2754647.0, 8270898.0 ], [ 2754629.0, 8270873.0 ], [ 2754609.0, 8270854.0 ], [ 2754599.0, 8270834.0 ], [ 2754588.0, 8270819.0 ], [ 2754581.0, 8270804.0 ], [ 2754578.0, 8270787.0 ], [ 2754571.0, 8270762.0 ], [ 2754562.0, 8270737.0 ], [ 2754549.0, 8270722.0 ], [ 2754552.0, 8270702.0 ], [ 2754502.0, 8270543.0 ], [ 2754493.0, 8270500.0 ], [ 2754480.0, 8270462.0 ], [ 2754471.0, 8270449.0 ], [ 2754421.0, 8270393.0 ], [ 2754427.0, 8270388.0 ], [ 2754428.0, 8270380.0 ], [ 2754434.0, 8270375.0 ], [ 2754474.0, 8270338.0 ], [ 2754502.0, 8270314.0 ], [ 2754540.0, 8270281.0 ], [ 2754549.0, 8270273.0 ], [ 2754566.0, 8270260.0 ], [ 2754560.0, 8270251.0 ], [ 2754567.0, 8270245.0 ], [ 2754571.0, 8270226.0 ] ] } },
{ "type": "Feature", "properties": { "source": 6152286656, "target": 3003419180, "ordering_random": 17, "length": 2530, "length_cumulative": 98914 }, "geometry": { "type": "LineString", "coordinates": [ [ 2747177.0, 8262087.0 ], [ 2747172.0, 8262101.0 ], [ 2747169.0, 8262111.0 ], [ 2747165.0, 8262125.0 ], [ 2747161.0, 8262134.0 ], [ 2747153.0, 8262131.0 ], [ 2747144.0, 8262133.0 ], [ 2747139.0, 8262134.0 ], [ 2747130.0, 8262131.0 ], [ 2747119.0, 8262127.0 ], [ 2747103.0, 8262120.0 ], [ 2747073.0, 8262106.0 ], [ 2747058.0, 8262100.0 ], [ 2747037.0, 8262091.0 ], [ 2747023.0, 8262095.0 ], [ 2746940.0, 8262091.0 ], [ 2746894.0, 8262082.0 ], [ 2746849.0, 8262081.0 ], [ 2746797.0, 8262078.0 ], [ 2746708.0, 8262073.0 ], [ 2746691.0, 8262067.0 ], [ 2746597.0, 8262047.0 ], [ 2746521.0, 8262053.0 ], [ 2746341.0, 8262024.0 ], [ 2746144.0, 8261992.0 ], [ 2745762.0, 8261932.0 ], [ 2745395.0, 8261949.0 ], [ 2745326.0, 8261951.0 ], [ 2745191.0, 8262088.0 ], [ 2745035.0, 8262251.0 ], [ 2744965.0, 8262324.0 ], [ 2744892.0, 8262396.0 ] ] } },
{ "type": "Feature", "properties": { "source": 6152286656, "target": 11480627606, "ordering_random": 18, "length": 110, "length_cumulative": 99025 }, "geometry": { "type": "LineString", "coordinates": [ [ 2752117.0, 8264586.0 ], [ 2752081.0, 8264498.0 ], [ 2752069.0, 8264506.0 ] ] } },
{ "type": "Feature", "properties": { "source": 797348612, "target": 4177779336, "ordering_random": 20, "length": 8312, "length_cumulative": 107338 }, "geometry": { "type": "LineString", "coordinates": [ [ 2746292.0, 8263709.0 ], [ 2746289.0, 8263715.0 ], [ 2746282.0, 8263733.0 ], [ 2746270.0, 8263746.0 ], [ 2746269.0, 8263756.0 ], [ 2746237.0, 8263752.0 ], [ 2746231.0, 8263748.0 ], [ 2746224.0, 8263757.0 ], [ 2746198.0, 8263793.0 ], [ 2746184.0, 8263809.0 ], [ 2746176.0, 8263816.0 ], [ 2746161.0, 8263825.0 ], [ 2746149.0, 8263831.0 ], [ 2746125.0, 8263836.0 ], [ 2746108.0, 8263837.0 ], [ 2746096.0, 8263835.0 ], [ 2746084.0, 8263833.0 ], [ 2746059.0, 8263827.0 ], [ 2746056.0, 8263828.0 ], [ 2746052.0, 8263830.0 ], [ 2746048.0, 8263834.0 ], [ 2746046.0, 8263839.0 ], [ 2745972.0, 8264106.0 ], [ 2745964.0, 8264104.0 ], [ 2745936.0, 8264208.0 ], [ 2745932.0, 8264222.0 ], [ 2745915.0, 8264289.0 ], [ 2745874.0, 8264419.0 ], [ 2745820.0, 8264606.0 ], [ 2745806.0, 8264658.0 ], [ 2745786.0, 8264707.0 ], [ 2745813.0, 8264716.0 ], [ 2745827.0, 8264717.0 ], [ 2745842.0, 8264735.0 ], [ 2745905.0, 8264811.0 ], [ 2745936.0, 8264854.0 ], [ 2745970.0, 8264899.0 ], [ 2745987.0, 8264940.0 ], [ 2745994.0, 8264956.0 ], [ 2746055.0, 8265101.0 ], [ 2746100.0, 8265210.0 ], [ 2746116.0, 8265240.0 ], [ 2746130.0, 8265270.0 ], [ 2746179.0, 8265378.0 ], [ 2746223.0, 8265497.0 ], [ 2746275.0, 8265638.0 ], [ 2746296.0, 8265691.0 ], [ 2746311.0, 8265714.0 ], [ 2746322.0, 8265760.0 ], [ 2746342.0, 8265807.0 ], [ 2746352.0, 8265824.0 ], [ 2746363.0, 8265850.0 ], [ 2746380.0, 8265898.0 ], [ 2746390.0, 8265917.0 ], [ 2746399.0, 8265937.0 ], [ 2746407.0, 8265952.0 ], [ 2746410.0, 8265968.0 ], [ 2746412.0, 8265984.0 ], [ 2746415.0, 8265996.0 ], [ 2746423.0, 8265998.0 ], [ 2746452.0, 8266004.0 ], [ 2746489.0, 8266011.0 ], [ 2746520.0, 8266017.0 ], [ 2746519.0, 8266025.0 ], [ 2746481.0, 8266206.0 ], [ 2746512.0, 8266212.0 ], [ 2746521.0, 8266256.0 ], [ 2746593.0, 8266274.0 ], [ 2746592.0, 8266280.0 ], [ 2746590.0, 8266291.0 ], [ 2746583.0, 8266319.0 ], [ 2746581.0, 8266324.0 ], [ 2746580.0, 8266331.0 ], [ 2746578.0, 8266336.0 ], [ 2746536.0, 8266538.0 ], [ 2746535.0, 8266546.0 ], [ 2746523.0, 8266601.0 ], [ 2746508.0, 8266673.0 ], [ 2746493.0, 8266709.0 ], [ 2746477.0, 8266729.0 ], [ 2746471.0, 8266732.0 ], [ 2746457.0, 8266742.0 ], [ 2746444.0, 8266750.0 ], [ 2746433.0, 8266760.0 ], [ 2746434.0, 8266769.0 ], [ 2746433.0, 8266781.0 ], [ 2746432.0, 8266789.0 ], [ 2746429.0, 8266805.0 ], [ 2746427.0, 8266817.0 ], [ 2746425.0, 8266830.0 ], [ 2746420.0, 8266837.0 ], [ 2746441.0, 8266890.0 ], [ 2746441.0, 8266895.0 ], [ 2746441.0, 8266910.0 ], [ 2746441.0, 8266962.0 ], [ 2746439.0, 8266976.0 ], [ 2746434.0, 8266986.0 ], [ 2746429.0, 8266995.0 ], [ 2746429.0, 8266998.0 ], [ 2746415.0, 8267048.0 ], [ 2746409.0, 8267060.0 ], [ 2746404.0, 8267083.0 ], [ 2746391.0, 8267140.0 ], [ 2746382.0, 8267171.0 ], [ 2746378.0, 8267189.0 ], [ 2746354.0, 8267282.0 ], [ 2746351.0, 8267295.0 ], [ 2746345.0, 8267314.0 ], [ 2746345.0, 8267317.0 ], [ 2746343.0, 8267326.0 ], [ 2746341.0, 8267337.0 ], [ 2746339.0, 8267352.0 ], [ 2746322.0, 8267423.0 ], [ 2746310.0, 8267471.0 ], [ 2746305.0, 8267491.0 ], [ 2746298.0, 8267520.0 ], [ 2746255.0, 8267697.0 ], [ 2746217.0, 8267856.0 ], [ 2746175.0, 8268026.0 ], [ 2746173.0, 8268037.0 ], [ 2746166.0, 8268067.0 ], [ 2746169.0, 8268086.0 ], [ 2746169.0, 8268107.0 ], [ 2746151.0, 8268188.0 ], [ 2746137.0, 8268191.0 ], [ 2746134.0, 8268199.0 ], [ 2746130.0, 8268216.0 ], [ 2746128.0, 8268227.0 ], [ 2746125.0, 8268239.0 ], [ 2746125.0, 8268244.0 ], [ 2746125.0, 8268260.0 ], [ 2746109.0, 8268318.0 ], [ 2746108.0, 8268323.0 ], [ 2746103.0, 8268348.0 ], [ 2746100.0, 8268366.0 ], [ 2746099.0, 8268369.0 ], [ 2746099.0, 8268371.0 ], [ 2746098.0, 8268376.0 ], [ 2746090.0, 8268421.0 ], [ 2746085.0, 8268435.0 ], [ 2746082.0, 8268443.0 ], [ 2746070.0, 8268486.0 ], [ 2746066.0, 8268504.0 ], [ 2746001.0, 8268737.0 ], [ 2745996.0, 8268753.0 ], [ 2745993.0, 8268767.0 ], [ 2745984.0, 8268796.0 ], [ 2745980.0, 8268811.0 ], [ 2745971.0, 8268844.0 ], [ 2745969.0, 8268854.0 ], [ 2745968.0, 8268863.0 ], [ 2745960.0, 8268890.0 ], [ 2745942.0, 8268944.0 ], [ 2745935.0, 8268964.0 ], [ 2745927.0, 8268992.0 ], [ 2745917.0, 8269017.0 ], [ 2745912.0, 8269041.0 ], [ 2745905.0, 8269066.0 ], [ 2745873.0, 8269174.0 ], [ 2745862.0, 8269212.0 ], [ 2745858.0, 8269235.0 ], [ 2745851.0, 8269247.0 ], [ 2745847.0, 8269263.0 ], [ 2745815.0, 8269374.0 ], [ 2745800.0, 8269386.0 ], [ 2745809.0, 8269397.0 ], [ 2745813.0, 8269402.0 ], [ 2745818.0, 8269407.0 ], [ 2745826.0, 8269416.0 ], [ 2745837.0, 8269432.0 ], [ 2745840.0, 8269443.0 ], [ 2745840.0, 8269446.0 ], [ 2745840.0, 8269450.0 ], [ 2745833.0, 8269463.0 ], [ 2745827.0, 8269473.0 ], [ 2745829.0, 8269476.0 ], [ 2745828.0, 8269481.0 ], [ 2745822.0, 8269489.0 ], [ 2745818.0, 8269496.0 ], [ 2745814.0, 8269504.0 ], [ 2745812.0, 8269510.0 ], [ 2745811.0, 8269513.0 ], [ 2745808.0, 8269518.0 ], [ 2745803.0, 8269523.0 ], [ 2745798.0, 8269528.0 ], [ 2745793.0, 8269532.0 ], [ 2745790.0, 8269537.0 ], [ 2745787.0, 8269541.0 ], [ 2745785.0, 8269545.0 ], [ 2745782.0, 8269550.0 ], [ 2745780.0, 8269553.0 ], [ 2745777.0, 8269556.0 ], [ 2745773.0, 8269560.0 ], [ 2745768.0, 8269564.0 ], [ 2745763.0, 8269567.0 ], [ 2745760.0, 8269569.0 ], [ 2745754.0, 8269572.0 ], [ 2745750.0, 8269575.0 ], [ 2745745.0, 8269579.0 ], [ 2745738.0, 8269589.0 ], [ 2745733.0, 8269597.0 ], [ 2745727.0, 8269604.0 ], [ 2745721.0, 8269604.0 ], [ 2745705.0, 8269613.0 ], [ 2745689.0, 8269624.0 ], [ 2745675.0, 8269638.0 ], [ 2745677.0, 8269652.0 ], [ 2745667.0, 8269650.0 ], [ 2745665.0, 8269653.0 ], [ 2745663.0, 8269658.0 ], [ 2745661.0, 8269662.0 ], [ 2745659.0, 8269666.0 ], [ 2745649.0, 8269669.0 ], [ 2745642.0, 8269674.0 ], [ 2745636.0, 8269678.0 ], [ 2745633.0, 8269681.0 ], [ 2745627.0, 8269687.0 ], [ 2745640.0, 8269697.0 ], [ 2745644.0, 8269702.0 ], [ 2745646.0, 8269706.0 ], [ 2745648.0, 8269712.0 ], [ 2745650.0, 8269720.0 ], [ 2745649.0, 8269727.0 ], [ 2745644.0, 8269745.0 ], [ 2745590.0, 8269801.0 ], [ 2745536.0, 8269861.0 ], [ 2745501.0, 8269899.0 ], [ 2745477.0, 8269924.0 ], [ 2745408.0, 8269997.0 ], [ 2745358.0, 8270049.0 ], [ 2745323.0, 8270088.0 ], [ 2745312.0, 8270100.0 ], [ 2745305.0, 8270108.0 ], [ 2745281.0, 8270135.0 ], [ 2745191.0, 8270231.0 ], [ 2745134.0, 8270295.0 ], [ 2745116.0, 8270316.0 ], [ 2745092.0, 8270344.0 ], [ 2745027.0, 8270434.0 ], [ 2745028.0, 8270469.0 ], [ 2745021.0, 8270475.0 ], [ 2744958.0, 8270564.0 ], [ 2744847.0, 8270724.0 ], [ 2744843.0, 8270733.0 ], [ 2744837.0, 8270743.0 ], [ 2744805.0, 8270791.0 ], [ 2744801.0, 8270801.0 ], [ 2744801.0, 8270808.0 ], [ 2744798.0, 8270814.0 ], [ 2744787.0, 8270831.0 ], [ 2744781.0, 8270839.0 ], [ 2744776.0, 8270849.0 ] ] } },
{ "type": "Feature", "properties": { "source": 901229260, "target": 11816629969, "ordering_random": 21, "length": 7199, "length_cumulative": 114537 }, "geometry": { "type": "MultiLineString", "coordinates": [ [ [ 2759180.0, 8272596.0 ], [ 2759175.0, 8272603.0 ] ], [ [ 2759175.0, 8272603.0 ], [ 2759165.0, 8272615.0 ] ], [ [ 2754693.0, 8270168.0 ], [ 2754731.0, 8270276.0 ], [ 2754736.0, 8270274.0 ], [ 2754744.0, 8270272.0 ], [ 2754753.0, 8270271.0 ], [ 2754761.0, 8270269.0 ], [ 2754764.0, 8270270.0 ], [ 2754785.0, 8270275.0 ], [ 2754789.0, 8270275.0 ], [ 2754797.0, 8270274.0 ], [ 2754804.0, 8270272.0 ], [ 2754820.0, 8270260.0 ], [ 2754824.0, 8270259.0 ], [ 2754943.0, 8270217.0 ], [ 2754960.0, 8270212.0 ], [ 2754974.0, 8270248.0 ], [ 2754982.0, 8270268.0 ], [ 2755031.0, 8270389.0 ], [ 2755043.0, 8270417.0 ], [ 2755059.0, 8270457.0 ], [ 2755076.0, 8270499.0 ], [ 2755084.0, 8270518.0 ], [ 2755107.0, 8270576.0 ], [ 2755136.0, 8270648.0 ], [ 2755160.0, 8270709.0 ], [ 2755186.0, 8270775.0 ], [ 2755191.0, 8270787.0 ], [ 2755218.0, 8270852.0 ], [ 2755244.0, 8270916.0 ], [ 2755275.0, 8270989.0 ], [ 2755293.0, 8270988.0 ], [ 2755307.0, 8270987.0 ], [ 2755349.0, 8270987.0 ], [ 2755418.0, 8270984.0 ], [ 2755456.0, 8270982.0 ], [ 2755481.0, 8270981.0 ], [ 2755499.0, 8270981.0 ], [ 2755534.0, 8270982.0 ], [ 2755557.0, 8270983.0 ], [ 2755580.0, 8270987.0 ], [ 2755601.0, 8270991.0 ], [ 2755613.0, 8270994.0 ], [ 2755680.0, 8271012.0 ], [ 2755696.0, 8271016.0 ], [ 2755923.0, 8271082.0 ], [ 2755994.0, 8271115.0 ], [ 2756120.0, 8271182.0 ], [ 2756128.0, 8271186.0 ], [ 2756140.0, 8271193.0 ], [ 2756186.0, 8271217.0 ], [ 2756205.0, 8271227.0 ], [ 2756251.0, 8271251.0 ], [ 2756338.0, 8271296.0 ], [ 2756419.0, 8271339.0 ], [ 2756491.0, 8271381.0 ], [ 2756498.0, 8271385.0 ], [ 2756513.0, 8271393.0 ], [ 2756714.0, 8271505.0 ], [ 2756730.0, 8271516.0 ], [ 2756739.0, 8271507.0 ], [ 2756758.0, 8271508.0 ], [ 2756767.0, 8271511.0 ], [ 2756774.0, 8271515.0 ], [ 2756778.0, 8271523.0 ], [ 2756768.0, 8271545.0 ], [ 2756765.0, 8271575.0 ], [ 2756772.0, 8271595.0 ], [ 2756782.0, 8271612.0 ], [ 2756796.0, 8271628.0 ], [ 2756834.0, 8271650.0 ], [ 2756889.0, 8271680.0 ], [ 2756906.0, 8271696.0 ], [ 2756915.0, 8271709.0 ], [ 2756926.0, 8271735.0 ], [ 2756926.0, 8271768.0 ], [ 2756919.0, 8271835.0 ], [ 2756927.0, 8271851.0 ], [ 2756925.0, 8271875.0 ], [ 2756931.0, 8271888.0 ], [ 2756939.0, 8271897.0 ], [ 2756948.0, 8271903.0 ], [ 2756958.0, 8271907.0 ], [ 2756995.0, 8271910.0 ], [ 2757007.0, 8271920.0 ], [ 2757090.0, 8271927.0 ], [ 2757165.0, 8271931.0 ], [ 2757257.0, 8271942.0 ], [ 2757310.0, 8271945.0 ], [ 2757339.0, 8271948.0 ], [ 2757375.0, 8271952.0 ], [ 2757411.0, 8271964.0 ], [ 2757437.0, 8271971.0 ], [ 2757491.0, 8271994.0 ], [ 2757725.0, 8272118.0 ], [ 2757786.0, 8272154.0 ], [ 2757871.0, 8272199.0 ], [ 2757888.0, 8272208.0 ], [ 2757909.0, 8272221.0 ], [ 2757928.0, 8272239.0 ], [ 2757939.0, 8272255.0 ], [ 2757946.0, 8272270.0 ], [ 2757953.0, 8272287.0 ], [ 2757964.0, 8272309.0 ], [ 2757981.0, 8272327.0 ], [ 2758002.0, 8272340.0 ], [ 2758024.0, 8272351.0 ], [ 2758047.0, 8272362.0 ], [ 2758091.0, 8272391.0 ], [ 2758180.0, 8272424.0 ], [ 2758259.0, 8272449.0 ], [ 2758333.0, 8272469.0 ], [ 2758427.0, 8272490.0 ], [ 2758506.0, 8272501.0 ], [ 2758607.0, 8272511.0 ], [ 2758775.0, 8272518.0 ], [ 2758834.0, 8272525.0 ], [ 2758901.0, 8272534.0 ], [ 2758954.0, 8272543.0 ], [ 2758995.0, 8272553.0 ], [ 2759071.0, 8272572.0 ], [ 2759143.0, 8272593.0 ], [ 2759175.0, 8272603.0 ] ], [ [ 2759175.0, 8272603.0 ], [ 2759281.0, 8272635.0 ], [ 2759602.0, 8272719.0 ], [ 2759676.0, 8272737.0 ], [ 2759748.0, 8272749.0 ], [ 2759787.0, 8272757.0 ], [ 2759791.0, 8272741.0 ], [ 2759803.0, 8272744.0 ], [ 2759809.0, 8272744.0 ], [ 2759813.0, 8272741.0 ], [ 2759816.0, 8272738.0 ], [ 2759821.0, 8272734.0 ], [ 2759829.0, 8272728.0 ], [ 2759859.0, 8272740.0 ], [ 2759890.0, 8272751.0 ], [ 2759915.0, 8272754.0 ], [ 2759966.0, 8272758.0 ], [ 2759985.0, 8272761.0 ], [ 2759997.0, 8272766.0 ], [ 2760016.0, 8272779.0 ], [ 2760026.0, 8272783.0 ], [ 2760057.0, 8272792.0 ], [ 2760148.0, 8272815.0 ], [ 2760176.0, 8272823.0 ], [ 2760265.0, 8272844.0 ], [ 2760282.0, 8272849.0 ], [ 2760299.0, 8272832.0 ], [ 2760321.0, 8272779.0 ], [ 2760330.0, 8272735.0 ], [ 2760334.0, 8272697.0 ], [ 2760340.0, 8272698.0 ], [ 2760354.0, 8272698.0 ], [ 2760353.0, 8272654.0 ], [ 2760353.0, 8272612.0 ], [ 2760372.0, 8272601.0 ], [ 2760374.0, 8272586.0 ] ] ] } },
{ "type": "Feature", "properties": { "source": 11480627606, "target": 11816629969, "ordering_random": 22, "length": 2333, "length_cumulative": 116871 }, "geometry": { "type": "MultiLineString", "coordinates": [ [ [ 2759175.0, 8272603.0 ], [ 2759165.0, 8272615.0 ] ], [ [ 2759175.0, 8272603.0 ], [ 2759143.0, 8272593.0 ] ], [ [ 2758091.0, 8272391.0 ], [ 2758029.0, 8272366.0 ], [ 2757976.0, 8272340.0 ], [ 2757931.0, 8272317.0 ], [ 2757798.0, 8272238.0 ], [ 2757739.0, 8272203.0 ], [ 2757672.0, 8272166.0 ], [ 2757608.0, 8272133.0 ], [ 2757490.0, 8272066.0 ], [ 2757441.0, 8272036.0 ], [ 2757395.0, 8272003.0 ], [ 2757359.0, 8271972.0 ], [ 2757333.0, 8271947.0 ] ], [ [ 2757333.0, 8271947.0 ], [ 2757323.0, 8271938.0 ], [ 2757278.0, 8271893.0 ], [ 2757244.0, 8271853.0 ], [ 2757208.0, 8271809.0 ], [ 2757171.0, 8271754.0 ], [ 2757090.0, 8271606.0 ], [ 2757051.0, 8271534.0 ], [ 2757011.0, 8271465.0 ], [ 2756940.0, 8271353.0 ], [ 2756882.0, 8271273.0 ], [ 2756861.0, 8271244.0 ], [ 2756668.0, 8270999.0 ], [ 2756572.0, 8270885.0 ], [ 2756562.0, 8270855.0 ], [ 2756550.0, 8270837.0 ], [ 2756550.0, 8270825.0 ], [ 2756554.0, 8270814.0 ], [ 2756564.0, 8270804.0 ] ] ] } },
{ "type": "Feature", "properties": { "source": 2266103515, "target": 81311985, "ordering_random": 23, "length": 4008, "length_cumulative": 120879 }, "geometry": { "type": "LineString", "coordinates": [ [ 2752264.0, 8267489.0 ], [ 2752241.0, 8267452.0 ], [ 2752243.0, 8267429.0 ], [ 2752246.0, 8267411.0 ], [ 2752248.0, 8267405.0 ], [ 2752259.0, 8267382.0 ], [ 2752265.0, 8267378.0 ], [ 2752270.0, 8267373.0 ], [ 2752263.0, 8267369.0 ], [ 2752258.0, 8267360.0 ], [ 2752261.0, 8267358.0 ], [ 2752269.0, 8267355.0 ], [ 2752279.0, 8267351.0 ], [ 2752284.0, 8267348.0 ], [ 2752286.0, 8267348.0 ], [ 2752289.0, 8267346.0 ], [ 2752293.0, 8267345.0 ], [ 2752304.0, 8267340.0 ], [ 2752314.0, 8267336.0 ], [ 2752309.0, 8267321.0 ], [ 2752301.0, 8267311.0 ], [ 2752297.0, 8267293.0 ], [ 2752287.0, 8267267.0 ], [ 2752277.0, 8267234.0 ], [ 2752249.0, 8267191.0 ], [ 2752240.0, 8267182.0 ], [ 2752227.0, 8267135.0 ], [ 2752218.0, 8267116.0 ], [ 2752208.0, 8267102.0 ], [ 2752193.0, 8267077.0 ], [ 2752183.0, 8267050.0 ], [ 2752163.0, 8267004.0 ], [ 2752160.0, 8266988.0 ], [ 2752153.0, 8266969.0 ], [ 2752133.0, 8266931.0 ], [ 2752111.0, 8266878.0 ], [ 2752108.0, 8266863.0 ], [ 2752110.0, 8266853.0 ], [ 2752094.0, 8266812.0 ], [ 2752071.0, 8266769.0 ], [ 2752046.0, 8266722.0 ], [ 2752033.0, 8266681.0 ], [ 2752023.0, 8266646.0 ], [ 2752040.0, 8266602.0 ], [ 2752028.0, 8266591.0 ], [ 2752014.0, 8266578.0 ], [ 2751941.0, 8266432.0 ], [ 2751892.0, 8266335.0 ], [ 2751850.0, 8266258.0 ], [ 2751824.0, 8266225.0 ], [ 2751831.0, 8266207.0 ], [ 2751816.0, 8266200.0 ], [ 2751784.0, 8266174.0 ], [ 2751771.0, 8266156.0 ], [ 2751691.0, 8266047.0 ], [ 2751688.0, 8266044.0 ], [ 2751671.0, 8266058.0 ], [ 2751652.0, 8266068.0 ], [ 2751639.0, 8266076.0 ], [ 2751630.0, 8266086.0 ], [ 2751624.0, 8266091.0 ], [ 2751616.0, 8266097.0 ], [ 2751610.0, 8266101.0 ], [ 2751599.0, 8266111.0 ], [ 2751563.0, 8266074.0 ], [ 2751549.0, 8266062.0 ], [ 2751534.0, 8266051.0 ], [ 2751512.0, 8266037.0 ], [ 2751492.0, 8266010.0 ], [ 2751424.0, 8265935.0 ], [ 2751401.0, 8265915.0 ], [ 2751363.0, 8265893.0 ], [ 2751331.0, 8265882.0 ], [ 2751315.0, 8265876.0 ], [ 2751298.0, 8265841.0 ], [ 2751282.0, 8265817.0 ], [ 2751204.0, 8265750.0 ], [ 2751048.0, 8265613.0 ], [ 2751001.0, 8265565.0 ], [ 2750914.0, 8265487.0 ], [ 2750755.0, 8265364.0 ], [ 2750699.0, 8265337.0 ], [ 2750602.0, 8265324.0 ], [ 2750601.0, 8265302.0 ], [ 2750599.0, 8265270.0 ], [ 2750596.0, 8265241.0 ], [ 2750582.0, 8265231.0 ], [ 2750559.0, 8265216.0 ], [ 2750513.0, 8265184.0 ], [ 2750480.0, 8265165.0 ], [ 2750444.0, 8265144.0 ], [ 2750301.0, 8265067.0 ], [ 2750178.0, 8265012.0 ], [ 2750038.0, 8264959.0 ], [ 2750033.0, 8264958.0 ], [ 2749882.0, 8264910.0 ], [ 2749895.0, 8264875.0 ] ] } },
{ "type": "Feature", "properties": { "source": 11480627606, "target": 81311985, "ordering_random": 24, "length": 2897, "length_cumulative": 123777 }, "geometry": { "type": "LineString", "coordinates": [ [ 2752314.0, 8267336.0 ], [ 2752329.0, 8267332.0 ], [ 2752453.0, 8267286.0 ], [ 2752524.0, 8267261.0 ], [ 2752577.0, 8267242.0 ], [ 2752579.0, 8267234.0 ], [ 2752584.0, 8267232.0 ], [ 2752586.0, 8267240.0 ], [ 2752592.0, 8267238.0 ], [ 2752589.0, 8267225.0 ], [ 2752591.0, 8267225.0 ], [ 2752604.0, 8267221.0 ], [ 2752557.0, 8267038.0 ], [ 2752529.0, 8266929.0 ], [ 2752509.0, 8266848.0 ], [ 2752486.0, 8266762.0 ], [ 2752422.0, 8266505.0 ], [ 2752393.0, 8266385.0 ], [ 2752378.0, 8266327.0 ], [ 2752331.0, 8266139.0 ], [ 2752334.0, 8266081.0 ], [ 2752325.0, 8266043.0 ], [ 2752325.0, 8266027.0 ], [ 2752330.0, 8266014.0 ], [ 2752347.0, 8265995.0 ], [ 2752361.0, 8265979.0 ], [ 2752358.0, 8265969.0 ], [ 2752355.0, 8265962.0 ], [ 2752354.0, 8265956.0 ], [ 2752351.0, 8265951.0 ], [ 2752349.0, 8265943.0 ], [ 2752362.0, 8265939.0 ], [ 2752364.0, 8265932.0 ], [ 2752368.0, 8265923.0 ], [ 2752364.0, 8265920.0 ], [ 2752309.0, 8265818.0 ], [ 2752284.0, 8265773.0 ], [ 2752269.0, 8265758.0 ], [ 2752256.0, 8265746.0 ], [ 2752247.0, 8265735.0 ], [ 2752242.0, 8265730.0 ], [ 2752233.0, 8265718.0 ], [ 2752240.0, 8265712.0 ], [ 2752251.0, 8265698.0 ], [ 2752263.0, 8265682.0 ], [ 2752271.0, 8265668.0 ], [ 2752287.0, 8265656.0 ], [ 2752306.0, 8265638.0 ], [ 2752312.0, 8265617.0 ], [ 2752310.0, 8265594.0 ], [ 2752305.0, 8265574.0 ], [ 2752300.0, 8265555.0 ], [ 2752250.0, 8265418.0 ], [ 2752203.0, 8265301.0 ], [ 2752205.0, 8265289.0 ], [ 2752213.0, 8265273.0 ], [ 2752251.0, 8265227.0 ], [ 2752256.0, 8265214.0 ], [ 2752257.0, 8265192.0 ], [ 2752229.0, 8265134.0 ], [ 2752223.0, 8265117.0 ], [ 2752215.0, 8265096.0 ], [ 2752211.0, 8265079.0 ], [ 2752172.0, 8264883.0 ], [ 2752168.0, 8264864.0 ], [ 2752167.0, 8264842.0 ] ] } },
{ "type": "Feature", "properties": { "source": 2266103515, "target": 4177779336, "ordering_random": 25, "length": 6354, "length_cumulative": 130131 }, "geometry": { "type": "LineString", "coordinates": [ [ 2749882.0, 8264910.0 ], [ 2749874.0, 8264934.0 ], [ 2749864.0, 8264931.0 ], [ 2749851.0, 8264963.0 ], [ 2749843.0, 8264979.0 ], [ 2749825.0, 8265011.0 ], [ 2749777.0, 8265102.0 ], [ 2749752.0, 8265148.0 ], [ 2749750.0, 8265164.0 ], [ 2749750.0, 8265178.0 ], [ 2749733.0, 8265183.0 ], [ 2749735.0, 8265189.0 ], [ 2749705.0, 8265199.0 ], [ 2749682.0, 8265207.0 ], [ 2749684.0, 8265213.0 ], [ 2749530.0, 8265262.0 ], [ 2749511.0, 8265265.0 ], [ 2749492.0, 8265265.0 ], [ 2749475.0, 8265265.0 ], [ 2749376.0, 8265284.0 ], [ 2749276.0, 8265297.0 ], [ 2749258.0, 8265299.0 ], [ 2749237.0, 8265302.0 ], [ 2749177.0, 8265309.0 ], [ 2749105.0, 8265320.0 ], [ 2749103.0, 8265357.0 ], [ 2749098.0, 8265369.0 ], [ 2749070.0, 8265405.0 ], [ 2749054.0, 8265435.0 ], [ 2749044.0, 8265453.0 ], [ 2749038.0, 8265471.0 ], [ 2749032.0, 8265488.0 ], [ 2749009.0, 8265483.0 ], [ 2748983.0, 8265489.0 ], [ 2748965.0, 8265506.0 ], [ 2748885.0, 8265583.0 ], [ 2748832.0, 8265633.0 ], [ 2748780.0, 8265684.0 ], [ 2748736.0, 8265716.0 ], [ 2748708.0, 8265766.0 ], [ 2748672.0, 8265777.0 ], [ 2748647.0, 8265784.0 ], [ 2748582.0, 8265796.0 ], [ 2748533.0, 8265799.0 ], [ 2748455.0, 8265807.0 ], [ 2748417.0, 8265819.0 ], [ 2748407.0, 8265820.0 ], [ 2748396.0, 8265830.0 ], [ 2748383.0, 8265845.0 ], [ 2748373.0, 8265868.0 ], [ 2748359.0, 8265890.0 ], [ 2748313.0, 8266031.0 ], [ 2748264.0, 8266182.0 ], [ 2748223.0, 8266290.0 ], [ 2748217.0, 8266320.0 ], [ 2748229.0, 8266324.0 ], [ 2748226.0, 8266344.0 ], [ 2748223.0, 8266370.0 ], [ 2748219.0, 8266369.0 ], [ 2748208.0, 8266387.0 ], [ 2748193.0, 8266432.0 ], [ 2748163.0, 8266487.0 ], [ 2748160.0, 8266489.0 ], [ 2748148.0, 8266487.0 ], [ 2748116.0, 8266481.0 ], [ 2748083.0, 8266474.0 ], [ 2748078.0, 8266476.0 ], [ 2748054.0, 8266482.0 ], [ 2747980.0, 8266466.0 ], [ 2747969.0, 8266467.0 ], [ 2747966.0, 8266468.0 ], [ 2747956.0, 8266466.0 ], [ 2747933.0, 8266468.0 ], [ 2747922.0, 8266475.0 ], [ 2747886.0, 8266500.0 ], [ 2747868.0, 8266502.0 ], [ 2747854.0, 8266494.0 ], [ 2747849.0, 8266491.0 ], [ 2747840.0, 8266504.0 ], [ 2747784.0, 8266585.0 ], [ 2747753.0, 8266630.0 ], [ 2747745.0, 8266632.0 ], [ 2747729.0, 8266635.0 ], [ 2747734.0, 8266657.0 ], [ 2747740.0, 8266682.0 ], [ 2747718.0, 8266713.0 ], [ 2747715.0, 8266718.0 ], [ 2747688.0, 8266759.0 ], [ 2747678.0, 8266774.0 ], [ 2747672.0, 8266783.0 ], [ 2747658.0, 8266805.0 ], [ 2747642.0, 8266828.0 ], [ 2747627.0, 8266852.0 ], [ 2747617.0, 8266849.0 ], [ 2747547.0, 8266930.0 ], [ 2747546.0, 8266929.0 ], [ 2747542.0, 8266929.0 ], [ 2747523.0, 8267002.0 ], [ 2747515.0, 8267033.0 ], [ 2747507.0, 8267031.0 ], [ 2747494.0, 8267028.0 ], [ 2747488.0, 8267048.0 ], [ 2747482.0, 8267074.0 ], [ 2747477.0, 8267092.0 ], [ 2747474.0, 8267106.0 ], [ 2747468.0, 8267133.0 ], [ 2747442.0, 8267236.0 ], [ 2747429.0, 8267276.0 ], [ 2747415.0, 8267301.0 ], [ 2747405.0, 8267316.0 ], [ 2747370.0, 8267353.0 ], [ 2747356.0, 8267368.0 ], [ 2747287.0, 8267417.0 ], [ 2747213.0, 8267470.0 ], [ 2747204.0, 8267476.0 ], [ 2747192.0, 8267492.0 ], [ 2747143.0, 8267525.0 ], [ 2747133.0, 8267529.0 ], [ 2747112.0, 8267537.0 ], [ 2747108.0, 8267540.0 ], [ 2747097.0, 8267549.0 ], [ 2747094.0, 8267555.0 ], [ 2747090.0, 8267560.0 ], [ 2747081.0, 8267567.0 ], [ 2747071.0, 8267571.0 ], [ 2747060.0, 8267571.0 ], [ 2747049.0, 8267568.0 ], [ 2747040.0, 8267563.0 ], [ 2747036.0, 8267557.0 ], [ 2747031.0, 8267550.0 ], [ 2747011.0, 8267554.0 ], [ 2746990.0, 8267559.0 ], [ 2746968.0, 8267560.0 ], [ 2746882.0, 8267552.0 ], [ 2746800.0, 8267550.0 ], [ 2746793.0, 8267550.0 ], [ 2746746.0, 8267547.0 ], [ 2746731.0, 8267560.0 ], [ 2746710.0, 8267578.0 ], [ 2746667.0, 8267616.0 ], [ 2746655.0, 8267626.0 ], [ 2746622.0, 8267655.0 ], [ 2746587.0, 8267689.0 ], [ 2746580.0, 8267714.0 ], [ 2746574.0, 8267746.0 ], [ 2746573.0, 8267755.0 ], [ 2746565.0, 8267849.0 ], [ 2746550.0, 8268025.0 ], [ 2746548.0, 8268035.0 ], [ 2746514.0, 8268064.0 ], [ 2746424.0, 8268132.0 ], [ 2746412.0, 8268141.0 ], [ 2746381.0, 8268169.0 ], [ 2746366.0, 8268184.0 ], [ 2746360.0, 8268190.0 ], [ 2746307.0, 8268243.0 ], [ 2746300.0, 8268266.0 ], [ 2746211.0, 8268243.0 ], [ 2746200.0, 8268241.0 ], [ 2746198.0, 8268252.0 ], [ 2746196.0, 8268260.0 ], [ 2746194.0, 8268263.0 ], [ 2746189.0, 8268268.0 ], [ 2746186.0, 8268275.0 ], [ 2746176.0, 8268307.0 ], [ 2746167.0, 8268336.0 ], [ 2746141.0, 8268411.0 ], [ 2746139.0, 8268416.0 ], [ 2746135.0, 8268427.0 ], [ 2746123.0, 8268464.0 ], [ 2746119.0, 8268480.0 ], [ 2746118.0, 8268487.0 ], [ 2746109.0, 8268518.0 ], [ 2746104.0, 8268533.0 ], [ 2746097.0, 8268558.0 ], [ 2746077.0, 8268623.0 ], [ 2746047.0, 8268731.0 ], [ 2746044.0, 8268739.0 ], [ 2746037.0, 8268766.0 ], [ 2746025.0, 8268762.0 ], [ 2746012.0, 8268758.0 ], [ 2745996.0, 8268753.0 ] ] } },
{ "type": "Feature", "properties": { "source": 1133646735, "target": 11816629969, "ordering_random": 26, "length": 3415, "length_cumulative": 133546 }, "geometry": { "type": "LineString", "coordinates": [ [ 2754015.0, 8271720.0 ], [ 2754018.0, 8271722.0 ], [ 2754024.0, 8271726.0 ], [ 2754032.0, 8271732.0 ], [ 2754036.0, 8271734.0 ], [ 2754039.0, 8271737.0 ], [ 2754056.0, 8271747.0 ], [ 2754060.0, 8271749.0 ], [ 2754064.0, 8271750.0 ], [ 2754071.0, 8271755.0 ], [ 2754104.0, 8271726.0 ], [ 2754150.0, 8271686.0 ], [ 2754196.0, 8271647.0 ], [ 2754262.0, 8271601.0 ], [ 2754288.0, 8271583.0 ], [ 2754432.0, 8271489.0 ], [ 2754509.0, 8271454.0 ], [ 2754600.0, 8271396.0 ], [ 2754695.0, 8271344.0 ], [ 2754779.0, 8271311.0 ], [ 2754839.0, 8271297.0 ], [ 2754866.0, 8271294.0 ], [ 2754900.0, 8271292.0 ], [ 2754933.0, 8271291.0 ], [ 2754963.0, 8271293.0 ], [ 2754966.0, 8271272.0 ], [ 2754967.0, 8271248.0 ], [ 2754970.0, 8271241.0 ], [ 2754975.0, 8271236.0 ], [ 2754993.0, 8271235.0 ], [ 2755016.0, 8271235.0 ], [ 2755027.0, 8271237.0 ], [ 2755026.0, 8271294.0 ], [ 2755023.0, 8271303.0 ], [ 2755146.0, 8271338.0 ], [ 2755204.0, 8271360.0 ], [ 2755245.0, 8271388.0 ], [ 2755278.0, 8271411.0 ], [ 2755288.0, 8271416.0 ], [ 2755298.0, 8271418.0 ], [ 2755307.0, 8271418.0 ], [ 2755316.0, 8271415.0 ], [ 2755327.0, 8271409.0 ], [ 2755336.0, 8271406.0 ], [ 2755346.0, 8271405.0 ], [ 2755356.0, 8271406.0 ], [ 2755367.0, 8271409.0 ], [ 2755376.0, 8271415.0 ], [ 2755383.0, 8271422.0 ], [ 2755411.0, 8271447.0 ], [ 2755454.0, 8271474.0 ], [ 2755508.0, 8271498.0 ], [ 2755574.0, 8271515.0 ], [ 2755609.0, 8271523.0 ], [ 2755643.0, 8271533.0 ], [ 2755693.0, 8271551.0 ], [ 2755811.0, 8271589.0 ], [ 2755862.0, 8271603.0 ], [ 2755931.0, 8271624.0 ], [ 2755956.0, 8271631.0 ], [ 2756035.0, 8271657.0 ], [ 2756083.0, 8271675.0 ], [ 2756152.0, 8271713.0 ], [ 2756201.0, 8271739.0 ], [ 2756290.0, 8271798.0 ], [ 2756422.0, 8271886.0 ], [ 2756489.0, 8271918.0 ], [ 2756507.0, 8271924.0 ], [ 2756558.0, 8271939.0 ], [ 2756599.0, 8271944.0 ], [ 2756631.0, 8271944.0 ], [ 2756637.0, 8271943.0 ], [ 2756648.0, 8271943.0 ], [ 2756678.0, 8271939.0 ], [ 2756705.0, 8271933.0 ], [ 2756745.0, 8271922.0 ], [ 2756769.0, 8271916.0 ], [ 2756798.0, 8271911.0 ], [ 2756830.0, 8271908.0 ], [ 2756868.0, 8271908.0 ], [ 2756877.0, 8271909.0 ], [ 2756893.0, 8271910.0 ], [ 2756912.0, 8271912.0 ], [ 2757007.0, 8271920.0 ] ] } },
{ "type": "Feature", "properties": { "source": 2484155567, "target": 4177779336, "ordering_random": 27, "length": 4681, "length_cumulative": 138228 }, "geometry": { "type": "LineString", "coordinates": [ [ 2748091.0, 8264327.0 ], [ 2748091.0, 8264338.0 ], [ 2748091.0, 8264341.0 ], [ 2748087.0, 8264351.0 ], [ 2748081.0, 8264375.0 ], [ 2748075.0, 8264387.0 ], [ 2748072.0, 8264394.0 ], [ 2748068.0, 8264403.0 ], [ 2748065.0, 8264413.0 ], [ 2748060.0, 8264411.0 ], [ 2748000.0, 8264394.0 ], [ 2747999.0, 8264405.0 ], [ 2748000.0, 8264409.0 ], [ 2747992.0, 8264417.0 ], [ 2747973.0, 8264434.0 ], [ 2747946.0, 8264460.0 ], [ 2747944.0, 8264462.0 ], [ 2747914.0, 8264499.0 ], [ 2747908.0, 8264507.0 ], [ 2747909.0, 8264518.0 ], [ 2747900.0, 8264529.0 ], [ 2747899.0, 8264532.0 ], [ 2747867.0, 8264579.0 ], [ 2747862.0, 8264586.0 ], [ 2747863.0, 8264588.0 ], [ 2747865.0, 8264593.0 ], [ 2747849.0, 8264597.0 ], [ 2747834.0, 8264652.0 ], [ 2747830.0, 8264666.0 ], [ 2747823.0, 8264682.0 ], [ 2747820.0, 8264686.0 ], [ 2747803.0, 8264706.0 ], [ 2747794.0, 8264725.0 ], [ 2747787.0, 8264742.0 ], [ 2747782.0, 8264754.0 ], [ 2747738.0, 8264855.0 ], [ 2747723.0, 8264895.0 ], [ 2747710.0, 8264926.0 ], [ 2747702.0, 8264955.0 ], [ 2747700.0, 8264968.0 ], [ 2747699.0, 8265026.0 ], [ 2747696.0, 8265048.0 ], [ 2747692.0, 8265068.0 ], [ 2747686.0, 8265086.0 ], [ 2747676.0, 8265101.0 ], [ 2747666.0, 8265113.0 ], [ 2747652.0, 8265125.0 ], [ 2747637.0, 8265136.0 ], [ 2747614.0, 8265144.0 ], [ 2747453.0, 8265188.0 ], [ 2747429.0, 8265197.0 ], [ 2747399.0, 8265218.0 ], [ 2747377.0, 8265238.0 ], [ 2747355.0, 8265260.0 ], [ 2747339.0, 8265285.0 ], [ 2747327.0, 8265306.0 ], [ 2747256.0, 8265441.0 ], [ 2747226.0, 8265487.0 ], [ 2747196.0, 8265511.0 ], [ 2747167.0, 8265528.0 ], [ 2746871.0, 8265666.0 ], [ 2746794.0, 8265707.0 ], [ 2746760.0, 8265737.0 ], [ 2746742.0, 8265761.0 ], [ 2746726.0, 8265793.0 ], [ 2746715.0, 8265830.0 ], [ 2746667.0, 8266047.0 ], [ 2746651.0, 8266118.0 ], [ 2746628.0, 8266221.0 ], [ 2746616.0, 8266278.0 ], [ 2746613.0, 8266291.0 ], [ 2746607.0, 8266319.0 ], [ 2746603.0, 8266336.0 ], [ 2746585.0, 8266424.0 ], [ 2746561.0, 8266542.0 ], [ 2746547.0, 8266603.0 ], [ 2746519.0, 8266692.0 ], [ 2746496.0, 8266735.0 ], [ 2746477.0, 8266766.0 ], [ 2746467.0, 8266775.0 ], [ 2746458.0, 8266787.0 ], [ 2746452.0, 8266800.0 ], [ 2746450.0, 8266814.0 ], [ 2746450.0, 8266828.0 ], [ 2746454.0, 8266841.0 ], [ 2746462.0, 8266856.0 ], [ 2746464.0, 8266892.0 ], [ 2746463.0, 8266925.0 ], [ 2746456.0, 8266970.0 ], [ 2746415.0, 8267136.0 ], [ 2746375.0, 8267302.0 ], [ 2746368.0, 8267330.0 ], [ 2746362.0, 8267358.0 ], [ 2746360.0, 8267367.0 ], [ 2746340.0, 8267449.0 ], [ 2746321.0, 8267527.0 ], [ 2746311.0, 8267568.0 ], [ 2746303.0, 8267601.0 ], [ 2746279.0, 8267702.0 ], [ 2746212.0, 8267979.0 ], [ 2746197.0, 8268041.0 ], [ 2746184.0, 8268093.0 ], [ 2746170.0, 8268152.0 ], [ 2746160.0, 8268190.0 ], [ 2746153.0, 8268188.0 ], [ 2746151.0, 8268188.0 ] ] } },
{ "type": "Feature", "properties": { "source": 1047427302, "target": 11816629969, "ordering_random": 28, "length": 1402, "length_cumulative": 139630 }, "geometry": { "type": "MultiLineString", "coordinates": [ [ [ 2759175.0, 8272603.0 ], [ 2759165.0, 8272615.0 ] ], [ [ 2759180.0, 8272596.0 ], [ 2759202.0, 8272593.0 ], [ 2759214.0, 8272594.0 ], [ 2759228.0, 8272597.0 ], [ 2759299.0, 8272621.0 ], [ 2759379.0, 8272643.0 ], [ 2759431.0, 8272657.0 ], [ 2759434.0, 8272647.0 ], [ 2759437.0, 8272634.0 ], [ 2759444.0, 8272601.0 ], [ 2759444.0, 8272513.0 ], [ 2759609.0, 8272511.0 ], [ 2759638.0, 8272510.0 ], [ 2759667.0, 8272510.0 ], [ 2759771.0, 8272510.0 ], [ 2759797.0, 8272511.0 ], [ 2759874.0, 8272510.0 ], [ 2759874.0, 8272519.0 ], [ 2759898.0, 8272519.0 ], [ 2759903.0, 8272524.0 ], [ 2760115.0, 8272524.0 ], [ 2760147.0, 8272524.0 ], [ 2760168.0, 8272525.0 ], [ 2760209.0, 8272529.0 ], [ 2760209.0, 8272519.0 ], [ 2760249.0, 8272517.0 ], [ 2760278.0, 8272523.0 ], [ 2760305.0, 8272534.0 ], [ 2760325.0, 8272549.0 ], [ 2760339.0, 8272569.0 ], [ 2760349.0, 8272589.0 ], [ 2760353.0, 8272612.0 ] ] ] } },
{ "type": "Feature", "properties": { "source": 2266103515, "target": 2484155567, "ordering_random": 29, "length": 1954, "length_cumulative": 141585 }, "geometry": { "type": "LineString", "coordinates": [ [ 2748091.0, 8264341.0 ], [ 2748105.0, 8264346.0 ], [ 2748117.0, 8264372.0 ], [ 2748119.0, 8264371.0 ], [ 2748121.0, 8264372.0 ], [ 2748123.0, 8264372.0 ], [ 2748124.0, 8264374.0 ], [ 2748125.0, 8264376.0 ], [ 2748126.0, 8264377.0 ], [ 2748126.0, 8264379.0 ], [ 2748125.0, 8264381.0 ], [ 2748124.0, 8264383.0 ], [ 2748122.0, 8264384.0 ], [ 2748144.0, 8264433.0 ], [ 2748153.0, 8264435.0 ], [ 2748223.0, 8264457.0 ], [ 2748241.0, 8264462.0 ], [ 2748286.0, 8264476.0 ], [ 2748306.0, 8264482.0 ], [ 2748366.0, 8264444.0 ], [ 2748421.0, 8264465.0 ], [ 2748480.0, 8264483.0 ], [ 2748491.0, 8264486.0 ], [ 2748539.0, 8264494.0 ], [ 2748611.0, 8264512.0 ], [ 2748775.0, 8264554.0 ], [ 2748786.0, 8264557.0 ], [ 2749042.0, 8264637.0 ], [ 2749249.0, 8264702.0 ], [ 2749370.0, 8264741.0 ], [ 2749413.0, 8264754.0 ], [ 2749454.0, 8264769.0 ], [ 2749506.0, 8264794.0 ], [ 2749549.0, 8264813.0 ], [ 2749589.0, 8264828.0 ], [ 2749637.0, 8264841.0 ], [ 2749740.0, 8264857.0 ], [ 2749782.0, 8264865.0 ], [ 2749799.0, 8264869.0 ], [ 2749821.0, 8264875.0 ], [ 2749841.0, 8264881.0 ], [ 2749849.0, 8264885.0 ], [ 2749857.0, 8264892.0 ], [ 2749862.0, 8264901.0 ], [ 2749865.0, 8264909.0 ], [ 2749882.0, 8264910.0 ] ] } },
{ "type": "Feature", "properties": { "source": 6152286656, "target": 2746678735, "ordering_random": 30, "length": 7619, "length_cumulative": 149204 }, "geometry": { "type": "LineString", "coordinates": [ [ 2746635.0, 8261870.0 ], [ 2746601.0, 8261857.0 ], [ 2746551.0, 8261838.0 ], [ 2746412.0, 8261780.0 ], [ 2746360.0, 8261759.0 ], [ 2746312.0, 8261739.0 ], [ 2746257.0, 8261716.0 ], [ 2746215.0, 8261700.0 ], [ 2746106.0, 8261656.0 ], [ 2746069.0, 8261640.0 ], [ 2746010.0, 8261615.0 ], [ 2745934.0, 8261584.0 ], [ 2745902.0, 8261570.0 ], [ 2745840.0, 8261544.0 ], [ 2745830.0, 8261550.0 ], [ 2745816.0, 8261542.0 ], [ 2745793.0, 8261526.0 ], [ 2745595.0, 8261374.0 ], [ 2745372.0, 8261203.0 ], [ 2745290.0, 8261140.0 ], [ 2745079.0, 8260978.0 ], [ 2744901.0, 8260842.0 ], [ 2744879.0, 8260825.0 ], [ 2744709.0, 8260695.0 ], [ 2744694.0, 8260683.0 ], [ 2744678.0, 8260669.0 ], [ 2744487.0, 8260507.0 ], [ 2744476.0, 8260498.0 ], [ 2744465.0, 8260488.0 ], [ 2744336.0, 8260380.0 ], [ 2744292.0, 8260346.0 ], [ 2744271.0, 8260332.0 ], [ 2744250.0, 8260318.0 ], [ 2744225.0, 8260304.0 ], [ 2744197.0, 8260288.0 ], [ 2744153.0, 8260268.0 ], [ 2744138.0, 8260260.0 ], [ 2744056.0, 8260223.0 ], [ 2743985.0, 8260193.0 ], [ 2743972.0, 8260188.0 ], [ 2743939.0, 8260174.0 ], [ 2743806.0, 8260117.0 ], [ 2743781.0, 8260107.0 ], [ 2743761.0, 8260099.0 ], [ 2743665.0, 8260058.0 ], [ 2743547.0, 8260010.0 ], [ 2743359.0, 8259932.0 ], [ 2743281.0, 8259900.0 ], [ 2743251.0, 8259888.0 ], [ 2743011.0, 8259789.0 ], [ 2742898.0, 8259742.0 ], [ 2742857.0, 8259726.0 ], [ 2742816.0, 8259710.0 ], [ 2742777.0, 8259697.0 ], [ 2742734.0, 8259684.0 ], [ 2742646.0, 8259664.0 ], [ 2742614.0, 8259656.0 ], [ 2742579.0, 8259648.0 ], [ 2742547.0, 8259641.0 ], [ 2742474.0, 8259624.0 ], [ 2742395.0, 8259605.0 ], [ 2742335.0, 8259589.0 ], [ 2742300.0, 8259577.0 ], [ 2742284.0, 8259571.0 ], [ 2742245.0, 8259553.0 ], [ 2742210.0, 8259532.0 ], [ 2742195.0, 8259522.0 ], [ 2742179.0, 8259511.0 ], [ 2742157.0, 8259493.0 ], [ 2742139.0, 8259478.0 ], [ 2742119.0, 8259458.0 ], [ 2742100.0, 8259439.0 ], [ 2742077.0, 8259411.0 ], [ 2742054.0, 8259382.0 ], [ 2742037.0, 8259358.0 ], [ 2742015.0, 8259326.0 ], [ 2741997.0, 8259297.0 ], [ 2741935.0, 8259192.0 ], [ 2741855.0, 8259049.0 ], [ 2741828.0, 8258986.0 ], [ 2741811.0, 8258921.0 ], [ 2741801.0, 8258855.0 ], [ 2741798.0, 8258815.0 ], [ 2741802.0, 8258761.0 ], [ 2741804.0, 8258734.0 ], [ 2741817.0, 8258658.0 ], [ 2741821.0, 8258639.0 ], [ 2741824.0, 8258617.0 ], [ 2741829.0, 8258577.0 ], [ 2741833.0, 8258545.0 ], [ 2741836.0, 8258517.0 ], [ 2741841.0, 8258471.0 ], [ 2741842.0, 8258460.0 ], [ 2741846.0, 8258423.0 ], [ 2741865.0, 8258281.0 ], [ 2741869.0, 8258244.0 ], [ 2741871.0, 8258205.0 ], [ 2741864.0, 8258204.0 ], [ 2741860.0, 8258204.0 ], [ 2741852.0, 8258203.0 ], [ 2741877.0, 8258011.0 ], [ 2741878.0, 8258005.0 ], [ 2741880.0, 8257981.0 ], [ 2741883.0, 8257958.0 ], [ 2741886.0, 8257904.0 ], [ 2741886.0, 8257876.0 ], [ 2741877.0, 8257837.0 ], [ 2741867.0, 8257722.0 ], [ 2741859.0, 8257723.0 ], [ 2741856.0, 8257688.0 ], [ 2741849.0, 8257682.0 ], [ 2741841.0, 8257666.0 ], [ 2741832.0, 8257637.0 ], [ 2741829.0, 8257628.0 ], [ 2741820.0, 8257629.0 ], [ 2741810.0, 8257628.0 ], [ 2741804.0, 8257627.0 ], [ 2741793.0, 8257622.0 ], [ 2741640.0, 8257559.0 ], [ 2741629.0, 8257554.0 ], [ 2741615.0, 8257548.0 ], [ 2741612.0, 8257554.0 ], [ 2741602.0, 8257550.0 ], [ 2741591.0, 8257552.0 ], [ 2741586.0, 8257554.0 ], [ 2741579.0, 8257554.0 ], [ 2741571.0, 8257556.0 ], [ 2741553.0, 8257559.0 ], [ 2741541.0, 8257558.0 ], [ 2741538.0, 8257531.0 ], [ 2741540.0, 8257527.0 ], [ 2741513.0, 8257493.0 ], [ 2741513.0, 8257474.0 ], [ 2741519.0, 8257473.0 ], [ 2741517.0, 8257455.0 ], [ 2741516.0, 8257439.0 ], [ 2741520.0, 8257437.0 ], [ 2741519.0, 8257426.0 ], [ 2741535.0, 8257424.0 ] ] } },
{ "type": "Feature", "properties": { "source": 2746678735, "target": 4177779336, "ordering_random": 31, "length": 5663, "length_cumulative": 154868 }, "geometry": { "type": "LineString", "coordinates": [ [ 2742537.0, 8262823.0 ], [ 2742526.0, 8262814.0 ], [ 2742518.0, 8262787.0 ], [ 2742432.0, 8262464.0 ], [ 2742308.0, 8261998.0 ], [ 2742303.0, 8261977.0 ], [ 2742234.0, 8261718.0 ], [ 2742143.0, 8261373.0 ], [ 2742132.0, 8261332.0 ], [ 2741985.0, 8260789.0 ], [ 2741980.0, 8260767.0 ], [ 2741881.0, 8260398.0 ], [ 2741778.0, 8260016.0 ], [ 2741721.0, 8259807.0 ], [ 2741717.0, 8259789.0 ], [ 2741709.0, 8259755.0 ], [ 2741701.0, 8259720.0 ], [ 2741698.0, 8259686.0 ], [ 2741698.0, 8259663.0 ], [ 2741695.0, 8259589.0 ], [ 2741694.0, 8259541.0 ], [ 2741686.0, 8259533.0 ], [ 2741684.0, 8259522.0 ], [ 2741682.0, 8259514.0 ], [ 2741682.0, 8259512.0 ], [ 2741684.0, 8259507.0 ], [ 2741687.0, 8259503.0 ], [ 2741690.0, 8259497.0 ], [ 2741692.0, 8259490.0 ], [ 2741691.0, 8259485.0 ], [ 2741685.0, 8259464.0 ], [ 2741677.0, 8259440.0 ], [ 2741671.0, 8259419.0 ], [ 2741669.0, 8259404.0 ], [ 2741661.0, 8259376.0 ], [ 2741664.0, 8259343.0 ], [ 2741669.0, 8259307.0 ], [ 2741677.0, 8259260.0 ], [ 2741687.0, 8259211.0 ], [ 2741696.0, 8259161.0 ], [ 2741706.0, 8259111.0 ], [ 2741703.0, 8259107.0 ], [ 2741699.0, 8259105.0 ], [ 2741702.0, 8259096.0 ], [ 2741707.0, 8259083.0 ], [ 2741711.0, 8259080.0 ], [ 2741711.0, 8259075.0 ], [ 2741707.0, 8259060.0 ], [ 2741705.0, 8259029.0 ], [ 2741689.0, 8258900.0 ], [ 2741680.0, 8258893.0 ], [ 2741673.0, 8258879.0 ], [ 2741666.0, 8258864.0 ], [ 2741655.0, 8258793.0 ], [ 2741631.0, 8258667.0 ], [ 2741607.0, 8258487.0 ], [ 2741590.0, 8258406.0 ], [ 2741570.0, 8258212.0 ], [ 2741571.0, 8258053.0 ], [ 2741564.0, 8257969.0 ], [ 2741547.0, 8257954.0 ], [ 2741462.0, 8257892.0 ], [ 2741436.0, 8257671.0 ], [ 2741431.0, 8257631.0 ], [ 2741423.0, 8257554.0 ], [ 2741414.0, 8257477.0 ], [ 2741413.0, 8257469.0 ], [ 2741512.0, 8257456.0 ], [ 2741517.0, 8257455.0 ] ] } },
{ "type": "Feature", "properties": { "source": 2167048933, "target": 11816629969, "ordering_random": 32, "length": 3716, "length_cumulative": 158584 }, "geometry": { "type": "MultiLineString", "coordinates": [ [ [ 2760354.0, 8272698.0 ], [ 2760354.0, 8272713.0 ], [ 2760363.0, 8272713.0 ], [ 2760364.0, 8272713.0 ], [ 2760364.0, 8272729.0 ], [ 2760364.0, 8272737.0 ], [ 2760371.0, 8272738.0 ], [ 2760378.0, 8272738.0 ], [ 2760384.0, 8272738.0 ], [ 2760384.0, 8272783.0 ], [ 2760384.0, 8272827.0 ], [ 2760385.0, 8272838.0 ], [ 2760387.0, 8272849.0 ], [ 2760392.0, 8272861.0 ], [ 2760400.0, 8272870.0 ], [ 2760411.0, 8272879.0 ], [ 2760423.0, 8272884.0 ], [ 2760438.0, 8272889.0 ], [ 2760467.0, 8272897.0 ], [ 2760481.0, 8272905.0 ], [ 2760487.0, 8272911.0 ], [ 2760493.0, 8272925.0 ], [ 2760496.0, 8272926.0 ], [ 2760510.0, 8272928.0 ], [ 2760526.0, 8272930.0 ], [ 2760573.0, 8272938.0 ], [ 2760589.0, 8272939.0 ], [ 2760628.0, 8272947.0 ], [ 2760655.0, 8272953.0 ], [ 2760775.0, 8272981.0 ], [ 2760797.0, 8272986.0 ], [ 2760831.0, 8272992.0 ], [ 2760913.0, 8273005.0 ], [ 2760919.0, 8273005.0 ], [ 2760978.0, 8273017.0 ], [ 2761052.0, 8273029.0 ], [ 2761063.0, 8273031.0 ], [ 2761093.0, 8273032.0 ], [ 2761095.0, 8273032.0 ], [ 2761147.0, 8273038.0 ], [ 2761185.0, 8273041.0 ], [ 2761222.0, 8273045.0 ], [ 2761255.0, 8273049.0 ], [ 2761282.0, 8273051.0 ], [ 2761316.0, 8273050.0 ], [ 2761332.0, 8273052.0 ], [ 2761353.0, 8273054.0 ], [ 2761361.0, 8273054.0 ], [ 2761375.0, 8273056.0 ], [ 2761580.0, 8273076.0 ], [ 2761650.0, 8273084.0 ], [ 2761682.0, 8273089.0 ], [ 2761732.0, 8273096.0 ], [ 2761772.0, 8273098.0 ], [ 2761781.0, 8273098.0 ], [ 2761834.0, 8273102.0 ], [ 2761900.0, 8273109.0 ], [ 2761967.0, 8273115.0 ], [ 2762003.0, 8273120.0 ], [ 2762173.0, 8273138.0 ], [ 2762192.0, 8273134.0 ], [ 2762203.0, 8273136.0 ], [ 2762213.0, 8273137.0 ], [ 2762227.0, 8273141.0 ], [ 2762235.0, 8273143.0 ], [ 2762342.0, 8273155.0 ], [ 2762383.0, 8273159.0 ], [ 2762395.0, 8273160.0 ], [ 2762502.0, 8273171.0 ], [ 2762662.0, 8273187.0 ], [ 2762675.0, 8273185.0 ], [ 2762720.0, 8273176.0 ], [ 2762721.0, 8273169.0 ], [ 2762737.0, 8273036.0 ], [ 2762741.0, 8273004.0 ], [ 2762748.0, 8272930.0 ], [ 2762752.0, 8272874.0 ], [ 2762765.0, 8272875.0 ], [ 2762768.0, 8272851.0 ], [ 2762773.0, 8272808.0 ], [ 2762787.0, 8272657.0 ], [ 2762805.0, 8272463.0 ], [ 2762812.0, 8272390.0 ], [ 2762822.0, 8272291.0 ] ], [ [ 2762822.0, 8272291.0 ], [ 2762825.0, 8272251.0 ], [ 2762826.0, 8272240.0 ], [ 2762872.0, 8272233.0 ], [ 2762873.0, 8272221.0 ], [ 2762910.0, 8272212.0 ], [ 2762913.0, 8272215.0 ], [ 2762917.0, 8272219.0 ], [ 2762921.0, 8272223.0 ], [ 2762931.0, 8272228.0 ], [ 2762944.0, 8272225.0 ], [ 2762961.0, 8272221.0 ], [ 2762968.0, 8272220.0 ], [ 2762969.0, 8272226.0 ], [ 2762971.0, 8272233.0 ], [ 2762973.0, 8272239.0 ], [ 2762974.0, 8272244.0 ], [ 2762977.0, 8272254.0 ] ] ] } },
{ "type": "Feature", "properties": { "source": 1133646735, "target": 1047427302, "ordering_random": 33, "length": 4976, "length_cumulative": 163561 }, "geometry": { "type": "LineString", "coordinates": [ [ 2753673.0, 8275997.0 ], [ 2753649.0, 8275980.0 ], [ 2753601.0, 8275946.0 ], [ 2753606.0, 8275938.0 ], [ 2753618.0, 8275919.0 ], [ 2753505.0, 8275813.0 ], [ 2753478.0, 8275785.0 ], [ 2753453.0, 8275755.0 ], [ 2753425.0, 8275716.0 ], [ 2753408.0, 8275689.0 ], [ 2753420.0, 8275683.0 ], [ 2753370.0, 8275582.0 ], [ 2753347.0, 8275528.0 ], [ 2753358.0, 8275523.0 ], [ 2753337.0, 8275478.0 ], [ 2753313.0, 8275421.0 ], [ 2753298.0, 8275390.0 ], [ 2753293.0, 8275379.0 ], [ 2753281.0, 8275351.0 ], [ 2753273.0, 8275333.0 ], [ 2753253.0, 8275282.0 ], [ 2753251.0, 8275278.0 ], [ 2753245.0, 8275245.0 ], [ 2753250.0, 8275187.0 ], [ 2753251.0, 8275186.0 ], [ 2753254.0, 8275155.0 ], [ 2753261.0, 8275100.0 ], [ 2753264.0, 8275078.0 ], [ 2753272.0, 8275028.0 ], [ 2753275.0, 8275010.0 ], [ 2753277.0, 8274997.0 ], [ 2753283.0, 8274990.0 ], [ 2753292.0, 8274986.0 ], [ 2753291.0, 8274975.0 ], [ 2753291.0, 8274960.0 ], [ 2753291.0, 8274951.0 ], [ 2753294.0, 8274936.0 ], [ 2753299.0, 8274916.0 ], [ 2753319.0, 8274871.0 ], [ 2753338.0, 8274836.0 ], [ 2753342.0, 8274829.0 ], [ 2753382.0, 8274748.0 ], [ 2753417.0, 8274680.0 ], [ 2753428.0, 8274655.0 ], [ 2753487.0, 8274534.0 ], [ 2753495.0, 8274526.0 ], [ 2753497.0, 8274519.0 ], [ 2753499.0, 8274512.0 ], [ 2753499.0, 8274498.0 ], [ 2753503.0, 8274490.0 ], [ 2753527.0, 8274464.0 ], [ 2753550.0, 8274447.0 ], [ 2753569.0, 8274433.0 ], [ 2753602.0, 8274410.0 ], [ 2753632.0, 8274390.0 ], [ 2753659.0, 8274372.0 ], [ 2753691.0, 8274352.0 ], [ 2753717.0, 8274335.0 ], [ 2753727.0, 8274328.0 ], [ 2753734.0, 8274324.0 ], [ 2753738.0, 8274320.0 ], [ 2753756.0, 8274309.0 ], [ 2753764.0, 8274303.0 ], [ 2753775.0, 8274295.0 ], [ 2753777.0, 8274283.0 ], [ 2753780.0, 8274269.0 ], [ 2753787.0, 8274256.0 ], [ 2753812.0, 8274241.0 ], [ 2753836.0, 8274226.0 ], [ 2753892.0, 8274188.0 ], [ 2753900.0, 8274183.0 ], [ 2753917.0, 8274171.0 ], [ 2753922.0, 8274168.0 ], [ 2753932.0, 8274162.0 ], [ 2753960.0, 8274145.0 ], [ 2753994.0, 8274124.0 ], [ 2754027.0, 8274102.0 ], [ 2754025.0, 8274080.0 ], [ 2754061.0, 8274059.0 ], [ 2754085.0, 8274046.0 ], [ 2754099.0, 8274033.0 ], [ 2754101.0, 8274031.0 ], [ 2754109.0, 8274022.0 ], [ 2754124.0, 8273987.0 ], [ 2754155.0, 8273921.0 ], [ 2754174.0, 8273881.0 ], [ 2754181.0, 8273866.0 ], [ 2754203.0, 8273820.0 ], [ 2754232.0, 8273754.0 ], [ 2754234.0, 8273751.0 ], [ 2754281.0, 8273650.0 ], [ 2754295.0, 8273615.0 ], [ 2754298.0, 8273590.0 ], [ 2754297.0, 8273536.0 ], [ 2754297.0, 8273517.0 ], [ 2754297.0, 8273516.0 ], [ 2754296.0, 8273456.0 ], [ 2754295.0, 8273360.0 ], [ 2754292.0, 8273338.0 ], [ 2754290.0, 8273326.0 ], [ 2754291.0, 8273318.0 ], [ 2754291.0, 8273312.0 ], [ 2754291.0, 8273308.0 ], [ 2754291.0, 8273295.0 ], [ 2754291.0, 8273286.0 ], [ 2754291.0, 8273275.0 ], [ 2754290.0, 8273200.0 ], [ 2754292.0, 8273191.0 ], [ 2754292.0, 8273184.0 ], [ 2754292.0, 8273178.0 ], [ 2754292.0, 8273172.0 ], [ 2754292.0, 8273157.0 ], [ 2754292.0, 8273043.0 ], [ 2754293.0, 8272896.0 ], [ 2754293.0, 8272862.0 ], [ 2754293.0, 8272805.0 ], [ 2754293.0, 8272783.0 ], [ 2754294.0, 8272685.0 ], [ 2754294.0, 8272613.0 ], [ 2754294.0, 8272543.0 ], [ 2754294.0, 8272535.0 ], [ 2754294.0, 8272526.0 ], [ 2754294.0, 8272517.0 ], [ 2754295.0, 8272508.0 ], [ 2754296.0, 8272491.0 ], [ 2754300.0, 8272449.0 ], [ 2754299.0, 8272418.0 ], [ 2754299.0, 8272409.0 ], [ 2754300.0, 8272349.0 ], [ 2754298.0, 8272295.0 ], [ 2754296.0, 8272243.0 ], [ 2754295.0, 8272203.0 ], [ 2754298.0, 8272092.0 ], [ 2754295.0, 8272057.0 ], [ 2754285.0, 8272058.0 ], [ 2754277.0, 8272015.0 ], [ 2754277.0, 8272010.0 ], [ 2754275.0, 8271991.0 ], [ 2754266.0, 8271957.0 ], [ 2754256.0, 8271912.0 ], [ 2754252.0, 8271896.0 ], [ 2754226.0, 8271877.0 ], [ 2754225.0, 8271876.0 ], [ 2754218.0, 8271871.0 ], [ 2754209.0, 8271865.0 ], [ 2754205.0, 8271858.0 ], [ 2754198.0, 8271840.0 ], [ 2754187.0, 8271824.0 ], [ 2754157.0, 8271799.0 ], [ 2754129.0, 8271762.0 ], [ 2754122.0, 8271752.0 ], [ 2754114.0, 8271747.0 ], [ 2754108.0, 8271743.0 ], [ 2754105.0, 8271740.0 ], [ 2754079.0, 8271761.0 ], [ 2754076.0, 8271759.0 ], [ 2754071.0, 8271755.0 ] ] } },
{ "type": "Feature", "properties": { "source": 2342228638, "target": 1047427302, "ordering_random": 34, "length": 3708, "length_cumulative": 167269 }, "geometry": { "type": "LineString", "coordinates": [ [ 2753408.0, 8275689.0 ], [ 2753376.0, 8275627.0 ], [ 2753321.0, 8275504.0 ], [ 2753258.0, 8275360.0 ], [ 2753243.0, 8275335.0 ], [ 2753222.0, 8275283.0 ], [ 2753217.0, 8275264.0 ], [ 2753215.0, 8275238.0 ], [ 2753213.0, 8275215.0 ], [ 2753215.0, 8275187.0 ], [ 2753233.0, 8275085.0 ], [ 2753240.0, 8275046.0 ], [ 2753231.0, 8275029.0 ], [ 2753222.0, 8275020.0 ], [ 2753213.0, 8275015.0 ], [ 2753193.0, 8275015.0 ], [ 2753185.0, 8275020.0 ], [ 2753182.0, 8275005.0 ], [ 2753182.0, 8275002.0 ], [ 2753180.0, 8274990.0 ], [ 2753176.0, 8274974.0 ], [ 2753159.0, 8274899.0 ], [ 2753147.0, 8274849.0 ], [ 2753143.0, 8274833.0 ], [ 2753134.0, 8274780.0 ], [ 2753133.0, 8274714.0 ], [ 2753133.0, 8274704.0 ], [ 2753134.0, 8274652.0 ], [ 2753137.0, 8274609.0 ], [ 2753131.0, 8274607.0 ], [ 2753133.0, 8274599.0 ], [ 2753136.0, 8274576.0 ], [ 2753140.0, 8274542.0 ], [ 2753156.0, 8274539.0 ], [ 2753175.0, 8274468.0 ], [ 2753178.0, 8274457.0 ], [ 2753180.0, 8274450.0 ], [ 2753182.0, 8274441.0 ], [ 2753139.0, 8274430.0 ], [ 2753079.0, 8274413.0 ], [ 2753054.0, 8274407.0 ], [ 2753083.0, 8274248.0 ], [ 2753090.0, 8274210.0 ], [ 2753091.0, 8274202.0 ], [ 2753087.0, 8274195.0 ], [ 2753076.0, 8274190.0 ], [ 2753078.0, 8274132.0 ], [ 2753078.0, 8274127.0 ], [ 2753080.0, 8274115.0 ], [ 2753068.0, 8274100.0 ], [ 2753062.0, 8274089.0 ], [ 2753063.0, 8274063.0 ], [ 2753064.0, 8274055.0 ], [ 2753056.0, 8274048.0 ], [ 2753065.0, 8274012.0 ], [ 2753081.0, 8273948.0 ], [ 2753083.0, 8273938.0 ], [ 2752992.0, 8273895.0 ], [ 2752980.0, 8273890.0 ], [ 2752967.0, 8273882.0 ], [ 2752944.0, 8273869.0 ], [ 2752871.0, 8273833.0 ], [ 2752779.0, 8273788.0 ], [ 2752765.0, 8273781.0 ], [ 2752728.0, 8273762.0 ], [ 2752701.0, 8273749.0 ], [ 2752633.0, 8273719.0 ], [ 2752636.0, 8273705.0 ], [ 2752644.0, 8273664.0 ], [ 2752647.0, 8273647.0 ], [ 2752666.0, 8273554.0 ], [ 2752670.0, 8273537.0 ], [ 2752640.0, 8273528.0 ], [ 2752599.0, 8273499.0 ], [ 2752575.0, 8273473.0 ], [ 2752562.0, 8273448.0 ], [ 2752550.0, 8273416.0 ], [ 2752550.0, 8273398.0 ], [ 2752553.0, 8273365.0 ], [ 2752617.0, 8273207.0 ], [ 2752692.0, 8273052.0 ], [ 2752720.0, 8272994.0 ], [ 2752740.0, 8272949.0 ], [ 2752765.0, 8272902.0 ], [ 2752795.0, 8272847.0 ], [ 2752825.0, 8272805.0 ], [ 2752833.0, 8272794.0 ], [ 2752824.0, 8272789.0 ], [ 2752823.0, 8272788.0 ], [ 2752816.0, 8272790.0 ], [ 2752804.0, 8272790.0 ], [ 2752792.0, 8272794.0 ], [ 2752785.0, 8272802.0 ], [ 2752777.0, 8272811.0 ], [ 2752774.0, 8272810.0 ], [ 2752731.0, 8272796.0 ], [ 2752701.0, 8272787.0 ], [ 2752696.0, 8272785.0 ], [ 2752687.0, 8272782.0 ], [ 2752684.0, 8272781.0 ] ] } },
{ "type": "Feature", "properties": { "source": 1047427302, "target": 4177779336, "ordering_random": 35, "length": 3816, "length_cumulative": 171086 }, "geometry": { "type": "LineString", "coordinates": [ [ 2753258.0, 8275360.0 ], [ 2753251.0, 8275363.0 ], [ 2753247.0, 8275360.0 ], [ 2753240.0, 8275354.0 ], [ 2753233.0, 8275351.0 ], [ 2753224.0, 8275349.0 ], [ 2753064.0, 8275352.0 ], [ 2753064.0, 8275344.0 ], [ 2752866.0, 8275349.0 ], [ 2752846.0, 8275345.0 ], [ 2752830.0, 8275339.0 ], [ 2752811.0, 8275330.0 ], [ 2752797.0, 8275321.0 ], [ 2752742.0, 8275282.0 ], [ 2752650.0, 8275221.0 ], [ 2752588.0, 8275181.0 ], [ 2752554.0, 8275159.0 ], [ 2752535.0, 8275148.0 ], [ 2752497.0, 8275124.0 ], [ 2752433.0, 8275084.0 ], [ 2752397.0, 8275059.0 ], [ 2752368.0, 8275033.0 ], [ 2752342.0, 8275001.0 ], [ 2752330.0, 8274982.0 ], [ 2752293.0, 8274919.0 ], [ 2752270.0, 8274887.0 ], [ 2752259.0, 8274873.0 ], [ 2752253.0, 8274867.0 ], [ 2752246.0, 8274861.0 ], [ 2752233.0, 8274855.0 ], [ 2752127.0, 8274815.0 ], [ 2752104.0, 8274807.0 ], [ 2752078.0, 8274797.0 ], [ 2752062.0, 8274790.0 ], [ 2751961.0, 8274753.0 ], [ 2751928.0, 8274740.0 ], [ 2751893.0, 8274727.0 ], [ 2751869.0, 8274718.0 ], [ 2751854.0, 8274712.0 ], [ 2751809.0, 8274695.0 ], [ 2751789.0, 8274688.0 ], [ 2751711.0, 8274658.0 ], [ 2751615.0, 8274622.0 ], [ 2751565.0, 8274605.0 ], [ 2751537.0, 8274589.0 ], [ 2751507.0, 8274571.0 ], [ 2751432.0, 8274528.0 ], [ 2751424.0, 8274523.0 ], [ 2751393.0, 8274512.0 ], [ 2751380.0, 8274507.0 ], [ 2751352.0, 8274499.0 ], [ 2751336.0, 8274493.0 ], [ 2751314.0, 8274484.0 ], [ 2751288.0, 8274474.0 ], [ 2751191.0, 8274414.0 ], [ 2751122.0, 8274370.0 ], [ 2751036.0, 8274314.0 ], [ 2750983.0, 8274281.0 ], [ 2750951.0, 8274261.0 ], [ 2750943.0, 8274256.0 ], [ 2750704.0, 8274109.0 ], [ 2750667.0, 8274089.0 ], [ 2750572.0, 8274031.0 ], [ 2750488.0, 8273979.0 ], [ 2750452.0, 8273956.0 ], [ 2750404.0, 8273927.0 ], [ 2750369.0, 8273905.0 ], [ 2750354.0, 8273895.0 ], [ 2750299.0, 8273858.0 ], [ 2750250.0, 8273829.0 ], [ 2750225.0, 8273808.0 ], [ 2750189.0, 8273785.0 ], [ 2750162.0, 8273769.0 ], [ 2750147.0, 8273757.0 ], [ 2750121.0, 8273738.0 ], [ 2750084.0, 8273734.0 ], [ 2750071.0, 8273734.0 ], [ 2750010.0, 8273732.0 ], [ 2749929.0, 8273725.0 ] ] } },
{ "type": "Feature", "properties": { "source": 2342228638, "target": 1133646735, "ordering_random": 36, "length": 1637, "length_cumulative": 172724 }, "geometry": { "type": "LineString", "coordinates": [ [ 2752816.0, 8272790.0 ], [ 2752820.0, 8272784.0 ], [ 2752822.0, 8272769.0 ], [ 2752841.0, 8272735.0 ], [ 2752867.0, 8272701.0 ], [ 2752890.0, 8272665.0 ], [ 2752912.0, 8272634.0 ], [ 2752965.0, 8272573.0 ], [ 2753013.0, 8272519.0 ], [ 2753062.0, 8272471.0 ], [ 2753089.0, 8272444.0 ], [ 2753111.0, 8272421.0 ], [ 2753145.0, 8272396.0 ], [ 2753172.0, 8272376.0 ], [ 2753221.0, 8272337.0 ], [ 2753309.0, 8272266.0 ], [ 2753386.0, 8272209.0 ], [ 2753416.0, 8272190.0 ], [ 2753434.0, 8272177.0 ], [ 2753541.0, 8272105.0 ], [ 2753578.0, 8272075.0 ], [ 2753636.0, 8272040.0 ], [ 2753714.0, 8271992.0 ], [ 2753744.0, 8271965.0 ], [ 2753839.0, 8271907.0 ], [ 2753896.0, 8271868.0 ], [ 2753975.0, 8271815.0 ], [ 2754013.0, 8271778.0 ], [ 2754027.0, 8271764.0 ], [ 2754027.0, 8271754.0 ], [ 2754030.0, 8271747.0 ], [ 2754033.0, 8271744.0 ], [ 2754039.0, 8271737.0 ] ] } },
{ "type": "Feature", "properties": { "source": 2746678735, "target": 3003419166, "ordering_random": 37, "length": 2358, "length_cumulative": 175082 }, "geometry": { "type": "LineString", "coordinates": [ [ 2743042.0, 8260742.0 ], [ 2743037.0, 8260737.0 ], [ 2742979.0, 8260681.0 ], [ 2742946.0, 8260651.0 ], [ 2742905.0, 8260631.0 ], [ 2742888.0, 8260616.0 ], [ 2742877.0, 8260606.0 ], [ 2742858.0, 8260587.0 ], [ 2742851.0, 8260586.0 ], [ 2742816.0, 8260592.0 ], [ 2742750.0, 8260602.0 ], [ 2742727.0, 8260603.0 ], [ 2742708.0, 8260603.0 ], [ 2742689.0, 8260601.0 ], [ 2742689.0, 8260598.0 ], [ 2742685.0, 8260590.0 ], [ 2742678.0, 8260585.0 ], [ 2742670.0, 8260583.0 ], [ 2742662.0, 8260584.0 ], [ 2742642.0, 8260571.0 ], [ 2742619.0, 8260551.0 ], [ 2742582.0, 8260503.0 ], [ 2742558.0, 8260472.0 ], [ 2742519.0, 8260421.0 ], [ 2742497.0, 8260392.0 ], [ 2742441.0, 8260320.0 ], [ 2742400.0, 8260268.0 ], [ 2742370.0, 8260230.0 ], [ 2742349.0, 8260202.0 ], [ 2742341.0, 8260192.0 ], [ 2742324.0, 8260172.0 ], [ 2742251.0, 8260077.0 ], [ 2742191.0, 8260000.0 ], [ 2742165.0, 8259969.0 ], [ 2742149.0, 8259952.0 ], [ 2742095.0, 8259895.0 ], [ 2742066.0, 8259865.0 ], [ 2742060.0, 8259858.0 ], [ 2742020.0, 8259817.0 ], [ 2742009.0, 8259807.0 ], [ 2742003.0, 8259801.0 ], [ 2741953.0, 8259750.0 ], [ 2741853.0, 8259648.0 ], [ 2741847.0, 8259644.0 ], [ 2741821.0, 8259622.0 ], [ 2741805.0, 8259608.0 ], [ 2741782.0, 8259596.0 ], [ 2741773.0, 8259596.0 ], [ 2741764.0, 8259595.0 ], [ 2741750.0, 8259588.0 ], [ 2741743.0, 8259582.0 ], [ 2741738.0, 8259575.0 ], [ 2741734.0, 8259567.0 ], [ 2741732.0, 8259558.0 ], [ 2741731.0, 8259547.0 ], [ 2741724.0, 8259524.0 ], [ 2741699.0, 8259462.0 ], [ 2741691.0, 8259444.0 ], [ 2741685.0, 8259423.0 ], [ 2741681.0, 8259403.0 ], [ 2741679.0, 8259387.0 ], [ 2741679.0, 8259357.0 ], [ 2741691.0, 8259281.0 ], [ 2741724.0, 8259100.0 ], [ 2741729.0, 8259078.0 ], [ 2741711.0, 8259075.0 ] ] } },
{ "type": "Feature", "properties": { "source": 6152286656, "target": 2484155567, "ordering_random": 38, "length": 57, "length_cumulative": 175140 }, "geometry": { "type": "LineString", "coordinates": [ [ 2748091.0, 8264327.0 ], [ 2748091.0, 8264326.0 ], [ 2748092.0, 8264320.0 ], [ 2748095.0, 8264312.0 ], [ 2748097.0, 8264305.0 ], [ 2748110.0, 8264291.0 ], [ 2748116.0, 8264277.0 ] ] } },
{ "type": "Feature", "properties": { "source": 2342228638, "target": 3934392099, "ordering_random": 39, "length": 3178, "length_cumulative": 178318 }, "geometry": { "type": "LineString", "coordinates": [ [ 2753246.0, 8269762.0 ], [ 2753237.0, 8269772.0 ], [ 2753229.0, 8269780.0 ], [ 2753238.0, 8269790.0 ], [ 2753260.0, 8269813.0 ], [ 2753271.0, 8269827.0 ], [ 2753279.0, 8269842.0 ], [ 2753286.0, 8269855.0 ], [ 2753296.0, 8269892.0 ], [ 2753300.0, 8269931.0 ], [ 2753301.0, 8269938.0 ], [ 2753303.0, 8269950.0 ], [ 2753303.0, 8269955.0 ], [ 2753310.0, 8270042.0 ], [ 2753314.0, 8270104.0 ], [ 2753312.0, 8270135.0 ], [ 2753305.0, 8270181.0 ], [ 2753282.0, 8270273.0 ], [ 2753252.0, 8270398.0 ], [ 2753221.0, 8270529.0 ], [ 2753215.0, 8270555.0 ], [ 2753208.0, 8270589.0 ], [ 2753193.0, 8270652.0 ], [ 2753190.0, 8270664.0 ], [ 2753185.0, 8270684.0 ], [ 2753181.0, 8270699.0 ], [ 2753176.0, 8270722.0 ], [ 2753155.0, 8270813.0 ], [ 2753142.0, 8270868.0 ], [ 2753128.0, 8270924.0 ], [ 2753062.0, 8271202.0 ], [ 2753060.0, 8271214.0 ], [ 2753012.0, 8271413.0 ], [ 2752970.0, 8271593.0 ], [ 2752920.0, 8271802.0 ], [ 2752905.0, 8271869.0 ], [ 2752899.0, 8271893.0 ], [ 2752879.0, 8271972.0 ], [ 2752865.0, 8272028.0 ], [ 2752859.0, 8272053.0 ], [ 2752851.0, 8272076.0 ], [ 2752834.0, 8272118.0 ], [ 2752819.0, 8272146.0 ], [ 2752814.0, 8272155.0 ], [ 2752793.0, 8272192.0 ], [ 2752763.0, 8272232.0 ], [ 2752740.0, 8272257.0 ], [ 2752750.0, 8272265.0 ], [ 2752774.0, 8272281.0 ], [ 2752780.0, 8272283.0 ], [ 2752784.0, 8272311.0 ], [ 2752781.0, 8272331.0 ], [ 2752782.0, 8272337.0 ], [ 2752778.0, 8272350.0 ], [ 2752747.0, 8272471.0 ], [ 2752741.0, 8272494.0 ], [ 2752748.0, 8272558.0 ], [ 2752753.0, 8272582.0 ], [ 2752722.0, 8272667.0 ], [ 2752691.0, 8272757.0 ], [ 2752679.0, 8272767.0 ], [ 2752673.0, 8272777.0 ] ] } },
{ "type": "Feature", "properties": { "source": 901229260, "target": 11480627606, "ordering_random": 40, "length": 2976, "length_cumulative": 181294 }, "geometry": { "type": "LineString", "coordinates": [ [ 2752361.0, 8265979.0 ], [ 2752363.0, 8265988.0 ], [ 2752368.0, 8265997.0 ], [ 2752377.0, 8266000.0 ], [ 2752375.0, 8266012.0 ], [ 2752375.0, 8266034.0 ], [ 2752376.0, 8266048.0 ], [ 2752379.0, 8266065.0 ], [ 2752385.0, 8266094.0 ], [ 2752380.0, 8266116.0 ], [ 2752522.0, 8266675.0 ], [ 2752576.0, 8266891.0 ], [ 2752654.0, 8267197.0 ], [ 2752657.0, 8267207.0 ], [ 2752665.0, 8267238.0 ], [ 2752690.0, 8267335.0 ], [ 2752736.0, 8267511.0 ], [ 2752761.0, 8267586.0 ], [ 2752779.0, 8267638.0 ], [ 2752799.0, 8267690.0 ], [ 2752804.0, 8267706.0 ], [ 2752832.0, 8267774.0 ], [ 2752838.0, 8267787.0 ], [ 2752852.0, 8267819.0 ], [ 2752871.0, 8267869.0 ], [ 2752899.0, 8267944.0 ], [ 2752916.0, 8267988.0 ], [ 2752944.0, 8268060.0 ], [ 2752954.0, 8268084.0 ], [ 2752962.0, 8268104.0 ], [ 2752971.0, 8268124.0 ], [ 2752996.0, 8268183.0 ], [ 2753004.0, 8268201.0 ], [ 2753064.0, 8268323.0 ], [ 2753118.0, 8268433.0 ], [ 2753121.0, 8268440.0 ], [ 2753130.0, 8268459.0 ], [ 2753155.0, 8268506.0 ], [ 2753211.0, 8268614.0 ], [ 2753215.0, 8268622.0 ], [ 2753228.0, 8268646.0 ], [ 2753253.0, 8268695.0 ], [ 2753295.0, 8268782.0 ] ] } },
{ "type": "Feature", "properties": { "source": 3003419180, "target": 4177779336, "ordering_random": 41, "length": 2561, "length_cumulative": 183855 }, "geometry": { "type": "LineString", "coordinates": [ [ 2744756.0, 8262398.0 ], [ 2744774.0, 8262419.0 ], [ 2744809.0, 8262449.0 ], [ 2744901.0, 8262539.0 ], [ 2745078.0, 8262711.0 ], [ 2745257.0, 8262879.0 ], [ 2745274.0, 8262897.0 ], [ 2745187.0, 8263044.0 ], [ 2745198.0, 8263052.0 ], [ 2745351.0, 8263145.0 ], [ 2745455.0, 8263205.0 ], [ 2745461.0, 8263208.0 ], [ 2745455.0, 8263219.0 ], [ 2745511.0, 8263251.0 ], [ 2745532.0, 8263263.0 ], [ 2745542.0, 8263269.0 ], [ 2745549.0, 8263273.0 ], [ 2745566.0, 8263282.0 ], [ 2745581.0, 8263291.0 ], [ 2745600.0, 8263302.0 ], [ 2745604.0, 8263304.0 ], [ 2745602.0, 8263319.0 ], [ 2745643.0, 8263342.0 ], [ 2745709.0, 8263378.0 ], [ 2745825.0, 8263446.0 ], [ 2745836.0, 8263453.0 ], [ 2745905.0, 8263496.0 ], [ 2745905.0, 8263502.0 ], [ 2745905.0, 8263512.0 ], [ 2745904.0, 8263524.0 ], [ 2745904.0, 8263533.0 ], [ 2745904.0, 8263541.0 ], [ 2745909.0, 8263558.0 ], [ 2745912.0, 8263566.0 ], [ 2745913.0, 8263574.0 ], [ 2745947.0, 8263595.0 ], [ 2745946.0, 8263603.0 ], [ 2745943.0, 8263634.0 ], [ 2745933.0, 8263648.0 ], [ 2745919.0, 8263646.0 ], [ 2745917.0, 8263667.0 ], [ 2745904.0, 8263703.0 ], [ 2745886.0, 8263724.0 ], [ 2745884.0, 8263734.0 ], [ 2745876.0, 8263774.0 ], [ 2746044.0, 8263815.0 ], [ 2746040.0, 8263829.0 ], [ 2746040.0, 8263831.0 ], [ 2746016.0, 8263908.0 ], [ 2746011.0, 8263926.0 ], [ 2746006.0, 8263945.0 ], [ 2745982.0, 8264033.0 ], [ 2745980.0, 8264039.0 ], [ 2745964.0, 8264104.0 ] ] } },
{ "type": "Feature", "properties": { "source": 3934392099, "target": 4177779336, "ordering_random": 42, "length": 8543, "length_cumulative": 192398 }, "geometry": { "type": "LineString", "coordinates": [ [ 2753229.0, 8269780.0 ], [ 2753221.0, 8269787.0 ], [ 2753217.0, 8269791.0 ], [ 2753248.0, 8269821.0 ], [ 2753257.0, 8269837.0 ], [ 2753274.0, 8269879.0 ], [ 2753281.0, 8269939.0 ], [ 2753284.0, 8269956.0 ], [ 2753285.0, 8269966.0 ], [ 2753288.0, 8269991.0 ], [ 2753291.0, 8270017.0 ], [ 2753295.0, 8270047.0 ], [ 2753297.0, 8270073.0 ], [ 2753297.0, 8270102.0 ], [ 2753297.0, 8270135.0 ], [ 2753295.0, 8270149.0 ], [ 2753292.0, 8270172.0 ], [ 2753286.0, 8270197.0 ], [ 2753277.0, 8270235.0 ], [ 2753261.0, 8270303.0 ], [ 2753245.0, 8270368.0 ], [ 2753238.0, 8270397.0 ], [ 2753232.0, 8270423.0 ], [ 2753207.0, 8270526.0 ], [ 2753204.0, 8270540.0 ], [ 2753178.0, 8270653.0 ], [ 2753169.0, 8270655.0 ], [ 2753166.0, 8270662.0 ], [ 2753156.0, 8270661.0 ], [ 2753139.0, 8270669.0 ], [ 2753108.0, 8270683.0 ], [ 2753104.0, 8270685.0 ], [ 2752993.0, 8270736.0 ], [ 2752906.0, 8270777.0 ], [ 2752887.0, 8270786.0 ], [ 2752872.0, 8270793.0 ], [ 2752859.0, 8270799.0 ], [ 2752809.0, 8270822.0 ], [ 2752776.0, 8270837.0 ], [ 2752562.0, 8270932.0 ], [ 2752550.0, 8270938.0 ], [ 2752382.0, 8271014.0 ], [ 2752363.0, 8271023.0 ], [ 2752343.0, 8271031.0 ], [ 2752328.0, 8271038.0 ], [ 2752287.0, 8271056.0 ], [ 2752283.0, 8271058.0 ], [ 2752222.0, 8271085.0 ], [ 2752163.0, 8271111.0 ], [ 2752154.0, 8271115.0 ], [ 2752056.0, 8271159.0 ], [ 2752007.0, 8271181.0 ], [ 2751950.0, 8271206.0 ], [ 2751937.0, 8271212.0 ], [ 2751925.0, 8271218.0 ], [ 2751911.0, 8271224.0 ], [ 2751790.0, 8271279.0 ], [ 2751709.0, 8271314.0 ], [ 2751589.0, 8271368.0 ], [ 2751576.0, 8271374.0 ], [ 2751487.0, 8271415.0 ], [ 2751476.0, 8271420.0 ], [ 2751406.0, 8271450.0 ], [ 2751267.0, 8271510.0 ], [ 2751106.0, 8271578.0 ], [ 2751066.0, 8271590.0 ], [ 2751032.0, 8271602.0 ], [ 2751016.0, 8271612.0 ], [ 2751002.0, 8271619.0 ], [ 2750978.0, 8271630.0 ], [ 2750846.0, 8271691.0 ], [ 2750836.0, 8271695.0 ], [ 2750827.0, 8271699.0 ], [ 2750738.0, 8271739.0 ], [ 2750592.0, 8271803.0 ], [ 2750579.0, 8271809.0 ], [ 2750566.0, 8271814.0 ], [ 2750404.0, 8271885.0 ], [ 2750392.0, 8271890.0 ], [ 2750383.0, 8271877.0 ], [ 2750373.0, 8271881.0 ], [ 2750369.0, 8271885.0 ], [ 2750369.0, 8271891.0 ], [ 2750364.0, 8271890.0 ], [ 2750358.0, 8271890.0 ], [ 2750270.0, 8271929.0 ], [ 2750210.0, 8271956.0 ], [ 2750103.0, 8272004.0 ], [ 2750021.0, 8272041.0 ], [ 2750019.0, 8272043.0 ], [ 2750019.0, 8272045.0 ], [ 2750008.0, 8272050.0 ], [ 2750000.0, 8272054.0 ], [ 2749844.0, 8272126.0 ], [ 2749831.0, 8272136.0 ], [ 2749812.0, 8272152.0 ], [ 2749807.0, 8272154.0 ], [ 2749803.0, 8272155.0 ], [ 2749798.0, 8272159.0 ], [ 2749784.0, 8272164.0 ], [ 2749718.0, 8272183.0 ], [ 2749709.0, 8272184.0 ], [ 2749699.0, 8272182.0 ], [ 2749689.0, 8272182.0 ], [ 2749678.0, 8272183.0 ], [ 2749672.0, 8272185.0 ], [ 2749635.0, 8272198.0 ], [ 2749608.0, 8272206.0 ], [ 2749601.0, 8272210.0 ], [ 2749561.0, 8272231.0 ], [ 2749558.0, 8272247.0 ], [ 2749472.0, 8272288.0 ], [ 2749489.0, 8272322.0 ], [ 2749478.0, 8272327.0 ], [ 2749471.0, 8272331.0 ], [ 2749460.0, 8272336.0 ], [ 2749449.0, 8272340.0 ], [ 2749429.0, 8272353.0 ], [ 2749406.0, 8272363.0 ], [ 2749395.0, 8272368.0 ], [ 2749249.0, 8272436.0 ], [ 2749231.0, 8272444.0 ], [ 2749162.0, 8272474.0 ], [ 2749141.0, 8272483.0 ], [ 2749096.0, 8272502.0 ], [ 2748971.0, 8272554.0 ], [ 2748907.0, 8272580.0 ], [ 2748721.0, 8272661.0 ], [ 2748665.0, 8272687.0 ], [ 2748371.0, 8272823.0 ], [ 2748344.0, 8272838.0 ], [ 2748327.0, 8272846.0 ], [ 2748168.0, 8272914.0 ], [ 2748137.0, 8272927.0 ], [ 2748117.0, 8272917.0 ], [ 2748100.0, 8272904.0 ], [ 2748059.0, 8272862.0 ], [ 2747975.0, 8272762.0 ], [ 2747850.0, 8272843.0 ], [ 2747819.0, 8272864.0 ], [ 2747693.0, 8272951.0 ], [ 2747657.0, 8272970.0 ], [ 2747562.0, 8273035.0 ], [ 2747544.0, 8273047.0 ], [ 2747537.0, 8273051.0 ], [ 2747528.0, 8273057.0 ], [ 2747484.0, 8273087.0 ], [ 2747409.0, 8273135.0 ], [ 2747292.0, 8273214.0 ], [ 2747157.0, 8273303.0 ], [ 2747033.0, 8273381.0 ], [ 2747010.0, 8273395.0 ], [ 2746994.0, 8273412.0 ], [ 2746986.0, 8273427.0 ], [ 2746964.0, 8273469.0 ], [ 2746955.0, 8273484.0 ], [ 2746945.0, 8273481.0 ], [ 2746842.0, 8273463.0 ], [ 2746823.0, 8273463.0 ], [ 2746817.0, 8273461.0 ], [ 2746811.0, 8273460.0 ], [ 2746749.0, 8273451.0 ], [ 2746658.0, 8273435.0 ], [ 2746540.0, 8273419.0 ], [ 2746520.0, 8273416.0 ], [ 2746510.0, 8273413.0 ], [ 2746467.0, 8273395.0 ], [ 2746465.0, 8273394.0 ], [ 2746457.0, 8273392.0 ], [ 2746449.0, 8273392.0 ], [ 2746440.0, 8273394.0 ], [ 2746433.0, 8273398.0 ] ] } }
]
}
