{
"type": "FeatureCollection",
"name": "tirana-betweenness_centrality-grid_with-bikenw",
"crs": { "type": "name", "properties": { "name": "urn:ogc:def:crs:EPSG::3857" } },
"features": [
{ "type": "Feature", "properties": { "betweenness_centrality": null, "source": null, "target": null, "ordering_betweenness_centrality": null, "length": 154665, "length_cumulative": 154665 }, "geometry": { "type": "MultiLineString", "coordinates": [ [ [ 2206719.0, 5059669.0 ], [ 2206718.0, 5059658.0 ], [ 2206716.0, 5059651.0 ], [ 2206715.0, 5059648.0 ], [ 2206713.0, 5059641.0 ], [ 2206708.0, 5059631.0 ] ], [ [ 2206272.0, 5059216.0 ], [ 2206266.0, 5059215.0 ] ], [ [ 2206324.0, 5060247.0 ], [ 2206323.0, 5060254.0 ], [ 2206321.0, 5060261.0 ], [ 2206317.0, 5060271.0 ], [ 2206313.0, 5060288.0 ], [ 2206307.0, 5060319.0 ], [ 2206289.0, 5060404.0 ], [ 2206275.0, 5060470.0 ], [ 2206273.0, 5060478.0 ], [ 2206262.0, 5060528.0 ], [ 2206263.0, 5060540.0 ] ], [ [ 2203447.0, 5060083.0 ], [ 2203369.0, 5060053.0 ], [ 2203326.0, 5060038.0 ], [ 2203317.0, 5060036.0 ] ], [ [ 2205884.0, 5058747.0 ], [ 2205885.0, 5058741.0 ], [ 2205885.0, 5058730.0 ], [ 2205881.0, 5058717.0 ], [ 2205880.0, 5058714.0 ], [ 2205878.0, 5058706.0 ], [ 2205863.0, 5058678.0 ], [ 2205858.0, 5058659.0 ], [ 2205857.0, 5058634.0 ], [ 2205859.0, 5058624.0 ] ], [ [ 2207925.0, 5063016.0 ], [ 2207870.0, 5062979.0 ], [ 2207845.0, 5062962.0 ], [ 2207818.0, 5062945.0 ], [ 2207813.0, 5062941.0 ], [ 2207787.0, 5062924.0 ], [ 2207769.0, 5062911.0 ], [ 2207747.0, 5062895.0 ], [ 2207743.0, 5062895.0 ], [ 2207741.0, 5062894.0 ], [ 2207735.0, 5062890.0 ], [ 2207734.0, 5062887.0 ], [ 2207720.0, 5062877.0 ], [ 2207705.0, 5062867.0 ], [ 2207702.0, 5062864.0 ], [ 2207668.0, 5062841.0 ], [ 2207634.0, 5062817.0 ], [ 2207599.0, 5062794.0 ], [ 2207569.0, 5062774.0 ], [ 2207553.0, 5062764.0 ], [ 2207531.0, 5062750.0 ], [ 2207523.0, 5062745.0 ], [ 2207509.0, 5062736.0 ], [ 2207496.0, 5062728.0 ], [ 2207492.0, 5062727.0 ], [ 2207483.0, 5062721.0 ], [ 2207481.0, 5062719.0 ], [ 2207463.0, 5062707.0 ], [ 2207402.0, 5062667.0 ], [ 2207397.0, 5062663.0 ], [ 2207394.0, 5062661.0 ], [ 2207390.0, 5062659.0 ], [ 2207385.0, 5062657.0 ], [ 2207381.0, 5062656.0 ], [ 2207378.0, 5062656.0 ], [ 2207367.0, 5062655.0 ], [ 2207358.0, 5062653.0 ] ], [ [ 2203791.0, 5061160.0 ], [ 2203774.0, 5061168.0 ], [ 2203639.0, 5061268.0 ], [ 2203532.0, 5061347.0 ], [ 2203473.0, 5061390.0 ], [ 2203433.0, 5061420.0 ], [ 2203338.0, 5061491.0 ], [ 2203282.0, 5061532.0 ], [ 2203173.0, 5061612.0 ], [ 2203149.0, 5061630.0 ], [ 2202974.0, 5061759.0 ], [ 2202761.0, 5061916.0 ], [ 2202740.0, 5061929.0 ] ], [ [ 2203447.0, 5060083.0 ], [ 2203508.0, 5060105.0 ], [ 2203523.0, 5060111.0 ], [ 2203619.0, 5060148.0 ], [ 2203630.0, 5060151.0 ], [ 2203684.0, 5060171.0 ], [ 2203780.0, 5060207.0 ], [ 2203842.0, 5060230.0 ], [ 2203855.0, 5060235.0 ], [ 2203947.0, 5060270.0 ], [ 2204163.0, 5060355.0 ], [ 2204192.0, 5060367.0 ], [ 2204264.0, 5060396.0 ], [ 2204324.0, 5060419.0 ], [ 2204385.0, 5060445.0 ], [ 2204468.0, 5060478.0 ], [ 2204475.0, 5060482.0 ], [ 2204481.0, 5060489.0 ] ], [ [ 2204639.0, 5060174.0 ], [ 2204681.0, 5060048.0 ] ], [ [ 2204639.0, 5060174.0 ], [ 2204665.0, 5060183.0 ] ], [ [ 2204549.0, 5060451.0 ], [ 2204574.0, 5060377.0 ], [ 2204577.0, 5060368.0 ], [ 2204608.0, 5060269.0 ], [ 2204639.0, 5060174.0 ] ], [ [ 2206196.0, 5059554.0 ], [ 2206195.0, 5059561.0 ], [ 2206193.0, 5059569.0 ], [ 2206188.0, 5059593.0 ], [ 2206176.0, 5059650.0 ], [ 2206164.0, 5059708.0 ], [ 2206152.0, 5059766.0 ], [ 2206149.0, 5059780.0 ], [ 2206147.0, 5059789.0 ], [ 2206138.0, 5059835.0 ], [ 2206122.0, 5059913.0 ], [ 2206102.0, 5060010.0 ], [ 2206079.0, 5060119.0 ], [ 2206083.0, 5060123.0 ] ], [ [ 2206321.0, 5059214.0 ], [ 2206312.0, 5059224.0 ] ], [ [ 2206410.0, 5059835.0 ], [ 2206409.0, 5059838.0 ] ], [ [ 2206458.0, 5059602.0 ], [ 2206457.0, 5059609.0 ], [ 2206456.0, 5059615.0 ], [ 2206446.0, 5059660.0 ], [ 2206428.0, 5059749.0 ], [ 2206424.0, 5059766.0 ], [ 2206412.0, 5059824.0 ], [ 2206410.0, 5059835.0 ] ], [ [ 2206674.0, 5059889.0 ], [ 2206670.0, 5059888.0 ], [ 2206603.0, 5059874.0 ], [ 2206593.0, 5059872.0 ], [ 2206534.0, 5059860.0 ], [ 2206516.0, 5059857.0 ], [ 2206471.0, 5059847.0 ], [ 2206433.0, 5059840.0 ], [ 2206417.0, 5059836.0 ], [ 2206413.0, 5059836.0 ], [ 2206410.0, 5059835.0 ] ], [ [ 2205884.0, 5058747.0 ], [ 2205889.0, 5058753.0 ], [ 2205890.0, 5058756.0 ], [ 2205893.0, 5058760.0 ], [ 2205898.0, 5058763.0 ], [ 2205900.0, 5058765.0 ], [ 2205914.0, 5058795.0 ], [ 2205928.0, 5058829.0 ], [ 2205947.0, 5058877.0 ], [ 2205960.0, 5058907.0 ], [ 2205965.0, 5058920.0 ], [ 2205976.0, 5058956.0 ], [ 2205981.0, 5058965.0 ] ], [ [ 2204722.0, 5059909.0 ], [ 2205030.0, 5059974.0 ] ], [ [ 2204681.0, 5060048.0 ], [ 2204711.0, 5059955.0 ], [ 2204716.0, 5059941.0 ], [ 2204720.0, 5059934.0 ], [ 2204718.0, 5059931.0 ], [ 2204716.0, 5059928.0 ], [ 2204719.0, 5059917.0 ], [ 2204722.0, 5059909.0 ] ], [ [ 2204787.0, 5059709.0 ], [ 2204784.0, 5059718.0 ], [ 2204775.0, 5059747.0 ], [ 2204761.0, 5059790.0 ], [ 2204756.0, 5059807.0 ], [ 2204755.0, 5059815.0 ], [ 2204755.0, 5059817.0 ], [ 2204756.0, 5059827.0 ], [ 2204759.0, 5059837.0 ], [ 2204754.0, 5059839.0 ], [ 2204750.0, 5059841.0 ], [ 2204749.0, 5059843.0 ], [ 2204748.0, 5059844.0 ], [ 2204743.0, 5059848.0 ], [ 2204741.0, 5059854.0 ], [ 2204739.0, 5059861.0 ], [ 2204738.0, 5059863.0 ], [ 2204736.0, 5059865.0 ], [ 2204735.0, 5059869.0 ], [ 2204723.0, 5059904.0 ], [ 2204722.0, 5059909.0 ] ], [ [ 2205585.0, 5060091.0 ], [ 2205371.0, 5060047.0 ], [ 2205354.0, 5060043.0 ], [ 2205030.0, 5059974.0 ] ], [ [ 2205041.0, 5059927.0 ], [ 2205040.0, 5059932.0 ], [ 2205032.0, 5059968.0 ], [ 2205030.0, 5059974.0 ] ], [ [ 2206349.0, 5061450.0 ], [ 2206385.0, 5061364.0 ], [ 2206426.0, 5061276.0 ], [ 2206430.0, 5061267.0 ], [ 2206435.0, 5061257.0 ], [ 2206439.0, 5061247.0 ] ], [ [ 2206451.0, 5061219.0 ], [ 2206448.0, 5061227.0 ], [ 2206444.0, 5061234.0 ], [ 2206439.0, 5061247.0 ] ], [ [ 2205816.0, 5059071.0 ], [ 2205819.0, 5059072.0 ] ], [ [ 2205884.0, 5058747.0 ], [ 2205883.0, 5058756.0 ], [ 2205877.0, 5058780.0 ], [ 2205860.0, 5058859.0 ], [ 2205851.0, 5058901.0 ], [ 2205848.0, 5058916.0 ], [ 2205846.0, 5058923.0 ], [ 2205837.0, 5058967.0 ], [ 2205816.0, 5059071.0 ] ], [ [ 2205715.0, 5059436.0 ], [ 2205719.0, 5059426.0 ], [ 2205725.0, 5059418.0 ], [ 2205731.0, 5059414.0 ], [ 2205738.0, 5059413.0 ], [ 2205745.0, 5059411.0 ], [ 2205748.0, 5059399.0 ], [ 2205762.0, 5059329.0 ], [ 2205771.0, 5059288.0 ], [ 2205788.0, 5059207.0 ], [ 2205790.0, 5059197.0 ], [ 2205800.0, 5059148.0 ], [ 2205808.0, 5059107.0 ], [ 2205816.0, 5059071.0 ] ], [ [ 2205706.0, 5059041.0 ], [ 2205728.0, 5059045.0 ], [ 2205740.0, 5059048.0 ], [ 2205753.0, 5059054.0 ], [ 2205758.0, 5059057.0 ], [ 2205766.0, 5059061.0 ], [ 2205769.0, 5059063.0 ], [ 2205816.0, 5059071.0 ] ], [ [ 2206427.0, 5061231.0 ], [ 2206412.0, 5061238.0 ], [ 2206404.0, 5061238.0 ] ], [ [ 2204787.0, 5059709.0 ], [ 2204782.0, 5059708.0 ] ], [ [ 2204787.0, 5059709.0 ], [ 2204816.0, 5059715.0 ] ], [ [ 2204874.0, 5059626.0 ], [ 2204847.0, 5059643.0 ], [ 2204831.0, 5059654.0 ], [ 2204828.0, 5059656.0 ], [ 2204819.0, 5059662.0 ], [ 2204810.0, 5059671.0 ], [ 2204805.0, 5059676.0 ], [ 2204801.0, 5059681.0 ], [ 2204793.0, 5059691.0 ], [ 2204787.0, 5059709.0 ] ], [ [ 2204874.0, 5059626.0 ], [ 2204871.0, 5059621.0 ] ], [ [ 2204980.0, 5059558.0 ], [ 2204928.0, 5059591.0 ], [ 2204874.0, 5059626.0 ] ], [ [ 2204874.0, 5059626.0 ], [ 2204894.0, 5059658.0 ] ], [ [ 2204980.0, 5059558.0 ], [ 2204999.0, 5059587.0 ] ], [ [ 2205628.0, 5059403.0 ], [ 2205559.0, 5059387.0 ], [ 2205490.0, 5059374.0 ], [ 2205430.0, 5059362.0 ], [ 2205404.0, 5059357.0 ], [ 2205390.0, 5059357.0 ], [ 2205377.0, 5059358.0 ], [ 2205368.0, 5059360.0 ], [ 2205361.0, 5059363.0 ], [ 2205359.0, 5059365.0 ], [ 2205348.0, 5059361.0 ], [ 2205341.0, 5059357.0 ], [ 2205331.0, 5059357.0 ], [ 2205318.0, 5059357.0 ], [ 2205312.0, 5059357.0 ], [ 2205299.0, 5059357.0 ], [ 2205294.0, 5059353.0 ], [ 2205286.0, 5059353.0 ], [ 2205280.0, 5059355.0 ], [ 2205279.0, 5059356.0 ], [ 2205275.0, 5059358.0 ], [ 2205151.0, 5059442.0 ], [ 2205056.0, 5059506.0 ], [ 2205052.0, 5059509.0 ], [ 2205034.0, 5059523.0 ], [ 2205017.0, 5059534.0 ], [ 2205011.0, 5059538.0 ], [ 2204980.0, 5059558.0 ] ], [ [ 2204980.0, 5059558.0 ], [ 2204977.0, 5059553.0 ] ], [ [ 2206111.0, 5062000.0 ], [ 2206158.0, 5061891.0 ], [ 2206196.0, 5061806.0 ], [ 2206202.0, 5061787.0 ], [ 2206226.0, 5061725.0 ], [ 2206242.0, 5061690.0 ], [ 2206279.0, 5061606.0 ], [ 2206294.0, 5061572.0 ], [ 2206313.0, 5061529.0 ], [ 2206325.0, 5061501.0 ], [ 2206349.0, 5061450.0 ] ], [ [ 2206349.0, 5061450.0 ], [ 2206385.0, 5061466.0 ], [ 2206399.0, 5061473.0 ], [ 2206417.0, 5061481.0 ], [ 2206424.0, 5061485.0 ], [ 2206428.0, 5061487.0 ], [ 2206432.0, 5061489.0 ], [ 2206437.0, 5061492.0 ], [ 2206440.0, 5061494.0 ], [ 2206443.0, 5061497.0 ], [ 2206446.0, 5061499.0 ], [ 2206448.0, 5061500.0 ], [ 2206452.0, 5061503.0 ], [ 2206455.0, 5061507.0 ], [ 2206464.0, 5061515.0 ], [ 2206476.0, 5061528.0 ], [ 2206480.0, 5061532.0 ], [ 2206490.0, 5061541.0 ], [ 2206497.0, 5061547.0 ] ], [ [ 2206349.0, 5061450.0 ], [ 2206344.0, 5061448.0 ] ], [ [ 2202672.0, 5062519.0 ], [ 2202678.0, 5062512.0 ], [ 2202687.0, 5062508.0 ], [ 2202697.0, 5062503.0 ], [ 2202746.0, 5062480.0 ], [ 2202752.0, 5062477.0 ], [ 2202760.0, 5062474.0 ], [ 2202798.0, 5062455.0 ], [ 2202811.0, 5062449.0 ], [ 2202829.0, 5062439.0 ], [ 2202836.0, 5062434.0 ], [ 2202887.0, 5062410.0 ], [ 2202948.0, 5062382.0 ], [ 2202985.0, 5062364.0 ], [ 2203024.0, 5062346.0 ], [ 2203041.0, 5062338.0 ], [ 2203274.0, 5062231.0 ], [ 2203304.0, 5062217.0 ], [ 2203319.0, 5062210.0 ], [ 2203506.0, 5062123.0 ], [ 2203538.0, 5062109.0 ], [ 2203634.0, 5062064.0 ], [ 2203728.0, 5062021.0 ], [ 2203750.0, 5062010.0 ], [ 2203767.0, 5062003.0 ], [ 2203818.0, 5061979.0 ], [ 2203865.0, 5061958.0 ], [ 2203905.0, 5061940.0 ], [ 2204032.0, 5061880.0 ], [ 2204134.0, 5061833.0 ], [ 2204230.0, 5061788.0 ], [ 2204280.0, 5061766.0 ], [ 2204380.0, 5061719.0 ] ], [ [ 2204597.0, 5061639.0 ], [ 2204575.0, 5061637.0 ], [ 2204560.0, 5061637.0 ], [ 2204557.0, 5061637.0 ], [ 2204532.0, 5061643.0 ], [ 2204508.0, 5061651.0 ], [ 2204420.0, 5061691.0 ], [ 2204412.0, 5061695.0 ], [ 2204380.0, 5061719.0 ] ], [ [ 2203089.0, 5059938.0 ], [ 2203086.0, 5059937.0 ], [ 2203071.0, 5059930.0 ], [ 2203058.0, 5059925.0 ], [ 2203045.0, 5059917.0 ], [ 2203037.0, 5059911.0 ], [ 2203028.0, 5059904.0 ], [ 2203020.0, 5059895.0 ], [ 2203013.0, 5059887.0 ], [ 2203007.0, 5059875.0 ], [ 2203004.0, 5059865.0 ], [ 2203004.0, 5059855.0 ], [ 2203005.0, 5059844.0 ], [ 2203007.0, 5059837.0 ], [ 2203007.0, 5059835.0 ], [ 2203013.0, 5059819.0 ], [ 2203017.0, 5059807.0 ], [ 2203019.0, 5059801.0 ], [ 2203021.0, 5059796.0 ], [ 2203023.0, 5059792.0 ], [ 2203025.0, 5059789.0 ], [ 2203027.0, 5059784.0 ], [ 2203030.0, 5059777.0 ], [ 2203033.0, 5059769.0 ], [ 2203037.0, 5059757.0 ], [ 2203043.0, 5059742.0 ], [ 2203047.0, 5059732.0 ], [ 2203052.0, 5059721.0 ], [ 2203063.0, 5059700.0 ], [ 2203077.0, 5059678.0 ], [ 2203087.0, 5059664.0 ], [ 2203098.0, 5059649.0 ], [ 2203108.0, 5059637.0 ], [ 2203120.0, 5059624.0 ], [ 2203144.0, 5059601.0 ], [ 2203150.0, 5059596.0 ], [ 2203172.0, 5059577.0 ], [ 2203194.0, 5059562.0 ], [ 2203211.0, 5059550.0 ], [ 2203241.0, 5059529.0 ], [ 2203256.0, 5059519.0 ], [ 2203260.0, 5059517.0 ], [ 2203267.0, 5059512.0 ], [ 2203281.0, 5059505.0 ], [ 2203298.0, 5059496.0 ], [ 2203315.0, 5059487.0 ], [ 2203328.0, 5059481.0 ], [ 2203342.0, 5059476.0 ], [ 2203360.0, 5059470.0 ], [ 2203380.0, 5059464.0 ], [ 2203414.0, 5059454.0 ], [ 2203420.0, 5059452.0 ], [ 2203426.0, 5059450.0 ], [ 2203453.0, 5059443.0 ], [ 2203483.0, 5059434.0 ], [ 2203504.0, 5059427.0 ], [ 2203519.0, 5059421.0 ], [ 2203533.0, 5059415.0 ], [ 2203546.0, 5059410.0 ], [ 2203550.0, 5059408.0 ], [ 2203555.0, 5059406.0 ], [ 2203560.0, 5059403.0 ], [ 2203580.0, 5059393.0 ], [ 2203596.0, 5059384.0 ], [ 2203612.0, 5059375.0 ], [ 2203618.0, 5059371.0 ], [ 2203626.0, 5059367.0 ], [ 2203633.0, 5059361.0 ], [ 2203667.0, 5059335.0 ], [ 2203672.0, 5059332.0 ], [ 2203678.0, 5059327.0 ], [ 2203713.0, 5059299.0 ], [ 2203721.0, 5059292.0 ], [ 2203730.0, 5059285.0 ], [ 2203787.0, 5059240.0 ], [ 2203792.0, 5059236.0 ], [ 2203797.0, 5059232.0 ], [ 2203826.0, 5059207.0 ], [ 2203832.0, 5059202.0 ], [ 2203840.0, 5059196.0 ], [ 2203863.0, 5059176.0 ], [ 2203876.0, 5059164.0 ], [ 2203900.0, 5059140.0 ], [ 2203906.0, 5059134.0 ], [ 2203911.0, 5059129.0 ], [ 2203914.0, 5059124.0 ], [ 2203923.0, 5059110.0 ], [ 2203941.0, 5059085.0 ], [ 2203958.0, 5059063.0 ], [ 2203988.0, 5059023.0 ], [ 2204041.0, 5058950.0 ], [ 2204049.0, 5058940.0 ], [ 2204051.0, 5058939.0 ], [ 2204058.0, 5058933.0 ], [ 2204068.0, 5058927.0 ], [ 2204070.0, 5058923.0 ], [ 2204072.0, 5058920.0 ], [ 2204075.0, 5058918.0 ], [ 2204079.0, 5058916.0 ], [ 2204085.0, 5058912.0 ], [ 2204089.0, 5058907.0 ], [ 2204092.0, 5058903.0 ], [ 2204096.0, 5058896.0 ], [ 2204098.0, 5058890.0 ], [ 2204099.0, 5058886.0 ], [ 2204101.0, 5058879.0 ], [ 2204103.0, 5058873.0 ], [ 2204106.0, 5058868.0 ], [ 2204110.0, 5058859.0 ], [ 2204115.0, 5058852.0 ], [ 2204121.0, 5058845.0 ], [ 2204124.0, 5058841.0 ], [ 2204142.0, 5058821.0 ], [ 2204164.0, 5058802.0 ], [ 2204174.0, 5058795.0 ], [ 2204194.0, 5058782.0 ], [ 2204208.0, 5058774.0 ], [ 2204221.0, 5058766.0 ], [ 2204235.0, 5058755.0 ] ], [ [ 2205962.0, 5058645.0 ], [ 2205952.0, 5058644.0 ], [ 2205917.0, 5058614.0 ], [ 2205854.0, 5058559.0 ], [ 2205850.0, 5058556.0 ], [ 2205563.0, 5058308.0 ], [ 2205517.0, 5058268.0 ], [ 2205474.0, 5058231.0 ], [ 2205426.0, 5058189.0 ], [ 2205421.0, 5058184.0 ], [ 2205417.0, 5058179.0 ], [ 2205414.0, 5058175.0 ], [ 2205412.0, 5058171.0 ], [ 2205409.0, 5058166.0 ], [ 2205407.0, 5058161.0 ], [ 2205406.0, 5058158.0 ], [ 2205405.0, 5058154.0 ], [ 2205404.0, 5058150.0 ], [ 2205404.0, 5058145.0 ], [ 2205403.0, 5058137.0 ], [ 2205402.0, 5058129.0 ], [ 2205405.0, 5058120.0 ], [ 2205404.0, 5058113.0 ], [ 2205404.0, 5058105.0 ], [ 2205405.0, 5058096.0 ], [ 2205405.0, 5058086.0 ], [ 2205407.0, 5058077.0 ], [ 2205410.0, 5058065.0 ], [ 2205413.0, 5058055.0 ], [ 2205416.0, 5058045.0 ], [ 2205427.0, 5058015.0 ], [ 2205444.0, 5057977.0 ], [ 2205455.0, 5057957.0 ], [ 2205466.0, 5057941.0 ], [ 2205475.0, 5057928.0 ], [ 2205488.0, 5057911.0 ], [ 2205503.0, 5057893.0 ], [ 2205507.0, 5057895.0 ], [ 2205512.0, 5057897.0 ], [ 2205516.0, 5057899.0 ], [ 2205518.0, 5057901.0 ], [ 2205520.0, 5057903.0 ], [ 2205521.0, 5057905.0 ], [ 2205522.0, 5057910.0 ], [ 2205520.0, 5057916.0 ], [ 2205521.0, 5057921.0 ], [ 2205522.0, 5057925.0 ], [ 2205524.0, 5057928.0 ], [ 2205529.0, 5057934.0 ], [ 2205534.0, 5057939.0 ], [ 2205540.0, 5057943.0 ], [ 2205554.0, 5057953.0 ], [ 2205562.0, 5057960.0 ], [ 2205567.0, 5057969.0 ], [ 2205571.0, 5057976.0 ], [ 2205574.0, 5057981.0 ], [ 2205577.0, 5057985.0 ], [ 2205579.0, 5057988.0 ], [ 2205582.0, 5057991.0 ], [ 2205584.0, 5057992.0 ], [ 2205587.0, 5057992.0 ], [ 2205590.0, 5057991.0 ], [ 2205596.0, 5057987.0 ], [ 2205599.0, 5057984.0 ], [ 2205602.0, 5057982.0 ], [ 2205605.0, 5057982.0 ], [ 2205610.0, 5057981.0 ], [ 2205614.0, 5057983.0 ], [ 2205617.0, 5057985.0 ], [ 2205621.0, 5057987.0 ], [ 2205635.0, 5057999.0 ], [ 2205645.0, 5058007.0 ], [ 2205650.0, 5058010.0 ], [ 2205658.0, 5058015.0 ], [ 2205664.0, 5058018.0 ], [ 2205671.0, 5058024.0 ], [ 2205674.0, 5058028.0 ], [ 2205676.0, 5058034.0 ], [ 2205676.0, 5058042.0 ], [ 2205677.0, 5058051.0 ], [ 2205677.0, 5058056.0 ], [ 2205680.0, 5058065.0 ], [ 2205682.0, 5058070.0 ], [ 2205685.0, 5058077.0 ], [ 2205689.0, 5058081.0 ], [ 2205692.0, 5058083.0 ], [ 2205695.0, 5058085.0 ], [ 2205700.0, 5058085.0 ], [ 2205703.0, 5058085.0 ], [ 2205709.0, 5058083.0 ], [ 2205718.0, 5058081.0 ], [ 2205727.0, 5058080.0 ], [ 2205736.0, 5058080.0 ], [ 2205743.0, 5058080.0 ], [ 2205749.0, 5058078.0 ], [ 2205761.0, 5058072.0 ], [ 2205772.0, 5058068.0 ], [ 2205783.0, 5058064.0 ], [ 2205798.0, 5058061.0 ], [ 2205804.0, 5058059.0 ], [ 2205815.0, 5058056.0 ], [ 2205819.0, 5058054.0 ], [ 2205823.0, 5058050.0 ], [ 2205825.0, 5058047.0 ], [ 2205825.0, 5058042.0 ], [ 2205825.0, 5058034.0 ], [ 2205821.0, 5058022.0 ], [ 2205815.0, 5058005.0 ], [ 2205809.0, 5057989.0 ], [ 2205805.0, 5057978.0 ], [ 2205799.0, 5057969.0 ], [ 2205795.0, 5057961.0 ], [ 2205793.0, 5057956.0 ], [ 2205793.0, 5057952.0 ], [ 2205795.0, 5057945.0 ], [ 2205801.0, 5057934.0 ], [ 2205803.0, 5057929.0 ], [ 2205804.0, 5057925.0 ], [ 2205803.0, 5057918.0 ], [ 2205795.0, 5057903.0 ], [ 2205784.0, 5057885.0 ], [ 2205773.0, 5057870.0 ], [ 2205761.0, 5057853.0 ], [ 2205755.0, 5057843.0 ], [ 2205751.0, 5057835.0 ], [ 2205747.0, 5057825.0 ], [ 2205746.0, 5057820.0 ], [ 2205746.0, 5057816.0 ], [ 2205746.0, 5057812.0 ], [ 2205747.0, 5057808.0 ], [ 2205748.0, 5057803.0 ], [ 2205750.0, 5057796.0 ], [ 2205755.0, 5057782.0 ], [ 2205762.0, 5057756.0 ], [ 2205766.0, 5057742.0 ], [ 2205768.0, 5057737.0 ], [ 2205775.0, 5057731.0 ], [ 2205789.0, 5057721.0 ], [ 2205795.0, 5057718.0 ], [ 2205801.0, 5057716.0 ], [ 2205807.0, 5057717.0 ], [ 2205811.0, 5057720.0 ], [ 2205814.0, 5057724.0 ], [ 2205817.0, 5057729.0 ], [ 2205818.0, 5057733.0 ], [ 2205818.0, 5057737.0 ], [ 2205816.0, 5057744.0 ], [ 2205810.0, 5057760.0 ], [ 2205807.0, 5057767.0 ], [ 2205806.0, 5057770.0 ], [ 2205805.0, 5057774.0 ], [ 2205805.0, 5057782.0 ], [ 2205806.0, 5057791.0 ], [ 2205807.0, 5057797.0 ], [ 2205810.0, 5057805.0 ], [ 2205812.0, 5057812.0 ], [ 2205816.0, 5057819.0 ], [ 2205819.0, 5057827.0 ], [ 2205830.0, 5057843.0 ], [ 2205839.0, 5057857.0 ], [ 2205847.0, 5057868.0 ], [ 2205858.0, 5057880.0 ], [ 2205862.0, 5057885.0 ], [ 2205867.0, 5057893.0 ], [ 2205869.0, 5057897.0 ], [ 2205873.0, 5057901.0 ], [ 2205882.0, 5057908.0 ], [ 2205890.0, 5057916.0 ], [ 2205898.0, 5057924.0 ], [ 2205903.0, 5057935.0 ], [ 2205908.0, 5057944.0 ], [ 2205913.0, 5057949.0 ], [ 2205918.0, 5057951.0 ], [ 2205919.0, 5057951.0 ], [ 2205927.0, 5057950.0 ], [ 2205940.0, 5057947.0 ], [ 2205956.0, 5057944.0 ], [ 2205972.0, 5057943.0 ], [ 2205983.0, 5057942.0 ], [ 2205987.0, 5057941.0 ], [ 2205996.0, 5057938.0 ], [ 2206003.0, 5057935.0 ], [ 2206016.0, 5057929.0 ], [ 2206024.0, 5057926.0 ], [ 2206028.0, 5057925.0 ], [ 2206034.0, 5057925.0 ], [ 2206040.0, 5057924.0 ], [ 2206051.0, 5057919.0 ], [ 2206062.0, 5057911.0 ], [ 2206073.0, 5057902.0 ], [ 2206083.0, 5057894.0 ], [ 2206086.0, 5057889.0 ], [ 2206087.0, 5057885.0 ], [ 2206086.0, 5057880.0 ], [ 2206081.0, 5057872.0 ], [ 2206075.0, 5057867.0 ], [ 2206063.0, 5057860.0 ], [ 2206053.0, 5057850.0 ], [ 2206049.0, 5057841.0 ], [ 2206044.0, 5057823.0 ], [ 2206041.0, 5057815.0 ], [ 2206039.0, 5057805.0 ], [ 2206036.0, 5057792.0 ], [ 2206029.0, 5057779.0 ], [ 2206014.0, 5057754.0 ], [ 2206011.0, 5057736.0 ], [ 2206007.0, 5057720.0 ], [ 2206006.0, 5057715.0 ], [ 2206007.0, 5057711.0 ], [ 2206009.0, 5057711.0 ], [ 2206011.0, 5057710.0 ], [ 2206015.0, 5057708.0 ], [ 2206036.0, 5057703.0 ], [ 2206052.0, 5057702.0 ], [ 2206063.0, 5057701.0 ], [ 2206068.0, 5057702.0 ], [ 2206084.0, 5057712.0 ], [ 2206093.0, 5057717.0 ], [ 2206102.0, 5057721.0 ], [ 2206115.0, 5057721.0 ], [ 2206121.0, 5057723.0 ], [ 2206125.0, 5057725.0 ], [ 2206130.0, 5057731.0 ], [ 2206134.0, 5057738.0 ], [ 2206142.0, 5057750.0 ], [ 2206144.0, 5057754.0 ], [ 2206146.0, 5057760.0 ], [ 2206149.0, 5057783.0 ], [ 2206153.0, 5057800.0 ], [ 2206155.0, 5057806.0 ], [ 2206157.0, 5057811.0 ], [ 2206161.0, 5057816.0 ], [ 2206165.0, 5057819.0 ], [ 2206169.0, 5057820.0 ], [ 2206174.0, 5057820.0 ], [ 2206186.0, 5057818.0 ], [ 2206198.0, 5057814.0 ], [ 2206212.0, 5057813.0 ], [ 2206225.0, 5057815.0 ], [ 2206231.0, 5057816.0 ], [ 2206234.0, 5057817.0 ], [ 2206237.0, 5057819.0 ], [ 2206241.0, 5057822.0 ], [ 2206244.0, 5057826.0 ], [ 2206255.0, 5057839.0 ], [ 2206261.0, 5057847.0 ], [ 2206267.0, 5057852.0 ], [ 2206273.0, 5057857.0 ], [ 2206280.0, 5057861.0 ], [ 2206287.0, 5057864.0 ], [ 2206294.0, 5057865.0 ], [ 2206300.0, 5057865.0 ], [ 2206311.0, 5057864.0 ], [ 2206323.0, 5057863.0 ], [ 2206330.0, 5057860.0 ], [ 2206333.0, 5057858.0 ], [ 2206335.0, 5057855.0 ], [ 2206337.0, 5057850.0 ], [ 2206340.0, 5057841.0 ], [ 2206343.0, 5057831.0 ], [ 2206346.0, 5057810.0 ], [ 2206348.0, 5057799.0 ], [ 2206354.0, 5057783.0 ], [ 2206359.0, 5057764.0 ], [ 2206362.0, 5057756.0 ], [ 2206363.0, 5057749.0 ], [ 2206363.0, 5057741.0 ], [ 2206362.0, 5057733.0 ], [ 2206359.0, 5057714.0 ], [ 2206356.0, 5057695.0 ], [ 2206355.0, 5057689.0 ], [ 2206355.0, 5057684.0 ], [ 2206356.0, 5057681.0 ], [ 2206359.0, 5057679.0 ], [ 2206367.0, 5057676.0 ], [ 2206371.0, 5057673.0 ], [ 2206372.0, 5057671.0 ], [ 2206372.0, 5057667.0 ], [ 2206371.0, 5057664.0 ], [ 2206367.0, 5057657.0 ], [ 2206358.0, 5057645.0 ], [ 2206356.0, 5057641.0 ], [ 2206356.0, 5057638.0 ], [ 2206358.0, 5057635.0 ], [ 2206361.0, 5057632.0 ], [ 2206364.0, 5057630.0 ], [ 2206368.0, 5057630.0 ], [ 2206371.0, 5057632.0 ], [ 2206373.0, 5057634.0 ], [ 2206383.0, 5057650.0 ], [ 2206385.0, 5057653.0 ], [ 2206387.0, 5057655.0 ], [ 2206390.0, 5057657.0 ], [ 2206393.0, 5057658.0 ], [ 2206397.0, 5057659.0 ], [ 2206401.0, 5057659.0 ], [ 2206405.0, 5057658.0 ], [ 2206411.0, 5057655.0 ], [ 2206417.0, 5057653.0 ], [ 2206423.0, 5057649.0 ], [ 2206428.0, 5057646.0 ], [ 2206437.0, 5057639.0 ], [ 2206440.0, 5057636.0 ], [ 2206442.0, 5057631.0 ], [ 2206442.0, 5057627.0 ], [ 2206442.0, 5057623.0 ], [ 2206437.0, 5057613.0 ], [ 2206433.0, 5057604.0 ], [ 2206433.0, 5057600.0 ], [ 2206433.0, 5057595.0 ], [ 2206437.0, 5057591.0 ], [ 2206445.0, 5057585.0 ], [ 2206450.0, 5057583.0 ], [ 2206453.0, 5057583.0 ], [ 2206456.0, 5057584.0 ], [ 2206460.0, 5057584.0 ], [ 2206464.0, 5057585.0 ], [ 2206475.0, 5057590.0 ], [ 2206483.0, 5057595.0 ], [ 2206489.0, 5057602.0 ], [ 2206493.0, 5057609.0 ], [ 2206496.0, 5057615.0 ], [ 2206497.0, 5057620.0 ], [ 2206497.0, 5057630.0 ], [ 2206500.0, 5057637.0 ], [ 2206503.0, 5057639.0 ], [ 2206506.0, 5057640.0 ], [ 2206517.0, 5057644.0 ], [ 2206527.0, 5057647.0 ], [ 2206534.0, 5057648.0 ], [ 2206542.0, 5057646.0 ], [ 2206552.0, 5057640.0 ], [ 2206564.0, 5057630.0 ], [ 2206574.0, 5057621.0 ], [ 2206588.0, 5057607.0 ], [ 2206591.0, 5057603.0 ], [ 2206597.0, 5057601.0 ], [ 2206602.0, 5057602.0 ], [ 2206613.0, 5057611.0 ], [ 2206622.0, 5057618.0 ], [ 2206627.0, 5057621.0 ], [ 2206633.0, 5057624.0 ], [ 2206645.0, 5057627.0 ], [ 2206661.0, 5057626.0 ], [ 2206685.0, 5057622.0 ], [ 2206700.0, 5057620.0 ], [ 2206714.0, 5057615.0 ], [ 2206730.0, 5057607.0 ], [ 2206753.0, 5057596.0 ], [ 2206772.0, 5057586.0 ], [ 2206777.0, 5057584.0 ], [ 2206783.0, 5057580.0 ], [ 2206787.0, 5057575.0 ], [ 2206792.0, 5057569.0 ], [ 2206797.0, 5057559.0 ], [ 2206803.0, 5057548.0 ], [ 2206817.0, 5057515.0 ], [ 2206826.0, 5057494.0 ], [ 2206836.0, 5057469.0 ], [ 2206839.0, 5057464.0 ], [ 2206842.0, 5057463.0 ], [ 2206846.0, 5057462.0 ], [ 2206849.0, 5057463.0 ], [ 2206851.0, 5057466.0 ], [ 2206852.0, 5057469.0 ], [ 2206853.0, 5057473.0 ], [ 2206854.0, 5057481.0 ], [ 2206856.0, 5057496.0 ], [ 2206859.0, 5057511.0 ], [ 2206861.0, 5057526.0 ], [ 2206862.0, 5057541.0 ], [ 2206862.0, 5057564.0 ], [ 2206861.0, 5057579.0 ], [ 2206862.0, 5057596.0 ], [ 2206864.0, 5057612.0 ], [ 2206865.0, 5057614.0 ], [ 2206873.0, 5057617.0 ], [ 2206875.0, 5057618.0 ], [ 2206890.0, 5057623.0 ], [ 2206900.0, 5057623.0 ], [ 2206909.0, 5057623.0 ], [ 2206927.0, 5057621.0 ], [ 2206981.0, 5057611.0 ], [ 2207003.0, 5057616.0 ], [ 2207016.0, 5057619.0 ], [ 2207025.0, 5057619.0 ], [ 2207029.0, 5057622.0 ], [ 2207033.0, 5057625.0 ], [ 2207036.0, 5057630.0 ], [ 2207038.0, 5057634.0 ], [ 2207039.0, 5057640.0 ], [ 2207039.0, 5057654.0 ], [ 2207039.0, 5057663.0 ], [ 2207039.0, 5057669.0 ], [ 2207041.0, 5057674.0 ], [ 2207046.0, 5057685.0 ], [ 2207053.0, 5057694.0 ], [ 2207063.0, 5057705.0 ], [ 2207072.0, 5057716.0 ], [ 2207085.0, 5057729.0 ], [ 2207090.0, 5057736.0 ], [ 2207093.0, 5057742.0 ], [ 2207095.0, 5057748.0 ], [ 2207097.0, 5057754.0 ], [ 2207099.0, 5057758.0 ], [ 2207098.0, 5057763.0 ], [ 2207097.0, 5057769.0 ], [ 2207093.0, 5057773.0 ], [ 2207091.0, 5057776.0 ], [ 2207087.0, 5057777.0 ], [ 2207080.0, 5057778.0 ], [ 2207074.0, 5057779.0 ], [ 2207058.0, 5057778.0 ], [ 2207047.0, 5057777.0 ], [ 2207039.0, 5057778.0 ], [ 2207023.0, 5057781.0 ], [ 2207015.0, 5057780.0 ], [ 2207004.0, 5057777.0 ], [ 2206986.0, 5057776.0 ], [ 2206963.0, 5057775.0 ], [ 2206948.0, 5057776.0 ], [ 2206936.0, 5057778.0 ], [ 2206921.0, 5057784.0 ], [ 2206917.0, 5057785.0 ], [ 2206914.0, 5057785.0 ], [ 2206910.0, 5057782.0 ], [ 2206907.0, 5057781.0 ], [ 2206893.0, 5057782.0 ], [ 2206884.0, 5057785.0 ], [ 2206879.0, 5057788.0 ], [ 2206873.0, 5057796.0 ], [ 2206871.0, 5057800.0 ], [ 2206867.0, 5057809.0 ], [ 2206861.0, 5057825.0 ], [ 2206853.0, 5057847.0 ], [ 2206848.0, 5057862.0 ], [ 2206842.0, 5057873.0 ], [ 2206836.0, 5057882.0 ], [ 2206833.0, 5057886.0 ], [ 2206828.0, 5057893.0 ], [ 2206828.0, 5057897.0 ], [ 2206827.0, 5057902.0 ], [ 2206826.0, 5057910.0 ], [ 2206824.0, 5057919.0 ], [ 2206824.0, 5057926.0 ], [ 2206826.0, 5057932.0 ], [ 2206827.0, 5057935.0 ], [ 2206831.0, 5057936.0 ], [ 2206844.0, 5057935.0 ], [ 2206861.0, 5057933.0 ], [ 2206884.0, 5057932.0 ], [ 2206899.0, 5057931.0 ], [ 2206913.0, 5057930.0 ], [ 2206931.0, 5057928.0 ], [ 2206942.0, 5057927.0 ], [ 2206951.0, 5057927.0 ], [ 2206957.0, 5057927.0 ], [ 2206962.0, 5057926.0 ], [ 2206966.0, 5057927.0 ], [ 2206973.0, 5057928.0 ], [ 2206985.0, 5057930.0 ], [ 2206999.0, 5057933.0 ], [ 2207005.0, 5057934.0 ], [ 2207024.0, 5057938.0 ], [ 2207043.0, 5057944.0 ], [ 2207059.0, 5057949.0 ], [ 2207079.0, 5057953.0 ], [ 2207100.0, 5057958.0 ], [ 2207116.0, 5057962.0 ], [ 2207123.0, 5057964.0 ], [ 2207136.0, 5057969.0 ], [ 2207146.0, 5057973.0 ], [ 2207153.0, 5057975.0 ], [ 2207158.0, 5057975.0 ], [ 2207165.0, 5057976.0 ], [ 2207186.0, 5057976.0 ], [ 2207216.0, 5057977.0 ], [ 2207245.0, 5057977.0 ], [ 2207254.0, 5057974.0 ], [ 2207260.0, 5057971.0 ], [ 2207270.0, 5057968.0 ], [ 2207295.0, 5057963.0 ], [ 2207300.0, 5057962.0 ], [ 2207383.0, 5057946.0 ], [ 2207397.0, 5057943.0 ], [ 2207403.0, 5057943.0 ], [ 2207406.0, 5057950.0 ], [ 2207408.0, 5057959.0 ], [ 2207410.0, 5057978.0 ], [ 2207414.0, 5058004.0 ], [ 2207419.0, 5058031.0 ], [ 2207424.0, 5058060.0 ], [ 2207432.0, 5058102.0 ], [ 2207436.0, 5058131.0 ], [ 2207441.0, 5058161.0 ], [ 2207447.0, 5058195.0 ], [ 2207483.0, 5058408.0 ], [ 2207483.0, 5058422.0 ], [ 2207482.0, 5058428.0 ], [ 2207479.0, 5058434.0 ], [ 2207472.0, 5058443.0 ], [ 2207465.0, 5058450.0 ], [ 2207463.0, 5058452.0 ], [ 2207455.0, 5058458.0 ], [ 2207444.0, 5058465.0 ], [ 2207430.0, 5058477.0 ], [ 2207420.0, 5058490.0 ], [ 2207413.0, 5058494.0 ], [ 2207406.0, 5058497.0 ], [ 2207397.0, 5058499.0 ], [ 2207389.0, 5058499.0 ], [ 2207382.0, 5058499.0 ], [ 2207368.0, 5058498.0 ], [ 2207356.0, 5058499.0 ], [ 2207349.0, 5058505.0 ], [ 2207340.0, 5058511.0 ], [ 2207336.0, 5058516.0 ], [ 2207333.0, 5058521.0 ], [ 2207331.0, 5058528.0 ], [ 2207330.0, 5058534.0 ], [ 2207329.0, 5058542.0 ], [ 2207329.0, 5058549.0 ], [ 2207331.0, 5058554.0 ], [ 2207334.0, 5058557.0 ], [ 2207337.0, 5058563.0 ], [ 2207345.0, 5058572.0 ], [ 2207354.0, 5058581.0 ], [ 2207358.0, 5058589.0 ], [ 2207360.0, 5058594.0 ], [ 2207361.0, 5058602.0 ], [ 2207362.0, 5058608.0 ], [ 2207362.0, 5058621.0 ], [ 2207361.0, 5058630.0 ], [ 2207361.0, 5058639.0 ], [ 2207359.0, 5058649.0 ], [ 2207359.0, 5058658.0 ], [ 2207358.0, 5058666.0 ], [ 2207356.0, 5058675.0 ], [ 2207355.0, 5058685.0 ], [ 2207355.0, 5058694.0 ], [ 2207355.0, 5058703.0 ], [ 2207353.0, 5058714.0 ], [ 2207352.0, 5058723.0 ], [ 2207350.0, 5058732.0 ], [ 2207347.0, 5058742.0 ], [ 2207345.0, 5058756.0 ], [ 2207344.0, 5058767.0 ], [ 2207344.0, 5058774.0 ], [ 2207344.0, 5058777.0 ], [ 2207343.0, 5058788.0 ], [ 2207341.0, 5058805.0 ], [ 2207341.0, 5058808.0 ], [ 2207340.0, 5058821.0 ], [ 2207337.0, 5058838.0 ], [ 2207336.0, 5058844.0 ], [ 2207335.0, 5058850.0 ], [ 2207333.0, 5058860.0 ], [ 2207332.0, 5058876.0 ], [ 2207330.0, 5058888.0 ], [ 2207325.0, 5058910.0 ], [ 2207322.0, 5058923.0 ], [ 2207319.0, 5058932.0 ], [ 2207316.0, 5058941.0 ], [ 2207313.0, 5058948.0 ], [ 2207312.0, 5058949.0 ], [ 2207309.0, 5058953.0 ], [ 2207302.0, 5058960.0 ], [ 2207293.0, 5058963.0 ], [ 2207281.0, 5058966.0 ], [ 2207269.0, 5058968.0 ], [ 2207251.0, 5058971.0 ], [ 2207234.0, 5058974.0 ], [ 2207208.0, 5058979.0 ], [ 2207196.0, 5058981.0 ], [ 2207188.0, 5058981.0 ], [ 2207182.0, 5058980.0 ], [ 2207177.0, 5058978.0 ], [ 2207168.0, 5058975.0 ], [ 2207154.0, 5058968.0 ], [ 2207142.0, 5058963.0 ], [ 2207136.0, 5058960.0 ], [ 2207131.0, 5058955.0 ], [ 2207127.0, 5058951.0 ], [ 2207124.0, 5058946.0 ], [ 2207120.0, 5058940.0 ], [ 2207121.0, 5058934.0 ], [ 2207132.0, 5058899.0 ], [ 2207149.0, 5058844.0 ], [ 2207162.0, 5058801.0 ], [ 2207171.0, 5058768.0 ], [ 2207176.0, 5058753.0 ], [ 2207178.0, 5058742.0 ], [ 2207179.0, 5058734.0 ], [ 2207180.0, 5058721.0 ], [ 2207179.0, 5058711.0 ], [ 2207177.0, 5058700.0 ], [ 2207171.0, 5058677.0 ], [ 2207163.0, 5058656.0 ], [ 2207156.0, 5058651.0 ], [ 2207148.0, 5058650.0 ], [ 2207126.0, 5058658.0 ], [ 2207117.0, 5058663.0 ], [ 2207083.0, 5058689.0 ], [ 2207049.0, 5058705.0 ], [ 2207021.0, 5058719.0 ], [ 2206994.0, 5058734.0 ], [ 2206969.0, 5058754.0 ], [ 2206948.0, 5058769.0 ], [ 2206920.0, 5058795.0 ], [ 2206913.0, 5058803.0 ], [ 2206903.0, 5058814.0 ], [ 2206887.0, 5058832.0 ], [ 2206872.0, 5058854.0 ], [ 2206859.0, 5058875.0 ], [ 2206836.0, 5058899.0 ], [ 2206811.0, 5058921.0 ], [ 2206791.0, 5058945.0 ], [ 2206770.0, 5058960.0 ], [ 2206753.0, 5058971.0 ], [ 2206742.0, 5058976.0 ], [ 2206716.0, 5058982.0 ], [ 2206678.0, 5058997.0 ], [ 2206664.0, 5059000.0 ], [ 2206651.0, 5059001.0 ], [ 2206641.0, 5059000.0 ], [ 2206630.0, 5058998.0 ], [ 2206626.0, 5058996.0 ], [ 2206612.0, 5058990.0 ], [ 2206604.0, 5058989.0 ], [ 2206597.0, 5058990.0 ], [ 2206582.0, 5058997.0 ], [ 2206571.0, 5059001.0 ], [ 2206562.0, 5059003.0 ], [ 2206553.0, 5059003.0 ], [ 2206542.0, 5059001.0 ], [ 2206534.0, 5058996.0 ], [ 2206525.0, 5058993.0 ], [ 2206509.0, 5058994.0 ], [ 2206494.0, 5058994.0 ], [ 2206465.0, 5058987.0 ], [ 2206454.0, 5058982.0 ], [ 2206431.0, 5058964.0 ], [ 2206418.0, 5058951.0 ], [ 2206406.0, 5058940.0 ], [ 2206397.0, 5058933.0 ], [ 2206356.0, 5058893.0 ], [ 2206332.0, 5058868.0 ], [ 2206298.0, 5058830.0 ], [ 2206280.0, 5058815.0 ], [ 2206270.0, 5058810.0 ], [ 2206258.0, 5058804.0 ], [ 2206246.0, 5058799.0 ], [ 2206237.0, 5058795.0 ], [ 2206234.0, 5058793.0 ], [ 2206229.0, 5058790.0 ], [ 2206228.0, 5058788.0 ], [ 2206219.0, 5058779.0 ], [ 2206212.0, 5058772.0 ], [ 2206207.0, 5058767.0 ], [ 2206202.0, 5058765.0 ], [ 2206195.0, 5058762.0 ], [ 2206189.0, 5058762.0 ], [ 2206181.0, 5058761.0 ], [ 2206175.0, 5058760.0 ], [ 2206160.0, 5058754.0 ], [ 2206151.0, 5058752.0 ], [ 2206144.0, 5058751.0 ], [ 2206138.0, 5058754.0 ], [ 2206133.0, 5058760.0 ], [ 2206131.0, 5058767.0 ], [ 2206135.0, 5058781.0 ], [ 2206147.0, 5058806.0 ], [ 2206162.0, 5058836.0 ], [ 2206171.0, 5058844.0 ], [ 2206178.0, 5058854.0 ], [ 2206188.0, 5058872.0 ], [ 2206196.0, 5058887.0 ], [ 2206204.0, 5058902.0 ], [ 2206209.0, 5058908.0 ], [ 2206215.0, 5058913.0 ], [ 2206224.0, 5058920.0 ], [ 2206235.0, 5058929.0 ], [ 2206247.0, 5058936.0 ], [ 2206253.0, 5058937.0 ], [ 2206261.0, 5058939.0 ], [ 2206265.0, 5058943.0 ], [ 2206267.0, 5058950.0 ], [ 2206268.0, 5058957.0 ], [ 2206268.0, 5058962.0 ] ], [ [ 2205188.0, 5059026.0 ], [ 2205200.0, 5059021.0 ], [ 2205236.0, 5059010.0 ], [ 2205259.0, 5059004.0 ], [ 2205287.0, 5058995.0 ], [ 2205300.0, 5058991.0 ], [ 2205304.0, 5058989.0 ], [ 2205308.0, 5058987.0 ], [ 2205322.0, 5058981.0 ], [ 2205337.0, 5058973.0 ], [ 2205365.0, 5058959.0 ], [ 2205380.0, 5058951.0 ], [ 2205398.0, 5058943.0 ], [ 2205409.0, 5058937.0 ], [ 2205427.0, 5058929.0 ], [ 2205437.0, 5058924.0 ], [ 2205448.0, 5058918.0 ], [ 2205458.0, 5058911.0 ], [ 2205466.0, 5058906.0 ], [ 2205477.0, 5058896.0 ], [ 2205485.0, 5058889.0 ], [ 2205487.0, 5058887.0 ], [ 2205495.0, 5058880.0 ], [ 2205516.0, 5058861.0 ], [ 2205525.0, 5058853.0 ], [ 2205530.0, 5058848.0 ], [ 2205557.0, 5058818.0 ], [ 2205625.0, 5058745.0 ], [ 2205630.0, 5058739.0 ], [ 2205662.0, 5058704.0 ], [ 2205682.0, 5058682.0 ], [ 2205712.0, 5058647.0 ], [ 2205717.0, 5058642.0 ], [ 2205776.0, 5058572.0 ], [ 2205779.0, 5058568.0 ], [ 2205781.0, 5058566.0 ] ], [ [ 2205034.0, 5058454.0 ], [ 2205036.0, 5058461.0 ], [ 2205069.0, 5058582.0 ], [ 2205070.0, 5058588.0 ], [ 2205090.0, 5058663.0 ], [ 2205094.0, 5058675.0 ], [ 2205107.0, 5058727.0 ], [ 2205114.0, 5058750.0 ], [ 2205134.0, 5058827.0 ], [ 2205141.0, 5058852.0 ], [ 2205148.0, 5058878.0 ], [ 2205149.0, 5058882.0 ], [ 2205167.0, 5058950.0 ], [ 2205188.0, 5059026.0 ] ], [ [ 2206111.0, 5061201.0 ], [ 2206062.0, 5061434.0 ], [ 2206030.0, 5061590.0 ], [ 2206026.0, 5061607.0 ], [ 2206023.0, 5061630.0 ], [ 2205983.0, 5061819.0 ], [ 2205950.0, 5061973.0 ] ], [ [ 2204681.0, 5060048.0 ], [ 2204671.0, 5060045.0 ] ], [ [ 2204710.0, 5060058.0 ], [ 2204706.0, 5060056.0 ], [ 2204681.0, 5060048.0 ] ], [ [ 2202642.0, 5062468.0 ], [ 2202651.0, 5062466.0 ], [ 2202663.0, 5062462.0 ], [ 2202672.0, 5062459.0 ], [ 2202706.0, 5062446.0 ], [ 2202711.0, 5062444.0 ], [ 2202716.0, 5062442.0 ], [ 2202755.0, 5062424.0 ], [ 2202782.0, 5062412.0 ], [ 2202815.0, 5062397.0 ], [ 2202817.0, 5062396.0 ], [ 2202819.0, 5062395.0 ], [ 2202826.0, 5062392.0 ], [ 2202828.0, 5062391.0 ], [ 2202831.0, 5062390.0 ], [ 2202865.0, 5062374.0 ], [ 2202884.0, 5062365.0 ], [ 2202932.0, 5062342.0 ], [ 2202934.0, 5062342.0 ], [ 2202954.0, 5062332.0 ], [ 2202959.0, 5062330.0 ], [ 2203006.0, 5062308.0 ], [ 2203015.0, 5062304.0 ], [ 2203045.0, 5062290.0 ], [ 2203116.0, 5062257.0 ], [ 2203200.0, 5062218.0 ], [ 2203210.0, 5062213.0 ], [ 2203252.0, 5062194.0 ], [ 2203256.0, 5062187.0 ], [ 2203264.0, 5062183.0 ], [ 2203269.0, 5062185.0 ], [ 2203287.0, 5062176.0 ], [ 2203458.0, 5062097.0 ], [ 2203515.0, 5062071.0 ], [ 2203554.0, 5062054.0 ], [ 2203624.0, 5062021.0 ], [ 2203662.0, 5062003.0 ], [ 2203691.0, 5061990.0 ], [ 2203715.0, 5061979.0 ], [ 2203732.0, 5061971.0 ], [ 2203794.0, 5061943.0 ], [ 2203847.0, 5061919.0 ], [ 2203862.0, 5061911.0 ], [ 2203889.0, 5061899.0 ], [ 2203909.0, 5061890.0 ], [ 2203950.0, 5061871.0 ], [ 2204069.0, 5061816.0 ], [ 2204137.0, 5061784.0 ], [ 2204148.0, 5061779.0 ], [ 2204184.0, 5061763.0 ], [ 2204220.0, 5061746.0 ], [ 2204264.0, 5061726.0 ], [ 2204270.0, 5061723.0 ], [ 2204275.0, 5061721.0 ], [ 2204322.0, 5061699.0 ], [ 2204329.0, 5061696.0 ], [ 2204375.0, 5061675.0 ] ], [ [ 2204375.0, 5061675.0 ], [ 2204405.0, 5061673.0 ], [ 2204467.0, 5061643.0 ], [ 2204473.0, 5061644.0 ], [ 2204519.0, 5061622.0 ], [ 2204536.0, 5061611.0 ], [ 2204543.0, 5061604.0 ], [ 2204565.0, 5061578.0 ] ], [ [ 2202750.0, 5059803.0 ], [ 2202765.0, 5059804.0 ], [ 2202782.0, 5059812.0 ], [ 2202791.0, 5059816.0 ], [ 2202821.0, 5059829.0 ], [ 2202831.0, 5059834.0 ], [ 2202834.0, 5059836.0 ], [ 2202837.0, 5059837.0 ], [ 2202847.0, 5059841.0 ], [ 2202857.0, 5059844.0 ], [ 2202866.0, 5059844.0 ], [ 2202877.0, 5059845.0 ], [ 2202884.0, 5059844.0 ], [ 2202892.0, 5059843.0 ], [ 2202909.0, 5059837.0 ], [ 2202917.0, 5059833.0 ], [ 2202930.0, 5059823.0 ], [ 2202937.0, 5059816.0 ], [ 2202939.0, 5059813.0 ], [ 2202949.0, 5059799.0 ], [ 2202951.0, 5059792.0 ], [ 2202954.0, 5059785.0 ], [ 2202958.0, 5059771.0 ], [ 2202963.0, 5059757.0 ], [ 2202967.0, 5059744.0 ], [ 2202972.0, 5059730.0 ], [ 2202975.0, 5059723.0 ], [ 2202976.0, 5059720.0 ], [ 2202981.0, 5059708.0 ], [ 2202988.0, 5059691.0 ], [ 2202992.0, 5059683.0 ], [ 2203000.0, 5059669.0 ], [ 2203004.0, 5059662.0 ], [ 2203014.0, 5059646.0 ], [ 2203018.0, 5059640.0 ], [ 2203027.0, 5059627.0 ], [ 2203037.0, 5059615.0 ], [ 2203046.0, 5059604.0 ], [ 2203059.0, 5059589.0 ], [ 2203076.0, 5059571.0 ], [ 2203086.0, 5059560.0 ], [ 2203093.0, 5059553.0 ], [ 2203100.0, 5059545.0 ], [ 2203110.0, 5059538.0 ], [ 2203116.0, 5059534.0 ], [ 2203127.0, 5059529.0 ], [ 2203139.0, 5059522.0 ], [ 2203152.0, 5059515.0 ], [ 2203169.0, 5059502.0 ], [ 2203186.0, 5059490.0 ], [ 2203201.0, 5059480.0 ], [ 2203218.0, 5059469.0 ], [ 2203234.0, 5059458.0 ], [ 2203240.0, 5059455.0 ], [ 2203245.0, 5059452.0 ], [ 2203253.0, 5059448.0 ], [ 2203269.0, 5059440.0 ], [ 2203300.0, 5059425.0 ], [ 2203316.0, 5059418.0 ], [ 2203322.0, 5059416.0 ], [ 2203331.0, 5059413.0 ], [ 2203348.0, 5059408.0 ], [ 2203363.0, 5059403.0 ], [ 2203383.0, 5059398.0 ], [ 2203404.0, 5059391.0 ], [ 2203411.0, 5059389.0 ], [ 2203419.0, 5059387.0 ], [ 2203432.0, 5059384.0 ], [ 2203452.0, 5059377.0 ], [ 2203469.0, 5059372.0 ], [ 2203486.0, 5059366.0 ], [ 2203501.0, 5059360.0 ], [ 2203509.0, 5059357.0 ], [ 2203531.0, 5059347.0 ], [ 2203549.0, 5059338.0 ], [ 2203558.0, 5059333.0 ], [ 2203564.0, 5059330.0 ], [ 2203567.0, 5059328.0 ], [ 2203572.0, 5059326.0 ], [ 2203610.0, 5059299.0 ], [ 2203647.0, 5059270.0 ], [ 2203683.0, 5059242.0 ], [ 2203706.0, 5059223.0 ], [ 2203711.0, 5059221.0 ] ], [ [ 2203977.0, 5058920.0 ], [ 2203966.0, 5058931.0 ], [ 2203957.0, 5058944.0 ], [ 2203934.0, 5058975.0 ], [ 2203905.0, 5059014.0 ], [ 2203888.0, 5059035.0 ], [ 2203878.0, 5059047.0 ], [ 2203872.0, 5059055.0 ], [ 2203865.0, 5059065.0 ], [ 2203861.0, 5059068.0 ], [ 2203860.0, 5059069.0 ], [ 2203854.0, 5059075.0 ], [ 2203850.0, 5059081.0 ], [ 2203849.0, 5059083.0 ], [ 2203848.0, 5059084.0 ], [ 2203845.0, 5059090.0 ], [ 2203841.0, 5059097.0 ], [ 2203837.0, 5059103.0 ], [ 2203832.0, 5059108.0 ], [ 2203823.0, 5059119.0 ], [ 2203817.0, 5059126.0 ], [ 2203805.0, 5059139.0 ], [ 2203795.0, 5059149.0 ], [ 2203785.0, 5059158.0 ], [ 2203777.0, 5059165.0 ], [ 2203766.0, 5059175.0 ], [ 2203764.0, 5059177.0 ], [ 2203749.0, 5059192.0 ] ], [ [ 2202339.0, 5062033.0 ], [ 2202337.0, 5062032.0 ], [ 2202332.0, 5062029.0 ], [ 2202326.0, 5062026.0 ], [ 2202320.0, 5062016.0 ], [ 2202314.0, 5062004.0 ], [ 2202300.0, 5061973.0 ], [ 2202300.0, 5061971.0 ], [ 2202295.0, 5061957.0 ], [ 2202297.0, 5061951.0 ], [ 2202298.0, 5061946.0 ], [ 2202299.0, 5061943.0 ], [ 2202292.0, 5061939.0 ], [ 2202285.0, 5061929.0 ], [ 2202284.0, 5061922.0 ], [ 2202283.0, 5061918.0 ], [ 2202278.0, 5061897.0 ], [ 2202273.0, 5061866.0 ], [ 2202267.0, 5061826.0 ], [ 2202267.0, 5061821.0 ], [ 2202267.0, 5061815.0 ], [ 2202265.0, 5061791.0 ], [ 2202265.0, 5061774.0 ], [ 2202266.0, 5061751.0 ], [ 2202266.0, 5061745.0 ], [ 2202266.0, 5061738.0 ], [ 2202267.0, 5061733.0 ], [ 2202268.0, 5061723.0 ], [ 2202270.0, 5061706.0 ], [ 2202272.0, 5061692.0 ], [ 2202275.0, 5061679.0 ], [ 2202278.0, 5061665.0 ], [ 2202281.0, 5061649.0 ], [ 2202287.0, 5061632.0 ], [ 2202288.0, 5061627.0 ], [ 2202290.0, 5061619.0 ], [ 2202292.0, 5061613.0 ], [ 2202298.0, 5061596.0 ], [ 2202306.0, 5061576.0 ], [ 2202311.0, 5061566.0 ], [ 2202319.0, 5061550.0 ], [ 2202324.0, 5061541.0 ], [ 2202329.0, 5061526.0 ], [ 2202334.0, 5061515.0 ], [ 2202337.0, 5061509.0 ], [ 2202339.0, 5061501.0 ], [ 2202342.0, 5061498.0 ], [ 2202346.0, 5061494.0 ], [ 2202351.0, 5061490.0 ], [ 2202351.0, 5061489.0 ], [ 2202351.0, 5061487.0 ], [ 2202351.0, 5061480.0 ], [ 2202362.0, 5061456.0 ], [ 2202365.0, 5061451.0 ], [ 2202368.0, 5061447.0 ], [ 2202369.0, 5061445.0 ], [ 2202368.0, 5061441.0 ], [ 2202369.0, 5061436.0 ], [ 2202372.0, 5061429.0 ], [ 2202375.0, 5061422.0 ], [ 2202379.0, 5061413.0 ], [ 2202383.0, 5061402.0 ], [ 2202387.0, 5061390.0 ], [ 2202391.0, 5061378.0 ], [ 2202392.0, 5061372.0 ], [ 2202394.0, 5061366.0 ], [ 2202397.0, 5061354.0 ], [ 2202400.0, 5061342.0 ], [ 2202407.0, 5061322.0 ], [ 2202415.0, 5061301.0 ], [ 2202423.0, 5061281.0 ], [ 2202432.0, 5061257.0 ], [ 2202437.0, 5061246.0 ], [ 2202444.0, 5061231.0 ], [ 2202451.0, 5061217.0 ], [ 2202459.0, 5061202.0 ], [ 2202463.0, 5061194.0 ], [ 2202469.0, 5061178.0 ], [ 2202473.0, 5061169.0 ], [ 2202478.0, 5061160.0 ], [ 2202483.0, 5061155.0 ], [ 2202491.0, 5061148.0 ], [ 2202497.0, 5061145.0 ], [ 2202502.0, 5061142.0 ], [ 2202506.0, 5061141.0 ], [ 2202509.0, 5061140.0 ], [ 2202518.0, 5061138.0 ], [ 2202530.0, 5061138.0 ], [ 2202540.0, 5061140.0 ], [ 2202553.0, 5061145.0 ], [ 2202561.0, 5061147.0 ], [ 2202575.0, 5061153.0 ], [ 2202577.0, 5061150.0 ], [ 2202579.0, 5061146.0 ], [ 2202589.0, 5061133.0 ], [ 2202592.0, 5061129.0 ], [ 2202593.0, 5061128.0 ], [ 2202569.0, 5061117.0 ], [ 2202559.0, 5061111.0 ], [ 2202555.0, 5061109.0 ], [ 2202543.0, 5061100.0 ], [ 2202535.0, 5061091.0 ], [ 2202531.0, 5061084.0 ], [ 2202530.0, 5061082.0 ], [ 2202528.0, 5061080.0 ], [ 2202525.0, 5061070.0 ], [ 2202523.0, 5061063.0 ], [ 2202522.0, 5061055.0 ], [ 2202522.0, 5061047.0 ], [ 2202523.0, 5061041.0 ], [ 2202526.0, 5061032.0 ], [ 2202529.0, 5061025.0 ], [ 2202533.0, 5061015.0 ], [ 2202578.0, 5060907.0 ], [ 2202581.0, 5060899.0 ], [ 2202587.0, 5060884.0 ], [ 2202601.0, 5060847.0 ], [ 2202604.0, 5060841.0 ], [ 2202606.0, 5060836.0 ], [ 2202615.0, 5060812.0 ], [ 2202625.0, 5060787.0 ], [ 2202631.0, 5060769.0 ], [ 2202637.0, 5060747.0 ], [ 2202642.0, 5060733.0 ], [ 2202645.0, 5060724.0 ], [ 2202647.0, 5060720.0 ], [ 2202650.0, 5060714.0 ], [ 2202666.0, 5060673.0 ], [ 2202689.0, 5060616.0 ], [ 2202694.0, 5060601.0 ], [ 2202696.0, 5060596.0 ], [ 2202699.0, 5060590.0 ], [ 2202722.0, 5060545.0 ], [ 2202723.0, 5060541.0 ], [ 2202725.0, 5060537.0 ], [ 2202734.0, 5060515.0 ], [ 2202749.0, 5060479.0 ], [ 2202751.0, 5060474.0 ], [ 2202754.0, 5060469.0 ], [ 2202768.0, 5060436.0 ], [ 2202787.0, 5060399.0 ], [ 2202804.0, 5060366.0 ], [ 2202806.0, 5060361.0 ], [ 2202808.0, 5060358.0 ], [ 2202821.0, 5060331.0 ], [ 2202824.0, 5060326.0 ], [ 2202827.0, 5060321.0 ], [ 2202856.0, 5060275.0 ], [ 2202859.0, 5060268.0 ], [ 2202864.0, 5060262.0 ], [ 2202873.0, 5060248.0 ], [ 2202884.0, 5060230.0 ], [ 2202890.0, 5060216.0 ], [ 2202895.0, 5060205.0 ], [ 2202902.0, 5060185.0 ], [ 2202911.0, 5060161.0 ], [ 2202920.0, 5060134.0 ], [ 2202923.0, 5060118.0 ], [ 2202931.0, 5060091.0 ], [ 2202941.0, 5060060.0 ], [ 2202957.0, 5060024.0 ], [ 2202969.0, 5060004.0 ], [ 2202986.0, 5059986.0 ], [ 2203001.0, 5059976.0 ], [ 2203015.0, 5059970.0 ], [ 2203033.0, 5059968.0 ], [ 2203053.0, 5059969.0 ], [ 2203061.0, 5059970.0 ], [ 2203067.0, 5059972.0 ], [ 2203075.0, 5059974.0 ] ], [ [ 2203089.0, 5059938.0 ], [ 2203092.0, 5059939.0 ], [ 2203112.0, 5059948.0 ] ], [ [ 2206449.0, 5061215.0 ], [ 2206451.0, 5061219.0 ] ], [ [ 2206433.0, 5061191.0 ], [ 2206435.0, 5061195.0 ], [ 2206444.0, 5061208.0 ], [ 2206449.0, 5061215.0 ] ], [ [ 2206559.0, 5060966.0 ], [ 2206544.0, 5061000.0 ], [ 2206522.0, 5061051.0 ], [ 2206523.0, 5061054.0 ], [ 2206522.0, 5061058.0 ], [ 2206519.0, 5061059.0 ], [ 2206500.0, 5061104.0 ], [ 2206495.0, 5061116.0 ], [ 2206482.0, 5061142.0 ], [ 2206456.0, 5061200.0 ], [ 2206449.0, 5061215.0 ] ], [ [ 2206433.0, 5061191.0 ], [ 2206449.0, 5061155.0 ], [ 2206460.0, 5061130.0 ], [ 2206479.0, 5061086.0 ], [ 2206502.0, 5061031.0 ], [ 2206535.0, 5060955.0 ] ], [ [ 2206383.0, 5061217.0 ], [ 2206385.0, 5061214.0 ], [ 2206386.0, 5061212.0 ], [ 2206389.0, 5061210.0 ], [ 2206395.0, 5061206.0 ], [ 2206402.0, 5061202.0 ], [ 2206403.0, 5061201.0 ], [ 2206407.0, 5061205.0 ], [ 2206416.0, 5061211.0 ], [ 2206421.0, 5061214.0 ], [ 2206424.0, 5061211.0 ], [ 2206428.0, 5061204.0 ], [ 2206433.0, 5061191.0 ] ], [ [ 2206535.0, 5060955.0 ], [ 2206537.0, 5060956.0 ], [ 2206550.0, 5060961.0 ], [ 2206559.0, 5060966.0 ] ], [ [ 2205948.0, 5060841.0 ], [ 2205948.0, 5060860.0 ], [ 2205948.0, 5060867.0 ], [ 2205944.0, 5060880.0 ], [ 2205939.0, 5060893.0 ], [ 2205934.0, 5060917.0 ], [ 2205932.0, 5060927.0 ], [ 2205931.0, 5060932.0 ], [ 2205930.0, 5060933.0 ], [ 2205928.0, 5060935.0 ], [ 2205927.0, 5060937.0 ], [ 2205926.0, 5060940.0 ], [ 2205921.0, 5060962.0 ], [ 2205917.0, 5060980.0 ], [ 2205916.0, 5060988.0 ], [ 2205915.0, 5060995.0 ], [ 2205916.0, 5061000.0 ], [ 2205916.0, 5061004.0 ], [ 2205917.0, 5061007.0 ], [ 2205923.0, 5061023.0 ], [ 2205938.0, 5061070.0 ], [ 2205943.0, 5061088.0 ], [ 2205947.0, 5061097.0 ], [ 2205951.0, 5061106.0 ], [ 2205954.0, 5061111.0 ], [ 2205959.0, 5061118.0 ], [ 2205964.0, 5061124.0 ], [ 2205969.0, 5061129.0 ], [ 2205976.0, 5061136.0 ], [ 2205984.0, 5061141.0 ], [ 2205991.0, 5061146.0 ], [ 2205998.0, 5061149.0 ], [ 2206004.0, 5061152.0 ], [ 2206013.0, 5061154.0 ], [ 2206053.0, 5061162.0 ], [ 2206092.0, 5061171.0 ], [ 2206105.0, 5061173.0 ], [ 2206126.0, 5061178.0 ], [ 2206135.0, 5061180.0 ], [ 2206140.0, 5061181.0 ], [ 2206184.0, 5061188.0 ], [ 2206212.0, 5061193.0 ], [ 2206215.0, 5061193.0 ], [ 2206245.0, 5061199.0 ], [ 2206291.0, 5061207.0 ], [ 2206309.0, 5061210.0 ], [ 2206319.0, 5061212.0 ], [ 2206329.0, 5061213.0 ], [ 2206343.0, 5061216.0 ], [ 2206356.0, 5061218.0 ], [ 2206364.0, 5061219.0 ], [ 2206373.0, 5061218.0 ], [ 2206380.0, 5061217.0 ], [ 2206383.0, 5061217.0 ] ], [ [ 2205878.0, 5061003.0 ], [ 2205881.0, 5060990.0 ], [ 2205885.0, 5060987.0 ], [ 2205889.0, 5060984.0 ], [ 2205891.0, 5060981.0 ], [ 2205893.0, 5060978.0 ], [ 2205895.0, 5060972.0 ], [ 2205897.0, 5060967.0 ], [ 2205898.0, 5060960.0 ], [ 2205904.0, 5060932.0 ], [ 2205907.0, 5060916.0 ], [ 2205909.0, 5060910.0 ], [ 2205909.0, 5060907.0 ], [ 2205909.0, 5060902.0 ], [ 2205908.0, 5060898.0 ], [ 2205907.0, 5060895.0 ], [ 2205905.0, 5060893.0 ] ], [ [ 2206404.0, 5061238.0 ], [ 2206402.0, 5061236.0 ], [ 2206394.0, 5061228.0 ], [ 2206385.0, 5061218.0 ], [ 2206383.0, 5061217.0 ] ], [ [ 2206404.0, 5061238.0 ], [ 2206396.0, 5061239.0 ], [ 2206391.0, 5061239.0 ], [ 2206384.0, 5061240.0 ], [ 2206380.0, 5061241.0 ], [ 2206373.0, 5061242.0 ], [ 2206368.0, 5061242.0 ], [ 2206362.0, 5061242.0 ], [ 2206356.0, 5061241.0 ], [ 2206350.0, 5061240.0 ], [ 2206344.0, 5061239.0 ], [ 2206315.0, 5061234.0 ], [ 2206307.0, 5061233.0 ], [ 2206296.0, 5061231.0 ], [ 2206285.0, 5061229.0 ], [ 2206262.0, 5061225.0 ], [ 2206257.0, 5061224.0 ], [ 2206250.0, 5061227.0 ], [ 2206228.0, 5061223.0 ], [ 2206225.0, 5061219.0 ], [ 2206214.0, 5061217.0 ], [ 2206190.0, 5061212.0 ], [ 2206170.0, 5061209.0 ], [ 2206149.0, 5061205.0 ], [ 2206142.0, 5061204.0 ], [ 2206133.0, 5061203.0 ], [ 2206130.0, 5061202.0 ] ], [ [ 2206087.0, 5061193.0 ], [ 2206051.0, 5061187.0 ], [ 2206024.0, 5061181.0 ], [ 2206014.0, 5061179.0 ], [ 2206007.0, 5061177.0 ] ], [ [ 2206007.0, 5061177.0 ], [ 2206009.0, 5061165.0 ] ], [ [ 2206007.0, 5061177.0 ], [ 2206001.0, 5061175.0 ], [ 2205993.0, 5061172.0 ], [ 2205987.0, 5061170.0 ], [ 2205977.0, 5061164.0 ], [ 2205974.0, 5061162.0 ], [ 2205971.0, 5061165.0 ], [ 2205962.0, 5061159.0 ], [ 2205962.0, 5061155.0 ], [ 2205957.0, 5061151.0 ], [ 2205949.0, 5061143.0 ], [ 2205940.0, 5061130.0 ], [ 2205937.0, 5061126.0 ], [ 2205932.0, 5061118.0 ], [ 2205927.0, 5061108.0 ], [ 2205924.0, 5061102.0 ], [ 2205917.0, 5061082.0 ], [ 2205897.0, 5061021.0 ], [ 2205895.0, 5061017.0 ], [ 2205892.0, 5061015.0 ] ], [ [ 2205824.0, 5061160.0 ], [ 2205834.0, 5061165.0 ], [ 2205841.0, 5061169.0 ], [ 2205853.0, 5061181.0 ], [ 2205861.0, 5061188.0 ], [ 2205865.0, 5061191.0 ], [ 2205872.0, 5061195.0 ], [ 2205886.0, 5061199.0 ], [ 2205928.0, 5061208.0 ], [ 2205930.0, 5061208.0 ], [ 2205945.0, 5061212.0 ], [ 2205954.0, 5061212.0 ], [ 2205974.0, 5061212.0 ], [ 2205982.0, 5061212.0 ], [ 2205994.0, 5061212.0 ], [ 2205998.0, 5061212.0 ], [ 2206000.0, 5061210.0 ], [ 2206006.0, 5061180.0 ], [ 2206007.0, 5061177.0 ] ], [ [ 2204955.0, 5061435.0 ], [ 2205149.0, 5061346.0 ], [ 2205207.0, 5061319.0 ], [ 2205303.0, 5061275.0 ], [ 2205471.0, 5061195.0 ], [ 2205601.0, 5061136.0 ], [ 2205674.0, 5061102.0 ], [ 2205744.0, 5061068.0 ], [ 2205774.0, 5061055.0 ], [ 2205778.0, 5061054.0 ], [ 2205781.0, 5061054.0 ], [ 2205786.0, 5061055.0 ], [ 2205788.0, 5061057.0 ], [ 2205788.0, 5061061.0 ], [ 2205789.0, 5061064.0 ], [ 2205792.0, 5061066.0 ], [ 2205794.0, 5061067.0 ], [ 2205826.0, 5061034.0 ], [ 2205872.0, 5061014.0 ], [ 2205879.0, 5061013.0 ], [ 2205883.0, 5061012.0 ], [ 2205886.0, 5061012.0 ], [ 2205890.0, 5061013.0 ], [ 2205892.0, 5061015.0 ] ], [ [ 2200600.0, 5058819.0 ], [ 2200595.0, 5058830.0 ] ], [ [ 2200600.0, 5058819.0 ], [ 2200609.0, 5058803.0 ] ], [ [ 2201062.0, 5059070.0 ], [ 2201019.0, 5059046.0 ], [ 2200947.0, 5059007.0 ], [ 2200878.0, 5058970.0 ], [ 2200775.0, 5058913.0 ], [ 2200759.0, 5058904.0 ], [ 2200744.0, 5058897.0 ], [ 2200691.0, 5058869.0 ], [ 2200652.0, 5058847.0 ], [ 2200600.0, 5058819.0 ] ], [ [ 2200538.0, 5058786.0 ], [ 2200563.0, 5058799.0 ], [ 2200587.0, 5058812.0 ], [ 2200600.0, 5058819.0 ] ], [ [ 2200538.0, 5058786.0 ], [ 2200547.0, 5058769.0 ] ], [ [ 2200538.0, 5058786.0 ], [ 2200533.0, 5058797.0 ] ], [ [ 2200381.0, 5058699.0 ], [ 2200411.0, 5058716.0 ], [ 2200441.0, 5058733.0 ], [ 2200448.0, 5058737.0 ], [ 2200467.0, 5058747.0 ], [ 2200474.0, 5058751.0 ], [ 2200487.0, 5058758.0 ], [ 2200512.0, 5058772.0 ], [ 2200538.0, 5058786.0 ] ], [ [ 2200381.0, 5058699.0 ], [ 2200317.0, 5058667.0 ] ], [ [ 2200381.0, 5058699.0 ], [ 2200374.0, 5058712.0 ] ], [ [ 2200388.0, 5058686.0 ], [ 2200385.0, 5058692.0 ], [ 2200381.0, 5058699.0 ] ], [ [ 2200317.0, 5058667.0 ], [ 2200271.0, 5058642.0 ] ], [ [ 2200317.0, 5058667.0 ], [ 2200311.0, 5058678.0 ] ], [ [ 2200325.0, 5058652.0 ], [ 2200323.0, 5058655.0 ], [ 2200317.0, 5058667.0 ] ], [ [ 2200224.0, 5058617.0 ], [ 2200271.0, 5058642.0 ] ], [ [ 2200224.0, 5058617.0 ], [ 2200164.0, 5058585.0 ] ], [ [ 2200224.0, 5058617.0 ], [ 2200229.0, 5058607.0 ], [ 2200231.0, 5058602.0 ] ], [ [ 2200224.0, 5058617.0 ], [ 2200218.0, 5058628.0 ] ], [ [ 2200105.0, 5058553.0 ], [ 2200164.0, 5058585.0 ] ], [ [ 2200105.0, 5058553.0 ], [ 2200112.0, 5058539.0 ] ], [ [ 2200105.0, 5058553.0 ], [ 2200099.0, 5058563.0 ] ], [ [ 2200021.0, 5058507.0 ], [ 2200032.0, 5058513.0 ], [ 2200105.0, 5058553.0 ] ], [ [ 2200021.0, 5058507.0 ], [ 2200028.0, 5058494.0 ], [ 2200046.0, 5058504.0 ], [ 2200112.0, 5058539.0 ] ], [ [ 2200021.0, 5058507.0 ], [ 2200015.0, 5058518.0 ] ], [ [ 2200633.0, 5058864.0 ], [ 2200594.0, 5058843.0 ], [ 2200503.0, 5058793.0 ], [ 2200475.0, 5058779.0 ], [ 2200462.0, 5058772.0 ], [ 2200448.0, 5058764.0 ], [ 2200431.0, 5058755.0 ], [ 2200405.0, 5058741.0 ], [ 2200378.0, 5058726.0 ], [ 2200303.0, 5058686.0 ], [ 2200272.0, 5058669.0 ], [ 2200221.0, 5058642.0 ], [ 2199922.0, 5058480.0 ], [ 2199903.0, 5058471.0 ] ], [ [ 2200633.0, 5058864.0 ], [ 2200638.0, 5058854.0 ] ], [ [ 2200633.0, 5058864.0 ], [ 2200624.0, 5058883.0 ] ], [ [ 2202311.0, 5059629.0 ], [ 2202280.0, 5059617.0 ], [ 2202244.0, 5059602.0 ], [ 2202221.0, 5059591.0 ], [ 2202128.0, 5059553.0 ], [ 2202085.0, 5059536.0 ], [ 2202044.0, 5059520.0 ], [ 2201958.0, 5059482.0 ], [ 2201930.0, 5059470.0 ], [ 2201897.0, 5059455.0 ], [ 2201873.0, 5059446.0 ], [ 2201865.0, 5059442.0 ], [ 2201861.0, 5059441.0 ], [ 2201829.0, 5059429.0 ], [ 2201766.0, 5059404.0 ], [ 2201736.0, 5059392.0 ], [ 2201702.0, 5059379.0 ], [ 2201689.0, 5059372.0 ], [ 2201687.0, 5059371.0 ], [ 2201687.0, 5059370.0 ], [ 2201687.0, 5059368.0 ], [ 2201687.0, 5059367.0 ], [ 2201686.0, 5059366.0 ], [ 2201684.0, 5059365.0 ], [ 2201682.0, 5059363.0 ], [ 2201679.0, 5059363.0 ], [ 2201677.0, 5059363.0 ], [ 2201676.0, 5059364.0 ], [ 2201674.0, 5059365.0 ], [ 2201630.0, 5059346.0 ], [ 2201589.0, 5059329.0 ], [ 2201532.0, 5059306.0 ], [ 2201479.0, 5059284.0 ], [ 2201460.0, 5059276.0 ], [ 2201405.0, 5059253.0 ], [ 2201405.0, 5059251.0 ], [ 2201405.0, 5059248.0 ], [ 2201403.0, 5059246.0 ], [ 2201400.0, 5059244.0 ], [ 2201396.0, 5059242.0 ], [ 2201392.0, 5059242.0 ], [ 2201387.0, 5059244.0 ], [ 2201362.0, 5059235.0 ], [ 2201347.0, 5059229.0 ], [ 2201321.0, 5059218.0 ], [ 2201314.0, 5059215.0 ], [ 2201288.0, 5059205.0 ], [ 2201288.0, 5059202.0 ], [ 2201287.0, 5059199.0 ], [ 2201284.0, 5059197.0 ], [ 2201280.0, 5059195.0 ], [ 2201277.0, 5059194.0 ], [ 2201274.0, 5059196.0 ], [ 2201253.0, 5059188.0 ], [ 2201203.0, 5059168.0 ], [ 2201175.0, 5059156.0 ], [ 2201150.0, 5059144.0 ], [ 2201110.0, 5059123.0 ], [ 2201053.0, 5059092.0 ], [ 2201050.0, 5059091.0 ], [ 2201002.0, 5059064.0 ], [ 2200979.0, 5059050.0 ], [ 2200977.0, 5059049.0 ], [ 2200976.0, 5059047.0 ], [ 2200974.0, 5059046.0 ], [ 2200970.0, 5059044.0 ], [ 2200967.0, 5059044.0 ], [ 2200943.0, 5059031.0 ], [ 2200852.0, 5058983.0 ], [ 2200824.0, 5058968.0 ], [ 2200795.0, 5058951.0 ], [ 2200763.0, 5058934.0 ], [ 2200747.0, 5058925.0 ], [ 2200738.0, 5058921.0 ], [ 2200733.0, 5058918.0 ], [ 2200723.0, 5058913.0 ], [ 2200680.0, 5058890.0 ], [ 2200633.0, 5058864.0 ] ], [ [ 2200164.0, 5058585.0 ], [ 2200171.0, 5058570.0 ] ], [ [ 2200164.0, 5058585.0 ], [ 2200158.0, 5058595.0 ] ], [ [ 2202326.0, 5059617.0 ], [ 2202317.0, 5059621.0 ], [ 2202312.0, 5059627.0 ], [ 2202311.0, 5059629.0 ] ], [ [ 2206273.0, 5059180.0 ], [ 2206266.0, 5059215.0 ] ], [ [ 2205628.0, 5059403.0 ], [ 2205629.0, 5059399.0 ] ], [ [ 2205715.0, 5059436.0 ], [ 2205714.0, 5059430.0 ], [ 2205711.0, 5059426.0 ], [ 2205708.0, 5059422.0 ], [ 2205703.0, 5059419.0 ], [ 2205696.0, 5059417.0 ], [ 2205628.0, 5059403.0 ] ], [ [ 2205619.0, 5059455.0 ], [ 2205620.0, 5059445.0 ], [ 2205628.0, 5059403.0 ] ], [ [ 2206196.0, 5059554.0 ], [ 2206189.0, 5059553.0 ], [ 2206108.0, 5059537.0 ], [ 2206004.0, 5059515.0 ], [ 2205999.0, 5059514.0 ], [ 2205967.0, 5059507.0 ], [ 2205954.0, 5059505.0 ], [ 2205879.0, 5059489.0 ], [ 2205833.0, 5059479.0 ], [ 2205812.0, 5059474.0 ], [ 2205799.0, 5059472.0 ], [ 2205786.0, 5059472.0 ], [ 2205776.0, 5059471.0 ], [ 2205743.0, 5059464.0 ], [ 2205740.0, 5059464.0 ], [ 2205735.0, 5059463.0 ], [ 2205729.0, 5059461.0 ], [ 2205725.0, 5059458.0 ], [ 2205723.0, 5059454.0 ], [ 2205721.0, 5059451.0 ], [ 2205719.0, 5059447.0 ], [ 2205718.0, 5059443.0 ], [ 2205715.0, 5059436.0 ] ], [ [ 2206266.0, 5059215.0 ], [ 2206264.0, 5059225.0 ], [ 2206261.0, 5059238.0 ], [ 2206253.0, 5059277.0 ], [ 2206246.0, 5059313.0 ], [ 2206238.0, 5059350.0 ], [ 2206222.0, 5059428.0 ], [ 2206216.0, 5059456.0 ], [ 2206199.0, 5059541.0 ], [ 2206197.0, 5059549.0 ], [ 2206196.0, 5059554.0 ] ], [ [ 2206426.0, 5059595.0 ], [ 2206294.0, 5059571.0 ], [ 2206219.0, 5059558.0 ], [ 2206211.0, 5059557.0 ], [ 2206201.0, 5059555.0 ], [ 2206196.0, 5059554.0 ] ], [ [ 2204549.0, 5060451.0 ], [ 2204539.0, 5060478.0 ], [ 2204538.0, 5060482.0 ], [ 2204537.0, 5060487.0 ], [ 2204538.0, 5060491.0 ], [ 2204539.0, 5060494.0 ], [ 2204533.0, 5060497.0 ] ], [ [ 2204549.0, 5060451.0 ], [ 2204550.0, 5060452.0 ], [ 2204577.0, 5060461.0 ] ], [ [ 2204549.0, 5060451.0 ], [ 2204538.0, 5060447.0 ] ], [ [ 2206087.0, 5062033.0 ], [ 2206091.0, 5062033.0 ], [ 2206096.0, 5062030.0 ], [ 2206111.0, 5062000.0 ] ], [ [ 2206111.0, 5062000.0 ], [ 2206114.0, 5062001.0 ], [ 2206134.0, 5062009.0 ], [ 2206125.0, 5062034.0 ], [ 2206180.0, 5062061.0 ], [ 2206186.0, 5062047.0 ], [ 2206194.0, 5062026.0 ], [ 2206196.0, 5062005.0 ], [ 2206200.0, 5061987.0 ], [ 2206203.0, 5061972.0 ], [ 2206205.0, 5061958.0 ], [ 2206208.0, 5061937.0 ], [ 2206210.0, 5061928.0 ], [ 2206211.0, 5061925.0 ], [ 2206213.0, 5061918.0 ], [ 2206219.0, 5061895.0 ], [ 2206228.0, 5061874.0 ], [ 2206236.0, 5061859.0 ] ], [ [ 2206111.0, 5062000.0 ], [ 2206105.0, 5061997.0 ] ], [ [ 2205868.0, 5062164.0 ], [ 2205869.0, 5062167.0 ], [ 2205871.0, 5062168.0 ], [ 2205874.0, 5062168.0 ], [ 2205878.0, 5062169.0 ], [ 2205859.0, 5062263.0 ], [ 2205857.0, 5062270.0 ], [ 2205856.0, 5062274.0 ], [ 2205826.0, 5062420.0 ], [ 2205815.0, 5062472.0 ], [ 2205814.0, 5062477.0 ], [ 2205813.0, 5062480.0 ], [ 2205811.0, 5062484.0 ], [ 2205809.0, 5062488.0 ], [ 2205808.0, 5062490.0 ], [ 2205805.0, 5062495.0 ], [ 2205804.0, 5062501.0 ] ], [ [ 2205668.0, 5063156.0 ], [ 2205683.0, 5063092.0 ], [ 2205693.0, 5063044.0 ], [ 2205717.0, 5062929.0 ], [ 2205718.0, 5062926.0 ], [ 2205720.0, 5062920.0 ], [ 2205722.0, 5062914.0 ], [ 2205726.0, 5062896.0 ], [ 2205739.0, 5062835.0 ], [ 2205753.0, 5062769.0 ], [ 2205766.0, 5062705.0 ], [ 2205771.0, 5062683.0 ], [ 2205774.0, 5062666.0 ], [ 2205781.0, 5062615.0 ], [ 2205785.0, 5062587.0 ] ], [ [ 2208105.0, 5063159.0 ], [ 2208109.0, 5063155.0 ] ], [ [ 2207925.0, 5063016.0 ], [ 2207972.0, 5063049.0 ], [ 2207995.0, 5063064.0 ], [ 2208028.0, 5063087.0 ], [ 2208038.0, 5063096.0 ], [ 2208049.0, 5063106.0 ], [ 2208105.0, 5063159.0 ] ], [ [ 2208255.0, 5063299.0 ], [ 2208210.0, 5063255.0 ], [ 2208195.0, 5063242.0 ], [ 2208191.0, 5063241.0 ], [ 2208180.0, 5063231.0 ], [ 2208176.0, 5063228.0 ], [ 2208176.0, 5063224.0 ], [ 2208153.0, 5063203.0 ], [ 2208105.0, 5063159.0 ] ], [ [ 2208090.0, 5063177.0 ], [ 2208100.0, 5063164.0 ], [ 2208104.0, 5063160.0 ], [ 2208105.0, 5063159.0 ] ], [ [ 2208352.0, 5063389.0 ], [ 2208308.0, 5063348.0 ], [ 2208255.0, 5063299.0 ] ], [ [ 2208255.0, 5063299.0 ], [ 2208250.0, 5063306.0 ], [ 2208240.0, 5063317.0 ] ], [ [ 2208255.0, 5063299.0 ], [ 2208259.0, 5063295.0 ] ], [ [ 2208352.0, 5063389.0 ], [ 2208362.0, 5063399.0 ], [ 2208366.0, 5063403.0 ], [ 2208370.0, 5063407.0 ], [ 2208373.0, 5063411.0 ], [ 2208375.0, 5063414.0 ], [ 2208378.0, 5063415.0 ], [ 2208382.0, 5063414.0 ], [ 2208400.0, 5063419.0 ], [ 2208510.0, 5063453.0 ], [ 2208547.0, 5063465.0 ], [ 2208604.0, 5063483.0 ], [ 2208669.0, 5063504.0 ], [ 2208685.0, 5063509.0 ], [ 2208689.0, 5063509.0 ], [ 2208694.0, 5063507.0 ] ], [ [ 2206574.0, 5059285.0 ], [ 2206566.0, 5059284.0 ], [ 2206549.0, 5059362.0 ], [ 2206536.0, 5059424.0 ], [ 2206499.0, 5059417.0 ], [ 2206487.0, 5059464.0 ], [ 2206463.0, 5059580.0 ], [ 2206462.0, 5059585.0 ], [ 2206460.0, 5059597.0 ], [ 2206458.0, 5059602.0 ] ], [ [ 2206716.0, 5059684.0 ], [ 2206711.0, 5059670.0 ], [ 2206713.0, 5059662.0 ], [ 2206713.0, 5059656.0 ], [ 2206713.0, 5059651.0 ], [ 2206712.0, 5059647.0 ], [ 2206710.0, 5059641.0 ], [ 2206706.0, 5059636.0 ], [ 2206701.0, 5059633.0 ], [ 2206698.0, 5059632.0 ], [ 2206694.0, 5059631.0 ], [ 2206691.0, 5059630.0 ], [ 2206688.0, 5059631.0 ], [ 2206670.0, 5059633.0 ], [ 2206656.0, 5059635.0 ], [ 2206648.0, 5059636.0 ], [ 2206643.0, 5059636.0 ], [ 2206635.0, 5059637.0 ], [ 2206630.0, 5059637.0 ], [ 2206623.0, 5059636.0 ], [ 2206609.0, 5059634.0 ], [ 2206561.0, 5059624.0 ], [ 2206492.0, 5059610.0 ], [ 2206458.0, 5059602.0 ] ], [ [ 2206688.0, 5059552.0 ], [ 2206687.0, 5059558.0 ], [ 2206691.0, 5059563.0 ], [ 2206695.0, 5059569.0 ], [ 2206700.0, 5059574.0 ], [ 2206703.0, 5059579.0 ], [ 2206705.0, 5059582.0 ], [ 2206706.0, 5059585.0 ], [ 2206707.0, 5059590.0 ], [ 2206706.0, 5059595.0 ], [ 2206704.0, 5059601.0 ], [ 2206701.0, 5059608.0 ], [ 2206699.0, 5059613.0 ], [ 2206695.0, 5059617.0 ], [ 2206692.0, 5059618.0 ], [ 2206689.0, 5059619.0 ] ], [ [ 2206451.0, 5059260.0 ], [ 2206457.0, 5059261.0 ], [ 2206429.0, 5059402.0 ], [ 2206466.0, 5059410.0 ], [ 2206447.0, 5059497.0 ], [ 2206439.0, 5059533.0 ], [ 2206430.0, 5059577.0 ], [ 2206427.0, 5059590.0 ], [ 2206426.0, 5059595.0 ] ], [ [ 2206294.0, 5060240.0 ], [ 2206295.0, 5060235.0 ], [ 2206303.0, 5060199.0 ], [ 2206304.0, 5060192.0 ], [ 2206305.0, 5060183.0 ], [ 2206308.0, 5060169.0 ], [ 2206314.0, 5060142.0 ], [ 2206322.0, 5060098.0 ], [ 2206327.0, 5060076.0 ], [ 2206351.0, 5059955.0 ], [ 2206377.0, 5059828.0 ], [ 2206380.0, 5059818.0 ], [ 2206393.0, 5059755.0 ], [ 2206407.0, 5059685.0 ], [ 2206424.0, 5059606.0 ], [ 2206424.0, 5059603.0 ], [ 2206426.0, 5059595.0 ] ], [ [ 2206235.0, 5060522.0 ], [ 2206245.0, 5060472.0 ], [ 2206286.0, 5060269.0 ], [ 2206287.0, 5060265.0 ], [ 2206292.0, 5060247.0 ], [ 2206294.0, 5060240.0 ] ], [ [ 2206083.0, 5060196.0 ], [ 2206288.0, 5060240.0 ], [ 2206294.0, 5060240.0 ] ], [ [ 2206324.0, 5060247.0 ], [ 2206315.0, 5060245.0 ], [ 2206302.0, 5060242.0 ], [ 2206294.0, 5060240.0 ] ], [ [ 2206409.0, 5059838.0 ], [ 2206384.0, 5059957.0 ], [ 2206372.0, 5060019.0 ], [ 2206360.0, 5060073.0 ], [ 2206356.0, 5060092.0 ], [ 2206344.0, 5060152.0 ], [ 2206342.0, 5060163.0 ], [ 2206339.0, 5060176.0 ], [ 2206336.0, 5060189.0 ], [ 2206334.0, 5060197.0 ], [ 2206333.0, 5060206.0 ], [ 2206325.0, 5060242.0 ], [ 2206325.0, 5060244.0 ], [ 2206324.0, 5060247.0 ] ], [ [ 2207240.0, 5060816.0 ], [ 2207234.0, 5060811.0 ], [ 2207228.0, 5060804.0 ], [ 2207222.0, 5060797.0 ], [ 2207218.0, 5060793.0 ], [ 2207157.0, 5060719.0 ], [ 2207102.0, 5060655.0 ], [ 2207062.0, 5060611.0 ], [ 2207010.0, 5060554.0 ], [ 2206936.0, 5060480.0 ], [ 2206934.0, 5060478.0 ], [ 2206931.0, 5060474.0 ], [ 2206923.0, 5060467.0 ], [ 2206912.0, 5060455.0 ], [ 2206903.0, 5060446.0 ], [ 2206900.0, 5060442.0 ], [ 2206892.0, 5060434.0 ], [ 2206876.0, 5060420.0 ], [ 2206839.0, 5060394.0 ], [ 2206780.0, 5060364.0 ], [ 2206735.0, 5060344.0 ], [ 2206689.0, 5060328.0 ], [ 2206643.0, 5060314.0 ], [ 2206595.0, 5060303.0 ], [ 2206590.0, 5060302.0 ], [ 2206584.0, 5060301.0 ], [ 2206329.0, 5060248.0 ], [ 2206324.0, 5060247.0 ] ], [ [ 2206716.0, 5059684.0 ], [ 2206723.0, 5059674.0 ], [ 2206724.0, 5059670.0 ], [ 2206726.0, 5059664.0 ], [ 2206729.0, 5059652.0 ], [ 2206730.0, 5059650.0 ], [ 2206732.0, 5059648.0 ], [ 2206733.0, 5059648.0 ], [ 2206735.0, 5059648.0 ] ], [ [ 2206749.0, 5059598.0 ], [ 2206744.0, 5059600.0 ], [ 2206741.0, 5059604.0 ], [ 2206740.0, 5059607.0 ], [ 2206739.0, 5059611.0 ], [ 2206739.0, 5059617.0 ], [ 2206739.0, 5059621.0 ], [ 2206738.0, 5059626.0 ], [ 2206737.0, 5059629.0 ], [ 2206736.0, 5059634.0 ], [ 2206736.0, 5059635.0 ], [ 2206738.0, 5059636.0 ], [ 2206739.0, 5059637.0 ] ], [ [ 2206716.0, 5059684.0 ], [ 2206719.0, 5059669.0 ] ], [ [ 2206716.0, 5059684.0 ], [ 2206706.0, 5059733.0 ] ], [ [ 2200271.0, 5058642.0 ], [ 2200266.0, 5058653.0 ] ], [ [ 2200279.0, 5058628.0 ], [ 2200277.0, 5058632.0 ], [ 2200271.0, 5058642.0 ] ], [ [ 2206745.0, 5060718.0 ], [ 2206690.0, 5060751.0 ] ], [ [ 2206745.0, 5060718.0 ], [ 2206754.0, 5060712.0 ] ], [ [ 2206692.0, 5060756.0 ], [ 2206742.0, 5060727.0 ], [ 2206745.0, 5060718.0 ] ], [ [ 2206897.0, 5060479.0 ], [ 2206879.0, 5060554.0 ], [ 2206869.0, 5060601.0 ], [ 2206862.0, 5060613.0 ], [ 2206855.0, 5060623.0 ], [ 2206840.0, 5060640.0 ], [ 2206824.0, 5060654.0 ], [ 2206804.0, 5060666.0 ], [ 2206793.0, 5060670.0 ], [ 2206783.0, 5060676.0 ], [ 2206760.0, 5060694.0 ], [ 2206749.0, 5060705.0 ], [ 2206746.0, 5060712.0 ], [ 2206745.0, 5060718.0 ] ], [ [ 2206057.0, 5060190.0 ], [ 2205624.0, 5060099.0 ] ], [ [ 2208352.0, 5063389.0 ], [ 2208356.0, 5063385.0 ] ], [ [ 2208240.0, 5063317.0 ], [ 2208263.0, 5063339.0 ], [ 2208293.0, 5063366.0 ], [ 2208336.0, 5063407.0 ], [ 2208346.0, 5063396.0 ], [ 2208352.0, 5063389.0 ] ], [ [ 2207925.0, 5063016.0 ], [ 2207928.0, 5063011.0 ] ], [ [ 2207868.0, 5063046.0 ], [ 2207885.0, 5063021.0 ], [ 2207910.0, 5063037.0 ], [ 2207922.0, 5063020.0 ], [ 2207925.0, 5063016.0 ] ], [ [ 2205930.0, 5060863.0 ], [ 2205914.0, 5060864.0 ], [ 2205647.0, 5060880.0 ], [ 2205634.0, 5060881.0 ], [ 2205575.0, 5060884.0 ], [ 2205507.0, 5060888.0 ], [ 2205493.0, 5060889.0 ], [ 2205489.0, 5060889.0 ], [ 2205470.0, 5060889.0 ], [ 2205456.0, 5060888.0 ], [ 2205444.0, 5060886.0 ], [ 2205435.0, 5060884.0 ], [ 2205429.0, 5060883.0 ], [ 2205419.0, 5060880.0 ], [ 2205406.0, 5060877.0 ], [ 2205398.0, 5060875.0 ], [ 2205394.0, 5060873.0 ], [ 2205375.0, 5060866.0 ], [ 2205237.0, 5060809.0 ], [ 2205080.0, 5060744.0 ], [ 2205005.0, 5060713.0 ], [ 2204998.0, 5060710.0 ], [ 2204984.0, 5060704.0 ], [ 2204978.0, 5060702.0 ], [ 2204866.0, 5060655.0 ], [ 2204731.0, 5060600.0 ], [ 2204727.0, 5060599.0 ], [ 2204723.0, 5060597.0 ] ], [ [ 2205480.0, 5064096.0 ], [ 2205501.0, 5063990.0 ], [ 2205538.0, 5063809.0 ] ], [ [ 2206454.0, 5059243.0 ], [ 2206577.0, 5059269.0 ] ], [ [ 2203447.0, 5060083.0 ], [ 2203446.0, 5060085.0 ] ], [ [ 2203524.0, 5059874.0 ], [ 2203492.0, 5059960.0 ], [ 2203487.0, 5059973.0 ], [ 2203468.0, 5060024.0 ], [ 2203451.0, 5060073.0 ], [ 2203449.0, 5060077.0 ], [ 2203447.0, 5060083.0 ] ], [ [ 2206308.0, 5057598.0 ], [ 2206305.0, 5057597.0 ], [ 2206301.0, 5057595.0 ], [ 2206300.0, 5057594.0 ], [ 2206299.0, 5057593.0 ], [ 2206298.0, 5057591.0 ], [ 2206297.0, 5057588.0 ], [ 2206296.0, 5057580.0 ] ], [ [ 2206337.0, 5057634.0 ], [ 2206333.0, 5057632.0 ], [ 2206330.0, 5057630.0 ], [ 2206328.0, 5057630.0 ], [ 2206323.0, 5057627.0 ] ], [ [ 2206308.0, 5057598.0 ], [ 2206312.0, 5057600.0 ], [ 2206315.0, 5057602.0 ], [ 2206318.0, 5057606.0 ], [ 2206320.0, 5057609.0 ], [ 2206321.0, 5057613.0 ], [ 2206321.0, 5057617.0 ], [ 2206320.0, 5057621.0 ], [ 2206321.0, 5057624.0 ], [ 2206323.0, 5057627.0 ] ], [ [ 2206323.0, 5057627.0 ], [ 2206328.0, 5057632.0 ], [ 2206328.0, 5057633.0 ], [ 2206330.0, 5057635.0 ], [ 2206332.0, 5057636.0 ], [ 2206333.0, 5057638.0 ] ], [ [ 2206347.0, 5057680.0 ], [ 2206333.0, 5057684.0 ] ], [ [ 2206329.0, 5057702.0 ], [ 2206331.0, 5057702.0 ], [ 2206334.0, 5057702.0 ], [ 2206338.0, 5057700.0 ], [ 2206340.0, 5057699.0 ], [ 2206343.0, 5057696.0 ], [ 2206345.0, 5057693.0 ], [ 2206346.0, 5057689.0 ], [ 2206347.0, 5057684.0 ], [ 2206347.0, 5057680.0 ] ], [ [ 2206337.0, 5057634.0 ], [ 2206339.0, 5057635.0 ], [ 2206344.0, 5057638.0 ], [ 2206349.0, 5057642.0 ], [ 2206353.0, 5057647.0 ], [ 2206356.0, 5057650.0 ], [ 2206360.0, 5057656.0 ], [ 2206362.0, 5057662.0 ], [ 2206362.0, 5057666.0 ], [ 2206361.0, 5057669.0 ], [ 2206360.0, 5057671.0 ], [ 2206358.0, 5057673.0 ], [ 2206356.0, 5057674.0 ], [ 2206354.0, 5057675.0 ], [ 2206351.0, 5057675.0 ], [ 2206349.0, 5057676.0 ], [ 2206348.0, 5057678.0 ], [ 2206347.0, 5057680.0 ] ], [ [ 2206314.0, 5057682.0 ], [ 2206326.0, 5057684.0 ] ], [ [ 2206315.0, 5057654.0 ], [ 2206315.0, 5057655.0 ], [ 2206316.0, 5057657.0 ], [ 2206316.0, 5057660.0 ], [ 2206316.0, 5057664.0 ], [ 2206316.0, 5057668.0 ], [ 2206316.0, 5057670.0 ], [ 2206315.0, 5057673.0 ], [ 2206315.0, 5057676.0 ], [ 2206314.0, 5057679.0 ], [ 2206314.0, 5057682.0 ] ], [ [ 2206329.0, 5057702.0 ], [ 2206328.0, 5057702.0 ], [ 2206325.0, 5057701.0 ], [ 2206322.0, 5057700.0 ], [ 2206319.0, 5057697.0 ], [ 2206317.0, 5057695.0 ], [ 2206315.0, 5057691.0 ], [ 2206314.0, 5057688.0 ], [ 2206314.0, 5057685.0 ], [ 2206314.0, 5057682.0 ] ], [ [ 2206315.0, 5057654.0 ], [ 2206313.0, 5057652.0 ], [ 2206309.0, 5057648.0 ], [ 2206306.0, 5057645.0 ], [ 2206301.0, 5057640.0 ], [ 2206298.0, 5057637.0 ], [ 2206294.0, 5057633.0 ], [ 2206292.0, 5057631.0 ], [ 2206290.0, 5057628.0 ], [ 2206288.0, 5057625.0 ], [ 2206288.0, 5057622.0 ], [ 2206287.0, 5057618.0 ], [ 2206287.0, 5057615.0 ], [ 2206288.0, 5057612.0 ], [ 2206289.0, 5057609.0 ], [ 2206290.0, 5057607.0 ], [ 2206292.0, 5057604.0 ], [ 2206294.0, 5057602.0 ], [ 2206298.0, 5057600.0 ], [ 2206301.0, 5057599.0 ], [ 2206304.0, 5057598.0 ], [ 2206308.0, 5057598.0 ] ], [ [ 2206329.0, 5057689.0 ], [ 2206329.0, 5057702.0 ] ], [ [ 2206329.0, 5057689.0 ], [ 2206328.0, 5057689.0 ], [ 2206327.0, 5057688.0 ], [ 2206326.0, 5057687.0 ], [ 2206326.0, 5057686.0 ], [ 2206325.0, 5057685.0 ], [ 2206326.0, 5057684.0 ] ], [ [ 2206333.0, 5057684.0 ], [ 2206334.0, 5057685.0 ], [ 2206333.0, 5057686.0 ], [ 2206333.0, 5057687.0 ], [ 2206332.0, 5057688.0 ], [ 2206331.0, 5057689.0 ], [ 2206329.0, 5057689.0 ] ], [ [ 2206326.0, 5057684.0 ], [ 2206326.0, 5057683.0 ], [ 2206327.0, 5057682.0 ], [ 2206328.0, 5057681.0 ], [ 2206329.0, 5057681.0 ], [ 2206330.0, 5057681.0 ], [ 2206331.0, 5057681.0 ], [ 2206332.0, 5057682.0 ], [ 2206333.0, 5057683.0 ], [ 2206333.0, 5057684.0 ] ], [ [ 2206333.0, 5057638.0 ], [ 2206333.0, 5057639.0 ], [ 2206334.0, 5057640.0 ], [ 2206334.0, 5057642.0 ], [ 2206334.0, 5057644.0 ], [ 2206334.0, 5057646.0 ], [ 2206333.0, 5057648.0 ], [ 2206332.0, 5057650.0 ], [ 2206331.0, 5057652.0 ], [ 2206329.0, 5057653.0 ], [ 2206328.0, 5057654.0 ], [ 2206325.0, 5057655.0 ], [ 2206322.0, 5057656.0 ], [ 2206319.0, 5057656.0 ], [ 2206315.0, 5057654.0 ] ], [ [ 2206337.0, 5057634.0 ], [ 2206335.0, 5057635.0 ], [ 2206334.0, 5057636.0 ], [ 2206333.0, 5057638.0 ] ], [ [ 2202549.0, 5062498.0 ], [ 2202551.0, 5062497.0 ], [ 2202558.0, 5062494.0 ], [ 2202564.0, 5062492.0 ], [ 2202615.0, 5062469.0 ], [ 2202622.0, 5062466.0 ], [ 2202627.0, 5062464.0 ], [ 2202629.0, 5062463.0 ] ], [ [ 2202642.0, 5062468.0 ], [ 2202639.0, 5062468.0 ], [ 2202636.0, 5062467.0 ], [ 2202632.0, 5062465.0 ], [ 2202629.0, 5062463.0 ] ], [ [ 2202339.0, 5062033.0 ], [ 2202340.0, 5062040.0 ], [ 2202342.0, 5062046.0 ], [ 2202363.0, 5062078.0 ], [ 2202367.0, 5062083.0 ], [ 2202369.0, 5062087.0 ], [ 2202396.0, 5062130.0 ], [ 2202424.0, 5062171.0 ], [ 2202462.0, 5062225.0 ], [ 2202468.0, 5062230.0 ], [ 2202472.0, 5062232.0 ], [ 2202476.0, 5062240.0 ], [ 2202481.0, 5062251.0 ], [ 2202487.0, 5062261.0 ], [ 2202520.0, 5062306.0 ], [ 2202547.0, 5062346.0 ], [ 2202564.0, 5062368.0 ], [ 2202580.0, 5062387.0 ], [ 2202590.0, 5062400.0 ], [ 2202600.0, 5062415.0 ], [ 2202629.0, 5062463.0 ] ], [ [ 2202588.0, 5062562.0 ], [ 2202580.0, 5062561.0 ], [ 2202578.0, 5062557.0 ], [ 2202572.0, 5062549.0 ], [ 2202568.0, 5062542.0 ], [ 2202561.0, 5062531.0 ], [ 2202555.0, 5062521.0 ], [ 2202548.0, 5062511.0 ], [ 2202547.0, 5062508.0 ], [ 2202548.0, 5062504.0 ], [ 2202549.0, 5062498.0 ] ], [ [ 2202830.0, 5062774.0 ], [ 2202835.0, 5062779.0 ], [ 2202833.0, 5062783.0 ], [ 2202832.0, 5062791.0 ], [ 2202833.0, 5062797.0 ], [ 2202835.0, 5062803.0 ], [ 2202890.0, 5062895.0 ], [ 2202895.0, 5062899.0 ], [ 2202902.0, 5062900.0 ], [ 2202904.0, 5062907.0 ], [ 2202905.0, 5062914.0 ], [ 2202902.0, 5062918.0 ], [ 2202902.0, 5062926.0 ], [ 2202908.0, 5062938.0 ], [ 2202921.0, 5062974.0 ], [ 2202931.0, 5063034.0 ], [ 2202930.0, 5063116.0 ], [ 2202929.0, 5063127.0 ], [ 2202941.0, 5063132.0 ], [ 2202940.0, 5063139.0 ], [ 2202939.0, 5063144.0 ], [ 2202928.0, 5063149.0 ], [ 2202920.0, 5063154.0 ], [ 2202915.0, 5063178.0 ], [ 2202903.0, 5063232.0 ], [ 2202890.0, 5063294.0 ], [ 2202869.0, 5063397.0 ], [ 2202859.0, 5063459.0 ], [ 2202860.0, 5063467.0 ], [ 2202867.0, 5063473.0 ], [ 2202886.0, 5063479.0 ], [ 2202884.0, 5063487.0 ], [ 2202882.0, 5063496.0 ], [ 2202870.0, 5063494.0 ], [ 2202863.0, 5063497.0 ], [ 2202857.0, 5063502.0 ], [ 2202854.0, 5063514.0 ], [ 2202858.0, 5063560.0 ], [ 2202862.0, 5063587.0 ], [ 2202873.0, 5063627.0 ], [ 2202888.0, 5063670.0 ], [ 2202943.0, 5063753.0 ], [ 2202956.0, 5063769.0 ], [ 2202979.0, 5063791.0 ], [ 2202989.0, 5063816.0 ], [ 2202986.0, 5063835.0 ], [ 2202974.0, 5063852.0 ], [ 2202954.0, 5063866.0 ], [ 2202943.0, 5063871.0 ], [ 2202931.0, 5063874.0 ], [ 2202915.0, 5063869.0 ], [ 2202895.0, 5063857.0 ], [ 2202861.0, 5063792.0 ], [ 2202829.0, 5063735.0 ], [ 2202811.0, 5063692.0 ], [ 2202798.0, 5063655.0 ], [ 2202795.0, 5063642.0 ], [ 2202786.0, 5063602.0 ], [ 2202780.0, 5063556.0 ], [ 2202781.0, 5063476.0 ], [ 2202783.0, 5063462.0 ], [ 2202786.0, 5063438.0 ], [ 2202787.0, 5063417.0 ], [ 2202797.0, 5063362.0 ], [ 2202807.0, 5063307.0 ], [ 2202814.0, 5063272.0 ], [ 2202820.0, 5063246.0 ], [ 2202826.0, 5063216.0 ], [ 2202832.0, 5063191.0 ], [ 2202836.0, 5063170.0 ], [ 2202839.0, 5063150.0 ], [ 2202841.0, 5063141.0 ], [ 2202839.0, 5063135.0 ], [ 2202835.0, 5063132.0 ], [ 2202833.0, 5063126.0 ], [ 2202832.0, 5063124.0 ], [ 2202831.0, 5063112.0 ], [ 2202830.0, 5063106.0 ], [ 2202835.0, 5063103.0 ], [ 2202838.0, 5063099.0 ], [ 2202841.0, 5063094.0 ], [ 2202841.0, 5063080.0 ], [ 2202839.0, 5063061.0 ], [ 2202835.0, 5063037.0 ], [ 2202831.0, 5063024.0 ], [ 2202828.0, 5063019.0 ], [ 2202826.0, 5063017.0 ], [ 2202821.0, 5063018.0 ], [ 2202820.0, 5063010.0 ], [ 2202819.0, 5063005.0 ], [ 2202821.0, 5063002.0 ], [ 2202822.0, 5062998.0 ], [ 2202822.0, 5062994.0 ], [ 2202797.0, 5062928.0 ], [ 2202764.0, 5062845.0 ], [ 2202760.0, 5062841.0 ], [ 2202761.0, 5062829.0 ], [ 2202756.0, 5062816.0 ], [ 2202748.0, 5062812.0 ], [ 2202729.0, 5062778.0 ], [ 2202711.0, 5062752.0 ], [ 2202692.0, 5062726.0 ], [ 2202679.0, 5062703.0 ], [ 2202664.0, 5062680.0 ], [ 2202649.0, 5062655.0 ], [ 2202612.0, 5062593.0 ], [ 2202600.0, 5062575.0 ], [ 2202595.0, 5062567.0 ], [ 2202592.0, 5062564.0 ], [ 2202588.0, 5062562.0 ] ], [ [ 2202670.0, 5062523.0 ], [ 2202666.0, 5062525.0 ], [ 2202658.0, 5062528.0 ], [ 2202653.0, 5062531.0 ], [ 2202607.0, 5062553.0 ], [ 2202599.0, 5062557.0 ], [ 2202591.0, 5062561.0 ], [ 2202588.0, 5062562.0 ] ], [ [ 2202672.0, 5062519.0 ], [ 2202670.0, 5062515.0 ], [ 2202662.0, 5062503.0 ], [ 2202654.0, 5062489.0 ], [ 2202652.0, 5062486.0 ], [ 2202650.0, 5062481.0 ], [ 2202643.0, 5062471.0 ], [ 2202642.0, 5062468.0 ] ], [ [ 2202670.0, 5062523.0 ], [ 2202670.0, 5062528.0 ], [ 2202680.0, 5062548.0 ], [ 2202702.0, 5062584.0 ], [ 2202728.0, 5062624.0 ], [ 2202734.0, 5062635.0 ], [ 2202740.0, 5062644.0 ], [ 2202754.0, 5062665.0 ], [ 2202815.0, 5062763.0 ], [ 2202824.0, 5062768.0 ] ], [ [ 2202670.0, 5062523.0 ], [ 2202672.0, 5062519.0 ] ], [ [ 2202478.0, 5061941.0 ], [ 2202471.0, 5061947.0 ], [ 2202458.0, 5061955.0 ], [ 2202443.0, 5061966.0 ], [ 2202429.0, 5061976.0 ], [ 2202425.0, 5061979.0 ], [ 2202419.0, 5061983.0 ], [ 2202411.0, 5061986.0 ], [ 2202401.0, 5061992.0 ], [ 2202367.0, 5062008.0 ], [ 2202358.0, 5062012.0 ], [ 2202352.0, 5062014.0 ], [ 2202347.0, 5062017.0 ], [ 2202344.0, 5062020.0 ], [ 2202341.0, 5062024.0 ], [ 2202340.0, 5062027.0 ], [ 2202339.0, 5062030.0 ], [ 2202339.0, 5062033.0 ] ], [ [ 2204565.0, 5061578.0 ], [ 2204574.0, 5061559.0 ], [ 2204580.0, 5061547.0 ], [ 2204584.0, 5061542.0 ], [ 2204596.0, 5061536.0 ], [ 2204609.0, 5061532.0 ], [ 2204618.0, 5061532.0 ], [ 2204628.0, 5061534.0 ], [ 2204634.0, 5061538.0 ], [ 2204645.0, 5061545.0 ], [ 2204654.0, 5061552.0 ], [ 2204665.0, 5061565.0 ] ], [ [ 2204597.0, 5061639.0 ], [ 2204584.0, 5061634.0 ], [ 2204579.0, 5061629.0 ], [ 2204574.0, 5061624.0 ], [ 2204569.0, 5061616.0 ], [ 2204566.0, 5061610.0 ], [ 2204563.0, 5061599.0 ], [ 2204563.0, 5061587.0 ], [ 2204565.0, 5061578.0 ] ], [ [ 2204955.0, 5061435.0 ], [ 2204894.0, 5061464.0 ], [ 2204886.0, 5061468.0 ], [ 2204785.0, 5061515.0 ], [ 2204749.0, 5061531.0 ], [ 2204698.0, 5061554.0 ], [ 2204685.0, 5061560.0 ], [ 2204678.0, 5061562.0 ], [ 2204672.0, 5061563.0 ], [ 2204665.0, 5061565.0 ] ], [ [ 2204665.0, 5061565.0 ], [ 2204669.0, 5061576.0 ], [ 2204669.0, 5061584.0 ], [ 2204668.0, 5061593.0 ], [ 2204667.0, 5061602.0 ], [ 2204664.0, 5061614.0 ], [ 2204660.0, 5061622.0 ], [ 2204655.0, 5061627.0 ], [ 2204650.0, 5061632.0 ], [ 2204644.0, 5061636.0 ], [ 2204633.0, 5061641.0 ], [ 2204624.0, 5061641.0 ], [ 2204615.0, 5061641.0 ], [ 2204597.0, 5061639.0 ] ], [ [ 2204955.0, 5061435.0 ], [ 2204953.0, 5061431.0 ] ], [ [ 2205002.0, 5061452.0 ], [ 2204977.0, 5061463.0 ], [ 2204971.0, 5061466.0 ], [ 2204958.0, 5061439.0 ], [ 2204955.0, 5061435.0 ] ], [ [ 2204226.0, 5060193.0 ], [ 2204191.0, 5060180.0 ], [ 2204091.0, 5060143.0 ], [ 2204044.0, 5060125.0 ], [ 2203978.0, 5060101.0 ], [ 2203943.0, 5060088.0 ], [ 2203901.0, 5060072.0 ] ], [ [ 2206590.0, 5060917.0 ], [ 2206587.0, 5060908.0 ], [ 2206586.0, 5060901.0 ], [ 2206599.0, 5060869.0 ], [ 2206614.0, 5060832.0 ], [ 2206626.0, 5060808.0 ], [ 2206631.0, 5060800.0 ], [ 2206637.0, 5060793.0 ], [ 2206649.0, 5060784.0 ], [ 2206663.0, 5060773.0 ], [ 2206674.0, 5060766.0 ], [ 2206692.0, 5060756.0 ] ], [ [ 2206692.0, 5060756.0 ], [ 2206695.0, 5060762.0 ], [ 2206706.0, 5060780.0 ], [ 2206724.0, 5060815.0 ], [ 2206731.0, 5060823.0 ], [ 2206739.0, 5060829.0 ], [ 2206749.0, 5060834.0 ], [ 2206771.0, 5060841.0 ], [ 2206776.0, 5060844.0 ], [ 2206781.0, 5060848.0 ], [ 2206785.0, 5060854.0 ] ], [ [ 2206692.0, 5060756.0 ], [ 2206690.0, 5060751.0 ] ], [ [ 2207240.0, 5060816.0 ], [ 2207254.0, 5060829.0 ], [ 2207274.0, 5060844.0 ], [ 2207298.0, 5060858.0 ], [ 2207329.0, 5060876.0 ], [ 2207406.0, 5060919.0 ], [ 2207478.0, 5060960.0 ], [ 2207556.0, 5061004.0 ], [ 2207658.0, 5061062.0 ], [ 2207686.0, 5061078.0 ], [ 2207775.0, 5061129.0 ], [ 2207838.0, 5061165.0 ], [ 2207923.0, 5061214.0 ] ], [ [ 2207240.0, 5060816.0 ], [ 2207238.0, 5060824.0 ] ], [ [ 2205654.0, 5063244.0 ], [ 2205653.0, 5063248.0 ], [ 2205631.0, 5063354.0 ], [ 2205593.0, 5063533.0 ], [ 2205593.0, 5063536.0 ], [ 2205591.0, 5063546.0 ], [ 2205589.0, 5063553.0 ], [ 2205589.0, 5063556.0 ], [ 2205556.0, 5063716.0 ] ], [ [ 2209643.0, 5061766.0 ], [ 2209637.0, 5061769.0 ], [ 2209618.0, 5061776.0 ], [ 2209600.0, 5061780.0 ], [ 2209576.0, 5061783.0 ], [ 2209562.0, 5061783.0 ], [ 2209541.0, 5061781.0 ], [ 2209507.0, 5061777.0 ], [ 2209467.0, 5061772.0 ], [ 2209436.0, 5061768.0 ], [ 2209394.0, 5061764.0 ], [ 2209369.0, 5061760.0 ], [ 2209335.0, 5061756.0 ], [ 2209302.0, 5061752.0 ], [ 2209271.0, 5061747.0 ], [ 2209243.0, 5061742.0 ], [ 2209223.0, 5061737.0 ], [ 2209207.0, 5061732.0 ], [ 2209191.0, 5061726.0 ], [ 2209171.0, 5061717.0 ], [ 2209155.0, 5061708.0 ], [ 2209141.0, 5061698.0 ], [ 2209132.0, 5061692.0 ], [ 2209082.0, 5061655.0 ], [ 2209061.0, 5061640.0 ], [ 2209037.0, 5061622.0 ], [ 2209022.0, 5061611.0 ], [ 2209016.0, 5061607.0 ], [ 2209005.0, 5061600.0 ], [ 2208996.0, 5061595.0 ], [ 2208987.0, 5061590.0 ], [ 2208974.0, 5061584.0 ], [ 2208967.0, 5061582.0 ], [ 2208957.0, 5061578.0 ], [ 2208937.0, 5061574.0 ], [ 2208914.0, 5061571.0 ], [ 2208887.0, 5061572.0 ], [ 2208859.0, 5061577.0 ], [ 2208784.0, 5061588.0 ], [ 2208718.0, 5061599.0 ], [ 2208683.0, 5061604.0 ], [ 2208657.0, 5061606.0 ], [ 2208641.0, 5061606.0 ], [ 2208631.0, 5061605.0 ], [ 2208615.0, 5061602.0 ], [ 2208600.0, 5061596.0 ], [ 2208581.0, 5061588.0 ], [ 2208566.0, 5061580.0 ], [ 2208515.0, 5061550.0 ], [ 2208463.0, 5061521.0 ] ], [ [ 2209607.0, 5061729.0 ], [ 2209600.0, 5061731.0 ], [ 2209593.0, 5061733.0 ], [ 2209581.0, 5061734.0 ], [ 2209568.0, 5061735.0 ], [ 2209549.0, 5061732.0 ], [ 2209501.0, 5061726.0 ], [ 2209434.0, 5061718.0 ], [ 2209387.0, 5061712.0 ], [ 2209339.0, 5061706.0 ], [ 2209282.0, 5061699.0 ], [ 2209271.0, 5061698.0 ], [ 2209249.0, 5061692.0 ], [ 2209229.0, 5061685.0 ], [ 2209207.0, 5061676.0 ], [ 2209190.0, 5061668.0 ], [ 2209163.0, 5061650.0 ], [ 2209140.0, 5061634.0 ], [ 2209100.0, 5061605.0 ], [ 2209055.0, 5061575.0 ], [ 2209051.0, 5061572.0 ], [ 2209041.0, 5061564.0 ], [ 2209032.0, 5061558.0 ], [ 2209025.0, 5061553.0 ], [ 2209018.0, 5061549.0 ], [ 2208986.0, 5061536.0 ], [ 2208964.0, 5061529.0 ], [ 2208943.0, 5061525.0 ], [ 2208926.0, 5061523.0 ], [ 2208889.0, 5061524.0 ], [ 2208874.0, 5061525.0 ], [ 2208815.0, 5061533.0 ], [ 2208710.0, 5061549.0 ], [ 2208664.0, 5061556.0 ], [ 2208654.0, 5061556.0 ], [ 2208644.0, 5061556.0 ], [ 2208624.0, 5061553.0 ], [ 2208598.0, 5061541.0 ], [ 2208576.0, 5061528.0 ], [ 2208535.0, 5061506.0 ], [ 2208486.0, 5061478.0 ] ], [ [ 2207188.0, 5064125.0 ], [ 2207181.0, 5064119.0 ], [ 2207151.0, 5064112.0 ], [ 2207121.0, 5064104.0 ], [ 2207072.0, 5064092.0 ], [ 2207055.0, 5064090.0 ], [ 2207043.0, 5064091.0 ], [ 2207025.0, 5064101.0 ], [ 2207011.0, 5064104.0 ], [ 2206944.0, 5064110.0 ], [ 2206936.0, 5064109.0 ], [ 2206919.0, 5064109.0 ], [ 2206900.0, 5064106.0 ], [ 2206875.0, 5064099.0 ], [ 2206862.0, 5064096.0 ], [ 2206845.0, 5064091.0 ], [ 2206837.0, 5064090.0 ], [ 2206830.0, 5064090.0 ], [ 2206819.0, 5064093.0 ], [ 2206810.0, 5064097.0 ], [ 2206799.0, 5064109.0 ], [ 2206790.0, 5064119.0 ], [ 2206779.0, 5064126.0 ], [ 2206764.0, 5064130.0 ], [ 2206750.0, 5064131.0 ], [ 2206741.0, 5064129.0 ], [ 2206729.0, 5064126.0 ], [ 2206708.0, 5064120.0 ], [ 2206692.0, 5064116.0 ], [ 2206594.0, 5064091.0 ], [ 2206503.0, 5064067.0 ], [ 2206489.0, 5064064.0 ] ], [ [ 2210399.0, 5061590.0 ], [ 2210315.0, 5061609.0 ], [ 2210244.0, 5061627.0 ], [ 2210208.0, 5061637.0 ], [ 2210184.0, 5061640.0 ], [ 2210157.0, 5061642.0 ], [ 2210127.0, 5061641.0 ], [ 2210102.0, 5061638.0 ], [ 2210082.0, 5061635.0 ], [ 2210062.0, 5061630.0 ], [ 2209964.0, 5061605.0 ], [ 2209939.0, 5061602.0 ], [ 2209916.0, 5061600.0 ], [ 2209899.0, 5061601.0 ], [ 2209880.0, 5061603.0 ], [ 2209856.0, 5061609.0 ], [ 2209824.0, 5061618.0 ], [ 2209784.0, 5061632.0 ], [ 2209762.0, 5061644.0 ], [ 2209743.0, 5061657.0 ], [ 2209720.0, 5061679.0 ] ], [ [ 2210387.0, 5061541.0 ], [ 2210378.0, 5061543.0 ], [ 2210347.0, 5061550.0 ], [ 2210327.0, 5061555.0 ], [ 2210288.0, 5061564.0 ], [ 2210232.0, 5061579.0 ], [ 2210203.0, 5061587.0 ], [ 2210181.0, 5061591.0 ], [ 2210162.0, 5061593.0 ], [ 2210145.0, 5061593.0 ], [ 2210128.0, 5061592.0 ], [ 2210110.0, 5061590.0 ], [ 2210094.0, 5061587.0 ], [ 2210073.0, 5061582.0 ], [ 2209974.0, 5061558.0 ], [ 2209953.0, 5061554.0 ], [ 2209935.0, 5061552.0 ], [ 2209914.0, 5061552.0 ], [ 2209899.0, 5061552.0 ], [ 2209880.0, 5061554.0 ], [ 2209861.0, 5061557.0 ], [ 2209838.0, 5061563.0 ], [ 2209809.0, 5061572.0 ], [ 2209781.0, 5061581.0 ], [ 2209764.0, 5061588.0 ], [ 2209749.0, 5061595.0 ], [ 2209730.0, 5061607.0 ], [ 2209709.0, 5061622.0 ], [ 2209696.0, 5061635.0 ], [ 2209685.0, 5061648.0 ], [ 2209682.0, 5061653.0 ] ], [ [ 2206409.0, 5059838.0 ], [ 2206433.0, 5059843.0 ], [ 2206470.0, 5059850.0 ], [ 2206534.0, 5059864.0 ] ], [ [ 2206311.0, 5060721.0 ], [ 2206312.0, 5060716.0 ] ], [ [ 2203666.0, 5063764.0 ], [ 2203668.0, 5063777.0 ] ], [ [ 2207238.0, 5060824.0 ], [ 2207234.0, 5060839.0 ] ], [ [ 2207238.0, 5060824.0 ], [ 2207230.0, 5060816.0 ], [ 2207221.0, 5060806.0 ], [ 2207208.0, 5060792.0 ], [ 2207177.0, 5060756.0 ], [ 2207161.0, 5060738.0 ], [ 2207135.0, 5060708.0 ], [ 2207085.0, 5060650.0 ], [ 2207054.0, 5060616.0 ], [ 2207039.0, 5060599.0 ], [ 2207024.0, 5060582.0 ], [ 2207009.0, 5060566.0 ], [ 2206996.0, 5060552.0 ], [ 2206971.0, 5060526.0 ], [ 2206931.0, 5060485.0 ] ], [ [ 2207904.0, 5061213.0 ], [ 2207889.0, 5061204.0 ], [ 2207849.0, 5061181.0 ], [ 2207833.0, 5061171.0 ], [ 2207796.0, 5061151.0 ], [ 2207791.0, 5061147.0 ], [ 2207736.0, 5061116.0 ], [ 2207685.0, 5061087.0 ], [ 2207677.0, 5061082.0 ], [ 2207654.0, 5061069.0 ], [ 2207643.0, 5061063.0 ], [ 2207602.0, 5061039.0 ], [ 2207564.0, 5061018.0 ], [ 2207540.0, 5061004.0 ], [ 2207465.0, 5060961.0 ], [ 2207444.0, 5060948.0 ], [ 2207369.0, 5060906.0 ], [ 2207295.0, 5060865.0 ], [ 2207274.0, 5060851.0 ], [ 2207260.0, 5060841.0 ], [ 2207247.0, 5060832.0 ], [ 2207240.0, 5060825.0 ], [ 2207238.0, 5060824.0 ] ], [ [ 2205573.0, 5060238.0 ], [ 2205578.0, 5060211.0 ], [ 2205580.0, 5060205.0 ], [ 2205581.0, 5060199.0 ], [ 2205587.0, 5060169.0 ], [ 2205590.0, 5060155.0 ], [ 2205597.0, 5060127.0 ], [ 2205598.0, 5060122.0 ], [ 2205603.0, 5060102.0 ] ], [ [ 2206976.0, 5061799.0 ], [ 2207022.0, 5061827.0 ], [ 2207092.0, 5061870.0 ], [ 2207105.0, 5061878.0 ], [ 2207177.0, 5061927.0 ], [ 2207182.0, 5061930.0 ], [ 2207227.0, 5061963.0 ], [ 2207257.0, 5061985.0 ], [ 2207268.0, 5061993.0 ], [ 2207271.0, 5061995.0 ], [ 2207313.0, 5062022.0 ], [ 2207330.0, 5062032.0 ], [ 2207348.0, 5062041.0 ], [ 2207431.0, 5062078.0 ], [ 2207454.0, 5062089.0 ], [ 2207480.0, 5062100.0 ], [ 2207512.0, 5062115.0 ], [ 2207533.0, 5062124.0 ], [ 2207549.0, 5062132.0 ], [ 2207596.0, 5062152.0 ], [ 2207600.0, 5062154.0 ], [ 2207605.0, 5062156.0 ] ], [ [ 2205541.0, 5060389.0 ], [ 2205618.0, 5060405.0 ] ], [ [ 2205549.0, 5060350.0 ], [ 2205543.0, 5060381.0 ], [ 2205541.0, 5060389.0 ] ], [ [ 2205361.0, 5060350.0 ], [ 2205406.0, 5060360.0 ], [ 2205475.0, 5060374.0 ], [ 2205514.0, 5060383.0 ], [ 2205531.0, 5060386.0 ], [ 2205541.0, 5060389.0 ] ], [ [ 2204980.0, 5060270.0 ], [ 2205054.0, 5060286.0 ], [ 2205149.0, 5060305.0 ], [ 2205158.0, 5060307.0 ] ], [ [ 2204844.0, 5060238.0 ], [ 2204869.0, 5060246.0 ], [ 2204879.0, 5060248.0 ], [ 2204929.0, 5060259.0 ], [ 2204974.0, 5060269.0 ], [ 2204980.0, 5060270.0 ] ], [ [ 2204988.0, 5060233.0 ], [ 2204981.0, 5060266.0 ], [ 2204980.0, 5060270.0 ] ], [ [ 2205549.0, 5060350.0 ], [ 2205551.0, 5060343.0 ], [ 2205567.0, 5060266.0 ], [ 2205573.0, 5060238.0 ] ], [ [ 2205573.0, 5060238.0 ], [ 2205541.0, 5060231.0 ] ], [ [ 2204782.0, 5060319.0 ], [ 2204812.0, 5060328.0 ], [ 2204815.0, 5060328.0 ], [ 2204818.0, 5060326.0 ], [ 2204820.0, 5060322.0 ], [ 2204822.0, 5060316.0 ], [ 2204839.0, 5060253.0 ], [ 2204841.0, 5060249.0 ], [ 2204844.0, 5060238.0 ] ], [ [ 2204725.0, 5060201.0 ], [ 2204731.0, 5060203.0 ], [ 2204793.0, 5060222.0 ], [ 2204839.0, 5060236.0 ], [ 2204844.0, 5060238.0 ] ], [ [ 2206739.0, 5064136.0 ], [ 2206747.0, 5064137.0 ], [ 2206761.0, 5064138.0 ], [ 2206776.0, 5064135.0 ], [ 2206789.0, 5064128.0 ], [ 2206803.0, 5064116.0 ], [ 2206809.0, 5064108.0 ], [ 2206817.0, 5064101.0 ], [ 2206829.0, 5064097.0 ], [ 2206843.0, 5064097.0 ], [ 2206860.0, 5064102.0 ], [ 2206864.0, 5064103.0 ], [ 2206874.0, 5064105.0 ], [ 2206890.0, 5064109.0 ], [ 2206913.0, 5064113.0 ], [ 2206934.0, 5064115.0 ] ], [ [ 2206877.0, 5061736.0 ], [ 2206914.0, 5061759.0 ], [ 2206924.0, 5061766.0 ], [ 2206936.0, 5061773.0 ], [ 2206959.0, 5061788.0 ], [ 2206976.0, 5061799.0 ] ], [ [ 2206672.0, 5061613.0 ], [ 2206682.0, 5061618.0 ], [ 2206711.0, 5061634.0 ], [ 2206730.0, 5061646.0 ], [ 2206759.0, 5061664.0 ], [ 2206788.0, 5061682.0 ], [ 2206857.0, 5061724.0 ], [ 2206877.0, 5061736.0 ] ], [ [ 2206910.0, 5061666.0 ], [ 2206907.0, 5061671.0 ], [ 2206891.0, 5061703.0 ], [ 2206877.0, 5061736.0 ] ], [ [ 2204665.0, 5060183.0 ], [ 2204676.0, 5060186.0 ], [ 2204725.0, 5060201.0 ] ], [ [ 2204635.0, 5060273.0 ], [ 2204643.0, 5060248.0 ], [ 2204654.0, 5060216.0 ], [ 2204661.0, 5060194.0 ], [ 2204662.0, 5060191.0 ], [ 2204665.0, 5060183.0 ] ], [ [ 2204725.0, 5060201.0 ], [ 2204725.0, 5060192.0 ], [ 2204748.0, 5060084.0 ] ], [ [ 2204725.0, 5060201.0 ], [ 2204723.0, 5060214.0 ], [ 2204700.0, 5060294.0 ], [ 2204682.0, 5060288.0 ], [ 2204635.0, 5060273.0 ] ], [ [ 2205158.0, 5060307.0 ], [ 2205162.0, 5060308.0 ] ], [ [ 2205158.0, 5060307.0 ], [ 2205164.0, 5060270.0 ] ], [ [ 2205929.0, 5060470.0 ], [ 2205951.0, 5060475.0 ], [ 2205984.0, 5060482.0 ], [ 2205995.0, 5060484.0 ], [ 2206007.0, 5060487.0 ] ], [ [ 2205929.0, 5060470.0 ], [ 2205920.0, 5060468.0 ] ], [ [ 2205942.0, 5060408.0 ], [ 2205940.0, 5060419.0 ], [ 2205938.0, 5060426.0 ], [ 2205937.0, 5060431.0 ], [ 2205931.0, 5060462.0 ], [ 2205929.0, 5060470.0 ] ], [ [ 2205230.0, 5060323.0 ], [ 2205257.0, 5060328.0 ], [ 2205279.0, 5060333.0 ], [ 2205356.0, 5060349.0 ], [ 2205361.0, 5060350.0 ] ], [ [ 2205361.0, 5060350.0 ], [ 2205369.0, 5060313.0 ] ], [ [ 2205230.0, 5060323.0 ], [ 2205228.0, 5060329.0 ], [ 2205223.0, 5060364.0 ], [ 2205216.0, 5060368.0 ], [ 2205213.0, 5060431.0 ] ], [ [ 2205230.0, 5060323.0 ], [ 2205162.0, 5060308.0 ] ], [ [ 2205818.0, 5060447.0 ], [ 2205852.0, 5060454.0 ], [ 2205920.0, 5060468.0 ] ], [ [ 2205618.0, 5060405.0 ], [ 2205693.0, 5060421.0 ], [ 2205818.0, 5060447.0 ] ], [ [ 2205811.0, 5060482.0 ], [ 2205816.0, 5060457.0 ], [ 2205816.0, 5060454.0 ], [ 2205818.0, 5060447.0 ] ], [ [ 2206626.0, 5060796.0 ], [ 2206618.0, 5060807.0 ], [ 2206612.0, 5060818.0 ], [ 2206602.0, 5060837.0 ], [ 2206583.0, 5060881.0 ], [ 2206582.0, 5060892.0 ], [ 2206582.0, 5060900.0 ], [ 2206584.0, 5060910.0 ], [ 2206586.0, 5060918.0 ], [ 2206591.0, 5060927.0 ], [ 2206600.0, 5060937.0 ], [ 2206611.0, 5060945.0 ] ], [ [ 2205626.0, 5060364.0 ], [ 2205620.0, 5060396.0 ], [ 2205618.0, 5060405.0 ] ], [ [ 2205158.0, 5060349.0 ], [ 2205157.0, 5060341.0 ], [ 2205162.0, 5060308.0 ] ], [ [ 2207096.0, 5061785.0 ], [ 2207090.0, 5061782.0 ], [ 2207079.0, 5061775.0 ], [ 2207077.0, 5061773.0 ], [ 2207058.0, 5061787.0 ], [ 2207051.0, 5061795.0 ], [ 2207045.0, 5061799.0 ], [ 2207039.0, 5061802.0 ], [ 2207037.0, 5061802.0 ], [ 2207031.0, 5061802.0 ], [ 2207021.0, 5061802.0 ], [ 2206976.0, 5061799.0 ] ], [ [ 2207841.0, 5060502.0 ], [ 2207848.0, 5060514.0 ], [ 2207867.0, 5060549.0 ], [ 2207874.0, 5060561.0 ], [ 2207880.0, 5060574.0 ], [ 2207922.0, 5060649.0 ], [ 2207972.0, 5060738.0 ], [ 2207974.0, 5060741.0 ], [ 2207979.0, 5060751.0 ], [ 2207983.0, 5060760.0 ], [ 2207985.0, 5060764.0 ] ], [ [ 2204854.0, 5059277.0 ], [ 2204846.0, 5059275.0 ], [ 2204836.0, 5059273.0 ], [ 2204828.0, 5059273.0 ], [ 2204821.0, 5059273.0 ], [ 2204807.0, 5059273.0 ] ], [ [ 2205903.0, 5060501.0 ], [ 2205911.0, 5060503.0 ], [ 2205913.0, 5060502.0 ], [ 2205914.0, 5060500.0 ], [ 2205915.0, 5060495.0 ], [ 2205919.0, 5060475.0 ], [ 2205920.0, 5060468.0 ] ], [ [ 2207974.0, 5060765.0 ], [ 2207969.0, 5060752.0 ], [ 2207965.0, 5060745.0 ], [ 2207869.0, 5060572.0 ], [ 2207862.0, 5060561.0 ], [ 2207856.0, 5060549.0 ], [ 2207839.0, 5060519.0 ], [ 2207831.0, 5060505.0 ] ], [ [ 2204807.0, 5059273.0 ], [ 2204714.0, 5059319.0 ], [ 2204633.0, 5059360.0 ], [ 2204624.0, 5059364.0 ], [ 2204618.0, 5059367.0 ], [ 2204524.0, 5059415.0 ], [ 2204427.0, 5059468.0 ], [ 2204417.0, 5059477.0 ] ], [ [ 2205626.0, 5060364.0 ], [ 2205558.0, 5060352.0 ], [ 2205549.0, 5060350.0 ] ], [ [ 2205549.0, 5060350.0 ], [ 2205535.0, 5060349.0 ], [ 2205523.0, 5060346.0 ], [ 2205517.0, 5060345.0 ] ], [ [ 2206654.0, 5060771.0 ], [ 2206644.0, 5060779.0 ], [ 2206640.0, 5060782.0 ], [ 2206633.0, 5060789.0 ], [ 2206626.0, 5060796.0 ] ], [ [ 2206690.0, 5060751.0 ], [ 2206671.0, 5060761.0 ], [ 2206654.0, 5060771.0 ] ], [ [ 2206406.0, 5060892.0 ], [ 2206408.0, 5060881.0 ], [ 2206420.0, 5060828.0 ], [ 2206423.0, 5060826.0 ], [ 2206426.0, 5060825.0 ], [ 2206431.0, 5060825.0 ], [ 2206456.0, 5060829.0 ], [ 2206488.0, 5060834.0 ], [ 2206528.0, 5060840.0 ], [ 2206538.0, 5060840.0 ], [ 2206546.0, 5060840.0 ], [ 2206555.0, 5060838.0 ], [ 2206563.0, 5060835.0 ], [ 2206571.0, 5060831.0 ], [ 2206592.0, 5060818.0 ], [ 2206603.0, 5060812.0 ], [ 2206626.0, 5060796.0 ] ], [ [ 2207945.0, 5061236.0 ], [ 2207919.0, 5061221.0 ], [ 2207904.0, 5061213.0 ] ], [ [ 2207469.0, 5061428.0 ], [ 2207447.0, 5061414.0 ], [ 2207438.0, 5061408.0 ], [ 2207402.0, 5061383.0 ], [ 2207396.0, 5061378.0 ], [ 2207388.0, 5061373.0 ], [ 2207383.0, 5061370.0 ], [ 2207378.0, 5061367.0 ], [ 2207327.0, 5061332.0 ], [ 2207279.0, 5061298.0 ], [ 2207262.0, 5061287.0 ], [ 2207242.0, 5061273.0 ], [ 2207194.0, 5061242.0 ], [ 2207184.0, 5061234.0 ], [ 2207150.0, 5061211.0 ], [ 2207052.0, 5061145.0 ], [ 2207046.0, 5061141.0 ], [ 2206998.0, 5061108.0 ], [ 2206981.0, 5061097.0 ], [ 2206958.0, 5061081.0 ] ], [ [ 2209656.0, 5061760.0 ], [ 2209645.0, 5061770.0 ], [ 2209639.0, 5061775.0 ], [ 2209629.0, 5061779.0 ], [ 2209612.0, 5061785.0 ], [ 2209600.0, 5061788.0 ], [ 2209594.0, 5061789.0 ], [ 2209580.0, 5061790.0 ], [ 2209568.0, 5061789.0 ], [ 2209548.0, 5061788.0 ], [ 2209530.0, 5061787.0 ], [ 2209509.0, 5061785.0 ], [ 2209420.0, 5061775.0 ], [ 2209281.0, 5061758.0 ], [ 2209244.0, 5061751.0 ], [ 2209207.0, 5061740.0 ], [ 2209174.0, 5061726.0 ], [ 2209142.0, 5061710.0 ], [ 2209127.0, 5061699.0 ], [ 2209111.0, 5061689.0 ], [ 2209016.0, 5061620.0 ], [ 2208992.0, 5061603.0 ], [ 2208978.0, 5061596.0 ], [ 2208964.0, 5061589.0 ], [ 2208950.0, 5061585.0 ], [ 2208930.0, 5061581.0 ], [ 2208913.0, 5061579.0 ], [ 2208892.0, 5061579.0 ], [ 2208869.0, 5061582.0 ], [ 2208806.0, 5061592.0 ], [ 2208745.0, 5061602.0 ], [ 2208719.0, 5061606.0 ], [ 2208666.0, 5061615.0 ], [ 2208655.0, 5061616.0 ], [ 2208644.0, 5061616.0 ], [ 2208633.0, 5061615.0 ], [ 2208620.0, 5061612.0 ], [ 2208606.0, 5061608.0 ], [ 2208592.0, 5061603.0 ], [ 2208577.0, 5061595.0 ], [ 2208460.0, 5061529.0 ] ], [ [ 2206769.0, 5060703.0 ], [ 2206754.0, 5060712.0 ] ], [ [ 2206785.0, 5060854.0 ], [ 2206804.0, 5060822.0 ], [ 2206814.0, 5060805.0 ], [ 2206817.0, 5060796.0 ], [ 2206812.0, 5060788.0 ], [ 2206804.0, 5060777.0 ], [ 2206763.0, 5060723.0 ], [ 2206762.0, 5060722.0 ], [ 2206760.0, 5060720.0 ], [ 2206754.0, 5060712.0 ] ], [ [ 2207713.0, 5061593.0 ], [ 2207681.0, 5061571.0 ], [ 2207655.0, 5061554.0 ], [ 2207653.0, 5061553.0 ], [ 2207625.0, 5061534.0 ], [ 2207604.0, 5061520.0 ], [ 2207595.0, 5061514.0 ], [ 2207571.0, 5061498.0 ], [ 2207542.0, 5061478.0 ], [ 2207516.0, 5061461.0 ], [ 2207473.0, 5061431.0 ], [ 2207469.0, 5061428.0 ] ], [ [ 2207540.0, 5061339.0 ], [ 2207530.0, 5061343.0 ], [ 2207523.0, 5061347.0 ], [ 2207513.0, 5061361.0 ], [ 2207485.0, 5061405.0 ], [ 2207480.0, 5061407.0 ], [ 2207474.0, 5061417.0 ], [ 2207472.0, 5061423.0 ], [ 2207469.0, 5061428.0 ] ], [ [ 2207785.0, 5061638.0 ], [ 2207775.0, 5061631.0 ], [ 2207756.0, 5061620.0 ], [ 2207726.0, 5061601.0 ], [ 2207713.0, 5061593.0 ] ], [ [ 2207713.0, 5061593.0 ], [ 2207710.0, 5061598.0 ], [ 2207681.0, 5061642.0 ], [ 2207666.0, 5061664.0 ], [ 2207651.0, 5061688.0 ], [ 2207647.0, 5061693.0 ], [ 2207623.0, 5061730.0 ] ], [ [ 2207904.0, 5061213.0 ], [ 2207901.0, 5061218.0 ], [ 2207882.0, 5061254.0 ], [ 2207881.0, 5061264.0 ], [ 2207880.0, 5061269.0 ], [ 2207879.0, 5061280.0 ], [ 2207878.0, 5061287.0 ], [ 2207875.0, 5061310.0 ], [ 2207872.0, 5061331.0 ], [ 2207863.0, 5061376.0 ], [ 2207862.0, 5061382.0 ] ], [ [ 2208850.0, 5061521.0 ], [ 2208905.0, 5061515.0 ], [ 2208924.0, 5061514.0 ], [ 2208945.0, 5061517.0 ], [ 2208966.0, 5061522.0 ], [ 2208987.0, 5061528.0 ], [ 2209006.0, 5061536.0 ], [ 2209022.0, 5061544.0 ], [ 2209027.0, 5061546.0 ], [ 2209038.0, 5061552.0 ], [ 2209047.0, 5061558.0 ], [ 2209060.0, 5061567.0 ], [ 2209116.0, 5061605.0 ], [ 2209145.0, 5061626.0 ], [ 2209169.0, 5061642.0 ], [ 2209195.0, 5061660.0 ], [ 2209233.0, 5061676.0 ], [ 2209259.0, 5061683.0 ], [ 2209286.0, 5061690.0 ], [ 2209355.0, 5061699.0 ], [ 2209488.0, 5061716.0 ], [ 2209538.0, 5061722.0 ], [ 2209578.0, 5061724.0 ], [ 2209589.0, 5061723.0 ], [ 2209599.0, 5061721.0 ], [ 2209604.0, 5061719.0 ], [ 2209609.0, 5061717.0 ], [ 2209623.0, 5061710.0 ] ], [ [ 2209658.0, 5061667.0 ], [ 2209673.0, 5061650.0 ], [ 2209682.0, 5061640.0 ], [ 2209693.0, 5061625.0 ], [ 2209703.0, 5061617.0 ], [ 2209719.0, 5061605.0 ], [ 2209724.0, 5061601.0 ], [ 2209736.0, 5061595.0 ], [ 2209742.0, 5061591.0 ], [ 2209762.0, 5061580.0 ], [ 2209774.0, 5061574.0 ], [ 2209783.0, 5061571.0 ], [ 2209796.0, 5061567.0 ], [ 2209803.0, 5061564.0 ], [ 2209818.0, 5061559.0 ], [ 2209819.0, 5061559.0 ], [ 2209873.0, 5061548.0 ], [ 2209890.0, 5061544.0 ], [ 2209918.0, 5061542.0 ], [ 2209933.0, 5061541.0 ], [ 2209948.0, 5061543.0 ], [ 2209986.0, 5061551.0 ], [ 2210076.0, 5061574.0 ], [ 2210099.0, 5061580.0 ], [ 2210115.0, 5061584.0 ], [ 2210139.0, 5061586.0 ], [ 2210161.0, 5061585.0 ], [ 2210180.0, 5061582.0 ], [ 2210272.0, 5061562.0 ], [ 2210380.0, 5061534.0 ], [ 2210381.0, 5061534.0 ], [ 2210390.0, 5061529.0 ], [ 2210399.0, 5061523.0 ], [ 2210411.0, 5061514.0 ] ], [ [ 2210439.0, 5061602.0 ], [ 2210422.0, 5061599.0 ], [ 2210409.0, 5061599.0 ], [ 2210400.0, 5061599.0 ], [ 2210392.0, 5061601.0 ], [ 2210328.0, 5061617.0 ], [ 2210247.0, 5061636.0 ], [ 2210222.0, 5061642.0 ], [ 2210191.0, 5061648.0 ], [ 2210158.0, 5061651.0 ], [ 2210125.0, 5061649.0 ], [ 2210095.0, 5061645.0 ], [ 2210060.0, 5061636.0 ], [ 2210042.0, 5061633.0 ], [ 2209990.0, 5061619.0 ], [ 2209960.0, 5061613.0 ], [ 2209936.0, 5061609.0 ], [ 2209911.0, 5061609.0 ], [ 2209880.0, 5061612.0 ], [ 2209836.0, 5061622.0 ], [ 2209801.0, 5061634.0 ], [ 2209771.0, 5061648.0 ], [ 2209747.0, 5061666.0 ], [ 2209734.0, 5061679.0 ], [ 2209726.0, 5061688.0 ], [ 2209717.0, 5061698.0 ] ], [ [ 2207785.0, 5061638.0 ], [ 2207810.0, 5061654.0 ], [ 2207813.0, 5061656.0 ] ], [ [ 2208850.0, 5061521.0 ], [ 2208820.0, 5061524.0 ] ], [ [ 2208836.0, 5061503.0 ], [ 2208839.0, 5061508.0 ], [ 2208843.0, 5061513.0 ], [ 2208846.0, 5061517.0 ], [ 2208850.0, 5061521.0 ] ], [ [ 2208820.0, 5061524.0 ], [ 2208826.0, 5061515.0 ], [ 2208836.0, 5061503.0 ] ], [ [ 2208491.0, 5061472.0 ], [ 2208538.0, 5061498.0 ], [ 2208602.0, 5061536.0 ], [ 2208617.0, 5061542.0 ], [ 2208632.0, 5061546.0 ], [ 2208646.0, 5061548.0 ], [ 2208658.0, 5061549.0 ], [ 2208671.0, 5061547.0 ], [ 2208679.0, 5061546.0 ], [ 2208691.0, 5061544.0 ], [ 2208709.0, 5061541.0 ], [ 2208820.0, 5061524.0 ] ], [ [ 2207839.0, 5061538.0 ], [ 2207817.0, 5061576.0 ], [ 2207810.0, 5061588.0 ], [ 2207803.0, 5061601.0 ], [ 2207791.0, 5061624.0 ], [ 2207788.0, 5061631.0 ], [ 2207785.0, 5061638.0 ] ], [ [ 2205032.0, 5059631.0 ], [ 2205052.0, 5059655.0 ], [ 2205066.0, 5059668.0 ] ], [ [ 2205032.0, 5059631.0 ], [ 2205038.0, 5059627.0 ], [ 2205060.0, 5059613.0 ] ], [ [ 2205032.0, 5059631.0 ], [ 2204999.0, 5059587.0 ] ], [ [ 2204936.0, 5059629.0 ], [ 2204948.0, 5059622.0 ], [ 2204988.0, 5059594.0 ], [ 2204992.0, 5059591.0 ], [ 2204999.0, 5059587.0 ] ], [ [ 2204857.0, 5059683.0 ], [ 2204894.0, 5059658.0 ] ], [ [ 2204816.0, 5059715.0 ], [ 2204842.0, 5059694.0 ], [ 2204847.0, 5059690.0 ], [ 2204857.0, 5059683.0 ] ], [ [ 2204883.0, 5059724.0 ], [ 2204860.0, 5059690.0 ], [ 2204857.0, 5059683.0 ] ], [ [ 2204894.0, 5059658.0 ], [ 2204928.0, 5059635.0 ], [ 2204936.0, 5059629.0 ] ], [ [ 2205060.0, 5059613.0 ], [ 2205077.0, 5059602.0 ], [ 2205082.0, 5059599.0 ] ], [ [ 2205824.0, 5060194.0 ], [ 2205831.0, 5060161.0 ], [ 2205833.0, 5060151.0 ] ], [ [ 2203866.0, 5062633.0 ], [ 2203883.0, 5062624.0 ], [ 2203894.0, 5062616.0 ] ], [ [ 2210532.0, 5062012.0 ], [ 2210458.0, 5062027.0 ], [ 2210427.0, 5062036.0 ] ], [ [ 2208381.0, 5060836.0 ], [ 2208354.0, 5060816.0 ], [ 2208348.0, 5060811.0 ], [ 2208342.0, 5060806.0 ], [ 2208333.0, 5060801.0 ], [ 2208305.0, 5060782.0 ], [ 2208282.0, 5060769.0 ], [ 2208255.0, 5060756.0 ] ], [ [ 2208755.0, 5061027.0 ], [ 2208720.0, 5061100.0 ] ], [ [ 2208859.0, 5061097.0 ], [ 2208815.0, 5061170.0 ] ], [ [ 2208613.0, 5061014.0 ], [ 2208570.0, 5061091.0 ] ], [ [ 2208500.0, 5061214.0 ], [ 2208504.0, 5061207.0 ], [ 2208506.0, 5061203.0 ], [ 2208523.0, 5061173.0 ], [ 2208525.0, 5061169.0 ], [ 2208540.0, 5061144.0 ] ], [ [ 2208989.0, 5062419.0 ], [ 2209004.0, 5062398.0 ], [ 2209009.0, 5062395.0 ], [ 2209014.0, 5062397.0 ], [ 2209027.0, 5062407.0 ], [ 2209054.0, 5062374.0 ], [ 2209062.0, 5062364.0 ], [ 2209072.0, 5062356.0 ], [ 2209086.0, 5062344.0 ], [ 2209097.0, 5062349.0 ], [ 2209117.0, 5062350.0 ] ], [ [ 2204503.0, 5059568.0 ], [ 2204586.0, 5059586.0 ], [ 2204601.0, 5059589.0 ] ], [ [ 2205014.0, 5060111.0 ], [ 2205006.0, 5060150.0 ] ], [ [ 2208721.0, 5061319.0 ], [ 2208744.0, 5061332.0 ], [ 2208750.0, 5061335.0 ] ], [ [ 2208801.0, 5061365.0 ], [ 2208818.0, 5061340.0 ] ], [ [ 2208801.0, 5061365.0 ], [ 2208787.0, 5061386.0 ] ], [ [ 2208801.0, 5061365.0 ], [ 2208750.0, 5061335.0 ] ], [ [ 2207342.0, 5062103.0 ], [ 2207339.0, 5062109.0 ], [ 2207336.0, 5062117.0 ], [ 2207331.0, 5062130.0 ], [ 2207318.0, 5062168.0 ], [ 2207315.0, 5062180.0 ], [ 2207309.0, 5062198.0 ], [ 2207302.0, 5062217.0 ], [ 2207285.0, 5062260.0 ], [ 2207273.0, 5062294.0 ] ], [ [ 2207162.0, 5062425.0 ], [ 2207213.0, 5062461.0 ], [ 2207217.0, 5062464.0 ] ], [ [ 2207137.0, 5062452.0 ], [ 2207143.0, 5062446.0 ], [ 2207162.0, 5062425.0 ] ], [ [ 2207221.0, 5062355.0 ], [ 2207184.0, 5062400.0 ], [ 2207162.0, 5062425.0 ] ], [ [ 2206924.0, 5061958.0 ], [ 2206913.0, 5061951.0 ], [ 2206902.0, 5061947.0 ], [ 2206892.0, 5061944.0 ], [ 2206884.0, 5061940.0 ], [ 2206874.0, 5061933.0 ], [ 2206858.0, 5061921.0 ] ], [ [ 2205706.0, 5059041.0 ], [ 2205703.0, 5059050.0 ], [ 2205701.0, 5059055.0 ], [ 2205696.0, 5059066.0 ], [ 2205684.0, 5059071.0 ], [ 2205672.0, 5059069.0 ], [ 2205663.0, 5059067.0 ], [ 2205659.0, 5059063.0 ], [ 2205628.0, 5059058.0 ], [ 2205621.0, 5059100.0 ] ], [ [ 2204977.0, 5059437.0 ], [ 2205011.0, 5059415.0 ] ], [ [ 2204906.0, 5059329.0 ], [ 2204917.0, 5059322.0 ], [ 2204950.0, 5059299.0 ], [ 2204990.0, 5059271.0 ], [ 2205001.0, 5059264.0 ], [ 2205023.0, 5059241.0 ] ], [ [ 2205706.0, 5059041.0 ], [ 2205638.0, 5059026.0 ], [ 2205602.0, 5059018.0 ], [ 2205597.0, 5059017.0 ], [ 2205597.0, 5059012.0 ], [ 2205593.0, 5059005.0 ], [ 2205577.0, 5058999.0 ], [ 2205572.0, 5059028.0 ], [ 2205575.0, 5059037.0 ], [ 2205573.0, 5059047.0 ], [ 2205564.0, 5059090.0 ] ], [ [ 2203446.0, 5060451.0 ], [ 2203434.0, 5060485.0 ] ], [ [ 2207971.0, 5061701.0 ], [ 2207966.0, 5061708.0 ], [ 2207918.0, 5061681.0 ], [ 2207900.0, 5061671.0 ], [ 2207925.0, 5061614.0 ], [ 2207905.0, 5061606.0 ], [ 2207896.0, 5061602.0 ] ], [ [ 2205365.0, 5059903.0 ], [ 2205324.0, 5059894.0 ], [ 2205317.0, 5059881.0 ], [ 2205305.0, 5059862.0 ] ], [ [ 2204659.0, 5061451.0 ], [ 2204631.0, 5061463.0 ], [ 2204625.0, 5061463.0 ], [ 2204615.0, 5061462.0 ] ], [ [ 2204928.0, 5059434.0 ], [ 2204952.0, 5059417.0 ], [ 2204960.0, 5059411.0 ] ], [ [ 2203490.0, 5059596.0 ], [ 2203492.0, 5059629.0 ], [ 2203492.0, 5059637.0 ] ], [ [ 2204786.0, 5059674.0 ], [ 2204726.0, 5059650.0 ] ], [ [ 2203646.0, 5059627.0 ], [ 2203644.0, 5059577.0 ] ], [ [ 2203409.0, 5059601.0 ], [ 2203421.0, 5059575.0 ], [ 2203425.0, 5059572.0 ], [ 2203480.0, 5059570.0 ], [ 2203485.0, 5059571.0 ], [ 2203488.0, 5059575.0 ], [ 2203490.0, 5059580.0 ], [ 2203490.0, 5059596.0 ] ], [ [ 2203394.0, 5059642.0 ], [ 2203395.0, 5059637.0 ], [ 2203397.0, 5059630.0 ], [ 2203400.0, 5059620.0 ], [ 2203409.0, 5059601.0 ] ], [ [ 2204136.0, 5059606.0 ], [ 2204093.0, 5059598.0 ], [ 2204085.0, 5059597.0 ], [ 2204077.0, 5059596.0 ] ], [ [ 2204199.0, 5059701.0 ], [ 2204140.0, 5059689.0 ], [ 2204095.0, 5059679.0 ], [ 2204104.0, 5059637.0 ], [ 2204129.0, 5059642.0 ], [ 2204136.0, 5059606.0 ] ], [ [ 2203441.0, 5059735.0 ], [ 2203442.0, 5059762.0 ] ], [ [ 2203441.0, 5059735.0 ], [ 2203330.0, 5059738.0 ] ], [ [ 2203441.0, 5059735.0 ], [ 2203439.0, 5059709.0 ] ], [ [ 2204575.0, 5058936.0 ], [ 2204560.0, 5058880.0 ], [ 2204565.0, 5058878.0 ], [ 2204595.0, 5058868.0 ], [ 2204598.0, 5058868.0 ], [ 2204599.0, 5058870.0 ], [ 2204613.0, 5058926.0 ] ], [ [ 2203669.0, 5059625.0 ], [ 2203671.0, 5059664.0 ] ], [ [ 2204112.0, 5059425.0 ], [ 2204105.0, 5059474.0 ], [ 2204110.0, 5059482.0 ], [ 2204118.0, 5059488.0 ] ], [ [ 2204486.0, 5059648.0 ], [ 2204524.0, 5059656.0 ], [ 2204540.0, 5059660.0 ], [ 2204581.0, 5059669.0 ], [ 2204584.0, 5059670.0 ], [ 2204620.0, 5059678.0 ] ], [ [ 2203548.0, 5059673.0 ], [ 2203547.0, 5059634.0 ] ], [ [ 2203671.0, 5059664.0 ], [ 2203556.0, 5059673.0 ], [ 2203548.0, 5059673.0 ] ], [ [ 2203548.0, 5059673.0 ], [ 2203549.0, 5059705.0 ] ], [ [ 2204928.0, 5059434.0 ], [ 2204960.0, 5059483.0 ], [ 2204962.0, 5059488.0 ], [ 2204960.0, 5059498.0 ], [ 2204954.0, 5059506.0 ], [ 2204931.0, 5059520.0 ], [ 2204905.0, 5059536.0 ] ], [ [ 2204888.0, 5059443.0 ], [ 2204920.0, 5059422.0 ], [ 2204928.0, 5059434.0 ] ], [ [ 2203295.0, 5059764.0 ], [ 2203331.0, 5059764.0 ] ], [ [ 2203330.0, 5059697.0 ], [ 2203328.0, 5059687.0 ], [ 2203325.0, 5059682.0 ], [ 2203322.0, 5059647.0 ] ], [ [ 2203330.0, 5059738.0 ], [ 2203331.0, 5059764.0 ] ], [ [ 2203330.0, 5059697.0 ], [ 2203330.0, 5059718.0 ], [ 2203330.0, 5059738.0 ] ], [ [ 2203671.0, 5059664.0 ], [ 2203670.0, 5059676.0 ], [ 2203672.0, 5059683.0 ], [ 2203674.0, 5059692.0 ] ], [ [ 2203442.0, 5059762.0 ], [ 2203443.0, 5059769.0 ], [ 2203445.0, 5059774.0 ], [ 2203447.0, 5059780.0 ] ], [ [ 2204011.0, 5059662.0 ], [ 2204019.0, 5059629.0 ] ], [ [ 2203549.0, 5059705.0 ], [ 2203439.0, 5059709.0 ] ], [ [ 2203562.0, 5059729.0 ], [ 2203558.0, 5059722.0 ], [ 2203556.0, 5059717.0 ], [ 2203549.0, 5059705.0 ] ], [ [ 2203436.0, 5059640.0 ], [ 2203438.0, 5059680.0 ], [ 2203439.0, 5059702.0 ], [ 2203439.0, 5059709.0 ] ], [ [ 2204600.0, 5058796.0 ], [ 2204625.0, 5058788.0 ], [ 2204639.0, 5058783.0 ], [ 2204667.0, 5058774.0 ], [ 2204673.0, 5058763.0 ], [ 2204694.0, 5058756.0 ], [ 2204703.0, 5058756.0 ], [ 2204706.0, 5058757.0 ], [ 2204708.0, 5058759.0 ], [ 2204711.0, 5058763.0 ], [ 2204721.0, 5058766.0 ], [ 2204739.0, 5058767.0 ], [ 2204743.0, 5058766.0 ], [ 2204752.0, 5058763.0 ] ], [ [ 2204468.0, 5059732.0 ], [ 2204521.0, 5059743.0 ], [ 2204554.0, 5059750.0 ], [ 2204606.0, 5059760.0 ] ], [ [ 2203382.0, 5059696.0 ], [ 2203330.0, 5059697.0 ] ], [ [ 2204726.0, 5059650.0 ], [ 2204723.0, 5059654.0 ], [ 2204719.0, 5059659.0 ], [ 2204712.0, 5059683.0 ], [ 2204715.0, 5059690.0 ], [ 2204712.0, 5059703.0 ], [ 2204755.0, 5059716.0 ], [ 2204765.0, 5059720.0 ] ], [ [ 2204905.0, 5059536.0 ], [ 2204882.0, 5059551.0 ], [ 2204879.0, 5059553.0 ], [ 2204865.0, 5059561.0 ], [ 2204821.0, 5059589.0 ], [ 2204793.0, 5059606.0 ], [ 2204761.0, 5059627.0 ], [ 2204746.0, 5059636.0 ], [ 2204734.0, 5059644.0 ], [ 2204726.0, 5059650.0 ] ], [ [ 2204614.0, 5059719.0 ], [ 2204593.0, 5059715.0 ], [ 2204564.0, 5059708.0 ], [ 2204552.0, 5059706.0 ], [ 2204477.0, 5059690.0 ] ], [ [ 2204905.0, 5059536.0 ], [ 2204892.0, 5059516.0 ], [ 2204867.0, 5059481.0 ], [ 2204860.0, 5059473.0 ], [ 2204852.0, 5059464.0 ] ], [ [ 2204894.0, 5059402.0 ], [ 2204924.0, 5059381.0 ], [ 2204927.0, 5059379.0 ], [ 2204936.0, 5059373.0 ] ], [ [ 2203867.0, 5059550.0 ], [ 2203904.0, 5059558.0 ], [ 2203921.0, 5059562.0 ], [ 2203942.0, 5059567.0 ], [ 2203948.0, 5059569.0 ] ], [ [ 2204019.0, 5059629.0 ], [ 2204027.0, 5059596.0 ], [ 2204028.0, 5059592.0 ], [ 2204027.0, 5059589.0 ], [ 2204024.0, 5059586.0 ], [ 2204020.0, 5059584.0 ], [ 2203988.0, 5059577.0 ], [ 2203957.0, 5059570.0 ], [ 2203948.0, 5059569.0 ] ], [ [ 2203331.0, 5059764.0 ], [ 2203358.0, 5059763.0 ], [ 2203442.0, 5059762.0 ] ], [ [ 2203869.0, 5059458.0 ], [ 2203871.0, 5059455.0 ], [ 2203872.0, 5059452.0 ], [ 2203875.0, 5059437.0 ], [ 2203875.0, 5059420.0 ], [ 2203879.0, 5059394.0 ] ], [ [ 2204627.0, 5059635.0 ], [ 2204634.0, 5059602.0 ] ], [ [ 2204602.0, 5059630.0 ], [ 2204590.0, 5059627.0 ], [ 2204532.0, 5059615.0 ], [ 2204495.0, 5059607.0 ] ], [ [ 2205116.0, 5061737.0 ], [ 2205097.0, 5061825.0 ], [ 2205096.0, 5061831.0 ] ], [ [ 2205043.0, 5059147.0 ], [ 2205070.0, 5059191.0 ] ], [ [ 2205070.0, 5059191.0 ], [ 2205078.0, 5059185.0 ], [ 2205120.0, 5059154.0 ] ], [ [ 2205023.0, 5059241.0 ], [ 2205026.0, 5059237.0 ], [ 2205045.0, 5059217.0 ], [ 2205049.0, 5059213.0 ], [ 2205070.0, 5059191.0 ] ], [ [ 2205125.0, 5059843.0 ], [ 2205130.0, 5059844.0 ], [ 2205198.0, 5059855.0 ] ], [ [ 2205198.0, 5059855.0 ], [ 2205223.0, 5059893.0 ], [ 2205225.0, 5059897.0 ], [ 2205225.0, 5059899.0 ], [ 2205225.0, 5059901.0 ], [ 2205222.0, 5059912.0 ], [ 2205159.0, 5059899.0 ] ], [ [ 2205198.0, 5059855.0 ], [ 2205149.0, 5059781.0 ] ], [ [ 2205909.0, 5059394.0 ], [ 2205957.0, 5059404.0 ], [ 2205956.0, 5059410.0 ], [ 2205945.0, 5059461.0 ] ], [ [ 2205344.0, 5059201.0 ], [ 2205354.0, 5059204.0 ], [ 2205388.0, 5059212.0 ], [ 2205392.0, 5059213.0 ], [ 2205430.0, 5059222.0 ] ], [ [ 2205704.0, 5059103.0 ], [ 2205702.0, 5059129.0 ], [ 2205700.0, 5059157.0 ], [ 2205695.0, 5059211.0 ], [ 2205694.0, 5059224.0 ], [ 2205692.0, 5059281.0 ], [ 2205691.0, 5059296.0 ], [ 2205688.0, 5059302.0 ], [ 2205683.0, 5059308.0 ], [ 2205677.0, 5059311.0 ], [ 2205665.0, 5059312.0 ] ], [ [ 2205655.0, 5059356.0 ], [ 2205664.0, 5059321.0 ], [ 2205665.0, 5059312.0 ] ], [ [ 2205733.0, 5059288.0 ], [ 2205733.0, 5059293.0 ], [ 2205731.0, 5059303.0 ], [ 2205726.0, 5059325.0 ], [ 2205716.0, 5059367.0 ], [ 2205655.0, 5059356.0 ] ], [ [ 2205645.0, 5059390.0 ], [ 2205648.0, 5059383.0 ], [ 2205655.0, 5059356.0 ] ], [ [ 2205909.0, 5059394.0 ], [ 2205899.0, 5059393.0 ] ], [ [ 2205909.0, 5059394.0 ], [ 2205916.0, 5059362.0 ] ], [ [ 2205596.0, 5059305.0 ], [ 2205587.0, 5059305.0 ], [ 2205560.0, 5059301.0 ], [ 2205555.0, 5059300.0 ] ], [ [ 2205596.0, 5059305.0 ], [ 2205600.0, 5059258.0 ], [ 2205600.0, 5059254.0 ], [ 2205608.0, 5059154.0 ], [ 2205612.0, 5059098.0 ] ], [ [ 2205665.0, 5059312.0 ], [ 2205638.0, 5059310.0 ], [ 2205596.0, 5059305.0 ] ], [ [ 2205459.0, 5059351.0 ], [ 2205460.0, 5059344.0 ], [ 2205465.0, 5059318.0 ] ], [ [ 2205465.0, 5059318.0 ], [ 2205437.0, 5059309.0 ], [ 2205433.0, 5059310.0 ], [ 2205427.0, 5059310.0 ], [ 2205416.0, 5059306.0 ], [ 2205409.0, 5059299.0 ], [ 2205376.0, 5059291.0 ], [ 2205328.0, 5059278.0 ] ], [ [ 2205487.0, 5059299.0 ], [ 2205489.0, 5059303.0 ], [ 2205486.0, 5059310.0 ], [ 2205481.0, 5059314.0 ], [ 2205479.0, 5059316.0 ], [ 2205473.0, 5059318.0 ], [ 2205465.0, 5059318.0 ] ], [ [ 2205611.0, 5059509.0 ], [ 2205609.0, 5059520.0 ] ], [ [ 2205611.0, 5059509.0 ], [ 2205641.0, 5059487.0 ] ], [ [ 2205619.0, 5059455.0 ], [ 2205605.0, 5059466.0 ], [ 2205589.0, 5059477.0 ], [ 2205598.0, 5059490.0 ], [ 2205611.0, 5059509.0 ] ], [ [ 2205641.0, 5059487.0 ], [ 2205619.0, 5059455.0 ] ], [ [ 2205683.0, 5059497.0 ], [ 2205673.0, 5059495.0 ], [ 2205641.0, 5059487.0 ] ], [ [ 2204942.0, 5059086.0 ], [ 2204939.0, 5059086.0 ], [ 2204935.0, 5059086.0 ], [ 2204932.0, 5059084.0 ], [ 2204930.0, 5059081.0 ], [ 2204928.0, 5059078.0 ], [ 2204928.0, 5059074.0 ], [ 2204929.0, 5059071.0 ], [ 2204931.0, 5059068.0 ], [ 2204933.0, 5059066.0 ], [ 2204937.0, 5059064.0 ], [ 2204940.0, 5059064.0 ], [ 2204944.0, 5059065.0 ], [ 2204947.0, 5059068.0 ], [ 2204949.0, 5059071.0 ], [ 2204950.0, 5059074.0 ], [ 2204950.0, 5059078.0 ], [ 2204948.0, 5059081.0 ], [ 2204945.0, 5059084.0 ], [ 2204942.0, 5059086.0 ] ], [ [ 2204971.0, 5059185.0 ], [ 2204968.0, 5059176.0 ], [ 2204956.0, 5059138.0 ], [ 2204942.0, 5059086.0 ] ], [ [ 2205286.0, 5059274.0 ], [ 2205318.0, 5059277.0 ], [ 2205328.0, 5059278.0 ] ], [ [ 2206002.0, 5059088.0 ], [ 2205990.0, 5059086.0 ], [ 2205937.0, 5059075.0 ], [ 2205894.0, 5059066.0 ], [ 2205823.0, 5059051.0 ] ], [ [ 2207136.0, 5059871.0 ], [ 2207135.0, 5059880.0 ], [ 2207102.0, 5059959.0 ], [ 2207101.0, 5059963.0 ] ], [ [ 2207119.0, 5060041.0 ], [ 2207072.0, 5060012.0 ], [ 2207077.0, 5060002.0 ], [ 2207080.0, 5059993.0 ], [ 2207083.0, 5059990.0 ], [ 2207086.0, 5059985.0 ], [ 2207091.0, 5059981.0 ], [ 2207096.0, 5059974.0 ], [ 2207101.0, 5059963.0 ] ], [ [ 2207101.0, 5059963.0 ], [ 2207124.0, 5059971.0 ], [ 2207127.0, 5059971.0 ], [ 2207131.0, 5059971.0 ], [ 2207134.0, 5059969.0 ], [ 2207138.0, 5059965.0 ] ], [ [ 2207138.0, 5059965.0 ], [ 2207165.0, 5059976.0 ] ], [ [ 2207198.0, 5059903.0 ], [ 2207200.0, 5059894.0 ], [ 2207174.0, 5059882.0 ], [ 2207171.0, 5059887.0 ], [ 2207157.0, 5059920.0 ], [ 2207138.0, 5059965.0 ] ], [ [ 2207344.0, 5059838.0 ], [ 2207339.0, 5059836.0 ], [ 2207317.0, 5059826.0 ], [ 2207314.0, 5059824.0 ], [ 2207311.0, 5059821.0 ], [ 2207308.0, 5059818.0 ], [ 2207301.0, 5059815.0 ] ], [ [ 2206487.0, 5061424.0 ], [ 2206503.0, 5061405.0 ], [ 2206509.0, 5061397.0 ], [ 2206513.0, 5061393.0 ], [ 2206516.0, 5061390.0 ], [ 2206520.0, 5061385.0 ], [ 2206523.0, 5061382.0 ], [ 2206528.0, 5061377.0 ], [ 2206530.0, 5061375.0 ], [ 2206536.0, 5061369.0 ] ], [ [ 2206206.0, 5061359.0 ], [ 2206198.0, 5061386.0 ], [ 2206241.0, 5061398.0 ] ], [ [ 2204914.0, 5059766.0 ], [ 2204883.0, 5059724.0 ] ], [ [ 2204914.0, 5059766.0 ], [ 2204928.0, 5059787.0 ], [ 2204930.0, 5059791.0 ], [ 2204933.0, 5059797.0 ], [ 2204933.0, 5059808.0 ], [ 2204929.0, 5059830.0 ], [ 2204924.0, 5059854.0 ] ], [ [ 2204841.0, 5059789.0 ], [ 2204878.0, 5059797.0 ], [ 2204886.0, 5059779.0 ], [ 2204891.0, 5059769.0 ], [ 2204914.0, 5059766.0 ] ], [ [ 2204914.0, 5059766.0 ], [ 2204948.0, 5059744.0 ] ], [ [ 2206417.0, 5061783.0 ], [ 2206404.0, 5061717.0 ], [ 2206403.0, 5061712.0 ], [ 2206402.0, 5061705.0 ], [ 2206402.0, 5061698.0 ], [ 2206401.0, 5061695.0 ], [ 2206401.0, 5061691.0 ], [ 2206400.0, 5061689.0 ], [ 2206400.0, 5061687.0 ], [ 2206399.0, 5061684.0 ], [ 2206397.0, 5061681.0 ] ], [ [ 2206497.0, 5061547.0 ], [ 2206509.0, 5061558.0 ], [ 2206532.0, 5061582.0 ], [ 2206536.0, 5061586.0 ], [ 2206553.0, 5061603.0 ], [ 2206555.0, 5061605.0 ] ], [ [ 2206088.0, 5061529.0 ], [ 2206097.0, 5061490.0 ], [ 2206099.0, 5061482.0 ], [ 2206121.0, 5061440.0 ] ], [ [ 2205129.0, 5059749.0 ], [ 2205149.0, 5059781.0 ] ], [ [ 2205094.0, 5059702.0 ], [ 2205102.0, 5059708.0 ], [ 2205129.0, 5059749.0 ] ], [ [ 2205043.0, 5059796.0 ], [ 2205046.0, 5059801.0 ], [ 2205050.0, 5059803.0 ], [ 2205089.0, 5059775.0 ], [ 2205129.0, 5059749.0 ] ], [ [ 2205217.0, 5059672.0 ], [ 2205209.0, 5059670.0 ], [ 2205197.0, 5059667.0 ], [ 2205186.0, 5059666.0 ], [ 2205178.0, 5059669.0 ], [ 2205151.0, 5059687.0 ], [ 2205142.0, 5059693.0 ] ], [ [ 2205014.0, 5059754.0 ], [ 2205011.0, 5059756.0 ] ], [ [ 2205014.0, 5059754.0 ], [ 2204993.0, 5059721.0 ], [ 2204990.0, 5059717.0 ] ], [ [ 2205094.0, 5059702.0 ], [ 2205089.0, 5059705.0 ], [ 2205014.0, 5059754.0 ] ], [ [ 2204924.0, 5059854.0 ], [ 2204910.0, 5059851.0 ], [ 2204882.0, 5059845.0 ], [ 2204870.0, 5059843.0 ], [ 2204853.0, 5059839.0 ] ], [ [ 2204924.0, 5059854.0 ], [ 2204957.0, 5059860.0 ] ], [ [ 2204990.0, 5059717.0 ], [ 2204988.0, 5059712.0 ], [ 2204940.0, 5059635.0 ], [ 2204936.0, 5059629.0 ] ], [ [ 2206570.0, 5061650.0 ], [ 2206557.0, 5061640.0 ], [ 2206554.0, 5061637.0 ], [ 2206550.0, 5061632.0 ], [ 2206549.0, 5061630.0 ], [ 2206547.0, 5061626.0 ], [ 2206546.0, 5061622.0 ], [ 2206544.0, 5061616.0 ] ], [ [ 2205066.0, 5059668.0 ], [ 2205077.0, 5059677.0 ], [ 2205094.0, 5059702.0 ] ], [ [ 2205132.0, 5059678.0 ], [ 2205124.0, 5059683.0 ], [ 2205094.0, 5059702.0 ] ], [ [ 2204802.0, 5059781.0 ], [ 2204811.0, 5059739.0 ] ], [ [ 2204802.0, 5059781.0 ], [ 2204808.0, 5059782.0 ], [ 2204841.0, 5059789.0 ] ], [ [ 2204831.0, 5059835.0 ], [ 2204792.0, 5059827.0 ], [ 2204802.0, 5059781.0 ] ], [ [ 2205159.0, 5059899.0 ], [ 2205153.0, 5059928.0 ], [ 2205152.0, 5059934.0 ], [ 2205150.0, 5059941.0 ] ], [ [ 2205159.0, 5059899.0 ], [ 2205116.0, 5059890.0 ], [ 2205075.0, 5059882.0 ], [ 2205058.0, 5059878.0 ], [ 2205011.0, 5059869.0 ] ], [ [ 2206497.0, 5061547.0 ], [ 2206507.0, 5061521.0 ], [ 2206512.0, 5061509.0 ], [ 2206515.0, 5061502.0 ], [ 2206519.0, 5061490.0 ], [ 2206533.0, 5061456.0 ], [ 2206537.0, 5061445.0 ], [ 2206547.0, 5061419.0 ], [ 2206550.0, 5061412.0 ], [ 2206552.0, 5061408.0 ], [ 2206553.0, 5061406.0 ], [ 2206554.0, 5061404.0 ], [ 2206556.0, 5061397.0 ] ], [ [ 2204816.0, 5059715.0 ], [ 2204811.0, 5059739.0 ] ], [ [ 2204831.0, 5059835.0 ], [ 2204832.0, 5059831.0 ], [ 2204841.0, 5059789.0 ] ], [ [ 2204831.0, 5059835.0 ], [ 2204853.0, 5059839.0 ] ], [ [ 2204005.0, 5059997.0 ], [ 2203988.0, 5060041.0 ], [ 2203971.0, 5060082.0 ], [ 2203967.0, 5060093.0 ] ], [ [ 2204990.0, 5059717.0 ], [ 2204994.0, 5059714.0 ], [ 2205060.0, 5059672.0 ], [ 2205066.0, 5059668.0 ] ], [ [ 2204990.0, 5059717.0 ], [ 2204984.0, 5059721.0 ], [ 2204948.0, 5059744.0 ] ], [ [ 2205011.0, 5059869.0 ], [ 2205012.0, 5059863.0 ], [ 2205024.0, 5059806.0 ], [ 2205025.0, 5059801.0 ], [ 2205028.0, 5059797.0 ], [ 2205043.0, 5059796.0 ] ], [ [ 2205011.0, 5059869.0 ], [ 2204985.0, 5059864.0 ], [ 2204974.0, 5059862.0 ], [ 2204957.0, 5059860.0 ] ], [ [ 2204811.0, 5059739.0 ], [ 2204861.0, 5059750.0 ], [ 2204867.0, 5059747.0 ], [ 2204883.0, 5059724.0 ] ], [ [ 2205011.0, 5059756.0 ], [ 2204994.0, 5059768.0 ], [ 2204983.0, 5059776.0 ], [ 2204976.0, 5059785.0 ], [ 2204971.0, 5059796.0 ], [ 2204957.0, 5059860.0 ] ], [ [ 2204845.0, 5059876.0 ], [ 2204846.0, 5059870.0 ], [ 2204847.0, 5059864.0 ], [ 2204853.0, 5059839.0 ] ], [ [ 2205217.0, 5059672.0 ], [ 2205260.0, 5059681.0 ], [ 2205274.0, 5059690.0 ], [ 2205309.0, 5059696.0 ] ], [ [ 2205561.0, 5059691.0 ], [ 2205637.0, 5059708.0 ], [ 2205676.0, 5059717.0 ], [ 2205682.0, 5059718.0 ] ], [ [ 2206420.0, 5062421.0 ], [ 2206452.0, 5062447.0 ], [ 2206459.0, 5062454.0 ], [ 2206471.0, 5062464.0 ] ], [ [ 2206521.0, 5062522.0 ], [ 2206499.0, 5062498.0 ], [ 2206492.0, 5062490.0 ], [ 2206471.0, 5062464.0 ] ], [ [ 2206415.0, 5062521.0 ], [ 2206441.0, 5062495.0 ], [ 2206471.0, 5062464.0 ] ], [ [ 2206374.0, 5062474.0 ], [ 2206404.0, 5062440.0 ] ], [ [ 2206374.0, 5062474.0 ], [ 2206379.0, 5062478.0 ] ], [ [ 2206420.0, 5062421.0 ], [ 2206397.0, 5062404.0 ], [ 2206390.0, 5062402.0 ], [ 2206383.0, 5062406.0 ], [ 2206345.0, 5062448.0 ], [ 2206374.0, 5062474.0 ] ], [ [ 2206447.0, 5062391.0 ], [ 2206442.0, 5062395.0 ], [ 2206426.0, 5062414.0 ], [ 2206420.0, 5062421.0 ] ], [ [ 2206708.0, 5062570.0 ], [ 2206715.0, 5062574.0 ], [ 2206728.0, 5062582.0 ], [ 2206734.0, 5062586.0 ], [ 2206750.0, 5062596.0 ], [ 2206760.0, 5062603.0 ], [ 2206740.0, 5062635.0 ] ], [ [ 2203766.0, 5060286.0 ], [ 2203809.0, 5060310.0 ], [ 2203833.0, 5060324.0 ] ], [ [ 2203548.0, 5060377.0 ], [ 2203552.0, 5060367.0 ], [ 2203553.0, 5060363.0 ], [ 2203560.0, 5060345.0 ] ], [ [ 2203620.0, 5060279.0 ], [ 2203602.0, 5060325.0 ], [ 2203696.0, 5060360.0 ], [ 2203685.0, 5060391.0 ] ], [ [ 2203685.0, 5060391.0 ], [ 2203669.0, 5060434.0 ] ], [ [ 2203644.0, 5060376.0 ], [ 2203632.0, 5060407.0 ], [ 2203590.0, 5060391.0 ] ], [ [ 2203548.0, 5060377.0 ], [ 2203590.0, 5060391.0 ] ], [ [ 2203548.0, 5060377.0 ], [ 2203521.0, 5060450.0 ] ], [ [ 2203479.0, 5060473.0 ], [ 2203510.0, 5060483.0 ], [ 2203521.0, 5060450.0 ] ], [ [ 2203590.0, 5060391.0 ], [ 2203575.0, 5060431.0 ] ], [ [ 2203563.0, 5060465.0 ], [ 2203566.0, 5060473.0 ], [ 2203562.0, 5060485.0 ] ], [ [ 2203641.0, 5060526.0 ], [ 2203637.0, 5060534.0 ], [ 2203635.0, 5060539.0 ], [ 2203632.0, 5060544.0 ], [ 2203627.0, 5060546.0 ], [ 2203550.0, 5060517.0 ], [ 2203562.0, 5060485.0 ] ], [ [ 2203605.0, 5060500.0 ], [ 2203574.0, 5060489.0 ], [ 2203562.0, 5060485.0 ] ], [ [ 2203624.0, 5060448.0 ], [ 2203605.0, 5060500.0 ] ], [ [ 2203624.0, 5060448.0 ], [ 2203593.0, 5060437.0 ], [ 2203575.0, 5060431.0 ] ], [ [ 2203624.0, 5060448.0 ], [ 2203659.0, 5060461.0 ] ], [ [ 2203669.0, 5060535.0 ], [ 2203641.0, 5060526.0 ] ], [ [ 2203605.0, 5060500.0 ], [ 2203645.0, 5060515.0 ], [ 2203641.0, 5060526.0 ] ], [ [ 2203575.0, 5060431.0 ], [ 2203563.0, 5060465.0 ] ], [ [ 2203693.0, 5060473.0 ], [ 2203659.0, 5060461.0 ] ], [ [ 2204709.0, 5061812.0 ], [ 2204685.0, 5061791.0 ], [ 2204680.0, 5061787.0 ] ], [ [ 2202938.0, 5061848.0 ], [ 2202893.0, 5061881.0 ], [ 2202781.0, 5061963.0 ], [ 2202764.0, 5061963.0 ] ], [ [ 2205698.0, 5060454.0 ], [ 2205727.0, 5060464.0 ], [ 2205755.0, 5060469.0 ], [ 2205766.0, 5060471.0 ], [ 2205807.0, 5060479.0 ], [ 2205811.0, 5060482.0 ] ], [ [ 2205018.0, 5061660.0 ], [ 2205018.0, 5061631.0 ] ], [ [ 2204925.0, 5061640.0 ], [ 2204983.0, 5061652.0 ], [ 2204990.0, 5061654.0 ], [ 2205018.0, 5061660.0 ] ], [ [ 2205039.0, 5061691.0 ], [ 2205030.0, 5061689.0 ], [ 2205024.0, 5061686.0 ], [ 2205021.0, 5061682.0 ], [ 2205019.0, 5061669.0 ], [ 2205018.0, 5061660.0 ] ], [ [ 2205270.0, 5061697.0 ], [ 2205269.0, 5061703.0 ], [ 2205263.0, 5061729.0 ], [ 2205255.0, 5061767.0 ] ], [ [ 2205271.0, 5061831.0 ], [ 2205284.0, 5061773.0 ] ], [ [ 2205271.0, 5061831.0 ], [ 2205182.0, 5061812.0 ] ], [ [ 2205263.0, 5061868.0 ], [ 2205264.0, 5061862.0 ], [ 2205271.0, 5061831.0 ] ], [ [ 2205046.0, 5061820.0 ], [ 2205047.0, 5061814.0 ], [ 2205052.0, 5061793.0 ], [ 2205067.0, 5061726.0 ] ], [ [ 2204996.0, 5061809.0 ], [ 2204998.0, 5061803.0 ], [ 2205017.0, 5061715.0 ] ], [ [ 2205090.0, 5061702.0 ], [ 2205084.0, 5061730.0 ] ], [ [ 2205090.0, 5061702.0 ], [ 2205073.0, 5061698.0 ], [ 2205039.0, 5061691.0 ] ], [ [ 2205113.0, 5061698.0 ], [ 2205110.0, 5061698.0 ], [ 2205106.0, 5061698.0 ], [ 2205098.0, 5061701.0 ], [ 2205093.0, 5061702.0 ], [ 2205090.0, 5061702.0 ] ], [ [ 2205270.0, 5061697.0 ], [ 2205317.0, 5061707.0 ] ], [ [ 2205270.0, 5061697.0 ], [ 2205209.0, 5061683.0 ] ], [ [ 2205273.0, 5061771.0 ], [ 2205280.0, 5061741.0 ], [ 2205309.0, 5061747.0 ], [ 2205311.0, 5061737.0 ] ], [ [ 2205317.0, 5061707.0 ], [ 2205316.0, 5061711.0 ], [ 2205311.0, 5061737.0 ] ], [ [ 2205345.0, 5061787.0 ], [ 2205351.0, 5061762.0 ], [ 2205354.0, 5061747.0 ], [ 2205311.0, 5061737.0 ] ], [ [ 2205191.0, 5061597.0 ], [ 2205165.0, 5061591.0 ], [ 2205158.0, 5061591.0 ], [ 2205150.0, 5061595.0 ], [ 2205146.0, 5061601.0 ], [ 2205140.0, 5061624.0 ] ], [ [ 2203763.0, 5062304.0 ], [ 2203744.0, 5062368.0 ] ], [ [ 2205140.0, 5061840.0 ], [ 2205141.0, 5061835.0 ], [ 2205160.0, 5061746.0 ] ], [ [ 2204956.0, 5061766.0 ], [ 2204952.0, 5061765.0 ], [ 2204871.0, 5061747.0 ], [ 2204879.0, 5061711.0 ], [ 2204880.0, 5061706.0 ], [ 2204881.0, 5061700.0 ] ], [ [ 2205018.0, 5061631.0 ], [ 2205016.0, 5061605.0 ] ], [ [ 2205087.0, 5061641.0 ], [ 2205045.0, 5061632.0 ], [ 2205034.0, 5061631.0 ], [ 2205018.0, 5061631.0 ] ], [ [ 2205139.0, 5061709.0 ], [ 2205133.0, 5061708.0 ], [ 2205129.0, 5061706.0 ], [ 2205125.0, 5061703.0 ], [ 2205120.0, 5061700.0 ], [ 2205113.0, 5061698.0 ] ], [ [ 2205158.0, 5061648.0 ], [ 2205118.0, 5061674.0 ], [ 2205113.0, 5061698.0 ] ], [ [ 2205364.0, 5061596.0 ], [ 2205349.0, 5061631.0 ], [ 2205342.0, 5061643.0 ], [ 2205336.0, 5061653.0 ], [ 2205329.0, 5061665.0 ], [ 2205324.0, 5061673.0 ], [ 2205321.0, 5061687.0 ], [ 2205319.0, 5061700.0 ], [ 2205317.0, 5061707.0 ] ], [ [ 2204956.0, 5061766.0 ], [ 2204958.0, 5061759.0 ], [ 2204966.0, 5061722.0 ], [ 2204967.0, 5061718.0 ] ], [ [ 2204634.0, 5059602.0 ], [ 2204637.0, 5059595.0 ], [ 2204643.0, 5059588.0 ], [ 2204682.0, 5059561.0 ], [ 2204702.0, 5059594.0 ], [ 2204720.0, 5059623.0 ] ], [ [ 2207358.0, 5060315.0 ], [ 2207334.0, 5060315.0 ], [ 2207328.0, 5060312.0 ], [ 2207323.0, 5060309.0 ], [ 2207321.0, 5060306.0 ], [ 2207321.0, 5060301.0 ], [ 2207321.0, 5060269.0 ], [ 2207320.0, 5060264.0 ], [ 2207318.0, 5060261.0 ], [ 2207314.0, 5060259.0 ], [ 2207307.0, 5060256.0 ], [ 2207297.0, 5060251.0 ] ], [ [ 2207913.0, 5060415.0 ], [ 2207976.0, 5060430.0 ], [ 2207979.0, 5060431.0 ], [ 2208026.0, 5060441.0 ], [ 2208038.0, 5060444.0 ], [ 2208058.0, 5060448.0 ], [ 2208061.0, 5060449.0 ] ], [ [ 2207192.0, 5062494.0 ], [ 2207189.0, 5062499.0 ], [ 2207171.0, 5062523.0 ] ], [ [ 2207473.0, 5061115.0 ], [ 2207505.0, 5061133.0 ], [ 2207507.0, 5061136.0 ], [ 2207507.0, 5061140.0 ], [ 2207508.0, 5061155.0 ], [ 2207506.0, 5061162.0 ], [ 2207495.0, 5061183.0 ] ], [ [ 2204941.0, 5062137.0 ], [ 2204963.0, 5062148.0 ] ], [ [ 2204819.0, 5060417.0 ], [ 2204812.0, 5060454.0 ] ], [ [ 2207569.0, 5060669.0 ], [ 2207580.0, 5060674.0 ], [ 2207590.0, 5060681.0 ], [ 2207610.0, 5060701.0 ], [ 2207630.0, 5060721.0 ] ], [ [ 2207621.0, 5060760.0 ], [ 2207673.0, 5060758.0 ], [ 2207688.0, 5060757.0 ], [ 2207700.0, 5060755.0 ], [ 2207709.0, 5060751.0 ], [ 2207720.0, 5060743.0 ], [ 2207679.0, 5060710.0 ], [ 2207675.0, 5060708.0 ], [ 2207667.0, 5060706.0 ], [ 2207661.0, 5060705.0 ], [ 2207654.0, 5060706.0 ], [ 2207647.0, 5060708.0 ], [ 2207630.0, 5060721.0 ] ], [ [ 2207514.0, 5060677.0 ], [ 2207472.0, 5060735.0 ], [ 2207503.0, 5060755.0 ], [ 2207511.0, 5060759.0 ], [ 2207524.0, 5060762.0 ], [ 2207621.0, 5060760.0 ] ], [ [ 2207621.0, 5060760.0 ], [ 2207621.0, 5060765.0 ], [ 2207621.0, 5060782.0 ], [ 2207622.0, 5060805.0 ] ], [ [ 2203947.0, 5060332.0 ], [ 2203956.0, 5060309.0 ], [ 2203958.0, 5060302.0 ], [ 2203961.0, 5060294.0 ] ], [ [ 2203833.0, 5060324.0 ], [ 2203874.0, 5060340.0 ], [ 2203900.0, 5060350.0 ] ], [ [ 2203947.0, 5060332.0 ], [ 2203932.0, 5060325.0 ], [ 2203902.0, 5060313.0 ], [ 2203887.0, 5060307.0 ], [ 2203877.0, 5060303.0 ], [ 2203846.0, 5060291.0 ], [ 2203833.0, 5060324.0 ] ], [ [ 2203966.0, 5060342.0 ], [ 2203957.0, 5060336.0 ], [ 2203947.0, 5060332.0 ] ], [ [ 2203950.0, 5060373.0 ], [ 2203955.0, 5060368.0 ], [ 2203966.0, 5060342.0 ] ], [ [ 2204142.0, 5060410.0 ], [ 2204127.0, 5060404.0 ], [ 2204080.0, 5060385.0 ], [ 2204061.0, 5060378.0 ], [ 2204044.0, 5060371.0 ], [ 2204016.0, 5060360.0 ], [ 2204009.0, 5060358.0 ], [ 2203978.0, 5060349.0 ], [ 2203966.0, 5060342.0 ] ], [ [ 2203950.0, 5060373.0 ], [ 2203960.0, 5060379.0 ], [ 2203993.0, 5060392.0 ], [ 2204031.0, 5060406.0 ], [ 2204045.0, 5060412.0 ], [ 2204047.0, 5060412.0 ], [ 2204089.0, 5060429.0 ], [ 2204128.0, 5060444.0 ] ], [ [ 2203915.0, 5060446.0 ], [ 2203925.0, 5060420.0 ], [ 2203931.0, 5060404.0 ], [ 2203936.0, 5060399.0 ], [ 2203938.0, 5060396.0 ], [ 2203946.0, 5060377.0 ], [ 2203950.0, 5060373.0 ] ], [ [ 2203900.0, 5060350.0 ], [ 2203919.0, 5060358.0 ], [ 2203935.0, 5060364.0 ], [ 2203950.0, 5060373.0 ] ], [ [ 2204140.0, 5060449.0 ], [ 2204130.0, 5060474.0 ] ], [ [ 2204140.0, 5060449.0 ], [ 2204193.0, 5060469.0 ], [ 2204207.0, 5060475.0 ], [ 2204240.0, 5060488.0 ], [ 2204267.0, 5060498.0 ], [ 2204291.0, 5060507.0 ], [ 2204309.0, 5060514.0 ] ], [ [ 2204140.0, 5060449.0 ], [ 2204128.0, 5060444.0 ] ], [ [ 2204411.0, 5060518.0 ], [ 2204446.0, 5060531.0 ] ], [ [ 2204385.0, 5060543.0 ], [ 2204396.0, 5060548.0 ], [ 2204399.0, 5060548.0 ], [ 2204400.0, 5060547.0 ], [ 2204411.0, 5060518.0 ] ], [ [ 2204321.0, 5060482.0 ], [ 2204366.0, 5060500.0 ], [ 2204411.0, 5060518.0 ] ], [ [ 2204161.0, 5060486.0 ], [ 2204142.0, 5060535.0 ], [ 2204133.0, 5060556.0 ] ], [ [ 2204632.0, 5060800.0 ], [ 2204601.0, 5060874.0 ] ], [ [ 2204667.0, 5060867.0 ], [ 2204657.0, 5060863.0 ], [ 2204665.0, 5060842.0 ], [ 2204673.0, 5060823.0 ], [ 2204676.0, 5060817.0 ] ], [ [ 2204551.0, 5060925.0 ], [ 2204535.0, 5060965.0 ] ], [ [ 2204601.0, 5060874.0 ], [ 2204571.0, 5060862.0 ], [ 2204565.0, 5060861.0 ], [ 2204559.0, 5060863.0 ], [ 2204554.0, 5060866.0 ], [ 2204551.0, 5060876.0 ], [ 2204541.0, 5060905.0 ], [ 2204538.0, 5060911.0 ], [ 2204542.0, 5060919.0 ], [ 2204547.0, 5060923.0 ], [ 2204551.0, 5060925.0 ] ], [ [ 2204486.0, 5060945.0 ], [ 2204535.0, 5060965.0 ] ], [ [ 2204631.0, 5061002.0 ], [ 2204596.0, 5060989.0 ], [ 2204584.0, 5060984.0 ], [ 2204535.0, 5060965.0 ] ], [ [ 2204716.0, 5061371.0 ], [ 2204692.0, 5061383.0 ] ], [ [ 2204631.0, 5061002.0 ], [ 2204638.0, 5060983.0 ], [ 2204639.0, 5060979.0 ], [ 2204638.0, 5060974.0 ], [ 2204637.0, 5060969.0 ] ], [ [ 2204616.0, 5061038.0 ], [ 2204620.0, 5061028.0 ], [ 2204631.0, 5061002.0 ] ], [ [ 2204944.0, 5060836.0 ], [ 2204815.0, 5060839.0 ] ], [ [ 2204736.0, 5060776.0 ], [ 2204747.0, 5060750.0 ], [ 2204761.0, 5060715.0 ], [ 2204821.0, 5060739.0 ], [ 2204845.0, 5060749.0 ], [ 2204850.0, 5060751.0 ], [ 2204855.0, 5060753.0 ], [ 2204940.0, 5060786.0 ], [ 2204945.0, 5060787.0 ], [ 2204944.0, 5060830.0 ], [ 2204944.0, 5060836.0 ] ], [ [ 2204983.0, 5060841.0 ], [ 2204977.0, 5060840.0 ], [ 2204953.0, 5060836.0 ], [ 2204944.0, 5060836.0 ] ], [ [ 2204908.0, 5061014.0 ], [ 2204910.0, 5061010.0 ], [ 2204928.0, 5060952.0 ], [ 2204929.0, 5060950.0 ], [ 2204934.0, 5060933.0 ], [ 2204936.0, 5060925.0 ], [ 2204938.0, 5060918.0 ], [ 2204939.0, 5060901.0 ], [ 2204943.0, 5060844.0 ], [ 2204944.0, 5060836.0 ] ], [ [ 2204637.0, 5060969.0 ], [ 2204644.0, 5060967.0 ], [ 2204648.0, 5060966.0 ], [ 2204653.0, 5060968.0 ], [ 2204668.0, 5060973.0 ], [ 2204676.0, 5060976.0 ], [ 2204686.0, 5060977.0 ], [ 2204758.0, 5060985.0 ] ], [ [ 2204908.0, 5061014.0 ], [ 2204745.0, 5061018.0 ] ], [ [ 2204908.0, 5061014.0 ], [ 2204898.0, 5061063.0 ] ], [ [ 2204709.0, 5061110.0 ], [ 2204724.0, 5061115.0 ], [ 2204734.0, 5061117.0 ], [ 2204745.0, 5061118.0 ], [ 2204844.0, 5061117.0 ], [ 2204843.0, 5061107.0 ], [ 2204841.0, 5061065.0 ], [ 2204723.0, 5061074.0 ] ], [ [ 2208835.0, 5063441.0 ], [ 2208871.0, 5063455.0 ] ], [ [ 2208871.0, 5063455.0 ], [ 2208862.0, 5063478.0 ] ], [ [ 2208845.0, 5063415.0 ], [ 2208873.0, 5063427.0 ], [ 2208876.0, 5063428.0 ], [ 2208877.0, 5063431.0 ], [ 2208878.0, 5063435.0 ], [ 2208877.0, 5063440.0 ], [ 2208871.0, 5063455.0 ] ], [ [ 2203799.0, 5060432.0 ], [ 2203808.0, 5060408.0 ], [ 2203827.0, 5060358.0 ] ], [ [ 2204105.0, 5060465.0 ], [ 2204089.0, 5060510.0 ], [ 2204087.0, 5060512.0 ], [ 2204085.0, 5060512.0 ], [ 2204073.0, 5060507.0 ], [ 2204065.0, 5060530.0 ] ], [ [ 2204385.0, 5060543.0 ], [ 2204377.0, 5060565.0 ], [ 2204375.0, 5060567.0 ] ], [ [ 2204309.0, 5060514.0 ], [ 2204338.0, 5060525.0 ], [ 2204385.0, 5060543.0 ] ], [ [ 2204825.0, 5059980.0 ], [ 2204803.0, 5059976.0 ], [ 2204796.0, 5059974.0 ], [ 2204743.0, 5059962.0 ], [ 2204742.0, 5059962.0 ], [ 2204741.0, 5059963.0 ], [ 2204710.0, 5060058.0 ] ], [ [ 2204801.0, 5060095.0 ], [ 2204807.0, 5060067.0 ], [ 2204825.0, 5059980.0 ] ], [ [ 2204825.0, 5059980.0 ], [ 2204928.0, 5060003.0 ] ], [ [ 2204710.0, 5060058.0 ], [ 2204725.0, 5060074.0 ], [ 2204731.0, 5060080.0 ], [ 2204748.0, 5060084.0 ] ], [ [ 2204825.0, 5060100.0 ], [ 2204809.0, 5060172.0 ], [ 2204808.0, 5060173.0 ], [ 2204806.0, 5060173.0 ], [ 2204803.0, 5060173.0 ], [ 2204789.0, 5060170.0 ], [ 2204787.0, 5060169.0 ], [ 2204787.0, 5060167.0 ], [ 2204801.0, 5060095.0 ] ], [ [ 2204748.0, 5060084.0 ], [ 2204758.0, 5060086.0 ], [ 2204801.0, 5060095.0 ] ], [ [ 2204905.0, 5060116.0 ], [ 2204877.0, 5060110.0 ] ], [ [ 2206783.0, 5062398.0 ], [ 2206811.0, 5062409.0 ] ], [ [ 2208809.0, 5062285.0 ], [ 2208859.0, 5062216.0 ], [ 2208869.0, 5062213.0 ], [ 2208873.0, 5062212.0 ], [ 2208894.0, 5062186.0 ], [ 2208896.0, 5062184.0 ], [ 2208901.0, 5062159.0 ] ], [ [ 2208980.0, 5062300.0 ], [ 2209021.0, 5062246.0 ], [ 2209024.0, 5062241.0 ] ], [ [ 2208936.0, 5062266.0 ], [ 2208984.0, 5062205.0 ] ], [ [ 2208954.0, 5062280.0 ], [ 2208898.0, 5062353.0 ] ], [ [ 2208986.0, 5062305.0 ], [ 2208930.0, 5062378.0 ] ], [ [ 2209019.0, 5062331.0 ], [ 2208994.0, 5062363.0 ], [ 2208964.0, 5062401.0 ], [ 2208921.0, 5062441.0 ], [ 2208915.0, 5062446.0 ], [ 2208907.0, 5062452.0 ], [ 2208897.0, 5062459.0 ] ], [ [ 2208928.0, 5062510.0 ], [ 2208936.0, 5062506.0 ], [ 2208942.0, 5062501.0 ], [ 2208952.0, 5062492.0 ], [ 2208974.0, 5062461.0 ], [ 2208999.0, 5062428.0 ] ], [ [ 2208993.0, 5062556.0 ], [ 2208992.0, 5062526.0 ], [ 2208992.0, 5062521.0 ], [ 2208994.0, 5062515.0 ], [ 2209014.0, 5062490.0 ], [ 2209020.0, 5062483.0 ], [ 2209039.0, 5062458.0 ] ], [ [ 2208897.0, 5062459.0 ], [ 2208891.0, 5062464.0 ], [ 2208885.0, 5062470.0 ], [ 2208865.0, 5062495.0 ], [ 2208861.0, 5062500.0 ] ], [ [ 2208876.0, 5062428.0 ], [ 2208891.0, 5062440.0 ], [ 2208894.0, 5062445.0 ], [ 2208897.0, 5062459.0 ] ], [ [ 2208928.0, 5062510.0 ], [ 2208991.0, 5062558.0 ] ], [ [ 2208898.0, 5062542.0 ], [ 2208902.0, 5062536.0 ], [ 2208920.0, 5062509.0 ], [ 2208923.0, 5062508.0 ], [ 2208926.0, 5062509.0 ], [ 2208928.0, 5062510.0 ] ], [ [ 2208993.0, 5062556.0 ], [ 2209025.0, 5062512.0 ], [ 2209035.0, 5062505.0 ], [ 2209038.0, 5062503.0 ], [ 2209060.0, 5062475.0 ], [ 2209067.0, 5062484.0 ], [ 2209073.0, 5062489.0 ], [ 2209075.0, 5062493.0 ], [ 2209075.0, 5062497.0 ], [ 2209007.0, 5062585.0 ] ], [ [ 2207217.0, 5061714.0 ], [ 2207192.0, 5061769.0 ] ], [ [ 2207251.0, 5061836.0 ], [ 2207245.0, 5061832.0 ], [ 2207229.0, 5061814.0 ], [ 2207226.0, 5061811.0 ], [ 2207192.0, 5061769.0 ] ], [ [ 2207119.0, 5061852.0 ], [ 2207146.0, 5061865.0 ], [ 2207162.0, 5061832.0 ], [ 2207168.0, 5061821.0 ], [ 2207172.0, 5061812.0 ], [ 2207192.0, 5061769.0 ] ], [ [ 2207164.0, 5061756.0 ], [ 2207177.0, 5061762.0 ], [ 2207188.0, 5061767.0 ], [ 2207192.0, 5061769.0 ] ], [ [ 2206260.0, 5062105.0 ], [ 2206263.0, 5062095.0 ], [ 2206268.0, 5062082.0 ], [ 2206271.0, 5062068.0 ], [ 2206273.0, 5062052.0 ], [ 2206275.0, 5062039.0 ], [ 2206278.0, 5062018.0 ] ], [ [ 2206388.0, 5062051.0 ], [ 2206403.0, 5062056.0 ], [ 2206419.0, 5062063.0 ], [ 2206427.0, 5062067.0 ] ], [ [ 2204988.0, 5060233.0 ], [ 2204977.0, 5060230.0 ], [ 2204897.0, 5060214.0 ], [ 2204887.0, 5060212.0 ] ], [ [ 2204988.0, 5060233.0 ], [ 2205041.0, 5060244.0 ] ], [ [ 2205006.0, 5060150.0 ], [ 2204998.0, 5060188.0 ], [ 2204988.0, 5060233.0 ] ], [ [ 2205164.0, 5060270.0 ], [ 2205174.0, 5060223.0 ], [ 2205188.0, 5060148.0 ] ], [ [ 2205233.0, 5060158.0 ], [ 2205230.0, 5060173.0 ], [ 2205217.0, 5060238.0 ], [ 2205209.0, 5060279.0 ] ], [ [ 2205254.0, 5060289.0 ], [ 2205255.0, 5060280.0 ], [ 2205275.0, 5060182.0 ], [ 2205278.0, 5060167.0 ] ], [ [ 2205323.0, 5060177.0 ], [ 2205321.0, 5060189.0 ], [ 2205300.0, 5060287.0 ], [ 2205299.0, 5060299.0 ] ], [ [ 2205344.0, 5060308.0 ], [ 2205351.0, 5060274.0 ], [ 2205366.0, 5060203.0 ], [ 2205369.0, 5060187.0 ] ], [ [ 2205418.0, 5060198.0 ], [ 2205414.0, 5060217.0 ], [ 2205411.0, 5060221.0 ], [ 2205407.0, 5060226.0 ], [ 2205402.0, 5060229.0 ], [ 2205399.0, 5060232.0 ], [ 2205382.0, 5060316.0 ] ], [ [ 2205164.0, 5060270.0 ], [ 2205158.0, 5060269.0 ], [ 2205110.0, 5060258.0 ], [ 2205068.0, 5060249.0 ], [ 2205062.0, 5060248.0 ], [ 2205041.0, 5060244.0 ] ], [ [ 2205164.0, 5060270.0 ], [ 2205209.0, 5060279.0 ] ], [ [ 2205209.0, 5060279.0 ], [ 2205254.0, 5060289.0 ] ], [ [ 2205299.0, 5060299.0 ], [ 2205265.0, 5060291.0 ], [ 2205254.0, 5060289.0 ] ], [ [ 2205299.0, 5060299.0 ], [ 2205344.0, 5060308.0 ] ], [ [ 2205344.0, 5060308.0 ], [ 2205369.0, 5060313.0 ] ], [ [ 2205382.0, 5060316.0 ], [ 2205369.0, 5060313.0 ] ], [ [ 2205517.0, 5060345.0 ], [ 2205475.0, 5060336.0 ], [ 2205430.0, 5060326.0 ], [ 2205404.0, 5060321.0 ], [ 2205382.0, 5060316.0 ] ], [ [ 2205430.0, 5059222.0 ], [ 2205447.0, 5059227.0 ], [ 2205453.0, 5059230.0 ], [ 2205456.0, 5059233.0 ], [ 2205465.0, 5059253.0 ], [ 2205487.0, 5059299.0 ] ], [ [ 2205555.0, 5059300.0 ], [ 2205539.0, 5059296.0 ], [ 2205520.0, 5059293.0 ], [ 2205505.0, 5059294.0 ], [ 2205487.0, 5059299.0 ] ], [ [ 2200172.0, 5058425.0 ], [ 2200190.0, 5058391.0 ], [ 2200194.0, 5058384.0 ] ], [ [ 2200383.0, 5058541.0 ], [ 2200384.0, 5058539.0 ], [ 2200428.0, 5058459.0 ], [ 2200458.0, 5058399.0 ] ], [ [ 2200745.0, 5058551.0 ], [ 2200713.0, 5058609.0 ] ], [ [ 2201023.0, 5058761.0 ], [ 2201050.0, 5058710.0 ], [ 2201024.0, 5058695.0 ] ], [ [ 2200547.0, 5058769.0 ], [ 2200522.0, 5058756.0 ], [ 2200483.0, 5058735.0 ] ], [ [ 2201046.0, 5058866.0 ], [ 2201062.0, 5058827.0 ], [ 2201064.0, 5058812.0 ], [ 2201071.0, 5058792.0 ] ], [ [ 2200609.0, 5058803.0 ], [ 2200644.0, 5058739.0 ], [ 2200678.0, 5058674.0 ] ], [ [ 2200609.0, 5058803.0 ], [ 2200661.0, 5058831.0 ], [ 2200670.0, 5058836.0 ], [ 2200700.0, 5058852.0 ], [ 2200705.0, 5058855.0 ] ], [ [ 2200609.0, 5058803.0 ], [ 2200596.0, 5058796.0 ], [ 2200572.0, 5058783.0 ], [ 2200547.0, 5058769.0 ] ], [ [ 2200705.0, 5058855.0 ], [ 2200767.0, 5058888.0 ], [ 2200824.0, 5058919.0 ], [ 2200834.0, 5058925.0 ], [ 2200887.0, 5058953.0 ], [ 2200907.0, 5058964.0 ], [ 2200945.0, 5058985.0 ], [ 2200956.0, 5058991.0 ], [ 2201014.0, 5059022.0 ] ], [ [ 2200112.0, 5058539.0 ], [ 2200171.0, 5058570.0 ] ], [ [ 2200112.0, 5058539.0 ], [ 2200127.0, 5058511.0 ] ], [ [ 2200231.0, 5058602.0 ], [ 2200247.0, 5058573.0 ] ], [ [ 2200279.0, 5058628.0 ], [ 2200238.0, 5058606.0 ], [ 2200231.0, 5058602.0 ] ], [ [ 2200231.0, 5058602.0 ], [ 2200171.0, 5058570.0 ] ], [ [ 2200325.0, 5058652.0 ], [ 2200339.0, 5058624.0 ] ], [ [ 2200325.0, 5058652.0 ], [ 2200388.0, 5058686.0 ] ], [ [ 2200279.0, 5058628.0 ], [ 2200318.0, 5058649.0 ], [ 2200325.0, 5058652.0 ] ], [ [ 2200388.0, 5058686.0 ], [ 2200418.0, 5058702.0 ], [ 2200449.0, 5058718.0 ] ], [ [ 2200172.0, 5058425.0 ], [ 2200157.0, 5058454.0 ] ], [ [ 2200292.0, 5058488.0 ], [ 2200242.0, 5058462.0 ], [ 2200172.0, 5058425.0 ] ], [ [ 2200316.0, 5058444.0 ], [ 2200305.0, 5058464.0 ], [ 2200292.0, 5058488.0 ] ], [ [ 2200292.0, 5058488.0 ], [ 2200290.0, 5058492.0 ] ], [ [ 2204953.0, 5061137.0 ], [ 2204924.0, 5061131.0 ], [ 2204879.0, 5061162.0 ], [ 2204875.0, 5061166.0 ], [ 2204872.0, 5061171.0 ], [ 2204869.0, 5061178.0 ], [ 2204868.0, 5061182.0 ], [ 2204859.0, 5061233.0 ], [ 2204850.0, 5061286.0 ], [ 2204845.0, 5061303.0 ] ], [ [ 2204847.0, 5061325.0 ], [ 2204845.0, 5061315.0 ], [ 2204844.0, 5061308.0 ], [ 2204845.0, 5061303.0 ] ], [ [ 2204785.0, 5061214.0 ], [ 2204817.0, 5061268.0 ], [ 2204822.0, 5061275.0 ], [ 2204828.0, 5061276.0 ], [ 2204833.0, 5061277.0 ], [ 2204837.0, 5061282.0 ], [ 2204845.0, 5061303.0 ] ], [ [ 2207140.0, 5061141.0 ], [ 2207143.0, 5061129.0 ], [ 2207149.0, 5061107.0 ], [ 2207163.0, 5061066.0 ], [ 2207167.0, 5061055.0 ], [ 2207170.0, 5061048.0 ] ], [ [ 2204782.0, 5060319.0 ], [ 2204753.0, 5060311.0 ], [ 2204746.0, 5060309.0 ], [ 2204743.0, 5060306.0 ], [ 2204742.0, 5060302.0 ], [ 2204754.0, 5060263.0 ], [ 2204755.0, 5060260.0 ], [ 2204758.0, 5060259.0 ], [ 2204760.0, 5060259.0 ], [ 2204792.0, 5060269.0 ], [ 2204795.0, 5060271.0 ], [ 2204796.0, 5060275.0 ], [ 2204782.0, 5060319.0 ] ], [ [ 2207980.0, 5062197.0 ], [ 2207987.0, 5062128.0 ], [ 2207987.0, 5062123.0 ], [ 2207984.0, 5062119.0 ], [ 2207964.0, 5062109.0 ], [ 2207909.0, 5062080.0 ] ], [ [ 2207906.0, 5062126.0 ], [ 2207922.0, 5062135.0 ], [ 2207923.0, 5062143.0 ], [ 2207920.0, 5062154.0 ], [ 2207937.0, 5062167.0 ], [ 2207943.0, 5062171.0 ], [ 2207980.0, 5062197.0 ] ], [ [ 2208017.0, 5062221.0 ], [ 2207984.0, 5062200.0 ], [ 2207980.0, 5062197.0 ] ], [ [ 2207944.0, 5062258.0 ], [ 2207968.0, 5062217.0 ], [ 2207980.0, 5062197.0 ] ], [ [ 2208163.0, 5062315.0 ], [ 2208285.0, 5062383.0 ], [ 2208307.0, 5062390.0 ], [ 2208317.0, 5062396.0 ] ], [ [ 2208707.0, 5062459.0 ], [ 2208676.0, 5062442.0 ], [ 2208656.0, 5062430.0 ], [ 2208650.0, 5062427.0 ] ], [ [ 2208732.0, 5062453.0 ], [ 2208749.0, 5062463.0 ] ], [ [ 2208707.0, 5062459.0 ], [ 2208711.0, 5062451.0 ], [ 2208713.0, 5062449.0 ], [ 2208715.0, 5062448.0 ], [ 2208718.0, 5062447.0 ], [ 2208721.0, 5062448.0 ], [ 2208732.0, 5062453.0 ] ], [ [ 2208671.0, 5062379.0 ], [ 2208680.0, 5062384.0 ], [ 2208722.0, 5062406.0 ], [ 2208749.0, 5062421.0 ], [ 2208732.0, 5062453.0 ] ], [ [ 2208676.0, 5062525.0 ], [ 2208695.0, 5062491.0 ], [ 2208703.0, 5062471.0 ], [ 2208707.0, 5062459.0 ] ], [ [ 2208792.0, 5062486.0 ], [ 2208803.0, 5062493.0 ] ], [ [ 2208792.0, 5062486.0 ], [ 2208749.0, 5062463.0 ] ], [ [ 2208734.0, 5062589.0 ], [ 2208765.0, 5062534.0 ], [ 2208792.0, 5062486.0 ] ], [ [ 2208803.0, 5062493.0 ], [ 2208777.0, 5062540.0 ] ], [ [ 2208831.0, 5062467.0 ], [ 2208830.0, 5062469.0 ], [ 2208817.0, 5062492.0 ], [ 2208813.0, 5062493.0 ], [ 2208808.0, 5062494.0 ], [ 2208803.0, 5062493.0 ] ], [ [ 2208676.0, 5062525.0 ], [ 2208665.0, 5062549.0 ] ], [ [ 2208629.0, 5062530.0 ], [ 2208630.0, 5062527.0 ], [ 2208642.0, 5062507.0 ], [ 2208676.0, 5062525.0 ] ], [ [ 2208629.0, 5062530.0 ], [ 2208665.0, 5062549.0 ] ], [ [ 2208692.0, 5062565.0 ], [ 2208678.0, 5062590.0 ], [ 2208615.0, 5062555.0 ], [ 2208629.0, 5062530.0 ] ], [ [ 2208665.0, 5062549.0 ], [ 2208692.0, 5062565.0 ] ], [ [ 2208692.0, 5062565.0 ], [ 2208749.0, 5062463.0 ] ], [ [ 2208692.0, 5062565.0 ], [ 2208727.0, 5062585.0 ] ], [ [ 2208734.0, 5062589.0 ], [ 2208746.0, 5062595.0 ] ], [ [ 2208734.0, 5062589.0 ], [ 2208727.0, 5062585.0 ] ], [ [ 2208746.0, 5062595.0 ], [ 2208738.0, 5062609.0 ] ], [ [ 2208746.0, 5062595.0 ], [ 2208777.0, 5062540.0 ] ], [ [ 2208727.0, 5062585.0 ], [ 2208708.0, 5062619.0 ], [ 2208727.0, 5062629.0 ], [ 2208738.0, 5062609.0 ] ], [ [ 2208815.0, 5062639.0 ], [ 2208808.0, 5062635.0 ], [ 2208822.0, 5062609.0 ], [ 2208783.0, 5062589.0 ], [ 2208772.0, 5062608.0 ], [ 2208763.0, 5062623.0 ], [ 2208738.0, 5062609.0 ] ], [ [ 2208815.0, 5062639.0 ], [ 2208782.0, 5062698.0 ] ], [ [ 2208815.0, 5062639.0 ], [ 2208843.0, 5062654.0 ] ], [ [ 2208735.0, 5062672.0 ], [ 2208782.0, 5062698.0 ] ], [ [ 2208622.0, 5062750.0 ], [ 2208605.0, 5062781.0 ] ], [ [ 2208721.0, 5062805.0 ], [ 2208674.0, 5062779.0 ], [ 2208622.0, 5062750.0 ] ], [ [ 2208725.0, 5062771.0 ], [ 2208689.0, 5062752.0 ], [ 2208637.0, 5062722.0 ], [ 2208622.0, 5062750.0 ] ], [ [ 2205210.0, 5059176.0 ], [ 2205217.0, 5059186.0 ], [ 2205225.0, 5059196.0 ], [ 2205234.0, 5059205.0 ], [ 2205242.0, 5059208.0 ], [ 2205254.0, 5059209.0 ], [ 2205274.0, 5059207.0 ], [ 2205288.0, 5059210.0 ], [ 2205294.0, 5059214.0 ], [ 2205297.0, 5059219.0 ], [ 2205293.0, 5059233.0 ], [ 2205285.0, 5059246.0 ], [ 2205274.0, 5059257.0 ] ], [ [ 2205286.0, 5059274.0 ], [ 2205284.0, 5059282.0 ], [ 2205280.0, 5059288.0 ], [ 2205273.0, 5059295.0 ], [ 2205254.0, 5059307.0 ], [ 2205250.0, 5059310.0 ] ], [ [ 2205286.0, 5059274.0 ], [ 2205274.0, 5059257.0 ] ], [ [ 2205555.0, 5059300.0 ], [ 2205536.0, 5059246.0 ], [ 2205526.0, 5059216.0 ], [ 2205523.0, 5059210.0 ], [ 2205518.0, 5059207.0 ], [ 2205483.0, 5059198.0 ], [ 2205461.0, 5059192.0 ], [ 2205438.0, 5059186.0 ], [ 2205430.0, 5059222.0 ] ], [ [ 2205161.0, 5060824.0 ], [ 2205153.0, 5060862.0 ], [ 2205147.0, 5060890.0 ], [ 2205146.0, 5060907.0 ], [ 2205145.0, 5060937.0 ], [ 2205145.0, 5060954.0 ], [ 2205142.0, 5060989.0 ], [ 2205137.0, 5061019.0 ] ], [ [ 2206049.0, 5061311.0 ], [ 2206042.0, 5061311.0 ], [ 2206037.0, 5061310.0 ], [ 2206034.0, 5061310.0 ], [ 2206021.0, 5061309.0 ], [ 2206011.0, 5061310.0 ], [ 2206005.0, 5061310.0 ], [ 2205999.0, 5061312.0 ], [ 2205992.0, 5061316.0 ], [ 2205987.0, 5061316.0 ], [ 2205982.0, 5061316.0 ], [ 2205937.0, 5061303.0 ], [ 2205931.0, 5061302.0 ], [ 2205923.0, 5061302.0 ], [ 2205916.0, 5061301.0 ], [ 2205909.0, 5061298.0 ], [ 2205869.0, 5061276.0 ], [ 2205845.0, 5061318.0 ], [ 2205832.0, 5061341.0 ], [ 2205829.0, 5061344.0 ], [ 2205827.0, 5061346.0 ], [ 2205817.0, 5061364.0 ], [ 2205802.0, 5061391.0 ], [ 2205812.0, 5061397.0 ], [ 2205828.0, 5061406.0 ], [ 2205834.0, 5061410.0 ], [ 2205836.0, 5061410.0 ], [ 2205838.0, 5061409.0 ], [ 2205849.0, 5061391.0 ], [ 2205853.0, 5061390.0 ], [ 2205857.0, 5061390.0 ], [ 2205862.0, 5061392.0 ], [ 2205917.0, 5061419.0 ], [ 2205958.0, 5061438.0 ], [ 2205946.0, 5061470.0 ], [ 2205946.0, 5061475.0 ], [ 2205948.0, 5061479.0 ], [ 2205953.0, 5061489.0 ], [ 2205953.0, 5061494.0 ], [ 2205951.0, 5061499.0 ], [ 2205948.0, 5061505.0 ], [ 2205943.0, 5061511.0 ], [ 2205921.0, 5061555.0 ] ], [ [ 2206003.0, 5061411.0 ], [ 2206018.0, 5061415.0 ] ], [ [ 2203753.0, 5062779.0 ], [ 2203740.0, 5062750.0 ] ], [ [ 2203753.0, 5062779.0 ], [ 2203769.0, 5062771.0 ], [ 2203812.0, 5062751.0 ], [ 2203831.0, 5062794.0 ], [ 2203787.0, 5062814.0 ], [ 2203745.0, 5062834.0 ], [ 2203726.0, 5062793.0 ], [ 2203753.0, 5062779.0 ] ], [ [ 2204640.0, 5060571.0 ], [ 2204636.0, 5060581.0 ], [ 2204635.0, 5060585.0 ], [ 2204628.0, 5060603.0 ] ], [ [ 2204658.0, 5060615.0 ], [ 2204638.0, 5060607.0 ], [ 2204628.0, 5060603.0 ] ], [ [ 2204580.0, 5060670.0 ], [ 2204605.0, 5060592.0 ], [ 2204628.0, 5060603.0 ] ], [ [ 2205737.0, 5061306.0 ], [ 2205723.0, 5061324.0 ], [ 2205710.0, 5061347.0 ], [ 2205706.0, 5061355.0 ], [ 2205704.0, 5061362.0 ], [ 2205703.0, 5061370.0 ], [ 2205700.0, 5061378.0 ], [ 2205699.0, 5061381.0 ], [ 2205682.0, 5061423.0 ] ], [ [ 2205824.0, 5061160.0 ], [ 2205823.0, 5061165.0 ], [ 2205803.0, 5061199.0 ], [ 2205797.0, 5061211.0 ], [ 2205784.0, 5061232.0 ], [ 2205761.0, 5061274.0 ], [ 2205752.0, 5061287.0 ], [ 2205750.0, 5061289.0 ], [ 2205737.0, 5061306.0 ] ], [ [ 2205726.0, 5061188.0 ], [ 2205668.0, 5061243.0 ], [ 2205676.0, 5061252.0 ], [ 2205678.0, 5061256.0 ], [ 2205679.0, 5061260.0 ], [ 2205679.0, 5061264.0 ], [ 2205680.0, 5061269.0 ], [ 2205683.0, 5061272.0 ], [ 2205723.0, 5061294.0 ], [ 2205730.0, 5061299.0 ], [ 2205737.0, 5061306.0 ] ], [ [ 2203866.0, 5062633.0 ], [ 2203889.0, 5062677.0 ], [ 2203889.0, 5062678.0 ], [ 2203888.0, 5062678.0 ], [ 2203857.0, 5062693.0 ], [ 2203850.0, 5062697.0 ], [ 2203821.0, 5062711.0 ] ], [ [ 2203866.0, 5062633.0 ], [ 2203785.0, 5062675.0 ], [ 2203806.0, 5062718.0 ] ], [ [ 2208137.0, 5061058.0 ], [ 2208174.0, 5061080.0 ], [ 2208176.0, 5061081.0 ], [ 2208179.0, 5061079.0 ], [ 2208186.0, 5061069.0 ], [ 2208189.0, 5061068.0 ], [ 2208192.0, 5061068.0 ], [ 2208226.0, 5061087.0 ] ], [ [ 2208142.0, 5061190.0 ], [ 2208154.0, 5061170.0 ], [ 2208173.0, 5061181.0 ], [ 2208194.0, 5061143.0 ], [ 2208205.0, 5061123.0 ], [ 2208226.0, 5061087.0 ] ], [ [ 2208284.0, 5060984.0 ], [ 2208278.0, 5060991.0 ], [ 2208271.0, 5061000.0 ], [ 2208259.0, 5061024.0 ], [ 2208243.0, 5061055.0 ], [ 2208235.0, 5061070.0 ], [ 2208226.0, 5061087.0 ] ], [ [ 2208142.0, 5061190.0 ], [ 2208132.0, 5061176.0 ], [ 2208109.0, 5061148.0 ], [ 2208092.0, 5061132.0 ] ], [ [ 2208027.0, 5061102.0 ], [ 2208032.0, 5061105.0 ], [ 2208064.0, 5061116.0 ], [ 2208075.0, 5061121.0 ], [ 2208079.0, 5061123.0 ], [ 2208092.0, 5061132.0 ] ], [ [ 2208137.0, 5061058.0 ], [ 2208122.0, 5061082.0 ], [ 2208101.0, 5061116.0 ], [ 2208092.0, 5061132.0 ] ], [ [ 2207730.0, 5060987.0 ], [ 2207752.0, 5061000.0 ], [ 2207753.0, 5061009.0 ], [ 2207763.0, 5061015.0 ], [ 2207793.0, 5061033.0 ] ], [ [ 2208958.0, 5061434.0 ], [ 2208999.0, 5061372.0 ], [ 2209006.0, 5061360.0 ], [ 2209011.0, 5061349.0 ], [ 2209013.0, 5061347.0 ], [ 2209017.0, 5061338.0 ], [ 2209027.0, 5061324.0 ], [ 2209033.0, 5061317.0 ] ], [ [ 2208929.0, 5061413.0 ], [ 2208958.0, 5061434.0 ] ], [ [ 2208929.0, 5061413.0 ], [ 2208897.0, 5061462.0 ], [ 2208863.0, 5061458.0 ] ], [ [ 2208929.0, 5061413.0 ], [ 2208936.0, 5061403.0 ] ], [ [ 2208900.0, 5061339.0 ], [ 2208903.0, 5061334.0 ] ], [ [ 2208900.0, 5061339.0 ], [ 2208842.0, 5061309.0 ] ], [ [ 2207990.0, 5060897.0 ], [ 2207984.0, 5060897.0 ], [ 2207976.0, 5060896.0 ], [ 2207967.0, 5060893.0 ], [ 2207959.0, 5060891.0 ], [ 2207923.0, 5060886.0 ], [ 2207918.0, 5060887.0 ], [ 2207915.0, 5060889.0 ], [ 2207879.0, 5060957.0 ] ], [ [ 2208628.0, 5061297.0 ], [ 2208611.0, 5061341.0 ], [ 2208608.0, 5061345.0 ], [ 2208603.0, 5061348.0 ] ], [ [ 2208909.0, 5061386.0 ], [ 2208883.0, 5061369.0 ] ], [ [ 2208909.0, 5061386.0 ], [ 2208875.0, 5061441.0 ] ], [ [ 2208909.0, 5061386.0 ], [ 2208936.0, 5061403.0 ] ], [ [ 2208244.0, 5061242.0 ], [ 2208239.0, 5061236.0 ], [ 2208208.0, 5061218.0 ], [ 2208199.0, 5061214.0 ], [ 2208190.0, 5061211.0 ], [ 2208178.0, 5061210.0 ], [ 2208169.0, 5061208.0 ], [ 2208161.0, 5061205.0 ], [ 2208151.0, 5061197.0 ], [ 2208142.0, 5061190.0 ] ], [ [ 2208100.0, 5060955.0 ], [ 2208115.0, 5060925.0 ] ], [ [ 2208027.0, 5061102.0 ], [ 2208041.0, 5061071.0 ], [ 2208063.0, 5061028.0 ], [ 2208088.0, 5060977.0 ], [ 2208100.0, 5060955.0 ] ], [ [ 2208211.0, 5060896.0 ], [ 2208208.0, 5060902.0 ], [ 2208206.0, 5060906.0 ], [ 2208191.0, 5060932.0 ], [ 2208160.0, 5060987.0 ], [ 2208147.0, 5060981.0 ], [ 2208100.0, 5060955.0 ] ], [ [ 2208875.0, 5061441.0 ], [ 2208848.0, 5061424.0 ] ], [ [ 2208875.0, 5061441.0 ], [ 2208863.0, 5061458.0 ] ], [ [ 2208818.0, 5061340.0 ], [ 2208825.0, 5061329.0 ], [ 2208832.0, 5061318.0 ], [ 2208834.0, 5061315.0 ], [ 2208839.0, 5061308.0 ], [ 2208842.0, 5061309.0 ] ], [ [ 2208527.0, 5061328.0 ], [ 2208526.0, 5061310.0 ] ], [ [ 2208826.0, 5061411.0 ], [ 2208787.0, 5061386.0 ] ], [ [ 2208826.0, 5061411.0 ], [ 2208848.0, 5061424.0 ] ], [ [ 2208826.0, 5061411.0 ], [ 2208810.0, 5061436.0 ] ], [ [ 2208818.0, 5061340.0 ], [ 2208856.0, 5061364.0 ], [ 2208826.0, 5061411.0 ] ], [ [ 2208771.0, 5061412.0 ], [ 2208788.0, 5061423.0 ], [ 2208810.0, 5061436.0 ] ], [ [ 2208903.0, 5061334.0 ], [ 2208916.0, 5061314.0 ], [ 2208919.0, 5061310.0 ], [ 2208924.0, 5061309.0 ], [ 2208928.0, 5061305.0 ], [ 2208931.0, 5061301.0 ], [ 2208956.0, 5061261.0 ] ], [ [ 2208608.0, 5061293.0 ], [ 2208592.0, 5061328.0 ], [ 2208585.0, 5061338.0 ] ], [ [ 2208527.0, 5061413.0 ], [ 2208543.0, 5061388.0 ], [ 2208555.0, 5061369.0 ], [ 2208563.0, 5061359.0 ], [ 2208570.0, 5061353.0 ], [ 2208577.0, 5061347.0 ], [ 2208585.0, 5061338.0 ] ], [ [ 2208526.0, 5061310.0 ], [ 2208542.0, 5061316.0 ], [ 2208552.0, 5061321.0 ], [ 2208585.0, 5061338.0 ] ], [ [ 2208585.0, 5061338.0 ], [ 2208603.0, 5061348.0 ] ], [ [ 2208547.0, 5061436.0 ], [ 2208564.0, 5061411.0 ] ], [ [ 2208903.0, 5061334.0 ], [ 2208958.0, 5061368.0 ], [ 2208936.0, 5061403.0 ] ], [ [ 2208863.0, 5061458.0 ], [ 2208836.0, 5061503.0 ] ], [ [ 2208787.0, 5061386.0 ], [ 2208771.0, 5061412.0 ] ], [ [ 2208750.0, 5061335.0 ], [ 2208770.0, 5061298.0 ], [ 2208794.0, 5061310.0 ], [ 2208799.0, 5061302.0 ], [ 2208806.0, 5061288.0 ], [ 2208820.0, 5061262.0 ], [ 2208821.0, 5061262.0 ], [ 2208823.0, 5061261.0 ], [ 2208847.0, 5061274.0 ], [ 2208850.0, 5061275.0 ], [ 2208852.0, 5061274.0 ], [ 2208879.0, 5061233.0 ], [ 2208881.0, 5061230.0 ], [ 2208887.0, 5061222.0 ] ], [ [ 2208129.0, 5061020.0 ], [ 2208138.0, 5061049.0 ], [ 2208138.0, 5061053.0 ], [ 2208137.0, 5061058.0 ] ], [ [ 2207502.0, 5060838.0 ], [ 2207516.0, 5060838.0 ], [ 2207538.0, 5060838.0 ], [ 2207541.0, 5060838.0 ], [ 2207592.0, 5060837.0 ], [ 2207614.0, 5060837.0 ], [ 2207681.0, 5060837.0 ] ], [ [ 2208883.0, 5061369.0 ], [ 2208848.0, 5061424.0 ] ], [ [ 2207986.0, 5061085.0 ], [ 2207993.0, 5061087.0 ], [ 2208000.0, 5061089.0 ], [ 2208012.0, 5061095.0 ], [ 2208027.0, 5061102.0 ] ], [ [ 2208848.0, 5061424.0 ], [ 2208825.0, 5061458.0 ] ], [ [ 2208564.0, 5061411.0 ], [ 2208596.0, 5061430.0 ], [ 2208605.0, 5061434.0 ], [ 2208615.0, 5061438.0 ], [ 2208623.0, 5061440.0 ], [ 2208632.0, 5061442.0 ], [ 2208640.0, 5061409.0 ], [ 2208647.0, 5061382.0 ], [ 2208657.0, 5061351.0 ], [ 2208661.0, 5061339.0 ], [ 2208667.0, 5061328.0 ], [ 2208679.0, 5061316.0 ], [ 2208683.0, 5061312.0 ], [ 2208694.0, 5061321.0 ], [ 2208705.0, 5061328.0 ], [ 2208707.0, 5061329.0 ], [ 2208718.0, 5061329.0 ] ], [ [ 2208564.0, 5061411.0 ], [ 2208576.0, 5061398.0 ], [ 2208588.0, 5061385.0 ], [ 2208596.0, 5061375.0 ], [ 2208603.0, 5061367.0 ], [ 2208607.0, 5061360.0 ], [ 2208608.0, 5061357.0 ], [ 2208608.0, 5061354.0 ], [ 2208603.0, 5061348.0 ] ], [ [ 2208566.0, 5061985.0 ], [ 2208577.0, 5061963.0 ], [ 2208589.0, 5061941.0 ], [ 2208611.0, 5061900.0 ], [ 2208614.0, 5061896.0 ] ], [ [ 2208465.0, 5062227.0 ], [ 2208461.0, 5062224.0 ], [ 2208435.0, 5062202.0 ] ], [ [ 2208250.0, 5061899.0 ], [ 2208258.0, 5061885.0 ], [ 2208261.0, 5061882.0 ], [ 2208265.0, 5061881.0 ], [ 2208269.0, 5061882.0 ], [ 2208319.0, 5061914.0 ] ], [ [ 2209058.0, 5063550.0 ], [ 2209089.0, 5063555.0 ] ], [ [ 2210004.0, 5061830.0 ], [ 2210010.0, 5061830.0 ], [ 2210088.0, 5061860.0 ] ], [ [ 2209089.0, 5063555.0 ], [ 2209075.0, 5063619.0 ] ], [ [ 2209102.0, 5063491.0 ], [ 2209095.0, 5063525.0 ], [ 2209089.0, 5063555.0 ] ], [ [ 2208854.0, 5061819.0 ], [ 2208871.0, 5061811.0 ], [ 2208915.0, 5061781.0 ], [ 2208919.0, 5061780.0 ], [ 2208925.0, 5061779.0 ], [ 2208933.0, 5061786.0 ], [ 2208951.0, 5061809.0 ], [ 2208970.0, 5061832.0 ], [ 2208986.0, 5061851.0 ], [ 2208998.0, 5061866.0 ] ], [ [ 2209075.0, 5063619.0 ], [ 2209047.0, 5063613.0 ] ], [ [ 2209106.0, 5063632.0 ], [ 2209084.0, 5063635.0 ], [ 2209080.0, 5063634.0 ], [ 2209076.0, 5063631.0 ], [ 2209075.0, 5063628.0 ], [ 2209074.0, 5063625.0 ], [ 2209075.0, 5063619.0 ] ], [ [ 2201957.0, 5065843.0 ], [ 2201956.0, 5065877.0 ], [ 2201954.0, 5065894.0 ], [ 2201939.0, 5065955.0 ], [ 2201936.0, 5065964.0 ], [ 2201931.0, 5065989.0 ], [ 2201929.0, 5066000.0 ], [ 2201925.0, 5066011.0 ] ], [ [ 2208538.0, 5058663.0 ], [ 2208544.0, 5058676.0 ], [ 2208547.0, 5058687.0 ], [ 2208547.0, 5058700.0 ], [ 2208545.0, 5058712.0 ], [ 2208544.0, 5058720.0 ], [ 2208541.0, 5058730.0 ], [ 2208534.0, 5058743.0 ], [ 2208527.0, 5058755.0 ], [ 2208511.0, 5058766.0 ], [ 2208484.0, 5058786.0 ], [ 2208470.0, 5058797.0 ], [ 2208398.0, 5058849.0 ], [ 2208376.0, 5058866.0 ] ], [ [ 2208705.0, 5058548.0 ], [ 2208694.0, 5058548.0 ] ], [ [ 2208538.0, 5058663.0 ], [ 2208555.0, 5058646.0 ] ], [ [ 2208513.0, 5058649.0 ], [ 2208530.0, 5058655.0 ], [ 2208538.0, 5058663.0 ] ], [ [ 2208394.0, 5058682.0 ], [ 2208398.0, 5058682.0 ] ], [ [ 2208353.0, 5058670.0 ], [ 2208360.0, 5058672.0 ], [ 2208379.0, 5058677.0 ], [ 2208394.0, 5058682.0 ] ], [ [ 2208339.0, 5058731.0 ], [ 2208354.0, 5058735.0 ], [ 2208361.0, 5058735.0 ], [ 2208368.0, 5058732.0 ], [ 2208375.0, 5058728.0 ], [ 2208382.0, 5058721.0 ], [ 2208386.0, 5058712.0 ], [ 2208390.0, 5058697.0 ], [ 2208394.0, 5058682.0 ] ], [ [ 2208457.0, 5058669.0 ], [ 2208452.0, 5058648.0 ] ], [ [ 2208398.0, 5058682.0 ], [ 2208409.0, 5058684.0 ], [ 2208424.0, 5058683.0 ], [ 2208428.0, 5058682.0 ], [ 2208440.0, 5058678.0 ], [ 2208457.0, 5058669.0 ] ], [ [ 2208513.0, 5058649.0 ], [ 2208498.0, 5058650.0 ], [ 2208480.0, 5058657.0 ], [ 2208457.0, 5058669.0 ] ], [ [ 2208513.0, 5058649.0 ], [ 2208504.0, 5058625.0 ] ], [ [ 2208317.0, 5058664.0 ], [ 2208310.0, 5058664.0 ], [ 2208291.0, 5058675.0 ], [ 2208275.0, 5058681.0 ] ], [ [ 2209801.0, 5059587.0 ], [ 2209790.0, 5059584.0 ], [ 2209765.0, 5059575.0 ], [ 2209750.0, 5059567.0 ], [ 2209741.0, 5059562.0 ], [ 2209728.0, 5059553.0 ] ], [ [ 2209764.0, 5059446.0 ], [ 2209769.0, 5059424.0 ], [ 2209775.0, 5059402.0 ], [ 2209776.0, 5059395.0 ] ], [ [ 2207597.0, 5060321.0 ], [ 2207541.0, 5060298.0 ] ], [ [ 2207541.0, 5060298.0 ], [ 2207556.0, 5060265.0 ] ], [ [ 2207541.0, 5060298.0 ], [ 2207530.0, 5060321.0 ] ], [ [ 2209033.0, 5061167.0 ], [ 2209054.0, 5061170.0 ], [ 2209098.0, 5061180.0 ] ], [ [ 2209109.0, 5061143.0 ], [ 2209059.0, 5061132.0 ], [ 2209054.0, 5061132.0 ], [ 2209048.0, 5061134.0 ], [ 2209045.0, 5061138.0 ], [ 2209036.0, 5061159.0 ], [ 2209033.0, 5061167.0 ] ], [ [ 2209002.0, 5061192.0 ], [ 2209019.0, 5061181.0 ], [ 2209027.0, 5061175.0 ], [ 2209033.0, 5061167.0 ] ], [ [ 2209139.0, 5061027.0 ], [ 2209129.0, 5061028.0 ], [ 2209123.0, 5061028.0 ], [ 2209117.0, 5061027.0 ], [ 2209069.0, 5061016.0 ], [ 2209061.0, 5061014.0 ], [ 2209057.0, 5061013.0 ], [ 2209053.0, 5061013.0 ], [ 2208991.0, 5061042.0 ], [ 2208986.0, 5061043.0 ], [ 2208982.0, 5061043.0 ], [ 2208977.0, 5061042.0 ], [ 2208964.0, 5061036.0 ], [ 2208932.0, 5061021.0 ], [ 2208927.0, 5061020.0 ], [ 2208924.0, 5061021.0 ], [ 2208920.0, 5061023.0 ], [ 2208918.0, 5061026.0 ], [ 2208910.0, 5061042.0 ] ], [ [ 2209186.0, 5061040.0 ], [ 2209164.0, 5061032.0 ], [ 2209146.0, 5061028.0 ], [ 2209139.0, 5061027.0 ] ], [ [ 2208986.0, 5061074.0 ], [ 2209042.0, 5061046.0 ], [ 2209049.0, 5061043.0 ], [ 2209054.0, 5061041.0 ], [ 2209063.0, 5061043.0 ], [ 2209085.0, 5061050.0 ], [ 2209131.0, 5061063.0 ] ], [ [ 2209131.0, 5061063.0 ], [ 2209126.0, 5061080.0 ], [ 2209088.0, 5061073.0 ], [ 2209081.0, 5061099.0 ], [ 2209079.0, 5061106.0 ] ], [ [ 2209139.0, 5061027.0 ], [ 2209138.0, 5061033.0 ], [ 2209131.0, 5061063.0 ] ], [ [ 2208500.0, 5063636.0 ], [ 2208492.0, 5063673.0 ] ], [ [ 2208560.0, 5063687.0 ], [ 2208601.0, 5063695.0 ] ], [ [ 2208550.0, 5063721.0 ], [ 2208551.0, 5063718.0 ], [ 2208560.0, 5063687.0 ] ], [ [ 2208560.0, 5063687.0 ], [ 2208492.0, 5063673.0 ] ], [ [ 2208656.0, 5063653.0 ], [ 2208648.0, 5063703.0 ] ], [ [ 2208376.0, 5063651.0 ], [ 2208406.0, 5063655.0 ], [ 2208446.0, 5063660.0 ], [ 2208455.0, 5063662.0 ], [ 2208464.0, 5063667.0 ], [ 2208471.0, 5063669.0 ], [ 2208490.0, 5063673.0 ], [ 2208492.0, 5063673.0 ] ], [ [ 2207546.0, 5060456.0 ], [ 2207547.0, 5060420.0 ], [ 2207561.0, 5060420.0 ], [ 2207578.0, 5060420.0 ], [ 2207578.0, 5060445.0 ], [ 2207579.0, 5060448.0 ], [ 2207581.0, 5060450.0 ], [ 2207583.0, 5060451.0 ], [ 2207586.0, 5060452.0 ], [ 2207604.0, 5060452.0 ], [ 2207607.0, 5060452.0 ], [ 2207609.0, 5060454.0 ], [ 2207610.0, 5060456.0 ], [ 2207610.0, 5060462.0 ], [ 2207609.0, 5060466.0 ], [ 2207606.0, 5060497.0 ] ], [ [ 2207786.0, 5060370.0 ], [ 2207777.0, 5060373.0 ], [ 2207769.0, 5060374.0 ], [ 2207760.0, 5060373.0 ], [ 2207733.0, 5060364.0 ] ], [ [ 2208177.0, 5061614.0 ], [ 2208242.0, 5061614.0 ] ], [ [ 2208375.0, 5061530.0 ], [ 2208367.0, 5061531.0 ], [ 2208330.0, 5061533.0 ], [ 2208325.0, 5061534.0 ] ], [ [ 2207995.0, 5060854.0 ], [ 2208004.0, 5060858.0 ], [ 2208045.0, 5060875.0 ], [ 2208035.0, 5060908.0 ], [ 2208035.0, 5060929.0 ], [ 2208039.0, 5060969.0 ], [ 2208038.0, 5060998.0 ], [ 2208035.0, 5061018.0 ], [ 2208029.0, 5061030.0 ], [ 2208028.0, 5061031.0 ], [ 2208026.0, 5061031.0 ], [ 2208005.0, 5061020.0 ], [ 2208000.0, 5061018.0 ] ], [ [ 2207427.0, 5060323.0 ], [ 2207420.0, 5060342.0 ], [ 2207418.0, 5060345.0 ], [ 2207418.0, 5060348.0 ], [ 2207417.0, 5060352.0 ], [ 2207416.0, 5060364.0 ], [ 2207414.0, 5060371.0 ], [ 2207413.0, 5060381.0 ], [ 2207412.0, 5060391.0 ], [ 2207411.0, 5060397.0 ], [ 2207411.0, 5060402.0 ], [ 2207412.0, 5060405.0 ], [ 2207413.0, 5060408.0 ], [ 2207416.0, 5060417.0 ] ], [ [ 2206855.0, 5060940.0 ], [ 2206824.0, 5060893.0 ], [ 2206814.0, 5060881.0 ], [ 2206794.0, 5060867.0 ], [ 2206790.0, 5060862.0 ], [ 2206785.0, 5060854.0 ] ], [ [ 2206660.0, 5060958.0 ], [ 2206667.0, 5060931.0 ], [ 2206670.0, 5060921.0 ], [ 2206674.0, 5060906.0 ], [ 2206678.0, 5060891.0 ], [ 2206682.0, 5060892.0 ], [ 2206716.0, 5060902.0 ], [ 2206735.0, 5060906.0 ], [ 2206777.0, 5060865.0 ], [ 2206781.0, 5060860.0 ], [ 2206785.0, 5060854.0 ] ], [ [ 2206777.0, 5062007.0 ], [ 2206744.0, 5061980.0 ], [ 2206711.0, 5061952.0 ], [ 2206701.0, 5061945.0 ], [ 2206691.0, 5061941.0 ], [ 2206684.0, 5061939.0 ], [ 2206673.0, 5061939.0 ], [ 2206660.0, 5061939.0 ], [ 2206650.0, 5061938.0 ], [ 2206646.0, 5061939.0 ], [ 2206645.0, 5061945.0 ], [ 2206641.0, 5061957.0 ], [ 2206638.0, 5061964.0 ], [ 2206635.0, 5061970.0 ], [ 2206630.0, 5061976.0 ], [ 2206606.0, 5061960.0 ], [ 2206588.0, 5061947.0 ], [ 2206546.0, 5061916.0 ], [ 2206533.0, 5061909.0 ], [ 2206518.0, 5061898.0 ] ], [ [ 2206529.0, 5062262.0 ], [ 2206520.0, 5062256.0 ], [ 2206502.0, 5062278.0 ], [ 2206498.0, 5062283.0 ], [ 2206494.0, 5062288.0 ] ], [ [ 2206529.0, 5062262.0 ], [ 2206546.0, 5062242.0 ], [ 2206556.0, 5062226.0 ], [ 2206561.0, 5062217.0 ], [ 2206564.0, 5062211.0 ], [ 2206582.0, 5062165.0 ], [ 2206597.0, 5062142.0 ], [ 2206599.0, 5062136.0 ] ], [ [ 2206853.0, 5061580.0 ], [ 2206847.0, 5061578.0 ], [ 2206819.0, 5061566.0 ], [ 2206790.0, 5061556.0 ], [ 2206776.0, 5061551.0 ], [ 2206738.0, 5061539.0 ], [ 2206704.0, 5061527.0 ] ], [ [ 2206716.0, 5061489.0 ], [ 2206760.0, 5061506.0 ], [ 2206814.0, 5061526.0 ], [ 2206823.0, 5061529.0 ], [ 2206865.0, 5061545.0 ], [ 2206869.0, 5061546.0 ], [ 2206853.0, 5061580.0 ] ], [ [ 2206899.0, 5061603.0 ], [ 2206887.0, 5061596.0 ], [ 2206853.0, 5061580.0 ] ], [ [ 2206899.0, 5061603.0 ], [ 2206931.0, 5061622.0 ], [ 2206932.0, 5061623.0 ], [ 2206932.0, 5061625.0 ], [ 2206913.0, 5061659.0 ], [ 2206910.0, 5061666.0 ] ], [ [ 2206976.0, 5061710.0 ], [ 2206928.0, 5061678.0 ], [ 2206917.0, 5061671.0 ], [ 2206910.0, 5061666.0 ] ], [ [ 2207013.0, 5062379.0 ], [ 2206980.0, 5062399.0 ], [ 2206924.0, 5062430.0 ], [ 2206924.0, 5062436.0 ], [ 2206917.0, 5062439.0 ], [ 2206905.0, 5062441.0 ], [ 2206898.0, 5062442.0 ], [ 2206892.0, 5062446.0 ], [ 2206891.0, 5062448.0 ], [ 2206887.0, 5062452.0 ], [ 2206886.0, 5062456.0 ], [ 2206886.0, 5062462.0 ], [ 2206887.0, 5062466.0 ], [ 2206893.0, 5062514.0 ] ], [ [ 2206974.0, 5060779.0 ], [ 2206953.0, 5060766.0 ], [ 2206911.0, 5060740.0 ], [ 2206895.0, 5060730.0 ], [ 2206876.0, 5060718.0 ], [ 2206856.0, 5060703.0 ], [ 2206848.0, 5060695.0 ], [ 2206840.0, 5060687.0 ], [ 2206837.0, 5060683.0 ], [ 2206836.0, 5060682.0 ], [ 2206832.0, 5060678.0 ] ], [ [ 2204660.0, 5060522.0 ], [ 2204651.0, 5060543.0 ], [ 2204649.0, 5060548.0 ], [ 2204645.0, 5060557.0 ] ], [ [ 2204660.0, 5060522.0 ], [ 2204639.0, 5060514.0 ], [ 2204624.0, 5060512.0 ], [ 2204592.0, 5060498.0 ], [ 2204590.0, 5060496.0 ], [ 2204589.0, 5060494.0 ], [ 2204599.0, 5060469.0 ] ], [ [ 2204688.0, 5060528.0 ], [ 2204686.0, 5060530.0 ], [ 2204684.0, 5060530.0 ], [ 2204660.0, 5060522.0 ] ], [ [ 2204829.0, 5060632.0 ], [ 2204830.0, 5060627.0 ], [ 2204833.0, 5060619.0 ], [ 2204863.0, 5060528.0 ], [ 2204868.0, 5060511.0 ], [ 2204879.0, 5060481.0 ], [ 2204895.0, 5060426.0 ], [ 2204897.0, 5060420.0 ] ], [ [ 2205041.0, 5060244.0 ], [ 2205053.0, 5060182.0 ], [ 2205065.0, 5060122.0 ] ], [ [ 2204825.0, 5060100.0 ], [ 2204865.0, 5060108.0 ], [ 2204877.0, 5060110.0 ] ], [ [ 2204843.0, 5060216.0 ], [ 2204847.0, 5060209.0 ], [ 2204850.0, 5060205.0 ], [ 2204857.0, 5060200.0 ], [ 2204859.0, 5060193.0 ], [ 2204877.0, 5060110.0 ] ], [ [ 2205824.0, 5060194.0 ], [ 2205901.0, 5060212.0 ], [ 2205973.0, 5060227.0 ], [ 2205975.0, 5060228.0 ], [ 2205977.0, 5060230.0 ], [ 2205978.0, 5060233.0 ], [ 2205978.0, 5060236.0 ], [ 2205972.0, 5060262.0 ], [ 2205971.0, 5060266.0 ], [ 2205963.0, 5060306.0 ], [ 2205961.0, 5060317.0 ], [ 2205953.0, 5060357.0 ], [ 2205948.0, 5060377.0 ], [ 2205947.0, 5060384.0 ], [ 2205942.0, 5060408.0 ] ], [ [ 2205722.0, 5060293.0 ], [ 2205778.0, 5060305.0 ], [ 2205792.0, 5060308.0 ], [ 2205796.0, 5060308.0 ], [ 2205799.0, 5060307.0 ], [ 2205801.0, 5060305.0 ], [ 2205803.0, 5060302.0 ], [ 2205812.0, 5060254.0 ], [ 2205813.0, 5060247.0 ], [ 2205824.0, 5060194.0 ] ], [ [ 2205849.0, 5060491.0 ], [ 2205815.0, 5060484.0 ], [ 2205811.0, 5060482.0 ] ], [ [ 2205762.0, 5060700.0 ], [ 2205771.0, 5060659.0 ], [ 2205761.0, 5060648.0 ], [ 2205765.0, 5060627.0 ], [ 2205780.0, 5060630.0 ], [ 2205791.0, 5060577.0 ], [ 2205793.0, 5060570.0 ], [ 2205821.0, 5060576.0 ], [ 2205827.0, 5060551.0 ], [ 2205828.0, 5060547.0 ], [ 2205830.0, 5060544.0 ], [ 2205834.0, 5060543.0 ], [ 2205837.0, 5060540.0 ], [ 2205839.0, 5060536.0 ], [ 2205841.0, 5060525.0 ], [ 2205842.0, 5060522.0 ], [ 2205843.0, 5060518.0 ], [ 2205849.0, 5060491.0 ] ], [ [ 2205849.0, 5060491.0 ], [ 2205903.0, 5060501.0 ] ], [ [ 2205899.0, 5060569.0 ], [ 2205901.0, 5060528.0 ], [ 2205902.0, 5060512.0 ], [ 2205903.0, 5060501.0 ] ], [ [ 2204905.0, 5059676.0 ], [ 2204948.0, 5059744.0 ] ], [ [ 2201045.0, 5059109.0 ], [ 2200993.0, 5059081.0 ] ], [ [ 2200855.0, 5059175.0 ], [ 2200869.0, 5059182.0 ], [ 2200936.0, 5059218.0 ], [ 2200967.0, 5059165.0 ] ], [ [ 2205091.0, 5059408.0 ], [ 2205111.0, 5059440.0 ], [ 2205114.0, 5059445.0 ] ], [ [ 2205032.0, 5059446.0 ], [ 2205060.0, 5059427.0 ], [ 2205077.0, 5059418.0 ], [ 2205091.0, 5059408.0 ] ], [ [ 2205159.0, 5059327.0 ], [ 2205126.0, 5059351.0 ], [ 2205110.0, 5059361.0 ], [ 2205108.0, 5059365.0 ], [ 2205109.0, 5059372.0 ], [ 2205112.0, 5059395.0 ], [ 2205091.0, 5059408.0 ] ], [ [ 2204998.0, 5059468.0 ], [ 2205032.0, 5059446.0 ] ], [ [ 2203563.0, 5060465.0 ], [ 2203557.0, 5060463.0 ], [ 2203551.0, 5060461.0 ], [ 2203521.0, 5060450.0 ] ], [ [ 2203659.0, 5060461.0 ], [ 2203665.0, 5060443.0 ], [ 2203667.0, 5060438.0 ], [ 2203669.0, 5060434.0 ] ], [ [ 2203731.0, 5060573.0 ], [ 2203745.0, 5060544.0 ], [ 2203763.0, 5060503.0 ], [ 2203769.0, 5060489.0 ], [ 2203743.0, 5060478.0 ], [ 2203765.0, 5060420.0 ] ], [ [ 2204658.0, 5060615.0 ], [ 2204706.0, 5060635.0 ] ], [ [ 2204659.0, 5060718.0 ], [ 2204673.0, 5060683.0 ], [ 2204673.0, 5060678.0 ], [ 2204670.0, 5060673.0 ], [ 2204651.0, 5060656.0 ], [ 2204649.0, 5060653.0 ], [ 2204648.0, 5060647.0 ], [ 2204649.0, 5060642.0 ], [ 2204658.0, 5060615.0 ] ], [ [ 2200756.0, 5059122.0 ], [ 2200770.0, 5059129.0 ] ], [ [ 2200756.0, 5059122.0 ], [ 2200742.0, 5059147.0 ] ], [ [ 2200667.0, 5059074.0 ], [ 2200707.0, 5059095.0 ], [ 2200715.0, 5059100.0 ], [ 2200747.0, 5059117.0 ], [ 2200756.0, 5059122.0 ] ], [ [ 2200934.0, 5059049.0 ], [ 2200890.0, 5059025.0 ] ], [ [ 2200934.0, 5059049.0 ], [ 2200993.0, 5059081.0 ] ], [ [ 2200934.0, 5059049.0 ], [ 2200920.0, 5059075.0 ] ], [ [ 2200842.0, 5059000.0 ], [ 2200890.0, 5059025.0 ] ], [ [ 2200842.0, 5059000.0 ], [ 2200828.0, 5059026.0 ] ], [ [ 2200624.0, 5058883.0 ], [ 2200671.0, 5058908.0 ], [ 2200737.0, 5058943.0 ], [ 2200783.0, 5058968.0 ], [ 2200842.0, 5059000.0 ] ], [ [ 2200828.0, 5059026.0 ], [ 2200843.0, 5059034.0 ] ], [ [ 2200723.0, 5058970.0 ], [ 2200753.0, 5058986.0 ], [ 2200769.0, 5058995.0 ], [ 2200789.0, 5059005.0 ], [ 2200822.0, 5059023.0 ], [ 2200828.0, 5059026.0 ] ], [ [ 2200794.0, 5059113.0 ], [ 2200770.0, 5059129.0 ] ], [ [ 2200794.0, 5059113.0 ], [ 2200812.0, 5059077.0 ] ], [ [ 2200794.0, 5059113.0 ], [ 2200795.0, 5059142.0 ] ], [ [ 2200770.0, 5059129.0 ], [ 2200795.0, 5059142.0 ] ], [ [ 2207919.0, 5060224.0 ], [ 2207911.0, 5060252.0 ], [ 2207903.0, 5060282.0 ], [ 2207898.0, 5060308.0 ] ], [ [ 2207937.0, 5060320.0 ], [ 2207921.0, 5060314.0 ], [ 2207913.0, 5060311.0 ], [ 2207898.0, 5060308.0 ] ], [ [ 2206567.0, 5061987.0 ], [ 2206555.0, 5061979.0 ], [ 2206542.0, 5061970.0 ], [ 2206541.0, 5061969.0 ], [ 2206536.0, 5061966.0 ], [ 2206531.0, 5061961.0 ], [ 2206524.0, 5061956.0 ], [ 2206498.0, 5061936.0 ] ], [ [ 2206679.0, 5062292.0 ], [ 2206689.0, 5062296.0 ], [ 2206700.0, 5062298.0 ], [ 2206708.0, 5062303.0 ], [ 2206715.0, 5062313.0 ], [ 2206710.0, 5062325.0 ] ], [ [ 2207070.0, 5062090.0 ], [ 2207004.0, 5062160.0 ], [ 2206967.0, 5062200.0 ], [ 2206942.0, 5062159.0 ], [ 2206914.0, 5062176.0 ], [ 2206908.0, 5062179.0 ] ], [ [ 2207068.0, 5062189.0 ], [ 2207083.0, 5062173.0 ], [ 2207090.0, 5062165.0 ], [ 2207098.0, 5062154.0 ], [ 2207110.0, 5062138.0 ], [ 2207126.0, 5062119.0 ] ], [ [ 2205296.0, 5061432.0 ], [ 2205318.0, 5061415.0 ], [ 2205332.0, 5061435.0 ], [ 2205337.0, 5061442.0 ] ], [ [ 2205229.0, 5061442.0 ], [ 2205280.0, 5061410.0 ], [ 2205296.0, 5061432.0 ] ], [ [ 2205202.0, 5061460.0 ], [ 2205229.0, 5061442.0 ] ], [ [ 2205709.0, 5059927.0 ], [ 2205699.0, 5059974.0 ] ], [ [ 2205699.0, 5059974.0 ], [ 2205708.0, 5059976.0 ], [ 2205780.0, 5059991.0 ] ], [ [ 2205671.0, 5059986.0 ], [ 2205675.0, 5059969.0 ], [ 2205699.0, 5059974.0 ] ], [ [ 2205787.0, 5059992.0 ], [ 2205795.0, 5059950.0 ], [ 2205796.0, 5059945.0 ] ], [ [ 2205787.0, 5059992.0 ], [ 2205825.0, 5060000.0 ], [ 2205856.0, 5060007.0 ], [ 2205861.0, 5060008.0 ] ], [ [ 2205629.0, 5059977.0 ], [ 2205636.0, 5059978.0 ], [ 2205671.0, 5059986.0 ] ], [ [ 2205773.0, 5060028.0 ], [ 2205721.0, 5060017.0 ], [ 2205699.0, 5060012.0 ], [ 2205676.0, 5060008.0 ], [ 2205667.0, 5060006.0 ], [ 2205671.0, 5059986.0 ] ], [ [ 2205773.0, 5060028.0 ], [ 2205780.0, 5059991.0 ] ], [ [ 2202867.0, 5062473.0 ], [ 2202824.0, 5062449.0 ] ], [ [ 2202867.0, 5062556.0 ], [ 2202900.0, 5062530.0 ], [ 2202887.0, 5062508.0 ], [ 2202886.0, 5062506.0 ], [ 2202870.0, 5062487.0 ], [ 2202864.0, 5062480.0 ], [ 2202867.0, 5062473.0 ] ], [ [ 2202867.0, 5062473.0 ], [ 2202880.0, 5062454.0 ], [ 2202903.0, 5062443.0 ], [ 2202942.0, 5062427.0 ], [ 2202962.0, 5062418.0 ], [ 2202979.0, 5062411.0 ], [ 2202996.0, 5062419.0 ], [ 2203011.0, 5062457.0 ] ], [ [ 2202867.0, 5062556.0 ], [ 2202913.0, 5062614.0 ], [ 2202920.0, 5062621.0 ], [ 2202958.0, 5062668.0 ] ], [ [ 2205861.0, 5060973.0 ], [ 2205850.0, 5060955.0 ], [ 2205848.0, 5060950.0 ], [ 2205844.0, 5060947.0 ], [ 2205769.0, 5060943.0 ], [ 2205756.0, 5060942.0 ], [ 2205718.0, 5060940.0 ], [ 2205713.0, 5061001.0 ], [ 2205713.0, 5061003.0 ], [ 2205711.0, 5061021.0 ], [ 2205704.0, 5061044.0 ] ], [ [ 2208181.0, 5062209.0 ], [ 2208158.0, 5062252.0 ], [ 2208127.0, 5062304.0 ], [ 2208123.0, 5062307.0 ], [ 2208114.0, 5062317.0 ], [ 2208105.0, 5062331.0 ], [ 2208093.0, 5062354.0 ], [ 2208094.0, 5062361.0 ] ], [ [ 2208212.0, 5061565.0 ], [ 2208241.0, 5061581.0 ] ], [ [ 2208375.0, 5061530.0 ], [ 2208400.0, 5061530.0 ], [ 2208404.0, 5061532.0 ], [ 2208435.0, 5061550.0 ], [ 2208487.0, 5061606.0 ], [ 2208516.0, 5061622.0 ], [ 2208527.0, 5061629.0 ], [ 2208541.0, 5061632.0 ], [ 2208556.0, 5061634.0 ], [ 2208587.0, 5061637.0 ], [ 2208604.0, 5061640.0 ], [ 2208624.0, 5061647.0 ], [ 2208655.0, 5061659.0 ] ], [ [ 2207218.0, 5063036.0 ], [ 2207218.0, 5063045.0 ], [ 2207217.0, 5063051.0 ], [ 2207209.0, 5063092.0 ] ], [ [ 2207229.0, 5062982.0 ], [ 2207226.0, 5062993.0 ], [ 2207220.0, 5063015.0 ], [ 2207218.0, 5063027.0 ] ], [ [ 2205808.0, 5061561.0 ], [ 2205834.0, 5061510.0 ] ], [ [ 2207330.0, 5059757.0 ], [ 2207352.0, 5059762.0 ], [ 2207360.0, 5059765.0 ] ], [ [ 2207702.0, 5061470.0 ], [ 2207732.0, 5061418.0 ], [ 2207735.0, 5061415.0 ], [ 2207739.0, 5061413.0 ], [ 2207743.0, 5061411.0 ], [ 2207746.0, 5061408.0 ], [ 2207749.0, 5061402.0 ], [ 2207749.0, 5061397.0 ], [ 2207748.0, 5061389.0 ], [ 2207748.0, 5061384.0 ], [ 2207749.0, 5061382.0 ], [ 2207780.0, 5061330.0 ] ], [ [ 2204730.0, 5060592.0 ], [ 2204733.0, 5060584.0 ], [ 2204736.0, 5060578.0 ], [ 2204742.0, 5060563.0 ], [ 2204743.0, 5060552.0 ] ], [ [ 2204594.0, 5060410.0 ], [ 2204602.0, 5060384.0 ], [ 2204610.0, 5060363.0 ], [ 2204611.0, 5060360.0 ], [ 2204611.0, 5060356.0 ], [ 2204611.0, 5060351.0 ], [ 2204612.0, 5060347.0 ], [ 2204626.0, 5060302.0 ], [ 2204634.0, 5060278.0 ], [ 2204635.0, 5060273.0 ] ], [ [ 2204649.0, 5060397.0 ], [ 2204640.0, 5060428.0 ] ], [ [ 2204599.0, 5060469.0 ], [ 2204617.0, 5060475.0 ], [ 2204622.0, 5060476.0 ], [ 2204625.0, 5060474.0 ], [ 2204636.0, 5060442.0 ], [ 2204640.0, 5060428.0 ] ], [ [ 2204599.0, 5060469.0 ], [ 2204577.0, 5060461.0 ] ], [ [ 2204577.0, 5060461.0 ], [ 2204582.0, 5060444.0 ] ], [ [ 2204616.0, 5061038.0 ], [ 2204570.0, 5061019.0 ], [ 2204563.0, 5061034.0 ], [ 2204520.0, 5061016.0 ] ], [ [ 2205757.0, 5060766.0 ], [ 2205761.0, 5060765.0 ], [ 2205771.0, 5060763.0 ], [ 2205783.0, 5060759.0 ], [ 2205807.0, 5060749.0 ], [ 2205815.0, 5060747.0 ], [ 2205823.0, 5060747.0 ], [ 2205833.0, 5060749.0 ] ], [ [ 2205780.0, 5059991.0 ], [ 2205787.0, 5059992.0 ] ], [ [ 2204948.0, 5061799.0 ], [ 2204950.0, 5061793.0 ], [ 2204955.0, 5061770.0 ], [ 2204956.0, 5061766.0 ] ], [ [ 2205316.0, 5061186.0 ], [ 2205305.0, 5061162.0 ], [ 2205285.0, 5061117.0 ] ], [ [ 2204649.0, 5061429.0 ], [ 2204659.0, 5061451.0 ] ], [ [ 2204649.0, 5061429.0 ], [ 2204684.0, 5061413.0 ], [ 2204702.0, 5061405.0 ] ], [ [ 2204692.0, 5061383.0 ], [ 2204649.0, 5061403.0 ], [ 2204644.0, 5061407.0 ], [ 2204643.0, 5061409.0 ], [ 2204642.0, 5061414.0 ], [ 2204649.0, 5061429.0 ] ], [ [ 2204745.0, 5061477.0 ], [ 2204683.0, 5061504.0 ], [ 2204673.0, 5061481.0 ], [ 2204659.0, 5061451.0 ] ], [ [ 2204745.0, 5061477.0 ], [ 2204731.0, 5061446.0 ], [ 2204725.0, 5061434.0 ], [ 2204716.0, 5061423.0 ], [ 2204702.0, 5061405.0 ] ], [ [ 2204782.0, 5061510.0 ], [ 2204778.0, 5061502.0 ], [ 2204769.0, 5061485.0 ], [ 2204767.0, 5061481.0 ], [ 2204764.0, 5061477.0 ], [ 2204760.0, 5061474.0 ], [ 2204755.0, 5061474.0 ], [ 2204749.0, 5061475.0 ], [ 2204745.0, 5061477.0 ] ], [ [ 2204692.0, 5061383.0 ], [ 2204702.0, 5061405.0 ] ], [ [ 2204873.0, 5061393.0 ], [ 2204882.0, 5061413.0 ], [ 2204908.0, 5061401.0 ], [ 2204911.0, 5061384.0 ] ], [ [ 2204449.0, 5060871.0 ], [ 2204462.0, 5060864.0 ], [ 2204472.0, 5060832.0 ], [ 2204478.0, 5060798.0 ], [ 2204496.0, 5060746.0 ] ], [ [ 2204768.0, 5060853.0 ], [ 2204766.0, 5060857.0 ], [ 2204754.0, 5060889.0 ], [ 2204743.0, 5060917.0 ], [ 2204706.0, 5060911.0 ], [ 2204709.0, 5060887.0 ], [ 2204710.0, 5060884.0 ], [ 2204702.0, 5060881.0 ], [ 2204667.0, 5060867.0 ] ], [ [ 2204637.0, 5060969.0 ], [ 2204637.0, 5060964.0 ], [ 2204637.0, 5060960.0 ], [ 2204638.0, 5060956.0 ], [ 2204643.0, 5060945.0 ], [ 2204648.0, 5060932.0 ], [ 2204650.0, 5060927.0 ], [ 2204657.0, 5060910.0 ], [ 2204659.0, 5060901.0 ], [ 2204661.0, 5060891.0 ], [ 2204663.0, 5060877.0 ], [ 2204667.0, 5060867.0 ] ], [ [ 2204544.0, 5061072.0 ], [ 2204594.0, 5061096.0 ], [ 2204599.0, 5061098.0 ], [ 2204603.0, 5061099.0 ], [ 2204607.0, 5061090.0 ], [ 2204608.0, 5061085.0 ], [ 2204609.0, 5061065.0 ], [ 2204609.0, 5061060.0 ], [ 2204609.0, 5061054.0 ], [ 2204616.0, 5061038.0 ] ], [ [ 2204983.0, 5060841.0 ], [ 2205051.0, 5060856.0 ] ], [ [ 2205033.0, 5060917.0 ], [ 2204972.0, 5060905.0 ], [ 2204983.0, 5060841.0 ] ], [ [ 2205032.0, 5059446.0 ], [ 2205011.0, 5059415.0 ] ], [ [ 2205231.0, 5059081.0 ], [ 2205201.0, 5059085.0 ], [ 2205181.0, 5059098.0 ], [ 2205179.0, 5059104.0 ], [ 2205181.0, 5059109.0 ], [ 2205188.0, 5059117.0 ], [ 2205195.0, 5059123.0 ], [ 2205202.0, 5059128.0 ] ], [ [ 2205023.0, 5059241.0 ], [ 2205035.0, 5059247.0 ], [ 2205044.0, 5059256.0 ], [ 2205052.0, 5059267.0 ] ], [ [ 2205433.0, 5059098.0 ], [ 2205465.0, 5059106.0 ] ], [ [ 2205465.0, 5059106.0 ], [ 2205528.0, 5059120.0 ], [ 2205537.0, 5059085.0 ] ], [ [ 2205706.0, 5059041.0 ], [ 2205703.0, 5059028.0 ], [ 2205702.0, 5059023.0 ], [ 2205693.0, 5059006.0 ], [ 2205695.0, 5058984.0 ], [ 2205699.0, 5058980.0 ], [ 2205759.0, 5058992.0 ] ], [ [ 2205250.0, 5059310.0 ], [ 2205222.0, 5059267.0 ], [ 2205221.0, 5059260.0 ] ], [ [ 2205159.0, 5059327.0 ], [ 2205169.0, 5059342.0 ], [ 2205173.0, 5059347.0 ], [ 2205176.0, 5059351.0 ], [ 2205181.0, 5059352.0 ], [ 2205190.0, 5059351.0 ], [ 2205199.0, 5059347.0 ], [ 2205207.0, 5059342.0 ], [ 2205215.0, 5059335.0 ], [ 2205218.0, 5059332.0 ], [ 2205245.0, 5059314.0 ], [ 2205250.0, 5059310.0 ] ], [ [ 2205221.0, 5059260.0 ], [ 2205224.0, 5059260.0 ], [ 2205229.0, 5059258.0 ], [ 2205245.0, 5059250.0 ], [ 2205251.0, 5059246.0 ], [ 2205256.0, 5059244.0 ], [ 2205263.0, 5059245.0 ], [ 2205270.0, 5059251.0 ], [ 2205274.0, 5059257.0 ] ], [ [ 2205221.0, 5059260.0 ], [ 2205182.0, 5059201.0 ], [ 2205181.0, 5059200.0 ], [ 2205180.0, 5059198.0 ] ], [ [ 2205456.0, 5059150.0 ], [ 2205465.0, 5059106.0 ] ], [ [ 2204941.0, 5062252.0 ], [ 2204871.0, 5062219.0 ], [ 2204887.0, 5062186.0 ], [ 2204912.0, 5062198.0 ], [ 2204956.0, 5062218.0 ] ], [ [ 2204745.0, 5062030.0 ], [ 2204763.0, 5062038.0 ], [ 2204772.0, 5062042.0 ] ], [ [ 2204772.0, 5062042.0 ], [ 2204779.0, 5062027.0 ], [ 2204781.0, 5062026.0 ], [ 2204783.0, 5062025.0 ], [ 2204793.0, 5062030.0 ], [ 2204798.0, 5062032.0 ], [ 2204817.0, 5062042.0 ], [ 2204819.0, 5062044.0 ], [ 2204819.0, 5062046.0 ], [ 2204813.0, 5062058.0 ], [ 2204810.0, 5062059.0 ], [ 2204808.0, 5062059.0 ], [ 2204798.0, 5062055.0 ], [ 2204784.0, 5062048.0 ], [ 2204772.0, 5062042.0 ] ], [ [ 2205172.0, 5061396.0 ], [ 2205160.0, 5061401.0 ], [ 2205141.0, 5061409.0 ], [ 2205135.0, 5061412.0 ], [ 2205130.0, 5061400.0 ], [ 2205126.0, 5061396.0 ], [ 2205121.0, 5061395.0 ], [ 2205114.0, 5061395.0 ], [ 2205094.0, 5061404.0 ], [ 2205085.0, 5061412.0 ], [ 2205079.0, 5061419.0 ] ], [ [ 2204802.0, 5061552.0 ], [ 2204805.0, 5061554.0 ], [ 2204826.0, 5061600.0 ] ], [ [ 2205016.0, 5061579.0 ], [ 2205004.0, 5061573.0 ], [ 2204999.0, 5061574.0 ], [ 2204993.0, 5061576.0 ], [ 2204952.0, 5061593.0 ], [ 2204945.0, 5061596.0 ], [ 2204940.0, 5061596.0 ], [ 2204934.0, 5061596.0 ], [ 2204928.0, 5061596.0 ], [ 2204923.0, 5061596.0 ], [ 2204912.0, 5061600.0 ], [ 2204908.0, 5061602.0 ], [ 2204900.0, 5061609.0 ], [ 2204896.0, 5061612.0 ], [ 2204871.0, 5061622.0 ], [ 2204868.0, 5061623.0 ], [ 2204866.0, 5061620.0 ], [ 2204854.0, 5061593.0 ], [ 2204852.0, 5061590.0 ], [ 2204848.0, 5061591.0 ], [ 2204826.0, 5061600.0 ] ], [ [ 2203092.0, 5062421.0 ], [ 2203108.0, 5062427.0 ], [ 2203123.0, 5062463.0 ], [ 2203125.0, 5062468.0 ], [ 2203124.0, 5062469.0 ], [ 2203074.0, 5062490.0 ] ], [ [ 2203026.0, 5062382.0 ], [ 2203037.0, 5062351.0 ] ], [ [ 2202782.0, 5062525.0 ], [ 2202795.0, 5062539.0 ], [ 2202804.0, 5062550.0 ], [ 2202818.0, 5062566.0 ], [ 2202823.0, 5062572.0 ], [ 2202826.0, 5062575.0 ], [ 2202830.0, 5062577.0 ], [ 2202834.0, 5062578.0 ], [ 2202838.0, 5062578.0 ], [ 2202842.0, 5062576.0 ], [ 2202867.0, 5062556.0 ] ], [ [ 2202938.0, 5062489.0 ], [ 2202963.0, 5062478.0 ], [ 2202988.0, 5062467.0 ], [ 2203011.0, 5062457.0 ] ], [ [ 2208601.0, 5063695.0 ], [ 2208608.0, 5063648.0 ] ], [ [ 2208601.0, 5063695.0 ], [ 2208648.0, 5063703.0 ] ], [ [ 2208550.0, 5063721.0 ], [ 2208631.0, 5063744.0 ], [ 2208635.0, 5063743.0 ], [ 2208637.0, 5063740.0 ], [ 2208643.0, 5063720.0 ], [ 2208647.0, 5063714.0 ], [ 2208648.0, 5063703.0 ] ], [ [ 2208548.0, 5063727.0 ], [ 2208549.0, 5063725.0 ], [ 2208550.0, 5063721.0 ] ], [ [ 2209011.0, 5063832.0 ], [ 2209046.0, 5063849.0 ], [ 2209058.0, 5063885.0 ], [ 2209013.0, 5063900.0 ], [ 2208988.0, 5063825.0 ] ], [ [ 2207868.0, 5063046.0 ], [ 2207880.0, 5063063.0 ], [ 2207889.0, 5063072.0 ], [ 2207926.0, 5063097.0 ], [ 2207933.0, 5063106.0 ], [ 2207937.0, 5063114.0 ] ], [ [ 2208554.0, 5063609.0 ], [ 2208556.0, 5063603.0 ], [ 2208557.0, 5063597.0 ], [ 2208559.0, 5063590.0 ], [ 2208559.0, 5063584.0 ], [ 2208560.0, 5063575.0 ], [ 2208562.0, 5063559.0 ], [ 2208565.0, 5063548.0 ] ], [ [ 2208547.0, 5063543.0 ], [ 2208557.0, 5063510.0 ] ], [ [ 2208692.0, 5063586.0 ], [ 2208673.0, 5063655.0 ] ], [ [ 2208240.0, 5063317.0 ], [ 2208194.0, 5063273.0 ] ], [ [ 2208554.0, 5063609.0 ], [ 2208549.0, 5063619.0 ], [ 2208536.0, 5063641.0 ] ], [ [ 2208072.0, 5063903.0 ], [ 2208080.0, 5063900.0 ] ], [ [ 2208072.0, 5063903.0 ], [ 2208061.0, 5063979.0 ], [ 2208014.0, 5063973.0 ], [ 2208013.0, 5063943.0 ], [ 2208019.0, 5063896.0 ], [ 2208027.0, 5063897.0 ], [ 2208063.0, 5063902.0 ], [ 2208072.0, 5063903.0 ] ], [ [ 2208644.0, 5063620.0 ], [ 2208654.0, 5063595.0 ], [ 2208660.0, 5063577.0 ] ], [ [ 2208466.0, 5063518.0 ], [ 2208464.0, 5063522.0 ], [ 2208457.0, 5063544.0 ], [ 2208444.0, 5063587.0 ], [ 2208443.0, 5063591.0 ] ], [ [ 2208418.0, 5063585.0 ], [ 2208419.0, 5063581.0 ], [ 2208433.0, 5063536.0 ], [ 2208439.0, 5063515.0 ], [ 2208441.0, 5063510.0 ] ], [ [ 2208443.0, 5063591.0 ], [ 2208431.0, 5063588.0 ], [ 2208418.0, 5063585.0 ] ], [ [ 2208418.0, 5063585.0 ], [ 2208390.0, 5063577.0 ], [ 2208382.0, 5063575.0 ] ], [ [ 2208554.0, 5063609.0 ], [ 2208476.0, 5063586.0 ] ], [ [ 2208443.0, 5063591.0 ], [ 2208463.0, 5063597.0 ], [ 2208467.0, 5063597.0 ], [ 2208471.0, 5063596.0 ], [ 2208474.0, 5063594.0 ], [ 2208476.0, 5063589.0 ], [ 2208476.0, 5063586.0 ] ], [ [ 2208494.0, 5063527.0 ], [ 2208489.0, 5063545.0 ], [ 2208476.0, 5063586.0 ] ], [ [ 2208559.0, 5063919.0 ], [ 2208552.0, 5063970.0 ], [ 2208549.0, 5063991.0 ], [ 2208514.0, 5063986.0 ] ], [ [ 2208559.0, 5063919.0 ], [ 2208568.0, 5063921.0 ] ], [ [ 2208487.0, 5063908.0 ], [ 2208505.0, 5063911.0 ], [ 2208525.0, 5063914.0 ], [ 2208531.0, 5063915.0 ], [ 2208547.0, 5063917.0 ], [ 2208559.0, 5063919.0 ] ], [ [ 2208481.0, 5063908.0 ], [ 2208487.0, 5063908.0 ] ], [ [ 2208650.0, 5063908.0 ], [ 2208656.0, 5063881.0 ], [ 2208661.0, 5063840.0 ] ], [ [ 2206499.0, 5062307.0 ], [ 2206495.0, 5062312.0 ], [ 2206481.0, 5062328.0 ], [ 2206480.0, 5062334.0 ], [ 2206482.0, 5062338.0 ], [ 2206498.0, 5062353.0 ], [ 2206588.0, 5062437.0 ] ], [ [ 2206158.0, 5062350.0 ], [ 2206142.0, 5062342.0 ], [ 2206118.0, 5062334.0 ], [ 2206099.0, 5062327.0 ], [ 2206040.0, 5062307.0 ], [ 2206037.0, 5062304.0 ], [ 2206037.0, 5062299.0 ], [ 2206040.0, 5062291.0 ], [ 2206039.0, 5062286.0 ], [ 2206036.0, 5062283.0 ], [ 2206010.0, 5062272.0 ] ], [ [ 2205875.0, 5062950.0 ], [ 2205891.0, 5062924.0 ], [ 2205902.0, 5062907.0 ], [ 2205929.0, 5062869.0 ], [ 2205875.0, 5062833.0 ] ], [ [ 2207218.0, 5063027.0 ], [ 2207218.0, 5063036.0 ] ], [ [ 2208777.0, 5062540.0 ], [ 2208800.0, 5062553.0 ], [ 2208802.0, 5062558.0 ], [ 2208813.0, 5062567.0 ], [ 2208834.0, 5062578.0 ], [ 2208842.0, 5062582.0 ], [ 2208875.0, 5062596.0 ] ], [ [ 2203476.0, 5061453.0 ], [ 2203504.0, 5061524.0 ] ], [ [ 2200624.0, 5058883.0 ], [ 2200610.0, 5058910.0 ], [ 2200599.0, 5058905.0 ] ], [ [ 2200671.0, 5059002.0 ], [ 2200698.0, 5059016.0 ] ], [ [ 2200624.0, 5058883.0 ], [ 2200480.0, 5058805.0 ] ], [ [ 2200706.0, 5058959.0 ], [ 2200711.0, 5058967.0 ], [ 2200721.0, 5058973.0 ] ], [ [ 2200890.0, 5059025.0 ], [ 2200875.0, 5059052.0 ] ], [ [ 2200875.0, 5059052.0 ], [ 2200843.0, 5059034.0 ] ], [ [ 2200920.0, 5059075.0 ], [ 2200908.0, 5059069.0 ], [ 2200875.0, 5059052.0 ] ], [ [ 2200993.0, 5059081.0 ], [ 2200979.0, 5059107.0 ] ], [ [ 2201032.0, 5059136.0 ], [ 2200992.0, 5059114.0 ], [ 2200979.0, 5059107.0 ] ], [ [ 2200920.0, 5059075.0 ], [ 2200924.0, 5059078.0 ], [ 2200947.0, 5059090.0 ], [ 2200979.0, 5059107.0 ] ], [ [ 2200818.0, 5059081.0 ], [ 2200843.0, 5059034.0 ] ], [ [ 2200855.0, 5059175.0 ], [ 2200849.0, 5059172.0 ], [ 2200821.0, 5059156.0 ], [ 2200809.0, 5059150.0 ], [ 2200795.0, 5059142.0 ] ], [ [ 2200742.0, 5059147.0 ], [ 2200785.0, 5059170.0 ], [ 2200796.0, 5059176.0 ], [ 2200841.0, 5059200.0 ], [ 2200855.0, 5059175.0 ] ], [ [ 2200693.0, 5059120.0 ], [ 2200735.0, 5059143.0 ], [ 2200742.0, 5059147.0 ] ], [ [ 2200666.0, 5059142.0 ], [ 2200638.0, 5059127.0 ] ], [ [ 2200388.0, 5058686.0 ], [ 2200402.0, 5058659.0 ] ], [ [ 2200802.0, 5058747.0 ], [ 2200752.0, 5058839.0 ], [ 2200750.0, 5058840.0 ], [ 2200749.0, 5058841.0 ], [ 2200745.0, 5058840.0 ], [ 2200724.0, 5058829.0 ], [ 2200722.0, 5058829.0 ], [ 2200720.0, 5058829.0 ], [ 2200719.0, 5058830.0 ], [ 2200718.0, 5058831.0 ], [ 2200705.0, 5058855.0 ] ], [ [ 2200862.0, 5058779.0 ], [ 2200834.0, 5058764.0 ], [ 2200827.0, 5058760.0 ], [ 2200802.0, 5058747.0 ] ], [ [ 2200841.0, 5058602.0 ], [ 2200835.0, 5058612.0 ], [ 2200828.0, 5058626.0 ], [ 2200827.0, 5058629.0 ], [ 2200828.0, 5058631.0 ], [ 2200829.0, 5058634.0 ], [ 2200831.0, 5058635.0 ], [ 2200850.0, 5058645.0 ], [ 2200853.0, 5058647.0 ], [ 2200854.0, 5058649.0 ], [ 2200854.0, 5058651.0 ], [ 2200853.0, 5058654.0 ], [ 2200840.0, 5058676.0 ], [ 2200802.0, 5058747.0 ] ], [ [ 2200157.0, 5058454.0 ], [ 2200227.0, 5058491.0 ] ], [ [ 2200157.0, 5058454.0 ], [ 2200139.0, 5058488.0 ] ], [ [ 2200114.0, 5058409.0 ], [ 2200114.0, 5058413.0 ], [ 2200115.0, 5058421.0 ], [ 2200118.0, 5058425.0 ], [ 2200122.0, 5058430.0 ], [ 2200127.0, 5058435.0 ], [ 2200135.0, 5058440.0 ], [ 2200157.0, 5058454.0 ] ], [ [ 2200277.0, 5058517.0 ], [ 2200227.0, 5058491.0 ] ], [ [ 2200277.0, 5058517.0 ], [ 2200290.0, 5058492.0 ] ], [ [ 2200247.0, 5058573.0 ], [ 2200256.0, 5058556.0 ], [ 2200266.0, 5058538.0 ], [ 2200277.0, 5058517.0 ] ], [ [ 2200290.0, 5058492.0 ], [ 2200326.0, 5058511.0 ], [ 2200383.0, 5058541.0 ] ], [ [ 2200339.0, 5058624.0 ], [ 2200358.0, 5058588.0 ], [ 2200383.0, 5058541.0 ] ], [ [ 2201167.0, 5058336.0 ], [ 2201195.0, 5058283.0 ] ], [ [ 2201092.0, 5058394.0 ], [ 2201112.0, 5058357.0 ], [ 2201124.0, 5058334.0 ], [ 2201131.0, 5058328.0 ], [ 2201141.0, 5058327.0 ], [ 2201167.0, 5058336.0 ] ], [ [ 2201080.0, 5058417.0 ], [ 2201115.0, 5058434.0 ], [ 2201148.0, 5058371.0 ], [ 2201159.0, 5058350.0 ], [ 2201167.0, 5058336.0 ] ], [ [ 2201080.0, 5058417.0 ], [ 2201092.0, 5058394.0 ] ], [ [ 2200982.0, 5058490.0 ], [ 2200990.0, 5058492.0 ], [ 2201034.0, 5058492.0 ], [ 2201038.0, 5058492.0 ], [ 2201040.0, 5058490.0 ], [ 2201056.0, 5058461.0 ], [ 2201080.0, 5058417.0 ] ], [ [ 2201092.0, 5058394.0 ], [ 2201051.0, 5058372.0 ] ], [ [ 2200982.0, 5058340.0 ], [ 2201034.0, 5058320.0 ], [ 2201041.0, 5058311.0 ], [ 2201056.0, 5058304.0 ], [ 2201088.0, 5058289.0 ] ], [ [ 2200982.0, 5058340.0 ], [ 2200971.0, 5058344.0 ], [ 2200966.0, 5058343.0 ], [ 2200961.0, 5058340.0 ], [ 2200925.0, 5058324.0 ], [ 2200918.0, 5058324.0 ], [ 2200859.0, 5058346.0 ] ], [ [ 2201039.0, 5058391.0 ], [ 2200994.0, 5058368.0 ], [ 2200982.0, 5058340.0 ] ], [ [ 2200679.0, 5058592.0 ], [ 2200676.0, 5058598.0 ] ], [ [ 2200713.0, 5058609.0 ], [ 2200706.0, 5058606.0 ], [ 2200679.0, 5058592.0 ] ], [ [ 2200613.0, 5058573.0 ], [ 2200627.0, 5058547.0 ], [ 2200629.0, 5058546.0 ], [ 2200632.0, 5058544.0 ], [ 2200634.0, 5058544.0 ], [ 2200636.0, 5058545.0 ], [ 2200656.0, 5058556.0 ], [ 2200660.0, 5058559.0 ], [ 2200684.0, 5058572.0 ], [ 2200686.0, 5058573.0 ], [ 2200687.0, 5058575.0 ], [ 2200687.0, 5058577.0 ], [ 2200687.0, 5058578.0 ], [ 2200683.0, 5058586.0 ], [ 2200679.0, 5058592.0 ] ], [ [ 2200678.0, 5058674.0 ], [ 2200680.0, 5058672.0 ], [ 2200699.0, 5058636.0 ], [ 2200713.0, 5058609.0 ] ], [ [ 2200595.0, 5058604.0 ], [ 2200617.0, 5058616.0 ], [ 2200619.0, 5058616.0 ], [ 2200622.0, 5058617.0 ], [ 2200624.0, 5058615.0 ], [ 2200626.0, 5058614.0 ], [ 2200642.0, 5058583.0 ], [ 2200643.0, 5058582.0 ], [ 2200645.0, 5058581.0 ], [ 2200646.0, 5058581.0 ], [ 2200647.0, 5058582.0 ], [ 2200676.0, 5058598.0 ] ], [ [ 2200645.0, 5058656.0 ], [ 2200670.0, 5058610.0 ], [ 2200676.0, 5058598.0 ] ], [ [ 2200595.0, 5058604.0 ], [ 2200581.0, 5058630.0 ] ], [ [ 2200595.0, 5058604.0 ], [ 2200613.0, 5058573.0 ] ], [ [ 2200561.0, 5058742.0 ], [ 2200547.0, 5058769.0 ] ], [ [ 2200645.0, 5058656.0 ], [ 2200610.0, 5058721.0 ], [ 2200594.0, 5058751.0 ], [ 2200592.0, 5058753.0 ], [ 2200590.0, 5058754.0 ], [ 2200587.0, 5058754.0 ], [ 2200585.0, 5058754.0 ], [ 2200561.0, 5058742.0 ] ], [ [ 2200549.0, 5058686.0 ], [ 2200533.0, 5058717.0 ], [ 2200533.0, 5058720.0 ], [ 2200533.0, 5058723.0 ], [ 2200535.0, 5058726.0 ], [ 2200536.0, 5058728.0 ], [ 2200561.0, 5058742.0 ] ], [ [ 2200549.0, 5058686.0 ], [ 2200526.0, 5058674.0 ], [ 2200519.0, 5058671.0 ] ], [ [ 2200549.0, 5058686.0 ], [ 2200581.0, 5058630.0 ] ], [ [ 2200581.0, 5058556.0 ], [ 2200586.0, 5058558.0 ], [ 2200613.0, 5058573.0 ] ], [ [ 2200402.0, 5058659.0 ], [ 2200372.0, 5058642.0 ], [ 2200339.0, 5058624.0 ] ], [ [ 2200402.0, 5058659.0 ], [ 2200433.0, 5058601.0 ] ], [ [ 2200452.0, 5058641.0 ], [ 2200434.0, 5058675.0 ], [ 2200402.0, 5058659.0 ] ], [ [ 2200581.0, 5058630.0 ], [ 2200557.0, 5058618.0 ], [ 2200550.0, 5058614.0 ] ], [ [ 2200645.0, 5058656.0 ], [ 2200672.0, 5058671.0 ], [ 2200678.0, 5058674.0 ] ], [ [ 2200433.0, 5058601.0 ], [ 2200445.0, 5058579.0 ], [ 2200454.0, 5058571.0 ], [ 2200504.0, 5058479.0 ] ], [ [ 2200127.0, 5058511.0 ], [ 2200139.0, 5058488.0 ] ], [ [ 2200247.0, 5058573.0 ], [ 2200188.0, 5058541.0 ], [ 2200127.0, 5058511.0 ] ], [ [ 2200227.0, 5058491.0 ], [ 2200208.0, 5058526.0 ], [ 2200139.0, 5058488.0 ] ], [ [ 2200083.0, 5058458.0 ], [ 2200098.0, 5058466.0 ], [ 2200111.0, 5058473.0 ], [ 2200139.0, 5058488.0 ] ], [ [ 2200835.0, 5058840.0 ], [ 2200814.0, 5058879.0 ], [ 2200830.0, 5058888.0 ] ], [ [ 2200860.0, 5058793.0 ], [ 2200835.0, 5058840.0 ] ], [ [ 2200835.0, 5058840.0 ], [ 2200803.0, 5058822.0 ] ], [ [ 2200903.0, 5058715.0 ], [ 2200899.0, 5058713.0 ] ], [ [ 2200875.0, 5058770.0 ], [ 2200883.0, 5058754.0 ], [ 2200903.0, 5058715.0 ] ], [ [ 2200942.0, 5058692.0 ], [ 2200924.0, 5058727.0 ], [ 2200903.0, 5058715.0 ] ], [ [ 2200920.0, 5058815.0 ], [ 2200909.0, 5058837.0 ] ], [ [ 2200881.0, 5058795.0 ], [ 2200887.0, 5058798.0 ], [ 2200920.0, 5058815.0 ] ], [ [ 2200957.0, 5058744.0 ], [ 2200938.0, 5058780.0 ], [ 2200920.0, 5058815.0 ] ], [ [ 2200957.0, 5058744.0 ], [ 2200965.0, 5058748.0 ] ], [ [ 2200966.0, 5058703.0 ], [ 2200948.0, 5058739.0 ], [ 2200957.0, 5058744.0 ] ], [ [ 2200990.0, 5058761.0 ], [ 2200965.0, 5058748.0 ] ], [ [ 2200961.0, 5058664.0 ], [ 2200945.0, 5058693.0 ] ], [ [ 2200945.0, 5058693.0 ], [ 2200966.0, 5058703.0 ] ], [ [ 2200945.0, 5058693.0 ], [ 2200942.0, 5058692.0 ] ], [ [ 2200965.0, 5058748.0 ], [ 2200983.0, 5058712.0 ], [ 2200966.0, 5058703.0 ] ], [ [ 2200899.0, 5058713.0 ], [ 2200870.0, 5058697.0 ] ], [ [ 2200942.0, 5058692.0 ], [ 2200917.0, 5058679.0 ], [ 2200899.0, 5058713.0 ] ], [ [ 2200452.0, 5058641.0 ], [ 2200465.0, 5058617.0 ] ], [ [ 2200452.0, 5058641.0 ], [ 2200481.0, 5058657.0 ] ], [ [ 2200506.0, 5058540.0 ], [ 2200486.0, 5058577.0 ] ], [ [ 2200465.0, 5058617.0 ], [ 2200486.0, 5058577.0 ] ], [ [ 2200465.0, 5058617.0 ], [ 2200433.0, 5058601.0 ] ], [ [ 2200486.0, 5058577.0 ], [ 2200515.0, 5058593.0 ] ], [ [ 2207330.0, 5059757.0 ], [ 2207301.0, 5059815.0 ] ], [ [ 2207301.0, 5059815.0 ], [ 2207268.0, 5059800.0 ] ], [ [ 2207292.0, 5059752.0 ], [ 2207268.0, 5059800.0 ] ], [ [ 2207236.0, 5059784.0 ], [ 2207260.0, 5059796.0 ], [ 2207268.0, 5059800.0 ] ], [ [ 2207236.0, 5059784.0 ], [ 2207203.0, 5059768.0 ], [ 2207216.0, 5059740.0 ], [ 2207250.0, 5059757.0 ], [ 2207236.0, 5059784.0 ] ], [ [ 2207830.0, 5060453.0 ], [ 2207823.0, 5060438.0 ], [ 2207817.0, 5060424.0 ], [ 2207805.0, 5060397.0 ], [ 2207799.0, 5060387.0 ], [ 2207793.0, 5060379.0 ], [ 2207789.0, 5060374.0 ], [ 2207786.0, 5060370.0 ] ], [ [ 2206987.0, 5060303.0 ], [ 2207039.0, 5060293.0 ], [ 2207053.0, 5060304.0 ] ], [ [ 2207414.0, 5060024.0 ], [ 2207421.0, 5060027.0 ], [ 2207436.0, 5060035.0 ], [ 2207439.0, 5060037.0 ], [ 2207445.0, 5060026.0 ], [ 2207447.0, 5060024.0 ], [ 2207449.0, 5060023.0 ], [ 2207451.0, 5060023.0 ], [ 2207453.0, 5060023.0 ], [ 2207482.0, 5060038.0 ], [ 2207487.0, 5060041.0 ], [ 2207491.0, 5060043.0 ], [ 2207494.0, 5060046.0 ], [ 2207496.0, 5060048.0 ], [ 2207499.0, 5060051.0 ], [ 2207502.0, 5060054.0 ], [ 2207506.0, 5060059.0 ], [ 2207511.0, 5060065.0 ], [ 2207513.0, 5060066.0 ], [ 2207514.0, 5060067.0 ], [ 2207516.0, 5060068.0 ], [ 2207518.0, 5060069.0 ], [ 2207520.0, 5060070.0 ], [ 2207543.0, 5060078.0 ] ], [ [ 2207281.0, 5059978.0 ], [ 2207276.0, 5059975.0 ], [ 2207259.0, 5059966.0 ], [ 2207269.0, 5059945.0 ], [ 2207270.0, 5059943.0 ], [ 2207270.0, 5059941.0 ], [ 2207270.0, 5059938.0 ], [ 2207268.0, 5059937.0 ], [ 2207266.0, 5059935.0 ], [ 2207198.0, 5059903.0 ] ], [ [ 2208540.0, 5061144.0 ], [ 2208514.0, 5061129.0 ] ], [ [ 2208540.0, 5061144.0 ], [ 2208550.0, 5061125.0 ], [ 2208559.0, 5061109.0 ], [ 2208570.0, 5061091.0 ] ], [ [ 2208514.0, 5061129.0 ], [ 2208499.0, 5061153.0 ] ], [ [ 2208570.0, 5061091.0 ], [ 2208544.0, 5061076.0 ], [ 2208521.0, 5061116.0 ], [ 2208519.0, 5061120.0 ], [ 2208514.0, 5061129.0 ] ], [ [ 2208765.0, 5060573.0 ], [ 2208772.0, 5060544.0 ], [ 2208778.0, 5060519.0 ], [ 2208780.0, 5060509.0 ], [ 2208781.0, 5060501.0 ], [ 2208780.0, 5060493.0 ], [ 2208779.0, 5060484.0 ] ], [ [ 2208716.0, 5061180.0 ], [ 2208713.0, 5061185.0 ], [ 2208681.0, 5061236.0 ], [ 2208681.0, 5061248.0 ], [ 2208676.0, 5061261.0 ], [ 2208671.0, 5061271.0 ] ], [ [ 2209250.0, 5061411.0 ], [ 2209280.0, 5061435.0 ], [ 2209306.0, 5061451.0 ] ], [ [ 2209373.0, 5061431.0 ], [ 2209369.0, 5061429.0 ], [ 2209334.0, 5061408.0 ] ], [ [ 2209373.0, 5061431.0 ], [ 2209381.0, 5061419.0 ], [ 2209388.0, 5061407.0 ], [ 2209397.0, 5061392.0 ] ], [ [ 2209325.0, 5061422.0 ], [ 2209330.0, 5061426.0 ], [ 2209360.0, 5061443.0 ], [ 2209365.0, 5061446.0 ], [ 2209373.0, 5061431.0 ] ], [ [ 2209422.0, 5061350.0 ], [ 2209418.0, 5061348.0 ], [ 2209383.0, 5061327.0 ] ], [ [ 2209422.0, 5061350.0 ], [ 2209434.0, 5061331.0 ], [ 2209448.0, 5061308.0 ] ], [ [ 2209397.0, 5061392.0 ], [ 2209411.0, 5061369.0 ], [ 2209422.0, 5061350.0 ] ], [ [ 2209358.0, 5061369.0 ], [ 2209392.0, 5061389.0 ], [ 2209397.0, 5061392.0 ] ], [ [ 2209293.0, 5061281.0 ], [ 2209310.0, 5061291.0 ], [ 2209312.0, 5061294.0 ], [ 2209313.0, 5061298.0 ], [ 2209314.0, 5061301.0 ], [ 2209315.0, 5061303.0 ], [ 2209318.0, 5061306.0 ], [ 2209326.0, 5061311.0 ], [ 2209330.0, 5061314.0 ], [ 2209331.0, 5061318.0 ], [ 2209332.0, 5061325.0 ], [ 2209333.0, 5061327.0 ], [ 2209335.0, 5061330.0 ], [ 2209338.0, 5061332.0 ], [ 2209369.0, 5061350.0 ] ], [ [ 2209343.0, 5061393.0 ], [ 2209312.0, 5061374.0 ], [ 2209309.0, 5061371.0 ], [ 2209307.0, 5061367.0 ], [ 2209306.0, 5061362.0 ], [ 2209303.0, 5061358.0 ], [ 2209300.0, 5061355.0 ], [ 2209271.0, 5061337.0 ], [ 2209268.0, 5061335.0 ], [ 2209268.0, 5061332.0 ], [ 2209269.0, 5061328.0 ], [ 2209282.0, 5061302.0 ], [ 2209293.0, 5061281.0 ] ], [ [ 2209303.0, 5061253.0 ], [ 2209299.0, 5061263.0 ], [ 2209294.0, 5061275.0 ], [ 2209293.0, 5061281.0 ] ], [ [ 2210777.0, 5061611.0 ], [ 2210784.0, 5061649.0 ], [ 2210698.0, 5061665.0 ] ], [ [ 2210777.0, 5061611.0 ], [ 2210690.0, 5061627.0 ] ], [ [ 2210837.0, 5061600.0 ], [ 2210824.0, 5061602.0 ], [ 2210814.0, 5061605.0 ], [ 2210777.0, 5061611.0 ] ], [ [ 2209964.0, 5061817.0 ], [ 2209980.0, 5061777.0 ] ], [ [ 2210004.0, 5061830.0 ], [ 2209999.0, 5061829.0 ], [ 2209969.0, 5061817.0 ], [ 2209964.0, 5061817.0 ] ], [ [ 2209886.0, 5061791.0 ], [ 2209906.0, 5061799.0 ], [ 2209951.0, 5061816.0 ], [ 2209964.0, 5061817.0 ] ], [ [ 2210004.0, 5061830.0 ], [ 2210018.0, 5061793.0 ] ], [ [ 2208219.0, 5060146.0 ], [ 2208228.0, 5060148.0 ], [ 2208259.0, 5060153.0 ] ], [ [ 2208209.0, 5060557.0 ], [ 2208210.0, 5060550.0 ], [ 2208214.0, 5060532.0 ], [ 2208225.0, 5060484.0 ], [ 2208233.0, 5060463.0 ], [ 2208243.0, 5060443.0 ], [ 2208248.0, 5060434.0 ], [ 2208264.0, 5060406.0 ], [ 2208280.0, 5060378.0 ] ], [ [ 2208220.0, 5060226.0 ], [ 2208209.0, 5060239.0 ], [ 2208206.0, 5060245.0 ], [ 2208203.0, 5060253.0 ], [ 2208203.0, 5060265.0 ], [ 2208203.0, 5060284.0 ], [ 2208203.0, 5060304.0 ], [ 2208197.0, 5060320.0 ], [ 2208194.0, 5060328.0 ] ], [ [ 2207914.0, 5060994.0 ], [ 2207920.0, 5060988.0 ], [ 2207947.0, 5060947.0 ] ], [ [ 2207266.0, 5060626.0 ], [ 2207266.0, 5060612.0 ], [ 2207266.0, 5060601.0 ], [ 2207266.0, 5060598.0 ], [ 2207266.0, 5060591.0 ], [ 2207283.0, 5060591.0 ], [ 2207289.0, 5060589.0 ], [ 2207295.0, 5060585.0 ], [ 2207298.0, 5060580.0 ], [ 2207300.0, 5060572.0 ], [ 2207300.0, 5060552.0 ], [ 2207301.0, 5060519.0 ], [ 2207301.0, 5060511.0 ] ], [ [ 2207165.0, 5059976.0 ], [ 2207198.0, 5059903.0 ] ], [ [ 2207165.0, 5059976.0 ], [ 2207187.0, 5059985.0 ], [ 2207190.0, 5059990.0 ], [ 2207191.0, 5059996.0 ], [ 2207193.0, 5060006.0 ], [ 2207193.0, 5060012.0 ] ], [ [ 2206974.0, 5060315.0 ], [ 2206955.0, 5060247.0 ], [ 2206950.0, 5060251.0 ], [ 2206945.0, 5060253.0 ], [ 2206916.0, 5060260.0 ], [ 2206911.0, 5060261.0 ] ], [ [ 2206988.0, 5060340.0 ], [ 2207000.0, 5060383.0 ], [ 2207010.0, 5060388.0 ], [ 2207014.0, 5060401.0 ], [ 2207037.0, 5060413.0 ], [ 2207044.0, 5060441.0 ], [ 2207058.0, 5060437.0 ], [ 2207070.0, 5060483.0 ] ], [ [ 2207570.0, 5060581.0 ], [ 2207548.0, 5060580.0 ], [ 2207516.0, 5060571.0 ], [ 2207500.0, 5060568.0 ], [ 2207493.0, 5060568.0 ], [ 2207486.0, 5060571.0 ], [ 2207482.0, 5060574.0 ], [ 2207477.0, 5060580.0 ] ], [ [ 2207471.0, 5060550.0 ], [ 2207475.0, 5060564.0 ], [ 2207477.0, 5060580.0 ] ], [ [ 2207470.0, 5060604.0 ], [ 2207473.0, 5060597.0 ], [ 2207475.0, 5060590.0 ], [ 2207476.0, 5060585.0 ], [ 2207477.0, 5060580.0 ] ], [ [ 2207828.0, 5060652.0 ], [ 2207798.0, 5060653.0 ], [ 2207796.0, 5060655.0 ], [ 2207793.0, 5060657.0 ], [ 2207790.0, 5060660.0 ], [ 2207773.0, 5060680.0 ] ], [ [ 2207196.0, 5060636.0 ], [ 2207152.0, 5060584.0 ], [ 2207138.0, 5060568.0 ], [ 2207132.0, 5060560.0 ], [ 2207123.0, 5060551.0 ], [ 2207108.0, 5060534.0 ], [ 2207065.0, 5060486.0 ] ], [ [ 2207389.0, 5060537.0 ], [ 2207352.0, 5060537.0 ], [ 2207341.0, 5060537.0 ], [ 2207342.0, 5060490.0 ], [ 2207342.0, 5060477.0 ], [ 2207342.0, 5060467.0 ] ], [ [ 2207828.0, 5060652.0 ], [ 2207838.0, 5060628.0 ], [ 2207838.0, 5060625.0 ], [ 2207837.0, 5060622.0 ], [ 2207837.0, 5060621.0 ], [ 2207821.0, 5060612.0 ], [ 2207818.0, 5060609.0 ], [ 2207816.0, 5060605.0 ], [ 2207813.0, 5060599.0 ], [ 2207796.0, 5060586.0 ] ], [ [ 2207225.0, 5060366.0 ], [ 2207271.0, 5060391.0 ], [ 2207279.0, 5060395.0 ], [ 2207283.0, 5060397.0 ], [ 2207286.0, 5060398.0 ], [ 2207291.0, 5060400.0 ], [ 2207296.0, 5060402.0 ], [ 2207298.0, 5060402.0 ], [ 2207300.0, 5060403.0 ], [ 2207304.0, 5060403.0 ], [ 2207307.0, 5060404.0 ], [ 2207312.0, 5060404.0 ], [ 2207317.0, 5060404.0 ], [ 2207325.0, 5060405.0 ], [ 2207331.0, 5060405.0 ], [ 2207335.0, 5060406.0 ], [ 2207339.0, 5060406.0 ], [ 2207349.0, 5060406.0 ], [ 2207361.0, 5060406.0 ] ], [ [ 2208673.0, 5058548.0 ], [ 2208694.0, 5058548.0 ] ], [ [ 2208583.0, 5058608.0 ], [ 2208587.0, 5058602.0 ], [ 2208607.0, 5058573.0 ], [ 2208616.0, 5058563.0 ], [ 2208626.0, 5058556.0 ], [ 2208636.0, 5058551.0 ], [ 2208646.0, 5058549.0 ], [ 2208667.0, 5058548.0 ], [ 2208673.0, 5058548.0 ] ], [ [ 2208574.0, 5058586.0 ], [ 2208583.0, 5058608.0 ] ], [ [ 2208555.0, 5058646.0 ], [ 2208558.0, 5058644.0 ], [ 2208569.0, 5058628.0 ], [ 2208583.0, 5058608.0 ] ], [ [ 2208541.0, 5058608.0 ], [ 2208555.0, 5058646.0 ] ], [ [ 2208403.0, 5058651.0 ], [ 2208398.0, 5058682.0 ] ], [ [ 2208359.0, 5058642.0 ], [ 2208353.0, 5058670.0 ] ], [ [ 2208317.0, 5058664.0 ], [ 2208323.0, 5058664.0 ], [ 2208335.0, 5058665.0 ], [ 2208353.0, 5058670.0 ] ], [ [ 2208315.0, 5058636.0 ], [ 2208317.0, 5058664.0 ] ], [ [ 2205899.0, 5059393.0 ], [ 2205890.0, 5059434.0 ], [ 2205884.0, 5059445.0 ], [ 2205859.0, 5059440.0 ], [ 2205855.0, 5059439.0 ], [ 2205809.0, 5059429.0 ], [ 2205806.0, 5059426.0 ], [ 2205803.0, 5059416.0 ], [ 2205803.0, 5059407.0 ], [ 2205796.0, 5059406.0 ], [ 2205792.0, 5059403.0 ], [ 2205790.0, 5059399.0 ], [ 2205796.0, 5059370.0 ], [ 2205759.0, 5059361.0 ] ], [ [ 2205850.0, 5059383.0 ], [ 2205865.0, 5059386.0 ], [ 2205899.0, 5059393.0 ] ], [ [ 2206154.0, 5059497.0 ], [ 2206119.0, 5059489.0 ], [ 2206113.0, 5059488.0 ], [ 2206112.0, 5059493.0 ], [ 2206107.0, 5059515.0 ], [ 2206105.0, 5059524.0 ], [ 2206104.0, 5059531.0 ] ], [ [ 2205043.0, 5059796.0 ], [ 2205011.0, 5059756.0 ] ], [ [ 2205225.0, 5059633.0 ], [ 2205217.0, 5059672.0 ] ], [ [ 2205486.0, 5059920.0 ], [ 2205495.0, 5059918.0 ], [ 2205514.0, 5059922.0 ] ], [ [ 2205488.0, 5059850.0 ], [ 2205474.0, 5059917.0 ], [ 2205486.0, 5059920.0 ] ], [ [ 2205532.0, 5059987.0 ], [ 2205502.0, 5059981.0 ], [ 2205474.0, 5059975.0 ], [ 2205486.0, 5059920.0 ] ], [ [ 2205633.0, 5059958.0 ], [ 2205627.0, 5059956.0 ], [ 2205585.0, 5059948.0 ], [ 2205577.0, 5059944.0 ], [ 2205572.0, 5059939.0 ], [ 2205568.0, 5059936.0 ], [ 2205565.0, 5059932.0 ], [ 2205563.0, 5059927.0 ], [ 2205563.0, 5059920.0 ], [ 2205564.0, 5059912.0 ], [ 2205575.0, 5059856.0 ] ], [ [ 2205149.0, 5059781.0 ], [ 2205174.0, 5059765.0 ], [ 2205183.0, 5059759.0 ] ], [ [ 2205014.0, 5059543.0 ], [ 2205060.0, 5059613.0 ] ], [ [ 2205942.0, 5060408.0 ], [ 2205915.0, 5060403.0 ], [ 2205887.0, 5060397.0 ], [ 2205872.0, 5060397.0 ], [ 2205866.0, 5060397.0 ] ], [ [ 2205006.0, 5060150.0 ], [ 2204938.0, 5060136.0 ] ], [ [ 2205517.0, 5060345.0 ], [ 2205541.0, 5060231.0 ] ], [ [ 2205510.0, 5060224.0 ], [ 2205520.0, 5060227.0 ], [ 2205541.0, 5060231.0 ] ], [ [ 2205008.0, 5060427.0 ], [ 2205010.0, 5060398.0 ], [ 2205011.0, 5060369.0 ], [ 2205010.0, 5060364.0 ], [ 2205008.0, 5060353.0 ], [ 2205016.0, 5060317.0 ], [ 2205134.0, 5060342.0 ], [ 2205141.0, 5060346.0 ], [ 2205158.0, 5060349.0 ] ], [ [ 2205161.0, 5060433.0 ], [ 2205161.0, 5060403.0 ], [ 2205163.0, 5060367.0 ], [ 2205161.0, 5060357.0 ], [ 2205158.0, 5060349.0 ] ], [ [ 2205899.0, 5060569.0 ], [ 2205848.0, 5060579.0 ] ], [ [ 2205890.0, 5060679.0 ], [ 2205894.0, 5060657.0 ], [ 2205899.0, 5060569.0 ] ], [ [ 2205782.0, 5061128.0 ], [ 2205806.0, 5061102.0 ], [ 2205818.0, 5061091.0 ], [ 2205839.0, 5061074.0 ], [ 2205850.0, 5061065.0 ], [ 2205864.0, 5061056.0 ], [ 2205867.0, 5061055.0 ], [ 2205871.0, 5061054.0 ], [ 2205873.0, 5061055.0 ], [ 2205874.0, 5061058.0 ], [ 2205876.0, 5061069.0 ], [ 2205876.0, 5061074.0 ], [ 2205863.0, 5061127.0 ], [ 2205858.0, 5061148.0 ] ], [ [ 2205693.0, 5061133.0 ], [ 2205712.0, 5061153.0 ] ], [ [ 2205693.0, 5061133.0 ], [ 2205638.0, 5061187.0 ] ], [ [ 2205615.0, 5061158.0 ], [ 2205674.0, 5061131.0 ], [ 2205686.0, 5061126.0 ], [ 2205693.0, 5061133.0 ] ], [ [ 2205723.0, 5061782.0 ], [ 2205717.0, 5061792.0 ], [ 2205698.0, 5061822.0 ] ], [ [ 2205184.0, 5061651.0 ], [ 2205158.0, 5061648.0 ] ], [ [ 2205204.0, 5061633.0 ], [ 2205186.0, 5061635.0 ], [ 2205184.0, 5061651.0 ] ], [ [ 2205139.0, 5061709.0 ], [ 2205149.0, 5061711.0 ], [ 2205156.0, 5061710.0 ], [ 2205159.0, 5061709.0 ], [ 2205164.0, 5061708.0 ], [ 2205172.0, 5061703.0 ], [ 2205177.0, 5061694.0 ], [ 2205184.0, 5061651.0 ] ], [ [ 2205140.0, 5061624.0 ], [ 2205141.0, 5061630.0 ], [ 2205143.0, 5061636.0 ], [ 2205147.0, 5061642.0 ], [ 2205152.0, 5061645.0 ], [ 2205158.0, 5061648.0 ] ], [ [ 2205470.0, 5061228.0 ], [ 2205435.0, 5061242.0 ], [ 2205428.0, 5061245.0 ], [ 2205411.0, 5061253.0 ], [ 2205407.0, 5061254.0 ], [ 2205312.0, 5061297.0 ] ], [ [ 2205649.0, 5061211.0 ], [ 2205633.0, 5061191.0 ] ], [ [ 2205638.0, 5061187.0 ], [ 2205615.0, 5061158.0 ] ], [ [ 2205638.0, 5061187.0 ], [ 2205633.0, 5061191.0 ] ], [ [ 2205555.0, 5061187.0 ], [ 2205568.0, 5061181.0 ], [ 2205601.0, 5061165.0 ], [ 2205611.0, 5061160.0 ], [ 2205615.0, 5061158.0 ] ], [ [ 2205633.0, 5061191.0 ], [ 2205602.0, 5061215.0 ], [ 2205595.0, 5061220.0 ], [ 2205588.0, 5061226.0 ], [ 2205568.0, 5061241.0 ] ], [ [ 2205782.0, 5061128.0 ], [ 2205790.0, 5061129.0 ], [ 2205817.0, 5061143.0 ], [ 2205821.0, 5061146.0 ], [ 2205823.0, 5061150.0 ], [ 2205824.0, 5061155.0 ], [ 2205824.0, 5061160.0 ] ], [ [ 2205756.0, 5061107.0 ], [ 2205763.0, 5061113.0 ], [ 2205778.0, 5061127.0 ], [ 2205782.0, 5061128.0 ] ], [ [ 2205886.0, 5061682.0 ], [ 2205851.0, 5061670.0 ], [ 2205846.0, 5061668.0 ], [ 2205841.0, 5061666.0 ], [ 2205822.0, 5061701.0 ], [ 2205816.0, 5061712.0 ] ], [ [ 2205530.0, 5061842.0 ], [ 2205523.0, 5061839.0 ], [ 2205520.0, 5061835.0 ], [ 2205520.0, 5061828.0 ], [ 2205527.0, 5061797.0 ], [ 2205533.0, 5061765.0 ], [ 2205533.0, 5061762.0 ], [ 2205532.0, 5061760.0 ], [ 2205531.0, 5061759.0 ], [ 2205529.0, 5061757.0 ], [ 2205512.0, 5061753.0 ], [ 2205509.0, 5061753.0 ], [ 2205507.0, 5061754.0 ], [ 2205504.0, 5061755.0 ], [ 2205503.0, 5061757.0 ], [ 2205496.0, 5061780.0 ], [ 2205493.0, 5061782.0 ], [ 2205489.0, 5061783.0 ], [ 2205485.0, 5061783.0 ], [ 2205480.0, 5061780.0 ], [ 2205475.0, 5061775.0 ], [ 2205472.0, 5061767.0 ], [ 2205467.0, 5061756.0 ], [ 2205461.0, 5061740.0 ], [ 2205459.0, 5061734.0 ], [ 2205444.0, 5061721.0 ], [ 2205446.0, 5061715.0 ], [ 2205447.0, 5061696.0 ], [ 2205448.0, 5061685.0 ], [ 2205450.0, 5061675.0 ], [ 2205454.0, 5061668.0 ], [ 2205461.0, 5061658.0 ] ], [ [ 2205583.0, 5061903.0 ], [ 2205520.0, 5061889.0 ] ], [ [ 2205520.0, 5061889.0 ], [ 2205519.0, 5061893.0 ] ], [ [ 2205520.0, 5061889.0 ], [ 2205530.0, 5061842.0 ] ], [ [ 2205530.0, 5061842.0 ], [ 2205534.0, 5061828.0 ], [ 2205541.0, 5061812.0 ] ], [ [ 2205519.0, 5061893.0 ], [ 2205513.0, 5061913.0 ], [ 2205512.0, 5061915.0 ], [ 2205510.0, 5061922.0 ] ], [ [ 2205398.0, 5061827.0 ], [ 2205394.0, 5061845.0 ], [ 2205393.0, 5061850.0 ], [ 2205394.0, 5061853.0 ], [ 2205397.0, 5061857.0 ], [ 2205401.0, 5061860.0 ], [ 2205406.0, 5061864.0 ], [ 2205414.0, 5061868.0 ], [ 2205425.0, 5061871.0 ], [ 2205438.0, 5061874.0 ], [ 2205450.0, 5061877.0 ], [ 2205519.0, 5061893.0 ] ], [ [ 2205139.0, 5061709.0 ], [ 2205132.0, 5061740.0 ] ], [ [ 2205039.0, 5061691.0 ], [ 2205033.0, 5061719.0 ] ], [ [ 2205312.0, 5061878.0 ], [ 2205313.0, 5061872.0 ], [ 2205333.0, 5061784.0 ] ], [ [ 2205738.0, 5061848.0 ], [ 2205724.0, 5061912.0 ], [ 2205721.0, 5061921.0 ], [ 2205757.0, 5061929.0 ], [ 2205771.0, 5061869.0 ] ], [ [ 2205414.0, 5061515.0 ], [ 2205483.0, 5061463.0 ], [ 2205497.0, 5061472.0 ], [ 2205493.0, 5061480.0 ], [ 2205521.0, 5061498.0 ] ], [ [ 2206615.0, 5061719.0 ], [ 2206626.0, 5061729.0 ], [ 2206638.0, 5061746.0 ], [ 2206639.0, 5061749.0 ], [ 2206644.0, 5061765.0 ], [ 2206657.0, 5061787.0 ], [ 2206663.0, 5061796.0 ] ], [ [ 2206529.0, 5062262.0 ], [ 2206551.0, 5062277.0 ], [ 2206574.0, 5062298.0 ], [ 2206598.0, 5062319.0 ], [ 2206610.0, 5062337.0 ], [ 2206626.0, 5062352.0 ], [ 2206639.0, 5062362.0 ], [ 2206642.0, 5062365.0 ] ], [ [ 2206486.0, 5061781.0 ], [ 2206494.0, 5061766.0 ], [ 2206498.0, 5061761.0 ], [ 2206506.0, 5061757.0 ], [ 2206511.0, 5061757.0 ], [ 2206516.0, 5061758.0 ], [ 2206521.0, 5061761.0 ], [ 2206529.0, 5061768.0 ], [ 2206535.0, 5061775.0 ], [ 2206549.0, 5061786.0 ], [ 2206564.0, 5061794.0 ], [ 2206573.0, 5061798.0 ] ], [ [ 2206445.0, 5061872.0 ], [ 2206428.0, 5061907.0 ] ], [ [ 2206470.0, 5061914.0 ], [ 2206449.0, 5061914.0 ], [ 2206444.0, 5061914.0 ], [ 2206431.0, 5061908.0 ], [ 2206428.0, 5061907.0 ] ], [ [ 2206382.0, 5061897.0 ], [ 2206389.0, 5061900.0 ], [ 2206400.0, 5061905.0 ], [ 2206407.0, 5061908.0 ], [ 2206411.0, 5061908.0 ], [ 2206428.0, 5061907.0 ] ], [ [ 2206382.0, 5061897.0 ], [ 2206386.0, 5061888.0 ] ], [ [ 2206369.0, 5061925.0 ], [ 2206372.0, 5061918.0 ], [ 2206382.0, 5061897.0 ] ], [ [ 2206470.0, 5061914.0 ], [ 2206457.0, 5061942.0 ], [ 2206446.0, 5061965.0 ], [ 2206422.0, 5061966.0 ] ], [ [ 2206505.0, 5061922.0 ], [ 2206498.0, 5061918.0 ], [ 2206489.0, 5061915.0 ], [ 2206484.0, 5061914.0 ], [ 2206470.0, 5061914.0 ] ], [ [ 2206223.0, 5061822.0 ], [ 2206187.0, 5061903.0 ], [ 2206181.0, 5061917.0 ] ], [ [ 2206181.0, 5061917.0 ], [ 2206172.0, 5061937.0 ], [ 2206157.0, 5061973.0 ] ], [ [ 2206141.0, 5061913.0 ], [ 2206131.0, 5061909.0 ], [ 2206123.0, 5061906.0 ], [ 2206116.0, 5061905.0 ], [ 2206110.0, 5061907.0 ], [ 2206104.0, 5061912.0 ], [ 2206101.0, 5061917.0 ], [ 2206098.0, 5061922.0 ], [ 2206097.0, 5061924.0 ], [ 2206070.0, 5061990.0 ], [ 2206066.0, 5062000.0 ], [ 2206064.0, 5062005.0 ], [ 2206063.0, 5062007.0 ], [ 2206060.0, 5062018.0 ], [ 2206058.0, 5062025.0 ], [ 2206057.0, 5062029.0 ], [ 2206054.0, 5062039.0 ] ], [ [ 2206251.0, 5061361.0 ], [ 2206209.0, 5061350.0 ], [ 2206206.0, 5061359.0 ] ], [ [ 2206263.0, 5061318.0 ], [ 2206228.0, 5061308.0 ], [ 2206212.0, 5061282.0 ], [ 2206208.0, 5061277.0 ], [ 2206188.0, 5061263.0 ], [ 2206174.0, 5061306.0 ], [ 2206169.0, 5061315.0 ], [ 2206161.0, 5061347.0 ], [ 2206174.0, 5061350.0 ], [ 2206206.0, 5061359.0 ] ], [ [ 2206186.0, 5061418.0 ], [ 2206224.0, 5061428.0 ], [ 2206231.0, 5061430.0 ] ], [ [ 2207839.0, 5061538.0 ], [ 2207803.0, 5061518.0 ], [ 2207789.0, 5061509.0 ], [ 2207770.0, 5061500.0 ], [ 2207763.0, 5061498.0 ], [ 2207752.0, 5061493.0 ], [ 2207741.0, 5061485.0 ], [ 2207729.0, 5061476.0 ] ], [ [ 2207386.0, 5061309.0 ], [ 2207401.0, 5061286.0 ], [ 2207422.0, 5061255.0 ] ], [ [ 2207823.0, 5061438.0 ], [ 2207852.0, 5061456.0 ], [ 2207868.0, 5061459.0 ], [ 2207875.0, 5061461.0 ], [ 2207902.0, 5061473.0 ], [ 2207909.0, 5061475.0 ] ], [ [ 2207839.0, 5061538.0 ], [ 2207841.0, 5061534.0 ], [ 2207846.0, 5061531.0 ], [ 2207852.0, 5061532.0 ], [ 2207875.0, 5061546.0 ], [ 2207884.0, 5061550.0 ], [ 2207892.0, 5061552.0 ], [ 2207898.0, 5061553.0 ] ], [ [ 2207386.0, 5061309.0 ], [ 2207396.0, 5061315.0 ], [ 2207408.0, 5061323.0 ], [ 2207414.0, 5061327.0 ] ], [ [ 2207280.0, 5061263.0 ], [ 2207311.0, 5061284.0 ], [ 2207320.0, 5061288.0 ], [ 2207339.0, 5061298.0 ], [ 2207362.0, 5061309.0 ], [ 2207379.0, 5061320.0 ], [ 2207386.0, 5061309.0 ] ], [ [ 2206970.0, 5061278.0 ], [ 2206968.0, 5061284.0 ], [ 2206968.0, 5061285.0 ], [ 2206942.0, 5061344.0 ] ], [ [ 2206956.0, 5061350.0 ], [ 2206955.0, 5061355.0 ], [ 2206952.0, 5061360.0 ], [ 2206945.0, 5061379.0 ], [ 2206943.0, 5061383.0 ] ], [ [ 2206933.0, 5061581.0 ], [ 2206950.0, 5061540.0 ] ], [ [ 2206950.0, 5061540.0 ], [ 2206968.0, 5061492.0 ], [ 2206972.0, 5061482.0 ], [ 2206974.0, 5061478.0 ], [ 2207004.0, 5061411.0 ], [ 2207005.0, 5061409.0 ], [ 2207013.0, 5061392.0 ], [ 2207017.0, 5061381.0 ], [ 2207018.0, 5061379.0 ] ], [ [ 2206905.0, 5061466.0 ], [ 2206897.0, 5061492.0 ], [ 2206899.0, 5061497.0 ], [ 2206892.0, 5061521.0 ], [ 2206919.0, 5061530.0 ], [ 2206950.0, 5061540.0 ] ], [ [ 2207295.0, 5061917.0 ], [ 2207357.0, 5061947.0 ], [ 2207385.0, 5061960.0 ] ], [ [ 2207096.0, 5061785.0 ], [ 2207105.0, 5061780.0 ] ], [ [ 2207100.0, 5061827.0 ], [ 2207078.0, 5061815.0 ], [ 2207096.0, 5061785.0 ] ], [ [ 2207143.0, 5061800.0 ], [ 2207105.0, 5061780.0 ] ], [ [ 2207128.0, 5061698.0 ], [ 2207117.0, 5061719.0 ], [ 2207117.0, 5061724.0 ], [ 2207121.0, 5061729.0 ], [ 2207122.0, 5061733.0 ], [ 2207123.0, 5061737.0 ], [ 2207122.0, 5061741.0 ], [ 2207116.0, 5061753.0 ], [ 2207112.0, 5061762.0 ], [ 2207105.0, 5061780.0 ] ], [ [ 2206901.0, 5060938.0 ], [ 2206883.0, 5060949.0 ], [ 2206867.0, 5060957.0 ], [ 2206868.0, 5060975.0 ], [ 2206865.0, 5060992.0 ], [ 2206856.0, 5061017.0 ] ], [ [ 2208862.0, 5063478.0 ], [ 2208827.0, 5063464.0 ] ], [ [ 2208815.0, 5063547.0 ], [ 2208841.0, 5063533.0 ], [ 2208843.0, 5063527.0 ], [ 2208854.0, 5063501.0 ], [ 2208862.0, 5063478.0 ] ], [ [ 2208579.0, 5062725.0 ], [ 2208602.0, 5062681.0 ], [ 2208625.0, 5062642.0 ] ], [ [ 2208724.0, 5062926.0 ], [ 2208703.0, 5062912.0 ], [ 2208698.0, 5062908.0 ] ], [ [ 2208786.0, 5062983.0 ], [ 2208716.0, 5062937.0 ], [ 2208724.0, 5062926.0 ] ], [ [ 2208793.0, 5062919.0 ], [ 2208748.0, 5062891.0 ], [ 2208744.0, 5062897.0 ], [ 2208724.0, 5062926.0 ] ], [ [ 2209106.0, 5063632.0 ], [ 2209114.0, 5063684.0 ], [ 2209116.0, 5063696.0 ] ], [ [ 2209106.0, 5063632.0 ], [ 2209129.0, 5063630.0 ], [ 2209162.0, 5063626.0 ], [ 2209202.0, 5063621.0 ], [ 2209207.0, 5063621.0 ], [ 2209212.0, 5063619.0 ] ], [ [ 2208686.0, 5062486.0 ], [ 2208669.0, 5062478.0 ], [ 2208657.0, 5062479.0 ], [ 2208638.0, 5062469.0 ], [ 2208630.0, 5062464.0 ] ], [ [ 2208810.0, 5062714.0 ], [ 2208803.0, 5062710.0 ], [ 2208789.0, 5062702.0 ], [ 2208782.0, 5062698.0 ] ], [ [ 2208868.0, 5062930.0 ], [ 2208883.0, 5062897.0 ], [ 2208899.0, 5062867.0 ], [ 2208905.0, 5062858.0 ] ], [ [ 2208661.0, 5063097.0 ], [ 2208717.0, 5063131.0 ] ], [ [ 2208661.0, 5063097.0 ], [ 2208676.0, 5063072.0 ] ], [ [ 2208624.0, 5063158.0 ], [ 2208643.0, 5063128.0 ], [ 2208661.0, 5063097.0 ] ], [ [ 2208686.0, 5063054.0 ], [ 2208676.0, 5063072.0 ] ], [ [ 2208686.0, 5063054.0 ], [ 2208663.0, 5063040.0 ] ], [ [ 2208742.0, 5063081.0 ], [ 2208726.0, 5063072.0 ], [ 2208705.0, 5063066.0 ], [ 2208686.0, 5063054.0 ] ], [ [ 2208728.0, 5063104.0 ], [ 2208732.0, 5063106.0 ] ], [ [ 2208728.0, 5063104.0 ], [ 2208676.0, 5063072.0 ] ], [ [ 2208728.0, 5063104.0 ], [ 2208742.0, 5063081.0 ] ], [ [ 2208742.0, 5063081.0 ], [ 2208749.0, 5063082.0 ] ], [ [ 2208663.0, 5063040.0 ], [ 2208682.0, 5063010.0 ] ], [ [ 2208663.0, 5063040.0 ], [ 2208598.0, 5063143.0 ] ], [ [ 2208749.0, 5063082.0 ], [ 2208778.0, 5063100.0 ] ], [ [ 2208786.0, 5062983.0 ], [ 2208781.0, 5063004.0 ], [ 2208776.0, 5063029.0 ], [ 2208772.0, 5063041.0 ], [ 2208768.0, 5063050.0 ], [ 2208764.0, 5063057.0 ], [ 2208749.0, 5063082.0 ] ], [ [ 2208810.0, 5063153.0 ], [ 2208760.0, 5063123.0 ] ], [ [ 2208780.0, 5063212.0 ], [ 2208810.0, 5063160.0 ], [ 2208810.0, 5063153.0 ] ], [ [ 2208778.0, 5063100.0 ], [ 2208817.0, 5063123.0 ], [ 2208816.0, 5063131.0 ], [ 2208815.0, 5063140.0 ], [ 2208810.0, 5063153.0 ] ], [ [ 2209048.0, 5063161.0 ], [ 2209070.0, 5063184.0 ], [ 2209122.0, 5063134.0 ] ], [ [ 2209173.0, 5063185.0 ], [ 2209149.0, 5063161.0 ], [ 2209128.0, 5063140.0 ], [ 2209122.0, 5063134.0 ] ], [ [ 2208960.0, 5063204.0 ], [ 2208913.0, 5063156.0 ] ], [ [ 2208809.0, 5062896.0 ], [ 2208793.0, 5062919.0 ] ], [ [ 2208786.0, 5062983.0 ], [ 2208829.0, 5063011.0 ], [ 2208837.0, 5062997.0 ], [ 2208841.0, 5062986.0 ], [ 2208845.0, 5062976.0 ], [ 2208845.0, 5062967.0 ], [ 2208845.0, 5062960.0 ], [ 2208843.0, 5062956.0 ], [ 2208841.0, 5062951.0 ], [ 2208836.0, 5062946.0 ], [ 2208793.0, 5062919.0 ] ], [ [ 2208764.0, 5063240.0 ], [ 2208780.0, 5063212.0 ] ], [ [ 2208780.0, 5063212.0 ], [ 2208727.0, 5063179.0 ] ], [ [ 2208727.0, 5063179.0 ], [ 2208709.0, 5063208.0 ] ], [ [ 2208727.0, 5063179.0 ], [ 2208760.0, 5063123.0 ] ], [ [ 2208760.0, 5063123.0 ], [ 2208732.0, 5063106.0 ] ], [ [ 2208732.0, 5063106.0 ], [ 2208717.0, 5063131.0 ] ], [ [ 2208833.0, 5063363.0 ], [ 2208782.0, 5063452.0 ], [ 2208759.0, 5063439.0 ] ], [ [ 2208473.0, 5063354.0 ], [ 2208504.0, 5063364.0 ], [ 2208548.0, 5063377.0 ] ], [ [ 2208473.0, 5063354.0 ], [ 2208468.0, 5063352.0 ], [ 2208442.0, 5063344.0 ] ], [ [ 2208461.0, 5063268.0 ], [ 2208495.0, 5063279.0 ], [ 2208495.0, 5063282.0 ], [ 2208473.0, 5063354.0 ] ], [ [ 2207892.0, 5061792.0 ], [ 2207904.0, 5061799.0 ], [ 2207905.0, 5061799.0 ], [ 2207902.0, 5061805.0 ], [ 2207886.0, 5061833.0 ], [ 2207879.0, 5061846.0 ] ], [ [ 2208203.0, 5061977.0 ], [ 2208199.0, 5061974.0 ], [ 2208184.0, 5061965.0 ], [ 2208175.0, 5061959.0 ], [ 2208185.0, 5061943.0 ], [ 2208211.0, 5061900.0 ] ], [ [ 2208182.0, 5062284.0 ], [ 2208197.0, 5062292.0 ], [ 2208297.0, 5062350.0 ] ], [ [ 2208198.0, 5062244.0 ], [ 2208308.0, 5062308.0 ], [ 2208315.0, 5062309.0 ], [ 2208330.0, 5062308.0 ], [ 2208338.0, 5062310.0 ], [ 2208345.0, 5062312.0 ], [ 2208366.0, 5062324.0 ] ], [ [ 2208203.0, 5061977.0 ], [ 2208223.0, 5061945.0 ], [ 2208249.0, 5061961.0 ], [ 2208283.0, 5061982.0 ] ], [ [ 2208179.0, 5062016.0 ], [ 2208203.0, 5061977.0 ] ], [ [ 2208242.0, 5061614.0 ], [ 2208241.0, 5061581.0 ] ], [ [ 2207971.0, 5061701.0 ], [ 2207980.0, 5061678.0 ], [ 2207968.0, 5061669.0 ], [ 2207992.0, 5061605.0 ], [ 2208008.0, 5061566.0 ] ], [ [ 2207971.0, 5061701.0 ], [ 2208015.0, 5061727.0 ] ], [ [ 2207911.0, 5061527.0 ], [ 2207919.0, 5061528.0 ], [ 2207946.0, 5061532.0 ], [ 2207950.0, 5061506.0 ], [ 2207956.0, 5061474.0 ] ], [ [ 2207960.0, 5061450.0 ], [ 2207956.0, 5061474.0 ] ], [ [ 2207923.0, 5061445.0 ], [ 2207932.0, 5061446.0 ], [ 2207960.0, 5061450.0 ] ], [ [ 2207960.0, 5061450.0 ], [ 2207963.0, 5061435.0 ] ], [ [ 2207963.0, 5061435.0 ], [ 2207985.0, 5061438.0 ] ], [ [ 2207971.0, 5061383.0 ], [ 2207968.0, 5061403.0 ], [ 2207963.0, 5061435.0 ] ], [ [ 2207984.0, 5061318.0 ], [ 2207971.0, 5061383.0 ] ], [ [ 2207984.0, 5061318.0 ], [ 2207998.0, 5061314.0 ], [ 2208015.0, 5061323.0 ], [ 2208019.0, 5061329.0 ], [ 2208023.0, 5061337.0 ], [ 2208029.0, 5061340.0 ], [ 2208036.0, 5061340.0 ], [ 2208047.0, 5061340.0 ], [ 2208052.0, 5061342.0 ], [ 2208060.0, 5061346.0 ], [ 2208063.0, 5061350.0 ], [ 2208065.0, 5061360.0 ], [ 2208067.0, 5061362.0 ], [ 2208069.0, 5061364.0 ], [ 2208083.0, 5061371.0 ], [ 2208087.0, 5061373.0 ], [ 2208095.0, 5061377.0 ], [ 2208097.0, 5061379.0 ], [ 2208102.0, 5061390.0 ], [ 2208103.0, 5061392.0 ], [ 2208109.0, 5061395.0 ], [ 2208120.0, 5061396.0 ], [ 2208123.0, 5061398.0 ] ], [ [ 2207944.0, 5061310.0 ], [ 2207951.0, 5061311.0 ], [ 2207963.0, 5061314.0 ], [ 2207977.0, 5061316.0 ], [ 2207984.0, 5061318.0 ] ], [ [ 2208123.0, 5061398.0 ], [ 2208136.0, 5061405.0 ], [ 2208140.0, 5061408.0 ], [ 2208149.0, 5061424.0 ], [ 2208150.0, 5061426.0 ], [ 2208144.0, 5061461.0 ], [ 2208142.0, 5061486.0 ], [ 2208143.0, 5061493.0 ], [ 2208155.0, 5061515.0 ], [ 2208158.0, 5061517.0 ], [ 2208161.0, 5061519.0 ], [ 2208161.0, 5061525.0 ], [ 2208158.0, 5061539.0 ], [ 2208164.0, 5061540.0 ], [ 2208177.0, 5061541.0 ], [ 2208188.0, 5061543.0 ], [ 2208199.0, 5061547.0 ], [ 2208210.0, 5061553.0 ], [ 2208215.0, 5061555.0 ] ], [ [ 2207686.0, 5062236.0 ], [ 2207669.0, 5062266.0 ], [ 2207652.0, 5062301.0 ], [ 2207656.0, 5062308.0 ], [ 2207661.0, 5062312.0 ], [ 2207672.0, 5062318.0 ], [ 2207675.0, 5062320.0 ], [ 2207677.0, 5062324.0 ], [ 2207680.0, 5062340.0 ], [ 2207655.0, 5062394.0 ] ], [ [ 2208239.0, 5061916.0 ], [ 2208250.0, 5061899.0 ] ], [ [ 2208142.0, 5061799.0 ], [ 2208152.0, 5061784.0 ], [ 2208162.0, 5061788.0 ], [ 2208186.0, 5061797.0 ] ], [ [ 2208115.0, 5061841.0 ], [ 2208130.0, 5061817.0 ], [ 2208136.0, 5061808.0 ], [ 2208142.0, 5061799.0 ] ], [ [ 2208142.0, 5061799.0 ], [ 2208152.0, 5061805.0 ], [ 2208206.0, 5061838.0 ] ], [ [ 2208250.0, 5061899.0 ], [ 2208243.0, 5061895.0 ], [ 2208238.0, 5061892.0 ], [ 2208237.0, 5061889.0 ], [ 2208239.0, 5061884.0 ], [ 2208241.0, 5061873.0 ], [ 2208241.0, 5061869.0 ], [ 2208240.0, 5061865.0 ], [ 2208238.0, 5061860.0 ], [ 2208234.0, 5061856.0 ], [ 2208224.0, 5061849.0 ], [ 2208206.0, 5061838.0 ] ], [ [ 2208134.0, 5061344.0 ], [ 2208131.0, 5061350.0 ], [ 2208129.0, 5061354.0 ], [ 2208126.0, 5061389.0 ], [ 2208123.0, 5061398.0 ] ], [ [ 2207971.0, 5061383.0 ], [ 2207998.0, 5061386.0 ], [ 2208007.0, 5061387.0 ] ], [ [ 2207956.0, 5061474.0 ], [ 2208035.0, 5061488.0 ], [ 2208076.0, 5061498.0 ] ], [ [ 2207815.0, 5062316.0 ], [ 2207853.0, 5062251.0 ], [ 2207880.0, 5062206.0 ] ], [ [ 2204565.0, 5060216.0 ], [ 2204590.0, 5060224.0 ], [ 2204600.0, 5060228.0 ] ], [ [ 2204426.0, 5060247.0 ], [ 2204490.0, 5060265.0 ], [ 2204494.0, 5060264.0 ], [ 2204495.0, 5060262.0 ], [ 2204499.0, 5060255.0 ], [ 2204503.0, 5060252.0 ], [ 2204508.0, 5060251.0 ], [ 2204525.0, 5060256.0 ], [ 2204545.0, 5060263.0 ], [ 2204548.0, 5060263.0 ], [ 2204550.0, 5060260.0 ], [ 2204561.0, 5060228.0 ], [ 2204565.0, 5060216.0 ] ], [ [ 2204593.0, 5060136.0 ], [ 2204577.0, 5060183.0 ], [ 2204565.0, 5060216.0 ] ], [ [ 2204316.0, 5060095.0 ], [ 2204328.0, 5060099.0 ], [ 2204365.0, 5060112.0 ] ], [ [ 2203900.0, 5060350.0 ], [ 2203888.0, 5060381.0 ] ], [ [ 2204142.0, 5060410.0 ], [ 2204128.0, 5060444.0 ] ], [ [ 2204142.0, 5060410.0 ], [ 2204156.0, 5060416.0 ] ], [ [ 2204309.0, 5060514.0 ], [ 2204321.0, 5060482.0 ] ], [ [ 2204156.0, 5060416.0 ], [ 2204221.0, 5060442.0 ], [ 2204236.0, 5060448.0 ], [ 2204260.0, 5060458.0 ], [ 2204280.0, 5060466.0 ], [ 2204294.0, 5060471.0 ], [ 2204321.0, 5060482.0 ] ], [ [ 2203774.0, 5060423.0 ], [ 2203792.0, 5060376.0 ], [ 2203802.0, 5060349.0 ] ], [ [ 2203776.0, 5060590.0 ], [ 2203784.0, 5060569.0 ], [ 2203785.0, 5060564.0 ], [ 2203787.0, 5060560.0 ], [ 2203820.0, 5060476.0 ], [ 2203823.0, 5060469.0 ], [ 2203826.0, 5060460.0 ], [ 2203832.0, 5060444.0 ] ], [ [ 2204171.0, 5060378.0 ], [ 2204168.0, 5060386.0 ], [ 2204165.0, 5060393.0 ], [ 2204156.0, 5060416.0 ] ], [ [ 2203173.0, 5059929.0 ], [ 2203186.0, 5059899.0 ], [ 2203163.0, 5059890.0 ], [ 2203151.0, 5059921.0 ], [ 2203173.0, 5059929.0 ] ], [ [ 2203209.0, 5059954.0 ], [ 2203203.0, 5059949.0 ], [ 2203196.0, 5059944.0 ], [ 2203176.0, 5059932.0 ], [ 2203173.0, 5059929.0 ] ], [ [ 2208853.0, 5064006.0 ], [ 2208840.0, 5064037.0 ] ], [ [ 2208853.0, 5064006.0 ], [ 2208819.0, 5063994.0 ] ], [ [ 2208870.0, 5063980.0 ], [ 2208866.0, 5063985.0 ], [ 2208860.0, 5063992.0 ], [ 2208860.0, 5063993.0 ], [ 2208853.0, 5064006.0 ] ], [ [ 2208771.0, 5061412.0 ], [ 2208766.0, 5061421.0 ], [ 2208757.0, 5061435.0 ], [ 2208750.0, 5061446.0 ], [ 2208757.0, 5061451.0 ], [ 2208828.0, 5061497.0 ], [ 2208836.0, 5061503.0 ] ], [ [ 2208526.0, 5061310.0 ], [ 2208526.0, 5061302.0 ], [ 2208527.0, 5061295.0 ], [ 2208539.0, 5061262.0 ], [ 2208546.0, 5061244.0 ], [ 2208548.0, 5061238.0 ], [ 2208551.0, 5061228.0 ] ], [ [ 2204619.0, 5060420.0 ], [ 2204594.0, 5060410.0 ] ], [ [ 2204582.0, 5060444.0 ], [ 2204591.0, 5060446.0 ], [ 2204599.0, 5060446.0 ], [ 2204606.0, 5060444.0 ], [ 2204610.0, 5060441.0 ], [ 2204613.0, 5060437.0 ], [ 2204619.0, 5060420.0 ] ], [ [ 2204619.0, 5060420.0 ], [ 2204640.0, 5060428.0 ] ], [ [ 2204582.0, 5060444.0 ], [ 2204594.0, 5060410.0 ] ], [ [ 2211308.0, 5061472.0 ], [ 2211313.0, 5061497.0 ], [ 2211314.0, 5061502.0 ], [ 2211319.0, 5061530.0 ], [ 2211319.0, 5061533.0 ], [ 2211323.0, 5061554.0 ], [ 2211323.0, 5061558.0 ], [ 2211320.0, 5061562.0 ], [ 2211315.0, 5061563.0 ], [ 2211248.0, 5061574.0 ] ], [ [ 2203599.0, 5062766.0 ], [ 2203620.0, 5062807.0 ], [ 2203685.0, 5062776.0 ] ], [ [ 2203599.0, 5062766.0 ], [ 2203593.0, 5062761.0 ], [ 2203585.0, 5062741.0 ], [ 2203582.0, 5062734.0 ] ], [ [ 2203599.0, 5062766.0 ], [ 2203719.0, 5062707.0 ] ], [ [ 2207155.0, 5062545.0 ], [ 2207192.0, 5062572.0 ], [ 2207197.0, 5062577.0 ], [ 2207201.0, 5062584.0 ], [ 2207202.0, 5062589.0 ], [ 2207203.0, 5062592.0 ], [ 2207203.0, 5062598.0 ], [ 2207191.0, 5062614.0 ], [ 2207189.0, 5062619.0 ], [ 2207189.0, 5062624.0 ], [ 2207191.0, 5062628.0 ], [ 2207203.0, 5062642.0 ], [ 2207204.0, 5062645.0 ], [ 2207204.0, 5062646.0 ], [ 2207203.0, 5062654.0 ] ], [ [ 2207120.0, 5062485.0 ], [ 2207137.0, 5062462.0 ], [ 2207142.0, 5062456.0 ] ], [ [ 2207120.0, 5062485.0 ], [ 2207171.0, 5062523.0 ] ], [ [ 2207155.0, 5062545.0 ], [ 2207126.0, 5062586.0 ], [ 2207114.0, 5062587.0 ], [ 2207100.0, 5062572.0 ], [ 2207098.0, 5062554.0 ], [ 2207086.0, 5062547.0 ], [ 2207084.0, 5062544.0 ], [ 2207090.0, 5062530.0 ], [ 2207097.0, 5062518.0 ], [ 2207120.0, 5062485.0 ] ], [ [ 2207171.0, 5062523.0 ], [ 2207155.0, 5062545.0 ] ], [ [ 2207228.0, 5062565.0 ], [ 2207266.0, 5062592.0 ] ], [ [ 2207287.0, 5062564.0 ], [ 2207283.0, 5062569.0 ], [ 2207282.0, 5062571.0 ], [ 2207266.0, 5062592.0 ] ], [ [ 2207279.0, 5062602.0 ], [ 2207275.0, 5062598.0 ], [ 2207266.0, 5062592.0 ] ], [ [ 2209079.0, 5063730.0 ], [ 2209074.0, 5063748.0 ], [ 2209072.0, 5063754.0 ], [ 2209066.0, 5063763.0 ], [ 2209062.0, 5063771.0 ], [ 2209059.0, 5063779.0 ], [ 2209057.0, 5063789.0 ], [ 2209054.0, 5063802.0 ], [ 2209080.0, 5063806.0 ], [ 2209110.0, 5063812.0 ], [ 2209119.0, 5063813.0 ], [ 2209142.0, 5063817.0 ], [ 2209146.0, 5063818.0 ], [ 2209152.0, 5063819.0 ], [ 2209158.0, 5063824.0 ], [ 2209156.0, 5063829.0 ], [ 2209151.0, 5063855.0 ], [ 2209150.0, 5063863.0 ], [ 2209152.0, 5063870.0 ], [ 2209158.0, 5063882.0 ], [ 2209167.0, 5063896.0 ], [ 2209192.0, 5063936.0 ] ], [ [ 2207905.0, 5060710.0 ], [ 2207909.0, 5060701.0 ], [ 2207911.0, 5060694.0 ], [ 2207912.0, 5060691.0 ], [ 2207911.0, 5060688.0 ], [ 2207908.0, 5060686.0 ], [ 2207892.0, 5060686.0 ], [ 2207886.0, 5060685.0 ], [ 2207881.0, 5060682.0 ], [ 2207869.0, 5060670.0 ], [ 2207866.0, 5060668.0 ], [ 2207858.0, 5060665.0 ], [ 2207828.0, 5060652.0 ] ], [ [ 2210464.0, 5062317.0 ], [ 2210466.0, 5062279.0 ], [ 2210468.0, 5062244.0 ] ], [ [ 2211274.0, 5061453.0 ], [ 2211289.0, 5061464.0 ], [ 2211295.0, 5061475.0 ] ], [ [ 2208876.0, 5062428.0 ], [ 2208860.0, 5062417.0 ], [ 2208858.0, 5062408.0 ], [ 2208820.0, 5062379.0 ], [ 2208785.0, 5062353.0 ] ], [ [ 2208822.0, 5062331.0 ], [ 2208807.0, 5062331.0 ], [ 2208800.0, 5062335.0 ], [ 2208785.0, 5062353.0 ] ], [ [ 2208762.0, 5062383.0 ], [ 2208766.0, 5062378.0 ], [ 2208785.0, 5062353.0 ] ], [ [ 2208840.0, 5062309.0 ], [ 2208827.0, 5062327.0 ], [ 2208822.0, 5062331.0 ] ], [ [ 2208903.0, 5062393.0 ], [ 2208882.0, 5062378.0 ], [ 2208843.0, 5062349.0 ], [ 2208832.0, 5062340.0 ], [ 2208826.0, 5062336.0 ], [ 2208822.0, 5062331.0 ] ], [ [ 2208798.0, 5063063.0 ], [ 2208787.0, 5063085.0 ], [ 2208778.0, 5063100.0 ] ], [ [ 2205494.0, 5060774.0 ], [ 2205492.0, 5060785.0 ], [ 2205491.0, 5060795.0 ], [ 2205492.0, 5060808.0 ], [ 2205498.0, 5060838.0 ], [ 2205503.0, 5060873.0 ], [ 2205504.0, 5060881.0 ] ], [ [ 2208482.0, 5063944.0 ], [ 2208487.0, 5063908.0 ] ], [ [ 2208903.0, 5062393.0 ], [ 2208920.0, 5062370.0 ] ], [ [ 2208876.0, 5062428.0 ], [ 2208891.0, 5062409.0 ], [ 2208903.0, 5062393.0 ] ], [ [ 2211200.0, 5061428.0 ], [ 2211207.0, 5061466.0 ] ], [ [ 2211200.0, 5061428.0 ], [ 2211222.0, 5061424.0 ] ], [ [ 2211200.0, 5061428.0 ], [ 2211175.0, 5061433.0 ] ], [ [ 2211207.0, 5061466.0 ], [ 2211228.0, 5061462.0 ] ], [ [ 2211175.0, 5061433.0 ], [ 2211181.0, 5061470.0 ], [ 2211207.0, 5061466.0 ] ], [ [ 2211245.0, 5061420.0 ], [ 2211250.0, 5061458.0 ] ], [ [ 2211245.0, 5061420.0 ], [ 2211268.0, 5061416.0 ] ], [ [ 2211245.0, 5061420.0 ], [ 2211222.0, 5061424.0 ] ], [ [ 2211250.0, 5061458.0 ], [ 2211228.0, 5061462.0 ] ], [ [ 2211250.0, 5061458.0 ], [ 2211274.0, 5061453.0 ] ], [ [ 2211228.0, 5061462.0 ], [ 2211222.0, 5061424.0 ] ], [ [ 2211266.0, 5061404.0 ], [ 2211268.0, 5061416.0 ] ], [ [ 2211268.0, 5061416.0 ], [ 2211274.0, 5061453.0 ] ], [ [ 2211175.0, 5061433.0 ], [ 2211173.0, 5061420.0 ] ], [ [ 2207145.0, 5062173.0 ], [ 2207126.0, 5062193.0 ], [ 2207117.0, 5062205.0 ], [ 2207094.0, 5062233.0 ], [ 2207081.0, 5062250.0 ] ], [ [ 2206154.0, 5059497.0 ], [ 2206170.0, 5059500.0 ], [ 2206179.0, 5059454.0 ], [ 2206164.0, 5059451.0 ], [ 2206157.0, 5059484.0 ], [ 2206154.0, 5059497.0 ] ], [ [ 2211454.0, 5061590.0 ], [ 2211455.0, 5061564.0 ], [ 2211450.0, 5061556.0 ], [ 2211439.0, 5061552.0 ], [ 2211427.0, 5061543.0 ] ] ] } },
{ "type": "Feature", "properties": { "betweenness_centrality": "0.12514851485148515", "source": "6274653702.0", "target": "2618516943.0", "ordering_betweenness_centrality": "0", "length": 504, "length_cumulative": 155169 }, "geometry": { "type": "MultiLineString", "coordinates": [ [ [ 2206716.0, 5061489.0 ], [ 2206726.0, 5061453.0 ], [ 2206722.0, 5061452.0 ], [ 2206707.0, 5061445.0 ], [ 2206684.0, 5061434.0 ], [ 2206675.0, 5061444.0 ], [ 2206670.0, 5061452.0 ], [ 2206665.0, 5061459.0 ], [ 2206658.0, 5061472.0 ], [ 2206652.0, 5061477.0 ], [ 2206623.0, 5061494.0 ], [ 2206619.0, 5061496.0 ], [ 2206593.0, 5061452.0 ], [ 2206580.0, 5061430.0 ], [ 2206565.0, 5061410.0 ], [ 2206556.0, 5061397.0 ] ], [ [ 2206556.0, 5061397.0 ], [ 2206536.0, 5061369.0 ] ], [ [ 2206536.0, 5061369.0 ], [ 2206509.0, 5061336.0 ], [ 2206480.0, 5061299.0 ], [ 2206468.0, 5061284.0 ], [ 2206440.0, 5061248.0 ], [ 2206439.0, 5061247.0 ] ], [ [ 2206439.0, 5061247.0 ], [ 2206427.0, 5061231.0 ] ] ] } },
{ "type": "Feature", "properties": { "betweenness_centrality": "0.1099009900990099", "source": "6274653702.0", "target": "6872030805.0", "ordering_betweenness_centrality": "1", "length": 655, "length_cumulative": 155825 }, "geometry": { "type": "MultiLineString", "coordinates": [ [ [ 2205504.0, 5060881.0 ], [ 2205562.0, 5060877.0 ], [ 2205574.0, 5060876.0 ], [ 2205575.0, 5060884.0 ] ], [ [ 2205575.0, 5060884.0 ], [ 2205575.0, 5060893.0 ], [ 2205589.0, 5060892.0 ], [ 2205591.0, 5060896.0 ], [ 2205595.0, 5060905.0 ], [ 2205596.0, 5060907.0 ], [ 2205604.0, 5060926.0 ], [ 2205611.0, 5060930.0 ], [ 2205619.0, 5060934.0 ], [ 2205641.0, 5060935.0 ], [ 2205700.0, 5060939.0 ], [ 2205718.0, 5060940.0 ] ], [ [ 2205861.0, 5060973.0 ], [ 2205872.0, 5060993.0 ], [ 2205881.0, 5060990.0 ] ], [ [ 2205889.0, 5060984.0 ], [ 2205891.0, 5060985.0 ], [ 2205893.0, 5060995.0 ], [ 2205896.0, 5061003.0 ], [ 2205898.0, 5061008.0 ], [ 2205897.0, 5061008.0 ], [ 2205895.0, 5061010.0 ], [ 2205894.0, 5061011.0 ], [ 2205897.0, 5061013.0 ], [ 2205902.0, 5061018.0 ], [ 2205906.0, 5061024.0 ], [ 2205911.0, 5061032.0 ], [ 2205921.0, 5061052.0 ], [ 2205928.0, 5061068.0 ], [ 2205938.0, 5061096.0 ], [ 2205944.0, 5061109.0 ], [ 2205951.0, 5061122.0 ], [ 2205959.0, 5061132.0 ], [ 2205967.0, 5061141.0 ], [ 2205976.0, 5061148.0 ], [ 2205985.0, 5061155.0 ], [ 2205992.0, 5061159.0 ], [ 2206002.0, 5061162.0 ], [ 2206009.0, 5061165.0 ] ], [ [ 2206009.0, 5061165.0 ], [ 2206090.0, 5061181.0 ], [ 2206103.0, 5061184.0 ], [ 2206124.0, 5061188.0 ], [ 2206133.0, 5061190.0 ], [ 2206130.0, 5061202.0 ] ] ] } },
{ "type": "Feature", "properties": { "betweenness_centrality": "0.10257425742574258", "source": "1851805070.0", "target": "2607893938.0", "ordering_betweenness_centrality": "2", "length": 52, "length_cumulative": 155877 }, "geometry": { "type": "LineString", "coordinates": [ [ 2205161.0, 5060433.0 ], [ 2205177.0, 5060433.0 ], [ 2205188.0, 5060432.0 ], [ 2205213.0, 5060431.0 ] ] } },
{ "type": "Feature", "properties": { "betweenness_centrality": "0.09603960396039604", "source": "3227142894.0", "target": "6316010675.0", "ordering_betweenness_centrality": "3", "length": 550, "length_cumulative": 156427 }, "geometry": { "type": "MultiLineString", "coordinates": [ [ [ 2207287.0, 5062564.0 ], [ 2207260.0, 5062544.0 ], [ 2207192.0, 5062494.0 ] ], [ [ 2207192.0, 5062494.0 ], [ 2207142.0, 5062456.0 ] ], [ [ 2207142.0, 5062456.0 ], [ 2207137.0, 5062452.0 ] ], [ [ 2207137.0, 5062452.0 ], [ 2207090.0, 5062416.0 ], [ 2207081.0, 5062409.0 ], [ 2207038.0, 5062376.0 ], [ 2207022.0, 5062364.0 ], [ 2207012.0, 5062356.0 ], [ 2207005.0, 5062346.0 ], [ 2206999.0, 5062338.0 ], [ 2206996.0, 5062331.0 ], [ 2206971.0, 5062292.0 ], [ 2206969.0, 5062288.0 ], [ 2206967.0, 5062285.0 ], [ 2206963.0, 5062278.0 ], [ 2206920.0, 5062205.0 ], [ 2206908.0, 5062179.0 ] ] ] } },
{ "type": "Feature", "properties": { "betweenness_centrality": "0.0904950495049505", "source": "6316010675.0", "target": "4587022384.0", "ordering_betweenness_centrality": "4", "length": 783, "length_cumulative": 157211 }, "geometry": { "type": "LineString", "coordinates": [ [ 2207928.0, 5063011.0 ], [ 2207881.0, 5062979.0 ], [ 2207874.0, 5062974.0 ], [ 2207857.0, 5062963.0 ], [ 2207848.0, 5062957.0 ], [ 2207826.0, 5062941.0 ], [ 2207822.0, 5062939.0 ], [ 2207817.0, 5062936.0 ], [ 2207797.0, 5062923.0 ], [ 2207791.0, 5062918.0 ], [ 2207772.0, 5062905.0 ], [ 2207744.0, 5062886.0 ], [ 2207724.0, 5062872.0 ], [ 2207671.0, 5062836.0 ], [ 2207637.0, 5062812.0 ], [ 2207603.0, 5062790.0 ], [ 2207571.0, 5062770.0 ], [ 2207555.0, 5062759.0 ], [ 2207534.0, 5062746.0 ], [ 2207526.0, 5062741.0 ], [ 2207521.0, 5062737.0 ], [ 2207512.0, 5062731.0 ], [ 2207493.0, 5062719.0 ], [ 2207406.0, 5062662.0 ], [ 2207389.0, 5062654.0 ], [ 2207383.0, 5062653.0 ], [ 2207378.0, 5062652.0 ], [ 2207377.0, 5062649.0 ], [ 2207369.0, 5062643.0 ], [ 2207357.0, 5062636.0 ], [ 2207355.0, 5062638.0 ], [ 2207348.0, 5062645.0 ], [ 2207344.0, 5062649.0 ], [ 2207339.0, 5062646.0 ], [ 2207335.0, 5062642.0 ], [ 2207329.0, 5062638.0 ], [ 2207279.0, 5062602.0 ] ] } },
{ "type": "Feature", "properties": { "betweenness_centrality": "0.08871287128712872", "source": "2618516943.0", "target": "3227142894.0", "ordering_betweenness_centrality": "5", "length": 744, "length_cumulative": 157955 }, "geometry": { "type": "MultiLineString", "coordinates": [ [ [ 2206908.0, 5062179.0 ], [ 2206893.0, 5062149.0 ], [ 2206884.0, 5062129.0 ], [ 2206864.0, 5062080.0 ], [ 2206815.0, 5061956.0 ], [ 2206810.0, 5061944.0 ], [ 2206772.0, 5061855.0 ], [ 2206756.0, 5061816.0 ], [ 2206750.0, 5061800.0 ], [ 2206740.0, 5061776.0 ], [ 2206733.0, 5061761.0 ], [ 2206709.0, 5061701.0 ], [ 2206688.0, 5061652.0 ], [ 2206680.0, 5061632.0 ], [ 2206672.0, 5061613.0 ] ], [ [ 2206672.0, 5061613.0 ], [ 2206676.0, 5061599.0 ], [ 2206679.0, 5061590.0 ], [ 2206696.0, 5061549.0 ], [ 2206698.0, 5061543.0 ], [ 2206704.0, 5061527.0 ] ], [ [ 2206704.0, 5061527.0 ], [ 2206716.0, 5061489.0 ] ] ] } },
{ "type": "Feature", "properties": { "betweenness_centrality": "0.08356435643564357", "source": "6236284772.0", "target": "4607810900.0", "ordering_betweenness_centrality": "6", "length": 1673, "length_cumulative": 159629 }, "geometry": { "type": "MultiLineString", "coordinates": [ [ [ 2201309.0, 5059683.0 ], [ 2201302.0, 5059699.0 ], [ 2201511.0, 5059787.0 ], [ 2201522.0, 5059761.0 ], [ 2201532.0, 5059765.0 ], [ 2201642.0, 5059810.0 ], [ 2201691.0, 5059830.0 ], [ 2201706.0, 5059836.0 ], [ 2201713.0, 5059819.0 ], [ 2201720.0, 5059801.0 ], [ 2201833.0, 5059852.0 ], [ 2201878.0, 5059874.0 ], [ 2201901.0, 5059821.0 ], [ 2201939.0, 5059753.0 ], [ 2201949.0, 5059719.0 ], [ 2201959.0, 5059690.0 ], [ 2201968.0, 5059672.0 ], [ 2201987.0, 5059645.0 ], [ 2201992.0, 5059641.0 ], [ 2201998.0, 5059640.0 ], [ 2202033.0, 5059655.0 ], [ 2202061.0, 5059591.0 ], [ 2202067.0, 5059578.0 ], [ 2202085.0, 5059536.0 ] ], [ [ 2202244.0, 5059602.0 ], [ 2202258.0, 5059596.0 ], [ 2202317.0, 5059621.0 ] ], [ [ 2202317.0, 5059621.0 ], [ 2202340.0, 5059632.0 ], [ 2202350.0, 5059628.0 ], [ 2202368.0, 5059637.0 ], [ 2202392.0, 5059647.0 ], [ 2202431.0, 5059664.0 ], [ 2202518.0, 5059702.0 ], [ 2202580.0, 5059730.0 ], [ 2202627.0, 5059752.0 ], [ 2202633.0, 5059754.0 ], [ 2202645.0, 5059760.0 ], [ 2202709.0, 5059789.0 ], [ 2202720.0, 5059795.0 ], [ 2202748.0, 5059807.0 ], [ 2202750.0, 5059803.0 ] ] ] } },
{ "type": "Feature", "properties": { "betweenness_centrality": "0.07564356435643566", "source": "2618516943.0", "target": "1859403463.0", "ordering_betweenness_centrality": "7", "length": 434, "length_cumulative": 160063 }, "geometry": { "type": "MultiLineString", "coordinates": [ [ [ 2207217.0, 5061714.0 ], [ 2207214.0, 5061713.0 ], [ 2207200.0, 5061706.0 ], [ 2207186.0, 5061699.0 ], [ 2207196.0, 5061676.0 ], [ 2207199.0, 5061669.0 ], [ 2207168.0, 5061651.0 ], [ 2207047.0, 5061579.0 ], [ 2207059.0, 5061555.0 ], [ 2207019.0, 5061536.0 ], [ 2207017.0, 5061535.0 ], [ 2207020.0, 5061526.0 ], [ 2207018.0, 5061516.0 ], [ 2206968.0, 5061492.0 ] ], [ [ 2206892.0, 5061521.0 ], [ 2206883.0, 5061518.0 ], [ 2206874.0, 5061541.0 ], [ 2206869.0, 5061546.0 ] ] ] } },
{ "type": "Feature", "properties": { "betweenness_centrality": "0.0710891089108911", "source": "6274653702.0", "target": "3325958623.0", "ordering_betweenness_centrality": "8", "length": 666, "length_cumulative": 160729 }, "geometry": { "type": "MultiLineString", "coordinates": [ [ [ 2205337.0, 5061442.0 ], [ 2205357.0, 5061427.0 ], [ 2205368.0, 5061420.0 ], [ 2205394.0, 5061401.0 ], [ 2205426.0, 5061376.0 ], [ 2205439.0, 5061367.0 ], [ 2205455.0, 5061355.0 ], [ 2205526.0, 5061304.0 ], [ 2205535.0, 5061297.0 ], [ 2205544.0, 5061291.0 ], [ 2205583.0, 5061263.0 ], [ 2205595.0, 5061254.0 ], [ 2205614.0, 5061240.0 ], [ 2205635.0, 5061223.0 ], [ 2205643.0, 5061217.0 ], [ 2205649.0, 5061211.0 ] ], [ [ 2205649.0, 5061211.0 ], [ 2205712.0, 5061153.0 ] ], [ [ 2205712.0, 5061153.0 ], [ 2205722.0, 5061143.0 ], [ 2205756.0, 5061107.0 ] ], [ [ 2206006.0, 5061180.0 ], [ 2206087.0, 5061196.0 ], [ 2206093.0, 5061197.0 ], [ 2206100.0, 5061199.0 ], [ 2206111.0, 5061201.0 ] ], [ [ 2206111.0, 5061201.0 ], [ 2206121.0, 5061203.0 ], [ 2206130.0, 5061205.0 ], [ 2206130.0, 5061202.0 ] ] ] } },
{ "type": "Feature", "properties": { "betweenness_centrality": "0.0710891089108911", "source": "1876396733.0", "target": "4623439293.0", "ordering_betweenness_centrality": "9", "length": 770, "length_cumulative": 161500 }, "geometry": { "type": "MultiLineString", "coordinates": [ [ [ 2207730.0, 5060987.0 ], [ 2207712.0, 5061019.0 ], [ 2207707.0, 5061028.0 ], [ 2207685.0, 5061016.0 ], [ 2207682.0, 5061020.0 ], [ 2207679.0, 5061026.0 ], [ 2207659.0, 5061060.0 ], [ 2207658.0, 5061062.0 ] ], [ [ 2207658.0, 5061062.0 ], [ 2207654.0, 5061069.0 ] ], [ [ 2207654.0, 5061069.0 ], [ 2207648.0, 5061076.0 ], [ 2207636.0, 5061091.0 ], [ 2207627.0, 5061105.0 ], [ 2207618.0, 5061118.0 ], [ 2207581.0, 5061152.0 ], [ 2207573.0, 5061160.0 ], [ 2207560.0, 5061172.0 ], [ 2207553.0, 5061180.0 ], [ 2207530.0, 5061202.0 ], [ 2207495.0, 5061183.0 ] ], [ [ 2207495.0, 5061183.0 ], [ 2207420.0, 5061143.0 ], [ 2207410.0, 5061137.0 ], [ 2207373.0, 5061117.0 ], [ 2207354.0, 5061107.0 ], [ 2207311.0, 5061083.0 ], [ 2207296.0, 5061075.0 ], [ 2207279.0, 5061112.0 ], [ 2207233.0, 5061094.0 ], [ 2207223.0, 5061091.0 ], [ 2207217.0, 5061090.0 ], [ 2207201.0, 5061095.0 ], [ 2207193.0, 5061097.0 ], [ 2207192.0, 5061086.0 ], [ 2207192.0, 5061083.0 ], [ 2207190.0, 5061075.0 ], [ 2207188.0, 5061072.0 ], [ 2207186.0, 5061068.0 ], [ 2207174.0, 5061055.0 ], [ 2207170.0, 5061048.0 ] ] ] } },
{ "type": "Feature", "properties": { "betweenness_centrality": "0.06990099009900991", "source": "1854610620.0", "target": "6946535684.0", "ordering_betweenness_centrality": "10", "length": 601, "length_cumulative": 162101 }, "geometry": { "type": "MultiLineString", "coordinates": [ [ [ 2203832.0, 5060444.0 ], [ 2203841.0, 5060447.0 ], [ 2203858.0, 5060453.0 ], [ 2203865.0, 5060442.0 ], [ 2203868.0, 5060434.0 ], [ 2203870.0, 5060428.0 ], [ 2203880.0, 5060402.0 ], [ 2203925.0, 5060420.0 ] ], [ [ 2203936.0, 5060399.0 ], [ 2203983.0, 5060418.0 ], [ 2204035.0, 5060439.0 ], [ 2204041.0, 5060441.0 ], [ 2204066.0, 5060450.0 ], [ 2204079.0, 5060455.0 ], [ 2204105.0, 5060465.0 ] ], [ [ 2204105.0, 5060465.0 ], [ 2204130.0, 5060474.0 ] ], [ [ 2204130.0, 5060474.0 ], [ 2204135.0, 5060476.0 ], [ 2204161.0, 5060486.0 ] ], [ [ 2204161.0, 5060486.0 ], [ 2204184.0, 5060494.0 ], [ 2204197.0, 5060499.0 ], [ 2204231.0, 5060512.0 ], [ 2204283.0, 5060531.0 ], [ 2204329.0, 5060549.0 ], [ 2204375.0, 5060567.0 ] ] ] } },
{ "type": "Feature", "properties": { "betweenness_centrality": "0.05841584158415842", "source": "6872030805.0", "target": "1854573416.0", "ordering_betweenness_centrality": "11", "length": 837, "length_cumulative": 162938 }, "geometry": { "type": "MultiLineString", "coordinates": [ [ [ 2204815.0, 5060839.0 ], [ 2204850.0, 5060751.0 ] ], [ [ 2204850.0, 5060751.0 ], [ 2204874.0, 5060686.0 ], [ 2204877.0, 5060679.0 ], [ 2204880.0, 5060670.0 ], [ 2204949.0, 5060699.0 ], [ 2204977.0, 5060710.0 ], [ 2204980.0, 5060709.0 ], [ 2204982.0, 5060707.0 ], [ 2204984.0, 5060704.0 ] ], [ [ 2204998.0, 5060710.0 ], [ 2204999.0, 5060708.0 ], [ 2205001.0, 5060706.0 ], [ 2205004.0, 5060705.0 ], [ 2205030.0, 5060716.0 ], [ 2205067.0, 5060731.0 ], [ 2205083.0, 5060737.0 ], [ 2205125.0, 5060755.0 ], [ 2205151.0, 5060765.0 ], [ 2205197.0, 5060785.0 ], [ 2205206.0, 5060788.0 ], [ 2205240.0, 5060802.0 ], [ 2205257.0, 5060809.0 ], [ 2205326.0, 5060837.0 ], [ 2205361.0, 5060852.0 ], [ 2205380.0, 5060860.0 ], [ 2205393.0, 5060865.0 ], [ 2205397.0, 5060866.0 ], [ 2205408.0, 5060870.0 ], [ 2205431.0, 5060875.0 ], [ 2205458.0, 5060880.0 ], [ 2205477.0, 5060881.0 ], [ 2205493.0, 5060881.0 ], [ 2205504.0, 5060881.0 ] ] ] } },
{ "type": "Feature", "properties": { "betweenness_centrality": "0.05821782178217822", "source": "4607810900.0", "target": "6285845243.0", "ordering_betweenness_centrality": "12", "length": 1132, "length_cumulative": 164071 }, "geometry": { "type": "MultiLineString", "coordinates": [ [ [ 2201062.0, 5059070.0 ], [ 2201057.0, 5059079.0 ], [ 2201059.0, 5059080.0 ], [ 2201070.0, 5059089.0 ], [ 2201154.0, 5059135.0 ], [ 2201206.0, 5059159.0 ], [ 2201317.0, 5059207.0 ], [ 2201325.0, 5059210.0 ], [ 2201351.0, 5059221.0 ], [ 2201365.0, 5059227.0 ], [ 2201433.0, 5059255.0 ], [ 2201463.0, 5059268.0 ], [ 2201482.0, 5059276.0 ], [ 2201493.0, 5059281.0 ], [ 2201592.0, 5059323.0 ], [ 2201632.0, 5059339.0 ], [ 2201630.0, 5059346.0 ] ], [ [ 2201630.0, 5059346.0 ], [ 2201627.0, 5059353.0 ], [ 2201591.0, 5059440.0 ], [ 2201478.0, 5059715.0 ], [ 2201532.0, 5059739.0 ], [ 2201522.0, 5059761.0 ] ] ] } },
{ "type": "Feature", "properties": { "betweenness_centrality": "0.056633663366336635", "source": "6946535684.0", "target": "6236284772.0", "ordering_betweenness_centrality": "13", "length": 1316, "length_cumulative": 165388 }, "geometry": { "type": "MultiLineString", "coordinates": [ [ [ 2203832.0, 5060444.0 ], [ 2203799.0, 5060432.0 ] ], [ [ 2203827.0, 5060358.0 ], [ 2203802.0, 5060349.0 ] ], [ [ 2203802.0, 5060349.0 ], [ 2203795.0, 5060346.0 ], [ 2203809.0, 5060310.0 ] ], [ [ 2203766.0, 5060286.0 ], [ 2203782.0, 5060243.0 ], [ 2203785.0, 5060236.0 ], [ 2203771.0, 5060231.0 ], [ 2203677.0, 5060195.0 ], [ 2203667.0, 5060191.0 ], [ 2203601.0, 5060166.0 ], [ 2203604.0, 5060159.0 ], [ 2203517.0, 5060126.0 ], [ 2203503.0, 5060121.0 ], [ 2203446.0, 5060099.0 ], [ 2203388.0, 5060077.0 ], [ 2203341.0, 5060060.0 ], [ 2203310.0, 5060049.0 ], [ 2203270.0, 5060034.0 ], [ 2203267.0, 5060033.0 ], [ 2203240.0, 5060024.0 ], [ 2203235.0, 5060022.0 ], [ 2203183.0, 5060003.0 ], [ 2203174.0, 5060000.0 ], [ 2203168.0, 5059997.0 ], [ 2203156.0, 5059994.0 ], [ 2203081.0, 5059968.0 ], [ 2203078.0, 5059966.0 ], [ 2203067.0, 5059963.0 ], [ 2203031.0, 5059950.0 ], [ 2203020.0, 5059947.0 ], [ 2202996.0, 5059944.0 ], [ 2202980.0, 5059940.0 ], [ 2202967.0, 5059936.0 ], [ 2202964.0, 5059937.0 ], [ 2202954.0, 5059939.0 ], [ 2202945.0, 5059938.0 ], [ 2202936.0, 5059935.0 ], [ 2202928.0, 5059930.0 ], [ 2202922.0, 5059923.0 ], [ 2202920.0, 5059918.0 ], [ 2202918.0, 5059914.0 ], [ 2202909.0, 5059906.0 ], [ 2202901.0, 5059900.0 ], [ 2202892.0, 5059892.0 ], [ 2202884.0, 5059886.0 ], [ 2202875.0, 5059881.0 ], [ 2202869.0, 5059877.0 ], [ 2202861.0, 5059872.0 ], [ 2202850.0, 5059866.0 ], [ 2202833.0, 5059859.0 ], [ 2202824.0, 5059854.0 ], [ 2202827.0, 5059848.0 ], [ 2202829.0, 5059844.0 ], [ 2202830.0, 5059843.0 ], [ 2202791.0, 5059825.0 ], [ 2202775.0, 5059818.0 ], [ 2202767.0, 5059815.0 ], [ 2202755.0, 5059810.0 ], [ 2202748.0, 5059807.0 ] ] ] } },
{ "type": "Feature", "properties": { "betweenness_centrality": "0.05603960396039604", "source": "1859403463.0", "target": "1843039377.0", "ordering_betweenness_centrality": "14", "length": 201, "length_cumulative": 165589 }, "geometry": { "type": "MultiLineString", "coordinates": [ [ [ 2207251.0, 5061836.0 ], [ 2207276.0, 5061851.0 ], [ 2207316.0, 5061873.0 ], [ 2207304.0, 5061897.0 ], [ 2207295.0, 5061917.0 ] ], [ [ 2207295.0, 5061917.0 ], [ 2207289.0, 5061928.0 ], [ 2207287.0, 5061932.0 ], [ 2207257.0, 5061985.0 ] ] ] } },
{ "type": "Feature", "properties": { "betweenness_centrality": "0.05584158415841584", "source": "6315664514.0", "target": "11137304620.0", "ordering_betweenness_centrality": "15", "length": 644, "length_cumulative": 166234 }, "geometry": { "type": "LineString", "coordinates": [ [ 2206897.0, 5060479.0 ], [ 2206895.0, 5060478.0 ], [ 2206898.0, 5060469.0 ], [ 2206882.0, 5060454.0 ], [ 2206859.0, 5060432.0 ], [ 2206851.0, 5060425.0 ], [ 2206823.0, 5060408.0 ], [ 2206807.0, 5060400.0 ], [ 2206755.0, 5060375.0 ], [ 2206691.0, 5060348.0 ], [ 2206653.0, 5060335.0 ], [ 2206614.0, 5060325.0 ], [ 2206586.0, 5060320.0 ], [ 2206496.0, 5060300.0 ], [ 2206488.0, 5060299.0 ], [ 2206478.0, 5060297.0 ], [ 2206480.0, 5060287.0 ], [ 2206404.0, 5060271.0 ], [ 2206328.0, 5060255.0 ], [ 2206329.0, 5060249.0 ], [ 2206329.0, 5060248.0 ] ] } },
{ "type": "Feature", "properties": { "betweenness_centrality": "0.05504950495049505", "source": "1847297757.0", "target": "4584301793.0", "ordering_betweenness_centrality": "16", "length": 817, "length_cumulative": 167052 }, "geometry": { "type": "LineString", "coordinates": [ [ 2203125.0, 5062468.0 ], [ 2203136.0, 5062468.0 ], [ 2203151.0, 5062495.0 ], [ 2203164.0, 5062494.0 ], [ 2203180.0, 5062483.0 ], [ 2203186.0, 5062491.0 ], [ 2203192.0, 5062486.0 ], [ 2203195.0, 5062494.0 ], [ 2203229.0, 5062565.0 ], [ 2203256.0, 5062548.0 ], [ 2203300.0, 5062526.0 ], [ 2203338.0, 5062508.0 ], [ 2203386.0, 5062486.0 ], [ 2203409.0, 5062475.0 ], [ 2203424.0, 5062468.0 ], [ 2203427.0, 5062467.0 ], [ 2203432.0, 5062464.0 ], [ 2203439.0, 5062462.0 ], [ 2203459.0, 5062452.0 ], [ 2203477.0, 5062444.0 ], [ 2203490.0, 5062438.0 ], [ 2203503.0, 5062433.0 ], [ 2203518.0, 5062429.0 ], [ 2203537.0, 5062424.0 ], [ 2203553.0, 5062421.0 ], [ 2203572.0, 5062421.0 ], [ 2203586.0, 5062421.0 ], [ 2203601.0, 5062422.0 ], [ 2203628.0, 5062424.0 ], [ 2203634.0, 5062386.0 ], [ 2203636.0, 5062378.0 ], [ 2203638.0, 5062372.0 ], [ 2203642.0, 5062368.0 ], [ 2203653.0, 5062362.0 ], [ 2203660.0, 5062358.0 ], [ 2203668.0, 5062354.0 ], [ 2203678.0, 5062343.0 ], [ 2203685.0, 5062338.0 ], [ 2203696.0, 5062332.0 ], [ 2203701.0, 5062328.0 ], [ 2203703.0, 5062323.0 ], [ 2203707.0, 5062315.0 ], [ 2203711.0, 5062309.0 ], [ 2203721.0, 5062301.0 ], [ 2203727.0, 5062299.0 ], [ 2203735.0, 5062297.0 ], [ 2203744.0, 5062298.0 ], [ 2203763.0, 5062304.0 ] ] } },
{ "type": "Feature", "properties": { "betweenness_centrality": "0.05346534653465347", "source": "1851805070.0", "target": "6872030805.0", "ordering_betweenness_centrality": "17", "length": 769, "length_cumulative": 167821 }, "geometry": { "type": "LineString", "coordinates": [ [ 2205213.0, 5060431.0 ], [ 2205222.0, 5060429.0 ], [ 2205229.0, 5060424.0 ], [ 2205246.0, 5060424.0 ], [ 2205257.0, 5060425.0 ], [ 2205257.0, 5060431.0 ], [ 2205252.0, 5060458.0 ], [ 2205249.0, 5060472.0 ], [ 2205246.0, 5060484.0 ], [ 2205239.0, 5060506.0 ], [ 2205237.0, 5060511.0 ], [ 2205233.0, 5060523.0 ], [ 2205224.0, 5060553.0 ], [ 2205222.0, 5060557.0 ], [ 2205219.0, 5060569.0 ], [ 2205216.0, 5060576.0 ], [ 2205203.0, 5060614.0 ], [ 2205197.0, 5060628.0 ], [ 2205190.0, 5060649.0 ], [ 2205178.0, 5060681.0 ], [ 2205169.0, 5060706.0 ], [ 2205155.0, 5060752.0 ], [ 2205153.0, 5060759.0 ], [ 2205166.0, 5060765.0 ], [ 2205209.0, 5060782.0 ], [ 2205259.0, 5060803.0 ], [ 2205362.0, 5060846.0 ], [ 2205390.0, 5060856.0 ], [ 2205399.0, 5060860.0 ], [ 2205413.0, 5060865.0 ], [ 2205432.0, 5060869.0 ], [ 2205443.0, 5060871.0 ], [ 2205476.0, 5060875.0 ], [ 2205492.0, 5060874.0 ], [ 2205503.0, 5060873.0 ] ] } },
{ "type": "Feature", "properties": { "betweenness_centrality": "0.05346534653465347", "source": "4623439293.0", "target": "571094212.0", "ordering_betweenness_centrality": "18", "length": 721, "length_cumulative": 168543 }, "geometry": { "type": "MultiLineString", "coordinates": [ [ [ 2207730.0, 5060987.0 ], [ 2207750.0, 5060952.0 ], [ 2207766.0, 5060924.0 ], [ 2207784.0, 5060895.0 ], [ 2207788.0, 5060888.0 ], [ 2207791.0, 5060883.0 ], [ 2207793.0, 5060879.0 ], [ 2207805.0, 5060888.0 ], [ 2207823.0, 5060875.0 ], [ 2207841.0, 5060863.0 ], [ 2207845.0, 5060858.0 ], [ 2207848.0, 5060850.0 ], [ 2207853.0, 5060771.0 ], [ 2207853.0, 5060763.0 ], [ 2207854.0, 5060756.0 ], [ 2207859.0, 5060755.0 ], [ 2207867.0, 5060754.0 ], [ 2207870.0, 5060754.0 ], [ 2207884.0, 5060754.0 ], [ 2207891.0, 5060755.0 ], [ 2207941.0, 5060762.0 ], [ 2207952.0, 5060763.0 ], [ 2207955.0, 5060764.0 ], [ 2207960.0, 5060764.0 ], [ 2207974.0, 5060765.0 ] ], [ [ 2207974.0, 5060765.0 ], [ 2207985.0, 5060764.0 ] ], [ [ 2207985.0, 5060764.0 ], [ 2207999.0, 5060763.0 ], [ 2208007.0, 5060763.0 ], [ 2208013.0, 5060763.0 ], [ 2208019.0, 5060763.0 ], [ 2208024.0, 5060764.0 ], [ 2208033.0, 5060766.0 ], [ 2208044.0, 5060769.0 ], [ 2208050.0, 5060772.0 ], [ 2208079.0, 5060790.0 ], [ 2208093.0, 5060799.0 ], [ 2208112.0, 5060812.0 ], [ 2208148.0, 5060795.0 ], [ 2208161.0, 5060788.0 ], [ 2208184.0, 5060777.0 ], [ 2208202.0, 5060770.0 ], [ 2208220.0, 5060761.0 ], [ 2208243.0, 5060752.0 ], [ 2208255.0, 5060756.0 ] ] ] } },
{ "type": "Feature", "properties": { "betweenness_centrality": "0.05227722772277228", "source": "4587022384.0", "target": "4663047757.0", "ordering_betweenness_centrality": "19", "length": 704, "length_cumulative": 169247 }, "geometry": { "type": "LineString", "coordinates": [ [ 2208442.0, 5063344.0 ], [ 2208444.0, 5063328.0 ], [ 2208426.0, 5063322.0 ], [ 2208411.0, 5063344.0 ], [ 2208410.0, 5063346.0 ], [ 2208396.0, 5063368.0 ], [ 2208387.0, 5063374.0 ], [ 2208382.0, 5063376.0 ], [ 2208377.0, 5063377.0 ], [ 2208373.0, 5063378.0 ], [ 2208369.0, 5063378.0 ], [ 2208361.0, 5063375.0 ], [ 2208335.0, 5063351.0 ], [ 2208314.0, 5063331.0 ], [ 2208282.0, 5063302.0 ], [ 2208185.0, 5063211.0 ], [ 2208168.0, 5063196.0 ], [ 2208092.0, 5063125.0 ], [ 2208058.0, 5063093.0 ], [ 2208038.0, 5063076.0 ], [ 2208032.0, 5063083.0 ], [ 2208016.0, 5063070.0 ], [ 2207998.0, 5063059.0 ], [ 2207928.0, 5063011.0 ] ] } },
{ "type": "Feature", "properties": { "betweenness_centrality": "0.05168316831683169", "source": "1854573416.0", "target": "1854610620.0", "ordering_betweenness_centrality": "20", "length": 492, "length_cumulative": 169740 }, "geometry": { "type": "MultiLineString", "coordinates": [ [ [ 2204877.0, 5060679.0 ], [ 2204849.0, 5060667.0 ], [ 2204727.0, 5060618.0 ], [ 2204715.0, 5060613.0 ], [ 2204636.0, 5060581.0 ] ], [ [ 2204636.0, 5060581.0 ], [ 2204551.0, 5060546.0 ], [ 2204536.0, 5060540.0 ], [ 2204528.0, 5060542.0 ], [ 2204525.0, 5060535.0 ], [ 2204524.0, 5060530.0 ], [ 2204513.0, 5060527.0 ], [ 2204501.0, 5060522.0 ], [ 2204491.0, 5060519.0 ], [ 2204489.0, 5060519.0 ], [ 2204485.0, 5060521.0 ], [ 2204485.0, 5060529.0 ], [ 2204482.0, 5060545.0 ], [ 2204468.0, 5060540.0 ], [ 2204464.0, 5060538.0 ], [ 2204446.0, 5060531.0 ] ] ] } },
{ "type": "Feature", "properties": { "betweenness_centrality": "0.05128712871287129", "source": "4623439293.0", "target": "4663179987.0", "ordering_betweenness_centrality": "21", "length": 504, "length_cumulative": 170244 }, "geometry": { "type": "MultiLineString", "coordinates": [ [ [ 2207793.0, 5061033.0 ], [ 2207799.0, 5061040.0 ], [ 2207822.0, 5061054.0 ], [ 2207858.0, 5061075.0 ], [ 2207849.0, 5061092.0 ], [ 2207876.0, 5061107.0 ], [ 2207937.0, 5061139.0 ], [ 2207944.0, 5061144.0 ], [ 2207952.0, 5061148.0 ], [ 2207959.0, 5061152.0 ], [ 2207955.0, 5061168.0 ], [ 2207964.0, 5061173.0 ], [ 2207963.0, 5061180.0 ], [ 2207962.0, 5061187.0 ], [ 2207957.0, 5061219.0 ], [ 2207957.0, 5061223.0 ], [ 2207954.0, 5061241.0 ], [ 2207951.0, 5061261.0 ], [ 2207947.0, 5061289.0 ], [ 2207944.0, 5061310.0 ] ], [ [ 2207951.0, 5061311.0 ], [ 2207950.0, 5061328.0 ], [ 2207945.0, 5061378.0 ], [ 2207941.0, 5061399.0 ], [ 2207968.0, 5061403.0 ] ] ] } },
{ "type": "Feature", "properties": { "betweenness_centrality": "0.05128712871287129", "source": "11976476255.0", "target": "6274653702.0", "ordering_betweenness_centrality": "22", "length": 488, "length_cumulative": 170733 }, "geometry": { "type": "MultiLineString", "coordinates": [ [ [ 2206296.0, 5061231.0 ], [ 2206303.0, 5061221.0 ], [ 2206309.0, 5061210.0 ] ], [ [ 2206309.0, 5061210.0 ], [ 2206310.0, 5061208.0 ], [ 2206325.0, 5061181.0 ], [ 2206337.0, 5061162.0 ], [ 2206343.0, 5061150.0 ], [ 2206348.0, 5061141.0 ], [ 2206351.0, 5061128.0 ], [ 2206369.0, 5061054.0 ], [ 2206375.0, 5061055.0 ], [ 2206378.0, 5061050.0 ], [ 2206382.0, 5061038.0 ], [ 2206387.0, 5061013.0 ], [ 2206392.0, 5061009.0 ], [ 2206478.0, 5060976.0 ], [ 2206539.0, 5060952.0 ], [ 2206542.0, 5060945.0 ], [ 2206547.0, 5060928.0 ], [ 2206563.0, 5060932.0 ], [ 2206577.0, 5060936.0 ], [ 2206583.0, 5060919.0 ], [ 2206586.0, 5060918.0 ] ], [ [ 2206586.0, 5060918.0 ], [ 2206590.0, 5060917.0 ] ] ] } },
{ "type": "Feature", "properties": { "betweenness_centrality": "0.05108910891089109", "source": "2607893938.0", "target": "6938359653.0", "ordering_betweenness_centrality": "23", "length": 794, "length_cumulative": 171528 }, "geometry": { "type": "MultiLineString", "coordinates": [ [ [ 2204005.0, 5059997.0 ], [ 2204008.0, 5059998.0 ], [ 2204026.0, 5060005.0 ], [ 2204048.0, 5060013.0 ], [ 2204051.0, 5060014.0 ], [ 2204066.0, 5060020.0 ], [ 2204155.0, 5060053.0 ], [ 2204213.0, 5060075.0 ], [ 2204196.0, 5060121.0 ], [ 2204177.0, 5060172.0 ], [ 2204192.0, 5060177.0 ], [ 2204191.0, 5060180.0 ] ], [ [ 2204226.0, 5060193.0 ], [ 2204211.0, 5060233.0 ], [ 2204201.0, 5060259.0 ], [ 2204195.0, 5060275.0 ], [ 2204209.0, 5060280.0 ], [ 2204211.0, 5060281.0 ], [ 2204216.0, 5060271.0 ], [ 2204218.0, 5060267.0 ], [ 2204222.0, 5060265.0 ], [ 2204241.0, 5060272.0 ], [ 2204265.0, 5060282.0 ], [ 2204330.0, 5060309.0 ], [ 2204353.0, 5060318.0 ], [ 2204360.0, 5060310.0 ], [ 2204365.0, 5060305.0 ], [ 2204388.0, 5060282.0 ], [ 2204408.0, 5060261.0 ], [ 2204426.0, 5060247.0 ] ], [ [ 2204600.0, 5060228.0 ], [ 2204614.0, 5060186.0 ], [ 2204619.0, 5060169.0 ], [ 2204629.0, 5060172.0 ], [ 2204639.0, 5060174.0 ] ] ] } },
{ "type": "Feature", "properties": { "betweenness_centrality": "0.049702970297029705", "source": "1840559248.0", "target": "6236284772.0", "ordering_betweenness_centrality": "24", "length": 729, "length_cumulative": 172257 }, "geometry": { "type": "MultiLineString", "coordinates": [ [ [ 2202830.0, 5059843.0 ], [ 2202845.0, 5059849.0 ], [ 2202862.0, 5059857.0 ], [ 2202880.0, 5059862.0 ], [ 2202892.0, 5059864.0 ], [ 2202912.0, 5059865.0 ], [ 2202926.0, 5059866.0 ], [ 2202940.0, 5059867.0 ], [ 2202943.0, 5059866.0 ], [ 2202953.0, 5059865.0 ], [ 2202962.0, 5059866.0 ], [ 2202971.0, 5059870.0 ], [ 2202979.0, 5059876.0 ], [ 2202985.0, 5059884.0 ], [ 2202987.0, 5059888.0 ], [ 2202997.0, 5059896.0 ], [ 2203006.0, 5059905.0 ], [ 2203014.0, 5059912.0 ], [ 2203028.0, 5059924.0 ], [ 2203041.0, 5059931.0 ], [ 2203058.0, 5059938.0 ], [ 2203085.0, 5059948.0 ], [ 2203108.0, 5059957.0 ], [ 2203157.0, 5059976.0 ], [ 2203179.0, 5059984.0 ], [ 2203193.0, 5059970.0 ], [ 2203209.0, 5059954.0 ] ], [ [ 2203209.0, 5059954.0 ], [ 2203236.0, 5059927.0 ], [ 2203254.0, 5059908.0 ], [ 2203269.0, 5059892.0 ], [ 2203293.0, 5059868.0 ], [ 2203315.0, 5059849.0 ], [ 2203344.0, 5059829.0 ], [ 2203358.0, 5059821.0 ], [ 2203364.0, 5059818.0 ], [ 2203369.0, 5059816.0 ], [ 2203412.0, 5059796.0 ], [ 2203439.0, 5059784.0 ], [ 2203447.0, 5059780.0 ] ] ] } },
{ "type": "Feature", "properties": { "betweenness_centrality": "0.04950495049504951", "source": "3325958623.0", "target": "4655550702.0", "ordering_betweenness_centrality": "25", "length": 426, "length_cumulative": 172684 }, "geometry": { "type": "MultiLineString", "coordinates": [ [ [ 2205337.0, 5061442.0 ], [ 2205333.0, 5061444.0 ], [ 2205300.0, 5061468.0 ], [ 2205239.0, 5061513.0 ], [ 2205228.0, 5061520.0 ], [ 2205203.0, 5061532.0 ], [ 2205100.0, 5061572.0 ], [ 2205090.0, 5061576.0 ], [ 2205086.0, 5061607.0 ], [ 2205092.0, 5061614.0 ], [ 2205087.0, 5061641.0 ] ], [ [ 2205087.0, 5061641.0 ], [ 2205081.0, 5061666.0 ], [ 2205080.0, 5061671.0 ], [ 2205074.0, 5061693.0 ], [ 2205073.0, 5061698.0 ] ], [ [ 2205033.0, 5061719.0 ], [ 2205017.0, 5061715.0 ] ] ] } },
{ "type": "Feature", "properties": { "betweenness_centrality": "0.048712871287128715", "source": "6938359653.0", "target": "1840559248.0", "ordering_betweenness_centrality": "26", "length": 634, "length_cumulative": 173318 }, "geometry": { "type": "MultiLineString", "coordinates": [ [ [ 2203988.0, 5060041.0 ], [ 2203980.0, 5060039.0 ], [ 2203973.0, 5060040.0 ], [ 2203921.0, 5060021.0 ], [ 2203920.0, 5060024.0 ], [ 2203871.0, 5060006.0 ], [ 2203827.0, 5059989.0 ], [ 2203733.0, 5059953.0 ], [ 2203729.0, 5059952.0 ], [ 2203699.0, 5059941.0 ], [ 2203671.0, 5059930.0 ], [ 2203633.0, 5059916.0 ], [ 2203570.0, 5059892.0 ], [ 2203542.0, 5059882.0 ], [ 2203524.0, 5059874.0 ] ], [ [ 2203524.0, 5059874.0 ], [ 2203517.0, 5059871.0 ], [ 2203513.0, 5059868.0 ], [ 2203504.0, 5059862.0 ], [ 2203495.0, 5059855.0 ], [ 2203490.0, 5059851.0 ], [ 2203476.0, 5059836.0 ], [ 2203466.0, 5059841.0 ], [ 2203463.0, 5059834.0 ], [ 2203462.0, 5059833.0 ], [ 2203462.0, 5059832.0 ], [ 2203461.0, 5059829.0 ], [ 2203443.0, 5059792.0 ], [ 2203442.0, 5059791.0 ], [ 2203442.0, 5059790.0 ], [ 2203441.0, 5059789.0 ], [ 2203439.0, 5059784.0 ] ] ] } },
{ "type": "Feature", "properties": { "betweenness_centrality": "0.048514851485148516", "source": "4545060037.0", "target": "1843562326.0", "ordering_betweenness_centrality": "27", "length": 459, "length_cumulative": 173778 }, "geometry": { "type": "LineString", "coordinates": [ [ 2207136.0, 5059871.0 ], [ 2207136.0, 5059861.0 ], [ 2207092.0, 5059843.0 ], [ 2207081.0, 5059839.0 ], [ 2207041.0, 5059822.0 ], [ 2207020.0, 5059812.0 ], [ 2207011.0, 5059810.0 ], [ 2207005.0, 5059808.0 ], [ 2206998.0, 5059806.0 ], [ 2206974.0, 5059799.0 ], [ 2206963.0, 5059796.0 ], [ 2206962.0, 5059796.0 ], [ 2206954.0, 5059794.0 ], [ 2206946.0, 5059792.0 ], [ 2206882.0, 5059774.0 ], [ 2206876.0, 5059773.0 ], [ 2206836.0, 5059762.0 ], [ 2206812.0, 5059756.0 ], [ 2206798.0, 5059753.0 ], [ 2206779.0, 5059748.0 ], [ 2206765.0, 5059745.0 ], [ 2206750.0, 5059742.0 ], [ 2206724.0, 5059736.0 ], [ 2206717.0, 5059735.0 ], [ 2206706.0, 5059733.0 ] ] } },
{ "type": "Feature", "properties": { "betweenness_centrality": "0.047722772277227724", "source": "4653389036.0", "target": "1851805070.0", "ordering_betweenness_centrality": "28", "length": 384, "length_cumulative": 174162 }, "geometry": { "type": "MultiLineString", "coordinates": [ [ [ 2205698.0, 5060454.0 ], [ 2205687.0, 5060451.0 ], [ 2205693.0, 5060421.0 ] ], [ [ 2205514.0, 5060383.0 ], [ 2205511.0, 5060388.0 ], [ 2205473.0, 5060381.0 ], [ 2205424.0, 5060371.0 ], [ 2205421.0, 5060385.0 ], [ 2205418.0, 5060395.0 ], [ 2205410.0, 5060396.0 ], [ 2205404.0, 5060402.0 ], [ 2205401.0, 5060409.0 ], [ 2205395.0, 5060429.0 ], [ 2205375.0, 5060440.0 ], [ 2205369.0, 5060423.0 ], [ 2205365.0, 5060416.0 ], [ 2205361.0, 5060411.0 ], [ 2205354.0, 5060408.0 ], [ 2205347.0, 5060405.0 ], [ 2205325.0, 5060400.0 ], [ 2205301.0, 5060396.0 ], [ 2205291.0, 5060395.0 ], [ 2205282.0, 5060394.0 ], [ 2205276.0, 5060396.0 ], [ 2205272.0, 5060398.0 ], [ 2205269.0, 5060401.0 ], [ 2205265.0, 5060406.0 ], [ 2205257.0, 5060425.0 ] ] ] } },
{ "type": "Feature", "properties": { "betweenness_centrality": "0.04732673267326733", "source": "571094212.0", "target": "571094423.0", "ordering_betweenness_centrality": "29", "length": 637, "length_cumulative": 174800 }, "geometry": { "type": "MultiLineString", "coordinates": [ [ [ 2208255.0, 5060756.0 ], [ 2208235.0, 5060807.0 ], [ 2208230.0, 5060820.0 ], [ 2208219.0, 5060834.0 ], [ 2208213.0, 5060841.0 ], [ 2208191.0, 5060863.0 ], [ 2208186.0, 5060869.0 ], [ 2208199.0, 5060882.0 ], [ 2208211.0, 5060896.0 ] ], [ [ 2208211.0, 5060896.0 ], [ 2208231.0, 5060921.0 ], [ 2208260.0, 5060956.0 ], [ 2208284.0, 5060984.0 ] ], [ [ 2208284.0, 5060984.0 ], [ 2208300.0, 5061007.0 ], [ 2208318.0, 5061033.0 ], [ 2208320.0, 5061038.0 ], [ 2208324.0, 5061049.0 ], [ 2208330.0, 5061075.0 ], [ 2208334.0, 5061098.0 ], [ 2208341.0, 5061131.0 ], [ 2208348.0, 5061151.0 ], [ 2208352.0, 5061159.0 ], [ 2208358.0, 5061167.0 ], [ 2208370.0, 5061177.0 ], [ 2208376.0, 5061181.0 ], [ 2208384.0, 5061185.0 ], [ 2208393.0, 5061188.0 ], [ 2208421.0, 5061195.0 ], [ 2208431.0, 5061198.0 ], [ 2208500.0, 5061214.0 ] ] ] } },
{ "type": "Feature", "properties": { "betweenness_centrality": "0.04673267326732673", "source": "11976476255.0", "target": "1876396733.0", "ordering_betweenness_centrality": "30", "length": 657, "length_cumulative": 175458 }, "geometry": { "type": "MultiLineString", "coordinates": [ [ [ 2206611.0, 5060945.0 ], [ 2206660.0, 5060958.0 ] ], [ [ 2206660.0, 5060958.0 ], [ 2206687.0, 5060966.0 ], [ 2206782.0, 5060991.0 ], [ 2206832.0, 5061005.0 ], [ 2206856.0, 5061017.0 ] ], [ [ 2206856.0, 5061017.0 ], [ 2206865.0, 5061026.0 ], [ 2206867.0, 5061027.0 ], [ 2206871.0, 5061031.0 ], [ 2206873.0, 5061035.0 ], [ 2206876.0, 5061041.0 ], [ 2206876.0, 5061044.0 ], [ 2206877.0, 5061049.0 ], [ 2206878.0, 5061053.0 ], [ 2206880.0, 5061057.0 ], [ 2206883.0, 5061061.0 ], [ 2206887.0, 5061064.0 ], [ 2206890.0, 5061066.0 ], [ 2206894.0, 5061068.0 ], [ 2206898.0, 5061069.0 ], [ 2206903.0, 5061069.0 ], [ 2206907.0, 5061068.0 ], [ 2206918.0, 5061068.0 ], [ 2206925.0, 5061069.0 ], [ 2206942.0, 5061075.0 ], [ 2206949.0, 5061071.0 ], [ 2206952.0, 5061065.0 ], [ 2206958.0, 5061051.0 ], [ 2206962.0, 5061038.0 ], [ 2206963.0, 5061029.0 ], [ 2206967.0, 5061026.0 ], [ 2206995.0, 5061025.0 ], [ 2207030.0, 5061022.0 ], [ 2207073.0, 5061017.0 ], [ 2207078.0, 5061016.0 ], [ 2207105.0, 5061014.0 ], [ 2207113.0, 5061013.0 ], [ 2207152.0, 5061009.0 ], [ 2207170.0, 5061048.0 ] ] ] } },
{ "type": "Feature", "properties": { "betweenness_centrality": "0.046138613861386145", "source": "4545060037.0", "target": "6288499155.0", "ordering_betweenness_centrality": "31", "length": 512, "length_cumulative": 175970 }, "geometry": { "type": "MultiLineString", "coordinates": [ [ [ 2206211.0, 5059557.0 ], [ 2206212.0, 5059552.0 ], [ 2206214.0, 5059553.0 ], [ 2206295.0, 5059567.0 ], [ 2206332.0, 5059573.0 ], [ 2206427.0, 5059590.0 ] ], [ [ 2206427.0, 5059590.0 ], [ 2206437.0, 5059592.0 ], [ 2206450.0, 5059595.0 ], [ 2206460.0, 5059597.0 ] ], [ [ 2206460.0, 5059597.0 ], [ 2206470.0, 5059599.0 ], [ 2206482.0, 5059601.0 ], [ 2206512.0, 5059608.0 ], [ 2206618.0, 5059630.0 ], [ 2206628.0, 5059631.0 ], [ 2206638.0, 5059632.0 ], [ 2206657.0, 5059630.0 ], [ 2206688.0, 5059626.0 ], [ 2206695.0, 5059625.0 ], [ 2206704.0, 5059624.0 ], [ 2206705.0, 5059628.0 ], [ 2206708.0, 5059631.0 ] ] ] } },
{ "type": "Feature", "properties": { "betweenness_centrality": "0.04574257425742575", "source": "1854610620.0", "target": "1854567495.0", "ordering_betweenness_centrality": "32", "length": 1020, "length_cumulative": 176991 }, "geometry": { "type": "MultiLineString", "coordinates": [ [ [ 2204375.0, 5060567.0 ], [ 2204394.0, 5060574.0 ], [ 2204430.0, 5060588.0 ], [ 2204452.0, 5060596.0 ], [ 2204457.0, 5060598.0 ], [ 2204466.0, 5060601.0 ], [ 2204443.0, 5060680.0 ], [ 2204427.0, 5060736.0 ], [ 2204410.0, 5060789.0 ], [ 2204416.0, 5060792.0 ], [ 2204409.0, 5060815.0 ], [ 2204406.0, 5060826.0 ], [ 2204405.0, 5060836.0 ], [ 2204416.0, 5060838.0 ], [ 2204422.0, 5060839.0 ], [ 2204425.0, 5060839.0 ], [ 2204424.0, 5060845.0 ], [ 2204423.0, 5060850.0 ], [ 2204434.0, 5060853.0 ], [ 2204443.0, 5060858.0 ], [ 2204449.0, 5060871.0 ] ], [ [ 2204449.0, 5060871.0 ], [ 2204454.0, 5060880.0 ], [ 2204473.0, 5060918.0 ], [ 2204477.0, 5060926.0 ], [ 2204486.0, 5060945.0 ] ], [ [ 2204486.0, 5060945.0 ], [ 2204520.0, 5061016.0 ] ], [ [ 2204520.0, 5061016.0 ], [ 2204533.0, 5061045.0 ], [ 2204536.0, 5061051.0 ], [ 2204544.0, 5061072.0 ] ], [ [ 2204544.0, 5061072.0 ], [ 2204555.0, 5061104.0 ], [ 2204559.0, 5061117.0 ], [ 2204561.0, 5061123.0 ], [ 2204564.0, 5061132.0 ], [ 2204563.0, 5061142.0 ], [ 2204562.0, 5061152.0 ], [ 2204562.0, 5061155.0 ], [ 2204565.0, 5061158.0 ], [ 2204582.0, 5061170.0 ], [ 2204591.0, 5061179.0 ], [ 2204600.0, 5061188.0 ], [ 2204610.0, 5061200.0 ], [ 2204614.0, 5061205.0 ], [ 2204623.0, 5061219.0 ], [ 2204614.0, 5061252.0 ], [ 2204631.0, 5061259.0 ], [ 2204635.0, 5061260.0 ], [ 2204656.0, 5061268.0 ], [ 2204665.0, 5061275.0 ], [ 2204672.0, 5061269.0 ], [ 2204716.0, 5061371.0 ] ] ] } },
{ "type": "Feature", "properties": { "betweenness_centrality": "0.04554455445544555", "source": "2607893938.0", "target": "1854610620.0", "ordering_betweenness_centrality": "33", "length": 387, "length_cumulative": 177378 }, "geometry": { "type": "LineString", "coordinates": [ [ 2204491.0, 5060519.0 ], [ 2204494.0, 5060510.0 ], [ 2204499.0, 5060496.0 ], [ 2204501.0, 5060489.0 ], [ 2204499.0, 5060485.0 ], [ 2204506.0, 5060482.0 ], [ 2204512.0, 5060477.0 ], [ 2204517.0, 5060472.0 ], [ 2204522.0, 5060458.0 ], [ 2204539.0, 5060409.0 ], [ 2204556.0, 5060362.0 ], [ 2204565.0, 5060364.0 ], [ 2204629.0, 5060172.0 ] ] } },
{ "type": "Feature", "properties": { "betweenness_centrality": "0.04316831683168317", "source": "6315664514.0", "target": "3377273792.0", "ordering_betweenness_centrality": "34", "length": 550, "length_cumulative": 177928 }, "geometry": { "type": "LineString", "coordinates": [ [ 2206305.0, 5060183.0 ], [ 2206299.0, 5060182.0 ], [ 2206224.0, 5060166.0 ], [ 2206218.0, 5060165.0 ], [ 2206200.0, 5060161.0 ], [ 2206090.0, 5060138.0 ], [ 2206081.0, 5060136.0 ], [ 2206065.0, 5060132.0 ], [ 2205985.0, 5060115.0 ], [ 2205988.0, 5060103.0 ], [ 2205989.0, 5060097.0 ], [ 2205991.0, 5060087.0 ], [ 2205993.0, 5060080.0 ], [ 2205993.0, 5060076.0 ], [ 2205913.0, 5060059.0 ], [ 2205881.0, 5060052.0 ], [ 2205887.0, 5060026.0 ], [ 2205878.0, 5060024.0 ], [ 2205876.0, 5060024.0 ], [ 2205867.0, 5060022.0 ], [ 2205858.0, 5060020.0 ], [ 2205861.0, 5060008.0 ] ] } },
{ "type": "Feature", "properties": { "betweenness_centrality": "0.042970297029702974", "source": "1843039377.0", "target": "1877231671.0", "ordering_betweenness_centrality": "35", "length": 767, "length_cumulative": 178696 }, "geometry": { "type": "MultiLineString", "coordinates": [ [ [ 2207605.0, 5062156.0 ], [ 2207591.0, 5062183.0 ], [ 2207600.0, 5062188.0 ], [ 2207611.0, 5062194.0 ], [ 2207614.0, 5062196.0 ], [ 2207627.0, 5062203.0 ], [ 2207640.0, 5062209.0 ], [ 2207643.0, 5062211.0 ], [ 2207668.0, 5062225.0 ], [ 2207673.0, 5062228.0 ], [ 2207686.0, 5062236.0 ] ], [ [ 2207686.0, 5062236.0 ], [ 2207694.0, 5062240.0 ], [ 2207721.0, 5062256.0 ], [ 2207727.0, 5062260.0 ], [ 2207733.0, 5062264.0 ], [ 2207761.0, 5062282.0 ], [ 2207794.0, 5062302.0 ], [ 2207815.0, 5062316.0 ] ], [ [ 2207815.0, 5062316.0 ], [ 2207819.0, 5062319.0 ], [ 2207824.0, 5062322.0 ], [ 2207847.0, 5062337.0 ], [ 2207859.0, 5062344.0 ], [ 2207865.0, 5062348.0 ], [ 2207881.0, 5062358.0 ], [ 2207892.0, 5062364.0 ], [ 2207920.0, 5062380.0 ], [ 2207939.0, 5062391.0 ], [ 2207950.0, 5062398.0 ], [ 2207970.0, 5062410.0 ], [ 2208022.0, 5062441.0 ], [ 2208040.0, 5062453.0 ], [ 2208094.0, 5062361.0 ] ], [ [ 2208094.0, 5062361.0 ], [ 2208121.0, 5062377.0 ], [ 2208129.0, 5062373.0 ], [ 2208157.0, 5062326.0 ], [ 2208163.0, 5062315.0 ] ] ] } },
{ "type": "Feature", "properties": { "betweenness_centrality": "0.042772277227722776", "source": "4655550702.0", "target": "1847297757.0", "ordering_betweenness_centrality": "36", "length": 1680, "length_cumulative": 180376 }, "geometry": { "type": "MultiLineString", "coordinates": [ [ [ 2203763.0, 5062304.0 ], [ 2203812.0, 5062318.0 ], [ 2203822.0, 5062281.0 ], [ 2203835.0, 5062277.0 ], [ 2203840.0, 5062274.0 ], [ 2203867.0, 5062252.0 ], [ 2203875.0, 5062243.0 ], [ 2203885.0, 5062233.0 ], [ 2203892.0, 5062225.0 ], [ 2203899.0, 5062218.0 ], [ 2203888.0, 5062166.0 ], [ 2203917.0, 5062172.0 ], [ 2203955.0, 5062176.0 ], [ 2203969.0, 5062176.0 ], [ 2203977.0, 5062176.0 ], [ 2203995.0, 5062173.0 ], [ 2204014.0, 5062168.0 ], [ 2204025.0, 5062189.0 ], [ 2204049.0, 5062174.0 ], [ 2204063.0, 5062179.0 ], [ 2204075.0, 5062182.0 ], [ 2204089.0, 5062184.0 ], [ 2204102.0, 5062185.0 ], [ 2204108.0, 5062186.0 ], [ 2204112.0, 5062189.0 ], [ 2204115.0, 5062192.0 ], [ 2204127.0, 5062213.0 ], [ 2204130.0, 5062216.0 ], [ 2204133.0, 5062217.0 ], [ 2204138.0, 5062216.0 ], [ 2204145.0, 5062215.0 ], [ 2204156.0, 5062212.0 ], [ 2204174.0, 5062207.0 ], [ 2204191.0, 5062200.0 ], [ 2204209.0, 5062193.0 ], [ 2204218.0, 5062189.0 ], [ 2204225.0, 5062189.0 ], [ 2204232.0, 5062191.0 ], [ 2204258.0, 5062216.0 ], [ 2204266.0, 5062225.0 ], [ 2204285.0, 5062201.0 ], [ 2204290.0, 5062194.0 ], [ 2204310.0, 5062167.0 ], [ 2204345.0, 5062117.0 ], [ 2204375.0, 5062077.0 ], [ 2204392.0, 5062051.0 ], [ 2204421.0, 5062013.0 ], [ 2204423.0, 5062010.0 ], [ 2204424.0, 5062006.0 ], [ 2204424.0, 5062002.0 ], [ 2204414.0, 5061984.0 ], [ 2204424.0, 5061979.0 ], [ 2204430.0, 5061975.0 ], [ 2204436.0, 5061970.0 ], [ 2204470.0, 5061931.0 ], [ 2204475.0, 5061926.0 ], [ 2204481.0, 5061922.0 ], [ 2204489.0, 5061917.0 ], [ 2204512.0, 5061908.0 ], [ 2204520.0, 5061904.0 ], [ 2204528.0, 5061898.0 ], [ 2204569.0, 5061868.0 ], [ 2204617.0, 5061830.0 ], [ 2204637.0, 5061819.0 ], [ 2204658.0, 5061810.0 ], [ 2204677.0, 5061791.0 ], [ 2204680.0, 5061787.0 ] ], [ [ 2204680.0, 5061787.0 ], [ 2204713.0, 5061751.0 ], [ 2204736.0, 5061727.0 ], [ 2204737.0, 5061726.0 ], [ 2204741.0, 5061720.0 ], [ 2204763.0, 5061739.0 ], [ 2204777.0, 5061750.0 ], [ 2204785.0, 5061741.0 ], [ 2204797.0, 5061749.0 ], [ 2204806.0, 5061754.0 ], [ 2204809.0, 5061756.0 ], [ 2204821.0, 5061763.0 ], [ 2204832.0, 5061769.0 ], [ 2204837.0, 5061771.0 ], [ 2204847.0, 5061775.0 ], [ 2204861.0, 5061779.0 ], [ 2204876.0, 5061783.0 ], [ 2204948.0, 5061799.0 ] ], [ [ 2204948.0, 5061799.0 ], [ 2204962.0, 5061802.0 ], [ 2204996.0, 5061809.0 ] ] ] } },
{ "type": "Feature", "properties": { "betweenness_centrality": "0.042772277227722776", "source": "4587669753.0", "target": "4587669914.0", "ordering_betweenness_centrality": "37", "length": 602, "length_cumulative": 180979 }, "geometry": { "type": "LineString", "coordinates": [ [ 2206010.0, 5062272.0 ], [ 2206007.0, 5062279.0 ], [ 2205988.0, 5062322.0 ], [ 2205951.0, 5062406.0 ], [ 2205936.0, 5062440.0 ], [ 2205919.0, 5062476.0 ], [ 2205906.0, 5062505.0 ], [ 2205899.0, 5062526.0 ], [ 2205894.0, 5062544.0 ], [ 2205894.0, 5062552.0 ], [ 2205896.0, 5062562.0 ], [ 2205898.0, 5062574.0 ], [ 2205896.0, 5062592.0 ], [ 2205894.0, 5062618.0 ], [ 2205889.0, 5062636.0 ], [ 2205884.0, 5062652.0 ], [ 2205877.0, 5062666.0 ], [ 2205869.0, 5062681.0 ], [ 2205865.0, 5062692.0 ], [ 2205852.0, 5062728.0 ], [ 2205848.0, 5062738.0 ], [ 2205847.0, 5062747.0 ], [ 2205845.0, 5062756.0 ], [ 2205847.0, 5062764.0 ], [ 2205849.0, 5062771.0 ], [ 2205854.0, 5062779.0 ], [ 2205860.0, 5062786.0 ], [ 2205865.0, 5062793.0 ], [ 2205873.0, 5062808.0 ], [ 2205876.0, 5062816.0 ], [ 2205877.0, 5062825.0 ], [ 2205875.0, 5062833.0 ] ] } },
{ "type": "Feature", "properties": { "betweenness_centrality": "0.04237623762376238", "source": "4584301793.0", "target": "10790019748.0", "ordering_betweenness_centrality": "38", "length": 333, "length_cumulative": 181313 }, "geometry": { "type": "MultiLineString", "coordinates": [ [ [ 2203092.0, 5062421.0 ], [ 2203051.0, 5062439.0 ], [ 2203026.0, 5062382.0 ] ], [ [ 2203026.0, 5062382.0 ], [ 2202990.0, 5062367.0 ], [ 2202985.0, 5062364.0 ] ], [ [ 2202811.0, 5062449.0 ], [ 2202804.0, 5062467.0 ], [ 2202798.0, 5062477.0 ], [ 2202781.0, 5062486.0 ], [ 2202760.0, 5062483.0 ], [ 2202752.0, 5062477.0 ] ], [ [ 2202752.0, 5062477.0 ], [ 2202741.0, 5062468.0 ], [ 2202713.0, 5062481.0 ], [ 2202666.0, 5062501.0 ], [ 2202662.0, 5062503.0 ] ] ] } },
{ "type": "Feature", "properties": { "betweenness_centrality": "0.04198019801980198", "source": "3325958623.0", "target": "1854567495.0", "ordering_betweenness_centrality": "39", "length": 676, "length_cumulative": 181989 }, "geometry": { "type": "MultiLineString", "coordinates": [ [ [ 2204716.0, 5061371.0 ], [ 2204723.0, 5061368.0 ], [ 2204801.0, 5061331.0 ], [ 2204813.0, 5061327.0 ], [ 2204824.0, 5061324.0 ], [ 2204836.0, 5061323.0 ], [ 2204847.0, 5061325.0 ] ], [ [ 2204847.0, 5061325.0 ], [ 2204853.0, 5061327.0 ], [ 2204858.0, 5061331.0 ], [ 2204863.0, 5061336.0 ], [ 2204870.0, 5061340.0 ], [ 2204880.0, 5061344.0 ], [ 2204902.0, 5061350.0 ], [ 2204918.0, 5061354.0 ], [ 2204961.0, 5061364.0 ], [ 2204960.0, 5061369.0 ], [ 2204967.0, 5061372.0 ], [ 2205012.0, 5061394.0 ], [ 2205019.0, 5061391.0 ], [ 2205051.0, 5061377.0 ], [ 2205143.0, 5061334.0 ], [ 2205147.0, 5061341.0 ], [ 2205149.0, 5061346.0 ] ], [ [ 2205149.0, 5061346.0 ], [ 2205152.0, 5061352.0 ], [ 2205167.0, 5061384.0 ], [ 2205175.0, 5061381.0 ], [ 2205204.0, 5061373.0 ], [ 2205258.0, 5061358.0 ], [ 2205277.0, 5061402.0 ], [ 2205280.0, 5061410.0 ] ] ] } },
{ "type": "Feature", "properties": { "betweenness_centrality": "0.04118811881188119", "source": "6315664514.0", "target": "4653389036.0", "ordering_betweenness_centrality": "40", "length": 488, "length_cumulative": 182477 }, "geometry": { "type": "MultiLineString", "coordinates": [ [ [ 2206288.0, 5060240.0 ], [ 2206285.0, 5060246.0 ], [ 2206282.0, 5060258.0 ], [ 2206278.0, 5060260.0 ], [ 2206270.0, 5060266.0 ], [ 2206258.0, 5060275.0 ], [ 2206249.0, 5060281.0 ], [ 2206238.0, 5060286.0 ], [ 2206222.0, 5060291.0 ], [ 2206210.0, 5060297.0 ], [ 2206195.0, 5060305.0 ], [ 2206182.0, 5060315.0 ], [ 2206168.0, 5060325.0 ], [ 2206149.0, 5060344.0 ], [ 2206140.0, 5060354.0 ], [ 2206138.0, 5060362.0 ], [ 2206133.0, 5060375.0 ], [ 2206125.0, 5060388.0 ], [ 2206117.0, 5060399.0 ], [ 2206102.0, 5060415.0 ], [ 2206085.0, 5060435.0 ], [ 2206076.0, 5060441.0 ], [ 2206065.0, 5060448.0 ], [ 2206056.0, 5060456.0 ], [ 2206043.0, 5060465.0 ], [ 2206029.0, 5060475.0 ], [ 2206025.0, 5060479.0 ], [ 2206023.0, 5060490.0 ], [ 2206007.0, 5060487.0 ] ], [ [ 2206007.0, 5060487.0 ], [ 2206006.0, 5060493.0 ], [ 2205994.0, 5060491.0 ], [ 2205919.0, 5060475.0 ] ] ] } },
{ "type": "Feature", "properties": { "betweenness_centrality": "0.04084158415841584", "source": "4587669753.0", "target": "1843585054.0", "ordering_betweenness_centrality": "41", "length": 510, "length_cumulative": 182988 }, "geometry": { "type": "LineString", "coordinates": [ [ 2206415.0, 5062521.0 ], [ 2206404.0, 5062533.0 ], [ 2206402.0, 5062538.0 ], [ 2206394.0, 5062573.0 ], [ 2206394.0, 5062575.0 ], [ 2206393.0, 5062582.0 ], [ 2206370.0, 5062578.0 ], [ 2206345.0, 5062573.0 ], [ 2206317.0, 5062558.0 ], [ 2206293.0, 5062553.0 ], [ 2206280.0, 5062550.0 ], [ 2206213.0, 5062536.0 ], [ 2206208.0, 5062536.0 ], [ 2206208.0, 5062532.0 ], [ 2206210.0, 5062502.0 ], [ 2206203.0, 5062494.0 ], [ 2206194.0, 5062490.0 ], [ 2206200.0, 5062480.0 ], [ 2206210.0, 5062456.0 ], [ 2206220.0, 5062427.0 ], [ 2206220.0, 5062425.0 ], [ 2206222.0, 5062419.0 ], [ 2206227.0, 5062406.0 ], [ 2206235.0, 5062385.0 ], [ 2206221.0, 5062379.0 ], [ 2206181.0, 5062363.0 ], [ 2206158.0, 5062350.0 ] ] } },
{ "type": "Feature", "properties": { "betweenness_centrality": "0.039603960396039604", "source": "11976476255.0", "target": "2618516943.0", "ordering_betweenness_centrality": "42", "length": 696, "length_cumulative": 183685 }, "geometry": { "type": "LineString", "coordinates": [ [ 2206577.0, 5060936.0 ], [ 2206575.0, 5060943.0 ], [ 2206573.0, 5060950.0 ], [ 2206590.0, 5060977.0 ], [ 2206595.0, 5060984.0 ], [ 2206601.0, 5060991.0 ], [ 2206605.0, 5060997.0 ], [ 2206603.0, 5061016.0 ], [ 2206603.0, 5061024.0 ], [ 2206603.0, 5061031.0 ], [ 2206603.0, 5061037.0 ], [ 2206602.0, 5061044.0 ], [ 2206601.0, 5061053.0 ], [ 2206593.0, 5061070.0 ], [ 2206559.0, 5061146.0 ], [ 2206548.0, 5061171.0 ], [ 2206559.0, 5061176.0 ], [ 2206562.0, 5061177.0 ], [ 2206590.0, 5061190.0 ], [ 2206621.0, 5061203.0 ], [ 2206674.0, 5061226.0 ], [ 2206682.0, 5061230.0 ], [ 2206688.0, 5061232.0 ], [ 2206732.0, 5061252.0 ], [ 2206743.0, 5061257.0 ], [ 2206778.0, 5061272.0 ], [ 2206763.0, 5061314.0 ], [ 2206748.0, 5061366.0 ], [ 2206742.0, 5061390.0 ], [ 2206736.0, 5061412.0 ], [ 2206734.0, 5061424.0 ], [ 2206726.0, 5061453.0 ] ] } },
{ "type": "Feature", "properties": { "betweenness_centrality": "0.039405940594059406", "source": "11137304620.0", "target": "1876396733.0", "ordering_betweenness_centrality": "43", "length": 695, "length_cumulative": 184380 }, "geometry": { "type": "LineString", "coordinates": [ [ 2207152.0, 5061009.0 ], [ 2207148.0, 5061001.0 ], [ 2207146.0, 5060995.0 ], [ 2207141.0, 5060979.0 ], [ 2207138.0, 5060969.0 ], [ 2207139.0, 5060964.0 ], [ 2207142.0, 5060956.0 ], [ 2207155.0, 5060948.0 ], [ 2207164.0, 5060940.0 ], [ 2207171.0, 5060932.0 ], [ 2207177.0, 5060924.0 ], [ 2207180.0, 5060920.0 ], [ 2207184.0, 5060910.0 ], [ 2207185.0, 5060908.0 ], [ 2207223.0, 5060833.0 ], [ 2207223.0, 5060831.0 ], [ 2207216.0, 5060823.0 ], [ 2207197.0, 5060801.0 ], [ 2207167.0, 5060764.0 ], [ 2207125.0, 5060716.0 ], [ 2207099.0, 5060686.0 ], [ 2207075.0, 5060657.0 ], [ 2207060.0, 5060640.0 ], [ 2207057.0, 5060629.0 ], [ 2207049.0, 5060620.0 ], [ 2207017.0, 5060586.0 ], [ 2206967.0, 5060532.0 ], [ 2206947.0, 5060510.0 ], [ 2206943.0, 5060504.0 ], [ 2206933.0, 5060497.0 ], [ 2206930.0, 5060495.0 ], [ 2206927.0, 5060495.0 ], [ 2206922.0, 5060497.0 ], [ 2206917.0, 5060493.0 ], [ 2206905.0, 5060484.0 ], [ 2206897.0, 5060479.0 ] ] } },
{ "type": "Feature", "properties": { "betweenness_centrality": "0.03861386138613861", "source": "3377273792.0", "target": "2608865125.0", "ordering_betweenness_centrality": "44", "length": 645, "length_cumulative": 185025 }, "geometry": { "type": "MultiLineString", "coordinates": [ [ [ 2205305.0, 5059862.0 ], [ 2205281.0, 5059876.0 ], [ 2205308.0, 5059919.0 ], [ 2205310.0, 5059920.0 ], [ 2205313.0, 5059922.0 ], [ 2205315.0, 5059922.0 ], [ 2205347.0, 5059929.0 ], [ 2205344.0, 5059945.0 ], [ 2205347.0, 5059946.0 ], [ 2205352.0, 5059948.0 ], [ 2205356.0, 5059951.0 ], [ 2205359.0, 5059955.0 ], [ 2205363.0, 5059960.0 ], [ 2205366.0, 5059964.0 ], [ 2205368.0, 5059971.0 ], [ 2205367.0, 5059975.0 ], [ 2205377.0, 5059977.0 ], [ 2205497.0, 5060003.0 ], [ 2205602.0, 5060026.0 ], [ 2205604.0, 5060025.0 ], [ 2205609.0, 5060025.0 ], [ 2205618.0, 5060027.0 ], [ 2205630.0, 5060030.0 ], [ 2205635.0, 5060031.0 ], [ 2205670.0, 5060038.0 ], [ 2205714.0, 5060048.0 ], [ 2205715.0, 5060041.0 ], [ 2205716.0, 5060039.0 ], [ 2205719.0, 5060023.0 ], [ 2205721.0, 5060017.0 ] ], [ [ 2205773.0, 5060028.0 ], [ 2205818.0, 5060037.0 ], [ 2205825.0, 5060000.0 ] ] ] } },
{ "type": "Feature", "properties": { "betweenness_centrality": "0.03742574257425743", "source": "571094423.0", "target": "2379608971.0", "ordering_betweenness_centrality": "46", "length": 576, "length_cumulative": 185602 }, "geometry": { "type": "MultiLineString", "coordinates": [ [ [ 2208500.0, 5061214.0 ], [ 2208525.0, 5061221.0 ], [ 2208545.0, 5061226.0 ], [ 2208551.0, 5061228.0 ] ], [ [ 2208551.0, 5061228.0 ], [ 2208570.0, 5061234.0 ], [ 2208590.0, 5061241.0 ], [ 2208602.0, 5061246.0 ], [ 2208645.0, 5061262.0 ], [ 2208671.0, 5061271.0 ] ], [ [ 2208671.0, 5061271.0 ], [ 2208696.0, 5061280.0 ], [ 2208706.0, 5061282.0 ], [ 2208716.0, 5061283.0 ], [ 2208724.0, 5061283.0 ], [ 2208731.0, 5061281.0 ], [ 2208738.0, 5061278.0 ], [ 2208746.0, 5061271.0 ], [ 2208753.0, 5061264.0 ], [ 2208762.0, 5061254.0 ], [ 2208779.0, 5061237.0 ], [ 2208786.0, 5061230.0 ], [ 2208795.0, 5061223.0 ], [ 2208801.0, 5061209.0 ], [ 2208804.0, 5061202.0 ], [ 2208819.0, 5061173.0 ], [ 2208815.0, 5061170.0 ] ], [ [ 2208859.0, 5061097.0 ], [ 2208862.0, 5061088.0 ], [ 2208868.0, 5061060.0 ], [ 2208872.0, 5061048.0 ], [ 2208880.0, 5061029.0 ], [ 2208910.0, 5061042.0 ] ], [ [ 2208910.0, 5061042.0 ], [ 2208953.0, 5061060.0 ], [ 2208986.0, 5061074.0 ] ] ] } },
{ "type": "Feature", "properties": { "betweenness_centrality": "0.03722772277227723", "source": "4663284211.0", "target": "4663281819.0", "ordering_betweenness_centrality": "47", "length": 317, "length_cumulative": 185919 }, "geometry": { "type": "LineString", "coordinates": [ [ 2202764.0, 5061963.0 ], [ 2202763.0, 5061957.0 ], [ 2202884.0, 5061868.0 ], [ 2202967.0, 5061806.0 ], [ 2202983.0, 5061780.0 ], [ 2202987.0, 5061776.0 ], [ 2202974.0, 5061759.0 ] ] } },
{ "type": "Feature", "properties": { "betweenness_centrality": "0.03658415841584159", "source": "1843574864.0", "target": "4587669753.0", "ordering_betweenness_centrality": "48", "length": 943, "length_cumulative": 186862 }, "geometry": { "type": "LineString", "coordinates": [ [ 2206010.0, 5062272.0 ], [ 2206024.0, 5062235.0 ], [ 2206026.0, 5062227.0 ], [ 2206042.0, 5062151.0 ], [ 2206045.0, 5062133.0 ], [ 2206058.0, 5062064.0 ], [ 2206059.0, 5062061.0 ], [ 2206061.0, 5062052.0 ], [ 2206043.0, 5062048.0 ], [ 2206004.0, 5062040.0 ], [ 2205965.0, 5062031.0 ], [ 2205960.0, 5062030.0 ], [ 2205947.0, 5062027.0 ], [ 2205931.0, 5062023.0 ], [ 2205914.0, 5062020.0 ], [ 2205879.0, 5062012.0 ], [ 2205769.0, 5061989.0 ], [ 2205740.0, 5061983.0 ], [ 2205662.0, 5061967.0 ], [ 2205658.0, 5061966.0 ], [ 2205527.0, 5061937.0 ], [ 2205525.0, 5061936.0 ], [ 2205507.0, 5061933.0 ], [ 2205506.0, 5061938.0 ], [ 2205505.0, 5061940.0 ], [ 2205504.0, 5061944.0 ], [ 2205491.0, 5062008.0 ], [ 2205483.0, 5062044.0 ], [ 2205477.0, 5062070.0 ], [ 2205475.0, 5062079.0 ] ] } },
{ "type": "Feature", "properties": { "betweenness_centrality": "0.035841584158415846", "source": "6288499155.0", "target": "11159735680.0", "ordering_betweenness_centrality": "49", "length": 234, "length_cumulative": 187096 }, "geometry": { "type": "MultiLineString", "coordinates": [ [ [ 2205648.0, 5059383.0 ], [ 2205708.0, 5059395.0 ], [ 2205707.0, 5059403.0 ], [ 2205730.0, 5059408.0 ], [ 2205733.0, 5059409.0 ], [ 2205735.0, 5059410.0 ], [ 2205736.0, 5059411.0 ], [ 2205738.0, 5059413.0 ] ], [ [ 2205738.0, 5059413.0 ], [ 2205740.0, 5059415.0 ], [ 2205745.0, 5059415.0 ], [ 2205747.0, 5059416.0 ], [ 2205752.0, 5059417.0 ], [ 2205756.0, 5059420.0 ], [ 2205759.0, 5059423.0 ], [ 2205762.0, 5059427.0 ], [ 2205764.0, 5059431.0 ], [ 2205764.0, 5059436.0 ], [ 2205764.0, 5059441.0 ], [ 2205763.0, 5059445.0 ], [ 2205769.0, 5059452.0 ], [ 2205779.0, 5059459.0 ], [ 2205789.0, 5059464.0 ], [ 2205801.0, 5059468.0 ], [ 2205813.0, 5059471.0 ], [ 2205834.0, 5059476.0 ], [ 2205833.0, 5059479.0 ] ] ] } },
{ "type": "Feature", "properties": { "betweenness_centrality": "0.03504950495049505", "source": "2618516706.0", "target": "2607893938.0", "ordering_betweenness_centrality": "50", "length": 38, "length_cumulative": 187135 }, "geometry": { "type": "LineString", "coordinates": [ [ 2204755.0, 5059817.0 ], [ 2204771.0, 5059821.0 ], [ 2204792.0, 5059827.0 ] ] } },
{ "type": "Feature", "properties": { "betweenness_centrality": "0.034851485148514855", "source": "4663179987.0", "target": "4663130882.0", "ordering_betweenness_centrality": "51", "length": 574, "length_cumulative": 187709 }, "geometry": { "type": "MultiLineString", "coordinates": [ [ [ 2208211.0, 5061900.0 ], [ 2208206.0, 5061896.0 ], [ 2208156.0, 5061865.0 ], [ 2208150.0, 5061862.0 ], [ 2208139.0, 5061855.0 ], [ 2208115.0, 5061841.0 ] ], [ [ 2208115.0, 5061841.0 ], [ 2208078.0, 5061819.0 ], [ 2208029.0, 5061789.0 ], [ 2208023.0, 5061786.0 ], [ 2207996.0, 5061769.0 ], [ 2207973.0, 5061755.0 ], [ 2207938.0, 5061733.0 ], [ 2207901.0, 5061710.0 ], [ 2207883.0, 5061699.0 ], [ 2207872.0, 5061692.0 ], [ 2207870.0, 5061691.0 ], [ 2207875.0, 5061681.0 ], [ 2207872.0, 5061677.0 ], [ 2207874.0, 5061674.0 ], [ 2207881.0, 5061659.0 ], [ 2207901.0, 5061616.0 ], [ 2207905.0, 5061606.0 ] ], [ [ 2207905.0, 5061606.0 ], [ 2207907.0, 5061602.0 ], [ 2207911.0, 5061590.0 ], [ 2207913.0, 5061580.0 ], [ 2207915.0, 5061563.0 ], [ 2207919.0, 5061528.0 ] ] ] } },
{ "type": "Feature", "properties": { "betweenness_centrality": "0.033861386138613864", "source": "2070101512.0", "target": "10790019748.0", "ordering_betweenness_centrality": "52", "length": 1868, "length_cumulative": 189578 }, "geometry": { "type": "LineString", "coordinates": [ [ 2201959.0, 5063207.0 ], [ 2201951.0, 5063182.0 ], [ 2201937.0, 5063157.0 ], [ 2201927.0, 5063135.0 ], [ 2201912.0, 5063130.0 ], [ 2201899.0, 5063128.0 ], [ 2201889.0, 5063118.0 ], [ 2201860.0, 5063086.0 ], [ 2201842.0, 5063071.0 ], [ 2201833.0, 5063080.0 ], [ 2201827.0, 5063089.0 ], [ 2201827.0, 5063096.0 ], [ 2201855.0, 5063157.0 ], [ 2201936.0, 5063343.0 ], [ 2201937.0, 5063346.0 ], [ 2201977.0, 5063448.0 ], [ 2201985.0, 5063459.0 ], [ 2201991.0, 5063458.0 ], [ 2202072.0, 5063416.0 ], [ 2202126.0, 5063393.0 ], [ 2202161.0, 5063381.0 ], [ 2202212.0, 5063363.0 ], [ 2202226.0, 5063358.0 ], [ 2202241.0, 5063353.0 ], [ 2202276.0, 5063344.0 ], [ 2202286.0, 5063342.0 ], [ 2202357.0, 5063323.0 ], [ 2202372.0, 5063320.0 ], [ 2202460.0, 5063304.0 ], [ 2202543.0, 5063288.0 ], [ 2202591.0, 5063280.0 ], [ 2202680.0, 5063269.0 ], [ 2202669.0, 5063212.0 ], [ 2202656.0, 5063144.0 ], [ 2202647.0, 5063098.0 ], [ 2202639.0, 5063056.0 ], [ 2202635.0, 5063035.0 ], [ 2202619.0, 5062955.0 ], [ 2202614.0, 5062930.0 ], [ 2202713.0, 5062855.0 ], [ 2202725.0, 5062846.0 ], [ 2202741.0, 5062834.0 ], [ 2202747.0, 5062830.0 ], [ 2202756.0, 5062816.0 ] ] } },
{ "type": "Feature", "properties": { "betweenness_centrality": "0.033861386138613864", "source": "4658918786.0", "target": "3227142894.0", "ordering_betweenness_centrality": "53", "length": 219, "length_cumulative": 189797 }, "geometry": { "type": "MultiLineString", "coordinates": [ [ [ 2206864.0, 5062080.0 ], [ 2206861.0, 5062081.0 ], [ 2206807.0, 5061959.0 ], [ 2206806.0, 5061960.0 ], [ 2206797.0, 5061969.0 ], [ 2206777.0, 5062007.0 ] ], [ [ 2206518.0, 5061898.0 ], [ 2206505.0, 5061922.0 ] ] ] } },
{ "type": "Feature", "properties": { "betweenness_centrality": "0.033663366336633666", "source": "6288499155.0", "target": "6315664514.0", "ordering_betweenness_centrality": "54", "length": 162, "length_cumulative": 189960 }, "geometry": { "type": "LineString", "coordinates": [ [ 2206407.0, 5059685.0 ], [ 2206398.0, 5059679.0 ], [ 2206395.0, 5059675.0 ], [ 2206392.0, 5059672.0 ], [ 2206350.0, 5059626.0 ], [ 2206350.0, 5059623.0 ], [ 2206347.0, 5059622.0 ], [ 2206345.0, 5059620.0 ], [ 2206343.0, 5059618.0 ], [ 2206343.0, 5059617.0 ], [ 2206343.0, 5059616.0 ], [ 2206333.0, 5059606.0 ], [ 2206314.0, 5059589.0 ], [ 2206310.0, 5059586.0 ], [ 2206305.0, 5059581.0 ], [ 2206294.0, 5059571.0 ] ] } },
{ "type": "Feature", "properties": { "betweenness_centrality": "0.03326732673267327", "source": "4554020617.0", "target": "2618516706.0", "ordering_betweenness_centrality": "55", "length": 319, "length_cumulative": 190279 }, "geometry": { "type": "MultiLineString", "coordinates": [ [ [ 2204905.0, 5059676.0 ], [ 2204898.0, 5059664.0 ], [ 2204894.0, 5059658.0 ] ], [ [ 2204977.0, 5059553.0 ], [ 2205013.0, 5059528.0 ], [ 2205007.0, 5059518.0 ], [ 2205023.0, 5059506.0 ], [ 2205039.0, 5059493.0 ], [ 2205041.0, 5059492.0 ], [ 2205038.0, 5059487.0 ], [ 2205082.0, 5059459.0 ], [ 2205111.0, 5059440.0 ] ], [ [ 2205159.0, 5059327.0 ], [ 2205157.0, 5059318.0 ], [ 2205153.0, 5059311.0 ], [ 2205154.0, 5059307.0 ], [ 2205157.0, 5059303.0 ], [ 2205162.0, 5059298.0 ], [ 2205166.0, 5059289.0 ], [ 2205173.0, 5059283.0 ], [ 2205180.0, 5059278.0 ], [ 2205189.0, 5059272.0 ], [ 2205197.0, 5059268.0 ], [ 2205202.0, 5059266.0 ], [ 2205212.0, 5059260.0 ], [ 2205215.0, 5059262.0 ], [ 2205221.0, 5059260.0 ] ] ] } },
{ "type": "Feature", "properties": { "betweenness_centrality": "0.03326732673267327", "source": "1854567495.0", "target": "4655550702.0", "ordering_betweenness_centrality": "56", "length": 403, "length_cumulative": 190683 }, "geometry": { "type": "MultiLineString", "coordinates": [ [ [ 2204723.0, 5061368.0 ], [ 2204740.0, 5061408.0 ], [ 2204745.0, 5061413.0 ], [ 2204766.0, 5061469.0 ], [ 2204764.0, 5061477.0 ] ], [ [ 2204782.0, 5061510.0 ], [ 2204785.0, 5061515.0 ] ], [ [ 2204785.0, 5061515.0 ], [ 2204787.0, 5061519.0 ], [ 2204788.0, 5061522.0 ], [ 2204802.0, 5061552.0 ] ], [ [ 2204826.0, 5061600.0 ], [ 2204832.0, 5061612.0 ], [ 2204829.0, 5061627.0 ], [ 2204837.0, 5061643.0 ], [ 2204838.0, 5061646.0 ], [ 2204846.0, 5061665.0 ], [ 2204852.0, 5061679.0 ], [ 2204844.0, 5061689.0 ], [ 2204856.0, 5061693.0 ], [ 2204881.0, 5061700.0 ] ], [ [ 2204881.0, 5061700.0 ], [ 2204898.0, 5061703.0 ], [ 2204898.0, 5061707.0 ], [ 2204924.0, 5061730.0 ], [ 2204958.0, 5061759.0 ] ] ] } },
{ "type": "Feature", "properties": { "betweenness_centrality": "0.03287128712871287", "source": "1843574864.0", "target": "4655550702.0", "ordering_betweenness_centrality": "57", "length": 541, "length_cumulative": 191224 }, "geometry": { "type": "MultiLineString", "coordinates": [ [ [ 2205504.0, 5061944.0 ], [ 2205503.0, 5061941.0 ], [ 2205501.0, 5061937.0 ], [ 2205498.0, 5061933.0 ], [ 2205495.0, 5061930.0 ], [ 2205487.0, 5061928.0 ], [ 2205388.0, 5061907.0 ], [ 2205385.0, 5061906.0 ], [ 2205372.0, 5061903.0 ], [ 2205360.0, 5061900.0 ], [ 2205332.0, 5061894.0 ], [ 2205272.0, 5061881.0 ], [ 2205202.0, 5061865.0 ], [ 2205204.0, 5061855.0 ], [ 2205174.0, 5061848.0 ], [ 2205140.0, 5061840.0 ] ], [ [ 2205140.0, 5061840.0 ], [ 2205096.0, 5061831.0 ] ], [ [ 2205096.0, 5061831.0 ], [ 2205046.0, 5061820.0 ] ], [ [ 2205046.0, 5061820.0 ], [ 2204996.0, 5061809.0 ] ] ] } },
{ "type": "Feature", "properties": { "betweenness_centrality": "0.032673267326732675", "source": "1854567495.0", "target": "4663284211.0", "ordering_betweenness_centrality": "58", "length": 1268, "length_cumulative": 192492 }, "geometry": { "type": "MultiLineString", "coordinates": [ [ [ 2204642.0, 5061414.0 ], [ 2204638.0, 5061414.0 ], [ 2204635.0, 5061415.0 ], [ 2204608.0, 5061427.0 ], [ 2204613.0, 5061443.0 ], [ 2204615.0, 5061462.0 ] ], [ [ 2204615.0, 5061462.0 ], [ 2204614.0, 5061475.0 ], [ 2204614.0, 5061491.0 ], [ 2204616.0, 5061506.0 ], [ 2204620.0, 5061517.0 ], [ 2204597.0, 5061519.0 ], [ 2204591.0, 5061519.0 ], [ 2204584.0, 5061518.0 ], [ 2204575.0, 5061515.0 ], [ 2204566.0, 5061535.0 ], [ 2204559.0, 5061552.0 ], [ 2204550.0, 5061553.0 ], [ 2204546.0, 5061554.0 ], [ 2204535.0, 5061556.0 ], [ 2204524.0, 5061559.0 ], [ 2204448.0, 5061595.0 ], [ 2204435.0, 5061601.0 ], [ 2204389.0, 5061621.0 ], [ 2204357.0, 5061635.0 ], [ 2204344.0, 5061641.0 ], [ 2204263.0, 5061679.0 ], [ 2204264.0, 5061682.0 ], [ 2204260.0, 5061684.0 ], [ 2204256.0, 5061686.0 ], [ 2204254.0, 5061685.0 ], [ 2204248.0, 5061684.0 ], [ 2204242.0, 5061682.0 ], [ 2204238.0, 5061681.0 ], [ 2204234.0, 5061680.0 ], [ 2204231.0, 5061676.0 ], [ 2204206.0, 5061623.0 ], [ 2204202.0, 5061625.0 ], [ 2204193.0, 5061605.0 ], [ 2204190.0, 5061603.0 ], [ 2204162.0, 5061584.0 ], [ 2204149.0, 5061569.0 ], [ 2204133.0, 5061549.0 ], [ 2204129.0, 5061544.0 ], [ 2204117.0, 5061528.0 ], [ 2204097.0, 5061497.0 ], [ 2204083.0, 5061478.0 ], [ 2204072.0, 5061464.0 ], [ 2204057.0, 5061450.0 ], [ 2204042.0, 5061438.0 ], [ 2204026.0, 5061428.0 ], [ 2204014.0, 5061420.0 ], [ 2204000.0, 5061412.0 ], [ 2203985.0, 5061405.0 ], [ 2203976.0, 5061399.0 ], [ 2203971.0, 5061393.0 ], [ 2203966.0, 5061386.0 ], [ 2203913.0, 5061315.0 ], [ 2203859.0, 5061246.0 ], [ 2203850.0, 5061235.0 ], [ 2203821.0, 5061198.0 ], [ 2203815.0, 5061190.0 ], [ 2203791.0, 5061160.0 ] ] ] } },
{ "type": "Feature", "properties": { "betweenness_centrality": "0.032673267326732675", "source": "6285845243.0", "target": "1863318445.0", "ordering_betweenness_centrality": "59", "length": 784, "length_cumulative": 193277 }, "geometry": { "type": "MultiLineString", "coordinates": [ [ [ 2200745.0, 5058551.0 ], [ 2200774.0, 5058566.0 ], [ 2200780.0, 5058570.0 ], [ 2200785.0, 5058572.0 ], [ 2200832.0, 5058597.0 ], [ 2200841.0, 5058602.0 ] ], [ [ 2200841.0, 5058602.0 ], [ 2200847.0, 5058605.0 ], [ 2200866.0, 5058615.0 ], [ 2200896.0, 5058631.0 ], [ 2200904.0, 5058635.0 ], [ 2200912.0, 5058639.0 ], [ 2200957.0, 5058662.0 ], [ 2200961.0, 5058664.0 ] ], [ [ 2200961.0, 5058664.0 ], [ 2201024.0, 5058695.0 ] ], [ [ 2201024.0, 5058695.0 ], [ 2200998.0, 5058745.0 ], [ 2201023.0, 5058761.0 ] ], [ [ 2201023.0, 5058761.0 ], [ 2201071.0, 5058792.0 ] ], [ [ 2201071.0, 5058792.0 ], [ 2201079.0, 5058796.0 ], [ 2201082.0, 5058805.0 ], [ 2201076.0, 5058868.0 ], [ 2201072.0, 5058908.0 ], [ 2201068.0, 5058919.0 ], [ 2201062.0, 5058929.0 ], [ 2201049.0, 5058986.0 ], [ 2201070.0, 5058998.0 ], [ 2201097.0, 5059043.0 ], [ 2201084.0, 5059050.0 ], [ 2201071.0, 5059062.0 ], [ 2201065.0, 5059071.0 ], [ 2201062.0, 5059070.0 ] ] ] } },
{ "type": "Feature", "properties": { "betweenness_centrality": "0.03227722772277228", "source": "11159735680.0", "target": "4554020617.0", "ordering_betweenness_centrality": "60", "length": 191, "length_cumulative": 193468 }, "geometry": { "type": "LineString", "coordinates": [ [ 2205648.0, 5059383.0 ], [ 2205617.0, 5059377.0 ], [ 2205543.0, 5059361.0 ], [ 2205504.0, 5059353.0 ], [ 2205460.0, 5059344.0 ] ] } },
{ "type": "Feature", "properties": { "betweenness_centrality": "0.03207920792079208", "source": "1843562326.0", "target": "11137304620.0", "ordering_betweenness_centrality": "61", "length": 589, "length_cumulative": 194057 }, "geometry": { "type": "MultiLineString", "coordinates": [ [ [ 2206905.0, 5060484.0 ], [ 2206910.0, 5060463.0 ], [ 2206912.0, 5060455.0 ] ], [ [ 2206912.0, 5060455.0 ], [ 2206914.0, 5060448.0 ], [ 2206926.0, 5060399.0 ], [ 2206927.0, 5060394.0 ], [ 2206928.0, 5060386.0 ], [ 2206927.0, 5060375.0 ], [ 2206924.0, 5060363.0 ], [ 2206923.0, 5060359.0 ], [ 2206911.0, 5060316.0 ], [ 2206895.0, 5060257.0 ], [ 2206890.0, 5060235.0 ], [ 2206888.0, 5060227.0 ], [ 2206901.0, 5060221.0 ], [ 2206899.0, 5060208.0 ], [ 2206906.0, 5060205.0 ], [ 2206917.0, 5060199.0 ], [ 2206934.0, 5060190.0 ], [ 2206962.0, 5060173.0 ], [ 2207006.0, 5060146.0 ], [ 2207016.0, 5060139.0 ], [ 2207041.0, 5060124.0 ], [ 2207045.0, 5060120.0 ], [ 2207048.0, 5060119.0 ], [ 2207051.0, 5060117.0 ], [ 2207049.0, 5060113.0 ], [ 2207038.0, 5060091.0 ], [ 2207036.0, 5060086.0 ], [ 2207035.0, 5060084.0 ], [ 2207035.0, 5060082.0 ], [ 2207034.0, 5060080.0 ], [ 2207034.0, 5060078.0 ], [ 2207034.0, 5060076.0 ], [ 2207034.0, 5060074.0 ], [ 2207034.0, 5060072.0 ], [ 2207034.0, 5060070.0 ], [ 2207035.0, 5060068.0 ], [ 2207036.0, 5060066.0 ], [ 2207037.0, 5060064.0 ], [ 2207038.0, 5060062.0 ], [ 2207056.0, 5060037.0 ], [ 2207061.0, 5060031.0 ], [ 2207065.0, 5060024.0 ], [ 2207069.0, 5060018.0 ], [ 2207072.0, 5060012.0 ] ] ] } },
{ "type": "Feature", "properties": { "betweenness_centrality": "0.03188118811881188", "source": "1877231671.0", "target": "6810216294.0", "ordering_betweenness_centrality": "62", "length": 615, "length_cumulative": 194673 }, "geometry": { "type": "MultiLineString", "coordinates": [ [ [ 2208317.0, 5062396.0 ], [ 2208332.0, 5062370.0 ], [ 2208341.0, 5062354.0 ], [ 2208353.0, 5062336.0 ], [ 2208360.0, 5062327.0 ], [ 2208366.0, 5062324.0 ] ], [ [ 2208366.0, 5062324.0 ], [ 2208375.0, 5062323.0 ], [ 2208384.0, 5062324.0 ], [ 2208389.0, 5062326.0 ], [ 2208453.0, 5062366.0 ], [ 2208499.0, 5062395.0 ], [ 2208506.0, 5062399.0 ], [ 2208523.0, 5062373.0 ], [ 2208528.0, 5062364.0 ], [ 2208537.0, 5062370.0 ], [ 2208559.0, 5062384.0 ], [ 2208565.0, 5062377.0 ], [ 2208584.0, 5062374.0 ], [ 2208598.0, 5062371.0 ], [ 2208638.0, 5062365.0 ], [ 2208647.0, 5062383.0 ], [ 2208650.0, 5062387.0 ], [ 2208652.0, 5062391.0 ], [ 2208656.0, 5062394.0 ], [ 2208663.0, 5062399.0 ], [ 2208671.0, 5062379.0 ] ], [ [ 2208671.0, 5062379.0 ], [ 2208685.0, 5062343.0 ], [ 2208692.0, 5062337.0 ], [ 2208697.0, 5062334.0 ], [ 2208702.0, 5062333.0 ], [ 2208708.0, 5062332.0 ], [ 2208714.0, 5062332.0 ], [ 2208722.0, 5062333.0 ], [ 2208725.0, 5062338.0 ], [ 2208727.0, 5062339.0 ], [ 2208734.0, 5062348.0 ], [ 2208762.0, 5062383.0 ] ] ] } },
{ "type": "Feature", "properties": { "betweenness_centrality": "0.031683168316831684", "source": "4587022384.0", "target": "11432993447.0", "ordering_betweenness_centrality": "63", "length": 1036, "length_cumulative": 195710 }, "geometry": { "type": "MultiLineString", "coordinates": [ [ [ 2207998.0, 5063059.0 ], [ 2207995.0, 5063064.0 ] ], [ [ 2207995.0, 5063064.0 ], [ 2207991.0, 5063069.0 ], [ 2207980.0, 5063086.0 ], [ 2207964.0, 5063111.0 ], [ 2207959.0, 5063116.0 ], [ 2207953.0, 5063117.0 ], [ 2207948.0, 5063117.0 ], [ 2207937.0, 5063114.0 ] ], [ [ 2207937.0, 5063114.0 ], [ 2207932.0, 5063115.0 ], [ 2207928.0, 5063118.0 ], [ 2207925.0, 5063121.0 ], [ 2207913.0, 5063161.0 ], [ 2207912.0, 5063168.0 ], [ 2207911.0, 5063175.0 ], [ 2207913.0, 5063187.0 ], [ 2207914.0, 5063195.0 ], [ 2207914.0, 5063199.0 ], [ 2207885.0, 5063353.0 ], [ 2207882.0, 5063363.0 ], [ 2207872.0, 5063389.0 ], [ 2207863.0, 5063412.0 ], [ 2207854.0, 5063438.0 ], [ 2207850.0, 5063458.0 ], [ 2207849.0, 5063474.0 ], [ 2207849.0, 5063481.0 ], [ 2207849.0, 5063486.0 ], [ 2207849.0, 5063500.0 ], [ 2207851.0, 5063531.0 ], [ 2207854.0, 5063565.0 ], [ 2207857.0, 5063598.0 ], [ 2207857.0, 5063645.0 ], [ 2207857.0, 5063657.0 ], [ 2207856.0, 5063678.0 ], [ 2207855.0, 5063698.0 ], [ 2207852.0, 5063721.0 ], [ 2207848.0, 5063757.0 ], [ 2207843.0, 5063793.0 ], [ 2207921.0, 5063804.0 ], [ 2207916.0, 5063840.0 ], [ 2207950.0, 5063844.0 ], [ 2207960.0, 5063846.0 ], [ 2207967.0, 5063848.0 ], [ 2207973.0, 5063852.0 ], [ 2207977.0, 5063859.0 ], [ 2207979.0, 5063867.0 ], [ 2207980.0, 5063877.0 ], [ 2207980.0, 5063878.0 ], [ 2207995.0, 5063884.0 ], [ 2208006.0, 5063888.0 ], [ 2208011.0, 5063888.0 ], [ 2208015.0, 5063890.0 ], [ 2208019.0, 5063896.0 ] ] ] } },
{ "type": "Feature", "properties": { "betweenness_centrality": "0.03128712871287129", "source": "2618516706.0", "target": "7976384016.0", "ordering_betweenness_centrality": "64", "length": 636, "length_cumulative": 196346 }, "geometry": { "type": "MultiLineString", "coordinates": [ [ [ 2204417.0, 5059477.0 ], [ 2204412.0, 5059494.0 ], [ 2204419.0, 5059496.0 ], [ 2204461.0, 5059508.0 ], [ 2204482.0, 5059514.0 ], [ 2204486.0, 5059515.0 ], [ 2204493.0, 5059512.0 ], [ 2204520.0, 5059497.0 ], [ 2204525.0, 5059493.0 ], [ 2204531.0, 5059495.0 ], [ 2204538.0, 5059494.0 ], [ 2204547.0, 5059496.0 ], [ 2204556.0, 5059499.0 ], [ 2204585.0, 5059535.0 ], [ 2204593.0, 5059545.0 ], [ 2204600.0, 5059550.0 ], [ 2204600.0, 5059546.0 ], [ 2204601.0, 5059542.0 ], [ 2204615.0, 5059532.0 ], [ 2204631.0, 5059521.0 ], [ 2204639.0, 5059517.0 ], [ 2204652.0, 5059511.0 ], [ 2204665.0, 5059509.0 ], [ 2204672.0, 5059509.0 ], [ 2204675.0, 5059509.0 ], [ 2204678.0, 5059508.0 ], [ 2204683.0, 5059506.0 ], [ 2204710.0, 5059487.0 ], [ 2204714.0, 5059486.0 ], [ 2204719.0, 5059488.0 ], [ 2204744.0, 5059527.0 ], [ 2204746.0, 5059529.0 ], [ 2204793.0, 5059606.0 ] ], [ [ 2204793.0, 5059606.0 ], [ 2204813.0, 5059640.0 ], [ 2204815.0, 5059644.0 ], [ 2204842.0, 5059626.0 ], [ 2204848.0, 5059636.0 ], [ 2204871.0, 5059621.0 ] ] ] } },
{ "type": "Feature", "properties": { "betweenness_centrality": "0.03128712871287129", "source": "4587669914.0", "target": "11342006038.0", "ordering_betweenness_centrality": "65", "length": 851, "length_cumulative": 197198 }, "geometry": { "type": "LineString", "coordinates": [ [ 2205875.0, 5062833.0 ], [ 2205845.0, 5062897.0 ], [ 2205839.0, 5062906.0 ], [ 2205832.0, 5062915.0 ], [ 2205805.0, 5062937.0 ], [ 2205800.0, 5062939.0 ], [ 2205793.0, 5062940.0 ], [ 2205792.0, 5062946.0 ], [ 2205782.0, 5062985.0 ], [ 2205740.0, 5063173.0 ], [ 2205741.0, 5063175.0 ], [ 2205739.0, 5063186.0 ], [ 2205737.0, 5063187.0 ], [ 2205735.0, 5063186.0 ], [ 2205724.0, 5063184.0 ], [ 2205710.0, 5063181.0 ], [ 2205703.0, 5063180.0 ], [ 2205702.0, 5063187.0 ], [ 2205698.0, 5063203.0 ], [ 2205687.0, 5063252.0 ], [ 2205677.0, 5063249.0 ], [ 2205671.0, 5063278.0 ], [ 2205617.0, 5063541.0 ], [ 2205615.0, 5063551.0 ], [ 2205613.0, 5063557.0 ], [ 2205589.0, 5063553.0 ] ] } },
{ "type": "Feature", "properties": { "betweenness_centrality": "0.02930693069306931", "source": "6315664514.0", "target": "11976476255.0", "ordering_betweenness_centrality": "66", "length": 714, "length_cumulative": 197912 }, "geometry": { "type": "MultiLineString", "coordinates": [ [ [ 2206547.0, 5060928.0 ], [ 2206512.0, 5060919.0 ], [ 2206494.0, 5060915.0 ], [ 2206466.0, 5060907.0 ], [ 2206440.0, 5060901.0 ], [ 2206406.0, 5060892.0 ] ], [ [ 2206408.0, 5060881.0 ], [ 2206241.0, 5060846.0 ], [ 2206247.0, 5060819.0 ], [ 2206247.0, 5060817.0 ], [ 2206252.0, 5060793.0 ], [ 2206267.0, 5060722.0 ], [ 2206268.0, 5060719.0 ], [ 2206268.0, 5060716.0 ], [ 2206272.0, 5060711.0 ], [ 2206271.0, 5060709.0 ], [ 2206267.0, 5060704.0 ], [ 2206263.0, 5060696.0 ], [ 2206259.0, 5060690.0 ], [ 2206253.0, 5060682.0 ], [ 2206246.0, 5060673.0 ], [ 2206238.0, 5060665.0 ], [ 2206235.0, 5060662.0 ], [ 2206233.0, 5060658.0 ], [ 2206231.0, 5060652.0 ], [ 2206231.0, 5060644.0 ], [ 2206236.0, 5060619.0 ], [ 2206253.0, 5060538.0 ], [ 2206255.0, 5060526.0 ], [ 2206255.0, 5060525.0 ], [ 2206264.0, 5060487.0 ], [ 2206266.0, 5060476.0 ], [ 2206273.0, 5060478.0 ] ] ] } },
{ "type": "Feature", "properties": { "betweenness_centrality": "0.028712871287128714", "source": "6288499155.0", "target": "5863041152.0", "ordering_betweenness_centrality": "67", "length": 630, "length_cumulative": 198543 }, "geometry": { "type": "MultiLineString", "coordinates": [ [ [ 2206199.0, 5059541.0 ], [ 2206203.0, 5059542.0 ], [ 2206204.0, 5059540.0 ], [ 2206213.0, 5059496.0 ], [ 2206216.0, 5059484.0 ], [ 2206227.0, 5059429.0 ], [ 2206236.0, 5059383.0 ], [ 2206243.0, 5059351.0 ], [ 2206247.0, 5059332.0 ], [ 2206251.0, 5059314.0 ], [ 2206258.0, 5059278.0 ], [ 2206272.0, 5059216.0 ] ], [ [ 2206272.0, 5059216.0 ], [ 2206279.0, 5059182.0 ], [ 2206281.0, 5059176.0 ], [ 2206283.0, 5059171.0 ], [ 2206287.0, 5059167.0 ], [ 2206294.0, 5059163.0 ], [ 2206298.0, 5059163.0 ], [ 2206303.0, 5059163.0 ], [ 2206308.0, 5059167.0 ], [ 2206304.0, 5059159.0 ], [ 2206300.0, 5059153.0 ], [ 2206302.0, 5059128.0 ], [ 2206303.0, 5059122.0 ], [ 2206304.0, 5059102.0 ], [ 2206304.0, 5059082.0 ], [ 2206305.0, 5059059.0 ], [ 2206303.0, 5059043.0 ], [ 2206303.0, 5059035.0 ], [ 2206301.0, 5059021.0 ], [ 2206294.0, 5058999.0 ], [ 2206282.0, 5058979.0 ], [ 2206268.0, 5058962.0 ] ] ] } },
{ "type": "Feature", "properties": { "betweenness_centrality": "0.028712871287128714", "source": "1843585054.0", "target": "3787682972.0", "ordering_betweenness_centrality": "68", "length": 1050, "length_cumulative": 199593 }, "geometry": { "type": "MultiLineString", "coordinates": [ [ [ 2206521.0, 5062522.0 ], [ 2206556.0, 5062490.0 ], [ 2206586.0, 5062517.0 ], [ 2206616.0, 5062544.0 ], [ 2206638.0, 5062563.0 ], [ 2206656.0, 5062579.0 ], [ 2206695.0, 5062608.0 ], [ 2206708.0, 5062617.0 ], [ 2206740.0, 5062635.0 ] ], [ [ 2206740.0, 5062635.0 ], [ 2206785.0, 5062660.0 ], [ 2206799.0, 5062664.0 ], [ 2206807.0, 5062666.0 ], [ 2206837.0, 5062669.0 ], [ 2206840.0, 5062669.0 ], [ 2206844.0, 5062670.0 ], [ 2206881.0, 5062672.0 ], [ 2206900.0, 5062672.0 ], [ 2206892.0, 5062717.0 ], [ 2206915.0, 5062722.0 ], [ 2206916.0, 5062740.0 ], [ 2206938.0, 5062744.0 ], [ 2206933.0, 5062767.0 ], [ 2206932.0, 5062776.0 ], [ 2206940.0, 5062777.0 ], [ 2206944.0, 5062778.0 ], [ 2206998.0, 5062789.0 ], [ 2207004.0, 5062790.0 ], [ 2207036.0, 5062798.0 ], [ 2207047.0, 5062800.0 ], [ 2207037.0, 5062845.0 ], [ 2207021.0, 5062916.0 ], [ 2207177.0, 5062949.0 ], [ 2207180.0, 5062951.0 ], [ 2207183.0, 5062953.0 ], [ 2207190.0, 5062958.0 ], [ 2207195.0, 5062962.0 ], [ 2207204.0, 5062970.0 ], [ 2207215.0, 5062978.0 ], [ 2207229.0, 5062982.0 ] ] ] } },
{ "type": "Feature", "properties": { "betweenness_centrality": "0.02811881188118812", "source": "6274653702.0", "target": "4655549071.0", "ordering_betweenness_centrality": "69", "length": 567, "length_cumulative": 200161 }, "geometry": { "type": "MultiLineString", "coordinates": [ [ [ 2206130.0, 5061205.0 ], [ 2206109.0, 5061300.0 ], [ 2206101.0, 5061299.0 ], [ 2206096.0, 5061322.0 ], [ 2206084.0, 5061379.0 ], [ 2206073.0, 5061432.0 ], [ 2206072.0, 5061436.0 ], [ 2206062.0, 5061434.0 ] ], [ [ 2206062.0, 5061434.0 ], [ 2206052.0, 5061431.0 ], [ 2206046.0, 5061430.0 ], [ 2206033.0, 5061486.0 ], [ 2205986.0, 5061476.0 ], [ 2205972.0, 5061481.0 ], [ 2205953.0, 5061489.0 ] ], [ [ 2205921.0, 5061555.0 ], [ 2205935.0, 5061562.0 ], [ 2205943.0, 5061567.0 ], [ 2205932.0, 5061592.0 ], [ 2205919.0, 5061621.0 ], [ 2205905.0, 5061649.0 ], [ 2205892.0, 5061673.0 ], [ 2205886.0, 5061682.0 ] ] ] } },
{ "type": "Feature", "properties": { "betweenness_centrality": "0.02792079207920792", "source": "1859403463.0", "target": "4663179987.0", "ordering_betweenness_centrality": "70", "length": 1048, "length_cumulative": 201209 }, "geometry": { "type": "MultiLineString", "coordinates": [ [ [ 2207217.0, 5061714.0 ], [ 2207274.0, 5061743.0 ], [ 2207279.0, 5061745.0 ], [ 2207289.0, 5061722.0 ], [ 2207300.0, 5061727.0 ], [ 2207317.0, 5061736.0 ], [ 2207365.0, 5061761.0 ], [ 2207382.0, 5061770.0 ], [ 2207385.0, 5061772.0 ], [ 2207414.0, 5061787.0 ], [ 2207458.0, 5061810.0 ], [ 2207503.0, 5061834.0 ], [ 2207534.0, 5061851.0 ], [ 2207540.0, 5061854.0 ], [ 2207567.0, 5061869.0 ], [ 2207592.0, 5061883.0 ], [ 2207615.0, 5061894.0 ], [ 2207687.0, 5061932.0 ], [ 2207693.0, 5061935.0 ], [ 2207701.0, 5061919.0 ], [ 2207703.0, 5061920.0 ], [ 2207712.0, 5061925.0 ], [ 2207715.0, 5061926.0 ], [ 2207720.0, 5061916.0 ], [ 2207729.0, 5061900.0 ], [ 2207773.0, 5061818.0 ], [ 2207792.0, 5061781.0 ], [ 2207796.0, 5061783.0 ], [ 2207801.0, 5061773.0 ], [ 2207812.0, 5061751.0 ], [ 2207828.0, 5061720.0 ], [ 2207840.0, 5061696.0 ], [ 2207842.0, 5061694.0 ], [ 2207850.0, 5061678.0 ], [ 2207857.0, 5061664.0 ], [ 2207866.0, 5061669.0 ], [ 2207867.0, 5061667.0 ], [ 2207881.0, 5061640.0 ], [ 2207886.0, 5061629.0 ], [ 2207891.0, 5061619.0 ], [ 2207893.0, 5061612.0 ], [ 2207896.0, 5061602.0 ] ], [ [ 2207896.0, 5061602.0 ], [ 2207898.0, 5061598.0 ], [ 2207900.0, 5061589.0 ], [ 2207904.0, 5061573.0 ], [ 2207911.0, 5061527.0 ] ] ] } },
{ "type": "Feature", "properties": { "betweenness_centrality": "0.02792079207920792", "source": "4653389036.0", "target": "11976476255.0", "ordering_betweenness_centrality": "71", "length": 597, "length_cumulative": 201807 }, "geometry": { "type": "LineString", "coordinates": [ [ 2206241.0, 5060846.0 ], [ 2206166.0, 5060844.0 ], [ 2206125.0, 5060855.0 ], [ 2206069.0, 5060857.0 ], [ 2206027.0, 5060851.0 ], [ 2206025.0, 5060851.0 ], [ 2206049.0, 5060759.0 ], [ 2206006.0, 5060750.0 ], [ 2205971.0, 5060743.0 ], [ 2205964.0, 5060741.0 ], [ 2205959.0, 5060740.0 ], [ 2205954.0, 5060739.0 ], [ 2205946.0, 5060738.0 ], [ 2205941.0, 5060737.0 ], [ 2205909.0, 5060730.0 ], [ 2205845.0, 5060717.0 ], [ 2205850.0, 5060697.0 ], [ 2205851.0, 5060691.0 ], [ 2205853.0, 5060684.0 ], [ 2205854.0, 5060682.0 ], [ 2205857.0, 5060680.0 ], [ 2205860.0, 5060680.0 ], [ 2205864.0, 5060681.0 ], [ 2205878.0, 5060684.0 ], [ 2205883.0, 5060684.0 ], [ 2205888.0, 5060683.0 ], [ 2205890.0, 5060679.0 ] ] } },
{ "type": "Feature", "properties": { "betweenness_centrality": "0.027722772277227723", "source": "6810216294.0", "target": "4622126582.0", "ordering_betweenness_centrality": "72", "length": 1291, "length_cumulative": 203099 }, "geometry": { "type": "MultiLineString", "coordinates": [ [ [ 2209886.0, 5061791.0 ], [ 2209886.0, 5061788.0 ], [ 2209830.0, 5061788.0 ], [ 2209812.0, 5061789.0 ], [ 2209795.0, 5061790.0 ], [ 2209763.0, 5061792.0 ], [ 2209742.0, 5061794.0 ], [ 2209722.0, 5061797.0 ], [ 2209705.0, 5061795.0 ], [ 2209684.0, 5061797.0 ], [ 2209680.0, 5061781.0 ], [ 2209664.0, 5061787.0 ], [ 2209651.0, 5061789.0 ], [ 2209647.0, 5061786.0 ], [ 2209636.0, 5061791.0 ], [ 2209616.0, 5061797.0 ], [ 2209596.0, 5061800.0 ], [ 2209587.0, 5061803.0 ], [ 2209578.0, 5061803.0 ], [ 2209567.0, 5061815.0 ], [ 2209556.0, 5061830.0 ], [ 2209536.0, 5061862.0 ], [ 2209528.0, 5061874.0 ], [ 2209523.0, 5061880.0 ], [ 2209519.0, 5061884.0 ], [ 2209515.0, 5061888.0 ], [ 2209512.0, 5061891.0 ], [ 2209487.0, 5061907.0 ], [ 2209472.0, 5061917.0 ], [ 2209465.0, 5061920.0 ], [ 2209457.0, 5061924.0 ], [ 2209436.0, 5061932.0 ], [ 2209394.0, 5061946.0 ], [ 2209364.0, 5061955.0 ], [ 2209349.0, 5061959.0 ], [ 2209336.0, 5061961.0 ], [ 2209327.0, 5061963.0 ], [ 2209315.0, 5061964.0 ], [ 2209295.0, 5061966.0 ], [ 2209283.0, 5061968.0 ], [ 2209273.0, 5061971.0 ], [ 2209264.0, 5061975.0 ], [ 2209256.0, 5061979.0 ], [ 2209249.0, 5061985.0 ], [ 2209243.0, 5061991.0 ], [ 2209236.0, 5061999.0 ], [ 2209227.0, 5062014.0 ], [ 2209223.0, 5062018.0 ], [ 2209215.0, 5062022.0 ], [ 2209210.0, 5062023.0 ], [ 2209204.0, 5062024.0 ], [ 2209188.0, 5062026.0 ], [ 2209159.0, 5062027.0 ], [ 2209150.0, 5062028.0 ], [ 2209140.0, 5062029.0 ], [ 2209099.0, 5062037.0 ], [ 2209075.0, 5062043.0 ], [ 2209056.0, 5062047.0 ], [ 2209043.0, 5062052.0 ], [ 2209030.0, 5062056.0 ], [ 2208988.0, 5062072.0 ], [ 2208970.0, 5062080.0 ], [ 2208966.0, 5062082.0 ], [ 2208954.0, 5062088.0 ], [ 2208916.0, 5062112.0 ], [ 2208904.0, 5062119.0 ], [ 2208880.0, 5062137.0 ], [ 2208860.0, 5062154.0 ], [ 2208858.0, 5062156.0 ], [ 2208829.0, 5062183.0 ], [ 2208869.0, 5062213.0 ] ], [ [ 2208809.0, 5062285.0 ], [ 2208840.0, 5062309.0 ] ] ] } },
{ "type": "Feature", "properties": { "betweenness_centrality": "0.027524752475247525", "source": "4658918786.0", "target": "4587669753.0", "ordering_betweenness_centrality": "73", "length": 305, "length_cumulative": 203404 }, "geometry": { "type": "MultiLineString", "coordinates": [ [ [ 2206372.0, 5061918.0 ], [ 2206370.0, 5061917.0 ], [ 2206348.0, 5061908.0 ], [ 2206342.0, 5061906.0 ], [ 2206335.0, 5061908.0 ], [ 2206310.0, 5061897.0 ], [ 2206309.0, 5061895.0 ], [ 2206306.0, 5061904.0 ], [ 2206305.0, 5061906.0 ], [ 2206292.0, 5061929.0 ], [ 2206285.0, 5061938.0 ], [ 2206260.0, 5061944.0 ], [ 2206256.0, 5061927.0 ], [ 2206252.0, 5061929.0 ], [ 2206249.0, 5061929.0 ], [ 2206230.0, 5061928.0 ], [ 2206211.0, 5061925.0 ] ], [ [ 2206210.0, 5061928.0 ], [ 2206187.0, 5061920.0 ], [ 2206181.0, 5061917.0 ] ], [ [ 2206187.0, 5061903.0 ], [ 2206158.0, 5061891.0 ] ], [ [ 2206087.0, 5062033.0 ], [ 2206086.0, 5062035.0 ], [ 2206067.0, 5062042.0 ], [ 2206061.0, 5062052.0 ] ] ] } },
{ "type": "Feature", "properties": { "betweenness_centrality": "0.027524752475247525", "source": "4663130882.0", "target": "6810216294.0", "ordering_betweenness_centrality": "74", "length": 674, "length_cumulative": 204078 }, "geometry": { "type": "MultiLineString", "coordinates": [ [ [ 2208211.0, 5061900.0 ], [ 2208239.0, 5061916.0 ] ], [ [ 2208239.0, 5061916.0 ], [ 2208266.0, 5061934.0 ], [ 2208306.0, 5061959.0 ], [ 2208319.0, 5061967.0 ], [ 2208335.0, 5061978.0 ], [ 2208338.0, 5061980.0 ], [ 2208345.0, 5061985.0 ], [ 2208365.0, 5062000.0 ], [ 2208378.0, 5062010.0 ], [ 2208397.0, 5062024.0 ], [ 2208424.0, 5062044.0 ], [ 2208431.0, 5062050.0 ], [ 2208438.0, 5062055.0 ], [ 2208448.0, 5062062.0 ], [ 2208450.0, 5062063.0 ], [ 2208460.0, 5062071.0 ], [ 2208465.0, 5062074.0 ], [ 2208486.0, 5062090.0 ], [ 2208521.0, 5062116.0 ], [ 2208530.0, 5062123.0 ], [ 2208546.0, 5062136.0 ], [ 2208557.0, 5062146.0 ], [ 2208585.0, 5062175.0 ], [ 2208617.0, 5062212.0 ], [ 2208651.0, 5062250.0 ], [ 2208660.0, 5062260.0 ], [ 2208673.0, 5062274.0 ], [ 2208689.0, 5062293.0 ], [ 2208691.0, 5062295.0 ], [ 2208703.0, 5062310.0 ], [ 2208722.0, 5062333.0 ] ] ] } },
{ "type": "Feature", "properties": { "betweenness_centrality": "0.027524752475247525", "source": "11137304620.0", "target": "2443530780.0", "ordering_betweenness_centrality": "75", "length": 644, "length_cumulative": 204722 }, "geometry": { "type": "MultiLineString", "coordinates": [ [ [ 2207416.0, 5060417.0 ], [ 2207414.0, 5060421.0 ], [ 2207412.0, 5060424.0 ], [ 2207411.0, 5060427.0 ], [ 2207407.0, 5060435.0 ], [ 2207405.0, 5060439.0 ], [ 2207403.0, 5060443.0 ], [ 2207398.0, 5060451.0 ], [ 2207396.0, 5060455.0 ], [ 2207395.0, 5060459.0 ], [ 2207393.0, 5060463.0 ], [ 2207392.0, 5060467.0 ], [ 2207390.0, 5060474.0 ], [ 2207384.0, 5060473.0 ], [ 2207375.0, 5060471.0 ], [ 2207361.0, 5060469.0 ], [ 2207351.0, 5060468.0 ], [ 2207342.0, 5060467.0 ] ], [ [ 2207342.0, 5060467.0 ], [ 2207307.0, 5060465.0 ], [ 2207303.0, 5060464.0 ], [ 2207297.0, 5060464.0 ], [ 2207261.0, 5060461.0 ], [ 2207247.0, 5060460.0 ], [ 2207205.0, 5060457.0 ], [ 2207195.0, 5060456.0 ], [ 2207174.0, 5060454.0 ], [ 2207167.0, 5060453.0 ], [ 2207156.0, 5060453.0 ], [ 2207146.0, 5060453.0 ], [ 2207136.0, 5060454.0 ], [ 2207132.0, 5060454.0 ], [ 2207127.0, 5060455.0 ], [ 2207122.0, 5060456.0 ], [ 2207113.0, 5060460.0 ], [ 2207105.0, 5060464.0 ], [ 2207070.0, 5060483.0 ] ], [ [ 2207070.0, 5060483.0 ], [ 2207065.0, 5060486.0 ] ], [ [ 2207065.0, 5060486.0 ], [ 2207055.0, 5060492.0 ], [ 2207052.0, 5060494.0 ], [ 2207043.0, 5060500.0 ], [ 2207038.0, 5060504.0 ], [ 2207019.0, 5060484.0 ], [ 2206956.0, 5060415.0 ], [ 2206951.0, 5060424.0 ], [ 2206946.0, 5060420.0 ], [ 2206944.0, 5060422.0 ], [ 2206932.0, 5060465.0 ], [ 2206931.0, 5060474.0 ] ], [ [ 2206931.0, 5060474.0 ], [ 2206931.0, 5060485.0 ] ], [ [ 2206931.0, 5060485.0 ], [ 2206930.0, 5060495.0 ] ] ] } },
{ "type": "Feature", "properties": { "betweenness_centrality": "0.027128712871287132", "source": "3184343523.0", "target": "4621966541.0", "ordering_betweenness_centrality": "76", "length": 1215, "length_cumulative": 205938 }, "geometry": { "type": "MultiLineString", "coordinates": [ [ [ 2208779.0, 5060484.0 ], [ 2208767.0, 5060490.0 ], [ 2208760.0, 5060493.0 ], [ 2208753.0, 5060496.0 ], [ 2208734.0, 5060509.0 ], [ 2208733.0, 5060499.0 ], [ 2208734.0, 5060492.0 ], [ 2208738.0, 5060484.0 ], [ 2208742.0, 5060476.0 ], [ 2208716.0, 5060427.0 ], [ 2208755.0, 5060403.0 ], [ 2208750.0, 5060394.0 ], [ 2208771.0, 5060378.0 ], [ 2208772.0, 5060376.0 ], [ 2208772.0, 5060374.0 ], [ 2208770.0, 5060366.0 ], [ 2208750.0, 5060318.0 ], [ 2208743.0, 5060322.0 ], [ 2208730.0, 5060329.0 ], [ 2208719.0, 5060336.0 ], [ 2208702.0, 5060345.0 ], [ 2208695.0, 5060349.0 ], [ 2208688.0, 5060353.0 ], [ 2208673.0, 5060361.0 ], [ 2208645.0, 5060376.0 ], [ 2208634.0, 5060382.0 ], [ 2208625.0, 5060386.0 ], [ 2208613.0, 5060391.0 ], [ 2208603.0, 5060395.0 ], [ 2208592.0, 5060400.0 ], [ 2208586.0, 5060403.0 ], [ 2208580.0, 5060407.0 ], [ 2208573.0, 5060413.0 ], [ 2208567.0, 5060419.0 ], [ 2208563.0, 5060422.0 ], [ 2208560.0, 5060426.0 ], [ 2208555.0, 5060429.0 ], [ 2208549.0, 5060432.0 ], [ 2208543.0, 5060435.0 ], [ 2208534.0, 5060441.0 ], [ 2208525.0, 5060446.0 ], [ 2208516.0, 5060450.0 ], [ 2208510.0, 5060452.0 ], [ 2208503.0, 5060454.0 ], [ 2208498.0, 5060456.0 ], [ 2208493.0, 5060457.0 ], [ 2208483.0, 5060458.0 ], [ 2208475.0, 5060460.0 ], [ 2208465.0, 5060460.0 ], [ 2208450.0, 5060461.0 ], [ 2208438.0, 5060460.0 ], [ 2208428.0, 5060460.0 ], [ 2208419.0, 5060459.0 ], [ 2208410.0, 5060458.0 ], [ 2208402.0, 5060456.0 ], [ 2208395.0, 5060454.0 ], [ 2208386.0, 5060450.0 ], [ 2208377.0, 5060444.0 ], [ 2208362.0, 5060434.0 ], [ 2208355.0, 5060429.0 ], [ 2208320.0, 5060405.0 ], [ 2208280.0, 5060378.0 ] ], [ [ 2208280.0, 5060378.0 ], [ 2208267.0, 5060370.0 ], [ 2208242.0, 5060355.0 ], [ 2208221.0, 5060343.0 ], [ 2208214.0, 5060339.0 ], [ 2208194.0, 5060328.0 ] ], [ [ 2208194.0, 5060328.0 ], [ 2208185.0, 5060323.0 ], [ 2208173.0, 5060316.0 ], [ 2208156.0, 5060309.0 ], [ 2208145.0, 5060305.0 ], [ 2208131.0, 5060300.0 ], [ 2208122.0, 5060297.0 ], [ 2208099.0, 5060292.0 ], [ 2208073.0, 5060286.0 ], [ 2208055.0, 5060282.0 ], [ 2208041.0, 5060278.0 ], [ 2208026.0, 5060275.0 ], [ 2208018.0, 5060271.0 ], [ 2208012.0, 5060269.0 ], [ 2207998.0, 5060262.0 ], [ 2207973.0, 5060250.0 ], [ 2207919.0, 5060224.0 ] ] ] } },
{ "type": "Feature", "properties": { "betweenness_centrality": "0.026930693069306934", "source": "571094423.0", "target": "3623300571.0", "ordering_betweenness_centrality": "77", "length": 695, "length_cumulative": 206633 }, "geometry": { "type": "MultiLineString", "coordinates": [ [ [ 2208854.0, 5061819.0 ], [ 2208844.0, 5061808.0 ], [ 2208835.0, 5061799.0 ], [ 2208822.0, 5061785.0 ], [ 2208779.0, 5061738.0 ], [ 2208754.0, 5061707.0 ], [ 2208743.0, 5061695.0 ], [ 2208739.0, 5061690.0 ], [ 2208733.0, 5061685.0 ], [ 2208728.0, 5061683.0 ], [ 2208723.0, 5061680.0 ], [ 2208725.0, 5061669.0 ], [ 2208729.0, 5061653.0 ], [ 2208715.0, 5061638.0 ], [ 2208721.0, 5061616.0 ], [ 2208719.0, 5061606.0 ] ], [ [ 2208719.0, 5061606.0 ], [ 2208718.0, 5061599.0 ] ], [ [ 2208718.0, 5061599.0 ], [ 2208718.0, 5061596.0 ], [ 2208710.0, 5061551.0 ], [ 2208710.0, 5061549.0 ] ], [ [ 2208710.0, 5061549.0 ], [ 2208709.0, 5061541.0 ] ], [ [ 2208709.0, 5061541.0 ], [ 2208707.0, 5061533.0 ], [ 2208675.0, 5061535.0 ], [ 2208675.0, 5061523.0 ], [ 2208643.0, 5061521.0 ], [ 2208633.0, 5061519.0 ], [ 2208623.0, 5061518.0 ], [ 2208614.0, 5061516.0 ], [ 2208606.0, 5061512.0 ], [ 2208566.0, 5061461.0 ], [ 2208566.0, 5061455.0 ], [ 2208564.0, 5061450.0 ], [ 2208561.0, 5061446.0 ], [ 2208557.0, 5061442.0 ], [ 2208547.0, 5061436.0 ] ], [ [ 2208547.0, 5061436.0 ], [ 2208539.0, 5061430.0 ], [ 2208534.0, 5061426.0 ], [ 2208532.0, 5061422.0 ], [ 2208529.0, 5061417.0 ], [ 2208527.0, 5061413.0 ] ], [ [ 2208527.0, 5061413.0 ], [ 2208504.0, 5061393.0 ], [ 2208501.0, 5061390.0 ], [ 2208501.0, 5061387.0 ], [ 2208501.0, 5061385.0 ], [ 2208506.0, 5061376.0 ], [ 2208520.0, 5061351.0 ], [ 2208527.0, 5061335.0 ], [ 2208527.0, 5061332.0 ], [ 2208527.0, 5061328.0 ] ] ] } },
{ "type": "Feature", "properties": { "betweenness_centrality": "0.026930693069306934", "source": "4663179987.0", "target": "571094423.0", "ordering_betweenness_centrality": "78", "length": 574, "length_cumulative": 207208 }, "geometry": { "type": "MultiLineString", "coordinates": [ [ [ 2207998.0, 5061386.0 ], [ 2208005.0, 5061362.0 ], [ 2208010.0, 5061345.0 ], [ 2208015.0, 5061334.0 ], [ 2208019.0, 5061329.0 ] ], [ [ 2208052.0, 5061342.0 ], [ 2208066.0, 5061313.0 ], [ 2208103.0, 5061334.0 ], [ 2208131.0, 5061350.0 ] ], [ [ 2208134.0, 5061344.0 ], [ 2208226.0, 5061397.0 ], [ 2208234.0, 5061401.0 ], [ 2208242.0, 5061406.0 ], [ 2208249.0, 5061394.0 ], [ 2208270.0, 5061359.0 ], [ 2208275.0, 5061350.0 ], [ 2208283.0, 5061346.0 ], [ 2208292.0, 5061333.0 ], [ 2208301.0, 5061320.0 ], [ 2208311.0, 5061307.0 ], [ 2208324.0, 5061292.0 ], [ 2208339.0, 5061275.0 ], [ 2208360.0, 5061253.0 ], [ 2208380.0, 5061235.0 ], [ 2208388.0, 5061229.0 ], [ 2208396.0, 5061223.0 ], [ 2208407.0, 5061216.0 ], [ 2208413.0, 5061210.0 ], [ 2208419.0, 5061203.0 ], [ 2208421.0, 5061195.0 ] ] ] } },
{ "type": "Feature", "properties": { "betweenness_centrality": "0.026534653465346537", "source": "5863041152.0", "target": "1840198278.0", "ordering_betweenness_centrality": "79", "length": 606, "length_cumulative": 207814 }, "geometry": { "type": "LineString", "coordinates": [ [ 2206268.0, 5058962.0 ], [ 2206262.0, 5058956.0 ], [ 2206248.0, 5058945.0 ], [ 2206235.0, 5058938.0 ], [ 2206224.0, 5058932.0 ], [ 2206215.0, 5058926.0 ], [ 2206209.0, 5058921.0 ], [ 2206203.0, 5058915.0 ], [ 2206195.0, 5058905.0 ], [ 2206188.0, 5058894.0 ], [ 2206172.0, 5058865.0 ], [ 2206150.0, 5058824.0 ], [ 2206130.0, 5058782.0 ], [ 2206124.0, 5058769.0 ], [ 2206122.0, 5058761.0 ], [ 2206121.0, 5058760.0 ], [ 2206119.0, 5058757.0 ], [ 2206118.0, 5058756.0 ], [ 2206115.0, 5058754.0 ], [ 2206114.0, 5058753.0 ], [ 2206112.0, 5058752.0 ], [ 2206108.0, 5058749.0 ], [ 2206103.0, 5058745.0 ], [ 2206101.0, 5058745.0 ], [ 2206084.0, 5058735.0 ], [ 2206042.0, 5058714.0 ], [ 2206035.0, 5058710.0 ], [ 2206032.0, 5058708.0 ], [ 2206028.0, 5058705.0 ], [ 2206026.0, 5058703.0 ], [ 2206015.0, 5058705.0 ], [ 2205996.0, 5058707.0 ], [ 2205928.0, 5058715.0 ], [ 2205920.0, 5058707.0 ], [ 2205916.0, 5058701.0 ], [ 2205911.0, 5058702.0 ], [ 2205894.0, 5058705.0 ], [ 2205882.0, 5058706.0 ], [ 2205880.0, 5058700.0 ], [ 2205877.0, 5058691.0 ], [ 2205875.0, 5058686.0 ], [ 2205873.0, 5058680.0 ], [ 2205871.0, 5058673.0 ], [ 2205869.0, 5058665.0 ], [ 2205867.0, 5058654.0 ], [ 2205864.0, 5058641.0 ], [ 2205862.0, 5058632.0 ], [ 2205859.0, 5058624.0 ] ] } },
{ "type": "Feature", "properties": { "betweenness_centrality": "0.02613861386138614", "source": "4585192008.0", "target": "11432993447.0", "ordering_betweenness_centrality": "80", "length": 1135, "length_cumulative": 208950 }, "geometry": { "type": "LineString", "coordinates": [ [ 2208080.0, 5063900.0 ], [ 2208087.0, 5063901.0 ], [ 2208251.0, 5063922.0 ], [ 2208261.0, 5063886.0 ], [ 2208264.0, 5063894.0 ], [ 2208267.0, 5063900.0 ], [ 2208272.0, 5063905.0 ], [ 2208280.0, 5063912.0 ], [ 2208293.0, 5063921.0 ], [ 2208308.0, 5063930.0 ], [ 2208344.0, 5063945.0 ], [ 2208354.0, 5063950.0 ], [ 2208385.0, 5063962.0 ], [ 2208392.0, 5063966.0 ], [ 2208397.0, 5063972.0 ], [ 2208401.0, 5063978.0 ], [ 2208404.0, 5063984.0 ], [ 2208406.0, 5063991.0 ], [ 2208407.0, 5063997.0 ], [ 2208407.0, 5063999.0 ], [ 2208408.0, 5064009.0 ], [ 2208407.0, 5064017.0 ], [ 2208405.0, 5064023.0 ], [ 2208400.0, 5064044.0 ], [ 2208390.0, 5064075.0 ], [ 2208410.0, 5064086.0 ], [ 2208416.0, 5064090.0 ], [ 2208420.0, 5064094.0 ], [ 2208463.0, 5064141.0 ], [ 2208510.0, 5064202.0 ], [ 2208522.0, 5064194.0 ], [ 2208564.0, 5064166.0 ], [ 2208574.0, 5064183.0 ], [ 2208587.0, 5064204.0 ], [ 2208605.0, 5064191.0 ], [ 2208620.0, 5064182.0 ], [ 2208641.0, 5064218.0 ], [ 2208654.0, 5064225.0 ], [ 2208664.0, 5064229.0 ], [ 2208669.0, 5064237.0 ], [ 2208673.0, 5064249.0 ], [ 2208673.0, 5064258.0 ], [ 2208675.0, 5064269.0 ], [ 2208679.0, 5064284.0 ], [ 2208693.0, 5064312.0 ], [ 2208697.0, 5064325.0 ], [ 2208701.0, 5064339.0 ], [ 2208703.0, 5064351.0 ], [ 2208702.0, 5064359.0 ], [ 2208699.0, 5064367.0 ], [ 2208685.0, 5064375.0 ], [ 2208673.0, 5064381.0 ], [ 2208666.0, 5064383.0 ], [ 2208657.0, 5064384.0 ], [ 2208648.0, 5064387.0 ], [ 2208633.0, 5064394.0 ], [ 2208622.0, 5064401.0 ], [ 2208600.0, 5064422.0 ] ] } },
{ "type": "Feature", "properties": { "betweenness_centrality": "0.02613861386138614", "source": "1854610620.0", "target": "4663284211.0", "ordering_betweenness_centrality": "81", "length": 888, "length_cumulative": 209839 }, "geometry": { "type": "LineString", "coordinates": [ [ 2203791.0, 5061160.0 ], [ 2203802.0, 5061157.0 ], [ 2203811.0, 5061154.0 ], [ 2203822.0, 5061150.0 ], [ 2203835.0, 5061144.0 ], [ 2203883.0, 5061120.0 ], [ 2203894.0, 5061110.0 ], [ 2203906.0, 5061100.0 ], [ 2203913.0, 5061095.0 ], [ 2203922.0, 5061087.0 ], [ 2203935.0, 5061079.0 ], [ 2203945.0, 5061075.0 ], [ 2203960.0, 5061071.0 ], [ 2203972.0, 5061070.0 ], [ 2204013.0, 5061068.0 ], [ 2204034.0, 5061067.0 ], [ 2204063.0, 5061066.0 ], [ 2204104.0, 5061063.0 ], [ 2204123.0, 5061062.0 ], [ 2204175.0, 5061060.0 ], [ 2204183.0, 5061060.0 ], [ 2204183.0, 5061057.0 ], [ 2204182.0, 5061044.0 ], [ 2204179.0, 5060954.0 ], [ 2204176.0, 5060878.0 ], [ 2204176.0, 5060869.0 ], [ 2204184.0, 5060868.0 ], [ 2204201.0, 5060866.0 ], [ 2204256.0, 5060861.0 ], [ 2204263.0, 5060861.0 ], [ 2204275.0, 5060859.0 ], [ 2204289.0, 5060858.0 ], [ 2204300.0, 5060857.0 ], [ 2204328.0, 5060854.0 ], [ 2204357.0, 5060850.0 ], [ 2204372.0, 5060849.0 ], [ 2204392.0, 5060848.0 ], [ 2204396.0, 5060848.0 ], [ 2204398.0, 5060835.0 ], [ 2204400.0, 5060821.0 ], [ 2204410.0, 5060789.0 ] ] } },
{ "type": "Feature", "properties": { "betweenness_centrality": "0.02613861386138614", "source": "1843562326.0", "target": "3184343523.0", "ordering_betweenness_centrality": "82", "length": 1007, "length_cumulative": 210846 }, "geometry": { "type": "MultiLineString", "coordinates": [ [ [ 2207187.0, 5059985.0 ], [ 2207198.0, 5059962.0 ], [ 2207202.0, 5059956.0 ], [ 2207205.0, 5059954.0 ], [ 2207207.0, 5059952.0 ], [ 2207210.0, 5059950.0 ], [ 2207211.0, 5059949.0 ], [ 2207213.0, 5059949.0 ], [ 2207218.0, 5059948.0 ], [ 2207222.0, 5059949.0 ], [ 2207229.0, 5059951.0 ], [ 2207232.0, 5059952.0 ], [ 2207257.0, 5059965.0 ], [ 2207259.0, 5059966.0 ] ], [ [ 2207281.0, 5059978.0 ], [ 2207284.0, 5059975.0 ], [ 2207285.0, 5059973.0 ], [ 2207288.0, 5059970.0 ], [ 2207305.0, 5059937.0 ], [ 2207313.0, 5059921.0 ], [ 2207320.0, 5059907.0 ], [ 2207324.0, 5059909.0 ], [ 2207326.0, 5059910.0 ], [ 2207389.0, 5059946.0 ], [ 2207393.0, 5059948.0 ], [ 2207417.0, 5059961.0 ], [ 2207427.0, 5059967.0 ], [ 2207438.0, 5059973.0 ], [ 2207441.0, 5059975.0 ], [ 2207543.0, 5060032.0 ], [ 2207551.0, 5060036.0 ], [ 2207549.0, 5060051.0 ], [ 2207548.0, 5060060.0 ], [ 2207547.0, 5060066.0 ], [ 2207546.0, 5060070.0 ], [ 2207545.0, 5060074.0 ], [ 2207571.0, 5060069.0 ], [ 2207601.0, 5060062.0 ], [ 2207605.0, 5060062.0 ], [ 2207609.0, 5060061.0 ], [ 2207611.0, 5060062.0 ], [ 2207614.0, 5060062.0 ], [ 2207617.0, 5060063.0 ], [ 2207619.0, 5060065.0 ], [ 2207637.0, 5060080.0 ], [ 2207683.0, 5060115.0 ], [ 2207686.0, 5060118.0 ], [ 2207690.0, 5060120.0 ], [ 2207694.0, 5060122.0 ], [ 2207698.0, 5060124.0 ], [ 2207702.0, 5060126.0 ], [ 2207707.0, 5060127.0 ], [ 2207711.0, 5060128.0 ], [ 2207743.0, 5060131.0 ], [ 2207788.0, 5060137.0 ], [ 2207794.0, 5060137.0 ], [ 2207799.0, 5060137.0 ], [ 2207804.0, 5060136.0 ], [ 2207808.0, 5060134.0 ], [ 2207823.0, 5060125.0 ], [ 2207828.0, 5060124.0 ], [ 2207832.0, 5060123.0 ], [ 2207872.0, 5060117.0 ], [ 2207880.0, 5060116.0 ], [ 2207894.0, 5060114.0 ], [ 2207898.0, 5060114.0 ], [ 2207896.0, 5060128.0 ], [ 2207895.0, 5060130.0 ], [ 2207888.0, 5060154.0 ], [ 2207888.0, 5060155.0 ], [ 2207891.0, 5060156.0 ], [ 2207912.0, 5060162.0 ], [ 2207905.0, 5060186.0 ], [ 2207900.0, 5060204.0 ], [ 2207897.0, 5060215.0 ], [ 2207898.0, 5060215.0 ], [ 2207902.0, 5060216.0 ], [ 2207919.0, 5060224.0 ] ] ] } },
{ "type": "Feature", "properties": { "betweenness_centrality": "0.025940594059405943", "source": "4621995118.0", "target": "12104395903.0", "ordering_betweenness_centrality": "83", "length": 785, "length_cumulative": 211631 }, "geometry": { "type": "MultiLineString", "coordinates": [ [ [ 2209682.0, 5061653.0 ], [ 2209673.0, 5061650.0 ] ], [ [ 2209673.0, 5061650.0 ], [ 2209663.0, 5061647.0 ], [ 2209659.0, 5061651.0 ], [ 2209638.0, 5061668.0 ], [ 2209618.0, 5061681.0 ], [ 2209606.0, 5061681.0 ], [ 2209604.0, 5061689.0 ], [ 2209579.0, 5061682.0 ], [ 2209572.0, 5061680.0 ], [ 2209548.0, 5061672.0 ], [ 2209544.0, 5061671.0 ], [ 2209536.0, 5061668.0 ], [ 2209529.0, 5061664.0 ], [ 2209522.0, 5061660.0 ], [ 2209442.0, 5061612.0 ], [ 2209440.0, 5061611.0 ], [ 2209397.0, 5061585.0 ], [ 2209381.0, 5061576.0 ], [ 2209365.0, 5061567.0 ], [ 2209283.0, 5061527.0 ], [ 2209268.0, 5061519.0 ], [ 2209272.0, 5061513.0 ], [ 2209276.0, 5061506.0 ], [ 2209306.0, 5061451.0 ] ], [ [ 2209306.0, 5061451.0 ], [ 2209318.0, 5061432.0 ], [ 2209325.0, 5061422.0 ] ], [ [ 2209325.0, 5061422.0 ], [ 2209334.0, 5061408.0 ] ], [ [ 2209334.0, 5061408.0 ], [ 2209343.0, 5061393.0 ] ], [ [ 2209343.0, 5061393.0 ], [ 2209347.0, 5061387.0 ], [ 2209358.0, 5061369.0 ] ], [ [ 2209358.0, 5061369.0 ], [ 2209369.0, 5061350.0 ] ], [ [ 2209369.0, 5061350.0 ], [ 2209383.0, 5061327.0 ] ], [ [ 2209383.0, 5061327.0 ], [ 2209405.0, 5061292.0 ], [ 2209412.0, 5061294.0 ], [ 2209448.0, 5061308.0 ] ] ] } },
{ "type": "Feature", "properties": { "betweenness_centrality": "0.02514851485148515", "source": "2608865125.0", "target": "2618516706.0", "ordering_betweenness_centrality": "84", "length": 182, "length_cumulative": 211814 }, "geometry": { "type": "MultiLineString", "coordinates": [ [ [ 2205281.0, 5059876.0 ], [ 2205258.0, 5059890.0 ], [ 2205252.0, 5059880.0 ], [ 2205248.0, 5059873.0 ], [ 2205244.0, 5059868.0 ], [ 2205238.0, 5059864.0 ], [ 2205230.0, 5059862.0 ], [ 2205224.0, 5059860.0 ], [ 2205216.0, 5059858.0 ], [ 2205198.0, 5059855.0 ] ], [ [ 2205130.0, 5059844.0 ], [ 2205127.0, 5059832.0 ], [ 2205110.0, 5059807.0 ], [ 2205089.0, 5059775.0 ] ] ] } },
{ "type": "Feature", "properties": { "betweenness_centrality": "0.02514851485148515", "source": "1840198278.0", "target": "4554020617.0", "ordering_betweenness_centrality": "85", "length": 1071, "length_cumulative": 212886 }, "geometry": { "type": "MultiLineString", "coordinates": [ [ [ 2205180.0, 5059198.0 ], [ 2205210.0, 5059176.0 ] ], [ [ 2205210.0, 5059176.0 ], [ 2205240.0, 5059154.0 ], [ 2205246.0, 5059150.0 ], [ 2205248.0, 5059148.0 ], [ 2205247.0, 5059125.0 ], [ 2205247.0, 5059097.0 ], [ 2205231.0, 5059081.0 ] ], [ [ 2205231.0, 5059081.0 ], [ 2205230.0, 5059080.0 ], [ 2205217.0, 5059067.0 ], [ 2205207.0, 5059054.0 ], [ 2205197.0, 5059041.0 ], [ 2205205.0, 5059033.0 ], [ 2205218.0, 5059026.0 ], [ 2205252.0, 5059016.0 ], [ 2205291.0, 5059004.0 ], [ 2205300.0, 5059001.0 ], [ 2205312.0, 5058997.0 ], [ 2205346.0, 5058980.0 ], [ 2205379.0, 5058963.0 ], [ 2205403.0, 5058951.0 ], [ 2205413.0, 5058946.0 ], [ 2205426.0, 5058940.0 ], [ 2205448.0, 5058928.0 ], [ 2205455.0, 5058925.0 ], [ 2205468.0, 5058917.0 ], [ 2205482.0, 5058907.0 ], [ 2205487.0, 5058902.0 ], [ 2205492.0, 5058897.0 ], [ 2205516.0, 5058875.0 ], [ 2205521.0, 5058871.0 ], [ 2205542.0, 5058849.0 ], [ 2205564.0, 5058826.0 ], [ 2205567.0, 5058822.0 ], [ 2205633.0, 5058750.0 ], [ 2205671.0, 5058710.0 ], [ 2205684.0, 5058694.0 ], [ 2205719.0, 5058653.0 ], [ 2205747.0, 5058620.0 ], [ 2205784.0, 5058577.0 ], [ 2205790.0, 5058581.0 ], [ 2205793.0, 5058581.0 ], [ 2205795.0, 5058582.0 ], [ 2205799.0, 5058576.0 ], [ 2205842.0, 5058601.0 ], [ 2205849.0, 5058608.0 ], [ 2205854.0, 5058615.0 ], [ 2205859.0, 5058624.0 ] ] ] } },
{ "type": "Feature", "properties": { "betweenness_centrality": "0.024950495049504952", "source": "2607893938.0", "target": "7976384016.0", "ordering_betweenness_centrality": "86", "length": 558, "length_cumulative": 213444 }, "geometry": { "type": "MultiLineString", "coordinates": [ [ [ 2204486.0, 5059515.0 ], [ 2204513.0, 5059523.0 ], [ 2204505.0, 5059560.0 ], [ 2204503.0, 5059568.0 ] ], [ [ 2204586.0, 5059586.0 ], [ 2204602.0, 5059607.0 ], [ 2204602.0, 5059630.0 ] ], [ [ 2204602.0, 5059630.0 ], [ 2204627.0, 5059635.0 ] ], [ [ 2204627.0, 5059635.0 ], [ 2204620.0, 5059671.0 ], [ 2204620.0, 5059678.0 ] ], [ [ 2204620.0, 5059678.0 ], [ 2204621.0, 5059684.0 ], [ 2204614.0, 5059719.0 ] ], [ [ 2204614.0, 5059719.0 ], [ 2204606.0, 5059757.0 ], [ 2204606.0, 5059760.0 ] ], [ [ 2204606.0, 5059760.0 ], [ 2204596.0, 5059809.0 ], [ 2204595.0, 5059812.0 ], [ 2204658.0, 5059826.0 ], [ 2204656.0, 5059837.0 ], [ 2204672.0, 5059840.0 ], [ 2204713.0, 5059849.0 ], [ 2204723.0, 5059851.0 ], [ 2204734.0, 5059853.0 ], [ 2204731.0, 5059863.0 ], [ 2204731.0, 5059864.0 ], [ 2204729.0, 5059867.0 ], [ 2204718.0, 5059903.0 ], [ 2204716.0, 5059907.0 ], [ 2204713.0, 5059916.0 ], [ 2204719.0, 5059917.0 ] ] ] } },
{ "type": "Feature", "properties": { "betweenness_centrality": "0.023564356435643564", "source": "4663047757.0", "target": "4587023461.0", "ordering_betweenness_centrality": "87", "length": 867, "length_cumulative": 214311 }, "geometry": { "type": "LineString", "coordinates": [ [ 2208656.0, 5063881.0 ], [ 2208679.0, 5063885.0 ], [ 2208702.0, 5063891.0 ], [ 2208709.0, 5063848.0 ], [ 2208714.0, 5063800.0 ], [ 2208718.0, 5063773.0 ], [ 2208721.0, 5063746.0 ], [ 2208725.0, 5063717.0 ], [ 2208730.0, 5063686.0 ], [ 2208732.0, 5063675.0 ], [ 2208735.0, 5063663.0 ], [ 2208759.0, 5063642.0 ], [ 2208765.0, 5063636.0 ], [ 2208773.0, 5063623.0 ], [ 2208790.0, 5063596.0 ], [ 2208792.0, 5063593.0 ], [ 2208797.0, 5063586.0 ], [ 2208761.0, 5063558.0 ], [ 2208753.0, 5063551.0 ], [ 2208742.0, 5063542.0 ], [ 2208737.0, 5063538.0 ], [ 2208733.0, 5063533.0 ], [ 2208717.0, 5063512.0 ], [ 2208705.0, 5063503.0 ], [ 2208707.0, 5063498.0 ], [ 2208698.0, 5063494.0 ], [ 2208693.0, 5063492.0 ], [ 2208688.0, 5063490.0 ], [ 2208663.0, 5063481.0 ], [ 2208635.0, 5063471.0 ], [ 2208629.0, 5063468.0 ], [ 2208613.0, 5063464.0 ], [ 2208593.0, 5063458.0 ], [ 2208582.0, 5063454.0 ], [ 2208529.0, 5063439.0 ], [ 2208486.0, 5063425.0 ], [ 2208451.0, 5063414.0 ], [ 2208455.0, 5063403.0 ], [ 2208465.0, 5063362.0 ], [ 2208438.0, 5063354.0 ], [ 2208442.0, 5063344.0 ] ] } },
{ "type": "Feature", "properties": { "betweenness_centrality": "0.023366336633663366", "source": "507688038.0", "target": "6236284976.0", "ordering_betweenness_centrality": "88", "length": 2071, "length_cumulative": 216383 }, "geometry": { "type": "LineString", "coordinates": [ [ 2202801.0, 5058373.0 ], [ 2202810.0, 5058364.0 ], [ 2202820.0, 5058354.0 ], [ 2202840.0, 5058343.0 ], [ 2202850.0, 5058343.0 ], [ 2202861.0, 5058349.0 ], [ 2202882.0, 5058360.0 ], [ 2202901.0, 5058362.0 ], [ 2202921.0, 5058366.0 ], [ 2202929.0, 5058369.0 ], [ 2202933.0, 5058397.0 ], [ 2202931.0, 5058406.0 ], [ 2202927.0, 5058412.0 ], [ 2202912.0, 5058421.0 ], [ 2202908.0, 5058426.0 ], [ 2202908.0, 5058435.0 ], [ 2202910.0, 5058469.0 ], [ 2202914.0, 5058480.0 ], [ 2202921.0, 5058490.0 ], [ 2202931.0, 5058501.0 ], [ 2202939.0, 5058508.0 ], [ 2202940.0, 5058518.0 ], [ 2202939.0, 5058543.0 ], [ 2202937.0, 5058589.0 ], [ 2202934.0, 5058604.0 ], [ 2202930.0, 5058612.0 ], [ 2202926.0, 5058619.0 ], [ 2202904.0, 5058641.0 ], [ 2202896.0, 5058647.0 ], [ 2202900.0, 5058651.0 ], [ 2202905.0, 5058660.0 ], [ 2202908.0, 5058682.0 ], [ 2202902.0, 5058723.0 ], [ 2202894.0, 5058739.0 ], [ 2202893.0, 5058793.0 ], [ 2202894.0, 5058799.0 ], [ 2202901.0, 5058799.0 ], [ 2202997.0, 5058794.0 ], [ 2203009.0, 5058793.0 ], [ 2203020.0, 5058793.0 ], [ 2203060.0, 5058781.0 ], [ 2203094.0, 5058773.0 ], [ 2203123.0, 5058761.0 ], [ 2203132.0, 5058756.0 ], [ 2203140.0, 5058763.0 ], [ 2203146.0, 5058769.0 ], [ 2203152.0, 5058768.0 ], [ 2203191.0, 5058765.0 ], [ 2203195.0, 5058766.0 ], [ 2203198.0, 5058769.0 ], [ 2203210.0, 5058790.0 ], [ 2203215.0, 5058794.0 ], [ 2203222.0, 5058798.0 ], [ 2203229.0, 5058800.0 ], [ 2203245.0, 5058799.0 ], [ 2203259.0, 5058798.0 ], [ 2203265.0, 5058798.0 ], [ 2203277.0, 5058843.0 ], [ 2203279.0, 5058848.0 ], [ 2203281.0, 5058851.0 ], [ 2203286.0, 5058855.0 ], [ 2203298.0, 5058860.0 ], [ 2203311.0, 5058865.0 ], [ 2203318.0, 5058870.0 ], [ 2203321.0, 5058874.0 ], [ 2203325.0, 5058883.0 ], [ 2203326.0, 5058890.0 ], [ 2203326.0, 5058893.0 ], [ 2203442.0, 5058898.0 ], [ 2203479.0, 5058896.0 ], [ 2203546.0, 5058885.0 ], [ 2203621.0, 5058875.0 ], [ 2203628.0, 5058895.0 ], [ 2203634.0, 5058920.0 ], [ 2203639.0, 5058947.0 ], [ 2203654.0, 5059008.0 ], [ 2203675.0, 5059003.0 ], [ 2203680.0, 5059001.0 ], [ 2203716.0, 5058992.0 ], [ 2203761.0, 5058980.0 ], [ 2203792.0, 5058972.0 ], [ 2203799.0, 5058971.0 ], [ 2203807.0, 5058971.0 ], [ 2203815.0, 5058972.0 ], [ 2203822.0, 5058975.0 ], [ 2203832.0, 5058981.0 ], [ 2203840.0, 5058985.0 ], [ 2203848.0, 5058991.0 ], [ 2203842.0, 5059006.0 ], [ 2203825.0, 5059044.0 ], [ 2203852.0, 5059073.0 ], [ 2203858.0, 5059067.0 ], [ 2203864.0, 5059061.0 ], [ 2203870.0, 5059052.0 ], [ 2203880.0, 5059040.0 ], [ 2203886.0, 5059034.0 ], [ 2203894.0, 5059025.0 ], [ 2203901.0, 5059015.0 ], [ 2203919.0, 5058992.0 ], [ 2203940.0, 5058963.0 ], [ 2203963.0, 5058931.0 ], [ 2203977.0, 5058920.0 ] ] } },
{ "type": "Feature", "properties": { "betweenness_centrality": "0.023366336633663366", "source": "2379608971.0", "target": "4621995118.0", "ordering_betweenness_centrality": "89", "length": 552, "length_cumulative": 216935 }, "geometry": { "type": "MultiLineString", "coordinates": [ [ [ 2209405.0, 5061292.0 ], [ 2209386.0, 5061287.0 ], [ 2209380.0, 5061284.0 ], [ 2209361.0, 5061274.0 ], [ 2209339.0, 5061262.0 ], [ 2209331.0, 5061258.0 ], [ 2209318.0, 5061255.0 ], [ 2209303.0, 5061253.0 ] ], [ [ 2209303.0, 5061253.0 ], [ 2209245.0, 5061238.0 ], [ 2209244.0, 5061242.0 ], [ 2209226.0, 5061238.0 ], [ 2209209.0, 5061234.0 ], [ 2209206.0, 5061235.0 ], [ 2209154.0, 5061225.0 ], [ 2209147.0, 5061223.0 ], [ 2209160.0, 5061128.0 ], [ 2209132.0, 5061119.0 ], [ 2209120.0, 5061115.0 ], [ 2209079.0, 5061106.0 ] ], [ [ 2209079.0, 5061106.0 ], [ 2209060.0, 5061102.0 ], [ 2209040.0, 5061096.0 ], [ 2209022.0, 5061090.0 ], [ 2208986.0, 5061074.0 ] ] ] } },
{ "type": "Feature", "properties": { "betweenness_centrality": "0.02316831683168317", "source": "2443530780.0", "target": "3184343523.0", "ordering_betweenness_centrality": "90", "length": 572, "length_cumulative": 217508 }, "geometry": { "type": "MultiLineString", "coordinates": [ [ [ 2207427.0, 5060323.0 ], [ 2207463.0, 5060324.0 ], [ 2207469.0, 5060329.0 ], [ 2207484.0, 5060329.0 ], [ 2207484.0, 5060321.0 ], [ 2207484.0, 5060305.0 ], [ 2207484.0, 5060302.0 ], [ 2207484.0, 5060300.0 ], [ 2207485.0, 5060298.0 ], [ 2207486.0, 5060295.0 ], [ 2207511.0, 5060248.0 ], [ 2207519.0, 5060251.0 ], [ 2207527.0, 5060253.0 ], [ 2207543.0, 5060260.0 ], [ 2207556.0, 5060265.0 ] ], [ [ 2207556.0, 5060265.0 ], [ 2207565.0, 5060269.0 ], [ 2207573.0, 5060272.0 ], [ 2207609.0, 5060287.0 ], [ 2207632.0, 5060295.0 ], [ 2207637.0, 5060296.0 ], [ 2207641.0, 5060297.0 ], [ 2207646.0, 5060296.0 ], [ 2207650.0, 5060295.0 ], [ 2207655.0, 5060294.0 ], [ 2207664.0, 5060289.0 ], [ 2207668.0, 5060287.0 ], [ 2207673.0, 5060286.0 ], [ 2207677.0, 5060285.0 ], [ 2207683.0, 5060285.0 ], [ 2207688.0, 5060286.0 ], [ 2207715.0, 5060293.0 ], [ 2207742.0, 5060299.0 ], [ 2207746.0, 5060300.0 ], [ 2207749.0, 5060300.0 ], [ 2207752.0, 5060300.0 ], [ 2207755.0, 5060299.0 ], [ 2207757.0, 5060298.0 ], [ 2207760.0, 5060297.0 ], [ 2207762.0, 5060295.0 ], [ 2207775.0, 5060283.0 ], [ 2207782.0, 5060278.0 ], [ 2207788.0, 5060273.0 ], [ 2207795.0, 5060268.0 ], [ 2207802.0, 5060264.0 ], [ 2207834.0, 5060249.0 ], [ 2207854.0, 5060239.0 ], [ 2207860.0, 5060236.0 ], [ 2207865.0, 5060234.0 ], [ 2207869.0, 5060229.0 ], [ 2207871.0, 5060225.0 ], [ 2207875.0, 5060220.0 ], [ 2207879.0, 5060217.0 ], [ 2207883.0, 5060216.0 ], [ 2207886.0, 5060215.0 ], [ 2207890.0, 5060215.0 ], [ 2207894.0, 5060215.0 ], [ 2207897.0, 5060215.0 ] ] ] } },
{ "type": "Feature", "properties": { "betweenness_centrality": "0.02316831683168317", "source": "2443530780.0", "target": "4623439293.0", "ordering_betweenness_centrality": "91", "length": 518, "length_cumulative": 218027 }, "geometry": { "type": "MultiLineString", "coordinates": [ [ [ 2207390.0, 5060474.0 ], [ 2207400.0, 5060476.0 ], [ 2207409.0, 5060478.0 ], [ 2207431.0, 5060484.0 ], [ 2207443.0, 5060488.0 ], [ 2207450.0, 5060490.0 ], [ 2207453.0, 5060491.0 ], [ 2207462.0, 5060494.0 ], [ 2207479.0, 5060499.0 ], [ 2207479.0, 5060538.0 ], [ 2207471.0, 5060550.0 ] ], [ [ 2207470.0, 5060604.0 ], [ 2207474.0, 5060606.0 ], [ 2207479.0, 5060610.0 ], [ 2207488.0, 5060616.0 ], [ 2207507.0, 5060631.0 ], [ 2207524.0, 5060646.0 ], [ 2207534.0, 5060653.0 ], [ 2207541.0, 5060657.0 ], [ 2207549.0, 5060661.0 ], [ 2207557.0, 5060664.0 ], [ 2207569.0, 5060669.0 ] ], [ [ 2207630.0, 5060721.0 ], [ 2207633.0, 5060727.0 ], [ 2207635.0, 5060733.0 ], [ 2207635.0, 5060738.0 ], [ 2207634.0, 5060744.0 ], [ 2207631.0, 5060748.0 ], [ 2207621.0, 5060760.0 ] ], [ [ 2207622.0, 5060805.0 ], [ 2207650.0, 5060805.0 ], [ 2207665.0, 5060805.0 ], [ 2207684.0, 5060804.0 ], [ 2207683.0, 5060820.0 ], [ 2207683.0, 5060826.0 ], [ 2207709.0, 5060832.0 ], [ 2207731.0, 5060838.0 ], [ 2207740.0, 5060841.0 ], [ 2207748.0, 5060844.0 ], [ 2207764.0, 5060853.0 ], [ 2207785.0, 5060868.0 ], [ 2207790.0, 5060872.0 ], [ 2207793.0, 5060875.0 ], [ 2207793.0, 5060879.0 ] ] ] } },
{ "type": "Feature", "properties": { "betweenness_centrality": "0.022970297029702973", "source": "3377273792.0", "target": "1851805070.0", "ordering_betweenness_centrality": "92", "length": 391, "length_cumulative": 218418 }, "geometry": { "type": "MultiLineString", "coordinates": [ [ [ 2205635.0, 5060031.0 ], [ 2205635.0, 5060034.0 ], [ 2205633.0, 5060041.0 ], [ 2205632.0, 5060048.0 ], [ 2205631.0, 5060050.0 ], [ 2205629.0, 5060050.0 ], [ 2205627.0, 5060051.0 ], [ 2205625.0, 5060054.0 ], [ 2205617.0, 5060093.0 ], [ 2205617.0, 5060096.0 ], [ 2205605.0, 5060093.0 ], [ 2205603.0, 5060102.0 ] ], [ [ 2205587.0, 5060169.0 ], [ 2205578.0, 5060167.0 ], [ 2205528.0, 5060157.0 ], [ 2205524.0, 5060164.0 ], [ 2205465.0, 5060154.0 ], [ 2205458.0, 5060152.0 ], [ 2205453.0, 5060151.0 ], [ 2205452.0, 5060156.0 ], [ 2205450.0, 5060164.0 ], [ 2205445.0, 5060189.0 ], [ 2205444.0, 5060192.0 ], [ 2205443.0, 5060196.0 ], [ 2205441.0, 5060199.0 ], [ 2205437.0, 5060200.0 ], [ 2205433.0, 5060201.0 ], [ 2205418.0, 5060198.0 ] ], [ [ 2205279.0, 5060333.0 ], [ 2205277.0, 5060339.0 ], [ 2205275.0, 5060348.0 ], [ 2205274.0, 5060354.0 ], [ 2205273.0, 5060358.0 ], [ 2205273.0, 5060360.0 ], [ 2205272.0, 5060364.0 ], [ 2205272.0, 5060366.0 ], [ 2205252.0, 5060361.0 ], [ 2205250.0, 5060362.0 ], [ 2205248.0, 5060363.0 ], [ 2205246.0, 5060366.0 ], [ 2205244.0, 5060367.0 ], [ 2205242.0, 5060367.0 ], [ 2205223.0, 5060364.0 ] ] ] } },
{ "type": "Feature", "properties": { "betweenness_centrality": "0.022772277227722775", "source": "11342006038.0", "target": "4597856176.0", "ordering_betweenness_centrality": "93", "length": 2300, "length_cumulative": 220718 }, "geometry": { "type": "LineString", "coordinates": [ [ 2203668.0, 5063777.0 ], [ 2203695.0, 5063771.0 ], [ 2203706.0, 5063769.0 ], [ 2203714.0, 5063768.0 ], [ 2203720.0, 5063769.0 ], [ 2203730.0, 5063770.0 ], [ 2203741.0, 5063774.0 ], [ 2203747.0, 5063776.0 ], [ 2203754.0, 5063779.0 ], [ 2203763.0, 5063783.0 ], [ 2203783.0, 5063789.0 ], [ 2203813.0, 5063798.0 ], [ 2203852.0, 5063808.0 ], [ 2203871.0, 5063810.0 ], [ 2203874.0, 5063812.0 ], [ 2203880.0, 5063814.0 ], [ 2203890.0, 5063814.0 ], [ 2203903.0, 5063813.0 ], [ 2203910.0, 5063814.0 ], [ 2203924.0, 5063817.0 ], [ 2203935.0, 5063822.0 ], [ 2203948.0, 5063829.0 ], [ 2203977.0, 5063846.0 ], [ 2203988.0, 5063852.0 ], [ 2204001.0, 5063858.0 ], [ 2204010.0, 5063862.0 ], [ 2204031.0, 5063872.0 ], [ 2204048.0, 5063881.0 ], [ 2204064.0, 5063890.0 ], [ 2204099.0, 5063911.0 ], [ 2204117.0, 5063923.0 ], [ 2204142.0, 5063941.0 ], [ 2204152.0, 5063948.0 ], [ 2204184.0, 5063897.0 ], [ 2204211.0, 5063864.0 ], [ 2204244.0, 5063901.0 ], [ 2204259.0, 5063918.0 ], [ 2204266.0, 5063925.0 ], [ 2204272.0, 5063928.0 ], [ 2204283.0, 5063933.0 ], [ 2204301.0, 5063940.0 ], [ 2204308.0, 5063944.0 ], [ 2204317.0, 5063950.0 ], [ 2204348.0, 5063974.0 ], [ 2204372.0, 5063943.0 ], [ 2204384.0, 5063930.0 ], [ 2204399.0, 5063915.0 ], [ 2204411.0, 5063907.0 ], [ 2204424.0, 5063900.0 ], [ 2204430.0, 5063897.0 ], [ 2204435.0, 5063892.0 ], [ 2204449.0, 5063868.0 ], [ 2204460.0, 5063852.0 ], [ 2204469.0, 5063843.0 ], [ 2204486.0, 5063829.0 ], [ 2204492.0, 5063825.0 ], [ 2204503.0, 5063823.0 ], [ 2204511.0, 5063822.0 ], [ 2204520.0, 5063823.0 ], [ 2204537.0, 5063826.0 ], [ 2204556.0, 5063827.0 ], [ 2204573.0, 5063828.0 ], [ 2204573.0, 5063812.0 ], [ 2204572.0, 5063762.0 ], [ 2204573.0, 5063748.0 ], [ 2204574.0, 5063739.0 ], [ 2204577.0, 5063734.0 ], [ 2204580.0, 5063731.0 ], [ 2204588.0, 5063731.0 ], [ 2204650.0, 5063733.0 ], [ 2204700.0, 5063734.0 ], [ 2204729.0, 5063733.0 ], [ 2204749.0, 5063733.0 ], [ 2204768.0, 5063732.0 ], [ 2204785.0, 5063731.0 ], [ 2204791.0, 5063731.0 ], [ 2204819.0, 5063729.0 ], [ 2204828.0, 5063728.0 ], [ 2204858.0, 5063728.0 ], [ 2204883.0, 5063730.0 ], [ 2204902.0, 5063732.0 ], [ 2204919.0, 5063772.0 ], [ 2204924.0, 5063779.0 ], [ 2204928.0, 5063783.0 ], [ 2204933.0, 5063784.0 ], [ 2204936.0, 5063785.0 ], [ 2204942.0, 5063785.0 ], [ 2205059.0, 5063785.0 ], [ 2205070.0, 5063786.0 ], [ 2205127.0, 5063786.0 ], [ 2205216.0, 5063787.0 ], [ 2205244.0, 5063788.0 ], [ 2205273.0, 5063787.0 ], [ 2205299.0, 5063783.0 ], [ 2205327.0, 5063779.0 ], [ 2205353.0, 5063774.0 ], [ 2205370.0, 5063771.0 ], [ 2205384.0, 5063770.0 ], [ 2205400.0, 5063770.0 ], [ 2205415.0, 5063772.0 ], [ 2205450.0, 5063780.0 ], [ 2205494.0, 5063792.0 ], [ 2205513.0, 5063796.0 ], [ 2205523.0, 5063795.0 ], [ 2205531.0, 5063794.0 ], [ 2205536.0, 5063795.0 ], [ 2205541.0, 5063796.0 ], [ 2205544.0, 5063781.0 ], [ 2205556.0, 5063784.0 ], [ 2205568.0, 5063719.0 ], [ 2205556.0, 5063716.0 ] ] } },
{ "type": "Feature", "properties": { "betweenness_centrality": "0.02237623762376238", "source": "11968073790.0", "target": "2379543870.0", "ordering_betweenness_centrality": "94", "length": 1172, "length_cumulative": 221890 }, "geometry": { "type": "LineString", "coordinates": [ [ 2208275.0, 5058681.0 ], [ 2208251.0, 5058690.0 ], [ 2208165.0, 5058722.0 ], [ 2208148.0, 5058729.0 ], [ 2208133.0, 5058735.0 ], [ 2208125.0, 5058739.0 ], [ 2208109.0, 5058745.0 ], [ 2208104.0, 5058747.0 ], [ 2208094.0, 5058749.0 ], [ 2208083.0, 5058750.0 ], [ 2208072.0, 5058748.0 ], [ 2208069.0, 5058747.0 ], [ 2208054.0, 5058740.0 ], [ 2208046.0, 5058735.0 ], [ 2208035.0, 5058731.0 ], [ 2208023.0, 5058730.0 ], [ 2208014.0, 5058730.0 ], [ 2208005.0, 5058736.0 ], [ 2207998.0, 5058741.0 ], [ 2207993.0, 5058748.0 ], [ 2207990.0, 5058756.0 ], [ 2207987.0, 5058766.0 ], [ 2207984.0, 5058777.0 ], [ 2207976.0, 5058796.0 ], [ 2207974.0, 5058819.0 ], [ 2207969.0, 5058836.0 ], [ 2207962.0, 5058853.0 ], [ 2207954.0, 5058872.0 ], [ 2207942.0, 5058899.0 ], [ 2207875.0, 5059048.0 ], [ 2207856.0, 5059094.0 ], [ 2207853.0, 5059116.0 ], [ 2207850.0, 5059126.0 ], [ 2207849.0, 5059131.0 ], [ 2207846.0, 5059141.0 ], [ 2207841.0, 5059152.0 ], [ 2207839.0, 5059158.0 ], [ 2207838.0, 5059163.0 ], [ 2207839.0, 5059167.0 ], [ 2207843.0, 5059171.0 ], [ 2207850.0, 5059176.0 ], [ 2207857.0, 5059184.0 ], [ 2207852.0, 5059184.0 ], [ 2207838.0, 5059183.0 ], [ 2207827.0, 5059180.0 ], [ 2207797.0, 5059167.0 ], [ 2207785.0, 5059162.0 ], [ 2207780.0, 5059161.0 ], [ 2207774.0, 5059161.0 ], [ 2207767.0, 5059162.0 ], [ 2207759.0, 5059166.0 ], [ 2207746.0, 5059176.0 ], [ 2207732.0, 5059158.0 ], [ 2207696.0, 5059110.0 ], [ 2207687.0, 5059099.0 ], [ 2207676.0, 5059084.0 ], [ 2207669.0, 5059071.0 ], [ 2207667.0, 5059062.0 ], [ 2207665.0, 5059054.0 ], [ 2207660.0, 5059031.0 ], [ 2207656.0, 5059015.0 ], [ 2207676.0, 5059014.0 ], [ 2207693.0, 5059015.0 ], [ 2207705.0, 5059020.0 ], [ 2207707.0, 5059054.0 ] ] } },
{ "type": "Feature", "properties": { "betweenness_centrality": "0.02217821782178218", "source": "11968073790.0", "target": "1843562326.0", "ordering_betweenness_centrality": "95", "length": 1106, "length_cumulative": 222997 }, "geometry": { "type": "LineString", "coordinates": [ [ 2207136.0, 5059861.0 ], [ 2207146.0, 5059837.0 ], [ 2207150.0, 5059823.0 ], [ 2207176.0, 5059755.0 ], [ 2207183.0, 5059735.0 ], [ 2207190.0, 5059712.0 ], [ 2207195.0, 5059697.0 ], [ 2207199.0, 5059687.0 ], [ 2207202.0, 5059677.0 ], [ 2207207.0, 5059660.0 ], [ 2207212.0, 5059644.0 ], [ 2207214.0, 5059639.0 ], [ 2207215.0, 5059634.0 ], [ 2207218.0, 5059628.0 ], [ 2207218.0, 5059627.0 ], [ 2207220.0, 5059624.0 ], [ 2207225.0, 5059616.0 ], [ 2207216.0, 5059605.0 ], [ 2207214.0, 5059602.0 ], [ 2207204.0, 5059588.0 ], [ 2207197.0, 5059578.0 ], [ 2207191.0, 5059568.0 ], [ 2207189.0, 5059565.0 ], [ 2207185.0, 5059558.0 ], [ 2207183.0, 5059554.0 ], [ 2207179.0, 5059546.0 ], [ 2207218.0, 5059529.0 ], [ 2207257.0, 5059513.0 ], [ 2207293.0, 5059498.0 ], [ 2207342.0, 5059478.0 ], [ 2207358.0, 5059471.0 ], [ 2207367.0, 5059465.0 ], [ 2207375.0, 5059459.0 ], [ 2207390.0, 5059450.0 ], [ 2207406.0, 5059441.0 ], [ 2207459.0, 5059417.0 ], [ 2207487.0, 5059405.0 ], [ 2207504.0, 5059397.0 ], [ 2207510.0, 5059393.0 ], [ 2207515.0, 5059386.0 ], [ 2207516.0, 5059380.0 ], [ 2207519.0, 5059374.0 ], [ 2207523.0, 5059369.0 ], [ 2207528.0, 5059365.0 ], [ 2207534.0, 5059363.0 ], [ 2207540.0, 5059362.0 ], [ 2207546.0, 5059363.0 ], [ 2207552.0, 5059364.0 ], [ 2207563.0, 5059364.0 ], [ 2207573.0, 5059362.0 ], [ 2207572.0, 5059358.0 ], [ 2207583.0, 5059356.0 ], [ 2207602.0, 5059349.0 ], [ 2207658.0, 5059321.0 ], [ 2207671.0, 5059316.0 ], [ 2207711.0, 5059298.0 ], [ 2207733.0, 5059286.0 ], [ 2207741.0, 5059280.0 ], [ 2207755.0, 5059266.0 ], [ 2207765.0, 5059253.0 ], [ 2207770.0, 5059242.0 ], [ 2207773.0, 5059235.0 ], [ 2207773.0, 5059225.0 ], [ 2207777.0, 5059221.0 ], [ 2207775.0, 5059217.0 ], [ 2207772.0, 5059212.0 ], [ 2207770.0, 5059208.0 ], [ 2207765.0, 5059202.0 ], [ 2207746.0, 5059176.0 ] ] } },
{ "type": "Feature", "properties": { "betweenness_centrality": "0.02217821782178218", "source": "4655549071.0", "target": "4658918786.0", "ordering_betweenness_centrality": "96", "length": 630, "length_cumulative": 223627 }, "geometry": { "type": "MultiLineString", "coordinates": [ [ [ 2206386.0, 5061888.0 ], [ 2206361.0, 5061878.0 ], [ 2206364.0, 5061869.0 ], [ 2206326.0, 5061853.0 ], [ 2206312.0, 5061881.0 ], [ 2206289.0, 5061871.0 ], [ 2206282.0, 5061870.0 ], [ 2206274.0, 5061874.0 ], [ 2206266.0, 5061878.0 ], [ 2206259.0, 5061883.0 ], [ 2206247.0, 5061893.0 ], [ 2206236.0, 5061859.0 ] ], [ [ 2206236.0, 5061859.0 ], [ 2206232.0, 5061847.0 ], [ 2206223.0, 5061822.0 ] ], [ [ 2206223.0, 5061822.0 ], [ 2206217.0, 5061808.0 ], [ 2206208.0, 5061790.0 ], [ 2206206.0, 5061788.0 ], [ 2206202.0, 5061787.0 ] ], [ [ 2206226.0, 5061725.0 ], [ 2206224.0, 5061723.0 ], [ 2206216.0, 5061717.0 ], [ 2206187.0, 5061691.0 ], [ 2206138.0, 5061652.0 ], [ 2206127.0, 5061645.0 ], [ 2206114.0, 5061637.0 ], [ 2206103.0, 5061631.0 ], [ 2206098.0, 5061629.0 ], [ 2206046.0, 5061614.0 ], [ 2206036.0, 5061611.0 ], [ 2206026.0, 5061607.0 ] ], [ [ 2206026.0, 5061607.0 ], [ 2206016.0, 5061604.0 ], [ 2206010.0, 5061601.0 ], [ 2205992.0, 5061591.0 ], [ 2205943.0, 5061567.0 ] ] ] } },
{ "type": "Feature", "properties": { "betweenness_centrality": "0.02217821782178218", "source": "1843574864.0", "target": "1847297757.0", "ordering_betweenness_centrality": "97", "length": 1392, "length_cumulative": 225020 }, "geometry": { "type": "MultiLineString", "coordinates": [ [ [ 2204392.0, 5062051.0 ], [ 2204465.0, 5062081.0 ], [ 2204479.0, 5062086.0 ], [ 2204529.0, 5062107.0 ], [ 2204559.0, 5062115.0 ], [ 2204622.0, 5062141.0 ], [ 2204641.0, 5062101.0 ], [ 2204642.0, 5062098.0 ], [ 2204683.0, 5062013.0 ], [ 2204701.0, 5061977.0 ], [ 2204712.0, 5061955.0 ], [ 2204723.0, 5061961.0 ], [ 2204872.0, 5062033.0 ], [ 2204876.0, 5062039.0 ], [ 2204878.0, 5062046.0 ], [ 2204878.0, 5062052.0 ], [ 2204875.0, 5062058.0 ], [ 2204890.0, 5062066.0 ], [ 2204899.0, 5062075.0 ], [ 2204905.0, 5062085.0 ], [ 2204910.0, 5062096.0 ], [ 2204914.0, 5062106.0 ], [ 2204919.0, 5062114.0 ], [ 2204921.0, 5062116.0 ], [ 2204925.0, 5062120.0 ], [ 2204930.0, 5062125.0 ], [ 2204936.0, 5062130.0 ], [ 2204941.0, 5062137.0 ] ], [ [ 2204963.0, 5062148.0 ], [ 2204965.0, 5062144.0 ], [ 2204986.0, 5062097.0 ], [ 2204989.0, 5062092.0 ], [ 2204994.0, 5062089.0 ], [ 2205003.0, 5062085.0 ], [ 2205016.0, 5062083.0 ], [ 2205029.0, 5062083.0 ], [ 2205048.0, 5062084.0 ], [ 2205064.0, 5062086.0 ], [ 2205071.0, 5062087.0 ], [ 2205078.0, 5062088.0 ], [ 2205092.0, 5062091.0 ], [ 2205193.0, 5062111.0 ], [ 2205268.0, 5062126.0 ], [ 2205307.0, 5062135.0 ], [ 2205315.0, 5062137.0 ], [ 2205350.0, 5062144.0 ], [ 2205400.0, 5062155.0 ], [ 2205419.0, 5062159.0 ], [ 2205452.0, 5062166.0 ], [ 2205457.0, 5062168.0 ], [ 2205458.0, 5062161.0 ], [ 2205475.0, 5062079.0 ] ] ] } },
{ "type": "Feature", "properties": { "betweenness_centrality": "0.02217821782178218", "source": "7976384016.0", "target": "4676676789.0", "ordering_betweenness_centrality": "98", "length": 697, "length_cumulative": 225718 }, "geometry": { "type": "LineString", "coordinates": [ [ 2204412.0, 5059494.0 ], [ 2204377.0, 5059487.0 ], [ 2204357.0, 5059483.0 ], [ 2204332.0, 5059478.0 ], [ 2204291.0, 5059470.0 ], [ 2204284.0, 5059468.0 ], [ 2204281.0, 5059482.0 ], [ 2204276.0, 5059502.0 ], [ 2204273.0, 5059515.0 ], [ 2204270.0, 5059530.0 ], [ 2204268.0, 5059534.0 ], [ 2204264.0, 5059538.0 ], [ 2204255.0, 5059537.0 ], [ 2204243.0, 5059535.0 ], [ 2204227.0, 5059534.0 ], [ 2204210.0, 5059534.0 ], [ 2204197.0, 5059535.0 ], [ 2204194.0, 5059535.0 ], [ 2204185.0, 5059536.0 ], [ 2204171.0, 5059537.0 ], [ 2204156.0, 5059540.0 ], [ 2204149.0, 5059542.0 ], [ 2204140.0, 5059543.0 ], [ 2204117.0, 5059550.0 ], [ 2204097.0, 5059556.0 ], [ 2204094.0, 5059558.0 ], [ 2204082.0, 5059562.0 ], [ 2204080.0, 5059554.0 ], [ 2204077.0, 5059540.0 ], [ 2204065.0, 5059504.0 ], [ 2204057.0, 5059479.0 ], [ 2204046.0, 5059448.0 ], [ 2204036.0, 5059422.0 ], [ 2203982.0, 5059415.0 ], [ 2203879.0, 5059394.0 ] ] } },
{ "type": "Feature", "properties": { "betweenness_centrality": "0.021980198019801982", "source": "3227142894.0", "target": "1843039377.0", "ordering_betweenness_centrality": "99", "length": 380, "length_cumulative": 226098 }, "geometry": { "type": "MultiLineString", "coordinates": [ [ [ 2207348.0, 5062041.0 ], [ 2207330.0, 5062080.0 ], [ 2207329.0, 5062084.0 ], [ 2207324.0, 5062090.0 ], [ 2207316.0, 5062105.0 ], [ 2207302.0, 5062097.0 ], [ 2207270.0, 5062080.0 ], [ 2207264.0, 5062082.0 ], [ 2207260.0, 5062080.0 ], [ 2207241.0, 5062068.0 ], [ 2207239.0, 5062067.0 ], [ 2207237.0, 5062066.0 ], [ 2207233.0, 5062063.0 ], [ 2207224.0, 5062080.0 ], [ 2207200.0, 5062067.0 ], [ 2207158.0, 5062110.0 ], [ 2207143.0, 5062101.0 ], [ 2207129.0, 5062110.0 ], [ 2207126.0, 5062119.0 ] ], [ [ 2207126.0, 5062119.0 ], [ 2207107.0, 5062112.0 ], [ 2207094.0, 5062107.0 ], [ 2207070.0, 5062090.0 ] ] ] } },
{ "type": "Feature", "properties": { "betweenness_centrality": "0.021782178217821784", "source": "1840198278.0", "target": "6300665472.0", "ordering_betweenness_centrality": "100", "length": 609, "length_cumulative": 226707 }, "geometry": { "type": "MultiLineString", "coordinates": [ [ [ 2205778.0, 5057554.0 ], [ 2205771.0, 5057563.0 ], [ 2205747.0, 5057604.0 ], [ 2205731.0, 5057625.0 ], [ 2205728.0, 5057629.0 ], [ 2205713.0, 5057648.0 ], [ 2205705.0, 5057655.0 ], [ 2205715.0, 5057672.0 ], [ 2205702.0, 5057681.0 ], [ 2205724.0, 5057721.0 ], [ 2205713.0, 5057728.0 ], [ 2205701.0, 5057736.0 ], [ 2205680.0, 5057748.0 ], [ 2205636.0, 5057775.0 ], [ 2205621.0, 5057785.0 ], [ 2205613.0, 5057791.0 ], [ 2205575.0, 5057820.0 ], [ 2205549.0, 5057845.0 ], [ 2205545.0, 5057849.0 ], [ 2205513.0, 5057880.0 ], [ 2205503.0, 5057893.0 ] ], [ [ 2205854.0, 5058559.0 ], [ 2205853.0, 5058562.0 ], [ 2205861.0, 5058600.0 ], [ 2205862.0, 5058603.0 ], [ 2205861.0, 5058604.0 ], [ 2205803.0, 5058571.0 ], [ 2205799.0, 5058576.0 ] ] ] } },
{ "type": "Feature", "properties": { "betweenness_centrality": "0.021584158415841586", "source": "6810216294.0", "target": "4663047648.0", "ordering_betweenness_centrality": "101", "length": 1061, "length_cumulative": 227769 }, "geometry": { "type": "MultiLineString", "coordinates": [ [ [ 2208762.0, 5062383.0 ], [ 2208773.0, 5062396.0 ], [ 2208813.0, 5062445.0 ], [ 2208829.0, 5062464.0 ], [ 2208831.0, 5062467.0 ] ], [ [ 2208830.0, 5062469.0 ], [ 2208854.0, 5062497.0 ], [ 2208888.0, 5062539.0 ], [ 2208891.0, 5062543.0 ], [ 2208895.0, 5062549.0 ], [ 2208894.0, 5062554.0 ], [ 2208900.0, 5062559.0 ], [ 2208906.0, 5062564.0 ], [ 2208909.0, 5062568.0 ], [ 2208926.0, 5062589.0 ], [ 2208938.0, 5062603.0 ], [ 2208994.0, 5062669.0 ], [ 2209035.0, 5062715.0 ], [ 2209061.0, 5062747.0 ], [ 2209108.0, 5062806.0 ], [ 2209135.0, 5062837.0 ], [ 2209161.0, 5062866.0 ], [ 2209206.0, 5062918.0 ], [ 2209241.0, 5062958.0 ], [ 2209255.0, 5062976.0 ], [ 2209271.0, 5062992.0 ], [ 2209251.0, 5063015.0 ], [ 2209231.0, 5063037.0 ], [ 2209197.0, 5063076.0 ], [ 2209189.0, 5063085.0 ], [ 2209225.0, 5063120.0 ], [ 2209191.0, 5063156.0 ], [ 2209197.0, 5063161.0 ], [ 2209173.0, 5063185.0 ] ] ] } },
{ "type": "Feature", "properties": { "betweenness_centrality": "0.021386138613861388", "source": "2618516943.0", "target": "4658918786.0", "ordering_betweenness_centrality": "102", "length": 324, "length_cumulative": 228093 }, "geometry": { "type": "MultiLineString", "coordinates": [ [ [ 2206672.0, 5061613.0 ], [ 2206666.0, 5061627.0 ], [ 2206656.0, 5061645.0 ], [ 2206615.0, 5061719.0 ] ], [ [ 2206615.0, 5061719.0 ], [ 2206603.0, 5061741.0 ], [ 2206585.0, 5061775.0 ], [ 2206575.0, 5061794.0 ], [ 2206573.0, 5061798.0 ] ], [ [ 2206573.0, 5061798.0 ], [ 2206547.0, 5061844.0 ], [ 2206540.0, 5061857.0 ], [ 2206533.0, 5061871.0 ], [ 2206518.0, 5061898.0 ] ] ] } },
{ "type": "Feature", "properties": { "betweenness_centrality": "0.021386138613861388", "source": "1843562326.0", "target": "2443530780.0", "ordering_betweenness_centrality": "103", "length": 437, "length_cumulative": 228530 }, "geometry": { "type": "MultiLineString", "coordinates": [ [ [ 2207413.0, 5060408.0 ], [ 2207389.0, 5060410.0 ], [ 2207385.0, 5060411.0 ], [ 2207369.0, 5060412.0 ], [ 2207361.0, 5060412.0 ], [ 2207361.0, 5060406.0 ] ], [ [ 2207361.0, 5060406.0 ], [ 2207359.0, 5060351.0 ], [ 2207358.0, 5060315.0 ] ], [ [ 2207297.0, 5060251.0 ], [ 2207285.0, 5060242.0 ], [ 2207282.0, 5060240.0 ], [ 2207275.0, 5060236.0 ], [ 2207271.0, 5060234.0 ], [ 2207264.0, 5060223.0 ], [ 2207231.0, 5060204.0 ], [ 2207217.0, 5060191.0 ], [ 2207213.0, 5060190.0 ], [ 2207196.0, 5060181.0 ], [ 2207191.0, 5060179.0 ], [ 2207187.0, 5060177.0 ], [ 2207180.0, 5060172.0 ], [ 2207165.0, 5060161.0 ], [ 2207159.0, 5060156.0 ], [ 2207154.0, 5060152.0 ], [ 2207138.0, 5060143.0 ], [ 2207134.0, 5060140.0 ], [ 2207132.0, 5060137.0 ], [ 2207130.0, 5060135.0 ], [ 2207128.0, 5060133.0 ], [ 2207125.0, 5060132.0 ], [ 2207121.0, 5060131.0 ], [ 2207092.0, 5060123.0 ], [ 2207066.0, 5060116.0 ], [ 2207062.0, 5060116.0 ], [ 2207059.0, 5060115.0 ], [ 2207056.0, 5060116.0 ], [ 2207053.0, 5060116.0 ], [ 2207051.0, 5060117.0 ] ] ] } },
{ "type": "Feature", "properties": { "betweenness_centrality": "0.02118811881188119", "source": "4554020617.0", "target": "1840559159.0", "ordering_betweenness_centrality": "104", "length": 670, "length_cumulative": 229201 }, "geometry": { "type": "MultiLineString", "coordinates": [ [ [ 2204977.0, 5059437.0 ], [ 2204960.0, 5059411.0 ] ], [ [ 2204960.0, 5059411.0 ], [ 2204936.0, 5059373.0 ] ], [ [ 2204936.0, 5059373.0 ], [ 2204906.0, 5059329.0 ] ], [ [ 2204906.0, 5059329.0 ], [ 2204889.0, 5059302.0 ], [ 2204883.0, 5059284.0 ], [ 2204879.0, 5059269.0 ], [ 2204880.0, 5059264.0 ], [ 2204880.0, 5059259.0 ], [ 2204878.0, 5059254.0 ], [ 2204876.0, 5059250.0 ], [ 2204872.0, 5059247.0 ], [ 2204867.0, 5059245.0 ], [ 2204862.0, 5059244.0 ], [ 2204856.0, 5059246.0 ], [ 2204846.0, 5059229.0 ], [ 2204830.0, 5059202.0 ], [ 2204781.0, 5059121.0 ], [ 2204774.0, 5059110.0 ], [ 2204771.0, 5059105.0 ], [ 2204755.0, 5059080.0 ], [ 2204746.0, 5059067.0 ], [ 2204741.0, 5059060.0 ], [ 2204739.0, 5059056.0 ], [ 2204711.0, 5059011.0 ], [ 2204707.0, 5059004.0 ], [ 2204686.0, 5058964.0 ], [ 2204663.0, 5058922.0 ], [ 2204658.0, 5058914.0 ], [ 2204650.0, 5058916.0 ], [ 2204613.0, 5058926.0 ] ] ] } },
{ "type": "Feature", "properties": { "betweenness_centrality": "0.02099009900990099", "source": "1854567495.0", "target": "1847297757.0", "ordering_betweenness_centrality": "105", "length": 911, "length_cumulative": 230113 }, "geometry": { "type": "MultiLineString", "coordinates": [ [ [ 2204591.0, 5061519.0 ], [ 2204584.0, 5061542.0 ] ], [ [ 2204405.0, 5061673.0 ], [ 2204401.0, 5061679.0 ], [ 2204382.0, 5061688.0 ], [ 2204335.0, 5061710.0 ], [ 2204282.0, 5061735.0 ], [ 2204279.0, 5061736.0 ], [ 2204276.0, 5061737.0 ], [ 2204270.0, 5061740.0 ], [ 2204273.0, 5061746.0 ], [ 2204275.0, 5061754.0 ], [ 2204272.0, 5061756.0 ], [ 2204225.0, 5061777.0 ], [ 2204129.0, 5061822.0 ], [ 2204027.0, 5061869.0 ], [ 2203900.0, 5061928.0 ], [ 2203828.0, 5061962.0 ], [ 2203814.0, 5061968.0 ], [ 2203818.0, 5061979.0 ] ], [ [ 2203818.0, 5061979.0 ], [ 2203820.0, 5061984.0 ], [ 2203822.0, 5061987.0 ], [ 2203855.0, 5062062.0 ], [ 2203868.0, 5062092.0 ], [ 2203873.0, 5062108.0 ], [ 2203879.0, 5062129.0 ], [ 2203883.0, 5062147.0 ], [ 2203887.0, 5062165.0 ], [ 2203888.0, 5062166.0 ] ] ] } },
{ "type": "Feature", "properties": { "betweenness_centrality": "0.020396039603960397", "source": "6288499155.0", "target": "3377273792.0", "ordering_betweenness_centrality": "106", "length": 544, "length_cumulative": 230657 }, "geometry": { "type": "LineString", "coordinates": [ [ 2205861.0, 5060008.0 ], [ 2205870.0, 5059967.0 ], [ 2205871.0, 5059961.0 ], [ 2205872.0, 5059955.0 ], [ 2205883.0, 5059904.0 ], [ 2205890.0, 5059869.0 ], [ 2205892.0, 5059863.0 ], [ 2205893.0, 5059857.0 ], [ 2205906.0, 5059795.0 ], [ 2205918.0, 5059738.0 ], [ 2205919.0, 5059732.0 ], [ 2205922.0, 5059722.0 ], [ 2205933.0, 5059667.0 ], [ 2205946.0, 5059607.0 ], [ 2205947.0, 5059603.0 ], [ 2205948.0, 5059596.0 ], [ 2205965.0, 5059515.0 ], [ 2205966.0, 5059512.0 ], [ 2205998.0, 5059519.0 ], [ 2205999.0, 5059514.0 ] ] } },
{ "type": "Feature", "properties": { "betweenness_centrality": "0.0201980198019802", "source": "4663047757.0", "target": "4663047648.0", "ordering_betweenness_centrality": "107", "length": 1016, "length_cumulative": 231674 }, "geometry": { "type": "MultiLineString", "coordinates": [ [ [ 2209173.0, 5063185.0 ], [ 2209120.0, 5063236.0 ], [ 2209114.0, 5063238.0 ], [ 2209102.0, 5063250.0 ], [ 2209098.0, 5063252.0 ], [ 2209094.0, 5063252.0 ], [ 2209090.0, 5063251.0 ], [ 2209058.0, 5063220.0 ], [ 2209024.0, 5063253.0 ], [ 2209016.0, 5063262.0 ], [ 2208981.0, 5063294.0 ], [ 2208974.0, 5063304.0 ], [ 2208968.0, 5063315.0 ], [ 2208958.0, 5063338.0 ], [ 2208941.0, 5063374.0 ], [ 2208928.0, 5063368.0 ], [ 2208860.0, 5063330.0 ], [ 2208810.0, 5063301.0 ], [ 2208799.0, 5063294.0 ], [ 2208795.0, 5063301.0 ], [ 2208777.0, 5063332.0 ], [ 2208774.0, 5063336.0 ], [ 2208771.0, 5063334.0 ], [ 2208769.0, 5063332.0 ], [ 2208749.0, 5063320.0 ], [ 2208746.0, 5063317.0 ], [ 2208742.0, 5063313.0 ], [ 2208740.0, 5063311.0 ], [ 2208723.0, 5063297.0 ], [ 2208720.0, 5063295.0 ], [ 2208716.0, 5063293.0 ], [ 2208696.0, 5063280.0 ], [ 2208684.0, 5063273.0 ], [ 2208659.0, 5063259.0 ], [ 2208649.0, 5063253.0 ], [ 2208645.0, 5063252.0 ], [ 2208644.0, 5063251.0 ], [ 2208625.0, 5063243.0 ], [ 2208617.0, 5063240.0 ], [ 2208609.0, 5063236.0 ], [ 2208580.0, 5063225.0 ], [ 2208547.0, 5063214.0 ], [ 2208527.0, 5063206.0 ], [ 2208508.0, 5063196.0 ], [ 2208464.0, 5063264.0 ], [ 2208461.0, 5063268.0 ] ], [ [ 2208461.0, 5063268.0 ], [ 2208426.0, 5063322.0 ] ] ] } },
{ "type": "Feature", "properties": { "betweenness_centrality": "0.02", "source": "11968073790.0", "target": "4545060037.0", "ordering_betweenness_centrality": "108", "length": 542, "length_cumulative": 232217 }, "geometry": { "type": "MultiLineString", "coordinates": [ [ [ 2206704.0, 5059624.0 ], [ 2206703.0, 5059620.0 ], [ 2206704.0, 5059616.0 ], [ 2206706.0, 5059612.0 ], [ 2206708.0, 5059609.0 ], [ 2206712.0, 5059607.0 ], [ 2206716.0, 5059606.0 ], [ 2206721.0, 5059606.0 ], [ 2206725.0, 5059607.0 ], [ 2206729.0, 5059609.0 ], [ 2206730.0, 5059607.0 ], [ 2206733.0, 5059604.0 ], [ 2206736.0, 5059601.0 ], [ 2206740.0, 5059598.0 ], [ 2206745.0, 5059597.0 ], [ 2206749.0, 5059598.0 ] ], [ [ 2206749.0, 5059598.0 ], [ 2206753.0, 5059598.0 ], [ 2206762.0, 5059598.0 ], [ 2206773.0, 5059597.0 ], [ 2206783.0, 5059597.0 ], [ 2206795.0, 5059596.0 ], [ 2206804.0, 5059594.0 ], [ 2206814.0, 5059592.0 ], [ 2206822.0, 5059588.0 ], [ 2206828.0, 5059585.0 ], [ 2206837.0, 5059581.0 ], [ 2206848.0, 5059575.0 ], [ 2206862.0, 5059569.0 ], [ 2206881.0, 5059565.0 ], [ 2206899.0, 5059563.0 ], [ 2206910.0, 5059563.0 ], [ 2206925.0, 5059565.0 ], [ 2206949.0, 5059569.0 ], [ 2206965.0, 5059573.0 ], [ 2206989.0, 5059580.0 ], [ 2207002.0, 5059584.0 ], [ 2207005.0, 5059585.0 ], [ 2207013.0, 5059588.0 ], [ 2207025.0, 5059594.0 ], [ 2207046.0, 5059603.0 ], [ 2207082.0, 5059622.0 ], [ 2207085.0, 5059624.0 ], [ 2207091.0, 5059616.0 ], [ 2207108.0, 5059593.0 ], [ 2207120.0, 5059580.0 ], [ 2207134.0, 5059568.0 ], [ 2207145.0, 5059562.0 ], [ 2207150.0, 5059559.0 ], [ 2207166.0, 5059551.0 ], [ 2207179.0, 5059546.0 ] ] ] } },
{ "type": "Feature", "properties": { "betweenness_centrality": "0.019801980198019802", "source": "4655549071.0", "target": "4587669753.0", "ordering_betweenness_centrality": "109", "length": 548, "length_cumulative": 232765 }, "geometry": { "type": "LineString", "coordinates": [ [ 2206043.0, 5062048.0 ], [ 2206046.0, 5062037.0 ], [ 2206048.0, 5062027.0 ], [ 2206000.0, 5062015.0 ], [ 2205965.0, 5062006.0 ], [ 2205954.0, 5062004.0 ], [ 2205949.0, 5062003.0 ], [ 2205944.0, 5062002.0 ], [ 2205940.0, 5062001.0 ], [ 2205935.0, 5062000.0 ], [ 2205941.0, 5061976.0 ], [ 2205942.0, 5061969.0 ], [ 2205931.0, 5061962.0 ], [ 2205935.0, 5061950.0 ], [ 2205942.0, 5061916.0 ], [ 2205945.0, 5061913.0 ], [ 2205956.0, 5061858.0 ], [ 2205960.0, 5061839.0 ], [ 2205969.0, 5061800.0 ], [ 2205980.0, 5061749.0 ], [ 2205927.0, 5061738.0 ], [ 2205931.0, 5061721.0 ], [ 2205933.0, 5061710.0 ], [ 2205933.0, 5061709.0 ], [ 2205932.0, 5061708.0 ], [ 2205882.0, 5061686.0 ], [ 2205886.0, 5061682.0 ] ] } },
{ "type": "Feature", "properties": { "betweenness_centrality": "0.019801980198019802", "source": "1843039377.0", "target": "4663130882.0", "ordering_betweenness_centrality": "110", "length": 768, "length_cumulative": 233534 }, "geometry": { "type": "MultiLineString", "coordinates": [ [ [ 2207605.0, 5062156.0 ], [ 2207610.0, 5062147.0 ], [ 2207618.0, 5062130.0 ], [ 2207629.0, 5062108.0 ], [ 2207653.0, 5062061.0 ], [ 2207680.0, 5062008.0 ], [ 2207713.0, 5061945.0 ], [ 2207726.0, 5061919.0 ], [ 2207736.0, 5061924.0 ], [ 2207787.0, 5061825.0 ], [ 2207794.0, 5061827.0 ], [ 2207839.0, 5061837.0 ], [ 2207841.0, 5061837.0 ], [ 2207879.0, 5061846.0 ] ], [ [ 2207879.0, 5061846.0 ], [ 2207896.0, 5061850.0 ], [ 2207912.0, 5061853.0 ], [ 2207936.0, 5061858.0 ], [ 2207958.0, 5061863.0 ], [ 2207969.0, 5061865.0 ], [ 2208001.0, 5061872.0 ], [ 2208019.0, 5061876.0 ], [ 2208027.0, 5061877.0 ], [ 2208114.0, 5061894.0 ], [ 2208131.0, 5061867.0 ], [ 2208139.0, 5061855.0 ] ] ] } },
{ "type": "Feature", "properties": { "betweenness_centrality": "0.019405940594059406", "source": "4663179987.0", "target": "1843039377.0", "ordering_betweenness_centrality": "111", "length": 174, "length_cumulative": 233708 }, "geometry": { "type": "LineString", "coordinates": [ [ 2207866.0, 5061669.0 ], [ 2207858.0, 5061684.0 ], [ 2207851.0, 5061699.0 ], [ 2207830.0, 5061740.0 ], [ 2207820.0, 5061758.0 ], [ 2207811.0, 5061777.0 ], [ 2207787.0, 5061825.0 ] ] } },
{ "type": "Feature", "properties": { "betweenness_centrality": "0.019207920792079208", "source": "6316010675.0", "target": "3787682972.0", "ordering_betweenness_centrality": "112", "length": 384, "length_cumulative": 234093 }, "geometry": { "type": "MultiLineString", "coordinates": [ [ [ 2207275.0, 5062598.0 ], [ 2207267.0, 5062608.0 ], [ 2207225.0, 5062608.0 ], [ 2207213.0, 5062605.0 ], [ 2207203.0, 5062598.0 ] ], [ [ 2207203.0, 5062654.0 ], [ 2207081.0, 5062636.0 ], [ 2207080.0, 5062647.0 ], [ 2207080.0, 5062657.0 ], [ 2207072.0, 5062661.0 ], [ 2207070.0, 5062664.0 ], [ 2207060.0, 5062662.0 ], [ 2207060.0, 5062664.0 ], [ 2207060.0, 5062672.0 ], [ 2207060.0, 5062677.0 ], [ 2207059.0, 5062685.0 ], [ 2207058.0, 5062700.0 ], [ 2207056.0, 5062718.0 ], [ 2207052.0, 5062760.0 ], [ 2207051.0, 5062774.0 ], [ 2207050.0, 5062778.0 ], [ 2207049.0, 5062789.0 ], [ 2207047.0, 5062800.0 ] ] ] } },
{ "type": "Feature", "properties": { "betweenness_centrality": "0.019009900990099013", "source": "4622126582.0", "target": "6802625980.0", "ordering_betweenness_centrality": "113", "length": 832, "length_cumulative": 234925 }, "geometry": { "type": "LineString", "coordinates": [ [ 2210088.0, 5061860.0 ], [ 2210124.0, 5061834.0 ], [ 2210128.0, 5061834.0 ], [ 2210135.0, 5061835.0 ], [ 2210141.0, 5061835.0 ], [ 2210147.0, 5061834.0 ], [ 2210172.0, 5061832.0 ], [ 2210190.0, 5061829.0 ], [ 2210198.0, 5061829.0 ], [ 2210208.0, 5061829.0 ], [ 2210216.0, 5061830.0 ], [ 2210224.0, 5061831.0 ], [ 2210247.0, 5061839.0 ], [ 2210272.0, 5061848.0 ], [ 2210299.0, 5061858.0 ], [ 2210316.0, 5061861.0 ], [ 2210331.0, 5061863.0 ], [ 2210347.0, 5061864.0 ], [ 2210367.0, 5061863.0 ], [ 2210367.0, 5061906.0 ], [ 2210367.0, 5061935.0 ], [ 2210366.0, 5061946.0 ], [ 2210364.0, 5061974.0 ], [ 2210362.0, 5062015.0 ], [ 2210362.0, 5062019.0 ], [ 2210360.0, 5062025.0 ], [ 2210354.0, 5062055.0 ], [ 2210341.0, 5062085.0 ], [ 2210362.0, 5062090.0 ], [ 2210390.0, 5062100.0 ], [ 2210406.0, 5062112.0 ], [ 2210404.0, 5062167.0 ], [ 2210399.0, 5062259.0 ], [ 2210404.0, 5062270.0 ], [ 2210420.0, 5062288.0 ], [ 2210450.0, 5062321.0 ], [ 2210464.0, 5062317.0 ] ] } },
{ "type": "Feature", "properties": { "betweenness_centrality": "0.018811881188118815", "source": "1876396733.0", "target": "1859403463.0", "ordering_betweenness_centrality": "114", "length": 595, "length_cumulative": 235521 }, "geometry": { "type": "MultiLineString", "coordinates": [ [ [ 2207199.0, 5061669.0 ], [ 2207234.0, 5061615.0 ], [ 2207244.0, 5061599.0 ], [ 2207255.0, 5061579.0 ], [ 2207269.0, 5061555.0 ], [ 2207282.0, 5061532.0 ], [ 2207279.0, 5061530.0 ], [ 2207269.0, 5061524.0 ], [ 2207210.0, 5061490.0 ], [ 2207204.0, 5061487.0 ], [ 2207223.0, 5061455.0 ], [ 2207236.0, 5061433.0 ], [ 2207237.0, 5061428.0 ], [ 2207250.0, 5061389.0 ], [ 2207254.0, 5061377.0 ], [ 2207255.0, 5061370.0 ], [ 2207265.0, 5061334.0 ], [ 2207272.0, 5061316.0 ], [ 2207275.0, 5061308.0 ], [ 2207279.0, 5061298.0 ] ], [ [ 2207184.0, 5061234.0 ], [ 2207186.0, 5061230.0 ], [ 2207195.0, 5061215.0 ], [ 2207199.0, 5061208.0 ], [ 2207200.0, 5061201.0 ], [ 2207197.0, 5061154.0 ], [ 2207195.0, 5061120.0 ], [ 2207193.0, 5061097.0 ] ] ] } },
{ "type": "Feature", "properties": { "betweenness_centrality": "0.018613861386138617", "source": "6810216294.0", "target": "12053076559.0", "ordering_betweenness_centrality": "115", "length": 403, "length_cumulative": 235924 }, "geometry": { "type": "MultiLineString", "coordinates": [ [ [ 2208900.0, 5062559.0 ], [ 2208875.0, 5062596.0 ] ], [ [ 2208875.0, 5062596.0 ], [ 2208866.0, 5062613.0 ], [ 2208845.0, 5062652.0 ], [ 2208843.0, 5062654.0 ] ], [ [ 2208843.0, 5062654.0 ], [ 2208833.0, 5062674.0 ], [ 2208827.0, 5062683.0 ], [ 2208824.0, 5062690.0 ], [ 2208810.0, 5062714.0 ] ], [ [ 2208810.0, 5062714.0 ], [ 2208796.0, 5062740.0 ], [ 2208781.0, 5062766.0 ], [ 2208777.0, 5062773.0 ], [ 2208761.0, 5062802.0 ], [ 2208732.0, 5062853.0 ], [ 2208719.0, 5062876.0 ], [ 2208698.0, 5062908.0 ] ] ] } },
{ "type": "Feature", "properties": { "betweenness_centrality": "0.018613861386138617", "source": "7976384016.0", "target": "6236284976.0", "ordering_betweenness_centrality": "116", "length": 845, "length_cumulative": 236770 }, "geometry": { "type": "MultiLineString", "coordinates": [ [ [ 2203854.0, 5059075.0 ], [ 2203859.0, 5059081.0 ], [ 2203864.0, 5059086.0 ], [ 2203879.0, 5059104.0 ], [ 2203897.0, 5059125.0 ], [ 2203901.0, 5059128.0 ], [ 2203906.0, 5059134.0 ] ], [ [ 2203906.0, 5059134.0 ], [ 2203908.0, 5059137.0 ], [ 2203939.0, 5059174.0 ], [ 2203953.0, 5059192.0 ], [ 2203958.0, 5059203.0 ], [ 2203963.0, 5059212.0 ], [ 2203968.0, 5059225.0 ], [ 2203972.0, 5059234.0 ], [ 2204027.0, 5059246.0 ], [ 2204081.0, 5059258.0 ], [ 2204193.0, 5059281.0 ], [ 2204205.0, 5059280.0 ], [ 2204212.0, 5059277.0 ], [ 2204219.0, 5059272.0 ], [ 2204226.0, 5059266.0 ], [ 2204241.0, 5059262.0 ], [ 2204296.0, 5059249.0 ], [ 2204304.0, 5059250.0 ], [ 2204311.0, 5059254.0 ], [ 2204318.0, 5059258.0 ], [ 2204317.0, 5059262.0 ], [ 2204314.0, 5059282.0 ], [ 2204309.0, 5059310.0 ], [ 2204308.0, 5059314.0 ], [ 2204308.0, 5059319.0 ], [ 2204315.0, 5059320.0 ], [ 2204339.0, 5059324.0 ], [ 2204359.0, 5059324.0 ], [ 2204380.0, 5059332.0 ], [ 2204388.0, 5059365.0 ], [ 2204392.0, 5059386.0 ], [ 2204395.0, 5059394.0 ], [ 2204403.0, 5059426.0 ], [ 2204406.0, 5059437.0 ], [ 2204409.0, 5059446.0 ], [ 2204417.0, 5059477.0 ] ] ] } },
{ "type": "Feature", "properties": { "betweenness_centrality": "0.01841584158415842", "source": "2070101512.0", "target": "7533962848.0", "ordering_betweenness_centrality": "117", "length": 2866, "length_cumulative": 239637 }, "geometry": { "type": "LineString", "coordinates": [ [ 2201985.0, 5063459.0 ], [ 2201993.0, 5063468.0 ], [ 2201999.0, 5063466.0 ], [ 2202001.0, 5063469.0 ], [ 2201997.0, 5063475.0 ], [ 2201985.0, 5063480.0 ], [ 2201834.0, 5063564.0 ], [ 2201820.0, 5063572.0 ], [ 2201730.0, 5063630.0 ], [ 2201562.0, 5063750.0 ], [ 2201493.0, 5063802.0 ], [ 2201456.0, 5063830.0 ], [ 2201411.0, 5063865.0 ], [ 2201080.0, 5064115.0 ], [ 2201027.0, 5064156.0 ], [ 2200970.0, 5064196.0 ], [ 2200960.0, 5064204.0 ], [ 2200936.0, 5064220.0 ], [ 2200917.0, 5064255.0 ], [ 2200897.0, 5064289.0 ], [ 2200886.0, 5064309.0 ], [ 2200872.0, 5064333.0 ], [ 2200870.0, 5064337.0 ], [ 2200865.0, 5064346.0 ], [ 2200862.0, 5064355.0 ], [ 2200852.0, 5064354.0 ], [ 2200849.0, 5064363.0 ], [ 2200844.0, 5064378.0 ], [ 2200842.0, 5064379.0 ], [ 2200841.0, 5064381.0 ], [ 2200829.0, 5064392.0 ], [ 2200816.0, 5064412.0 ], [ 2200814.0, 5064414.0 ], [ 2200803.0, 5064431.0 ], [ 2200776.0, 5064486.0 ], [ 2200765.0, 5064485.0 ], [ 2200738.0, 5064496.0 ], [ 2200704.0, 5064513.0 ], [ 2200586.0, 5064600.0 ], [ 2200549.0, 5064545.0 ], [ 2200487.0, 5064603.0 ], [ 2200431.0, 5064651.0 ], [ 2200392.0, 5064681.0 ], [ 2200386.0, 5064683.0 ], [ 2200345.0, 5064703.0 ], [ 2200301.0, 5064716.0 ], [ 2200255.0, 5064730.0 ], [ 2200244.0, 5064730.0 ], [ 2200236.0, 5064725.0 ], [ 2200220.0, 5064656.0 ], [ 2200127.0, 5064679.0 ], [ 2199989.0, 5064719.0 ], [ 2199910.0, 5064739.0 ], [ 2199865.0, 5064757.0 ], [ 2199820.0, 5064772.0 ], [ 2199793.0, 5064777.0 ], [ 2199782.0, 5064739.0 ] ] } },
{ "type": "Feature", "properties": { "betweenness_centrality": "0.01841584158415842", "source": "12104395903.0", "target": "7034459546.0", "ordering_betweenness_centrality": "118", "length": 845, "length_cumulative": 240482 }, "geometry": { "type": "MultiLineString", "coordinates": [ [ [ 2211181.0, 5061470.0 ], [ 2211183.0, 5061483.0 ], [ 2211184.0, 5061492.0 ], [ 2211167.0, 5061496.0 ], [ 2211158.0, 5061499.0 ], [ 2211154.0, 5061500.0 ], [ 2211150.0, 5061503.0 ], [ 2211147.0, 5061503.0 ], [ 2211144.0, 5061503.0 ], [ 2211138.0, 5061502.0 ], [ 2211015.0, 5061525.0 ], [ 2210829.0, 5061560.0 ], [ 2210716.0, 5061580.0 ], [ 2210648.0, 5061589.0 ], [ 2210625.0, 5061593.0 ], [ 2210616.0, 5061594.0 ], [ 2210609.0, 5061593.0 ], [ 2210597.0, 5061589.0 ], [ 2210582.0, 5061587.0 ], [ 2210564.0, 5061584.0 ], [ 2210550.0, 5061583.0 ], [ 2210538.0, 5061583.0 ], [ 2210527.0, 5061585.0 ], [ 2210510.0, 5061588.0 ], [ 2210500.0, 5061596.0 ], [ 2210486.0, 5061604.0 ], [ 2210470.0, 5061607.0 ], [ 2210454.0, 5061607.0 ], [ 2210439.0, 5061602.0 ] ], [ [ 2210400.0, 5061599.0 ], [ 2210399.0, 5061590.0 ] ], [ [ 2210399.0, 5061590.0 ], [ 2210395.0, 5061584.0 ], [ 2210392.0, 5061576.0 ], [ 2210390.0, 5061568.0 ], [ 2210388.0, 5061559.0 ], [ 2210386.0, 5061547.0 ], [ 2210387.0, 5061541.0 ] ] ] } },
{ "type": "Feature", "properties": { "betweenness_centrality": "0.01821782178217822", "source": "4621966541.0", "target": "4621995118.0", "ordering_betweenness_centrality": "119", "length": 1011, "length_cumulative": 241493 }, "geometry": { "type": "MultiLineString", "coordinates": [ [ [ 2209160.0, 5061128.0 ], [ 2209162.0, 5061115.0 ], [ 2209163.0, 5061109.0 ], [ 2209169.0, 5061086.0 ], [ 2209179.0, 5061057.0 ], [ 2209186.0, 5061040.0 ] ], [ [ 2209186.0, 5061040.0 ], [ 2209202.0, 5060999.0 ], [ 2209211.0, 5060981.0 ], [ 2209213.0, 5060978.0 ], [ 2209165.0, 5060946.0 ], [ 2209164.0, 5060943.0 ], [ 2209151.0, 5060914.0 ], [ 2209125.0, 5060917.0 ], [ 2209096.0, 5060920.0 ], [ 2209015.0, 5060928.0 ], [ 2209004.0, 5060928.0 ], [ 2208995.0, 5060924.0 ], [ 2208989.0, 5060917.0 ], [ 2208973.0, 5060882.0 ], [ 2208956.0, 5060844.0 ], [ 2208938.0, 5060802.0 ], [ 2208926.0, 5060774.0 ], [ 2208924.0, 5060769.0 ], [ 2208922.0, 5060763.0 ], [ 2208923.0, 5060758.0 ], [ 2208924.0, 5060755.0 ], [ 2208927.0, 5060752.0 ], [ 2208931.0, 5060750.0 ], [ 2208937.0, 5060749.0 ], [ 2208942.0, 5060750.0 ], [ 2208941.0, 5060745.0 ], [ 2208933.0, 5060741.0 ], [ 2208925.0, 5060736.0 ], [ 2208923.0, 5060729.0 ], [ 2208941.0, 5060682.0 ], [ 2208955.0, 5060651.0 ], [ 2208960.0, 5060646.0 ], [ 2208972.0, 5060637.0 ], [ 2208971.0, 5060633.0 ], [ 2208965.0, 5060619.0 ], [ 2208947.0, 5060601.0 ], [ 2208946.0, 5060576.0 ], [ 2208937.0, 5060564.0 ], [ 2208917.0, 5060537.0 ], [ 2208909.0, 5060536.0 ], [ 2208900.0, 5060536.0 ], [ 2208858.0, 5060532.0 ], [ 2208855.0, 5060527.0 ], [ 2208808.0, 5060522.0 ], [ 2208778.0, 5060519.0 ] ] ] } },
{ "type": "Feature", "properties": { "betweenness_centrality": "0.017821782178217824", "source": "3184343523.0", "target": "4623439293.0", "ordering_betweenness_centrality": "120", "length": 297, "length_cumulative": 241791 }, "geometry": { "type": "MultiLineString", "coordinates": [ [ [ 2207955.0, 5060764.0 ], [ 2207956.0, 5060753.0 ], [ 2207959.0, 5060748.0 ], [ 2207965.0, 5060745.0 ] ], [ [ 2207839.0, 5060519.0 ], [ 2207848.0, 5060514.0 ] ], [ [ 2207841.0, 5060502.0 ], [ 2207849.0, 5060501.0 ], [ 2207852.0, 5060501.0 ], [ 2207857.0, 5060500.0 ], [ 2207859.0, 5060500.0 ], [ 2207868.0, 5060499.0 ], [ 2207871.0, 5060481.0 ], [ 2207872.0, 5060478.0 ], [ 2207877.0, 5060457.0 ], [ 2207878.0, 5060455.0 ], [ 2207879.0, 5060448.0 ], [ 2207883.0, 5060435.0 ], [ 2207885.0, 5060426.0 ], [ 2207890.0, 5060424.0 ], [ 2207893.0, 5060424.0 ], [ 2207896.0, 5060423.0 ], [ 2207901.0, 5060421.0 ], [ 2207905.0, 5060419.0 ], [ 2207913.0, 5060415.0 ] ], [ [ 2207913.0, 5060415.0 ], [ 2207921.0, 5060406.0 ], [ 2207928.0, 5060396.0 ], [ 2207936.0, 5060387.0 ], [ 2207946.0, 5060374.0 ], [ 2207951.0, 5060368.0 ], [ 2207963.0, 5060351.0 ], [ 2207931.0, 5060335.0 ], [ 2207937.0, 5060320.0 ] ] ] } },
{ "type": "Feature", "properties": { "betweenness_centrality": "0.017425742574257427", "source": "1847297757.0", "target": "4597856176.0", "ordering_betweenness_centrality": "122", "length": 1902, "length_cumulative": 243694 }, "geometry": { "type": "LineString", "coordinates": [ [ 2203744.0, 5062368.0 ], [ 2203724.0, 5062447.0 ], [ 2203719.0, 5062444.0 ], [ 2203702.0, 5062465.0 ], [ 2203687.0, 5062480.0 ], [ 2203669.0, 5062495.0 ], [ 2203652.0, 5062506.0 ], [ 2203606.0, 5062527.0 ], [ 2203624.0, 5062561.0 ], [ 2203626.0, 5062571.0 ], [ 2203624.0, 5062581.0 ], [ 2203620.0, 5062592.0 ], [ 2203613.0, 5062605.0 ], [ 2203610.0, 5062608.0 ], [ 2203594.0, 5062615.0 ], [ 2203590.0, 5062625.0 ], [ 2203599.0, 5062646.0 ], [ 2203592.0, 5062649.0 ], [ 2203550.0, 5062669.0 ], [ 2203515.0, 5062686.0 ], [ 2203527.0, 5062760.0 ], [ 2203546.0, 5062865.0 ], [ 2203547.0, 5062870.0 ], [ 2203549.0, 5062875.0 ], [ 2203497.0, 5062884.0 ], [ 2203489.0, 5062885.0 ], [ 2203482.0, 5062886.0 ], [ 2203465.0, 5062889.0 ], [ 2203420.0, 5062897.0 ], [ 2203403.0, 5062901.0 ], [ 2203381.0, 5062909.0 ], [ 2203373.0, 5062912.0 ], [ 2203372.0, 5062915.0 ], [ 2203372.0, 5062919.0 ], [ 2203375.0, 5062953.0 ], [ 2203385.0, 5063013.0 ], [ 2203399.0, 5063116.0 ], [ 2203409.0, 5063179.0 ], [ 2203414.0, 5063216.0 ], [ 2203416.0, 5063227.0 ], [ 2203421.0, 5063276.0 ], [ 2203422.0, 5063289.0 ], [ 2203421.0, 5063298.0 ], [ 2203418.0, 5063309.0 ], [ 2203408.0, 5063307.0 ], [ 2203407.0, 5063315.0 ], [ 2203405.0, 5063323.0 ], [ 2203516.0, 5063332.0 ], [ 2203568.0, 5063335.0 ], [ 2203550.0, 5063411.0 ], [ 2203549.0, 5063418.0 ], [ 2203550.0, 5063424.0 ], [ 2203565.0, 5063450.0 ], [ 2203573.0, 5063460.0 ], [ 2203589.0, 5063477.0 ], [ 2203598.0, 5063486.0 ], [ 2203641.0, 5063533.0 ], [ 2203647.0, 5063542.0 ], [ 2203652.0, 5063551.0 ], [ 2203661.0, 5063565.0 ], [ 2203668.0, 5063580.0 ], [ 2203673.0, 5063593.0 ], [ 2203674.0, 5063604.0 ], [ 2203675.0, 5063625.0 ], [ 2203675.0, 5063632.0 ], [ 2203673.0, 5063650.0 ], [ 2203672.0, 5063664.0 ], [ 2203673.0, 5063675.0 ], [ 2203673.0, 5063682.0 ], [ 2203672.0, 5063685.0 ], [ 2203670.0, 5063690.0 ], [ 2203662.0, 5063708.0 ], [ 2203660.0, 5063717.0 ], [ 2203660.0, 5063727.0 ], [ 2203661.0, 5063738.0 ], [ 2203666.0, 5063764.0 ] ] } },
{ "type": "Feature", "properties": { "betweenness_centrality": "0.01722772277227723", "source": "6732084907.0", "target": "2379543870.0", "ordering_betweenness_centrality": "123", "length": 2589, "length_cumulative": 246283 }, "geometry": { "type": "LineString", "coordinates": [ [ 2209400.0, 5057704.0 ], [ 2209421.0, 5057650.0 ], [ 2209425.0, 5057620.0 ], [ 2209421.0, 5057592.0 ], [ 2209405.0, 5057576.0 ], [ 2209386.0, 5057555.0 ], [ 2209378.0, 5057536.0 ], [ 2209383.0, 5057522.0 ], [ 2209393.0, 5057511.0 ], [ 2209421.0, 5057499.0 ], [ 2209431.0, 5057484.0 ], [ 2209438.0, 5057465.0 ], [ 2209441.0, 5057444.0 ], [ 2209445.0, 5057395.0 ], [ 2209428.0, 5057398.0 ], [ 2209396.0, 5057406.0 ], [ 2209357.0, 5057415.0 ], [ 2209352.0, 5057416.0 ], [ 2209327.0, 5057422.0 ], [ 2209319.0, 5057424.0 ], [ 2209297.0, 5057431.0 ], [ 2209275.0, 5057433.0 ], [ 2209256.0, 5057436.0 ], [ 2209240.0, 5057440.0 ], [ 2209228.0, 5057447.0 ], [ 2209203.0, 5057462.0 ], [ 2209178.0, 5057480.0 ], [ 2209165.0, 5057488.0 ], [ 2209157.0, 5057487.0 ], [ 2209153.0, 5057487.0 ], [ 2209146.0, 5057485.0 ], [ 2209134.0, 5057479.0 ], [ 2209126.0, 5057475.0 ], [ 2209117.0, 5057473.0 ], [ 2209105.0, 5057475.0 ], [ 2209093.0, 5057481.0 ], [ 2209074.0, 5057493.0 ], [ 2209064.0, 5057499.0 ], [ 2209061.0, 5057501.0 ], [ 2209040.0, 5057517.0 ], [ 2209000.0, 5057539.0 ], [ 2208986.0, 5057546.0 ], [ 2208975.0, 5057552.0 ], [ 2208972.0, 5057547.0 ], [ 2208969.0, 5057544.0 ], [ 2208964.0, 5057537.0 ], [ 2208961.0, 5057535.0 ], [ 2208958.0, 5057534.0 ], [ 2208954.0, 5057533.0 ], [ 2208950.0, 5057534.0 ], [ 2208940.0, 5057541.0 ], [ 2208929.0, 5057552.0 ], [ 2208917.0, 5057555.0 ], [ 2208909.0, 5057558.0 ], [ 2208902.0, 5057561.0 ], [ 2208894.0, 5057559.0 ], [ 2208889.0, 5057557.0 ], [ 2208886.0, 5057556.0 ], [ 2208881.0, 5057551.0 ], [ 2208865.0, 5057565.0 ], [ 2208840.0, 5057588.0 ], [ 2208819.0, 5057608.0 ], [ 2208804.0, 5057622.0 ], [ 2208793.0, 5057632.0 ], [ 2208789.0, 5057636.0 ], [ 2208750.0, 5057671.0 ], [ 2208719.0, 5057700.0 ], [ 2208699.0, 5057719.0 ], [ 2208693.0, 5057725.0 ], [ 2208685.0, 5057732.0 ], [ 2208676.0, 5057740.0 ], [ 2208662.0, 5057754.0 ], [ 2208651.0, 5057760.0 ], [ 2208645.0, 5057764.0 ], [ 2208640.0, 5057768.0 ], [ 2208636.0, 5057771.0 ], [ 2208631.0, 5057773.0 ], [ 2208625.0, 5057775.0 ], [ 2208618.0, 5057777.0 ], [ 2208613.0, 5057779.0 ], [ 2208611.0, 5057778.0 ], [ 2208606.0, 5057776.0 ], [ 2208601.0, 5057776.0 ], [ 2208596.0, 5057775.0 ], [ 2208591.0, 5057776.0 ], [ 2208586.0, 5057778.0 ], [ 2208582.0, 5057780.0 ], [ 2208578.0, 5057783.0 ], [ 2208575.0, 5057787.0 ], [ 2208572.0, 5057791.0 ], [ 2208566.0, 5057796.0 ], [ 2208560.0, 5057799.0 ], [ 2208553.0, 5057801.0 ], [ 2208551.0, 5057815.0 ], [ 2208547.0, 5057815.0 ], [ 2208519.0, 5057817.0 ], [ 2208462.0, 5057819.0 ], [ 2208441.0, 5057820.0 ], [ 2208429.0, 5057822.0 ], [ 2208418.0, 5057824.0 ], [ 2208408.0, 5057827.0 ], [ 2208398.0, 5057831.0 ], [ 2208386.0, 5057837.0 ], [ 2208378.0, 5057842.0 ], [ 2208367.0, 5057849.0 ], [ 2208358.0, 5057857.0 ], [ 2208337.0, 5057881.0 ], [ 2208324.0, 5057894.0 ], [ 2208314.0, 5057906.0 ], [ 2208306.0, 5057918.0 ], [ 2208297.0, 5057931.0 ], [ 2208291.0, 5057943.0 ], [ 2208282.0, 5057959.0 ], [ 2208277.0, 5057974.0 ], [ 2208271.0, 5057989.0 ], [ 2208264.0, 5058012.0 ], [ 2208238.0, 5058098.0 ], [ 2208220.0, 5058161.0 ], [ 2208207.0, 5058203.0 ], [ 2208201.0, 5058222.0 ], [ 2208195.0, 5058244.0 ], [ 2208172.0, 5058318.0 ], [ 2208163.0, 5058339.0 ], [ 2208155.0, 5058354.0 ], [ 2208127.0, 5058401.0 ], [ 2208095.0, 5058460.0 ], [ 2208068.0, 5058513.0 ], [ 2208025.0, 5058588.0 ], [ 2208011.0, 5058612.0 ], [ 2207996.0, 5058639.0 ], [ 2207992.0, 5058647.0 ], [ 2207994.0, 5058662.0 ], [ 2207995.0, 5058671.0 ], [ 2207996.0, 5058688.0 ], [ 2207998.0, 5058698.0 ], [ 2208003.0, 5058710.0 ], [ 2208008.0, 5058720.0 ], [ 2208014.0, 5058730.0 ] ] } },
{ "type": "Feature", "properties": { "betweenness_centrality": "0.01702970297029703", "source": "1843585054.0", "target": "6316010675.0", "ordering_betweenness_centrality": "124", "length": 160, "length_cumulative": 246443 }, "geometry": { "type": "LineString", "coordinates": [ [ 2207059.0, 5062685.0 ], [ 2207044.0, 5062684.0 ], [ 2207036.0, 5062682.0 ], [ 2207027.0, 5062680.0 ], [ 2206978.0, 5062671.0 ], [ 2206971.0, 5062670.0 ], [ 2206963.0, 5062668.0 ], [ 2206953.0, 5062667.0 ], [ 2206942.0, 5062668.0 ], [ 2206930.0, 5062669.0 ], [ 2206918.0, 5062671.0 ], [ 2206900.0, 5062672.0 ] ] } },
{ "type": "Feature", "properties": { "betweenness_centrality": "0.01702970297029703", "source": "1840559159.0", "target": "6236284976.0", "ordering_betweenness_centrality": "125", "length": 884, "length_cumulative": 247328 }, "geometry": { "type": "MultiLineString", "coordinates": [ [ [ 2203977.0, 5058920.0 ], [ 2203988.0, 5058910.0 ], [ 2203991.0, 5058901.0 ], [ 2203998.0, 5058889.0 ], [ 2204001.0, 5058884.0 ], [ 2204009.0, 5058873.0 ], [ 2204017.0, 5058874.0 ], [ 2204017.0, 5058878.0 ], [ 2204018.0, 5058882.0 ], [ 2204019.0, 5058886.0 ], [ 2204020.0, 5058890.0 ], [ 2204022.0, 5058894.0 ], [ 2204025.0, 5058897.0 ], [ 2204027.0, 5058900.0 ], [ 2204031.0, 5058903.0 ], [ 2204034.0, 5058905.0 ], [ 2204038.0, 5058907.0 ], [ 2204042.0, 5058908.0 ], [ 2204046.0, 5058909.0 ], [ 2204050.0, 5058909.0 ], [ 2204055.0, 5058909.0 ], [ 2204059.0, 5058908.0 ], [ 2204063.0, 5058907.0 ], [ 2204067.0, 5058905.0 ], [ 2204070.0, 5058903.0 ], [ 2204073.0, 5058900.0 ], [ 2204076.0, 5058897.0 ], [ 2204078.0, 5058893.0 ], [ 2204080.0, 5058889.0 ], [ 2204082.0, 5058885.0 ], [ 2204083.0, 5058881.0 ], [ 2204093.0, 5058861.0 ], [ 2204099.0, 5058853.0 ], [ 2204110.0, 5058839.0 ], [ 2204123.0, 5058824.0 ], [ 2204133.0, 5058814.0 ], [ 2204147.0, 5058801.0 ], [ 2204158.0, 5058793.0 ], [ 2204168.0, 5058784.0 ], [ 2204189.0, 5058771.0 ], [ 2204205.0, 5058762.0 ], [ 2204221.0, 5058757.0 ], [ 2204228.0, 5058755.0 ], [ 2204235.0, 5058755.0 ] ], [ [ 2204235.0, 5058755.0 ], [ 2204243.0, 5058753.0 ], [ 2204244.0, 5058762.0 ], [ 2204255.0, 5058802.0 ], [ 2204262.0, 5058799.0 ], [ 2204353.0, 5058772.0 ], [ 2204380.0, 5058854.0 ], [ 2204385.0, 5058870.0 ], [ 2204387.0, 5058876.0 ], [ 2204421.0, 5058896.0 ], [ 2204445.0, 5058911.0 ], [ 2204451.0, 5058931.0 ], [ 2204458.0, 5058957.0 ], [ 2204459.0, 5058962.0 ], [ 2204461.0, 5058967.0 ], [ 2204497.0, 5058957.0 ], [ 2204504.0, 5058955.0 ], [ 2204546.0, 5058944.0 ], [ 2204565.0, 5058939.0 ], [ 2204575.0, 5058936.0 ] ] ] } },
{ "type": "Feature", "properties": { "betweenness_centrality": "0.016831683168316833", "source": "4653389036.0", "target": "6274653702.0", "ordering_betweenness_centrality": "126", "length": 414, "length_cumulative": 247742 }, "geometry": { "type": "MultiLineString", "coordinates": [ [ [ 2205921.0, 5061052.0 ], [ 2205908.0, 5061005.0 ], [ 2205905.0, 5060989.0 ], [ 2205915.0, 5060941.0 ], [ 2205915.0, 5060924.0 ], [ 2205913.0, 5060903.0 ], [ 2205911.0, 5060891.0 ], [ 2205909.0, 5060889.0 ], [ 2205914.0, 5060884.0 ], [ 2205914.0, 5060872.0 ], [ 2205914.0, 5060864.0 ] ], [ [ 2205914.0, 5060864.0 ], [ 2205914.0, 5060856.0 ], [ 2205914.0, 5060849.0 ], [ 2205893.0, 5060850.0 ], [ 2205892.0, 5060838.0 ], [ 2205892.0, 5060832.0 ], [ 2205891.0, 5060824.0 ], [ 2205889.0, 5060822.0 ], [ 2205888.0, 5060823.0 ], [ 2205871.0, 5060824.0 ], [ 2205871.0, 5060817.0 ], [ 2205871.0, 5060807.0 ], [ 2205871.0, 5060789.0 ], [ 2205871.0, 5060785.0 ], [ 2205870.0, 5060782.0 ], [ 2205869.0, 5060777.0 ], [ 2205868.0, 5060766.0 ], [ 2205867.0, 5060761.0 ], [ 2205866.0, 5060756.0 ], [ 2205856.0, 5060754.0 ], [ 2205833.0, 5060749.0 ] ], [ [ 2205833.0, 5060749.0 ], [ 2205845.0, 5060717.0 ] ] ] } },
{ "type": "Feature", "properties": { "betweenness_centrality": "0.016633663366336635", "source": "1863318445.0", "target": "1863377926.0", "ordering_betweenness_centrality": "127", "length": 228, "length_cumulative": 247971 }, "geometry": { "type": "MultiLineString", "coordinates": [ [ [ 2200449.0, 5058718.0 ], [ 2200450.0, 5058716.0 ], [ 2200454.0, 5058709.0 ], [ 2200455.0, 5058706.0 ], [ 2200462.0, 5058710.0 ], [ 2200482.0, 5058720.0 ], [ 2200489.0, 5058724.0 ], [ 2200512.0, 5058683.0 ], [ 2200519.0, 5058671.0 ] ], [ [ 2200660.0, 5058559.0 ], [ 2200683.0, 5058518.0 ], [ 2200710.0, 5058532.0 ], [ 2200745.0, 5058551.0 ] ] ] } },
{ "type": "Feature", "properties": { "betweenness_centrality": "0.016633663366336635", "source": "4545060037.0", "target": "5863041152.0", "ordering_betweenness_centrality": "128", "length": 769, "length_cumulative": 248740 }, "geometry": { "type": "MultiLineString", "coordinates": [ [ [ 2206308.0, 5059167.0 ], [ 2206312.0, 5059171.0 ], [ 2206314.0, 5059178.0 ], [ 2206315.0, 5059184.0 ], [ 2206313.0, 5059197.0 ], [ 2206318.0, 5059208.0 ], [ 2206321.0, 5059214.0 ] ], [ [ 2206321.0, 5059214.0 ], [ 2206325.0, 5059217.0 ], [ 2206331.0, 5059222.0 ], [ 2206347.0, 5059232.0 ], [ 2206382.0, 5059239.0 ], [ 2206452.0, 5059254.0 ], [ 2206515.0, 5059267.0 ], [ 2206575.0, 5059279.0 ], [ 2206587.0, 5059281.0 ], [ 2206611.0, 5059286.0 ], [ 2206643.0, 5059293.0 ], [ 2206667.0, 5059297.0 ], [ 2206693.0, 5059303.0 ], [ 2206700.0, 5059303.0 ], [ 2206687.0, 5059367.0 ], [ 2206677.0, 5059407.0 ], [ 2206658.0, 5059500.0 ], [ 2206676.0, 5059525.0 ], [ 2206680.0, 5059537.0 ], [ 2206685.0, 5059548.0 ], [ 2206688.0, 5059552.0 ] ], [ [ 2206688.0, 5059552.0 ], [ 2206692.0, 5059559.0 ], [ 2206698.0, 5059567.0 ], [ 2206711.0, 5059584.0 ], [ 2206712.0, 5059590.0 ], [ 2206712.0, 5059595.0 ], [ 2206708.0, 5059609.0 ] ] ] } },
{ "type": "Feature", "properties": { "betweenness_centrality": "0.016237623762376238", "source": "6274653702.0", "target": "4658918786.0", "ordering_betweenness_centrality": "129", "length": 319, "length_cumulative": 249060 }, "geometry": { "type": "LineString", "coordinates": [ [ 2206109.0, 5061300.0 ], [ 2206104.0, 5061323.0 ], [ 2206083.0, 5061433.0 ], [ 2206082.0, 5061438.0 ], [ 2206046.0, 5061614.0 ] ] } },
{ "type": "Feature", "properties": { "betweenness_centrality": "0.016237623762376238", "source": "571094212.0", "target": "4621966541.0", "ordering_betweenness_centrality": "130", "length": 491, "length_cumulative": 249552 }, "geometry": { "type": "LineString", "coordinates": [ [ 2208381.0, 5060836.0 ], [ 2208406.0, 5060805.0 ], [ 2208413.0, 5060797.0 ], [ 2208427.0, 5060782.0 ], [ 2208450.0, 5060759.0 ], [ 2208483.0, 5060721.0 ], [ 2208505.0, 5060687.0 ], [ 2208509.0, 5060682.0 ], [ 2208522.0, 5060661.0 ], [ 2208534.0, 5060646.0 ], [ 2208550.0, 5060628.0 ], [ 2208552.0, 5060625.0 ], [ 2208557.0, 5060621.0 ], [ 2208584.0, 5060598.0 ], [ 2208590.0, 5060596.0 ], [ 2208604.0, 5060590.0 ], [ 2208613.0, 5060582.0 ], [ 2208629.0, 5060563.0 ], [ 2208637.0, 5060555.0 ], [ 2208648.0, 5060548.0 ], [ 2208658.0, 5060543.0 ], [ 2208672.0, 5060538.0 ], [ 2208691.0, 5060530.0 ], [ 2208709.0, 5060523.0 ], [ 2208721.0, 5060517.0 ], [ 2208734.0, 5060509.0 ] ] } },
{ "type": "Feature", "properties": { "betweenness_centrality": "0.01603960396039604", "source": "1854610620.0", "target": "6938359653.0", "ordering_betweenness_centrality": "131", "length": 303, "length_cumulative": 249856 }, "geometry": { "type": "MultiLineString", "coordinates": [ [ [ 2204195.0, 5060275.0 ], [ 2204181.0, 5060311.0 ], [ 2204177.0, 5060320.0 ], [ 2204168.0, 5060343.0 ], [ 2204165.0, 5060350.0 ], [ 2204163.0, 5060355.0 ] ], [ [ 2204192.0, 5060367.0 ], [ 2204191.0, 5060370.0 ], [ 2204185.0, 5060384.0 ], [ 2204181.0, 5060392.0 ], [ 2204249.0, 5060419.0 ], [ 2204306.0, 5060442.0 ], [ 2204294.0, 5060471.0 ] ], [ [ 2204338.0, 5060525.0 ], [ 2204329.0, 5060549.0 ] ] ] } },
{ "type": "Feature", "properties": { "betweenness_centrality": "0.01603960396039604", "source": "3623300571.0", "target": "4622126582.0", "ordering_betweenness_centrality": "132", "length": 305, "length_cumulative": 250161 }, "geometry": { "type": "LineString", "coordinates": [ [ 2209056.0, 5062047.0 ], [ 2209031.0, 5062015.0 ], [ 2209004.0, 5061982.0 ], [ 2208988.0, 5061965.0 ], [ 2208975.0, 5061951.0 ], [ 2208967.0, 5061939.0 ], [ 2208958.0, 5061924.0 ], [ 2208951.0, 5061914.0 ], [ 2208940.0, 5061900.0 ], [ 2208854.0, 5061819.0 ] ] } },
{ "type": "Feature", "properties": { "betweenness_centrality": "0.015841584158415842", "source": "4655549071.0", "target": "3325958623.0", "ordering_betweenness_centrality": "133", "length": 469, "length_cumulative": 250630 }, "geometry": { "type": "MultiLineString", "coordinates": [ [ [ 2205535.0, 5061297.0 ], [ 2205540.0, 5061304.0 ], [ 2205560.0, 5061330.0 ], [ 2205568.0, 5061337.0 ], [ 2205572.0, 5061342.0 ], [ 2205585.0, 5061354.0 ], [ 2205594.0, 5061362.0 ], [ 2205611.0, 5061374.0 ], [ 2205647.0, 5061399.0 ], [ 2205682.0, 5061423.0 ] ], [ [ 2205682.0, 5061423.0 ], [ 2205709.0, 5061441.0 ], [ 2205713.0, 5061443.0 ], [ 2205743.0, 5061460.0 ], [ 2205765.0, 5061473.0 ], [ 2205773.0, 5061478.0 ], [ 2205801.0, 5061493.0 ], [ 2205834.0, 5061510.0 ] ], [ [ 2205834.0, 5061510.0 ], [ 2205908.0, 5061548.0 ], [ 2205921.0, 5061555.0 ] ] ] } },
{ "type": "Feature", "properties": { "betweenness_centrality": "0.015841584158415842", "source": "1843039377.0", "target": "4587022384.0", "ordering_betweenness_centrality": "134", "length": 1089, "length_cumulative": 251719 }, "geometry": { "type": "LineString", "coordinates": [ [ 2207600.0, 5062188.0 ], [ 2207595.0, 5062199.0 ], [ 2207559.0, 5062270.0 ], [ 2207564.0, 5062273.0 ], [ 2207552.0, 5062299.0 ], [ 2207531.0, 5062340.0 ], [ 2207528.0, 5062347.0 ], [ 2207515.0, 5062371.0 ], [ 2207511.0, 5062381.0 ], [ 2207508.0, 5062386.0 ], [ 2207498.0, 5062408.0 ], [ 2207473.0, 5062463.0 ], [ 2207454.0, 5062502.0 ], [ 2207403.0, 5062605.0 ], [ 2207399.0, 5062615.0 ], [ 2207401.0, 5062622.0 ], [ 2207405.0, 5062633.0 ], [ 2207411.0, 5062642.0 ], [ 2207443.0, 5062663.0 ], [ 2207521.0, 5062716.0 ], [ 2207530.0, 5062723.0 ], [ 2207543.0, 5062731.0 ], [ 2207613.0, 5062778.0 ], [ 2207681.0, 5062824.0 ], [ 2207744.0, 5062867.0 ], [ 2207748.0, 5062877.0 ], [ 2207793.0, 5062907.0 ], [ 2207797.0, 5062910.0 ], [ 2207803.0, 5062914.0 ], [ 2207823.0, 5062927.0 ], [ 2207828.0, 5062931.0 ], [ 2207844.0, 5062942.0 ], [ 2207880.0, 5062966.0 ], [ 2207874.0, 5062974.0 ] ] } },
{ "type": "Feature", "properties": { "betweenness_centrality": "0.015445544554455447", "source": "4621966541.0", "target": "2379572122.0", "ordering_betweenness_centrality": "135", "length": 2192, "length_cumulative": 253912 }, "geometry": { "type": "LineString", "coordinates": [ [ 2208779.0, 5060484.0 ], [ 2208789.0, 5060470.0 ], [ 2208798.0, 5060465.0 ], [ 2208814.0, 5060456.0 ], [ 2208822.0, 5060451.0 ], [ 2208840.0, 5060439.0 ], [ 2208847.0, 5060436.0 ], [ 2208865.0, 5060429.0 ], [ 2208886.0, 5060423.0 ], [ 2208916.0, 5060420.0 ], [ 2208978.0, 5060412.0 ], [ 2209026.0, 5060406.0 ], [ 2209037.0, 5060404.0 ], [ 2209032.0, 5060391.0 ], [ 2209023.0, 5060372.0 ], [ 2209013.0, 5060361.0 ], [ 2209003.0, 5060340.0 ], [ 2208991.0, 5060304.0 ], [ 2208987.0, 5060292.0 ], [ 2208984.0, 5060278.0 ], [ 2208992.0, 5060277.0 ], [ 2209008.0, 5060275.0 ], [ 2209019.0, 5060274.0 ], [ 2209031.0, 5060274.0 ], [ 2209047.0, 5060273.0 ], [ 2209074.0, 5060273.0 ], [ 2209086.0, 5060273.0 ], [ 2209092.0, 5060273.0 ], [ 2209098.0, 5060273.0 ], [ 2209108.0, 5060273.0 ], [ 2209126.0, 5060273.0 ], [ 2209139.0, 5060273.0 ], [ 2209148.0, 5060272.0 ], [ 2209157.0, 5060270.0 ], [ 2209167.0, 5060268.0 ], [ 2209271.0, 5060236.0 ], [ 2209283.0, 5060232.0 ], [ 2209296.0, 5060228.0 ], [ 2209305.0, 5060225.0 ], [ 2209315.0, 5060220.0 ], [ 2209328.0, 5060212.0 ], [ 2209343.0, 5060203.0 ], [ 2209375.0, 5060183.0 ], [ 2209391.0, 5060173.0 ], [ 2209398.0, 5060169.0 ], [ 2209410.0, 5060161.0 ], [ 2209440.0, 5060141.0 ], [ 2209457.0, 5060130.0 ], [ 2209471.0, 5060120.0 ], [ 2209499.0, 5060102.0 ], [ 2209515.0, 5060093.0 ], [ 2209532.0, 5060085.0 ], [ 2209549.0, 5060080.0 ], [ 2209580.0, 5060074.0 ], [ 2209596.0, 5060072.0 ], [ 2209613.0, 5060070.0 ], [ 2209630.0, 5060068.0 ], [ 2209651.0, 5060069.0 ], [ 2209666.0, 5060072.0 ], [ 2209670.0, 5060062.0 ], [ 2209676.0, 5060044.0 ], [ 2209680.0, 5060034.0 ], [ 2209684.0, 5060016.0 ], [ 2209687.0, 5060011.0 ], [ 2209691.0, 5060007.0 ], [ 2209697.0, 5060003.0 ], [ 2209701.0, 5060001.0 ], [ 2209706.0, 5059999.0 ], [ 2209717.0, 5059995.0 ], [ 2209726.0, 5059990.0 ], [ 2209749.0, 5059979.0 ], [ 2209780.0, 5059963.0 ], [ 2209804.0, 5059951.0 ], [ 2209817.0, 5059945.0 ], [ 2209831.0, 5059939.0 ], [ 2209856.0, 5059931.0 ], [ 2209880.0, 5059923.0 ], [ 2209898.0, 5059917.0 ], [ 2209903.0, 5059915.0 ], [ 2209909.0, 5059913.0 ], [ 2209914.0, 5059911.0 ], [ 2209918.0, 5059908.0 ], [ 2209923.0, 5059906.0 ], [ 2209928.0, 5059903.0 ], [ 2209951.0, 5059890.0 ], [ 2209999.0, 5059866.0 ], [ 2210016.0, 5059857.0 ], [ 2210024.0, 5059851.0 ], [ 2210030.0, 5059845.0 ], [ 2210036.0, 5059837.0 ], [ 2210048.0, 5059824.0 ], [ 2210054.0, 5059819.0 ], [ 2210062.0, 5059812.0 ], [ 2210080.0, 5059804.0 ], [ 2210082.0, 5059788.0 ], [ 2210106.0, 5059746.0 ], [ 2210110.0, 5059740.0 ], [ 2210111.0, 5059737.0 ], [ 2210111.0, 5059734.0 ], [ 2210112.0, 5059731.0 ], [ 2210111.0, 5059728.0 ], [ 2210109.0, 5059723.0 ], [ 2210094.0, 5059708.0 ], [ 2210080.0, 5059692.0 ], [ 2210064.0, 5059671.0 ], [ 2210047.0, 5059644.0 ], [ 2210035.0, 5059627.0 ], [ 2210022.0, 5059609.0 ], [ 2210016.0, 5059595.0 ], [ 2210008.0, 5059574.0 ], [ 2209967.0, 5059588.0 ], [ 2209960.0, 5059588.0 ], [ 2209953.0, 5059584.0 ], [ 2209949.0, 5059577.0 ], [ 2209946.0, 5059571.0 ], [ 2209938.0, 5059558.0 ], [ 2209927.0, 5059549.0 ], [ 2209915.0, 5059542.0 ], [ 2209905.0, 5059540.0 ], [ 2209875.0, 5059535.0 ], [ 2209855.0, 5059533.0 ], [ 2209834.0, 5059533.0 ], [ 2209818.0, 5059559.0 ], [ 2209801.0, 5059587.0 ] ] } },
{ "type": "Feature", "properties": { "betweenness_centrality": "0.015247524752475249", "source": "6285845243.0", "target": "4609831638.0", "ordering_betweenness_centrality": "136", "length": 306, "length_cumulative": 254218 }, "geometry": { "type": "LineString", "coordinates": [ [ 2201024.0, 5058695.0 ], [ 2201034.0, 5058678.0 ], [ 2201048.0, 5058642.0 ], [ 2201064.0, 5058599.0 ], [ 2201073.0, 5058580.0 ], [ 2201087.0, 5058555.0 ], [ 2201102.0, 5058529.0 ], [ 2201104.0, 5058524.0 ], [ 2201111.0, 5058512.0 ], [ 2201118.0, 5058499.0 ], [ 2201129.0, 5058479.0 ], [ 2201100.0, 5058463.0 ], [ 2201102.0, 5058458.0 ], [ 2201115.0, 5058434.0 ] ] } },
{ "type": "Feature", "properties": { "betweenness_centrality": "0.01504950495049505", "source": "6800236090.0", "target": "4663047648.0", "ordering_betweenness_centrality": "137", "length": 1577, "length_cumulative": 255796 }, "geometry": { "type": "LineString", "coordinates": [ [ 2209241.0, 5062958.0 ], [ 2209246.0, 5062952.0 ], [ 2209239.0, 5062944.0 ], [ 2209206.0, 5062905.0 ], [ 2209167.0, 5062861.0 ], [ 2209151.0, 5062842.0 ], [ 2209157.0, 5062837.0 ], [ 2209196.0, 5062807.0 ], [ 2209225.0, 5062783.0 ], [ 2209228.0, 5062781.0 ], [ 2209234.0, 5062776.0 ], [ 2209241.0, 5062773.0 ], [ 2209248.0, 5062770.0 ], [ 2209271.0, 5062760.0 ], [ 2209301.0, 5062749.0 ], [ 2209320.0, 5062741.0 ], [ 2209329.0, 5062738.0 ], [ 2209337.0, 5062733.0 ], [ 2209344.0, 5062727.0 ], [ 2209351.0, 5062719.0 ], [ 2209362.0, 5062708.0 ], [ 2209375.0, 5062696.0 ], [ 2209380.0, 5062691.0 ], [ 2209385.0, 5062687.0 ], [ 2209390.0, 5062684.0 ], [ 2209400.0, 5062679.0 ], [ 2209409.0, 5062674.0 ], [ 2209423.0, 5062666.0 ], [ 2209471.0, 5062635.0 ], [ 2209520.0, 5062678.0 ], [ 2209543.0, 5062697.0 ], [ 2209569.0, 5062719.0 ], [ 2209601.0, 5062746.0 ], [ 2209610.0, 5062754.0 ], [ 2209621.0, 5062764.0 ], [ 2209652.0, 5062793.0 ], [ 2209662.0, 5062801.0 ], [ 2209681.0, 5062817.0 ], [ 2209698.0, 5062830.0 ], [ 2209709.0, 5062839.0 ], [ 2209727.0, 5062851.0 ], [ 2209737.0, 5062857.0 ], [ 2209748.0, 5062863.0 ], [ 2209757.0, 5062867.0 ], [ 2209820.0, 5062893.0 ], [ 2209845.0, 5062902.0 ], [ 2209872.0, 5062912.0 ], [ 2209886.0, 5062918.0 ], [ 2209899.0, 5062924.0 ], [ 2209992.0, 5062979.0 ], [ 2209999.0, 5062983.0 ], [ 2210008.0, 5062988.0 ], [ 2210017.0, 5062990.0 ], [ 2210028.0, 5062993.0 ], [ 2210040.0, 5062995.0 ], [ 2210050.0, 5062996.0 ], [ 2210062.0, 5062996.0 ], [ 2210074.0, 5062994.0 ], [ 2210106.0, 5062986.0 ], [ 2210116.0, 5062983.0 ], [ 2210140.0, 5062978.0 ], [ 2210146.0, 5062977.0 ], [ 2210156.0, 5062976.0 ], [ 2210174.0, 5062974.0 ], [ 2210189.0, 5062974.0 ], [ 2210248.0, 5062975.0 ], [ 2210272.0, 5062975.0 ], [ 2210329.0, 5062976.0 ], [ 2210357.0, 5062978.0 ], [ 2210384.0, 5062980.0 ], [ 2210395.0, 5062981.0 ] ] } },
{ "type": "Feature", "properties": { "betweenness_centrality": "0.01504950495049505", "source": "4653389036.0", "target": "6872030805.0", "ordering_betweenness_centrality": "138", "length": 359, "length_cumulative": 256155 }, "geometry": { "type": "LineString", "coordinates": [ [ 2205574.0, 5060876.0 ], [ 2205636.0, 5060873.0 ], [ 2205636.0, 5060866.0 ], [ 2205684.0, 5060862.0 ], [ 2205773.0, 5060856.0 ], [ 2205821.0, 5060853.0 ], [ 2205821.0, 5060847.0 ], [ 2205822.0, 5060827.0 ], [ 2205824.0, 5060806.0 ], [ 2205833.0, 5060749.0 ] ] } },
{ "type": "Feature", "properties": { "betweenness_centrality": "0.01504950495049505", "source": "4554020617.0", "target": "8384180724.0", "ordering_betweenness_centrality": "139", "length": 16, "length_cumulative": 256172 }, "geometry": { "type": "LineString", "coordinates": [ [ 2205197.0, 5059041.0 ], [ 2205188.0, 5059026.0 ] ] } },
{ "type": "Feature", "properties": { "betweenness_centrality": "0.014851485148514853", "source": "3184343523.0", "target": "2379543870.0", "ordering_betweenness_centrality": "140", "length": 1556, "length_cumulative": 257729 }, "geometry": { "type": "MultiLineString", "coordinates": [ [ [ 2207856.0, 5059094.0 ], [ 2207823.0, 5059166.0 ], [ 2207818.0, 5059176.0 ] ], [ [ 2207818.0, 5059176.0 ], [ 2207816.0, 5059183.0 ], [ 2207802.0, 5059215.0 ], [ 2207798.0, 5059224.0 ], [ 2207788.0, 5059248.0 ], [ 2207784.0, 5059255.0 ], [ 2207779.0, 5059263.0 ], [ 2207772.0, 5059272.0 ], [ 2207766.0, 5059279.0 ], [ 2207760.0, 5059286.0 ], [ 2207754.0, 5059291.0 ], [ 2207745.0, 5059298.0 ], [ 2207735.0, 5059305.0 ], [ 2207719.0, 5059314.0 ], [ 2207686.0, 5059329.0 ], [ 2207683.0, 5059331.0 ], [ 2207646.0, 5059348.0 ], [ 2207637.0, 5059352.0 ], [ 2207639.0, 5059355.0 ], [ 2207580.0, 5059381.0 ], [ 2207575.0, 5059385.0 ], [ 2207573.0, 5059388.0 ], [ 2207573.0, 5059391.0 ], [ 2207581.0, 5059404.0 ], [ 2207577.0, 5059406.0 ], [ 2207582.0, 5059413.0 ], [ 2207584.0, 5059420.0 ], [ 2207585.0, 5059428.0 ], [ 2207588.0, 5059435.0 ], [ 2207600.0, 5059459.0 ], [ 2207604.0, 5059468.0 ], [ 2207606.0, 5059474.0 ], [ 2207614.0, 5059491.0 ], [ 2207620.0, 5059506.0 ], [ 2207621.0, 5059508.0 ], [ 2207623.0, 5059512.0 ], [ 2207628.0, 5059524.0 ], [ 2207631.0, 5059530.0 ], [ 2207633.0, 5059535.0 ], [ 2207637.0, 5059539.0 ], [ 2207642.0, 5059543.0 ], [ 2207652.0, 5059551.0 ], [ 2207657.0, 5059555.0 ], [ 2207670.0, 5059563.0 ], [ 2207667.0, 5059567.0 ], [ 2207668.0, 5059575.0 ], [ 2207669.0, 5059582.0 ], [ 2207670.0, 5059588.0 ], [ 2207671.0, 5059594.0 ], [ 2207672.0, 5059601.0 ], [ 2207672.0, 5059607.0 ], [ 2207674.0, 5059613.0 ], [ 2207676.0, 5059618.0 ], [ 2207678.0, 5059623.0 ], [ 2207679.0, 5059627.0 ], [ 2207680.0, 5059632.0 ], [ 2207679.0, 5059638.0 ], [ 2207676.0, 5059644.0 ], [ 2207671.0, 5059649.0 ], [ 2207668.0, 5059654.0 ], [ 2207662.0, 5059660.0 ], [ 2207656.0, 5059666.0 ], [ 2207642.0, 5059667.0 ], [ 2207642.0, 5059675.0 ], [ 2207643.0, 5059679.0 ], [ 2207643.0, 5059682.0 ], [ 2207645.0, 5059685.0 ], [ 2207646.0, 5059688.0 ], [ 2207647.0, 5059690.0 ], [ 2207649.0, 5059692.0 ], [ 2207651.0, 5059694.0 ], [ 2207654.0, 5059696.0 ], [ 2207657.0, 5059697.0 ], [ 2207706.0, 5059734.0 ], [ 2207709.0, 5059737.0 ], [ 2207713.0, 5059739.0 ], [ 2207717.0, 5059740.0 ], [ 2207722.0, 5059739.0 ], [ 2207789.0, 5059732.0 ], [ 2207794.0, 5059795.0 ], [ 2207795.0, 5059805.0 ], [ 2207795.0, 5059815.0 ], [ 2207797.0, 5059837.0 ], [ 2207797.0, 5059847.0 ], [ 2207743.0, 5059851.0 ], [ 2207740.0, 5059851.0 ], [ 2207733.0, 5059851.0 ], [ 2207728.0, 5059850.0 ], [ 2207723.0, 5059850.0 ], [ 2207718.0, 5059849.0 ], [ 2207717.0, 5059857.0 ], [ 2207719.0, 5059859.0 ], [ 2207728.0, 5059870.0 ], [ 2207737.0, 5059880.0 ], [ 2207753.0, 5059896.0 ], [ 2207765.0, 5059906.0 ], [ 2207775.0, 5059913.0 ], [ 2207792.0, 5059923.0 ], [ 2207799.0, 5059926.0 ], [ 2207815.0, 5059932.0 ], [ 2207827.0, 5059936.0 ], [ 2207844.0, 5059942.0 ], [ 2207856.0, 5059946.0 ], [ 2207874.0, 5059951.0 ], [ 2207903.0, 5059962.0 ], [ 2207934.0, 5059972.0 ], [ 2207919.0, 5060021.0 ], [ 2207912.0, 5060039.0 ], [ 2207906.0, 5060058.0 ], [ 2207904.0, 5060068.0 ], [ 2207901.0, 5060077.0 ], [ 2207899.0, 5060086.0 ], [ 2207895.0, 5060103.0 ], [ 2207894.0, 5060114.0 ] ] ] } },
{ "type": "Feature", "properties": { "betweenness_centrality": "0.014653465346534654", "source": "6872030805.0", "target": "3325958623.0", "ordering_betweenness_centrality": "141", "length": 478, "length_cumulative": 258208 }, "geometry": { "type": "MultiLineString", "coordinates": [ [ [ 2205408.0, 5060870.0 ], [ 2205406.0, 5060877.0 ] ], [ [ 2205406.0, 5060877.0 ], [ 2205405.0, 5060886.0 ], [ 2205406.0, 5060893.0 ], [ 2205409.0, 5060904.0 ], [ 2205421.0, 5060941.0 ], [ 2205457.0, 5061042.0 ], [ 2205465.0, 5061063.0 ], [ 2205471.0, 5061083.0 ], [ 2205472.0, 5061089.0 ], [ 2205472.0, 5061095.0 ], [ 2205469.0, 5061102.0 ], [ 2205465.0, 5061106.0 ], [ 2205441.0, 5061119.0 ], [ 2205463.0, 5061178.0 ], [ 2205466.0, 5061184.0 ], [ 2205470.0, 5061192.0 ], [ 2205471.0, 5061195.0 ] ], [ [ 2205471.0, 5061195.0 ], [ 2205474.0, 5061199.0 ], [ 2205485.0, 5061220.0 ], [ 2205495.0, 5061240.0 ], [ 2205505.0, 5061254.0 ], [ 2205508.0, 5061260.0 ], [ 2205522.0, 5061279.0 ], [ 2205528.0, 5061288.0 ], [ 2205535.0, 5061297.0 ] ] ] } },
{ "type": "Feature", "properties": { "betweenness_centrality": "0.014455445544554456", "source": "2608865125.0", "target": "4554020617.0", "ordering_betweenness_centrality": "142", "length": 638, "length_cumulative": 258846 }, "geometry": { "type": "MultiLineString", "coordinates": [ [ [ 2205305.0, 5059862.0 ], [ 2205281.0, 5059823.0 ], [ 2205284.0, 5059810.0 ], [ 2205309.0, 5059696.0 ] ], [ [ 2205309.0, 5059696.0 ], [ 2205316.0, 5059661.0 ], [ 2205319.0, 5059648.0 ], [ 2205288.0, 5059642.0 ], [ 2205288.0, 5059634.0 ], [ 2205285.0, 5059619.0 ], [ 2205278.0, 5059594.0 ], [ 2205277.0, 5059592.0 ], [ 2205274.0, 5059575.0 ], [ 2205274.0, 5059562.0 ], [ 2205279.0, 5059533.0 ], [ 2205299.0, 5059419.0 ], [ 2205303.0, 5059402.0 ], [ 2205311.0, 5059361.0 ], [ 2205300.0, 5059364.0 ], [ 2205299.0, 5059361.0 ], [ 2205297.0, 5059359.0 ], [ 2205295.0, 5059358.0 ], [ 2205292.0, 5059356.0 ], [ 2205289.0, 5059355.0 ], [ 2205285.0, 5059355.0 ], [ 2205281.0, 5059359.0 ], [ 2205279.0, 5059356.0 ] ], [ [ 2205279.0, 5059356.0 ], [ 2205276.0, 5059352.0 ], [ 2205269.0, 5059343.0 ], [ 2205265.0, 5059339.0 ], [ 2205263.0, 5059340.0 ], [ 2205245.0, 5059314.0 ] ] ] } },
{ "type": "Feature", "properties": { "betweenness_centrality": "0.014455445544554456", "source": "12053076559.0", "target": "4663047757.0", "ordering_betweenness_centrality": "143", "length": 344, "length_cumulative": 259190 }, "geometry": { "type": "LineString", "coordinates": [ [ 2208698.0, 5062908.0 ], [ 2208650.0, 5062980.0 ], [ 2208642.0, 5062992.0 ], [ 2208559.0, 5063119.0 ], [ 2208508.0, 5063196.0 ] ] } },
{ "type": "Feature", "properties": { "betweenness_centrality": "0.01405940594059406", "source": "4585192008.0", "target": "4512764752.0", "ordering_betweenness_centrality": "144", "length": 1833, "length_cumulative": 261024 }, "geometry": { "type": "LineString", "coordinates": [ [ 2210111.0, 5064634.0 ], [ 2210057.0, 5064632.0 ], [ 2209979.0, 5064630.0 ], [ 2209938.0, 5064629.0 ], [ 2209879.0, 5064627.0 ], [ 2209857.0, 5064626.0 ], [ 2209830.0, 5064624.0 ], [ 2209794.0, 5064624.0 ], [ 2209784.0, 5064624.0 ], [ 2209747.0, 5064625.0 ], [ 2209718.0, 5064626.0 ], [ 2209675.0, 5064627.0 ], [ 2209624.0, 5064626.0 ], [ 2209531.0, 5064624.0 ], [ 2209459.0, 5064623.0 ], [ 2209262.0, 5064620.0 ], [ 2209256.0, 5064621.0 ], [ 2209248.0, 5064624.0 ], [ 2209245.0, 5064616.0 ], [ 2209195.0, 5064513.0 ], [ 2209178.0, 5064476.0 ], [ 2209168.0, 5064456.0 ], [ 2209156.0, 5064431.0 ], [ 2209149.0, 5064418.0 ], [ 2209140.0, 5064400.0 ], [ 2209133.0, 5064388.0 ], [ 2209129.0, 5064381.0 ], [ 2209109.0, 5064342.0 ], [ 2209085.0, 5064294.0 ], [ 2209077.0, 5064284.0 ], [ 2209069.0, 5064276.0 ], [ 2209062.0, 5064269.0 ], [ 2209061.0, 5064268.0 ], [ 2209051.0, 5064260.0 ], [ 2209040.0, 5064254.0 ], [ 2209034.0, 5064253.0 ], [ 2209028.0, 5064250.0 ], [ 2209023.0, 5064248.0 ], [ 2209018.0, 5064245.0 ], [ 2209013.0, 5064240.0 ], [ 2209008.0, 5064234.0 ], [ 2209005.0, 5064227.0 ], [ 2209003.0, 5064220.0 ], [ 2209002.0, 5064213.0 ], [ 2209002.0, 5064206.0 ], [ 2209003.0, 5064198.0 ], [ 2208999.0, 5064204.0 ], [ 2208995.0, 5064208.0 ], [ 2208988.0, 5064215.0 ], [ 2208983.0, 5064219.0 ], [ 2208974.0, 5064224.0 ], [ 2208960.0, 5064232.0 ], [ 2208946.0, 5064240.0 ], [ 2208933.0, 5064246.0 ], [ 2208921.0, 5064253.0 ], [ 2208911.0, 5064259.0 ], [ 2208902.0, 5064264.0 ], [ 2208883.0, 5064274.0 ], [ 2208867.0, 5064283.0 ], [ 2208854.0, 5064290.0 ], [ 2208841.0, 5064297.0 ], [ 2208828.0, 5064304.0 ], [ 2208815.0, 5064311.0 ], [ 2208802.0, 5064318.0 ], [ 2208790.0, 5064324.0 ], [ 2208774.0, 5064333.0 ], [ 2208761.0, 5064340.0 ], [ 2208749.0, 5064347.0 ], [ 2208740.0, 5064353.0 ], [ 2208731.0, 5064360.0 ], [ 2208718.0, 5064369.0 ], [ 2208711.0, 5064373.0 ], [ 2208701.0, 5064379.0 ], [ 2208690.0, 5064385.0 ], [ 2208681.0, 5064390.0 ], [ 2208674.0, 5064393.0 ], [ 2208668.0, 5064396.0 ], [ 2208654.0, 5064402.0 ], [ 2208635.0, 5064410.0 ], [ 2208616.0, 5064417.0 ], [ 2208600.0, 5064422.0 ] ] } },
{ "type": "Feature", "properties": { "betweenness_centrality": "0.013663366336633665", "source": "3787682972.0", "target": "12162258089.0", "ordering_betweenness_centrality": "146", "length": 1519, "length_cumulative": 262543 }, "geometry": { "type": "LineString", "coordinates": [ [ 2207209.0, 5063092.0 ], [ 2207224.0, 5063095.0 ], [ 2207316.0, 5063116.0 ], [ 2207312.0, 5063151.0 ], [ 2207311.0, 5063170.0 ], [ 2207309.0, 5063197.0 ], [ 2207308.0, 5063213.0 ], [ 2207307.0, 5063231.0 ], [ 2207307.0, 5063251.0 ], [ 2207306.0, 5063274.0 ], [ 2207305.0, 5063285.0 ], [ 2207304.0, 5063299.0 ], [ 2207300.0, 5063314.0 ], [ 2207286.0, 5063353.0 ], [ 2207283.0, 5063363.0 ], [ 2207280.0, 5063374.0 ], [ 2207275.0, 5063410.0 ], [ 2207275.0, 5063417.0 ], [ 2207273.0, 5063436.0 ], [ 2207270.0, 5063453.0 ], [ 2207256.0, 5063525.0 ], [ 2207243.0, 5063587.0 ], [ 2207290.0, 5063597.0 ], [ 2207307.0, 5063601.0 ], [ 2207343.0, 5063608.0 ], [ 2207327.0, 5063683.0 ], [ 2207322.0, 5063709.0 ], [ 2207304.0, 5063791.0 ], [ 2207292.0, 5063851.0 ], [ 2207256.0, 5064020.0 ], [ 2207325.0, 5064035.0 ], [ 2207370.0, 5064044.0 ], [ 2207369.0, 5064055.0 ], [ 2207365.0, 5064081.0 ], [ 2207361.0, 5064123.0 ], [ 2207359.0, 5064141.0 ], [ 2207358.0, 5064155.0 ], [ 2207355.0, 5064162.0 ], [ 2207352.0, 5064164.0 ], [ 2207346.0, 5064164.0 ], [ 2207326.0, 5064159.0 ], [ 2207227.0, 5064134.0 ], [ 2207210.0, 5064130.0 ], [ 2207188.0, 5064125.0 ] ] } },
{ "type": "Feature", "properties": { "betweenness_centrality": "0.013267326732673269", "source": "11780733370.0", "target": "4607810900.0", "ordering_betweenness_centrality": "147", "length": 622, "length_cumulative": 263166 }, "geometry": { "type": "MultiLineString", "coordinates": [ [ [ 2200584.0, 5059483.0 ], [ 2200510.0, 5059376.0 ], [ 2200513.0, 5059367.0 ], [ 2200518.0, 5059354.0 ], [ 2200524.0, 5059340.0 ], [ 2200535.0, 5059317.0 ], [ 2200546.0, 5059297.0 ], [ 2200580.0, 5059237.0 ], [ 2200590.0, 5059217.0 ], [ 2200612.0, 5059177.0 ], [ 2200615.0, 5059171.0 ], [ 2200638.0, 5059127.0 ] ], [ [ 2200638.0, 5059127.0 ], [ 2200648.0, 5059109.0 ], [ 2200667.0, 5059074.0 ] ], [ [ 2200812.0, 5059077.0 ], [ 2200818.0, 5059081.0 ] ], [ [ 2200818.0, 5059081.0 ], [ 2200882.0, 5059115.0 ], [ 2200908.0, 5059069.0 ] ], [ [ 2200993.0, 5059081.0 ], [ 2201002.0, 5059064.0 ] ] ] } },
{ "type": "Feature", "properties": { "betweenness_centrality": "0.013267326732673269", "source": "4663281819.0", "target": "10790019748.0", "ordering_betweenness_centrality": "148", "length": 548, "length_cumulative": 263714 }, "geometry": { "type": "LineString", "coordinates": [ [ 2202817.0, 5062396.0 ], [ 2202816.0, 5062394.0 ], [ 2202815.0, 5062391.0 ], [ 2202815.0, 5062389.0 ], [ 2202812.0, 5062386.0 ], [ 2202808.0, 5062384.0 ], [ 2202804.0, 5062383.0 ], [ 2202799.0, 5062383.0 ], [ 2202782.0, 5062387.0 ], [ 2202765.0, 5062389.0 ], [ 2202757.0, 5062387.0 ], [ 2202752.0, 5062384.0 ], [ 2202748.0, 5062378.0 ], [ 2202736.0, 5062347.0 ], [ 2202722.0, 5062312.0 ], [ 2202707.0, 5062267.0 ], [ 2202704.0, 5062256.0 ], [ 2202699.0, 5062239.0 ], [ 2202701.0, 5062225.0 ], [ 2202701.0, 5062208.0 ], [ 2202702.0, 5062196.0 ], [ 2202701.0, 5062186.0 ], [ 2202699.0, 5062178.0 ], [ 2202678.0, 5062133.0 ], [ 2202678.0, 5062129.0 ], [ 2202682.0, 5062115.0 ], [ 2202683.0, 5062110.0 ], [ 2202685.0, 5062105.0 ], [ 2202686.0, 5062097.0 ], [ 2202686.0, 5062075.0 ], [ 2202683.0, 5062045.0 ], [ 2202683.0, 5062039.0 ], [ 2202685.0, 5062034.0 ], [ 2202690.0, 5062029.0 ], [ 2202708.0, 5062014.0 ], [ 2202723.0, 5061996.0 ], [ 2202742.0, 5061979.0 ], [ 2202747.0, 5061979.0 ], [ 2202752.0, 5061979.0 ], [ 2202764.0, 5061963.0 ] ] } },
{ "type": "Feature", "properties": { "betweenness_centrality": "0.01306930693069307", "source": "4663047648.0", "target": "6388434839.0", "ordering_betweenness_centrality": "149", "length": 670, "length_cumulative": 264384 }, "geometry": { "type": "MultiLineString", "coordinates": [ [ [ 2209120.0, 5063236.0 ], [ 2209158.0, 5063273.0 ], [ 2209152.0, 5063283.0 ], [ 2209142.0, 5063300.0 ], [ 2209126.0, 5063329.0 ], [ 2209113.0, 5063355.0 ], [ 2209098.0, 5063384.0 ], [ 2209087.0, 5063409.0 ], [ 2209076.0, 5063436.0 ], [ 2209070.0, 5063451.0 ], [ 2209064.0, 5063467.0 ], [ 2209059.0, 5063484.0 ], [ 2209054.0, 5063505.0 ], [ 2209052.0, 5063517.0 ], [ 2209053.0, 5063530.0 ], [ 2209058.0, 5063550.0 ] ], [ [ 2209058.0, 5063550.0 ], [ 2209047.0, 5063613.0 ] ], [ [ 2209047.0, 5063613.0 ], [ 2209037.0, 5063671.0 ], [ 2209035.0, 5063683.0 ], [ 2209055.0, 5063686.0 ], [ 2209072.0, 5063691.0 ], [ 2209071.0, 5063698.0 ], [ 2209065.0, 5063727.0 ], [ 2209079.0, 5063730.0 ] ], [ [ 2209066.0, 5063763.0 ], [ 2209119.0, 5063774.0 ], [ 2209119.0, 5063813.0 ] ] ] } },
{ "type": "Feature", "properties": { "betweenness_centrality": "0.01306930693069307", "source": "11688419180.0", "target": "4597856176.0", "ordering_betweenness_centrality": "151", "length": 4609, "length_cumulative": 268994 }, "geometry": { "type": "MultiLineString", "coordinates": [ [ [ 2203589.0, 5063477.0 ], [ 2203584.0, 5063483.0 ], [ 2203582.0, 5063487.0 ], [ 2203581.0, 5063491.0 ], [ 2203581.0, 5063495.0 ], [ 2203581.0, 5063509.0 ], [ 2203571.0, 5063510.0 ], [ 2203556.0, 5063509.0 ], [ 2203542.0, 5063509.0 ], [ 2203537.0, 5063509.0 ], [ 2203534.0, 5063511.0 ], [ 2203532.0, 5063514.0 ], [ 2203531.0, 5063519.0 ], [ 2203525.0, 5063572.0 ], [ 2203524.0, 5063578.0 ], [ 2203521.0, 5063584.0 ], [ 2203510.0, 5063582.0 ], [ 2203492.0, 5063578.0 ], [ 2203468.0, 5063576.0 ], [ 2203461.0, 5063576.0 ], [ 2203457.0, 5063584.0 ], [ 2203454.0, 5063591.0 ], [ 2203450.0, 5063606.0 ], [ 2203433.0, 5063601.0 ], [ 2203426.0, 5063599.0 ], [ 2203387.0, 5063578.0 ], [ 2203382.0, 5063576.0 ], [ 2203365.0, 5063567.0 ], [ 2203353.0, 5063567.0 ], [ 2203343.0, 5063567.0 ], [ 2203328.0, 5063566.0 ], [ 2203262.0, 5063561.0 ], [ 2203224.0, 5063558.0 ], [ 2203164.0, 5063550.0 ], [ 2203127.0, 5063545.0 ], [ 2203078.0, 5063538.0 ], [ 2203067.0, 5063533.0 ], [ 2203045.0, 5063522.0 ], [ 2203020.0, 5063508.0 ], [ 2203018.0, 5063514.0 ], [ 2202980.0, 5063670.0 ], [ 2202977.0, 5063683.0 ], [ 2202982.0, 5063685.0 ], [ 2202956.0, 5063769.0 ] ], [ [ 2202956.0, 5063769.0 ], [ 2202953.0, 5063778.0 ], [ 2202972.0, 5063799.0 ], [ 2202975.0, 5063804.0 ], [ 2202978.0, 5063810.0 ], [ 2202980.0, 5063821.0 ], [ 2202979.0, 5063828.0 ], [ 2202978.0, 5063835.0 ], [ 2202971.0, 5063847.0 ], [ 2202952.0, 5063860.0 ], [ 2202943.0, 5063863.0 ], [ 2202934.0, 5063864.0 ], [ 2202927.0, 5063864.0 ], [ 2202921.0, 5063863.0 ], [ 2202916.0, 5063861.0 ], [ 2202912.0, 5063858.0 ], [ 2202910.0, 5063856.0 ], [ 2202908.0, 5063854.0 ], [ 2202906.0, 5063851.0 ], [ 2202905.0, 5063849.0 ], [ 2202890.0, 5063827.0 ], [ 2202869.0, 5063789.0 ], [ 2202861.0, 5063792.0 ] ], [ [ 2202861.0, 5063792.0 ], [ 2202853.0, 5063795.0 ], [ 2202842.0, 5063794.0 ], [ 2202835.0, 5063828.0 ], [ 2202815.0, 5063826.0 ], [ 2202811.0, 5063827.0 ], [ 2202789.0, 5063828.0 ], [ 2202765.0, 5063829.0 ], [ 2202759.0, 5063853.0 ], [ 2202751.0, 5063874.0 ], [ 2202745.0, 5063882.0 ], [ 2202698.0, 5063911.0 ], [ 2202684.0, 5063967.0 ], [ 2202667.0, 5063966.0 ], [ 2202652.0, 5063967.0 ], [ 2202643.0, 5063968.0 ], [ 2202634.0, 5063966.0 ], [ 2202606.0, 5063955.0 ], [ 2202603.0, 5063978.0 ], [ 2202598.0, 5063983.0 ], [ 2202591.0, 5063990.0 ], [ 2202585.0, 5063995.0 ], [ 2202568.0, 5064002.0 ], [ 2202559.0, 5064006.0 ], [ 2202551.0, 5064007.0 ], [ 2202532.0, 5064005.0 ], [ 2202517.0, 5064003.0 ], [ 2202500.0, 5064002.0 ], [ 2202488.0, 5064002.0 ], [ 2202478.0, 5064003.0 ], [ 2202469.0, 5064006.0 ], [ 2202458.0, 5064012.0 ], [ 2202450.0, 5064018.0 ], [ 2202442.0, 5064028.0 ], [ 2202433.0, 5064037.0 ], [ 2202424.0, 5064042.0 ], [ 2202411.0, 5064039.0 ], [ 2202396.0, 5064028.0 ], [ 2202331.0, 5063987.0 ], [ 2202303.0, 5063981.0 ], [ 2202251.0, 5063979.0 ], [ 2202235.0, 5063968.0 ], [ 2202230.0, 5063961.0 ], [ 2202229.0, 5063921.0 ], [ 2202218.0, 5063901.0 ], [ 2202213.0, 5063892.0 ], [ 2202190.0, 5063864.0 ], [ 2202179.0, 5063851.0 ], [ 2202163.0, 5063818.0 ], [ 2202153.0, 5063822.0 ], [ 2202135.0, 5063826.0 ], [ 2202116.0, 5063827.0 ], [ 2202086.0, 5063828.0 ], [ 2202048.0, 5063830.0 ], [ 2202024.0, 5063833.0 ], [ 2202015.0, 5063835.0 ], [ 2201978.0, 5063842.0 ], [ 2201924.0, 5063862.0 ], [ 2201899.0, 5063873.0 ], [ 2201886.0, 5063876.0 ], [ 2201878.0, 5063877.0 ], [ 2201843.0, 5063927.0 ], [ 2201836.0, 5063938.0 ], [ 2201830.0, 5063950.0 ], [ 2201781.0, 5064027.0 ], [ 2201768.0, 5064050.0 ], [ 2201754.0, 5064069.0 ], [ 2201739.0, 5064086.0 ], [ 2201714.0, 5064106.0 ], [ 2201687.0, 5064125.0 ], [ 2201660.0, 5064141.0 ], [ 2201634.0, 5064151.0 ], [ 2201345.0, 5064277.0 ], [ 2201331.0, 5064282.0 ], [ 2201317.0, 5064286.0 ], [ 2201293.0, 5064291.0 ], [ 2201271.0, 5064295.0 ], [ 2201248.0, 5064297.0 ], [ 2201226.0, 5064297.0 ], [ 2201189.0, 5064295.0 ], [ 2201155.0, 5064290.0 ], [ 2201142.0, 5064288.0 ], [ 2201119.0, 5064283.0 ], [ 2201086.0, 5064275.0 ], [ 2201082.0, 5064284.0 ], [ 2201067.0, 5064316.0 ], [ 2201069.0, 5064324.0 ], [ 2201074.0, 5064330.0 ], [ 2201078.0, 5064332.0 ], [ 2201050.0, 5064356.0 ], [ 2201028.0, 5064375.0 ], [ 2200998.0, 5064398.0 ], [ 2200968.0, 5064418.0 ], [ 2200917.0, 5064451.0 ], [ 2200931.0, 5064467.0 ], [ 2200957.0, 5064499.0 ], [ 2201010.0, 5064563.0 ], [ 2201029.0, 5064584.0 ], [ 2201052.0, 5064609.0 ], [ 2201089.0, 5064639.0 ], [ 2201108.0, 5064653.0 ], [ 2201259.0, 5064774.0 ], [ 2201282.0, 5064794.0 ], [ 2201299.0, 5064812.0 ], [ 2201306.0, 5064821.0 ], [ 2201307.0, 5064823.0 ], [ 2201310.0, 5064829.0 ], [ 2201317.0, 5064845.0 ], [ 2201321.0, 5064847.0 ], [ 2201323.0, 5064847.0 ], [ 2201331.0, 5064844.0 ], [ 2201334.0, 5064852.0 ], [ 2201336.0, 5064857.0 ], [ 2201368.0, 5064839.0 ], [ 2201372.0, 5064851.0 ], [ 2201373.0, 5064859.0 ], [ 2201374.0, 5064861.0 ], [ 2201378.0, 5064861.0 ], [ 2201383.0, 5064861.0 ], [ 2201388.0, 5064867.0 ], [ 2201404.0, 5064868.0 ], [ 2201414.0, 5064868.0 ], [ 2201422.0, 5064862.0 ], [ 2201430.0, 5064856.0 ], [ 2201436.0, 5064869.0 ], [ 2201443.0, 5064880.0 ], [ 2201454.0, 5064890.0 ], [ 2201468.0, 5064898.0 ], [ 2201480.0, 5064904.0 ], [ 2201494.0, 5064907.0 ], [ 2201510.0, 5064910.0 ], [ 2201565.0, 5064911.0 ], [ 2201584.0, 5064911.0 ], [ 2201584.0, 5064906.0 ] ] ] } },
{ "type": "Feature", "properties": { "betweenness_centrality": "0.012871287128712872", "source": "4676676789.0", "target": "1840559248.0", "ordering_betweenness_centrality": "152", "length": 610, "length_cumulative": 269604 }, "geometry": { "type": "MultiLineString", "coordinates": [ [ [ 2203447.0, 5059780.0 ], [ 2203562.0, 5059729.0 ] ], [ [ 2203562.0, 5059729.0 ], [ 2203594.0, 5059716.0 ], [ 2203616.0, 5059708.0 ], [ 2203637.0, 5059702.0 ], [ 2203674.0, 5059692.0 ] ], [ [ 2203669.0, 5059625.0 ], [ 2203710.0, 5059621.0 ], [ 2203715.0, 5059620.0 ], [ 2203716.0, 5059615.0 ], [ 2203716.0, 5059606.0 ], [ 2203800.0, 5059591.0 ], [ 2203810.0, 5059591.0 ], [ 2203820.0, 5059591.0 ], [ 2203828.0, 5059593.0 ], [ 2203855.0, 5059598.0 ], [ 2203857.0, 5059590.0 ], [ 2203867.0, 5059550.0 ] ], [ [ 2203867.0, 5059550.0 ], [ 2203874.0, 5059531.0 ], [ 2203884.0, 5059504.0 ], [ 2203875.0, 5059502.0 ], [ 2203877.0, 5059493.0 ], [ 2203877.0, 5059490.0 ], [ 2203880.0, 5059477.0 ], [ 2203881.0, 5059472.0 ], [ 2203882.0, 5059466.0 ], [ 2203884.0, 5059458.0 ], [ 2203875.0, 5059456.0 ], [ 2203871.0, 5059455.0 ] ] ] } },
{ "type": "Feature", "properties": { "betweenness_centrality": "0.012673267326732674", "source": "1843574864.0", "target": "4655549071.0", "ordering_betweenness_centrality": "153", "length": 498, "length_cumulative": 270102 }, "geometry": { "type": "MultiLineString", "coordinates": [ [ [ 2205507.0, 5061933.0 ], [ 2205510.0, 5061922.0 ] ], [ [ 2205510.0, 5061922.0 ], [ 2205527.0, 5061925.0 ], [ 2205664.0, 5061956.0 ], [ 2205666.0, 5061950.0 ], [ 2205694.0, 5061956.0 ], [ 2205696.0, 5061950.0 ], [ 2205704.0, 5061917.0 ], [ 2205721.0, 5061921.0 ] ], [ [ 2205771.0, 5061869.0 ], [ 2205788.0, 5061880.0 ], [ 2205852.0, 5061740.0 ], [ 2205863.0, 5061713.0 ], [ 2205868.0, 5061704.0 ], [ 2205870.0, 5061701.0 ], [ 2205875.0, 5061695.0 ], [ 2205882.0, 5061686.0 ] ] ] } },
{ "type": "Feature", "properties": { "betweenness_centrality": "0.012673267326732674", "source": "11342006038.0", "target": "12074636513.0", "ordering_betweenness_centrality": "154", "length": 1832, "length_cumulative": 271934 }, "geometry": { "type": "LineString", "coordinates": [ [ 2206729.0, 5064126.0 ], [ 2206728.0, 5064133.0 ], [ 2206722.0, 5064154.0 ], [ 2206717.0, 5064172.0 ], [ 2206718.0, 5064185.0 ], [ 2206689.0, 5064175.0 ], [ 2206656.0, 5064163.0 ], [ 2206649.0, 5064158.0 ], [ 2206646.0, 5064158.0 ], [ 2206643.0, 5064161.0 ], [ 2206637.0, 5064168.0 ], [ 2206625.0, 5064182.0 ], [ 2206621.0, 5064184.0 ], [ 2206617.0, 5064185.0 ], [ 2206578.0, 5064182.0 ], [ 2206562.0, 5064181.0 ], [ 2206538.0, 5064178.0 ], [ 2206531.0, 5064176.0 ], [ 2206483.0, 5064162.0 ], [ 2206413.0, 5064141.0 ], [ 2206400.0, 5064175.0 ], [ 2206400.0, 5064178.0 ], [ 2206400.0, 5064180.0 ], [ 2206396.0, 5064180.0 ], [ 2206393.0, 5064184.0 ], [ 2206387.0, 5064195.0 ], [ 2206385.0, 5064194.0 ], [ 2206370.0, 5064185.0 ], [ 2206356.0, 5064177.0 ], [ 2206346.0, 5064171.0 ], [ 2206325.0, 5064158.0 ], [ 2206312.0, 5064150.0 ], [ 2206301.0, 5064144.0 ], [ 2206292.0, 5064138.0 ], [ 2206284.0, 5064135.0 ], [ 2206273.0, 5064133.0 ], [ 2206263.0, 5064132.0 ], [ 2206254.0, 5064130.0 ], [ 2206245.0, 5064129.0 ], [ 2206233.0, 5064130.0 ], [ 2206226.0, 5064131.0 ], [ 2206213.0, 5064133.0 ], [ 2206195.0, 5064138.0 ], [ 2206185.0, 5064142.0 ], [ 2206165.0, 5064149.0 ], [ 2206155.0, 5064151.0 ], [ 2206144.0, 5064155.0 ], [ 2206137.0, 5064156.0 ], [ 2206128.0, 5064158.0 ], [ 2206116.0, 5064162.0 ], [ 2206108.0, 5064166.0 ], [ 2206100.0, 5064168.0 ], [ 2206086.0, 5064170.0 ], [ 2206074.0, 5064171.0 ], [ 2206066.0, 5064173.0 ], [ 2206055.0, 5064176.0 ], [ 2206044.0, 5064179.0 ], [ 2206036.0, 5064179.0 ], [ 2206028.0, 5064179.0 ], [ 2206013.0, 5064178.0 ], [ 2206003.0, 5064177.0 ], [ 2205997.0, 5064179.0 ], [ 2205994.0, 5064183.0 ], [ 2205992.0, 5064194.0 ], [ 2205989.0, 5064208.0 ], [ 2205987.0, 5064215.0 ], [ 2205985.0, 5064218.0 ], [ 2205978.0, 5064187.0 ], [ 2205978.0, 5064169.0 ], [ 2205978.0, 5064162.0 ], [ 2205984.0, 5064133.0 ], [ 2205994.0, 5064092.0 ], [ 2206005.0, 5064044.0 ], [ 2206012.0, 5064014.0 ], [ 2206014.0, 5064009.0 ], [ 2205987.0, 5063949.0 ], [ 2205985.0, 5063944.0 ], [ 2205985.0, 5063930.0 ], [ 2205987.0, 5063915.0 ], [ 2205987.0, 5063901.0 ], [ 2205986.0, 5063887.0 ], [ 2205984.0, 5063876.0 ], [ 2205981.0, 5063864.0 ], [ 2205981.0, 5063858.0 ], [ 2205981.0, 5063852.0 ], [ 2205977.0, 5063823.0 ], [ 2205971.0, 5063793.0 ], [ 2205963.0, 5063760.0 ], [ 2205953.0, 5063727.0 ], [ 2205933.0, 5063675.0 ], [ 2205936.0, 5063668.0 ], [ 2205938.0, 5063663.0 ], [ 2205922.0, 5063650.0 ], [ 2205909.0, 5063643.0 ], [ 2205896.0, 5063637.0 ], [ 2205871.0, 5063627.0 ], [ 2205851.0, 5063619.0 ], [ 2205832.0, 5063611.0 ], [ 2205768.0, 5063588.0 ], [ 2205737.0, 5063577.0 ], [ 2205707.0, 5063568.0 ], [ 2205700.0, 5063566.0 ], [ 2205688.0, 5063564.0 ], [ 2205671.0, 5063561.0 ], [ 2205661.0, 5063559.0 ], [ 2205646.0, 5063556.0 ], [ 2205638.0, 5063555.0 ], [ 2205626.0, 5063553.0 ], [ 2205625.0, 5063560.0 ], [ 2205613.0, 5063557.0 ] ] } },
{ "type": "Feature", "properties": { "betweenness_centrality": "0.012277227722772278", "source": "3787682972.0", "target": "11432993447.0", "ordering_betweenness_centrality": "155", "length": 587, "length_cumulative": 272522 }, "geometry": { "type": "LineString", "coordinates": [ [ 2207275.0, 5063417.0 ], [ 2207346.0, 5063431.0 ], [ 2207357.0, 5063434.0 ], [ 2207387.0, 5063440.0 ], [ 2207389.0, 5063440.0 ], [ 2207407.0, 5063444.0 ], [ 2207451.0, 5063453.0 ], [ 2207502.0, 5063463.0 ], [ 2207662.0, 5063495.0 ], [ 2207689.0, 5063500.0 ], [ 2207739.0, 5063510.0 ], [ 2207767.0, 5063515.0 ], [ 2207809.0, 5063523.0 ], [ 2207851.0, 5063531.0 ] ] } },
{ "type": "Feature", "properties": { "betweenness_centrality": "0.011881188118811881", "source": "4663130882.0", "target": "3623300571.0", "ordering_betweenness_centrality": "156", "length": 666, "length_cumulative": 273188 }, "geometry": { "type": "LineString", "coordinates": [ [ 2208754.0, 5061707.0 ], [ 2208740.0, 5061721.0 ], [ 2208733.0, 5061730.0 ], [ 2208726.0, 5061745.0 ], [ 2208712.0, 5061739.0 ], [ 2208700.0, 5061733.0 ], [ 2208682.0, 5061723.0 ], [ 2208679.0, 5061733.0 ], [ 2208675.0, 5061738.0 ], [ 2208668.0, 5061741.0 ], [ 2208662.0, 5061744.0 ], [ 2208657.0, 5061747.0 ], [ 2208655.0, 5061750.0 ], [ 2208652.0, 5061759.0 ], [ 2208623.0, 5061750.0 ], [ 2208618.0, 5061763.0 ], [ 2208612.0, 5061781.0 ], [ 2208609.0, 5061781.0 ], [ 2208605.0, 5061781.0 ], [ 2208601.0, 5061781.0 ], [ 2208596.0, 5061779.0 ], [ 2208574.0, 5061771.0 ], [ 2208570.0, 5061770.0 ], [ 2208565.0, 5061772.0 ], [ 2208561.0, 5061774.0 ], [ 2208558.0, 5061777.0 ], [ 2208542.0, 5061798.0 ], [ 2208536.0, 5061806.0 ], [ 2208534.0, 5061810.0 ], [ 2208527.0, 5061822.0 ], [ 2208513.0, 5061852.0 ], [ 2208509.0, 5061850.0 ], [ 2208487.0, 5061840.0 ], [ 2208428.0, 5061813.0 ], [ 2208403.0, 5061802.0 ], [ 2208388.0, 5061843.0 ], [ 2208375.0, 5061878.0 ], [ 2208363.0, 5061912.0 ], [ 2208340.0, 5061975.0 ], [ 2208338.0, 5061980.0 ] ] } },
{ "type": "Feature", "properties": { "betweenness_centrality": "0.011683168316831683", "source": "4587023461.0", "target": "6388434839.0", "ordering_betweenness_centrality": "157", "length": 648, "length_cumulative": 273837 }, "geometry": { "type": "LineString", "coordinates": [ [ 2209065.0, 5063727.0 ], [ 2209031.0, 5063719.0 ], [ 2208993.0, 5063713.0 ], [ 2208978.0, 5063711.0 ], [ 2208972.0, 5063712.0 ], [ 2208966.0, 5063716.0 ], [ 2208951.0, 5063737.0 ], [ 2208929.0, 5063765.0 ], [ 2208913.0, 5063756.0 ], [ 2208898.0, 5063762.0 ], [ 2208909.0, 5063787.0 ], [ 2208914.0, 5063799.0 ], [ 2208922.0, 5063819.0 ], [ 2208917.0, 5063821.0 ], [ 2208901.0, 5063782.0 ], [ 2208896.0, 5063791.0 ], [ 2208888.0, 5063805.0 ], [ 2208880.0, 5063826.0 ], [ 2208876.0, 5063837.0 ], [ 2208864.0, 5063869.0 ], [ 2208845.0, 5063919.0 ], [ 2208844.0, 5063923.0 ], [ 2208835.0, 5063947.0 ], [ 2208777.0, 5063933.0 ], [ 2208720.0, 5063921.0 ], [ 2208698.0, 5063916.0 ], [ 2208702.0, 5063891.0 ] ] } },
{ "type": "Feature", "properties": { "betweenness_centrality": "0.011683168316831683", "source": "2608865125.0", "target": "1851805070.0", "ordering_betweenness_centrality": "158", "length": 315, "length_cumulative": 274153 }, "geometry": { "type": "MultiLineString", "coordinates": [ [ [ 2205367.0, 5059975.0 ], [ 2205365.0, 5059985.0 ], [ 2205363.0, 5059994.0 ], [ 2205363.0, 5059997.0 ], [ 2205354.0, 5060041.0 ], [ 2205354.0, 5060043.0 ] ], [ [ 2205354.0, 5060043.0 ], [ 2205353.0, 5060050.0 ], [ 2205294.0, 5060038.0 ], [ 2205291.0, 5060050.0 ], [ 2205290.0, 5060054.0 ], [ 2205267.0, 5060165.0 ], [ 2205278.0, 5060167.0 ] ], [ [ 2205265.0, 5060291.0 ], [ 2205264.0, 5060294.0 ], [ 2205264.0, 5060295.0 ], [ 2205260.0, 5060312.0 ], [ 2205257.0, 5060328.0 ] ] ] } },
{ "type": "Feature", "properties": { "betweenness_centrality": "0.011485148514851487", "source": "1854573416.0", "target": "1854567495.0", "ordering_betweenness_centrality": "159", "length": 419, "length_cumulative": 274572 }, "geometry": { "type": "MultiLineString", "coordinates": [ [ [ 2204672.0, 5061269.0 ], [ 2204669.0, 5061216.0 ], [ 2204670.0, 5061210.0 ], [ 2204674.0, 5061198.0 ], [ 2204685.0, 5061173.0 ], [ 2204687.0, 5061167.0 ], [ 2204697.0, 5061140.0 ], [ 2204709.0, 5061110.0 ] ], [ [ 2204723.0, 5061074.0 ], [ 2204745.0, 5061018.0 ] ], [ [ 2204745.0, 5061018.0 ], [ 2204758.0, 5060985.0 ] ], [ [ 2204758.0, 5060985.0 ], [ 2204785.0, 5060915.0 ], [ 2204804.0, 5060867.0 ], [ 2204813.0, 5060845.0 ], [ 2204815.0, 5060839.0 ] ] ] } },
{ "type": "Feature", "properties": { "betweenness_centrality": "0.011485148514851487", "source": "4658918786.0", "target": "1843585054.0", "ordering_betweenness_centrality": "160", "length": 683, "length_cumulative": 275256 }, "geometry": { "type": "MultiLineString", "coordinates": [ [ [ 2206459.0, 5062454.0 ], [ 2206486.0, 5062426.0 ], [ 2206463.0, 5062405.0 ], [ 2206456.0, 5062398.0 ], [ 2206471.0, 5062381.0 ], [ 2206498.0, 5062353.0 ] ], [ [ 2206495.0, 5062312.0 ], [ 2206467.0, 5062289.0 ], [ 2206434.0, 5062264.0 ], [ 2206437.0, 5062259.0 ], [ 2206413.0, 5062241.0 ], [ 2206366.0, 5062207.0 ], [ 2206364.0, 5062206.0 ], [ 2206370.0, 5062196.0 ], [ 2206373.0, 5062191.0 ], [ 2206363.0, 5062184.0 ], [ 2206365.0, 5062182.0 ], [ 2206372.0, 5062168.0 ], [ 2206387.0, 5062140.0 ], [ 2206407.0, 5062104.0 ], [ 2206427.0, 5062067.0 ] ], [ [ 2206427.0, 5062067.0 ], [ 2206440.0, 5062044.0 ], [ 2206449.0, 5062028.0 ], [ 2206441.0, 5062024.0 ], [ 2206418.0, 5062012.0 ], [ 2206422.0, 5061997.0 ], [ 2206410.0, 5061993.0 ], [ 2206410.0, 5061985.0 ], [ 2206412.0, 5061970.0 ], [ 2206415.0, 5061963.0 ], [ 2206421.0, 5061965.0 ], [ 2206422.0, 5061966.0 ] ], [ [ 2206422.0, 5061966.0 ], [ 2206425.0, 5061960.0 ], [ 2206439.0, 5061932.0 ], [ 2206449.0, 5061914.0 ] ] ] } },
{ "type": "Feature", "properties": { "betweenness_centrality": "0.011485148514851487", "source": "4622126582.0", "target": "12104395903.0", "ordering_betweenness_centrality": "161", "length": 592, "length_cumulative": 275848 }, "geometry": { "type": "MultiLineString", "coordinates": [ [ [ 2210073.0, 5061582.0 ], [ 2210073.0, 5061584.0 ], [ 2210062.0, 5061628.0 ], [ 2210062.0, 5061630.0 ] ], [ [ 2210062.0, 5061630.0 ], [ 2210060.0, 5061636.0 ] ], [ [ 2210060.0, 5061636.0 ], [ 2210057.0, 5061648.0 ], [ 2210020.0, 5061639.0 ], [ 2209990.0, 5061632.0 ], [ 2209959.0, 5061625.0 ], [ 2209928.0, 5061620.0 ], [ 2209900.0, 5061621.0 ], [ 2209884.0, 5061623.0 ], [ 2209865.0, 5061628.0 ], [ 2209815.0, 5061642.0 ], [ 2209797.0, 5061647.0 ], [ 2209780.0, 5061655.0 ], [ 2209762.0, 5061667.0 ], [ 2209747.0, 5061680.0 ], [ 2209738.0, 5061689.0 ], [ 2209732.0, 5061697.0 ], [ 2209729.0, 5061701.0 ], [ 2209728.0, 5061707.0 ], [ 2209728.0, 5061717.0 ], [ 2209730.0, 5061729.0 ], [ 2209735.0, 5061734.0 ], [ 2209740.0, 5061735.0 ], [ 2209739.0, 5061742.0 ], [ 2209753.0, 5061743.0 ], [ 2209809.0, 5061736.0 ], [ 2209810.0, 5061743.0 ], [ 2209811.0, 5061765.0 ], [ 2209812.0, 5061789.0 ] ] ] } },
{ "type": "Feature", "properties": { "betweenness_centrality": "0.011287128712871288", "source": "1843039377.0", "target": "6316010675.0", "ordering_betweenness_centrality": "162", "length": 584, "length_cumulative": 276433 }, "geometry": { "type": "LineString", "coordinates": [ [ 2207287.0, 5062564.0 ], [ 2207344.0, 5062609.0 ], [ 2207347.0, 5062610.0 ], [ 2207351.0, 5062603.0 ], [ 2207354.0, 5062605.0 ], [ 2207365.0, 5062608.0 ], [ 2207374.0, 5062591.0 ], [ 2207393.0, 5062555.0 ], [ 2207419.0, 5062503.0 ], [ 2207434.0, 5062476.0 ], [ 2207441.0, 5062470.0 ], [ 2207449.0, 5062455.0 ], [ 2207451.0, 5062457.0 ], [ 2207461.0, 5062438.0 ], [ 2207483.0, 5062394.0 ], [ 2207494.0, 5062373.0 ], [ 2207495.0, 5062371.0 ], [ 2207513.0, 5062337.0 ], [ 2207546.0, 5062272.0 ], [ 2207552.0, 5062259.0 ], [ 2207584.0, 5062197.0 ], [ 2207586.0, 5062194.0 ], [ 2207591.0, 5062183.0 ] ] } },
{ "type": "Feature", "properties": { "betweenness_centrality": "0.01108910891089109", "source": "1876396733.0", "target": "2618516943.0", "ordering_betweenness_centrality": "163", "length": 412, "length_cumulative": 276845 }, "geometry": { "type": "MultiLineString", "coordinates": [ [ [ 2206778.0, 5061272.0 ], [ 2206814.0, 5061288.0 ], [ 2206817.0, 5061281.0 ], [ 2206822.0, 5061265.0 ], [ 2206824.0, 5061261.0 ], [ 2206870.0, 5061227.0 ], [ 2206880.0, 5061236.0 ], [ 2206886.0, 5061220.0 ], [ 2206899.0, 5061191.0 ], [ 2206911.0, 5061188.0 ], [ 2206929.0, 5061181.0 ], [ 2206934.0, 5061178.0 ], [ 2206942.0, 5061170.0 ], [ 2206946.0, 5061161.0 ], [ 2206975.0, 5061107.0 ], [ 2206977.0, 5061104.0 ], [ 2206981.0, 5061097.0 ] ], [ [ 2206998.0, 5061108.0 ], [ 2207003.0, 5061098.0 ], [ 2207006.0, 5061093.0 ], [ 2207007.0, 5061090.0 ], [ 2207008.0, 5061086.0 ], [ 2207012.0, 5061071.0 ], [ 2207015.0, 5061058.0 ], [ 2207022.0, 5061043.0 ], [ 2207030.0, 5061022.0 ] ] ] } },
{ "type": "Feature", "properties": { "betweenness_centrality": "0.01108910891089109", "source": "507688038.0", "target": "6285845243.0", "ordering_betweenness_centrality": "164", "length": 2507, "length_cumulative": 279352 }, "geometry": { "type": "LineString", "coordinates": [ [ 2201097.0, 5059043.0 ], [ 2201100.0, 5059046.0 ], [ 2201127.0, 5059062.0 ], [ 2201155.0, 5059078.0 ], [ 2201172.0, 5059086.0 ], [ 2201217.0, 5059100.0 ], [ 2201258.0, 5059117.0 ], [ 2201336.0, 5059126.0 ], [ 2201356.0, 5059119.0 ], [ 2201364.0, 5059118.0 ], [ 2201396.0, 5059122.0 ], [ 2201407.0, 5059122.0 ], [ 2201437.0, 5059118.0 ], [ 2201456.0, 5059119.0 ], [ 2201485.0, 5059123.0 ], [ 2201507.0, 5059122.0 ], [ 2201541.0, 5059115.0 ], [ 2201587.0, 5059112.0 ], [ 2201607.0, 5059107.0 ], [ 2201634.0, 5059107.0 ], [ 2201653.0, 5059109.0 ], [ 2201704.0, 5059108.0 ], [ 2201736.0, 5059104.0 ], [ 2201768.0, 5059097.0 ], [ 2201778.0, 5059088.0 ], [ 2201798.0, 5059076.0 ], [ 2201854.0, 5059055.0 ], [ 2201875.0, 5059044.0 ], [ 2201886.0, 5059035.0 ], [ 2201901.0, 5059014.0 ], [ 2201909.0, 5059002.0 ], [ 2201937.0, 5059014.0 ], [ 2201997.0, 5059036.0 ], [ 2202005.0, 5059037.0 ], [ 2202053.0, 5059033.0 ], [ 2202067.0, 5059036.0 ], [ 2202102.0, 5059051.0 ], [ 2202109.0, 5059058.0 ], [ 2202123.0, 5059067.0 ], [ 2202136.0, 5059068.0 ], [ 2202145.0, 5059066.0 ], [ 2202175.0, 5059043.0 ], [ 2202185.0, 5059032.0 ], [ 2202189.0, 5059030.0 ], [ 2202198.0, 5059031.0 ], [ 2202199.0, 5059027.0 ], [ 2202204.0, 5059027.0 ], [ 2202204.0, 5059025.0 ], [ 2202200.0, 5059024.0 ], [ 2202205.0, 5058995.0 ], [ 2202199.0, 5058972.0 ], [ 2202221.0, 5058937.0 ], [ 2202237.0, 5058924.0 ], [ 2202255.0, 5058914.0 ], [ 2202276.0, 5058911.0 ], [ 2202299.0, 5058910.0 ], [ 2202342.0, 5058916.0 ], [ 2202571.0, 5058956.0 ], [ 2202582.0, 5058961.0 ], [ 2202586.0, 5058946.0 ], [ 2202587.0, 5058924.0 ], [ 2202588.0, 5058842.0 ], [ 2202590.0, 5058791.0 ], [ 2202591.0, 5058773.0 ], [ 2202593.0, 5058744.0 ], [ 2202591.0, 5058726.0 ], [ 2202589.0, 5058708.0 ], [ 2202582.0, 5058689.0 ], [ 2202566.0, 5058674.0 ], [ 2202553.0, 5058666.0 ], [ 2202547.0, 5058662.0 ], [ 2202546.0, 5058655.0 ], [ 2202549.0, 5058648.0 ], [ 2202563.0, 5058645.0 ], [ 2202591.0, 5058637.0 ], [ 2202589.0, 5058621.0 ], [ 2202593.0, 5058606.0 ], [ 2202607.0, 5058590.0 ], [ 2202609.0, 5058586.0 ], [ 2202621.0, 5058574.0 ], [ 2202636.0, 5058563.0 ], [ 2202650.0, 5058548.0 ], [ 2202661.0, 5058533.0 ], [ 2202672.0, 5058515.0 ], [ 2202681.0, 5058505.0 ], [ 2202686.0, 5058501.0 ], [ 2202696.0, 5058496.0 ], [ 2202710.0, 5058491.0 ], [ 2202722.0, 5058488.0 ], [ 2202729.0, 5058482.0 ], [ 2202736.0, 5058471.0 ], [ 2202741.0, 5058460.0 ], [ 2202743.0, 5058449.0 ], [ 2202748.0, 5058438.0 ], [ 2202751.0, 5058443.0 ], [ 2202762.0, 5058480.0 ], [ 2202765.0, 5058484.0 ], [ 2202770.0, 5058484.0 ], [ 2202799.0, 5058479.0 ], [ 2202804.0, 5058470.0 ], [ 2202806.0, 5058460.0 ], [ 2202804.0, 5058446.0 ], [ 2202801.0, 5058425.0 ], [ 2202801.0, 5058397.0 ], [ 2202801.0, 5058373.0 ] ] } },
{ "type": "Feature", "properties": { "betweenness_centrality": "0.01108910891089109", "source": "11432993447.0", "target": "12162258089.0", "ordering_betweenness_centrality": "165", "length": 928, "length_cumulative": 280281 }, "geometry": { "type": "LineString", "coordinates": [ [ 2207370.0, 5064044.0 ], [ 2207392.0, 5064049.0 ], [ 2207518.0, 5064077.0 ], [ 2207538.0, 5064081.0 ], [ 2207611.0, 5064096.0 ], [ 2207600.0, 5064145.0 ], [ 2207600.0, 5064146.0 ], [ 2207594.0, 5064176.0 ], [ 2207593.0, 5064187.0 ], [ 2207594.0, 5064194.0 ], [ 2207595.0, 5064198.0 ], [ 2207599.0, 5064194.0 ], [ 2207603.0, 5064191.0 ], [ 2207607.0, 5064189.0 ], [ 2207613.0, 5064188.0 ], [ 2207651.0, 5064187.0 ], [ 2207665.0, 5064188.0 ], [ 2207673.0, 5064187.0 ], [ 2207679.0, 5064186.0 ], [ 2207685.0, 5064183.0 ], [ 2207718.0, 5064169.0 ], [ 2207726.0, 5064165.0 ], [ 2207732.0, 5064160.0 ], [ 2207737.0, 5064153.0 ], [ 2207741.0, 5064145.0 ], [ 2207765.0, 5064052.0 ], [ 2207767.0, 5064044.0 ], [ 2207769.0, 5064037.0 ], [ 2207775.0, 5064028.0 ], [ 2207780.0, 5064021.0 ], [ 2207783.0, 5064016.0 ], [ 2207785.0, 5064010.0 ], [ 2207787.0, 5064001.0 ], [ 2207866.0, 5064013.0 ], [ 2207903.0, 5064019.0 ], [ 2207910.0, 5064019.0 ], [ 2207917.0, 5064018.0 ], [ 2207922.0, 5064014.0 ], [ 2207926.0, 5064007.0 ], [ 2207928.0, 5064001.0 ], [ 2207953.0, 5064003.0 ], [ 2207963.0, 5064003.0 ], [ 2207984.0, 5064004.0 ], [ 2207985.0, 5063998.0 ], [ 2207985.0, 5063991.0 ], [ 2207987.0, 5063983.0 ], [ 2207989.0, 5063979.0 ], [ 2207992.0, 5063977.0 ], [ 2208000.0, 5063978.0 ], [ 2208004.0, 5063978.0 ], [ 2208007.0, 5063979.0 ], [ 2208014.0, 5063973.0 ] ] } },
{ "type": "Feature", "properties": { "betweenness_centrality": "0.010891089108910892", "source": "4663281819.0", "target": "10790032317.0", "ordering_betweenness_centrality": "166", "length": 463, "length_cumulative": 280744 }, "geometry": { "type": "MultiLineString", "coordinates": [ [ [ 2202367.0, 5062083.0 ], [ 2202373.0, 5062080.0 ], [ 2202397.0, 5062067.0 ], [ 2202405.0, 5062063.0 ], [ 2202416.0, 5062058.0 ], [ 2202436.0, 5062051.0 ], [ 2202457.0, 5062046.0 ], [ 2202483.0, 5062038.0 ], [ 2202521.0, 5062027.0 ], [ 2202531.0, 5062026.0 ], [ 2202539.0, 5062028.0 ], [ 2202551.0, 5062032.0 ], [ 2202558.0, 5062031.0 ], [ 2202565.0, 5062030.0 ], [ 2202572.0, 5062027.0 ], [ 2202581.0, 5062022.0 ], [ 2202596.0, 5062013.0 ], [ 2202612.0, 5062002.0 ], [ 2202627.0, 5061988.0 ], [ 2202646.0, 5061966.0 ], [ 2202664.0, 5061942.0 ], [ 2202669.0, 5061936.0 ], [ 2202678.0, 5061930.0 ], [ 2202690.0, 5061927.0 ], [ 2202697.0, 5061927.0 ], [ 2202713.0, 5061930.0 ], [ 2202724.0, 5061931.0 ], [ 2202730.0, 5061930.0 ], [ 2202740.0, 5061929.0 ] ], [ [ 2202740.0, 5061929.0 ], [ 2202746.0, 5061936.0 ], [ 2202751.0, 5061939.0 ], [ 2202757.0, 5061944.0 ], [ 2202761.0, 5061950.0 ], [ 2202763.0, 5061957.0 ] ] ] } },
{ "type": "Feature", "properties": { "betweenness_centrality": "0.010891089108910892", "source": "9919851386.0", "target": "6236284772.0", "ordering_betweenness_centrality": "167", "length": 1712, "length_cumulative": 282457 }, "geometry": { "type": "LineString", "coordinates": [ [ 2202964.0, 5059937.0 ], [ 2202956.0, 5059953.0 ], [ 2202952.0, 5059963.0 ], [ 2202948.0, 5059972.0 ], [ 2202943.0, 5059987.0 ], [ 2202934.0, 5060014.0 ], [ 2202917.0, 5060061.0 ], [ 2202904.0, 5060097.0 ], [ 2202895.0, 5060117.0 ], [ 2202888.0, 5060137.0 ], [ 2202876.0, 5060168.0 ], [ 2202858.0, 5060209.0 ], [ 2202826.0, 5060246.0 ], [ 2202796.0, 5060309.0 ], [ 2202778.0, 5060349.0 ], [ 2202741.0, 5060432.0 ], [ 2202700.0, 5060527.0 ], [ 2202595.0, 5060787.0 ], [ 2202501.0, 5061023.0 ], [ 2202481.0, 5061073.0 ], [ 2202470.0, 5061099.0 ], [ 2202464.0, 5061117.0 ], [ 2202457.0, 5061134.0 ], [ 2202382.0, 5061322.0 ], [ 2202358.0, 5061381.0 ], [ 2202344.0, 5061419.0 ], [ 2202335.0, 5061442.0 ], [ 2202303.0, 5061514.0 ] ] } },
{ "type": "Feature", "properties": { "betweenness_centrality": "0.010693069306930694", "source": "12074636513.0", "target": "12162258089.0", "ordering_betweenness_centrality": "168", "length": 270, "length_cumulative": 282727 }, "geometry": { "type": "MultiLineString", "coordinates": [ [ [ 2206810.0, 5064097.0 ], [ 2206817.0, 5064101.0 ] ], [ [ 2206934.0, 5064115.0 ], [ 2206947.0, 5064115.0 ], [ 2207011.0, 5064109.0 ], [ 2207024.0, 5064107.0 ], [ 2207040.0, 5064096.0 ], [ 2207046.0, 5064095.0 ], [ 2207054.0, 5064092.0 ], [ 2207060.0, 5064093.0 ], [ 2207071.0, 5064095.0 ], [ 2207094.0, 5064101.0 ], [ 2207188.0, 5064125.0 ] ] ] } },
{ "type": "Feature", "properties": { "betweenness_centrality": "0.010495049504950496", "source": "9919851386.0", "target": "10790032317.0", "ordering_betweenness_centrality": "169", "length": 265, "length_cumulative": 282992 }, "geometry": { "type": "LineString", "coordinates": [ [ 2202303.0, 5061514.0 ], [ 2202308.0, 5061510.0 ], [ 2202314.0, 5061504.0 ], [ 2202323.0, 5061482.0 ], [ 2202344.0, 5061438.0 ], [ 2202357.0, 5061416.0 ], [ 2202365.0, 5061403.0 ], [ 2202371.0, 5061391.0 ], [ 2202380.0, 5061370.0 ], [ 2202385.0, 5061363.0 ], [ 2202371.0, 5061408.0 ], [ 2202361.0, 5061433.0 ], [ 2202364.0, 5061447.0 ], [ 2202365.0, 5061451.0 ] ] } },
{ "type": "Feature", "properties": { "betweenness_centrality": "0.010297029702970298", "source": "1851805070.0", "target": "1854573416.0", "ordering_betweenness_centrality": "170", "length": 341, "length_cumulative": 283333 }, "geometry": { "type": "MultiLineString", "coordinates": [ [ [ 2205161.0, 5060433.0 ], [ 2205137.0, 5060432.0 ], [ 2205111.0, 5060430.0 ], [ 2205108.0, 5060430.0 ], [ 2205059.0, 5060429.0 ], [ 2205030.0, 5060428.0 ], [ 2205008.0, 5060427.0 ] ], [ [ 2205008.0, 5060427.0 ], [ 2204997.0, 5060427.0 ], [ 2204975.0, 5060426.0 ], [ 2204950.0, 5060425.0 ], [ 2204919.0, 5060424.0 ], [ 2204911.0, 5060423.0 ], [ 2204897.0, 5060420.0 ] ], [ [ 2204829.0, 5060632.0 ], [ 2204868.0, 5060649.0 ], [ 2204866.0, 5060655.0 ] ], [ [ 2204866.0, 5060655.0 ], [ 2204863.0, 5060663.0 ], [ 2204880.0, 5060670.0 ] ] ] } },
{ "type": "Feature", "properties": { "betweenness_centrality": "0.0100990099009901", "source": "3787682972.0", "target": "12074636513.0", "ordering_betweenness_centrality": "171", "length": 1352, "length_cumulative": 284686 }, "geometry": { "type": "LineString", "coordinates": [ [ 2206729.0, 5064126.0 ], [ 2206747.0, 5064058.0 ], [ 2206749.0, 5064050.0 ], [ 2206751.0, 5064042.0 ], [ 2206755.0, 5064029.0 ], [ 2206748.0, 5064024.0 ], [ 2206743.0, 5064018.0 ], [ 2206741.0, 5064010.0 ], [ 2206740.0, 5064002.0 ], [ 2206742.0, 5063996.0 ], [ 2206745.0, 5063991.0 ], [ 2206749.0, 5063986.0 ], [ 2206754.0, 5063982.0 ], [ 2206760.0, 5063980.0 ], [ 2206764.0, 5063979.0 ], [ 2206777.0, 5063958.0 ], [ 2206784.0, 5063928.0 ], [ 2206788.0, 5063913.0 ], [ 2206802.0, 5063860.0 ], [ 2206808.0, 5063836.0 ], [ 2206810.0, 5063826.0 ], [ 2206834.0, 5063735.0 ], [ 2206842.0, 5063708.0 ], [ 2206857.0, 5063648.0 ], [ 2206871.0, 5063597.0 ], [ 2206872.0, 5063592.0 ], [ 2206873.0, 5063588.0 ], [ 2206876.0, 5063576.0 ], [ 2206883.0, 5063550.0 ], [ 2206890.0, 5063524.0 ], [ 2206891.0, 5063520.0 ], [ 2206896.0, 5063504.0 ], [ 2206905.0, 5063472.0 ], [ 2206906.0, 5063467.0 ], [ 2206918.0, 5063421.0 ], [ 2206924.0, 5063394.0 ], [ 2206932.0, 5063363.0 ], [ 2206935.0, 5063349.0 ], [ 2206944.0, 5063309.0 ], [ 2206951.0, 5063273.0 ], [ 2206957.0, 5063240.0 ], [ 2206967.0, 5063183.0 ], [ 2206968.0, 5063178.0 ], [ 2206983.0, 5063090.0 ], [ 2206987.0, 5063072.0 ], [ 2206993.0, 5063046.0 ], [ 2207139.0, 5063077.0 ], [ 2207144.0, 5063078.0 ], [ 2207149.0, 5063079.0 ], [ 2207151.0, 5063079.0 ], [ 2207209.0, 5063092.0 ] ] } },
{ "type": "Feature", "properties": { "betweenness_centrality": "0.009900990099009901", "source": "11688419180.0", "target": "2070101512.0", "ordering_betweenness_centrality": "172", "length": 287, "length_cumulative": 284973 }, "geometry": { "type": "LineString", "coordinates": [ [ 2200960.0, 5064204.0 ], [ 2200950.0, 5064222.0 ], [ 2200935.0, 5064252.0 ], [ 2200930.0, 5064259.0 ], [ 2200911.0, 5064293.0 ], [ 2200907.0, 5064303.0 ], [ 2200882.0, 5064333.0 ], [ 2200875.0, 5064346.0 ], [ 2200872.0, 5064357.0 ], [ 2200871.0, 5064377.0 ], [ 2200873.0, 5064379.0 ], [ 2200874.0, 5064381.0 ], [ 2200884.0, 5064400.0 ], [ 2200887.0, 5064411.0 ], [ 2200887.0, 5064417.0 ], [ 2200917.0, 5064451.0 ] ] } },
{ "type": "Feature", "properties": { "betweenness_centrality": "0.009900990099009901", "source": "2618516706.0", "target": "1840559159.0", "ordering_betweenness_centrality": "173", "length": 83, "length_cumulative": 285056 }, "geometry": { "type": "MultiLineString", "coordinates": [ [ [ 2205023.0, 5059506.0 ], [ 2205017.0, 5059497.0 ], [ 2205008.0, 5059483.0 ], [ 2204998.0, 5059468.0 ] ], [ [ 2204998.0, 5059468.0 ], [ 2204995.0, 5059465.0 ], [ 2204988.0, 5059453.0 ], [ 2204977.0, 5059437.0 ] ] ] } },
{ "type": "Feature", "properties": { "betweenness_centrality": "0.009504950495049506", "source": "9919851386.0", "target": "4663284211.0", "ordering_betweenness_centrality": "175", "length": 436, "length_cumulative": 285492 }, "geometry": { "type": "LineString", "coordinates": [ [ 2202320.0, 5062016.0 ], [ 2202323.0, 5062014.0 ], [ 2202326.0, 5062012.0 ], [ 2202328.0, 5062009.0 ], [ 2202331.0, 5062004.0 ], [ 2202333.0, 5062001.0 ], [ 2202338.0, 5062000.0 ], [ 2202345.0, 5061998.0 ], [ 2202382.0, 5061982.0 ], [ 2202403.0, 5061980.0 ], [ 2202474.0, 5061935.0 ], [ 2202483.0, 5061929.0 ], [ 2202489.0, 5061927.0 ], [ 2202494.0, 5061918.0 ], [ 2202501.0, 5061909.0 ], [ 2202510.0, 5061899.0 ], [ 2202517.0, 5061892.0 ], [ 2202520.0, 5061890.0 ], [ 2202523.0, 5061891.0 ], [ 2202529.0, 5061895.0 ], [ 2202533.0, 5061899.0 ], [ 2202544.0, 5061904.0 ], [ 2202550.0, 5061904.0 ], [ 2202554.0, 5061904.0 ], [ 2202601.0, 5061955.0 ], [ 2202605.0, 5061958.0 ], [ 2202612.0, 5061959.0 ], [ 2202618.0, 5061956.0 ], [ 2202634.0, 5061938.0 ], [ 2202642.0, 5061932.0 ], [ 2202648.0, 5061930.0 ], [ 2202655.0, 5061930.0 ], [ 2202664.0, 5061930.0 ], [ 2202669.0, 5061936.0 ] ] } },
{ "type": "Feature", "properties": { "betweenness_centrality": "0.008910891089108912", "source": "1843574864.0", "target": "11342006038.0", "ordering_betweenness_centrality": "176", "length": 1442, "length_cumulative": 286934 }, "geometry": { "type": "LineString", "coordinates": [ [ 2205654.0, 5063244.0 ], [ 2205666.0, 5063247.0 ], [ 2205681.0, 5063183.0 ], [ 2205676.0, 5063182.0 ], [ 2205677.0, 5063174.0 ], [ 2205669.0, 5063173.0 ], [ 2205664.0, 5063172.0 ], [ 2205662.0, 5063170.0 ], [ 2205662.0, 5063167.0 ], [ 2205663.0, 5063163.0 ], [ 2205621.0, 5063165.0 ], [ 2205587.0, 5063161.0 ], [ 2205542.0, 5063153.0 ], [ 2205508.0, 5063136.0 ], [ 2205503.0, 5063132.0 ], [ 2205465.0, 5063096.0 ], [ 2205415.0, 5063055.0 ], [ 2205412.0, 5063051.0 ], [ 2205410.0, 5063047.0 ], [ 2205410.0, 5063043.0 ], [ 2205417.0, 5063008.0 ], [ 2205422.0, 5062985.0 ], [ 2205434.0, 5062923.0 ], [ 2205435.0, 5062915.0 ], [ 2205444.0, 5062878.0 ], [ 2205453.0, 5062845.0 ], [ 2205452.0, 5062841.0 ], [ 2205448.0, 5062838.0 ], [ 2205406.0, 5062822.0 ], [ 2205388.0, 5062815.0 ], [ 2205360.0, 5062803.0 ], [ 2205272.0, 5062765.0 ], [ 2205277.0, 5062755.0 ], [ 2205279.0, 5062750.0 ], [ 2205287.0, 5062734.0 ], [ 2205291.0, 5062724.0 ], [ 2205295.0, 5062713.0 ], [ 2205300.0, 5062699.0 ], [ 2205304.0, 5062684.0 ], [ 2205307.0, 5062664.0 ], [ 2205311.0, 5062643.0 ], [ 2205314.0, 5062605.0 ], [ 2205316.0, 5062585.0 ], [ 2205318.0, 5062574.0 ], [ 2205321.0, 5062562.0 ], [ 2205333.0, 5062528.0 ], [ 2205342.0, 5062506.0 ], [ 2205344.0, 5062500.0 ], [ 2205349.0, 5062487.0 ], [ 2205355.0, 5062472.0 ], [ 2205357.0, 5062466.0 ], [ 2205361.0, 5062456.0 ], [ 2205367.0, 5062440.0 ], [ 2205392.0, 5062372.0 ], [ 2205397.0, 5062359.0 ], [ 2205402.0, 5062346.0 ], [ 2205419.0, 5062307.0 ], [ 2205425.0, 5062294.0 ], [ 2205431.0, 5062275.0 ], [ 2205439.0, 5062247.0 ], [ 2205442.0, 5062230.0 ], [ 2205451.0, 5062192.0 ], [ 2205457.0, 5062168.0 ] ] } },
{ "type": "Feature", "properties": { "betweenness_centrality": "0.008910891089108912", "source": "5863041152.0", "target": "10560046785.0", "ordering_betweenness_centrality": "177", "length": 1677, "length_cumulative": 288611 }, "geometry": { "type": "MultiLineString", "coordinates": [ [ [ 2206288.0, 5057612.0 ], [ 2206276.0, 5057590.0 ], [ 2206265.0, 5057596.0 ], [ 2206240.0, 5057608.0 ], [ 2206218.0, 5057619.0 ], [ 2206200.0, 5057628.0 ], [ 2206157.0, 5057650.0 ], [ 2206100.0, 5057678.0 ], [ 2206083.0, 5057685.0 ], [ 2206072.0, 5057689.0 ], [ 2206059.0, 5057692.0 ], [ 2206034.0, 5057695.0 ], [ 2206005.0, 5057700.0 ], [ 2205995.0, 5057701.0 ], [ 2205952.0, 5057708.0 ], [ 2205939.0, 5057710.0 ], [ 2205937.0, 5057710.0 ], [ 2205932.0, 5057710.0 ], [ 2205914.0, 5057709.0 ], [ 2205895.0, 5057708.0 ], [ 2205867.0, 5057707.0 ], [ 2205852.0, 5057706.0 ], [ 2205830.0, 5057706.0 ], [ 2205825.0, 5057706.0 ], [ 2205819.0, 5057707.0 ], [ 2205800.0, 5057709.0 ], [ 2205792.0, 5057711.0 ], [ 2205782.0, 5057712.0 ], [ 2205765.0, 5057715.0 ], [ 2205756.0, 5057717.0 ], [ 2205752.0, 5057719.0 ], [ 2205748.0, 5057721.0 ], [ 2205746.0, 5057723.0 ], [ 2205743.0, 5057726.0 ], [ 2205738.0, 5057730.0 ], [ 2205731.0, 5057733.0 ], [ 2205723.0, 5057737.0 ], [ 2205717.0, 5057740.0 ], [ 2205708.0, 5057745.0 ], [ 2205701.0, 5057748.0 ], [ 2205691.0, 5057753.0 ], [ 2205684.0, 5057757.0 ], [ 2205668.0, 5057766.0 ], [ 2205636.0, 5057786.0 ], [ 2205625.0, 5057793.0 ], [ 2205598.0, 5057813.0 ], [ 2205574.0, 5057835.0 ], [ 2205570.0, 5057838.0 ], [ 2205567.0, 5057840.0 ], [ 2205564.0, 5057841.0 ], [ 2205561.0, 5057842.0 ], [ 2205557.0, 5057842.0 ], [ 2205552.0, 5057843.0 ], [ 2205549.0, 5057845.0 ] ], [ [ 2205405.0, 5058120.0 ], [ 2205407.0, 5058134.0 ], [ 2205408.0, 5058141.0 ], [ 2205410.0, 5058148.0 ], [ 2205413.0, 5058158.0 ], [ 2205415.0, 5058163.0 ], [ 2205417.0, 5058168.0 ], [ 2205421.0, 5058174.0 ], [ 2205427.0, 5058181.0 ], [ 2205433.0, 5058187.0 ], [ 2205478.0, 5058226.0 ], [ 2205566.0, 5058303.0 ], [ 2205858.0, 5058554.0 ], [ 2205891.0, 5058583.0 ], [ 2205921.0, 5058610.0 ], [ 2205948.0, 5058633.0 ], [ 2205962.0, 5058645.0 ] ], [ [ 2205962.0, 5058645.0 ], [ 2205968.0, 5058650.0 ], [ 2205974.0, 5058656.0 ], [ 2205980.0, 5058661.0 ], [ 2205988.0, 5058668.0 ], [ 2205989.0, 5058669.0 ], [ 2206006.0, 5058684.0 ], [ 2206010.0, 5058688.0 ], [ 2206017.0, 5058696.0 ], [ 2206026.0, 5058703.0 ] ] ] } },
{ "type": "Feature", "properties": { "betweenness_centrality": "0.008712871287128714", "source": "4663047757.0", "target": "11432993447.0", "ordering_betweenness_centrality": "178", "length": 610, "length_cumulative": 289222 }, "geometry": { "type": "MultiLineString", "coordinates": [ [ [ 2208438.0, 5063354.0 ], [ 2208430.0, 5063380.0 ], [ 2208429.0, 5063384.0 ], [ 2208435.0, 5063386.0 ], [ 2208435.0, 5063387.0 ], [ 2208430.0, 5063400.0 ], [ 2208428.0, 5063407.0 ], [ 2208408.0, 5063400.0 ], [ 2208406.0, 5063395.0 ], [ 2208404.0, 5063404.0 ], [ 2208401.0, 5063413.0 ], [ 2208400.0, 5063419.0 ] ], [ [ 2208382.0, 5063414.0 ], [ 2208383.0, 5063421.0 ], [ 2208384.0, 5063425.0 ], [ 2208393.0, 5063458.0 ], [ 2208397.0, 5063475.0 ], [ 2208399.0, 5063482.0 ], [ 2208400.0, 5063488.0 ], [ 2208400.0, 5063492.0 ], [ 2208400.0, 5063497.0 ], [ 2208395.0, 5063521.0 ], [ 2208391.0, 5063538.0 ], [ 2208384.0, 5063570.0 ], [ 2208382.0, 5063575.0 ] ], [ [ 2208382.0, 5063575.0 ], [ 2208377.0, 5063593.0 ], [ 2208370.0, 5063616.0 ], [ 2208368.0, 5063619.0 ], [ 2208359.0, 5063638.0 ], [ 2208354.0, 5063648.0 ], [ 2208327.0, 5063708.0 ], [ 2208300.0, 5063776.0 ], [ 2208275.0, 5063846.0 ], [ 2208274.0, 5063851.0 ], [ 2208261.0, 5063886.0 ] ] ] } },
{ "type": "Feature", "properties": { "betweenness_centrality": "0.008316831683168317", "source": "11432993447.0", "target": "4587023461.0", "ordering_betweenness_centrality": "179", "length": 379, "length_cumulative": 289602 }, "geometry": { "type": "LineString", "coordinates": [ [ 2208275.0, 5063846.0 ], [ 2208290.0, 5063849.0 ], [ 2208307.0, 5063852.0 ], [ 2208326.0, 5063856.0 ], [ 2208374.0, 5063864.0 ], [ 2208427.0, 5063872.0 ], [ 2208455.0, 5063877.0 ], [ 2208485.0, 5063881.0 ], [ 2208508.0, 5063885.0 ], [ 2208530.0, 5063888.0 ], [ 2208551.0, 5063891.0 ], [ 2208571.0, 5063894.0 ], [ 2208650.0, 5063908.0 ] ] } },
{ "type": "Feature", "properties": { "betweenness_centrality": "0.008118811881188119", "source": "12076184584.0", "target": "11968073790.0", "ordering_betweenness_centrality": "180", "length": 2528, "length_cumulative": 292131 }, "geometry": { "type": "LineString", "coordinates": [ [ 2207797.0, 5059167.0 ], [ 2207798.0, 5059157.0 ], [ 2207802.0, 5059149.0 ], [ 2207813.0, 5059122.0 ], [ 2207824.0, 5059114.0 ], [ 2207851.0, 5059057.0 ], [ 2207880.0, 5058990.0 ], [ 2207907.0, 5058928.0 ], [ 2207931.0, 5058875.0 ], [ 2207941.0, 5058849.0 ], [ 2207949.0, 5058849.0 ], [ 2207954.0, 5058838.0 ], [ 2207958.0, 5058825.0 ], [ 2207961.0, 5058814.0 ], [ 2207962.0, 5058805.0 ], [ 2207963.0, 5058793.0 ], [ 2207963.0, 5058782.0 ], [ 2207963.0, 5058776.0 ], [ 2207961.0, 5058745.0 ], [ 2207961.0, 5058710.0 ], [ 2207963.0, 5058686.0 ], [ 2207966.0, 5058676.0 ], [ 2207969.0, 5058668.0 ], [ 2207984.0, 5058637.0 ], [ 2207986.0, 5058632.0 ], [ 2208005.0, 5058601.0 ], [ 2208018.0, 5058574.0 ], [ 2208080.0, 5058462.0 ], [ 2208111.0, 5058404.0 ], [ 2208143.0, 5058345.0 ], [ 2208158.0, 5058316.0 ], [ 2208163.0, 5058303.0 ], [ 2208182.0, 5058241.0 ], [ 2208189.0, 5058218.0 ], [ 2208211.0, 5058144.0 ], [ 2208219.0, 5058119.0 ], [ 2208230.0, 5058081.0 ], [ 2208251.0, 5058013.0 ], [ 2208257.0, 5057994.0 ], [ 2208264.0, 5057970.0 ], [ 2208271.0, 5057954.0 ], [ 2208277.0, 5057941.0 ], [ 2208286.0, 5057926.0 ], [ 2208293.0, 5057913.0 ], [ 2208304.0, 5057899.0 ], [ 2208313.0, 5057887.0 ], [ 2208328.0, 5057872.0 ], [ 2208348.0, 5057849.0 ], [ 2208358.0, 5057840.0 ], [ 2208362.0, 5057837.0 ], [ 2208370.0, 5057832.0 ], [ 2208380.0, 5057825.0 ], [ 2208392.0, 5057819.0 ], [ 2208403.0, 5057814.0 ], [ 2208406.0, 5057813.0 ], [ 2208413.0, 5057811.0 ], [ 2208424.0, 5057809.0 ], [ 2208438.0, 5057808.0 ], [ 2208442.0, 5057801.0 ], [ 2208486.0, 5057801.0 ], [ 2208528.0, 5057800.0 ], [ 2208538.0, 5057798.0 ], [ 2208555.0, 5057791.0 ], [ 2208564.0, 5057788.0 ], [ 2208574.0, 5057779.0 ], [ 2208581.0, 5057766.0 ], [ 2208583.0, 5057761.0 ], [ 2208587.0, 5057736.0 ], [ 2208591.0, 5057737.0 ], [ 2208591.0, 5057727.0 ], [ 2208590.0, 5057715.0 ], [ 2208589.0, 5057703.0 ], [ 2208587.0, 5057695.0 ], [ 2208564.0, 5057666.0 ], [ 2208558.0, 5057659.0 ], [ 2208553.0, 5057653.0 ], [ 2208546.0, 5057648.0 ], [ 2208534.0, 5057641.0 ], [ 2208513.0, 5057630.0 ], [ 2208499.0, 5057623.0 ], [ 2208477.0, 5057612.0 ], [ 2208471.0, 5057611.0 ], [ 2208465.0, 5057612.0 ], [ 2208457.0, 5057612.0 ], [ 2208443.0, 5057605.0 ], [ 2208431.0, 5057599.0 ], [ 2208425.0, 5057592.0 ], [ 2208423.0, 5057586.0 ], [ 2208417.0, 5057579.0 ], [ 2208413.0, 5057578.0 ], [ 2208280.0, 5057509.0 ], [ 2208258.0, 5057496.0 ], [ 2208234.0, 5057479.0 ], [ 2208215.0, 5057462.0 ], [ 2208197.0, 5057442.0 ], [ 2208181.0, 5057425.0 ], [ 2208175.0, 5057421.0 ], [ 2208170.0, 5057415.0 ], [ 2208167.0, 5057408.0 ], [ 2208153.0, 5057378.0 ], [ 2208147.0, 5057364.0 ], [ 2208147.0, 5057351.0 ], [ 2208146.0, 5057346.0 ], [ 2208135.0, 5057344.0 ], [ 2208101.0, 5057337.0 ], [ 2208088.0, 5057334.0 ], [ 2208073.0, 5057330.0 ], [ 2208050.0, 5057324.0 ], [ 2208039.0, 5057349.0 ], [ 2208033.0, 5057371.0 ] ] } },
{ "type": "Feature", "properties": { "betweenness_centrality": "0.0077227722772277236", "source": "3623300571.0", "target": "4621995118.0", "ordering_betweenness_centrality": "181", "length": 747, "length_cumulative": 292878 }, "geometry": { "type": "MultiLineString", "coordinates": [ [ [ 2209244.0, 5061242.0 ], [ 2209242.0, 5061248.0 ], [ 2209237.0, 5061258.0 ], [ 2209233.0, 5061264.0 ], [ 2209224.0, 5061277.0 ], [ 2209212.0, 5061292.0 ], [ 2209187.0, 5061324.0 ], [ 2209160.0, 5061360.0 ], [ 2209138.0, 5061388.0 ], [ 2209132.0, 5061397.0 ], [ 2209126.0, 5061405.0 ], [ 2209122.0, 5061413.0 ], [ 2209106.0, 5061443.0 ], [ 2209103.0, 5061448.0 ], [ 2209100.0, 5061453.0 ], [ 2209077.0, 5061496.0 ], [ 2209056.0, 5061535.0 ], [ 2209046.0, 5061545.0 ], [ 2209038.0, 5061552.0 ] ], [ [ 2209038.0, 5061552.0 ], [ 2209032.0, 5061558.0 ] ], [ [ 2209032.0, 5061558.0 ], [ 2209030.0, 5061560.0 ], [ 2208998.0, 5061591.0 ], [ 2208996.0, 5061595.0 ] ], [ [ 2208996.0, 5061595.0 ], [ 2208992.0, 5061603.0 ] ], [ [ 2208992.0, 5061603.0 ], [ 2208982.0, 5061609.0 ], [ 2208970.0, 5061618.0 ], [ 2208921.0, 5061653.0 ], [ 2208892.0, 5061672.0 ], [ 2208865.0, 5061687.0 ], [ 2208860.0, 5061690.0 ], [ 2208855.0, 5061693.0 ], [ 2208824.0, 5061711.0 ], [ 2208817.0, 5061715.0 ], [ 2208821.0, 5061721.0 ], [ 2208823.0, 5061724.0 ], [ 2208836.0, 5061744.0 ], [ 2208852.0, 5061763.0 ], [ 2208851.0, 5061764.0 ], [ 2208831.0, 5061778.0 ], [ 2208822.0, 5061785.0 ] ] ] } },
{ "type": "Feature", "properties": { "betweenness_centrality": "0.007524752475247525", "source": "12076184584.0", "target": "6300665472.0", "ordering_betweenness_centrality": "182", "length": 2622, "length_cumulative": 295501 }, "geometry": { "type": "LineString", "coordinates": [ [ 2205778.0, 5057554.0 ], [ 2205783.0, 5057548.0 ], [ 2205785.0, 5057546.0 ], [ 2205807.0, 5057523.0 ], [ 2205819.0, 5057511.0 ], [ 2205838.0, 5057497.0 ], [ 2205847.0, 5057490.0 ], [ 2205865.0, 5057509.0 ], [ 2205894.0, 5057532.0 ], [ 2205900.0, 5057538.0 ], [ 2205906.0, 5057542.0 ], [ 2205912.0, 5057544.0 ], [ 2205919.0, 5057545.0 ], [ 2205927.0, 5057545.0 ], [ 2205935.0, 5057544.0 ], [ 2205943.0, 5057542.0 ], [ 2205952.0, 5057539.0 ], [ 2205998.0, 5057512.0 ], [ 2206014.0, 5057505.0 ], [ 2206031.0, 5057503.0 ], [ 2206038.0, 5057500.0 ], [ 2206050.0, 5057493.0 ], [ 2206065.0, 5057486.0 ], [ 2206081.0, 5057480.0 ], [ 2206101.0, 5057473.0 ], [ 2206121.0, 5057466.0 ], [ 2206140.0, 5057462.0 ], [ 2206162.0, 5057458.0 ], [ 2206186.0, 5057455.0 ], [ 2206215.0, 5057453.0 ], [ 2206250.0, 5057454.0 ], [ 2206281.0, 5057455.0 ], [ 2206302.0, 5057455.0 ], [ 2206322.0, 5057455.0 ], [ 2206351.0, 5057454.0 ], [ 2206382.0, 5057452.0 ], [ 2206406.0, 5057450.0 ], [ 2206438.0, 5057447.0 ], [ 2206466.0, 5057443.0 ], [ 2206503.0, 5057437.0 ], [ 2206534.0, 5057431.0 ], [ 2206601.0, 5057416.0 ], [ 2206638.0, 5057405.0 ], [ 2206677.0, 5057393.0 ], [ 2206775.0, 5057363.0 ], [ 2206845.0, 5057340.0 ], [ 2206887.0, 5057325.0 ], [ 2206927.0, 5057309.0 ], [ 2206973.0, 5057290.0 ], [ 2207016.0, 5057271.0 ], [ 2207090.0, 5057235.0 ], [ 2207136.0, 5057211.0 ], [ 2207201.0, 5057175.0 ], [ 2207234.0, 5057158.0 ], [ 2207256.0, 5057150.0 ], [ 2207280.0, 5057142.0 ], [ 2207310.0, 5057134.0 ], [ 2207341.0, 5057129.0 ], [ 2207372.0, 5057126.0 ], [ 2207403.0, 5057126.0 ], [ 2207418.0, 5057126.0 ], [ 2207435.0, 5057127.0 ], [ 2207465.0, 5057131.0 ], [ 2207496.0, 5057137.0 ], [ 2207509.0, 5057141.0 ], [ 2207527.0, 5057146.0 ], [ 2207546.0, 5057153.0 ], [ 2207568.0, 5057161.0 ], [ 2207629.0, 5057185.0 ], [ 2207696.0, 5057210.0 ], [ 2207731.0, 5057224.0 ], [ 2207750.0, 5057231.0 ], [ 2207765.0, 5057236.0 ], [ 2207781.0, 5057240.0 ], [ 2207795.0, 5057244.0 ], [ 2207816.0, 5057248.0 ], [ 2207837.0, 5057251.0 ], [ 2207868.0, 5057253.0 ], [ 2207882.0, 5057248.0 ], [ 2207913.0, 5057244.0 ], [ 2207942.0, 5057239.0 ], [ 2207975.0, 5057232.0 ], [ 2208032.0, 5057217.0 ], [ 2208062.0, 5057206.0 ], [ 2208069.0, 5057200.0 ], [ 2208071.0, 5057206.0 ], [ 2208071.0, 5057213.0 ], [ 2208073.0, 5057218.0 ], [ 2208077.0, 5057226.0 ], [ 2208081.0, 5057232.0 ], [ 2208084.0, 5057235.0 ], [ 2208085.0, 5057243.0 ], [ 2208096.0, 5057245.0 ], [ 2208104.0, 5057248.0 ], [ 2208112.0, 5057256.0 ], [ 2208115.0, 5057260.0 ], [ 2208125.0, 5057283.0 ], [ 2208124.0, 5057285.0 ], [ 2208128.0, 5057292.0 ], [ 2208124.0, 5057294.0 ], [ 2208128.0, 5057303.0 ], [ 2208146.0, 5057346.0 ] ] } },
{ "type": "Feature", "properties": { "betweenness_centrality": "0.007326732673267327", "source": "4545060037.0", "target": "6315664514.0", "ordering_betweenness_centrality": "183", "length": 5, "length_cumulative": 295506 }, "geometry": { "type": "LineString", "coordinates": [ [ 2206657.0, 5059630.0 ], [ 2206656.0, 5059635.0 ] ] } },
{ "type": "Feature", "properties": { "betweenness_centrality": "0.007326732673267327", "source": "3227142894.0", "target": "1843585054.0", "ordering_betweenness_centrality": "184", "length": 560, "length_cumulative": 296066 }, "geometry": { "type": "MultiLineString", "coordinates": [ [ [ 2206920.0, 5062205.0 ], [ 2206917.0, 5062206.0 ], [ 2206912.0, 5062209.0 ], [ 2206902.0, 5062217.0 ], [ 2206898.0, 5062223.0 ], [ 2206882.0, 5062247.0 ], [ 2206875.0, 5062256.0 ], [ 2206859.0, 5062280.0 ], [ 2206847.0, 5062297.0 ], [ 2206833.0, 5062315.0 ], [ 2206813.0, 5062343.0 ], [ 2206798.0, 5062366.0 ], [ 2206783.0, 5062398.0 ] ], [ [ 2206811.0, 5062409.0 ], [ 2206800.0, 5062441.0 ], [ 2206790.0, 5062468.0 ], [ 2206787.0, 5062476.0 ], [ 2206774.0, 5062503.0 ], [ 2206765.0, 5062523.0 ], [ 2206762.0, 5062529.0 ], [ 2206757.0, 5062538.0 ], [ 2206751.0, 5062548.0 ], [ 2206738.0, 5062540.0 ], [ 2206714.0, 5062525.0 ], [ 2206695.0, 5062509.0 ], [ 2206686.0, 5062520.0 ], [ 2206684.0, 5062523.0 ], [ 2206682.0, 5062526.0 ], [ 2206672.0, 5062539.0 ], [ 2206680.0, 5062545.0 ], [ 2206666.0, 5062565.0 ], [ 2206638.0, 5062563.0 ] ] ] } },
{ "type": "Feature", "properties": { "betweenness_centrality": "0.006930693069306931", "source": "11342006038.0", "target": "6879536410.0", "ordering_betweenness_centrality": "185", "length": 3648, "length_cumulative": 299715 }, "geometry": { "type": "MultiLineString", "coordinates": [ [ [ 2204902.0, 5063732.0 ], [ 2204900.0, 5063726.0 ], [ 2204900.0, 5063721.0 ], [ 2204901.0, 5063716.0 ], [ 2204904.0, 5063711.0 ], [ 2204918.0, 5063690.0 ], [ 2204922.0, 5063685.0 ], [ 2204915.0, 5063680.0 ], [ 2204907.0, 5063674.0 ], [ 2204885.0, 5063660.0 ], [ 2204860.0, 5063646.0 ], [ 2204852.0, 5063641.0 ], [ 2204818.0, 5063622.0 ], [ 2204735.0, 5063574.0 ], [ 2204694.0, 5063552.0 ], [ 2204664.0, 5063537.0 ], [ 2204636.0, 5063524.0 ], [ 2204609.0, 5063511.0 ], [ 2204581.0, 5063498.0 ], [ 2204532.0, 5063478.0 ], [ 2204497.0, 5063465.0 ], [ 2204493.0, 5063463.0 ], [ 2204457.0, 5063451.0 ], [ 2204422.0, 5063440.0 ], [ 2204370.0, 5063425.0 ], [ 2204339.0, 5063417.0 ], [ 2204312.0, 5063411.0 ], [ 2204270.0, 5063402.0 ], [ 2204246.0, 5063397.0 ], [ 2204222.0, 5063393.0 ], [ 2204190.0, 5063388.0 ], [ 2204155.0, 5063383.0 ], [ 2204113.0, 5063379.0 ], [ 2204073.0, 5063376.0 ], [ 2204026.0, 5063372.0 ], [ 2203901.0, 5063362.0 ], [ 2203873.0, 5063360.0 ], [ 2203766.0, 5063352.0 ], [ 2203701.0, 5063346.0 ], [ 2203668.0, 5063344.0 ], [ 2203608.0, 5063338.0 ], [ 2203568.0, 5063335.0 ] ], [ [ 2203550.0, 5063411.0 ], [ 2203533.0, 5063408.0 ], [ 2203487.0, 5063408.0 ], [ 2203481.0, 5063410.0 ], [ 2203477.0, 5063413.0 ], [ 2203436.0, 5063487.0 ], [ 2203413.0, 5063527.0 ], [ 2203402.0, 5063546.0 ], [ 2203398.0, 5063552.0 ], [ 2203394.0, 5063555.0 ], [ 2203388.0, 5063560.0 ], [ 2203379.0, 5063563.0 ], [ 2203365.0, 5063567.0 ] ], [ [ 2201010.0, 5064563.0 ], [ 2201005.0, 5064569.0 ], [ 2201020.0, 5064585.0 ], [ 2201036.0, 5064602.0 ], [ 2201056.0, 5064619.0 ], [ 2201083.0, 5064640.0 ], [ 2201105.0, 5064658.0 ], [ 2201255.0, 5064778.0 ], [ 2201278.0, 5064799.0 ], [ 2201291.0, 5064817.0 ], [ 2201297.0, 5064825.0 ], [ 2201305.0, 5064840.0 ], [ 2201310.0, 5064855.0 ], [ 2201313.0, 5064857.0 ], [ 2201314.0, 5064860.0 ], [ 2201315.0, 5064863.0 ], [ 2201315.0, 5064866.0 ], [ 2201314.0, 5064869.0 ], [ 2201326.0, 5064882.0 ], [ 2201336.0, 5064901.0 ], [ 2201347.0, 5064919.0 ], [ 2201352.0, 5064927.0 ], [ 2201380.0, 5064967.0 ], [ 2201507.0, 5065144.0 ], [ 2201508.0, 5065159.0 ], [ 2201509.0, 5065176.0 ], [ 2201513.0, 5065208.0 ], [ 2201518.0, 5065217.0 ], [ 2201524.0, 5065224.0 ], [ 2201530.0, 5065229.0 ], [ 2201540.0, 5065233.0 ], [ 2201547.0, 5065236.0 ], [ 2201551.0, 5065240.0 ], [ 2201552.0, 5065246.0 ], [ 2201549.0, 5065273.0 ], [ 2201547.0, 5065296.0 ], [ 2201545.0, 5065322.0 ], [ 2201543.0, 5065344.0 ], [ 2201534.0, 5065397.0 ], [ 2201534.0, 5065400.0 ], [ 2201531.0, 5065419.0 ], [ 2201529.0, 5065435.0 ], [ 2201529.0, 5065453.0 ], [ 2201530.0, 5065468.0 ], [ 2201530.0, 5065472.0 ], [ 2201529.0, 5065477.0 ], [ 2201525.0, 5065486.0 ], [ 2201528.0, 5065487.0 ], [ 2201553.0, 5065496.0 ], [ 2201566.0, 5065500.0 ], [ 2201582.0, 5065506.0 ], [ 2201588.0, 5065508.0 ], [ 2201628.0, 5065521.0 ], [ 2201691.0, 5065544.0 ], [ 2201751.0, 5065567.0 ], [ 2201809.0, 5065588.0 ], [ 2201817.0, 5065590.0 ], [ 2201818.0, 5065594.0 ], [ 2201836.0, 5065600.0 ], [ 2201847.0, 5065598.0 ], [ 2201853.0, 5065602.0 ], [ 2201871.0, 5065613.0 ], [ 2201882.0, 5065620.0 ], [ 2201899.0, 5065624.0 ], [ 2201910.0, 5065632.0 ], [ 2201916.0, 5065644.0 ], [ 2201921.0, 5065661.0 ], [ 2201922.0, 5065674.0 ], [ 2201920.0, 5065683.0 ], [ 2201919.0, 5065692.0 ], [ 2201920.0, 5065704.0 ], [ 2201910.0, 5065761.0 ], [ 2201908.0, 5065790.0 ], [ 2201911.0, 5065795.0 ], [ 2201899.0, 5065862.0 ], [ 2201906.0, 5065870.0 ], [ 2201916.0, 5065925.0 ], [ 2201939.0, 5065955.0 ] ] ] } },
{ "type": "Feature", "properties": { "betweenness_centrality": "0.0067326732673267334", "source": "2070101512.0", "target": "9919851386.0", "ordering_betweenness_centrality": "186", "length": 1601, "length_cumulative": 301316 }, "geometry": { "type": "MultiLineString", "coordinates": [ [ [ 2202361.0, 5061433.0 ], [ 2202343.0, 5061466.0 ], [ 2202329.0, 5061497.0 ], [ 2202316.0, 5061528.0 ], [ 2202285.0, 5061611.0 ], [ 2202280.0, 5061627.0 ], [ 2202275.0, 5061641.0 ], [ 2202266.0, 5061682.0 ], [ 2202260.0, 5061717.0 ], [ 2202258.0, 5061746.0 ], [ 2202257.0, 5061794.0 ], [ 2202258.0, 5061825.0 ], [ 2202262.0, 5061856.0 ], [ 2202268.0, 5061888.0 ], [ 2202272.0, 5061908.0 ], [ 2202276.0, 5061925.0 ], [ 2202282.0, 5061943.0 ], [ 2202293.0, 5061976.0 ], [ 2202307.0, 5062007.0 ], [ 2202330.0, 5062046.0 ], [ 2202355.0, 5062090.0 ], [ 2202368.0, 5062108.0 ], [ 2202465.0, 5062247.0 ], [ 2202514.0, 5062317.0 ], [ 2202547.0, 5062362.0 ], [ 2202563.0, 5062379.0 ], [ 2202590.0, 5062414.0 ], [ 2202601.0, 5062433.0 ], [ 2202610.0, 5062447.0 ], [ 2202620.0, 5062463.0 ], [ 2202622.0, 5062466.0 ] ], [ [ 2202622.0, 5062466.0 ], [ 2202628.0, 5062477.0 ], [ 2202635.0, 5062488.0 ], [ 2202647.0, 5062509.0 ], [ 2202588.0, 5062541.0 ], [ 2202599.0, 5062557.0 ] ], [ [ 2202599.0, 5062557.0 ], [ 2202601.0, 5062562.0 ], [ 2202660.0, 5062656.0 ], [ 2202681.0, 5062690.0 ], [ 2202750.0, 5062792.0 ], [ 2202759.0, 5062809.0 ], [ 2202756.0, 5062816.0 ] ] ] } },
{ "type": "Feature", "properties": { "betweenness_centrality": "0.006336633663366337", "source": "1859403463.0", "target": "3227142894.0", "ordering_betweenness_centrality": "187", "length": 414, "length_cumulative": 301731 }, "geometry": { "type": "MultiLineString", "coordinates": [ [ [ 2206914.0, 5062176.0 ], [ 2206891.0, 5062125.0 ], [ 2206905.0, 5062115.0 ], [ 2206921.0, 5062102.0 ], [ 2206938.0, 5062086.0 ], [ 2206953.0, 5062071.0 ], [ 2206969.0, 5062055.0 ], [ 2206988.0, 5062036.0 ], [ 2207011.0, 5062012.0 ], [ 2207029.0, 5061991.0 ], [ 2207047.0, 5061968.0 ], [ 2207058.0, 5061954.0 ], [ 2207072.0, 5061933.0 ], [ 2207078.0, 5061924.0 ], [ 2207105.0, 5061878.0 ] ], [ [ 2207105.0, 5061878.0 ], [ 2207119.0, 5061852.0 ] ] ] } },
{ "type": "Feature", "properties": { "betweenness_centrality": "0.006336633663366337", "source": "6938359653.0", "target": "4676676789.0", "ordering_betweenness_centrality": "188", "length": 504, "length_cumulative": 302235 }, "geometry": { "type": "MultiLineString", "coordinates": [ [ [ 2204082.0, 5059562.0 ], [ 2204082.0, 5059571.0 ], [ 2204081.0, 5059581.0 ], [ 2204077.0, 5059596.0 ] ], [ [ 2204077.0, 5059596.0 ], [ 2204063.0, 5059637.0 ], [ 2204052.0, 5059668.0 ], [ 2204044.0, 5059691.0 ], [ 2204038.0, 5059706.0 ], [ 2204035.0, 5059715.0 ], [ 2204033.0, 5059721.0 ], [ 2204018.0, 5059761.0 ], [ 2204017.0, 5059764.0 ], [ 2204015.0, 5059772.0 ], [ 2204010.0, 5059784.0 ], [ 2204006.0, 5059794.0 ], [ 2203978.0, 5059870.0 ], [ 2203983.0, 5059872.0 ], [ 2203952.0, 5059955.0 ], [ 2203946.0, 5059974.0 ], [ 2204005.0, 5059997.0 ] ] ] } },
{ "type": "Feature", "properties": { "betweenness_centrality": "0.006336633663366337", "source": "11968073790.0", "target": "3184343523.0", "ordering_betweenness_centrality": "189", "length": 19, "length_cumulative": 302255 }, "geometry": { "type": "LineString", "coordinates": [ [ 2207573.0, 5059362.0 ], [ 2207578.0, 5059378.0 ], [ 2207580.0, 5059381.0 ] ] } },
{ "type": "Feature", "properties": { "betweenness_centrality": "0.005940594059405941", "source": "12076184584.0", "target": "2379543870.0", "ordering_betweenness_centrality": "191", "length": 45, "length_cumulative": 302300 }, "geometry": { "type": "LineString", "coordinates": [ [ 2208582.0, 5057780.0 ], [ 2208587.0, 5057770.0 ], [ 2208587.0, 5057767.0 ], [ 2208588.0, 5057764.0 ], [ 2208590.0, 5057755.0 ], [ 2208591.0, 5057747.0 ], [ 2208591.0, 5057737.0 ] ] } },
{ "type": "Feature", "properties": { "betweenness_centrality": "0.005742574257425743", "source": "6946535684.0", "target": "4663284211.0", "ordering_betweenness_centrality": "192", "length": 825, "length_cumulative": 303125 }, "geometry": { "type": "LineString", "coordinates": [ [ 2204176.0, 5060869.0 ], [ 2204164.0, 5060872.0 ], [ 2204151.0, 5060877.0 ], [ 2204142.0, 5060881.0 ], [ 2204131.0, 5060888.0 ], [ 2204119.0, 5060896.0 ], [ 2204105.0, 5060906.0 ], [ 2204101.0, 5060909.0 ], [ 2204080.0, 5060924.0 ], [ 2204064.0, 5060935.0 ], [ 2204047.0, 5060946.0 ], [ 2204028.0, 5060957.0 ], [ 2204011.0, 5060964.0 ], [ 2203989.0, 5060973.0 ], [ 2203965.0, 5060980.0 ], [ 2203927.0, 5060992.0 ], [ 2203924.0, 5060974.0 ], [ 2203923.0, 5060951.0 ], [ 2203923.0, 5060945.0 ], [ 2203910.0, 5060944.0 ], [ 2203915.0, 5060916.0 ], [ 2203917.0, 5060908.0 ], [ 2203894.0, 5060901.0 ], [ 2203876.0, 5060894.0 ], [ 2203874.0, 5060893.0 ], [ 2203848.0, 5060883.0 ], [ 2203850.0, 5060866.0 ], [ 2203849.0, 5060838.0 ], [ 2203856.0, 5060817.0 ], [ 2203834.0, 5060791.0 ], [ 2203832.0, 5060786.0 ], [ 2203819.0, 5060762.0 ], [ 2203813.0, 5060759.0 ], [ 2203813.0, 5060748.0 ], [ 2203810.0, 5060747.0 ], [ 2203791.0, 5060742.0 ], [ 2203793.0, 5060731.0 ], [ 2203796.0, 5060718.0 ], [ 2203801.0, 5060702.0 ], [ 2203788.0, 5060700.0 ], [ 2203797.0, 5060664.0 ], [ 2203802.0, 5060641.0 ], [ 2203803.0, 5060637.0 ], [ 2203805.0, 5060629.0 ], [ 2203791.0, 5060630.0 ], [ 2203795.0, 5060621.0 ], [ 2203802.0, 5060600.0 ], [ 2203776.0, 5060590.0 ] ] } },
{ "type": "Feature", "properties": { "betweenness_centrality": "0.005544554455445545", "source": "9919851386.0", "target": "4607810900.0", "ordering_betweenness_centrality": "193", "length": 615, "length_cumulative": 303741 }, "geometry": { "type": "LineString", "coordinates": [ [ 2202311.0, 5059629.0 ], [ 2202331.0, 5059638.0 ], [ 2202335.0, 5059640.0 ], [ 2202362.0, 5059651.0 ], [ 2202431.0, 5059680.0 ], [ 2202440.0, 5059684.0 ], [ 2202521.0, 5059719.0 ], [ 2202567.0, 5059741.0 ], [ 2202614.0, 5059762.0 ], [ 2202620.0, 5059765.0 ], [ 2202649.0, 5059778.0 ], [ 2202694.0, 5059799.0 ], [ 2202728.0, 5059815.0 ], [ 2202752.0, 5059827.0 ], [ 2202808.0, 5059855.0 ], [ 2202811.0, 5059856.0 ], [ 2202818.0, 5059859.0 ], [ 2202821.0, 5059860.0 ], [ 2202827.0, 5059864.0 ], [ 2202836.0, 5059868.0 ], [ 2202844.0, 5059871.0 ], [ 2202851.0, 5059875.0 ], [ 2202857.0, 5059879.0 ], [ 2202861.0, 5059882.0 ], [ 2202869.0, 5059877.0 ] ] } },
{ "type": "Feature", "properties": { "betweenness_centrality": "0.005346534653465347", "source": "2443530780.0", "target": "1876396733.0", "ordering_betweenness_centrality": "194", "length": 422, "length_cumulative": 304163 }, "geometry": { "type": "MultiLineString", "coordinates": [ [ [ 2207223.0, 5060831.0 ], [ 2207228.0, 5060821.0 ], [ 2207230.0, 5060816.0 ] ], [ [ 2207230.0, 5060816.0 ], [ 2207234.0, 5060811.0 ] ], [ [ 2207234.0, 5060811.0 ], [ 2207237.0, 5060807.0 ], [ 2207260.0, 5060785.0 ], [ 2207263.0, 5060782.0 ], [ 2207265.0, 5060780.0 ], [ 2207274.0, 5060773.0 ], [ 2207270.0, 5060769.0 ], [ 2207275.0, 5060764.0 ], [ 2207270.0, 5060758.0 ], [ 2207225.0, 5060704.0 ], [ 2207241.0, 5060688.0 ], [ 2207199.0, 5060640.0 ], [ 2207196.0, 5060636.0 ] ], [ [ 2207196.0, 5060636.0 ], [ 2207207.0, 5060635.0 ], [ 2207228.0, 5060631.0 ], [ 2207266.0, 5060626.0 ] ], [ [ 2207295.0, 5060585.0 ], [ 2207341.0, 5060581.0 ], [ 2207341.0, 5060537.0 ] ] ] } },
{ "type": "Feature", "properties": { "betweenness_centrality": "0.005346534653465347", "source": "3377273792.0", "target": "4653389036.0", "ordering_betweenness_centrality": "195", "length": 366, "length_cumulative": 304530 }, "geometry": { "type": "LineString", "coordinates": [ [ 2205995.0, 5060484.0 ], [ 2205997.0, 5060477.0 ], [ 2205999.0, 5060469.0 ], [ 2206034.0, 5060321.0 ], [ 2206044.0, 5060273.0 ], [ 2206057.0, 5060214.0 ], [ 2206065.0, 5060216.0 ], [ 2206068.0, 5060200.0 ], [ 2206070.0, 5060193.0 ], [ 2206070.0, 5060191.0 ], [ 2206078.0, 5060148.0 ], [ 2206079.0, 5060144.0 ], [ 2206081.0, 5060136.0 ] ] } },
{ "type": "Feature", "properties": { "betweenness_centrality": "0.0049504950495049506", "source": "4512764752.0", "target": "6388434839.0", "ordering_betweenness_centrality": "197", "length": 612, "length_cumulative": 305143 }, "geometry": { "type": "MultiLineString", "coordinates": [ [ [ 2209085.0, 5064294.0 ], [ 2209087.0, 5064286.0 ], [ 2209089.0, 5064282.0 ], [ 2209090.0, 5064280.0 ], [ 2209089.0, 5064272.0 ], [ 2209087.0, 5064262.0 ], [ 2209087.0, 5064252.0 ], [ 2209089.0, 5064242.0 ], [ 2209091.0, 5064236.0 ], [ 2209094.0, 5064230.0 ], [ 2209096.0, 5064223.0 ], [ 2209095.0, 5064213.0 ], [ 2209095.0, 5064207.0 ], [ 2209093.0, 5064196.0 ], [ 2209090.0, 5064188.0 ], [ 2209087.0, 5064183.0 ], [ 2209082.0, 5064176.0 ], [ 2209077.0, 5064171.0 ], [ 2209072.0, 5064168.0 ], [ 2209067.0, 5064164.0 ], [ 2209056.0, 5064162.0 ], [ 2209043.0, 5064157.0 ], [ 2209037.0, 5064154.0 ], [ 2209033.0, 5064151.0 ], [ 2209029.0, 5064147.0 ], [ 2209025.0, 5064140.0 ], [ 2209020.0, 5064127.0 ], [ 2209011.0, 5064099.0 ], [ 2209009.0, 5064083.0 ], [ 2209006.0, 5064049.0 ], [ 2209005.0, 5064023.0 ], [ 2209000.0, 5064004.0 ], [ 2208995.0, 5063984.0 ], [ 2208984.0, 5063958.0 ], [ 2208966.0, 5063914.0 ], [ 2208972.0, 5063913.0 ], [ 2209013.0, 5063900.0 ] ], [ [ 2208988.0, 5063825.0 ], [ 2209009.0, 5063783.0 ], [ 2208982.0, 5063769.0 ], [ 2208985.0, 5063762.0 ], [ 2208987.0, 5063753.0 ], [ 2208993.0, 5063713.0 ] ] ] } },
{ "type": "Feature", "properties": { "betweenness_centrality": "0.004752475247524753", "source": "571094212.0", "target": "4663179987.0", "ordering_betweenness_centrality": "198", "length": 257, "length_cumulative": 305400 }, "geometry": { "type": "LineString", "coordinates": [ [ 2207951.0, 5061311.0 ], [ 2207955.0, 5061286.0 ], [ 2207959.0, 5061272.0 ], [ 2207962.0, 5061265.0 ], [ 2207966.0, 5061262.0 ], [ 2207969.0, 5061249.0 ], [ 2207971.0, 5061240.0 ], [ 2207966.0, 5061236.0 ], [ 2207963.0, 5061232.0 ], [ 2207964.0, 5061222.0 ], [ 2207969.0, 5061190.0 ], [ 2207975.0, 5061186.0 ], [ 2207979.0, 5061187.0 ], [ 2207981.0, 5061182.0 ], [ 2207984.0, 5061174.0 ], [ 2207987.0, 5061176.0 ], [ 2208004.0, 5061128.0 ], [ 2208021.0, 5061134.0 ], [ 2208023.0, 5061129.0 ], [ 2208026.0, 5061122.0 ], [ 2208032.0, 5061105.0 ] ] } },
{ "type": "Feature", "properties": { "betweenness_centrality": "0.004554455445544555", "source": "1843562326.0", "target": "6315664514.0", "ordering_betweenness_centrality": "199", "length": 622, "length_cumulative": 306023 }, "geometry": { "type": "LineString", "coordinates": [ [ 2206336.0, 5060189.0 ], [ 2206342.0, 5060191.0 ], [ 2206349.0, 5060192.0 ], [ 2206372.0, 5060197.0 ], [ 2206481.0, 5060220.0 ], [ 2206531.0, 5060231.0 ], [ 2206586.0, 5060242.0 ], [ 2206600.0, 5060245.0 ], [ 2206602.0, 5060234.0 ], [ 2206605.0, 5060218.0 ], [ 2206609.0, 5060200.0 ], [ 2206610.0, 5060194.0 ], [ 2206614.0, 5060174.0 ], [ 2206620.0, 5060175.0 ], [ 2206627.0, 5060177.0 ], [ 2206740.0, 5060201.0 ], [ 2206853.0, 5060225.0 ], [ 2206861.0, 5060226.0 ], [ 2206869.0, 5060228.0 ], [ 2206880.0, 5060229.0 ], [ 2206888.0, 5060227.0 ] ] } },
{ "type": "Feature", "properties": { "betweenness_centrality": "0.004554455445544555", "source": "1877231671.0", "target": "12053076559.0", "ordering_betweenness_centrality": "200", "length": 765, "length_cumulative": 306788 }, "geometry": { "type": "MultiLineString", "coordinates": [ [ [ 2208453.0, 5062366.0 ], [ 2208430.0, 5062397.0 ], [ 2208414.0, 5062415.0 ], [ 2208412.0, 5062422.0 ], [ 2208420.0, 5062426.0 ], [ 2208445.0, 5062441.0 ], [ 2208455.0, 5062446.0 ], [ 2208437.0, 5062474.0 ], [ 2208430.0, 5062477.0 ], [ 2208406.0, 5062517.0 ], [ 2208412.0, 5062524.0 ], [ 2208415.0, 5062546.0 ], [ 2208412.0, 5062557.0 ], [ 2208418.0, 5062576.0 ], [ 2208419.0, 5062580.0 ], [ 2208422.0, 5062583.0 ], [ 2208429.0, 5062586.0 ], [ 2208422.0, 5062598.0 ], [ 2208419.0, 5062602.0 ], [ 2208417.0, 5062605.0 ], [ 2208406.0, 5062623.0 ], [ 2208394.0, 5062643.0 ], [ 2208386.0, 5062657.0 ], [ 2208490.0, 5062717.0 ], [ 2208515.0, 5062731.0 ], [ 2208523.0, 5062735.0 ], [ 2208605.0, 5062781.0 ] ], [ [ 2208605.0, 5062781.0 ], [ 2208656.0, 5062810.0 ], [ 2208732.0, 5062853.0 ] ] ] } },
{ "type": "Feature", "properties": { "betweenness_centrality": "0.004554455445544555", "source": "2379543870.0", "target": "4621966541.0", "ordering_betweenness_centrality": "201", "length": 1636, "length_cumulative": 308424 }, "geometry": { "type": "MultiLineString", "coordinates": [ [ [ 2207670.0, 5059563.0 ], [ 2207697.0, 5059579.0 ], [ 2207699.0, 5059580.0 ], [ 2207729.0, 5059597.0 ], [ 2207770.0, 5059620.0 ], [ 2207778.0, 5059626.0 ], [ 2207783.0, 5059632.0 ], [ 2207799.0, 5059654.0 ], [ 2207827.0, 5059652.0 ], [ 2207873.0, 5059648.0 ], [ 2207899.0, 5059666.0 ], [ 2207903.0, 5059668.0 ], [ 2207908.0, 5059672.0 ], [ 2207912.0, 5059676.0 ], [ 2207916.0, 5059680.0 ], [ 2207920.0, 5059684.0 ], [ 2207927.0, 5059691.0 ], [ 2207929.0, 5059693.0 ], [ 2207930.0, 5059695.0 ], [ 2207931.0, 5059696.0 ], [ 2207932.0, 5059698.0 ], [ 2207934.0, 5059714.0 ], [ 2207937.0, 5059715.0 ], [ 2207940.0, 5059716.0 ], [ 2207951.0, 5059715.0 ], [ 2207955.0, 5059715.0 ], [ 2207957.0, 5059713.0 ], [ 2207958.0, 5059712.0 ], [ 2207963.0, 5059711.0 ], [ 2207966.0, 5059711.0 ], [ 2207988.0, 5059709.0 ], [ 2207991.0, 5059709.0 ], [ 2207994.0, 5059709.0 ], [ 2207995.0, 5059710.0 ], [ 2207997.0, 5059710.0 ], [ 2207998.0, 5059711.0 ], [ 2207999.0, 5059712.0 ], [ 2208000.0, 5059716.0 ], [ 2208001.0, 5059718.0 ], [ 2208001.0, 5059720.0 ], [ 2208006.0, 5059722.0 ], [ 2208013.0, 5059724.0 ], [ 2208013.0, 5059728.0 ], [ 2208017.0, 5059756.0 ], [ 2208062.0, 5059788.0 ], [ 2208071.0, 5059795.0 ], [ 2208073.0, 5059810.0 ], [ 2208077.0, 5059810.0 ], [ 2208081.0, 5059809.0 ], [ 2208083.0, 5059821.0 ], [ 2208099.0, 5059819.0 ], [ 2208106.0, 5059818.0 ], [ 2208118.0, 5059816.0 ], [ 2208130.0, 5059833.0 ], [ 2208137.0, 5059833.0 ], [ 2208143.0, 5059832.0 ], [ 2208147.0, 5059831.0 ], [ 2208150.0, 5059849.0 ], [ 2208152.0, 5059856.0 ], [ 2208191.0, 5059845.0 ], [ 2208198.0, 5059843.0 ], [ 2208206.0, 5059841.0 ], [ 2208213.0, 5059839.0 ], [ 2208230.0, 5059836.0 ], [ 2208231.0, 5059839.0 ], [ 2208236.0, 5059855.0 ], [ 2208241.0, 5059867.0 ], [ 2208245.0, 5059886.0 ], [ 2208247.0, 5059900.0 ], [ 2208250.0, 5059916.0 ], [ 2208255.0, 5059943.0 ], [ 2208258.0, 5059946.0 ], [ 2208264.0, 5059954.0 ], [ 2208266.0, 5059955.0 ], [ 2208270.0, 5059998.0 ], [ 2208273.0, 5060007.0 ], [ 2208272.0, 5060009.0 ], [ 2208271.0, 5060015.0 ], [ 2208260.0, 5060080.0 ], [ 2208255.0, 5060095.0 ], [ 2208253.0, 5060106.0 ], [ 2208255.0, 5060126.0 ], [ 2208259.0, 5060153.0 ] ], [ [ 2208259.0, 5060153.0 ], [ 2208260.0, 5060161.0 ], [ 2208260.0, 5060164.0 ], [ 2208263.0, 5060170.0 ], [ 2208266.0, 5060178.0 ], [ 2208272.0, 5060183.0 ], [ 2208282.0, 5060186.0 ], [ 2208297.0, 5060190.0 ], [ 2208305.0, 5060191.0 ], [ 2208313.0, 5060192.0 ], [ 2208330.0, 5060198.0 ], [ 2208345.0, 5060204.0 ], [ 2208356.0, 5060210.0 ], [ 2208362.0, 5060212.0 ], [ 2208365.0, 5060213.0 ], [ 2208368.0, 5060214.0 ], [ 2208372.0, 5060215.0 ], [ 2208375.0, 5060215.0 ], [ 2208379.0, 5060215.0 ], [ 2208384.0, 5060214.0 ], [ 2208389.0, 5060213.0 ], [ 2208397.0, 5060211.0 ], [ 2208415.0, 5060208.0 ], [ 2208435.0, 5060204.0 ], [ 2208440.0, 5060203.0 ], [ 2208446.0, 5060203.0 ], [ 2208455.0, 5060203.0 ], [ 2208464.0, 5060203.0 ], [ 2208482.0, 5060204.0 ], [ 2208498.0, 5060204.0 ], [ 2208495.0, 5060225.0 ], [ 2208495.0, 5060230.0 ], [ 2208495.0, 5060232.0 ], [ 2208495.0, 5060235.0 ], [ 2208497.0, 5060238.0 ], [ 2208500.0, 5060240.0 ], [ 2208502.0, 5060243.0 ], [ 2208506.0, 5060245.0 ], [ 2208508.0, 5060246.0 ], [ 2208511.0, 5060247.0 ], [ 2208517.0, 5060249.0 ], [ 2208531.0, 5060253.0 ], [ 2208544.0, 5060257.0 ], [ 2208557.0, 5060261.0 ], [ 2208564.0, 5060263.0 ], [ 2208570.0, 5060265.0 ], [ 2208576.0, 5060265.0 ], [ 2208583.0, 5060266.0 ], [ 2208590.0, 5060265.0 ], [ 2208596.0, 5060264.0 ], [ 2208610.0, 5060261.0 ], [ 2208638.0, 5060257.0 ], [ 2208641.0, 5060259.0 ], [ 2208645.0, 5060275.0 ], [ 2208645.0, 5060279.0 ], [ 2208636.0, 5060290.0 ], [ 2208631.0, 5060300.0 ], [ 2208630.0, 5060302.0 ], [ 2208629.0, 5060305.0 ], [ 2208626.0, 5060310.0 ], [ 2208622.0, 5060321.0 ], [ 2208624.0, 5060323.0 ], [ 2208625.0, 5060324.0 ], [ 2208626.0, 5060326.0 ], [ 2208628.0, 5060329.0 ], [ 2208629.0, 5060332.0 ], [ 2208631.0, 5060339.0 ], [ 2208636.0, 5060351.0 ], [ 2208641.0, 5060363.0 ], [ 2208645.0, 5060376.0 ] ] ] } },
{ "type": "Feature", "properties": { "betweenness_centrality": "0.004356435643564357", "source": "9919851386.0", "target": "11780733370.0", "ordering_betweenness_centrality": "202", "length": 1217, "length_cumulative": 309642 }, "geometry": { "type": "MultiLineString", "coordinates": [ [ [ 2202824.0, 5059854.0 ], [ 2202808.0, 5059847.0 ], [ 2202777.0, 5059832.0 ], [ 2202765.0, 5059825.0 ], [ 2202756.0, 5059820.0 ], [ 2202751.0, 5059817.0 ], [ 2202744.0, 5059814.0 ], [ 2202693.0, 5059791.0 ], [ 2202623.0, 5059760.0 ], [ 2202433.0, 5059674.0 ], [ 2202368.0, 5059645.0 ], [ 2202365.0, 5059644.0 ], [ 2202340.0, 5059632.0 ] ], [ [ 2202258.0, 5059596.0 ], [ 2202220.0, 5059581.0 ], [ 2202186.0, 5059567.0 ], [ 2202157.0, 5059554.0 ], [ 2202089.0, 5059526.0 ], [ 2202049.0, 5059508.0 ], [ 2201962.0, 5059473.0 ], [ 2201934.0, 5059461.0 ], [ 2201884.0, 5059441.0 ], [ 2201877.0, 5059437.0 ], [ 2201868.0, 5059434.0 ], [ 2201867.0, 5059434.0 ], [ 2201693.0, 5059363.0 ], [ 2201632.0, 5059339.0 ] ], [ [ 2201206.0, 5059159.0 ], [ 2201203.0, 5059168.0 ] ] ] } },
{ "type": "Feature", "properties": { "betweenness_centrality": "0.004356435643564357", "source": "10790019748.0", "target": "4597856176.0", "ordering_betweenness_centrality": "203", "length": 1277, "length_cumulative": 310919 }, "geometry": { "type": "MultiLineString", "coordinates": [ [ [ 2202558.0, 5062494.0 ], [ 2202571.0, 5062514.0 ], [ 2202635.0, 5062488.0 ] ], [ [ 2202647.0, 5062509.0 ], [ 2202658.0, 5062528.0 ] ], [ [ 2202658.0, 5062528.0 ], [ 2202661.0, 5062533.0 ], [ 2202666.0, 5062543.0 ], [ 2202697.0, 5062598.0 ], [ 2202703.0, 5062608.0 ], [ 2202722.0, 5062641.0 ], [ 2202742.0, 5062673.0 ], [ 2202794.0, 5062760.0 ], [ 2202815.0, 5062790.0 ], [ 2202823.0, 5062804.0 ], [ 2202868.0, 5062876.0 ], [ 2202889.0, 5062909.0 ], [ 2202903.0, 5062947.0 ], [ 2202912.0, 5062979.0 ], [ 2202923.0, 5063055.0 ], [ 2202922.0, 5063092.0 ], [ 2202919.0, 5063124.0 ], [ 2202925.0, 5063129.0 ], [ 2202932.0, 5063135.0 ], [ 2202939.0, 5063139.0 ], [ 2202940.0, 5063139.0 ] ], [ [ 2202940.0, 5063139.0 ], [ 2203052.0, 5063156.0 ], [ 2203082.0, 5063161.0 ], [ 2203091.0, 5063162.0 ], [ 2203107.0, 5063165.0 ], [ 2203195.0, 5063173.0 ], [ 2203233.0, 5063174.0 ], [ 2203272.0, 5063175.0 ], [ 2203334.0, 5063176.0 ], [ 2203409.0, 5063179.0 ] ] ] } },
{ "type": "Feature", "properties": { "betweenness_centrality": "0.004158415841584159", "source": "4621995118.0", "target": "4622126582.0", "ordering_betweenness_centrality": "204", "length": 124, "length_cumulative": 311044 }, "geometry": { "type": "MultiLineString", "coordinates": [ [ [ 2209604.0, 5061689.0 ], [ 2209603.0, 5061695.0 ], [ 2209603.0, 5061709.0 ], [ 2209603.0, 5061712.0 ], [ 2209604.0, 5061719.0 ] ], [ [ 2209604.0, 5061719.0 ], [ 2209607.0, 5061729.0 ] ], [ [ 2209607.0, 5061729.0 ], [ 2209613.0, 5061727.0 ], [ 2209614.0, 5061730.0 ], [ 2209617.0, 5061738.0 ], [ 2209620.0, 5061744.0 ], [ 2209624.0, 5061750.0 ], [ 2209629.0, 5061756.0 ], [ 2209633.0, 5061759.0 ], [ 2209637.0, 5061762.0 ], [ 2209643.0, 5061766.0 ] ], [ [ 2209643.0, 5061766.0 ], [ 2209645.0, 5061770.0 ] ], [ [ 2209645.0, 5061770.0 ], [ 2209653.0, 5061783.0 ], [ 2209647.0, 5061786.0 ] ] ] } },
{ "type": "Feature", "properties": { "betweenness_centrality": "0.004158415841584159", "source": "4663130882.0", "target": "1877231671.0", "ordering_betweenness_centrality": "205", "length": 478, "length_cumulative": 311522 }, "geometry": { "type": "MultiLineString", "coordinates": [ [ [ 2208266.0, 5061934.0 ], [ 2208260.0, 5061944.0 ], [ 2208251.0, 5061958.0 ], [ 2208249.0, 5061961.0 ] ], [ [ 2208249.0, 5061961.0 ], [ 2208231.0, 5061991.0 ], [ 2208190.0, 5062054.0 ], [ 2208158.0, 5062104.0 ], [ 2208134.0, 5062144.0 ], [ 2208158.0, 5062160.0 ], [ 2208182.0, 5062177.0 ], [ 2208188.0, 5062182.0 ], [ 2208213.0, 5062201.0 ], [ 2208216.0, 5062209.0 ], [ 2208216.0, 5062215.0 ], [ 2208198.0, 5062244.0 ] ], [ [ 2208198.0, 5062244.0 ], [ 2208185.0, 5062268.0 ], [ 2208182.0, 5062284.0 ] ], [ [ 2208297.0, 5062350.0 ], [ 2208332.0, 5062370.0 ] ] ] } },
{ "type": "Feature", "properties": { "betweenness_centrality": "0.004158415841584159", "source": "4623439293.0", "target": "1859403463.0", "ordering_betweenness_centrality": "206", "length": 580, "length_cumulative": 312103 }, "geometry": { "type": "MultiLineString", "coordinates": [ [ [ 2207300.0, 5061727.0 ], [ 2207311.0, 5061704.0 ], [ 2207318.0, 5061691.0 ], [ 2207327.0, 5061674.0 ], [ 2207331.0, 5061666.0 ], [ 2207341.0, 5061645.0 ], [ 2207369.0, 5061591.0 ], [ 2207373.0, 5061585.0 ], [ 2207379.0, 5061588.0 ], [ 2207416.0, 5061520.0 ], [ 2207432.0, 5061491.0 ], [ 2207469.0, 5061428.0 ] ], [ [ 2207388.0, 5061373.0 ], [ 2207391.0, 5061368.0 ], [ 2207395.0, 5061361.0 ], [ 2207414.0, 5061327.0 ] ], [ [ 2207414.0, 5061327.0 ], [ 2207419.0, 5061317.0 ], [ 2207444.0, 5061274.0 ], [ 2207456.0, 5061253.0 ], [ 2207474.0, 5061248.0 ], [ 2207483.0, 5061244.0 ], [ 2207490.0, 5061240.0 ], [ 2207507.0, 5061226.0 ], [ 2207530.0, 5061202.0 ] ] ] } },
{ "type": "Feature", "properties": { "betweenness_centrality": "0.0039603960396039604", "source": "6236284976.0", "target": "1840559248.0", "ordering_betweenness_centrality": "208", "length": 456, "length_cumulative": 312559 }, "geometry": { "type": "MultiLineString", "coordinates": [ [ [ 2203547.0, 5059634.0 ], [ 2203535.0, 5059634.0 ], [ 2203532.0, 5059581.0 ], [ 2203531.0, 5059563.0 ], [ 2203528.0, 5059555.0 ], [ 2203522.0, 5059548.0 ], [ 2203534.0, 5059542.0 ], [ 2203540.0, 5059538.0 ], [ 2203546.0, 5059534.0 ], [ 2203549.0, 5059530.0 ], [ 2203550.0, 5059525.0 ], [ 2203550.0, 5059520.0 ], [ 2203551.0, 5059516.0 ], [ 2203554.0, 5059500.0 ], [ 2203554.0, 5059494.0 ], [ 2203554.0, 5059489.0 ], [ 2203556.0, 5059458.0 ], [ 2203586.0, 5059453.0 ], [ 2203586.0, 5059443.0 ], [ 2203586.0, 5059437.0 ], [ 2203586.0, 5059430.0 ], [ 2203588.0, 5059423.0 ], [ 2203587.0, 5059412.0 ], [ 2203585.0, 5059404.0 ], [ 2203582.0, 5059395.0 ], [ 2203599.0, 5059386.0 ], [ 2203620.0, 5059373.0 ], [ 2203627.0, 5059369.0 ], [ 2203626.0, 5059367.0 ] ], [ [ 2203832.0, 5059202.0 ], [ 2203828.0, 5059198.0 ], [ 2203852.0, 5059176.0 ], [ 2203888.0, 5059144.0 ], [ 2203896.0, 5059135.0 ], [ 2203901.0, 5059128.0 ] ] ] } },
{ "type": "Feature", "properties": { "betweenness_centrality": "0.0039603960396039604", "source": "2070101512.0", "target": "4597856176.0", "ordering_betweenness_centrality": "209", "length": 1142, "length_cumulative": 313702 }, "geometry": { "type": "LineString", "coordinates": [ [ 2202795.0, 5063642.0 ], [ 2202776.0, 5063636.0 ], [ 2202764.0, 5063630.0 ], [ 2202753.0, 5063612.0 ], [ 2202716.0, 5063595.0 ], [ 2202693.0, 5063559.0 ], [ 2202687.0, 5063547.0 ], [ 2202675.0, 5063542.0 ], [ 2202670.0, 5063533.0 ], [ 2202671.0, 5063524.0 ], [ 2202676.0, 5063473.0 ], [ 2202681.0, 5063434.0 ], [ 2202668.0, 5063435.0 ], [ 2202592.0, 5063427.0 ], [ 2202562.0, 5063423.0 ], [ 2202501.0, 5063416.0 ], [ 2202432.0, 5063408.0 ], [ 2202353.0, 5063400.0 ], [ 2202344.0, 5063402.0 ], [ 2202340.0, 5063410.0 ], [ 2202337.0, 5063425.0 ], [ 2202324.0, 5063498.0 ], [ 2202319.0, 5063498.0 ], [ 2202302.0, 5063496.0 ], [ 2202290.0, 5063496.0 ], [ 2202281.0, 5063495.0 ], [ 2202279.0, 5063493.0 ], [ 2202276.0, 5063483.0 ], [ 2202273.0, 5063476.0 ], [ 2202265.0, 5063469.0 ], [ 2202263.0, 5063464.0 ], [ 2202237.0, 5063387.0 ], [ 2202231.0, 5063370.0 ], [ 2202195.0, 5063382.0 ], [ 2202146.0, 5063400.0 ], [ 2202108.0, 5063415.0 ], [ 2202076.0, 5063429.0 ], [ 2202034.0, 5063449.0 ], [ 2202010.0, 5063459.0 ], [ 2201999.0, 5063466.0 ] ] } },
{ "type": "Feature", "properties": { "betweenness_centrality": "0.0037623762376237627", "source": "11688419180.0", "target": "6879536410.0", "ordering_betweenness_centrality": "210", "length": 1160, "length_cumulative": 314862 }, "geometry": { "type": "LineString", "coordinates": [ [ 2201584.0, 5064911.0 ], [ 2201587.0, 5064911.0 ], [ 2201603.0, 5064911.0 ], [ 2201610.0, 5064910.0 ], [ 2201614.0, 5064907.0 ], [ 2201621.0, 5064904.0 ], [ 2201630.0, 5064896.0 ], [ 2201638.0, 5064887.0 ], [ 2201655.0, 5064898.0 ], [ 2201718.0, 5064935.0 ], [ 2201690.0, 5064987.0 ], [ 2201680.0, 5065008.0 ], [ 2201666.0, 5065038.0 ], [ 2201655.0, 5065057.0 ], [ 2201634.0, 5065091.0 ], [ 2201622.0, 5065109.0 ], [ 2201612.0, 5065124.0 ], [ 2201617.0, 5065124.0 ], [ 2201621.0, 5065125.0 ], [ 2201659.0, 5065156.0 ], [ 2201682.0, 5065175.0 ], [ 2201698.0, 5065191.0 ], [ 2201706.0, 5065200.0 ], [ 2201725.0, 5065224.0 ], [ 2201738.0, 5065243.0 ], [ 2201747.0, 5065257.0 ], [ 2201753.0, 5065272.0 ], [ 2201761.0, 5065294.0 ], [ 2201768.0, 5065311.0 ], [ 2201779.0, 5065331.0 ], [ 2201792.0, 5065343.0 ], [ 2201800.0, 5065351.0 ], [ 2201806.0, 5065360.0 ], [ 2201809.0, 5065366.0 ], [ 2201810.0, 5065368.0 ], [ 2201813.0, 5065380.0 ], [ 2201820.0, 5065409.0 ], [ 2201822.0, 5065414.0 ], [ 2201826.0, 5065417.0 ], [ 2201831.0, 5065418.0 ], [ 2201855.0, 5065417.0 ], [ 2201883.0, 5065420.0 ], [ 2201909.0, 5065425.0 ], [ 2201921.0, 5065427.0 ], [ 2201932.0, 5065431.0 ], [ 2201948.0, 5065438.0 ], [ 2201955.0, 5065443.0 ], [ 2201960.0, 5065446.0 ], [ 2201970.0, 5065454.0 ], [ 2201978.0, 5065463.0 ], [ 2201996.0, 5065483.0 ], [ 2201984.0, 5065484.0 ], [ 2201929.0, 5065491.0 ], [ 2201918.0, 5065494.0 ], [ 2201908.0, 5065498.0 ], [ 2201901.0, 5065504.0 ], [ 2201893.0, 5065518.0 ], [ 2201886.0, 5065528.0 ], [ 2201868.0, 5065549.0 ], [ 2201852.0, 5065569.0 ], [ 2201841.0, 5065579.0 ], [ 2201831.0, 5065585.0 ], [ 2201824.0, 5065589.0 ], [ 2201817.0, 5065590.0 ] ] } },
{ "type": "Feature", "properties": { "betweenness_centrality": "0.0037623762376237627", "source": "4585192008.0", "target": "4587023461.0", "ordering_betweenness_centrality": "211", "length": 333, "length_cumulative": 315195 }, "geometry": { "type": "LineString", "coordinates": [ [ 2208720.0, 5063921.0 ], [ 2208715.0, 5063944.0 ], [ 2208710.0, 5063967.0 ], [ 2208697.0, 5064026.0 ], [ 2208688.0, 5064088.0 ], [ 2208681.0, 5064106.0 ], [ 2208674.0, 5064118.0 ], [ 2208649.0, 5064145.0 ], [ 2208643.0, 5064153.0 ], [ 2208639.0, 5064164.0 ], [ 2208639.0, 5064176.0 ], [ 2208642.0, 5064186.0 ], [ 2208654.0, 5064212.0 ], [ 2208664.0, 5064229.0 ] ] } },
{ "type": "Feature", "properties": { "betweenness_centrality": "0.0035643564356435645", "source": "1877231671.0", "target": "4587022384.0", "ordering_betweenness_centrality": "212", "length": 764, "length_cumulative": 315960 }, "geometry": { "type": "LineString", "coordinates": [ [ 2207880.0, 5062966.0 ], [ 2207884.0, 5062960.0 ], [ 2207895.0, 5062966.0 ], [ 2207897.0, 5062963.0 ], [ 2207902.0, 5062958.0 ], [ 2207909.0, 5062951.0 ], [ 2207917.0, 5062946.0 ], [ 2207927.0, 5062940.0 ], [ 2207942.0, 5062923.0 ], [ 2207956.0, 5062905.0 ], [ 2207965.0, 5062897.0 ], [ 2207974.0, 5062891.0 ], [ 2207989.0, 5062882.0 ], [ 2208037.0, 5062806.0 ], [ 2208046.0, 5062791.0 ], [ 2208051.0, 5062783.0 ], [ 2208052.0, 5062782.0 ], [ 2208107.0, 5062696.0 ], [ 2208151.0, 5062629.0 ], [ 2208160.0, 5062615.0 ], [ 2208158.0, 5062603.0 ], [ 2208156.0, 5062589.0 ], [ 2208152.0, 5062575.0 ], [ 2208150.0, 5062572.0 ], [ 2208146.0, 5062563.0 ], [ 2208140.0, 5062553.0 ], [ 2208134.0, 5062544.0 ], [ 2208131.0, 5062540.0 ], [ 2208127.0, 5062537.0 ], [ 2208114.0, 5062526.0 ], [ 2208105.0, 5062520.0 ], [ 2208106.0, 5062516.0 ], [ 2208096.0, 5062506.0 ], [ 2208098.0, 5062503.0 ], [ 2208105.0, 5062492.0 ], [ 2208067.0, 5062469.0 ], [ 2208093.0, 5062426.0 ], [ 2208121.0, 5062377.0 ] ] } },
{ "type": "Feature", "properties": { "betweenness_centrality": "0.0035643564356435645", "source": "11780733370.0", "target": "6285845243.0", "ordering_betweenness_centrality": "213", "length": 13, "length_cumulative": 315973 }, "geometry": { "type": "LineString", "coordinates": [ [ 2201050.0, 5059091.0 ], [ 2201057.0, 5059079.0 ] ] } },
{ "type": "Feature", "properties": { "betweenness_centrality": "0.0033663366336633667", "source": "9919851386.0", "target": "6946535684.0", "ordering_betweenness_centrality": "214", "length": 787, "length_cumulative": 316761 }, "geometry": { "type": "MultiLineString", "coordinates": [ [ [ 2202385.0, 5061363.0 ], [ 2202422.0, 5061263.0 ], [ 2202451.0, 5061194.0 ], [ 2202464.0, 5061162.0 ], [ 2202481.0, 5061119.0 ], [ 2202485.0, 5061109.0 ], [ 2202491.0, 5061094.0 ], [ 2202495.0, 5061083.0 ], [ 2202497.0, 5061079.0 ], [ 2202516.0, 5061032.0 ], [ 2202520.0, 5061022.0 ], [ 2202585.0, 5060857.0 ], [ 2202593.0, 5060838.0 ], [ 2202639.0, 5060722.0 ], [ 2202642.0, 5060720.0 ], [ 2202647.0, 5060720.0 ] ], [ [ 2203075.0, 5059974.0 ], [ 2203080.0, 5059976.0 ], [ 2203109.0, 5059988.0 ], [ 2203136.0, 5059999.0 ], [ 2203144.0, 5060002.0 ], [ 2203156.0, 5059994.0 ] ] ] } },
{ "type": "Feature", "properties": { "betweenness_centrality": "0.0031683168316831685", "source": "4622126582.0", "target": "4663047648.0", "ordering_betweenness_centrality": "215", "length": 1143, "length_cumulative": 317904 }, "geometry": { "type": "LineString", "coordinates": [ [ 2209471.0, 5062635.0 ], [ 2209474.0, 5062633.0 ], [ 2209487.0, 5062626.0 ], [ 2209490.0, 5062624.0 ], [ 2209537.0, 5062597.0 ], [ 2209553.0, 5062589.0 ], [ 2209574.0, 5062578.0 ], [ 2209593.0, 5062568.0 ], [ 2209625.0, 5062551.0 ], [ 2209637.0, 5062545.0 ], [ 2209650.0, 5062537.0 ], [ 2209668.0, 5062525.0 ], [ 2209683.0, 5062512.0 ], [ 2209691.0, 5062505.0 ], [ 2209697.0, 5062502.0 ], [ 2209704.0, 5062499.0 ], [ 2209714.0, 5062497.0 ], [ 2209730.0, 5062491.0 ], [ 2209741.0, 5062487.0 ], [ 2209749.0, 5062482.0 ], [ 2209755.0, 5062477.0 ], [ 2209759.0, 5062473.0 ], [ 2209761.0, 5062467.0 ], [ 2209763.0, 5062461.0 ], [ 2209763.0, 5062453.0 ], [ 2209761.0, 5062431.0 ], [ 2209761.0, 5062424.0 ], [ 2209763.0, 5062419.0 ], [ 2209768.0, 5062410.0 ], [ 2209791.0, 5062372.0 ], [ 2209795.0, 5062366.0 ], [ 2209797.0, 5062359.0 ], [ 2209801.0, 5062319.0 ], [ 2209804.0, 5062285.0 ], [ 2209809.0, 5062241.0 ], [ 2209810.0, 5062230.0 ], [ 2209816.0, 5062212.0 ], [ 2209822.0, 5062199.0 ], [ 2209828.0, 5062188.0 ], [ 2209835.0, 5062176.0 ], [ 2209840.0, 5062170.0 ], [ 2209844.0, 5062164.0 ], [ 2209853.0, 5062152.0 ], [ 2209862.0, 5062139.0 ], [ 2209867.0, 5062131.0 ], [ 2209873.0, 5062118.0 ], [ 2209880.0, 5062105.0 ], [ 2209882.0, 5062102.0 ], [ 2209885.0, 5062101.0 ], [ 2209888.0, 5062100.0 ], [ 2209891.0, 5062101.0 ], [ 2209914.0, 5062109.0 ], [ 2209917.0, 5062110.0 ], [ 2209920.0, 5062110.0 ], [ 2209923.0, 5062110.0 ], [ 2209925.0, 5062108.0 ], [ 2209926.0, 5062106.0 ], [ 2209927.0, 5062103.0 ], [ 2209930.0, 5062076.0 ], [ 2209933.0, 5062045.0 ], [ 2209937.0, 5062016.0 ], [ 2209937.0, 5062012.0 ], [ 2209940.0, 5061994.0 ], [ 2209941.0, 5061977.0 ], [ 2209943.0, 5061952.0 ], [ 2209943.0, 5061927.0 ], [ 2209944.0, 5061919.0 ], [ 2209946.0, 5061913.0 ], [ 2209933.0, 5061907.0 ], [ 2209914.0, 5061902.0 ], [ 2209890.0, 5061896.0 ], [ 2209884.0, 5061891.0 ], [ 2209881.0, 5061887.0 ], [ 2209880.0, 5061882.0 ], [ 2209885.0, 5061816.0 ], [ 2209886.0, 5061791.0 ] ] } },
{ "type": "Feature", "properties": { "betweenness_centrality": "0.0031683168316831685", "source": "4621966541.0", "target": "571094423.0", "ordering_betweenness_centrality": "216", "length": 292, "length_cumulative": 318196 }, "geometry": { "type": "LineString", "coordinates": [ [ 2208613.0, 5061014.0 ], [ 2208569.0, 5060981.0 ], [ 2208381.0, 5060836.0 ] ] } },
{ "type": "Feature", "properties": { "betweenness_centrality": "0.0031683168316831685", "source": "507688038.0", "target": "1840559248.0", "ordering_betweenness_centrality": "217", "length": 1264, "length_cumulative": 319461 }, "geometry": { "type": "MultiLineString", "coordinates": [ [ [ 2203146.0, 5058769.0 ], [ 2203147.0, 5058777.0 ], [ 2203150.0, 5058797.0 ], [ 2203152.0, 5058817.0 ], [ 2203156.0, 5058838.0 ], [ 2203156.0, 5058848.0 ], [ 2203156.0, 5058851.0 ], [ 2203154.0, 5058876.0 ], [ 2203151.0, 5058918.0 ], [ 2203151.0, 5058926.0 ], [ 2203153.0, 5058934.0 ], [ 2203161.0, 5058950.0 ], [ 2203166.0, 5058961.0 ], [ 2203167.0, 5058967.0 ], [ 2203168.0, 5058974.0 ], [ 2203168.0, 5058992.0 ], [ 2203165.0, 5059013.0 ], [ 2203162.0, 5059023.0 ], [ 2203156.0, 5059045.0 ], [ 2203155.0, 5059050.0 ], [ 2203154.0, 5059056.0 ], [ 2203154.0, 5059062.0 ], [ 2203156.0, 5059069.0 ], [ 2203160.0, 5059079.0 ], [ 2203162.0, 5059082.0 ], [ 2203179.0, 5059124.0 ], [ 2203188.0, 5059143.0 ], [ 2203188.0, 5059145.0 ], [ 2203192.0, 5059153.0 ], [ 2203195.0, 5059158.0 ], [ 2203199.0, 5059162.0 ], [ 2203203.0, 5059166.0 ], [ 2203209.0, 5059170.0 ], [ 2203224.0, 5059182.0 ], [ 2203240.0, 5059197.0 ], [ 2203251.0, 5059207.0 ], [ 2203261.0, 5059217.0 ], [ 2203282.0, 5059238.0 ], [ 2203271.0, 5059274.0 ], [ 2203261.0, 5059302.0 ], [ 2203253.0, 5059320.0 ], [ 2203250.0, 5059326.0 ], [ 2203254.0, 5059332.0 ], [ 2203294.0, 5059380.0 ], [ 2203311.0, 5059401.0 ], [ 2203317.0, 5059407.0 ], [ 2203321.0, 5059413.0 ], [ 2203322.0, 5059416.0 ] ], [ [ 2203322.0, 5059416.0 ], [ 2203326.0, 5059422.0 ], [ 2203293.0, 5059436.0 ], [ 2203273.0, 5059445.0 ], [ 2203267.0, 5059448.0 ], [ 2203250.0, 5059458.0 ], [ 2203241.0, 5059462.0 ], [ 2203220.0, 5059476.0 ], [ 2203199.0, 5059491.0 ], [ 2203181.0, 5059503.0 ], [ 2203164.0, 5059514.0 ], [ 2203145.0, 5059527.0 ], [ 2203134.0, 5059533.0 ], [ 2203121.0, 5059541.0 ], [ 2203124.0, 5059545.0 ], [ 2203111.0, 5059554.0 ], [ 2203133.0, 5059582.0 ], [ 2203148.0, 5059598.0 ] ], [ [ 2203148.0, 5059598.0 ], [ 2203156.0, 5059607.0 ], [ 2203161.0, 5059602.0 ], [ 2203164.0, 5059605.0 ], [ 2203161.0, 5059608.0 ], [ 2203164.0, 5059611.0 ], [ 2203162.0, 5059614.0 ], [ 2203165.0, 5059616.0 ], [ 2203171.0, 5059611.0 ], [ 2203175.0, 5059610.0 ], [ 2203183.0, 5059610.0 ], [ 2203193.0, 5059612.0 ], [ 2203201.0, 5059610.0 ], [ 2203202.0, 5059611.0 ], [ 2203203.0, 5059613.0 ], [ 2203205.0, 5059613.0 ], [ 2203207.0, 5059614.0 ], [ 2203209.0, 5059613.0 ], [ 2203210.0, 5059612.0 ], [ 2203211.0, 5059611.0 ], [ 2203219.0, 5059617.0 ], [ 2203240.0, 5059628.0 ], [ 2203247.0, 5059631.0 ], [ 2203261.0, 5059638.0 ], [ 2203293.0, 5059649.0 ], [ 2203315.0, 5059647.0 ], [ 2203322.0, 5059647.0 ] ] ] } },
{ "type": "Feature", "properties": { "betweenness_centrality": "0.0029702970297029703", "source": "3787682972.0", "target": "4587022384.0", "ordering_betweenness_centrality": "218", "length": 693, "length_cumulative": 320154 }, "geometry": { "type": "LineString", "coordinates": [ [ 2207316.0, 5063116.0 ], [ 2207318.0, 5063094.0 ], [ 2207452.0, 5063128.0 ], [ 2207456.0, 5063103.0 ], [ 2207462.0, 5063075.0 ], [ 2207470.0, 5063044.0 ], [ 2207472.0, 5063040.0 ], [ 2207477.0, 5063031.0 ], [ 2207484.0, 5062987.0 ], [ 2207485.0, 5062970.0 ], [ 2207488.0, 5062964.0 ], [ 2207494.0, 5062962.0 ], [ 2207502.0, 5062961.0 ], [ 2207516.0, 5062963.0 ], [ 2207528.0, 5062965.0 ], [ 2207539.0, 5062967.0 ], [ 2207570.0, 5062974.0 ], [ 2207588.0, 5062979.0 ], [ 2207604.0, 5062984.0 ], [ 2207610.0, 5062986.0 ], [ 2207635.0, 5062995.0 ], [ 2207661.0, 5063004.0 ], [ 2207685.0, 5063014.0 ], [ 2207714.0, 5063026.0 ], [ 2207721.0, 5063012.0 ], [ 2207730.0, 5062993.0 ], [ 2207738.0, 5062975.0 ], [ 2207752.0, 5062945.0 ], [ 2207766.0, 5062917.0 ], [ 2207767.0, 5062913.0 ], [ 2207769.0, 5062911.0 ] ] } },
{ "type": "Feature", "properties": { "betweenness_centrality": "0.0029702970297029703", "source": "2607893938.0", "target": "1854573416.0", "ordering_betweenness_centrality": "219", "length": 210, "length_cumulative": 320365 }, "geometry": { "type": "LineString", "coordinates": [ [ 2204897.0, 5060420.0 ], [ 2204856.0, 5060416.0 ], [ 2204858.0, 5060400.0 ], [ 2204871.0, 5060300.0 ], [ 2204877.0, 5060260.0 ], [ 2204879.0, 5060248.0 ] ] } },
{ "type": "Feature", "properties": { "betweenness_centrality": "0.0029702970297029703", "source": "3377273792.0", "target": "11159735680.0", "ordering_betweenness_centrality": "220", "length": 186, "length_cumulative": 320552 }, "geometry": { "type": "LineString", "coordinates": [ [ 2205879.0, 5059489.0 ], [ 2205878.0, 5059494.0 ], [ 2205870.0, 5059532.0 ], [ 2205864.0, 5059562.0 ], [ 2205874.0, 5059563.0 ], [ 2205869.0, 5059587.0 ], [ 2205912.0, 5059596.0 ], [ 2205931.0, 5059600.0 ], [ 2205936.0, 5059601.0 ], [ 2205947.0, 5059603.0 ] ] } },
{ "type": "Feature", "properties": { "betweenness_centrality": "0.0029702970297029703", "source": "2379572122.0", "target": "4621995118.0", "ordering_betweenness_centrality": "222", "length": 1138, "length_cumulative": 321690 }, "geometry": { "type": "LineString", "coordinates": [ [ 2209213.0, 5060978.0 ], [ 2209218.0, 5060974.0 ], [ 2209265.0, 5060953.0 ], [ 2209310.0, 5060931.0 ], [ 2209342.0, 5060917.0 ], [ 2209356.0, 5060912.0 ], [ 2209362.0, 5060910.0 ], [ 2209365.0, 5060910.0 ], [ 2209371.0, 5060908.0 ], [ 2209394.0, 5060903.0 ], [ 2209399.0, 5060901.0 ], [ 2209456.0, 5060848.0 ], [ 2209480.0, 5060827.0 ], [ 2209497.0, 5060815.0 ], [ 2209510.0, 5060809.0 ], [ 2209525.0, 5060804.0 ], [ 2209537.0, 5060800.0 ], [ 2209546.0, 5060797.0 ], [ 2209552.0, 5060793.0 ], [ 2209557.0, 5060788.0 ], [ 2209563.0, 5060778.0 ], [ 2209565.0, 5060774.0 ], [ 2209582.0, 5060745.0 ], [ 2209600.0, 5060707.0 ], [ 2209614.0, 5060674.0 ], [ 2209625.0, 5060643.0 ], [ 2209632.0, 5060623.0 ], [ 2209637.0, 5060604.0 ], [ 2209638.0, 5060599.0 ], [ 2209638.0, 5060593.0 ], [ 2209640.0, 5060565.0 ], [ 2209641.0, 5060540.0 ], [ 2209641.0, 5060531.0 ], [ 2209642.0, 5060517.0 ], [ 2209643.0, 5060503.0 ], [ 2209648.0, 5060485.0 ], [ 2209662.0, 5060444.0 ], [ 2209672.0, 5060413.0 ], [ 2209674.0, 5060403.0 ], [ 2209675.0, 5060396.0 ], [ 2209675.0, 5060388.0 ], [ 2209672.0, 5060281.0 ], [ 2209672.0, 5060269.0 ], [ 2209665.0, 5060081.0 ], [ 2209666.0, 5060072.0 ] ] } },
{ "type": "Feature", "properties": { "betweenness_centrality": "0.0027722772277227726", "source": "11968073790.0", "target": "10560046785.0", "ordering_betweenness_centrality": "223", "length": 2286, "length_cumulative": 323976 }, "geometry": { "type": "MultiLineString", "coordinates": [ [ [ 2207656.0, 5059015.0 ], [ 2207647.0, 5058993.0 ], [ 2207643.0, 5058980.0 ], [ 2207640.0, 5058965.0 ], [ 2207638.0, 5058948.0 ], [ 2207642.0, 5058927.0 ], [ 2207644.0, 5058920.0 ], [ 2207648.0, 5058911.0 ], [ 2207649.0, 5058901.0 ], [ 2207648.0, 5058891.0 ], [ 2207642.0, 5058878.0 ], [ 2207635.0, 5058870.0 ], [ 2207626.0, 5058863.0 ], [ 2207615.0, 5058861.0 ], [ 2207604.0, 5058861.0 ], [ 2207594.0, 5058863.0 ], [ 2207582.0, 5058865.0 ], [ 2207555.0, 5058876.0 ], [ 2207537.0, 5058887.0 ], [ 2207519.0, 5058899.0 ], [ 2207487.0, 5058922.0 ], [ 2207479.0, 5058928.0 ], [ 2207484.0, 5058901.0 ], [ 2207483.0, 5058836.0 ], [ 2207490.0, 5058811.0 ], [ 2207492.0, 5058805.0 ], [ 2207515.0, 5058766.0 ], [ 2207497.0, 5058756.0 ], [ 2207464.0, 5058737.0 ], [ 2207428.0, 5058733.0 ], [ 2207444.0, 5058715.0 ], [ 2207482.0, 5058666.0 ], [ 2207492.0, 5058651.0 ], [ 2207504.0, 5058649.0 ], [ 2207509.0, 5058640.0 ], [ 2207501.0, 5058623.0 ], [ 2207489.0, 5058587.0 ], [ 2207478.0, 5058572.0 ], [ 2207467.0, 5058556.0 ], [ 2207469.0, 5058541.0 ], [ 2207463.0, 5058525.0 ], [ 2207449.0, 5058529.0 ], [ 2207439.0, 5058523.0 ], [ 2207429.0, 5058524.0 ], [ 2207411.0, 5058522.0 ], [ 2207402.0, 5058513.0 ], [ 2207420.0, 5058498.0 ], [ 2207442.0, 5058477.0 ], [ 2207461.0, 5058462.0 ], [ 2207466.0, 5058457.0 ], [ 2207465.0, 5058451.0 ], [ 2207465.0, 5058450.0 ] ], [ [ 2207300.0, 5057962.0 ], [ 2207302.0, 5057958.0 ], [ 2207302.0, 5057951.0 ], [ 2207303.0, 5057938.0 ], [ 2207304.0, 5057926.0 ], [ 2207304.0, 5057913.0 ], [ 2207302.0, 5057905.0 ], [ 2207299.0, 5057900.0 ], [ 2207290.0, 5057892.0 ], [ 2207277.0, 5057885.0 ], [ 2207220.0, 5057854.0 ], [ 2207208.0, 5057848.0 ], [ 2207199.0, 5057843.0 ], [ 2207186.0, 5057834.0 ], [ 2207176.0, 5057825.0 ], [ 2207158.0, 5057810.0 ], [ 2207146.0, 5057800.0 ], [ 2207135.0, 5057793.0 ], [ 2207123.0, 5057785.0 ], [ 2207119.0, 5057782.0 ], [ 2207115.0, 5057779.0 ], [ 2207116.0, 5057778.0 ], [ 2207118.0, 5057776.0 ], [ 2207118.0, 5057774.0 ], [ 2207118.0, 5057773.0 ], [ 2207118.0, 5057770.0 ], [ 2207117.0, 5057769.0 ], [ 2207117.0, 5057763.0 ], [ 2207115.0, 5057757.0 ], [ 2207108.0, 5057748.0 ], [ 2207103.0, 5057742.0 ], [ 2207095.0, 5057729.0 ], [ 2207086.0, 5057719.0 ], [ 2207080.0, 5057712.0 ], [ 2207072.0, 5057703.0 ], [ 2207055.0, 5057686.0 ], [ 2207050.0, 5057676.0 ], [ 2207048.0, 5057666.0 ], [ 2207039.0, 5057669.0 ] ], [ [ 2206873.0, 5057617.0 ], [ 2206871.0, 5057604.0 ], [ 2206870.0, 5057589.0 ], [ 2206869.0, 5057582.0 ], [ 2206869.0, 5057573.0 ], [ 2206870.0, 5057559.0 ], [ 2206871.0, 5057545.0 ], [ 2206870.0, 5057532.0 ], [ 2206869.0, 5057520.0 ], [ 2206865.0, 5057496.0 ], [ 2206861.0, 5057471.0 ], [ 2206858.0, 5057457.0 ], [ 2206855.0, 5057454.0 ], [ 2206851.0, 5057452.0 ], [ 2206847.0, 5057451.0 ], [ 2206842.0, 5057452.0 ], [ 2206839.0, 5057453.0 ], [ 2206835.0, 5057455.0 ], [ 2206834.0, 5057457.0 ], [ 2206832.0, 5057460.0 ], [ 2206827.0, 5057470.0 ], [ 2206821.0, 5057487.0 ], [ 2206813.0, 5057505.0 ], [ 2206806.0, 5057522.0 ], [ 2206800.0, 5057536.0 ], [ 2206791.0, 5057554.0 ], [ 2206787.0, 5057562.0 ], [ 2206784.0, 5057566.0 ], [ 2206779.0, 5057571.0 ], [ 2206772.0, 5057575.0 ], [ 2206759.0, 5057583.0 ], [ 2206743.0, 5057592.0 ], [ 2206728.0, 5057600.0 ], [ 2206726.0, 5057601.0 ], [ 2206707.0, 5057611.0 ], [ 2206700.0, 5057613.0 ], [ 2206692.0, 5057615.0 ], [ 2206684.0, 5057616.0 ], [ 2206673.0, 5057617.0 ], [ 2206655.0, 5057619.0 ], [ 2206646.0, 5057619.0 ], [ 2206639.0, 5057618.0 ], [ 2206633.0, 5057616.0 ], [ 2206628.0, 5057613.0 ], [ 2206625.0, 5057610.0 ], [ 2206620.0, 5057606.0 ], [ 2206606.0, 5057596.0 ], [ 2206601.0, 5057593.0 ], [ 2206596.0, 5057591.0 ], [ 2206581.0, 5057588.0 ], [ 2206574.0, 5057587.0 ], [ 2206521.0, 5057580.0 ], [ 2206489.0, 5057577.0 ], [ 2206485.0, 5057576.0 ], [ 2206478.0, 5057575.0 ], [ 2206469.0, 5057573.0 ], [ 2206463.0, 5057571.0 ], [ 2206454.0, 5057569.0 ], [ 2206428.0, 5057565.0 ], [ 2206414.0, 5057563.0 ], [ 2206402.0, 5057563.0 ], [ 2206388.0, 5057563.0 ], [ 2206383.0, 5057564.0 ], [ 2206371.0, 5057565.0 ], [ 2206360.0, 5057566.0 ], [ 2206324.0, 5057571.0 ], [ 2206317.0, 5057571.0 ], [ 2206310.0, 5057573.0 ], [ 2206305.0, 5057575.0 ], [ 2206300.0, 5057578.0 ], [ 2206296.0, 5057580.0 ] ], [ [ 2206296.0, 5057580.0 ], [ 2206287.0, 5057584.0 ], [ 2206276.0, 5057590.0 ] ] ] } },
{ "type": "Feature", "properties": { "betweenness_centrality": "0.0027722772277227726", "source": "12053076559.0", "target": "4663047648.0", "ordering_betweenness_centrality": "224", "length": 367, "length_cumulative": 324344 }, "geometry": { "type": "MultiLineString", "coordinates": [ [ [ 2209058.0, 5063220.0 ], [ 2209024.0, 5063185.0 ], [ 2209001.0, 5063163.0 ], [ 2208964.0, 5063126.0 ], [ 2208953.0, 5063116.0 ], [ 2208931.0, 5063138.0 ], [ 2208902.0, 5063110.0 ], [ 2208895.0, 5063107.0 ], [ 2208870.0, 5063096.0 ], [ 2208798.0, 5063063.0 ] ], [ [ 2208798.0, 5063063.0 ], [ 2208768.0, 5063050.0 ] ] ] } },
{ "type": "Feature", "properties": { "betweenness_centrality": "0.0027722772277227726", "source": "4585192008.0", "target": "12162258089.0", "ordering_betweenness_centrality": "225", "length": 907, "length_cumulative": 325251 }, "geometry": { "type": "LineString", "coordinates": [ [ 2207685.0, 5064183.0 ], [ 2207689.0, 5064190.0 ], [ 2207695.0, 5064198.0 ], [ 2207703.0, 5064206.0 ], [ 2207710.0, 5064211.0 ], [ 2207728.0, 5064221.0 ], [ 2207744.0, 5064229.0 ], [ 2207810.0, 5064262.0 ], [ 2207845.0, 5064192.0 ], [ 2207850.0, 5064182.0 ], [ 2207854.0, 5064179.0 ], [ 2207858.0, 5064176.0 ], [ 2207864.0, 5064173.0 ], [ 2207869.0, 5064170.0 ], [ 2207872.0, 5064167.0 ], [ 2207892.0, 5064135.0 ], [ 2207894.0, 5064133.0 ], [ 2207897.0, 5064131.0 ], [ 2207948.0, 5064101.0 ], [ 2207951.0, 5064099.0 ], [ 2207955.0, 5064099.0 ], [ 2207959.0, 5064099.0 ], [ 2207971.0, 5064102.0 ], [ 2207985.0, 5064106.0 ], [ 2208002.0, 5064109.0 ], [ 2208018.0, 5064111.0 ], [ 2208029.0, 5064111.0 ], [ 2208040.0, 5064111.0 ], [ 2208053.0, 5064110.0 ], [ 2208079.0, 5064106.0 ], [ 2208095.0, 5064104.0 ], [ 2208107.0, 5064103.0 ], [ 2208117.0, 5064104.0 ], [ 2208136.0, 5064106.0 ], [ 2208144.0, 5064108.0 ], [ 2208137.0, 5064136.0 ], [ 2208144.0, 5064133.0 ], [ 2208170.0, 5064125.0 ], [ 2208195.0, 5064114.0 ], [ 2208230.0, 5064096.0 ], [ 2208238.0, 5064093.0 ], [ 2208247.0, 5064091.0 ], [ 2208254.0, 5064091.0 ], [ 2208262.0, 5064091.0 ], [ 2208268.0, 5064093.0 ], [ 2208282.0, 5064100.0 ], [ 2208295.0, 5064106.0 ], [ 2208298.0, 5064108.0 ], [ 2208301.0, 5064110.0 ], [ 2208355.0, 5064139.0 ], [ 2208372.0, 5064108.0 ], [ 2208390.0, 5064075.0 ] ] } },
{ "type": "Feature", "properties": { "betweenness_centrality": "0.0027722772277227726", "source": "6800236090.0", "target": "4622126582.0", "ordering_betweenness_centrality": "226", "length": 104, "length_cumulative": 325356 }, "geometry": { "type": "LineString", "coordinates": [ [ 2209490.0, 5062624.0 ], [ 2209533.0, 5062666.0 ], [ 2209536.0, 5062669.0 ], [ 2209554.0, 5062688.0 ], [ 2209543.0, 5062697.0 ] ] } },
{ "type": "Feature", "properties": { "betweenness_centrality": "0.0027722772277227726", "source": "507688038.0", "target": "6236284772.0", "ordering_betweenness_centrality": "228", "length": 1319, "length_cumulative": 326675 }, "geometry": { "type": "LineString", "coordinates": [ [ 2202894.0, 5058799.0 ], [ 2202888.0, 5058799.0 ], [ 2202889.0, 5058806.0 ], [ 2202892.0, 5058833.0 ], [ 2202894.0, 5058863.0 ], [ 2202896.0, 5058910.0 ], [ 2202883.0, 5058943.0 ], [ 2202866.0, 5058964.0 ], [ 2202861.0, 5058968.0 ], [ 2202873.0, 5058980.0 ], [ 2202892.0, 5058999.0 ], [ 2202970.0, 5059072.0 ], [ 2202974.0, 5059076.0 ], [ 2203001.0, 5059100.0 ], [ 2203028.0, 5059123.0 ], [ 2203022.0, 5059130.0 ], [ 2203017.0, 5059140.0 ], [ 2203014.0, 5059149.0 ], [ 2203002.0, 5059173.0 ], [ 2202993.0, 5059192.0 ], [ 2202985.0, 5059203.0 ], [ 2203114.0, 5059319.0 ], [ 2203077.0, 5059363.0 ], [ 2203075.0, 5059370.0 ], [ 2203076.0, 5059377.0 ], [ 2203102.0, 5059403.0 ], [ 2203068.0, 5059447.0 ], [ 2203039.0, 5059479.0 ], [ 2203001.0, 5059520.0 ], [ 2202973.0, 5059551.0 ], [ 2202953.0, 5059573.0 ], [ 2202923.0, 5059608.0 ], [ 2202915.0, 5059616.0 ], [ 2202791.0, 5059755.0 ], [ 2202783.0, 5059764.0 ], [ 2202764.0, 5059785.0 ], [ 2202757.0, 5059793.0 ], [ 2202752.0, 5059800.0 ], [ 2202750.0, 5059803.0 ] ] } },
{ "type": "Feature", "properties": { "betweenness_centrality": "0.0025742574257425744", "source": "1847297757.0", "target": "4663281819.0", "ordering_betweenness_centrality": "229", "length": 1025, "length_cumulative": 327701 }, "geometry": { "type": "MultiLineString", "coordinates": [ [ [ 2202752.0, 5061979.0 ], [ 2202756.0, 5061988.0 ], [ 2202796.0, 5062065.0 ], [ 2202800.0, 5062071.0 ], [ 2202814.0, 5062097.0 ], [ 2202822.0, 5062113.0 ], [ 2202833.0, 5062134.0 ], [ 2202838.0, 5062143.0 ], [ 2202857.0, 5062181.0 ], [ 2202859.0, 5062185.0 ], [ 2202869.0, 5062206.0 ], [ 2202884.0, 5062238.0 ], [ 2202887.0, 5062243.0 ], [ 2202892.0, 5062246.0 ], [ 2202900.0, 5062250.0 ], [ 2202910.0, 5062255.0 ], [ 2202916.0, 5062260.0 ], [ 2202923.0, 5062269.0 ], [ 2202929.0, 5062280.0 ], [ 2202938.0, 5062295.0 ], [ 2202956.0, 5062325.0 ], [ 2202958.0, 5062328.0 ], [ 2202959.0, 5062330.0 ] ], [ [ 2203006.0, 5062308.0 ], [ 2203012.0, 5062321.0 ], [ 2203019.0, 5062337.0 ], [ 2203024.0, 5062346.0 ] ], [ [ 2203041.0, 5062338.0 ], [ 2203060.0, 5062344.0 ], [ 2203102.0, 5062325.0 ], [ 2203162.0, 5062297.0 ], [ 2203193.0, 5062282.0 ], [ 2203245.0, 5062258.0 ], [ 2203280.0, 5062242.0 ], [ 2203295.0, 5062275.0 ], [ 2203344.0, 5062379.0 ], [ 2203347.0, 5062385.0 ], [ 2203365.0, 5062377.0 ], [ 2203373.0, 5062374.0 ], [ 2203384.0, 5062370.0 ], [ 2203389.0, 5062367.0 ], [ 2203395.0, 5062380.0 ], [ 2203397.0, 5062384.0 ], [ 2203429.0, 5062456.0 ], [ 2203432.0, 5062464.0 ] ] ] } },
{ "type": "Feature", "properties": { "betweenness_centrality": "0.0025742574257425744", "source": "12162258089.0", "target": "6879536410.0", "ordering_betweenness_centrality": "230", "length": 2118, "length_cumulative": 329820 }, "geometry": { "type": "MultiLineString", "coordinates": [ [ [ 2206739.0, 5064136.0 ], [ 2206732.0, 5064157.0 ], [ 2206727.0, 5064175.0 ], [ 2206724.0, 5064178.0 ], [ 2206718.0, 5064185.0 ] ], [ [ 2205985.0, 5064218.0 ], [ 2205980.0, 5064220.0 ], [ 2205961.0, 5064222.0 ], [ 2205927.0, 5064224.0 ], [ 2205920.0, 5064223.0 ], [ 2205916.0, 5064222.0 ], [ 2205908.0, 5064219.0 ], [ 2205901.0, 5064217.0 ], [ 2205895.0, 5064217.0 ], [ 2205868.0, 5064216.0 ], [ 2205839.0, 5064216.0 ], [ 2205833.0, 5064218.0 ], [ 2205828.0, 5064221.0 ], [ 2205827.0, 5064226.0 ], [ 2205820.0, 5064248.0 ], [ 2205813.0, 5064256.0 ], [ 2205804.0, 5064262.0 ], [ 2205792.0, 5064269.0 ], [ 2205774.0, 5064279.0 ], [ 2205746.0, 5064296.0 ], [ 2205738.0, 5064301.0 ], [ 2205727.0, 5064309.0 ], [ 2205713.0, 5064320.0 ], [ 2205705.0, 5064329.0 ], [ 2205688.0, 5064347.0 ], [ 2205669.0, 5064367.0 ], [ 2205661.0, 5064373.0 ], [ 2205655.0, 5064376.0 ], [ 2205649.0, 5064377.0 ], [ 2205642.0, 5064376.0 ], [ 2205634.0, 5064375.0 ], [ 2205611.0, 5064371.0 ], [ 2205583.0, 5064364.0 ], [ 2205562.0, 5064359.0 ], [ 2205553.0, 5064357.0 ], [ 2205547.0, 5064356.0 ], [ 2205540.0, 5064356.0 ], [ 2205531.0, 5064356.0 ], [ 2205514.0, 5064357.0 ], [ 2205491.0, 5064362.0 ], [ 2205463.0, 5064368.0 ], [ 2205440.0, 5064372.0 ], [ 2205422.0, 5064375.0 ], [ 2205398.0, 5064375.0 ], [ 2205375.0, 5064373.0 ], [ 2205352.0, 5064370.0 ], [ 2205326.0, 5064366.0 ], [ 2205315.0, 5064364.0 ], [ 2205300.0, 5064359.0 ], [ 2205281.0, 5064354.0 ], [ 2205249.0, 5064344.0 ], [ 2205223.0, 5064331.0 ], [ 2205192.0, 5064311.0 ], [ 2205173.0, 5064299.0 ], [ 2205161.0, 5064291.0 ], [ 2205150.0, 5064286.0 ], [ 2205142.0, 5064283.0 ], [ 2205132.0, 5064279.0 ], [ 2205118.0, 5064273.0 ], [ 2205097.0, 5064266.0 ], [ 2205089.0, 5064262.0 ], [ 2205077.0, 5064259.0 ], [ 2205065.0, 5064256.0 ], [ 2205060.0, 5064253.0 ], [ 2205052.0, 5064248.0 ], [ 2205043.0, 5064246.0 ], [ 2205034.0, 5064244.0 ], [ 2205010.0, 5064239.0 ], [ 2204967.0, 5064230.0 ], [ 2204937.0, 5064223.0 ], [ 2204913.0, 5064217.0 ], [ 2204898.0, 5064214.0 ], [ 2204889.0, 5064212.0 ], [ 2204887.0, 5064209.0 ], [ 2204884.0, 5064205.0 ], [ 2204881.0, 5064202.0 ], [ 2204877.0, 5064202.0 ], [ 2204871.0, 5064203.0 ], [ 2204867.0, 5064204.0 ], [ 2204861.0, 5064204.0 ], [ 2204848.0, 5064201.0 ], [ 2204835.0, 5064198.0 ], [ 2204735.0, 5064174.0 ], [ 2204714.0, 5064169.0 ], [ 2204698.0, 5064166.0 ], [ 2204680.0, 5064165.0 ], [ 2204660.0, 5064165.0 ], [ 2204632.0, 5064163.0 ], [ 2204616.0, 5064162.0 ], [ 2204601.0, 5064160.0 ], [ 2204582.0, 5064154.0 ], [ 2204565.0, 5064149.0 ], [ 2204545.0, 5064139.0 ], [ 2204530.0, 5064132.0 ], [ 2204524.0, 5064130.0 ], [ 2204518.0, 5064129.0 ], [ 2204507.0, 5064128.0 ], [ 2204494.0, 5064127.0 ], [ 2204474.0, 5064124.0 ], [ 2204458.0, 5064118.0 ], [ 2204450.0, 5064115.0 ], [ 2204440.0, 5064107.0 ], [ 2204435.0, 5064105.0 ], [ 2204428.0, 5064103.0 ], [ 2204415.0, 5064099.0 ], [ 2204398.0, 5064094.0 ], [ 2204384.0, 5064088.0 ], [ 2204373.0, 5064085.0 ], [ 2204363.0, 5064085.0 ], [ 2204355.0, 5064086.0 ], [ 2204349.0, 5064089.0 ], [ 2204342.0, 5064090.0 ], [ 2204336.0, 5064089.0 ], [ 2204325.0, 5064086.0 ], [ 2204316.0, 5064083.0 ], [ 2204310.0, 5064082.0 ], [ 2204296.0, 5064083.0 ], [ 2204282.0, 5064084.0 ], [ 2204272.0, 5064083.0 ], [ 2204265.0, 5064082.0 ], [ 2204256.0, 5064078.0 ], [ 2204241.0, 5064071.0 ], [ 2204226.0, 5064061.0 ], [ 2204131.0, 5063994.0 ], [ 2204129.0, 5063991.0 ], [ 2204129.0, 5063988.0 ], [ 2204130.0, 5063983.0 ], [ 2204132.0, 5063976.0 ], [ 2204134.0, 5063969.0 ], [ 2204137.0, 5063964.0 ], [ 2204141.0, 5063959.0 ], [ 2204152.0, 5063948.0 ] ] ] } },
{ "type": "Feature", "properties": { "betweenness_centrality": "0.0025742574257425744", "source": "6236284976.0", "target": "4676676789.0", "ordering_betweenness_centrality": "231", "length": 198, "length_cumulative": 330018 }, "geometry": { "type": "LineString", "coordinates": [ [ 2204036.0, 5059422.0 ], [ 2204011.0, 5059348.0 ], [ 2203992.0, 5059294.0 ], [ 2203991.0, 5059291.0 ], [ 2203990.0, 5059288.0 ], [ 2203972.0, 5059234.0 ] ] } },
{ "type": "Feature", "properties": { "betweenness_centrality": "0.0023762376237623766", "source": "6300665472.0", "target": "4609831638.0", "ordering_betweenness_centrality": "232", "length": 2933, "length_cumulative": 332951 }, "geometry": { "type": "MultiLineString", "coordinates": [ [ [ 2201065.0, 5059071.0 ], [ 2201088.0, 5059084.0 ], [ 2201085.0, 5059090.0 ], [ 2201119.0, 5059107.0 ], [ 2201158.0, 5059126.0 ], [ 2201210.0, 5059149.0 ], [ 2201290.0, 5059183.0 ], [ 2201320.0, 5059196.0 ], [ 2201328.0, 5059200.0 ], [ 2201349.0, 5059209.0 ], [ 2201374.0, 5059219.0 ], [ 2201436.0, 5059246.0 ], [ 2201463.0, 5059258.0 ], [ 2201467.0, 5059260.0 ], [ 2201486.0, 5059268.0 ], [ 2201502.0, 5059275.0 ], [ 2201632.0, 5059328.0 ], [ 2201653.0, 5059337.0 ], [ 2201708.0, 5059361.0 ], [ 2201728.0, 5059369.0 ], [ 2201865.0, 5059425.0 ], [ 2201870.0, 5059427.0 ], [ 2201879.0, 5059431.0 ], [ 2201936.0, 5059454.0 ], [ 2201966.0, 5059466.0 ], [ 2202055.0, 5059505.0 ], [ 2202071.0, 5059512.0 ], [ 2202117.0, 5059531.0 ], [ 2202162.0, 5059549.0 ], [ 2202231.0, 5059577.0 ], [ 2202320.0, 5059614.0 ], [ 2202326.0, 5059617.0 ] ], [ [ 2202326.0, 5059617.0 ], [ 2202350.0, 5059628.0 ] ], [ [ 2202845.0, 5059849.0 ], [ 2202857.0, 5059850.0 ], [ 2202871.0, 5059852.0 ], [ 2202881.0, 5059851.0 ], [ 2202892.0, 5059850.0 ], [ 2202903.0, 5059846.0 ], [ 2202912.0, 5059843.0 ], [ 2202921.0, 5059838.0 ], [ 2202930.0, 5059831.0 ], [ 2202938.0, 5059824.0 ], [ 2202943.0, 5059817.0 ], [ 2202948.0, 5059819.0 ], [ 2202956.0, 5059822.0 ], [ 2202963.0, 5059824.0 ], [ 2202991.0, 5059832.0 ], [ 2202996.0, 5059834.0 ], [ 2203001.0, 5059823.0 ], [ 2203005.0, 5059811.0 ], [ 2203013.0, 5059797.0 ], [ 2203017.0, 5059788.0 ], [ 2203023.0, 5059774.0 ], [ 2203034.0, 5059742.0 ], [ 2203039.0, 5059732.0 ], [ 2203047.0, 5059732.0 ] ], [ [ 2203047.0, 5059732.0 ], [ 2203050.0, 5059731.0 ], [ 2203056.0, 5059729.0 ], [ 2203079.0, 5059721.0 ], [ 2203088.0, 5059716.0 ], [ 2203097.0, 5059711.0 ], [ 2203106.0, 5059712.0 ], [ 2203118.0, 5059720.0 ], [ 2203123.0, 5059719.0 ], [ 2203130.0, 5059716.0 ], [ 2203144.0, 5059706.0 ], [ 2203154.0, 5059701.0 ], [ 2203163.0, 5059689.0 ], [ 2203171.0, 5059675.0 ], [ 2203180.0, 5059660.0 ], [ 2203188.0, 5059653.0 ], [ 2203196.0, 5059648.0 ], [ 2203205.0, 5059645.0 ], [ 2203227.0, 5059642.0 ], [ 2203250.0, 5059640.0 ], [ 2203261.0, 5059638.0 ] ], [ [ 2203322.0, 5059647.0 ], [ 2203357.0, 5059644.0 ], [ 2203394.0, 5059642.0 ] ], [ [ 2203394.0, 5059642.0 ], [ 2203413.0, 5059641.0 ], [ 2203436.0, 5059640.0 ] ], [ [ 2203436.0, 5059640.0 ], [ 2203480.0, 5059638.0 ], [ 2203492.0, 5059637.0 ] ], [ [ 2203492.0, 5059637.0 ], [ 2203516.0, 5059636.0 ], [ 2203535.0, 5059634.0 ] ], [ [ 2203547.0, 5059634.0 ], [ 2203646.0, 5059627.0 ] ], [ [ 2203646.0, 5059627.0 ], [ 2203669.0, 5059625.0 ] ], [ [ 2203855.0, 5059598.0 ], [ 2203889.0, 5059606.0 ], [ 2203944.0, 5059617.0 ], [ 2203948.0, 5059618.0 ], [ 2204019.0, 5059629.0 ] ], [ [ 2204019.0, 5059629.0 ], [ 2204063.0, 5059637.0 ] ], [ [ 2204807.0, 5059273.0 ], [ 2204832.0, 5059256.0 ], [ 2204853.0, 5059247.0 ], [ 2204856.0, 5059246.0 ] ], [ [ 2204878.0, 5059254.0 ], [ 2204902.0, 5059232.0 ], [ 2204912.0, 5059224.0 ], [ 2204921.0, 5059216.0 ], [ 2204924.0, 5059214.0 ], [ 2204933.0, 5059205.0 ], [ 2204940.0, 5059200.0 ], [ 2204949.0, 5059194.0 ], [ 2204959.0, 5059190.0 ], [ 2204971.0, 5059185.0 ] ], [ [ 2204971.0, 5059185.0 ], [ 2204977.0, 5059182.0 ], [ 2205000.0, 5059173.0 ], [ 2205008.0, 5059170.0 ], [ 2205014.0, 5059166.0 ], [ 2205024.0, 5059160.0 ], [ 2205028.0, 5059158.0 ], [ 2205032.0, 5059155.0 ], [ 2205043.0, 5059147.0 ] ], [ [ 2205043.0, 5059147.0 ], [ 2205053.0, 5059140.0 ], [ 2205080.0, 5059119.0 ], [ 2205086.0, 5059115.0 ], [ 2205103.0, 5059102.0 ], [ 2205110.0, 5059096.0 ], [ 2205186.0, 5059051.0 ], [ 2205197.0, 5059041.0 ] ] ] } },
{ "type": "Feature", "properties": { "betweenness_centrality": "0.0023762376237623766", "source": "1843574864.0", "target": "3325958623.0", "ordering_betweenness_centrality": "233", "length": 408, "length_cumulative": 333360 }, "geometry": { "type": "MultiLineString", "coordinates": [ [ [ 2205228.0, 5061520.0 ], [ 2205232.0, 5061528.0 ], [ 2205238.0, 5061535.0 ], [ 2205247.0, 5061540.0 ], [ 2205268.0, 5061549.0 ], [ 2205280.0, 5061555.0 ], [ 2205290.0, 5061560.0 ], [ 2205335.0, 5061581.0 ], [ 2205355.0, 5061591.0 ], [ 2205364.0, 5061596.0 ] ], [ [ 2205364.0, 5061596.0 ], [ 2205392.0, 5061612.0 ], [ 2205402.0, 5061618.0 ], [ 2205428.0, 5061634.0 ], [ 2205457.0, 5061655.0 ], [ 2205461.0, 5061658.0 ] ], [ [ 2205461.0, 5061658.0 ], [ 2205473.0, 5061667.0 ], [ 2205512.0, 5061695.0 ], [ 2205520.0, 5061700.0 ], [ 2205498.0, 5061736.0 ], [ 2205506.0, 5061748.0 ], [ 2205507.0, 5061754.0 ] ] ] } },
{ "type": "Feature", "properties": { "betweenness_centrality": "0.0023762376237623766", "source": "4663284211.0", "target": "1847297757.0", "ordering_betweenness_centrality": "234", "length": 717, "length_cumulative": 334077 }, "geometry": { "type": "MultiLineString", "coordinates": [ [ [ 2203767.0, 5062003.0 ], [ 2203760.0, 5061994.0 ], [ 2203746.0, 5062000.0 ], [ 2203728.0, 5062008.0 ], [ 2203721.0, 5061993.0 ], [ 2203715.0, 5061979.0 ] ], [ [ 2203715.0, 5061979.0 ], [ 2203712.0, 5061974.0 ], [ 2203696.0, 5061942.0 ], [ 2203694.0, 5061937.0 ], [ 2203688.0, 5061924.0 ], [ 2203684.0, 5061908.0 ], [ 2203680.0, 5061884.0 ], [ 2203676.0, 5061868.0 ], [ 2203672.0, 5061854.0 ], [ 2203665.0, 5061837.0 ], [ 2203659.0, 5061823.0 ], [ 2203648.0, 5061796.0 ], [ 2203630.0, 5061752.0 ], [ 2203629.0, 5061748.0 ], [ 2203599.0, 5061676.0 ], [ 2203527.0, 5061507.0 ], [ 2203524.0, 5061499.0 ], [ 2203499.0, 5061436.0 ], [ 2203492.0, 5061419.0 ], [ 2203473.0, 5061390.0 ] ] ] } },
{ "type": "Feature", "properties": { "betweenness_centrality": "0.0023762376237623766", "source": "2608865125.0", "target": "2607893938.0", "ordering_betweenness_centrality": "235", "length": 362, "length_cumulative": 334439 }, "geometry": { "type": "MultiLineString", "coordinates": [ [ [ 2205125.0, 5059843.0 ], [ 2205116.0, 5059890.0 ] ], [ [ 2205058.0, 5059878.0 ], [ 2205057.0, 5059882.0 ], [ 2205055.0, 5059888.0 ], [ 2205052.0, 5059901.0 ], [ 2205051.0, 5059906.0 ], [ 2205049.0, 5059913.0 ], [ 2205044.0, 5059912.0 ], [ 2205043.0, 5059917.0 ], [ 2205041.0, 5059927.0 ] ], [ [ 2205030.0, 5059974.0 ], [ 2205029.0, 5059982.0 ], [ 2205014.0, 5059979.0 ], [ 2205012.0, 5059991.0 ], [ 2204985.0, 5059985.0 ], [ 2204934.0, 5059975.0 ], [ 2204928.0, 5060003.0 ] ], [ [ 2204928.0, 5060003.0 ], [ 2204915.0, 5060066.0 ], [ 2204908.0, 5060102.0 ], [ 2204907.0, 5060109.0 ], [ 2204905.0, 5060116.0 ] ] ] } },
{ "type": "Feature", "properties": { "betweenness_centrality": "0.0023762376237623766", "source": "507688038.0", "target": "6300665472.0", "ordering_betweenness_centrality": "236", "length": 377, "length_cumulative": 334817 }, "geometry": { "type": "MultiLineString", "coordinates": [ [ [ 2203852.0, 5059073.0 ], [ 2203854.0, 5059075.0 ] ], [ [ 2204318.0, 5059258.0 ], [ 2204321.0, 5059254.0 ], [ 2204326.0, 5059252.0 ], [ 2204331.0, 5059250.0 ], [ 2204353.0, 5059245.0 ], [ 2204361.0, 5059243.0 ], [ 2204361.0, 5059236.0 ], [ 2204360.0, 5059230.0 ], [ 2204367.0, 5059228.0 ], [ 2204370.0, 5059228.0 ], [ 2204375.0, 5059232.0 ], [ 2204378.0, 5059237.0 ], [ 2204384.0, 5059242.0 ], [ 2204385.0, 5059242.0 ], [ 2204390.0, 5059243.0 ], [ 2204403.0, 5059278.0 ], [ 2204408.0, 5059277.0 ], [ 2204434.0, 5059269.0 ], [ 2204435.0, 5059272.0 ], [ 2204451.0, 5059325.0 ], [ 2204454.0, 5059324.0 ], [ 2204483.0, 5059316.0 ], [ 2204493.0, 5059313.0 ], [ 2204504.0, 5059349.0 ], [ 2204510.0, 5059369.0 ], [ 2204513.0, 5059379.0 ], [ 2204524.0, 5059415.0 ] ] ] } },
{ "type": "Feature", "properties": { "betweenness_centrality": "0.0021782178217821784", "source": "11780733370.0", "target": "1863318445.0", "ordering_betweenness_centrality": "237", "length": 357, "length_cumulative": 335174 }, "geometry": { "type": "MultiLineString", "coordinates": [ [ [ 2200644.0, 5058739.0 ], [ 2200675.0, 5058756.0 ], [ 2200672.0, 5058761.0 ], [ 2200658.0, 5058787.0 ], [ 2200658.0, 5058789.0 ], [ 2200658.0, 5058791.0 ], [ 2200659.0, 5058793.0 ], [ 2200660.0, 5058794.0 ], [ 2200669.0, 5058799.0 ], [ 2200682.0, 5058805.0 ], [ 2200683.0, 5058806.0 ], [ 2200685.0, 5058805.0 ], [ 2200687.0, 5058805.0 ], [ 2200688.0, 5058804.0 ], [ 2200670.0, 5058836.0 ] ], [ [ 2200767.0, 5058888.0 ], [ 2200759.0, 5058904.0 ] ], [ [ 2200759.0, 5058904.0 ], [ 2200752.0, 5058915.0 ], [ 2200747.0, 5058925.0 ] ], [ [ 2200747.0, 5058925.0 ], [ 2200737.0, 5058943.0 ] ], [ [ 2200737.0, 5058943.0 ], [ 2200723.0, 5058970.0 ] ], [ [ 2200723.0, 5058970.0 ], [ 2200721.0, 5058973.0 ] ], [ [ 2200721.0, 5058973.0 ], [ 2200698.0, 5059016.0 ] ], [ [ 2200698.0, 5059016.0 ], [ 2200667.0, 5059074.0 ] ] ] } },
{ "type": "Feature", "properties": { "betweenness_centrality": "0.0021782178217821784", "source": "12076184584.0", "target": "6732084907.0", "ordering_betweenness_centrality": "238", "length": 68, "length_cumulative": 335242 }, "geometry": { "type": "LineString", "coordinates": [ [ 2208651.0, 5057760.0 ], [ 2208644.0, 5057761.0 ], [ 2208638.0, 5057762.0 ], [ 2208634.0, 5057762.0 ], [ 2208630.0, 5057760.0 ], [ 2208624.0, 5057757.0 ], [ 2208621.0, 5057759.0 ], [ 2208611.0, 5057768.0 ], [ 2208606.0, 5057768.0 ], [ 2208587.0, 5057767.0 ] ] } },
{ "type": "Feature", "properties": { "betweenness_centrality": "0.0021782178217821784", "source": "8384180724.0", "target": "6236284976.0", "ordering_betweenness_centrality": "239", "length": 1233, "length_cumulative": 336476 }, "geometry": { "type": "MultiLineString", "coordinates": [ [ [ 2205069.0, 5058582.0 ], [ 2205062.0, 5058584.0 ], [ 2205030.0, 5058592.0 ], [ 2204970.0, 5058607.0 ], [ 2204957.0, 5058611.0 ], [ 2204966.0, 5058663.0 ], [ 2204966.0, 5058665.0 ], [ 2204973.0, 5058704.0 ], [ 2204974.0, 5058712.0 ], [ 2204978.0, 5058734.0 ], [ 2204984.0, 5058770.0 ], [ 2205005.0, 5058869.0 ], [ 2205008.0, 5058880.0 ], [ 2205021.0, 5058940.0 ], [ 2205035.0, 5058970.0 ], [ 2204976.0, 5059003.0 ], [ 2204957.0, 5059010.0 ], [ 2204901.0, 5059031.0 ], [ 2204891.0, 5059035.0 ], [ 2204843.0, 5059050.0 ], [ 2204839.0, 5059037.0 ], [ 2204793.0, 5059051.0 ], [ 2204788.0, 5059048.0 ], [ 2204754.0, 5059057.0 ], [ 2204741.0, 5059060.0 ] ], [ [ 2204658.0, 5058914.0 ], [ 2204652.0, 5058906.0 ], [ 2204635.0, 5058880.0 ], [ 2204626.0, 5058868.0 ], [ 2204612.0, 5058848.0 ], [ 2204607.0, 5058839.0 ], [ 2204604.0, 5058835.0 ], [ 2204598.0, 5058827.0 ], [ 2204593.0, 5058818.0 ], [ 2204591.0, 5058815.0 ], [ 2204561.0, 5058768.0 ], [ 2204556.0, 5058760.0 ], [ 2204533.0, 5058720.0 ], [ 2204528.0, 5058716.0 ], [ 2204522.0, 5058711.0 ], [ 2204515.0, 5058717.0 ], [ 2204510.0, 5058720.0 ], [ 2204497.0, 5058725.0 ], [ 2204483.0, 5058730.0 ], [ 2204477.0, 5058732.0 ], [ 2204440.0, 5058744.0 ], [ 2204353.0, 5058772.0 ] ] ] } },
{ "type": "Feature", "properties": { "betweenness_centrality": "0.0021782178217821784", "source": "2379608971.0", "target": "3623300571.0", "ordering_betweenness_centrality": "240", "length": 232, "length_cumulative": 336709 }, "geometry": { "type": "MultiLineString", "coordinates": [ [ [ 2209022.0, 5061090.0 ], [ 2209005.0, 5061124.0 ], [ 2208979.0, 5061177.0 ], [ 2208965.0, 5061205.0 ], [ 2208945.0, 5061244.0 ], [ 2208941.0, 5061252.0 ], [ 2208948.0, 5061257.0 ], [ 2208956.0, 5061261.0 ] ], [ [ 2208900.0, 5061339.0 ], [ 2208883.0, 5061369.0 ] ] ] } },
{ "type": "Feature", "properties": { "betweenness_centrality": "0.0019801980198019802", "source": "11780733370.0", "target": "1863377926.0", "ordering_betweenness_centrality": "241", "length": 103, "length_cumulative": 336813 }, "geometry": { "type": "MultiLineString", "coordinates": [ [ [ 2200266.0, 5058653.0 ], [ 2200271.0, 5058656.0 ], [ 2200273.0, 5058660.0 ], [ 2200272.0, 5058669.0 ] ], [ [ 2200671.0, 5058908.0 ], [ 2200656.0, 5058933.0 ], [ 2200706.0, 5058959.0 ] ] ] } },
{ "type": "Feature", "properties": { "betweenness_centrality": "0.0017821782178217822", "source": "4663047648.0", "target": "4587023461.0", "ordering_betweenness_centrality": "243", "length": 276, "length_cumulative": 337089 }, "geometry": { "type": "MultiLineString", "coordinates": [ [ [ 2208717.0, 5063512.0 ], [ 2208721.0, 5063505.0 ], [ 2208732.0, 5063510.0 ], [ 2208777.0, 5063533.0 ], [ 2208810.0, 5063555.0 ], [ 2208815.0, 5063547.0 ] ], [ [ 2208871.0, 5063455.0 ], [ 2208907.0, 5063470.0 ], [ 2208925.0, 5063436.0 ], [ 2208939.0, 5063408.0 ], [ 2208953.0, 5063379.0 ], [ 2208941.0, 5063374.0 ] ] ] } },
{ "type": "Feature", "properties": { "betweenness_centrality": "0.0017821782178217822", "source": "1854573416.0", "target": "3325958623.0", "ordering_betweenness_centrality": "244", "length": 1040, "length_cumulative": 338129 }, "geometry": { "type": "MultiLineString", "coordinates": [ [ [ 2205368.0, 5061420.0 ], [ 2205366.0, 5061414.0 ], [ 2205343.0, 5061364.0 ], [ 2205337.0, 5061351.0 ], [ 2205312.0, 5061297.0 ] ], [ [ 2205312.0, 5061297.0 ], [ 2205305.0, 5061279.0 ], [ 2205303.0, 5061275.0 ] ], [ [ 2205303.0, 5061275.0 ], [ 2205301.0, 5061270.0 ], [ 2205297.0, 5061260.0 ], [ 2205278.0, 5061214.0 ], [ 2205277.0, 5061207.0 ], [ 2205276.0, 5061200.0 ], [ 2205254.0, 5061149.0 ], [ 2205252.0, 5061145.0 ], [ 2205249.0, 5061137.0 ], [ 2205244.0, 5061122.0 ], [ 2205238.0, 5061108.0 ], [ 2205237.0, 5061099.0 ], [ 2205233.0, 5061069.0 ], [ 2205226.0, 5061005.0 ], [ 2205230.0, 5060991.0 ], [ 2205231.0, 5060987.0 ], [ 2205240.0, 5060952.0 ], [ 2205244.0, 5060939.0 ], [ 2205255.0, 5060899.0 ], [ 2205263.0, 5060869.0 ], [ 2205269.0, 5060847.0 ], [ 2205272.0, 5060838.0 ], [ 2205206.0, 5060811.0 ], [ 2205156.0, 5060792.0 ], [ 2205135.0, 5060783.0 ], [ 2205093.0, 5060767.0 ], [ 2205034.0, 5060743.0 ], [ 2204949.0, 5060709.0 ], [ 2204946.0, 5060708.0 ], [ 2204930.0, 5060701.0 ], [ 2204877.0, 5060679.0 ] ] ] } },
{ "type": "Feature", "properties": { "betweenness_centrality": "0.0017821782178217822", "source": "1847297757.0", "target": "11342006038.0", "ordering_betweenness_centrality": "245", "length": 2911, "length_cumulative": 341040 }, "geometry": { "type": "MultiLineString", "coordinates": [ [ [ 2205556.0, 5063716.0 ], [ 2205548.0, 5063715.0 ], [ 2205581.0, 5063551.0 ], [ 2205582.0, 5063545.0 ], [ 2205565.0, 5063541.0 ], [ 2205553.0, 5063538.0 ], [ 2205543.0, 5063535.0 ], [ 2205530.0, 5063530.0 ], [ 2205475.0, 5063507.0 ], [ 2205319.0, 5063441.0 ], [ 2205308.0, 5063437.0 ], [ 2205260.0, 5063416.0 ], [ 2205245.0, 5063409.0 ], [ 2205241.0, 5063407.0 ], [ 2205244.0, 5063399.0 ], [ 2205228.0, 5063392.0 ], [ 2205204.0, 5063382.0 ], [ 2205171.0, 5063368.0 ], [ 2205167.0, 5063367.0 ], [ 2205162.0, 5063365.0 ], [ 2205168.0, 5063350.0 ], [ 2205173.0, 5063336.0 ], [ 2205177.0, 5063323.0 ], [ 2205196.0, 5063264.0 ], [ 2205158.0, 5063249.0 ], [ 2205136.0, 5063240.0 ], [ 2205076.0, 5063216.0 ], [ 2205079.0, 5063207.0 ], [ 2205088.0, 5063186.0 ], [ 2205091.0, 5063178.0 ], [ 2205094.0, 5063173.0 ], [ 2205105.0, 5063147.0 ], [ 2205096.0, 5063143.0 ], [ 2205013.0, 5063105.0 ], [ 2204985.0, 5063090.0 ], [ 2204982.0, 5063089.0 ], [ 2204954.0, 5063073.0 ], [ 2204909.0, 5063048.0 ], [ 2204891.0, 5063039.0 ], [ 2204823.0, 5063004.0 ], [ 2204810.0, 5063000.0 ], [ 2204802.0, 5062998.0 ], [ 2204787.0, 5062996.0 ], [ 2204780.0, 5062994.0 ], [ 2204775.0, 5062993.0 ], [ 2204762.0, 5062987.0 ], [ 2204751.0, 5062983.0 ], [ 2204743.0, 5062981.0 ], [ 2204737.0, 5062983.0 ], [ 2204733.0, 5062986.0 ], [ 2204729.0, 5062992.0 ], [ 2204725.0, 5062996.0 ], [ 2204719.0, 5063000.0 ], [ 2204715.0, 5063005.0 ], [ 2204710.0, 5063002.0 ], [ 2204706.0, 5062997.0 ], [ 2204701.0, 5062989.0 ], [ 2204691.0, 5062980.0 ], [ 2204679.0, 5062973.0 ], [ 2204688.0, 5062952.0 ], [ 2204622.0, 5062918.0 ], [ 2204615.0, 5062920.0 ], [ 2204594.0, 5062911.0 ], [ 2204583.0, 5062906.0 ], [ 2204584.0, 5062901.0 ], [ 2204586.0, 5062891.0 ], [ 2204585.0, 5062885.0 ], [ 2204578.0, 5062861.0 ], [ 2204576.0, 5062838.0 ], [ 2204576.0, 5062827.0 ], [ 2204578.0, 5062817.0 ], [ 2204582.0, 5062805.0 ], [ 2204589.0, 5062756.0 ], [ 2204565.0, 5062753.0 ], [ 2204558.0, 5062751.0 ], [ 2204553.0, 5062747.0 ], [ 2204547.0, 5062739.0 ], [ 2204544.0, 5062734.0 ], [ 2204540.0, 5062730.0 ], [ 2204534.0, 5062726.0 ], [ 2204494.0, 5062701.0 ], [ 2204486.0, 5062694.0 ], [ 2204482.0, 5062687.0 ], [ 2204477.0, 5062675.0 ], [ 2204473.0, 5062671.0 ], [ 2204429.0, 5062646.0 ], [ 2204386.0, 5062624.0 ], [ 2204379.0, 5062637.0 ], [ 2204356.0, 5062682.0 ], [ 2204292.0, 5062653.0 ], [ 2204278.0, 5062650.0 ], [ 2204251.0, 5062637.0 ], [ 2204238.0, 5062632.0 ], [ 2204166.0, 5062598.0 ], [ 2204129.0, 5062580.0 ], [ 2204126.0, 5062577.0 ], [ 2204110.0, 5062569.0 ], [ 2204109.0, 5062569.0 ], [ 2204108.0, 5062569.0 ], [ 2204098.0, 5062596.0 ], [ 2204092.0, 5062611.0 ], [ 2204089.0, 5062618.0 ], [ 2204095.0, 5062639.0 ], [ 2204066.0, 5062625.0 ], [ 2204012.0, 5062596.0 ], [ 2203974.0, 5062655.0 ], [ 2203967.0, 5062666.0 ], [ 2203940.0, 5062650.0 ], [ 2203902.0, 5062623.0 ], [ 2203894.0, 5062616.0 ] ], [ [ 2203894.0, 5062616.0 ], [ 2203884.0, 5062604.0 ], [ 2203876.0, 5062592.0 ], [ 2203869.0, 5062582.0 ], [ 2203865.0, 5062576.0 ], [ 2203846.0, 5062547.0 ], [ 2203837.0, 5062532.0 ], [ 2203813.0, 5062506.0 ], [ 2203790.0, 5062486.0 ], [ 2203776.0, 5062476.0 ], [ 2203769.0, 5062470.0 ], [ 2203761.0, 5062465.0 ], [ 2203743.0, 5062455.0 ], [ 2203724.0, 5062447.0 ] ] ] } },
{ "type": "Feature", "properties": { "betweenness_centrality": "0.0017821782178217822", "source": "6800236090.0", "target": "6388434839.0", "ordering_betweenness_centrality": "246", "length": 1756, "length_cumulative": 342796 }, "geometry": { "type": "LineString", "coordinates": [ [ 2209158.0, 5063824.0 ], [ 2209162.0, 5063821.0 ], [ 2209178.0, 5063815.0 ], [ 2209184.0, 5063811.0 ], [ 2209185.0, 5063803.0 ], [ 2209185.0, 5063783.0 ], [ 2209187.0, 5063777.0 ], [ 2209195.0, 5063770.0 ], [ 2209237.0, 5063752.0 ], [ 2209240.0, 5063750.0 ], [ 2209241.0, 5063747.0 ], [ 2209242.0, 5063743.0 ], [ 2209231.0, 5063716.0 ], [ 2209249.0, 5063707.0 ], [ 2209253.0, 5063704.0 ], [ 2209259.0, 5063692.0 ], [ 2209280.0, 5063683.0 ], [ 2209268.0, 5063656.0 ], [ 2209335.0, 5063625.0 ], [ 2209339.0, 5063623.0 ], [ 2209386.0, 5063600.0 ], [ 2209433.0, 5063580.0 ], [ 2209476.0, 5063561.0 ], [ 2209566.0, 5063519.0 ], [ 2209668.0, 5063471.0 ], [ 2209711.0, 5063453.0 ], [ 2209739.0, 5063442.0 ], [ 2209777.0, 5063433.0 ], [ 2209798.0, 5063433.0 ], [ 2209821.0, 5063429.0 ], [ 2209831.0, 5063434.0 ], [ 2209861.0, 5063445.0 ], [ 2209912.0, 5063470.0 ], [ 2209964.0, 5063494.0 ], [ 2210013.0, 5063517.0 ], [ 2210018.0, 5063520.0 ], [ 2210028.0, 5063524.0 ], [ 2210031.0, 5063518.0 ], [ 2210035.0, 5063512.0 ], [ 2210037.0, 5063507.0 ], [ 2210039.0, 5063508.0 ], [ 2210046.0, 5063510.0 ], [ 2210051.0, 5063510.0 ], [ 2210057.0, 5063510.0 ], [ 2210062.0, 5063509.0 ], [ 2210075.0, 5063499.0 ], [ 2210092.0, 5063494.0 ], [ 2210095.0, 5063488.0 ], [ 2210098.0, 5063488.0 ], [ 2210107.0, 5063490.0 ], [ 2210112.0, 5063492.0 ], [ 2210115.0, 5063493.0 ], [ 2210119.0, 5063495.0 ], [ 2210123.0, 5063498.0 ], [ 2210126.0, 5063499.0 ], [ 2210128.0, 5063501.0 ], [ 2210132.0, 5063505.0 ], [ 2210136.0, 5063507.0 ], [ 2210150.0, 5063469.0 ], [ 2210161.0, 5063434.0 ], [ 2210172.0, 5063387.0 ], [ 2210182.0, 5063348.0 ], [ 2210192.0, 5063299.0 ], [ 2210198.0, 5063266.0 ], [ 2210202.0, 5063231.0 ], [ 2210205.0, 5063202.0 ], [ 2210210.0, 5063150.0 ], [ 2210221.0, 5063097.0 ], [ 2210235.0, 5063030.0 ], [ 2210248.0, 5062975.0 ] ] } },
{ "type": "Feature", "properties": { "betweenness_centrality": "0.0017821782178217822", "source": "4587669914.0", "target": "3787682972.0", "ordering_betweenness_centrality": "247", "length": 932, "length_cumulative": 343729 }, "geometry": { "type": "MultiLineString", "coordinates": [ [ [ 2206235.0, 5062385.0 ], [ 2206240.0, 5062376.0 ], [ 2206254.0, 5062352.0 ], [ 2206261.0, 5062341.0 ], [ 2206270.0, 5062328.0 ], [ 2206284.0, 5062308.0 ], [ 2206290.0, 5062299.0 ], [ 2206301.0, 5062282.0 ], [ 2206312.0, 5062265.0 ], [ 2206321.0, 5062250.0 ], [ 2206348.0, 5062206.0 ], [ 2206349.0, 5062204.0 ], [ 2206361.0, 5062211.0 ], [ 2206401.0, 5062240.0 ], [ 2206434.0, 5062264.0 ] ], [ [ 2206495.0, 5062312.0 ], [ 2206532.0, 5062344.0 ], [ 2206578.0, 5062389.0 ], [ 2206602.0, 5062415.0 ], [ 2206606.0, 5062420.0 ], [ 2206629.0, 5062446.0 ], [ 2206660.0, 5062479.0 ], [ 2206684.0, 5062501.0 ], [ 2206695.0, 5062509.0 ] ], [ [ 2206751.0, 5062548.0 ], [ 2206756.0, 5062551.0 ], [ 2206771.0, 5062560.0 ], [ 2206796.0, 5062576.0 ], [ 2206802.0, 5062579.0 ], [ 2206821.0, 5062590.0 ], [ 2206859.0, 5062604.0 ], [ 2206866.0, 5062607.0 ], [ 2206897.0, 5062618.0 ], [ 2206957.0, 5062636.0 ], [ 2206977.0, 5062640.0 ], [ 2207023.0, 5062650.0 ], [ 2207038.0, 5062652.0 ], [ 2207050.0, 5062655.0 ], [ 2207053.0, 5062661.0 ], [ 2207060.0, 5062662.0 ] ] ] } },
{ "type": "Feature", "properties": { "betweenness_centrality": "0.0017821782178217822", "source": "11968073790.0", "target": "5863041152.0", "ordering_betweenness_centrality": "248", "length": 983, "length_cumulative": 344712 }, "geometry": { "type": "LineString", "coordinates": [ [ 2206700.0, 5059303.0 ], [ 2206708.0, 5059297.0 ], [ 2206713.0, 5059290.0 ], [ 2206724.0, 5059275.0 ], [ 2206734.0, 5059262.0 ], [ 2206747.0, 5059250.0 ], [ 2206752.0, 5059247.0 ], [ 2206761.0, 5059241.0 ], [ 2206777.0, 5059234.0 ], [ 2206787.0, 5059231.0 ], [ 2206808.0, 5059228.0 ], [ 2206826.0, 5059221.0 ], [ 2206838.0, 5059217.0 ], [ 2206844.0, 5059216.0 ], [ 2206850.0, 5059214.0 ], [ 2206861.0, 5059212.0 ], [ 2206876.0, 5059209.0 ], [ 2206895.0, 5059206.0 ], [ 2206916.0, 5059203.0 ], [ 2206924.0, 5059201.0 ], [ 2206932.0, 5059199.0 ], [ 2206947.0, 5059194.0 ], [ 2206967.0, 5059188.0 ], [ 2206986.0, 5059183.0 ], [ 2207008.0, 5059177.0 ], [ 2207017.0, 5059175.0 ], [ 2207059.0, 5059161.0 ], [ 2207078.0, 5059159.0 ], [ 2207101.0, 5059161.0 ], [ 2207154.0, 5059169.0 ], [ 2207195.0, 5059177.0 ], [ 2207227.0, 5059186.0 ], [ 2207236.0, 5059190.0 ], [ 2207243.0, 5059192.0 ], [ 2207248.0, 5059194.0 ], [ 2207253.0, 5059196.0 ], [ 2207260.0, 5059198.0 ], [ 2207266.0, 5059199.0 ], [ 2207271.0, 5059200.0 ], [ 2207278.0, 5059201.0 ], [ 2207284.0, 5059201.0 ], [ 2207288.0, 5059201.0 ], [ 2207293.0, 5059200.0 ], [ 2207299.0, 5059199.0 ], [ 2207306.0, 5059198.0 ], [ 2207310.0, 5059197.0 ], [ 2207313.0, 5059196.0 ], [ 2207320.0, 5059193.0 ], [ 2207325.0, 5059192.0 ], [ 2207329.0, 5059189.0 ], [ 2207333.0, 5059187.0 ], [ 2207336.0, 5059186.0 ], [ 2207342.0, 5059182.0 ], [ 2207347.0, 5059178.0 ], [ 2207351.0, 5059174.0 ], [ 2207354.0, 5059171.0 ], [ 2207357.0, 5059168.0 ], [ 2207361.0, 5059163.0 ], [ 2207364.0, 5059159.0 ], [ 2207369.0, 5059153.0 ], [ 2207374.0, 5059145.0 ], [ 2207377.0, 5059140.0 ], [ 2207379.0, 5059137.0 ], [ 2207382.0, 5059131.0 ], [ 2207386.0, 5059125.0 ], [ 2207389.0, 5059118.0 ], [ 2207394.0, 5059107.0 ], [ 2207397.0, 5059100.0 ], [ 2207399.0, 5059093.0 ], [ 2207402.0, 5059085.0 ], [ 2207405.0, 5059076.0 ], [ 2207407.0, 5059069.0 ], [ 2207410.0, 5059061.0 ], [ 2207416.0, 5059039.0 ], [ 2207421.0, 5059023.0 ], [ 2207423.0, 5059018.0 ], [ 2207425.0, 5059012.0 ], [ 2207428.0, 5059003.0 ], [ 2207431.0, 5058996.0 ], [ 2207434.0, 5058990.0 ], [ 2207436.0, 5058984.0 ], [ 2207440.0, 5058978.0 ], [ 2207443.0, 5058970.0 ], [ 2207446.0, 5058966.0 ], [ 2207449.0, 5058961.0 ], [ 2207453.0, 5058955.0 ], [ 2207460.0, 5058946.0 ], [ 2207464.0, 5058941.0 ], [ 2207468.0, 5058937.0 ], [ 2207473.0, 5058932.0 ], [ 2207479.0, 5058928.0 ] ] } },
{ "type": "Feature", "properties": { "betweenness_centrality": "0.0015841584158415843", "source": "1840559159.0", "target": "7976384016.0", "ordering_betweenness_centrality": "249", "length": 468, "length_cumulative": 345180 }, "geometry": { "type": "MultiLineString", "coordinates": [ [ [ 2204380.0, 5059332.0 ], [ 2204362.0, 5059255.0 ], [ 2204361.0, 5059251.0 ], [ 2204361.0, 5059243.0 ] ], [ [ 2204360.0, 5059230.0 ], [ 2204359.0, 5059225.0 ], [ 2204354.0, 5059213.0 ], [ 2204340.0, 5059170.0 ], [ 2204337.0, 5059163.0 ], [ 2204335.0, 5059156.0 ], [ 2204335.0, 5059152.0 ], [ 2204334.0, 5059146.0 ], [ 2204337.0, 5059137.0 ], [ 2204338.0, 5059136.0 ], [ 2204340.0, 5059128.0 ], [ 2204341.0, 5059123.0 ], [ 2204341.0, 5059115.0 ], [ 2204339.0, 5059106.0 ], [ 2204334.0, 5059088.0 ], [ 2204333.0, 5059085.0 ], [ 2204324.0, 5059055.0 ], [ 2204314.0, 5059017.0 ], [ 2204323.0, 5059014.0 ], [ 2204461.0, 5058967.0 ] ] ] } },
{ "type": "Feature", "properties": { "betweenness_centrality": "0.0015841584158415843", "source": "2070101512.0", "target": "11780733370.0", "ordering_betweenness_centrality": "250", "length": 719, "length_cumulative": 345900 }, "geometry": { "type": "LineString", "coordinates": [ [ 2202917.0, 5060061.0 ], [ 2202909.0, 5060103.0 ], [ 2202891.0, 5060162.0 ], [ 2202867.0, 5060217.0 ], [ 2202836.0, 5060268.0 ], [ 2202815.0, 5060309.0 ], [ 2202792.0, 5060351.0 ], [ 2202766.0, 5060410.0 ], [ 2202757.0, 5060433.0 ], [ 2202742.0, 5060471.0 ], [ 2202730.0, 5060499.0 ], [ 2202715.0, 5060534.0 ], [ 2202695.0, 5060580.0 ], [ 2202690.0, 5060592.0 ], [ 2202639.0, 5060722.0 ] ] } },
{ "type": "Feature", "properties": { "betweenness_centrality": "0.0015841584158415843", "source": "571094423.0", "target": "4663130882.0", "ordering_betweenness_centrality": "251", "length": 603, "length_cumulative": 346503 }, "geometry": { "type": "MultiLineString", "coordinates": [ [ [ 2208206.0, 5061838.0 ], [ 2208219.0, 5061823.0 ], [ 2208226.0, 5061807.0 ], [ 2208236.0, 5061784.0 ], [ 2208241.0, 5061754.0 ], [ 2208212.0, 5061746.0 ], [ 2208191.0, 5061740.0 ], [ 2208174.0, 5061735.0 ], [ 2208125.0, 5061717.0 ], [ 2208112.0, 5061712.0 ], [ 2208102.0, 5061708.0 ], [ 2208121.0, 5061683.0 ], [ 2208126.0, 5061676.0 ], [ 2208130.0, 5061671.0 ], [ 2208134.0, 5061667.0 ], [ 2208151.0, 5061646.0 ], [ 2208177.0, 5061614.0 ] ], [ [ 2208177.0, 5061614.0 ], [ 2208209.0, 5061573.0 ], [ 2208212.0, 5061565.0 ] ], [ [ 2208212.0, 5061565.0 ], [ 2208214.0, 5061561.0 ], [ 2208215.0, 5061555.0 ] ], [ [ 2208215.0, 5061555.0 ], [ 2208219.0, 5061547.0 ], [ 2208222.0, 5061542.0 ], [ 2208228.0, 5061537.0 ], [ 2208233.0, 5061535.0 ], [ 2208234.0, 5061525.0 ], [ 2208234.0, 5061518.0 ], [ 2208235.0, 5061512.0 ], [ 2208236.0, 5061505.0 ], [ 2208238.0, 5061501.0 ], [ 2208241.0, 5061498.0 ], [ 2208247.0, 5061495.0 ], [ 2208227.0, 5061457.0 ], [ 2208222.0, 5061448.0 ], [ 2208229.0, 5061431.0 ], [ 2208239.0, 5061412.0 ], [ 2208242.0, 5061406.0 ] ] ] } },
{ "type": "Feature", "properties": { "betweenness_centrality": "0.0015841584158415843", "source": "11159735680.0", "target": "2608865125.0", "ordering_betweenness_centrality": "252", "length": 466, "length_cumulative": 346970 }, "geometry": { "type": "MultiLineString", "coordinates": [ [ [ 2205319.0, 5059648.0 ], [ 2205355.0, 5059656.0 ], [ 2205390.0, 5059663.0 ], [ 2205404.0, 5059660.0 ], [ 2205415.0, 5059656.0 ], [ 2205425.0, 5059651.0 ], [ 2205431.0, 5059647.0 ], [ 2205436.0, 5059643.0 ], [ 2205446.0, 5059633.0 ], [ 2205453.0, 5059626.0 ], [ 2205462.0, 5059609.0 ], [ 2205480.0, 5059527.0 ], [ 2205486.0, 5059497.0 ], [ 2205491.0, 5059470.0 ], [ 2205494.0, 5059451.0 ], [ 2205494.0, 5059443.0 ], [ 2205532.0, 5059450.0 ], [ 2205605.0, 5059466.0 ] ], [ [ 2205703.0, 5059419.0 ], [ 2205704.0, 5059415.0 ], [ 2205707.0, 5059403.0 ] ] ] } },
{ "type": "Feature", "properties": { "betweenness_centrality": "0.0013861386138613863", "source": "10560046785.0", "target": "6300665472.0", "ordering_betweenness_centrality": "253", "length": 47, "length_cumulative": 347017 }, "geometry": { "type": "LineString", "coordinates": [ [ 2205724.0, 5057721.0 ], [ 2205736.0, 5057715.0 ], [ 2205747.0, 5057708.0 ], [ 2205738.0, 5057718.0 ], [ 2205743.0, 5057726.0 ] ] } },
{ "type": "Feature", "properties": { "betweenness_centrality": "0.0011881188118811883", "source": "4609831638.0", "target": "1863377926.0", "ordering_betweenness_centrality": "254", "length": 553, "length_cumulative": 347570 }, "geometry": { "type": "MultiLineString", "coordinates": [ [ [ 2201051.0, 5058372.0 ], [ 2201039.0, 5058391.0 ] ], [ [ 2200859.0, 5058346.0 ], [ 2200849.0, 5058323.0 ], [ 2200725.0, 5058374.0 ], [ 2200688.0, 5058389.0 ], [ 2200678.0, 5058393.0 ], [ 2200674.0, 5058397.0 ], [ 2200670.0, 5058401.0 ], [ 2200655.0, 5058428.0 ], [ 2200635.0, 5058462.0 ], [ 2200622.0, 5058486.0 ], [ 2200581.0, 5058556.0 ] ], [ [ 2200581.0, 5058556.0 ], [ 2200578.0, 5058563.0 ], [ 2200557.0, 5058602.0 ], [ 2200550.0, 5058614.0 ] ], [ [ 2200550.0, 5058614.0 ], [ 2200543.0, 5058627.0 ], [ 2200523.0, 5058664.0 ], [ 2200519.0, 5058671.0 ] ] ] } },
{ "type": "Feature", "properties": { "betweenness_centrality": "0.0011881188118811883", "source": "4609831638.0", "target": "1863318445.0", "ordering_betweenness_centrality": "255", "length": 425, "length_cumulative": 347996 }, "geometry": { "type": "LineString", "coordinates": [ [ 2200785.0, 5058572.0 ], [ 2200805.0, 5058535.0 ], [ 2200842.0, 5058556.0 ], [ 2200851.0, 5058560.0 ], [ 2200866.0, 5058530.0 ], [ 2200872.0, 5058524.0 ], [ 2200880.0, 5058521.0 ], [ 2200911.0, 5058529.0 ], [ 2200949.0, 5058550.0 ], [ 2200967.0, 5058518.0 ], [ 2201040.0, 5058525.0 ], [ 2201053.0, 5058526.0 ], [ 2201062.0, 5058523.0 ], [ 2201069.0, 5058517.0 ], [ 2201081.0, 5058499.0 ], [ 2201100.0, 5058463.0 ] ] } },
{ "type": "Feature", "properties": { "betweenness_centrality": "0.0011881188118811883", "source": "11159735680.0", "target": "1840198278.0", "ordering_betweenness_centrality": "256", "length": 129, "length_cumulative": 348126 }, "geometry": { "type": "LineString", "coordinates": [ [ 2205733.0, 5059293.0 ], [ 2205741.0, 5059277.0 ], [ 2205749.0, 5059232.0 ], [ 2205755.0, 5059199.0 ], [ 2205788.0, 5059207.0 ] ] } },
{ "type": "Feature", "properties": { "betweenness_centrality": "0.0011881188118811883", "source": "6946535684.0", "target": "1840559248.0", "ordering_betweenness_centrality": "257", "length": 300, "length_cumulative": 348426 }, "geometry": { "type": "MultiLineString", "coordinates": [ [ [ 2203466.0, 5059841.0 ], [ 2203471.0, 5059854.0 ], [ 2203466.0, 5059873.0 ], [ 2203434.0, 5059959.0 ], [ 2203449.0, 5059965.0 ], [ 2203414.0, 5060063.0 ], [ 2203442.0, 5060074.0 ], [ 2203449.0, 5060077.0 ] ], [ [ 2203523.0, 5060111.0 ], [ 2203522.0, 5060113.0 ], [ 2203517.0, 5060126.0 ] ] ] } },
{ "type": "Feature", "properties": { "betweenness_centrality": "0.0009900990099009901", "source": "1840198278.0", "target": "8384180724.0", "ordering_betweenness_centrality": "258", "length": 9, "length_cumulative": 348435 }, "geometry": { "type": "LineString", "coordinates": [ [ 2205776.0, 5058572.0 ], [ 2205784.0, 5058577.0 ] ] } },
{ "type": "Feature", "properties": { "betweenness_centrality": "0.0009900990099009901", "source": "4587669914.0", "target": "12074636513.0", "ordering_betweenness_centrality": "260", "length": 410, "length_cumulative": 348846 }, "geometry": { "type": "LineString", "coordinates": [ [ 2205661.0, 5063559.0 ], [ 2205663.0, 5063549.0 ], [ 2205675.0, 5063483.0 ], [ 2205667.0, 5063481.0 ], [ 2205668.0, 5063443.0 ], [ 2205678.0, 5063410.0 ], [ 2205681.0, 5063396.0 ], [ 2205684.0, 5063375.0 ], [ 2205687.0, 5063360.0 ], [ 2205693.0, 5063337.0 ], [ 2205699.0, 5063315.0 ], [ 2205701.0, 5063303.0 ], [ 2205704.0, 5063290.0 ], [ 2205707.0, 5063273.0 ], [ 2205708.0, 5063262.0 ], [ 2205710.0, 5063256.0 ], [ 2205700.0, 5063254.0 ], [ 2205713.0, 5063190.0 ], [ 2205723.0, 5063192.0 ], [ 2205724.0, 5063184.0 ] ] } },
{ "type": "Feature", "properties": { "betweenness_centrality": "0.0009900990099009901", "source": "6938359653.0", "target": "6946535684.0", "ordering_betweenness_centrality": "261", "length": 385, "length_cumulative": 349231 }, "geometry": { "type": "MultiLineString", "coordinates": [ [ [ 2203967.0, 5060093.0 ], [ 2203945.0, 5060084.0 ], [ 2203943.0, 5060088.0 ] ], [ [ 2203943.0, 5060088.0 ], [ 2203941.0, 5060094.0 ], [ 2203939.0, 5060098.0 ], [ 2203910.0, 5060086.0 ], [ 2203899.0, 5060116.0 ], [ 2203876.0, 5060176.0 ], [ 2203857.0, 5060228.0 ], [ 2203855.0, 5060235.0 ] ], [ [ 2203855.0, 5060235.0 ], [ 2203854.0, 5060238.0 ], [ 2203849.0, 5060251.0 ], [ 2203846.0, 5060258.0 ], [ 2203887.0, 5060274.0 ], [ 2203877.0, 5060303.0 ] ], [ [ 2203887.0, 5060307.0 ], [ 2203874.0, 5060340.0 ] ], [ [ 2203888.0, 5060381.0 ], [ 2203885.0, 5060389.0 ], [ 2203882.0, 5060397.0 ], [ 2203880.0, 5060402.0 ] ] ] } },
{ "type": "Feature", "properties": { "betweenness_centrality": "0.0007920792079207921", "source": "2379543870.0", "target": "2379572122.0", "ordering_betweenness_centrality": "263", "length": 3105, "length_cumulative": 352337 }, "geometry": { "type": "LineString", "coordinates": [ [ 2208251.0, 5058690.0 ], [ 2208267.0, 5058705.0 ], [ 2208271.0, 5058711.0 ], [ 2208276.0, 5058720.0 ], [ 2208281.0, 5058730.0 ], [ 2208285.0, 5058729.0 ], [ 2208290.0, 5058734.0 ], [ 2208303.0, 5058755.0 ], [ 2208320.0, 5058781.0 ], [ 2208340.0, 5058813.0 ], [ 2208366.0, 5058853.0 ], [ 2208363.0, 5058857.0 ], [ 2208366.0, 5058866.0 ], [ 2208370.0, 5058872.0 ], [ 2208366.0, 5058880.0 ], [ 2208364.0, 5058890.0 ], [ 2208361.0, 5058900.0 ], [ 2208359.0, 5058908.0 ], [ 2208367.0, 5058920.0 ], [ 2208345.0, 5058930.0 ], [ 2208311.0, 5058951.0 ], [ 2208292.0, 5058964.0 ], [ 2208286.0, 5058967.0 ], [ 2208280.0, 5058972.0 ], [ 2208251.0, 5058994.0 ], [ 2208235.0, 5059005.0 ], [ 2208231.0, 5059008.0 ], [ 2208213.0, 5059014.0 ], [ 2208209.0, 5059016.0 ], [ 2208187.0, 5059024.0 ], [ 2208184.0, 5059025.0 ], [ 2208172.0, 5059030.0 ], [ 2208163.0, 5059038.0 ], [ 2208155.0, 5059047.0 ], [ 2208139.0, 5059060.0 ], [ 2208137.0, 5059062.0 ], [ 2208121.0, 5059074.0 ], [ 2208101.0, 5059087.0 ], [ 2208085.0, 5059098.0 ], [ 2208067.0, 5059109.0 ], [ 2208058.0, 5059113.0 ], [ 2208049.0, 5059118.0 ], [ 2208040.0, 5059121.0 ], [ 2208032.0, 5059125.0 ], [ 2208028.0, 5059126.0 ], [ 2208024.0, 5059127.0 ], [ 2208021.0, 5059128.0 ], [ 2208017.0, 5059128.0 ], [ 2207999.0, 5059132.0 ], [ 2207978.0, 5059137.0 ], [ 2207967.0, 5059139.0 ], [ 2207961.0, 5059141.0 ], [ 2207957.0, 5059143.0 ], [ 2207954.0, 5059144.0 ], [ 2207949.0, 5059148.0 ], [ 2207945.0, 5059152.0 ], [ 2207940.0, 5059159.0 ], [ 2207934.0, 5059170.0 ], [ 2207921.0, 5059187.0 ], [ 2207925.0, 5059189.0 ], [ 2207929.0, 5059192.0 ], [ 2207935.0, 5059198.0 ], [ 2207941.0, 5059203.0 ], [ 2207943.0, 5059206.0 ], [ 2207949.0, 5059213.0 ], [ 2207952.0, 5059217.0 ], [ 2207954.0, 5059219.0 ], [ 2207957.0, 5059223.0 ], [ 2207959.0, 5059226.0 ], [ 2207967.0, 5059224.0 ], [ 2207997.0, 5059220.0 ], [ 2208020.0, 5059214.0 ], [ 2208030.0, 5059212.0 ], [ 2208037.0, 5059209.0 ], [ 2208090.0, 5059189.0 ], [ 2208105.0, 5059214.0 ], [ 2208109.0, 5059217.0 ], [ 2208113.0, 5059218.0 ], [ 2208163.0, 5059216.0 ], [ 2208171.0, 5059216.0 ], [ 2208279.0, 5059230.0 ], [ 2208282.0, 5059231.0 ], [ 2208284.0, 5059233.0 ], [ 2208293.0, 5059241.0 ], [ 2208296.0, 5059243.0 ], [ 2208301.0, 5059243.0 ], [ 2208351.0, 5059247.0 ], [ 2208365.0, 5059248.0 ], [ 2208405.0, 5059252.0 ], [ 2208407.0, 5059252.0 ], [ 2208410.0, 5059252.0 ], [ 2208415.0, 5059276.0 ], [ 2208416.0, 5059280.0 ], [ 2208416.0, 5059284.0 ], [ 2208417.0, 5059307.0 ], [ 2208418.0, 5059348.0 ], [ 2208418.0, 5059368.0 ], [ 2208418.0, 5059389.0 ], [ 2208428.0, 5059391.0 ], [ 2208440.0, 5059394.0 ], [ 2208453.0, 5059396.0 ], [ 2208465.0, 5059399.0 ], [ 2208482.0, 5059402.0 ], [ 2208516.0, 5059412.0 ], [ 2208541.0, 5059420.0 ], [ 2208571.0, 5059429.0 ], [ 2208589.0, 5059434.0 ], [ 2208597.0, 5059436.0 ], [ 2208602.0, 5059438.0 ], [ 2208618.0, 5059441.0 ], [ 2208625.0, 5059443.0 ], [ 2208635.0, 5059445.0 ], [ 2208644.0, 5059446.0 ], [ 2208653.0, 5059448.0 ], [ 2208663.0, 5059450.0 ], [ 2208673.0, 5059452.0 ], [ 2208685.0, 5059455.0 ], [ 2208693.0, 5059458.0 ], [ 2208700.0, 5059461.0 ], [ 2208707.0, 5059467.0 ], [ 2208700.0, 5059477.0 ], [ 2208697.0, 5059482.0 ], [ 2208691.0, 5059491.0 ], [ 2208688.0, 5059496.0 ], [ 2208686.0, 5059500.0 ], [ 2208684.0, 5059507.0 ], [ 2208683.0, 5059511.0 ], [ 2208682.0, 5059514.0 ], [ 2208682.0, 5059522.0 ], [ 2208681.0, 5059555.0 ], [ 2208680.0, 5059561.0 ], [ 2208680.0, 5059577.0 ], [ 2208680.0, 5059584.0 ], [ 2208680.0, 5059593.0 ], [ 2208679.0, 5059602.0 ], [ 2208678.0, 5059614.0 ], [ 2208675.0, 5059639.0 ], [ 2208672.0, 5059652.0 ], [ 2208669.0, 5059659.0 ], [ 2208667.0, 5059665.0 ], [ 2208666.0, 5059672.0 ], [ 2208666.0, 5059681.0 ], [ 2208665.0, 5059691.0 ], [ 2208664.0, 5059699.0 ], [ 2208662.0, 5059710.0 ], [ 2208672.0, 5059709.0 ], [ 2208678.0, 5059709.0 ], [ 2208687.0, 5059709.0 ], [ 2208695.0, 5059709.0 ], [ 2208702.0, 5059709.0 ], [ 2208708.0, 5059710.0 ], [ 2208719.0, 5059710.0 ], [ 2208729.0, 5059712.0 ], [ 2208739.0, 5059713.0 ], [ 2208752.0, 5059715.0 ], [ 2208760.0, 5059717.0 ], [ 2208771.0, 5059720.0 ], [ 2208780.0, 5059722.0 ], [ 2208782.0, 5059723.0 ], [ 2208794.0, 5059728.0 ], [ 2208819.0, 5059738.0 ], [ 2208847.0, 5059750.0 ], [ 2208865.0, 5059758.0 ], [ 2208877.0, 5059764.0 ], [ 2208895.0, 5059772.0 ], [ 2208922.0, 5059783.0 ], [ 2208945.0, 5059792.0 ], [ 2208960.0, 5059797.0 ], [ 2208973.0, 5059802.0 ], [ 2208985.0, 5059808.0 ], [ 2208990.0, 5059811.0 ], [ 2209000.0, 5059817.0 ], [ 2209009.0, 5059821.0 ], [ 2209015.0, 5059823.0 ], [ 2209021.0, 5059826.0 ], [ 2209026.0, 5059827.0 ], [ 2209033.0, 5059829.0 ], [ 2209039.0, 5059830.0 ], [ 2209049.0, 5059832.0 ], [ 2209061.0, 5059832.0 ], [ 2209073.0, 5059833.0 ], [ 2209081.0, 5059834.0 ], [ 2209090.0, 5059836.0 ], [ 2209099.0, 5059838.0 ], [ 2209109.0, 5059842.0 ], [ 2209117.0, 5059844.0 ], [ 2209128.0, 5059848.0 ], [ 2209141.0, 5059852.0 ], [ 2209172.0, 5059863.0 ], [ 2209196.0, 5059872.0 ], [ 2209230.0, 5059884.0 ], [ 2209252.0, 5059891.0 ], [ 2209275.0, 5059898.0 ], [ 2209300.0, 5059905.0 ], [ 2209303.0, 5059906.0 ], [ 2209386.0, 5059931.0 ], [ 2209410.0, 5059939.0 ], [ 2209425.0, 5059944.0 ], [ 2209470.0, 5059961.0 ], [ 2209486.0, 5059966.0 ], [ 2209544.0, 5059984.0 ], [ 2209556.0, 5059987.0 ], [ 2209563.0, 5059989.0 ], [ 2209581.0, 5059993.0 ], [ 2209616.0, 5059998.0 ], [ 2209636.0, 5060000.0 ], [ 2209670.0, 5060004.0 ], [ 2209691.0, 5060007.0 ] ] } },
{ "type": "Feature", "properties": { "betweenness_centrality": "0.0007920792079207921", "source": "7533962848.0", "target": "1863377926.0", "ordering_betweenness_centrality": "264", "length": 67, "length_cumulative": 352404 }, "geometry": { "type": "MultiLineString", "coordinates": [ [ [ 2200385.0, 5058692.0 ], [ 2200414.0, 5058710.0 ], [ 2200411.0, 5058716.0 ] ], [ [ 2202212.0, 5063363.0 ], [ 2202204.0, 5063371.0 ], [ 2202199.0, 5063375.0 ], [ 2202195.0, 5063377.0 ], [ 2202195.0, 5063380.0 ], [ 2202195.0, 5063382.0 ] ] ] } },
{ "type": "Feature", "properties": { "betweenness_centrality": "0.0007920792079207921", "source": "4621966541.0", "target": "2379608971.0", "ordering_betweenness_centrality": "265", "length": 27, "length_cumulative": 352432 }, "geometry": { "type": "LineString", "coordinates": [ [ 2209063.0, 5061043.0 ], [ 2209066.0, 5061031.0 ], [ 2209067.0, 5061024.0 ], [ 2209068.0, 5061021.0 ], [ 2209069.0, 5061016.0 ] ] } },
{ "type": "Feature", "properties": { "betweenness_centrality": "0.0007920792079207921", "source": "4663281819.0", "target": "4584301793.0", "ordering_betweenness_centrality": "266", "length": 13, "length_cumulative": 352445 }, "geometry": { "type": "LineString", "coordinates": [ [ 2203041.0, 5062338.0 ], [ 2203037.0, 5062351.0 ] ] } },
{ "type": "Feature", "properties": { "betweenness_centrality": "0.0005940594059405942", "source": "4585192008.0", "target": "6388434839.0", "ordering_betweenness_centrality": "267", "length": 298, "length_cumulative": 352744 }, "geometry": { "type": "LineString", "coordinates": [ [ 2209003.0, 5064198.0 ], [ 2209006.0, 5064190.0 ], [ 2209010.0, 5064181.0 ], [ 2209010.0, 5064177.0 ], [ 2209011.0, 5064167.0 ], [ 2209011.0, 5064164.0 ], [ 2209010.0, 5064153.0 ], [ 2209009.0, 5064141.0 ], [ 2209008.0, 5064133.0 ], [ 2209006.0, 5064123.0 ], [ 2209003.0, 5064103.0 ], [ 2209001.0, 5064084.0 ], [ 2208999.0, 5064050.0 ], [ 2208997.0, 5064029.0 ], [ 2208994.0, 5064012.0 ], [ 2208991.0, 5063996.0 ], [ 2208985.0, 5063979.0 ], [ 2208978.0, 5063961.0 ], [ 2208958.0, 5063917.0 ], [ 2208966.0, 5063914.0 ] ] } },
{ "type": "Feature", "properties": { "betweenness_centrality": "0.0005940594059405942", "source": "6800236090.0", "target": "7034459546.0", "ordering_betweenness_centrality": "269", "length": 1403, "length_cumulative": 354147 }, "geometry": { "type": "MultiLineString", "coordinates": [ [ [ 2210486.0, 5061604.0 ], [ 2210461.0, 5061633.0 ], [ 2210457.0, 5061638.0 ], [ 2210452.0, 5061645.0 ], [ 2210448.0, 5061654.0 ], [ 2210443.0, 5061664.0 ], [ 2210440.0, 5061673.0 ], [ 2210438.0, 5061684.0 ], [ 2210428.0, 5061735.0 ], [ 2210425.0, 5061755.0 ], [ 2210414.0, 5061805.0 ], [ 2210413.0, 5061812.0 ], [ 2210412.0, 5061818.0 ], [ 2210410.0, 5061839.0 ], [ 2210409.0, 5061870.0 ], [ 2210406.0, 5061920.0 ], [ 2210405.0, 5061947.0 ], [ 2210405.0, 5061956.0 ], [ 2210397.0, 5061988.0 ], [ 2210391.0, 5062101.0 ] ], [ [ 2210391.0, 5062101.0 ], [ 2210385.0, 5062243.0 ], [ 2210376.0, 5062346.0 ], [ 2210368.0, 5062398.0 ], [ 2210355.0, 5062473.0 ], [ 2210337.0, 5062559.0 ], [ 2210312.0, 5062670.0 ], [ 2210262.0, 5062913.0 ], [ 2210248.0, 5062975.0 ] ] ] } },
{ "type": "Feature", "properties": { "betweenness_centrality": "0.00039603960396039607", "source": "4584301793.0", "target": "4597856176.0", "ordering_betweenness_centrality": "271", "length": 331, "length_cumulative": 354479 }, "geometry": { "type": "LineString", "coordinates": [ [ 2203338.0, 5062508.0 ], [ 2203359.0, 5062548.0 ], [ 2203374.0, 5062581.0 ], [ 2203418.0, 5062563.0 ], [ 2203429.0, 5062589.0 ], [ 2203433.0, 5062592.0 ], [ 2203438.0, 5062602.0 ], [ 2203441.0, 5062601.0 ], [ 2203455.0, 5062635.0 ], [ 2203465.0, 5062631.0 ], [ 2203479.0, 5062662.0 ], [ 2203511.0, 5062649.0 ], [ 2203515.0, 5062686.0 ] ] } },
{ "type": "Feature", "properties": { "betweenness_centrality": "0.00039603960396039607", "source": "4512764752.0", "target": "6800236090.0", "ordering_betweenness_centrality": "272", "length": 1630, "length_cumulative": 356110 }, "geometry": { "type": "MultiLineString", "coordinates": [ [ [ 2209095.0, 5064213.0 ], [ 2209097.0, 5064211.0 ], [ 2209101.0, 5064208.0 ], [ 2209106.0, 5064204.0 ], [ 2209122.0, 5064195.0 ], [ 2209141.0, 5064185.0 ], [ 2209159.0, 5064175.0 ], [ 2209181.0, 5064163.0 ], [ 2209202.0, 5064152.0 ], [ 2209221.0, 5064141.0 ], [ 2209238.0, 5064132.0 ], [ 2209250.0, 5064125.0 ], [ 2209261.0, 5064118.0 ], [ 2209272.0, 5064110.0 ], [ 2209285.0, 5064101.0 ], [ 2209297.0, 5064093.0 ], [ 2209305.0, 5064088.0 ], [ 2209320.0, 5064078.0 ], [ 2209338.0, 5064068.0 ], [ 2209357.0, 5064058.0 ], [ 2209381.0, 5064044.0 ], [ 2209402.0, 5064033.0 ], [ 2209422.0, 5064021.0 ], [ 2209443.0, 5064010.0 ], [ 2209462.0, 5063999.0 ], [ 2209486.0, 5063986.0 ], [ 2209507.0, 5063975.0 ], [ 2209522.0, 5063966.0 ], [ 2209526.0, 5063963.0 ], [ 2209529.0, 5063960.0 ], [ 2209532.0, 5063957.0 ], [ 2209534.0, 5063953.0 ], [ 2209559.0, 5063940.0 ], [ 2209596.0, 5063920.0 ], [ 2209630.0, 5063901.0 ], [ 2209665.0, 5063882.0 ], [ 2209750.0, 5063834.0 ], [ 2209793.0, 5063812.0 ], [ 2209819.0, 5063796.0 ], [ 2209849.0, 5063781.0 ], [ 2209880.0, 5063764.0 ], [ 2209901.0, 5063751.0 ], [ 2209923.0, 5063736.0 ], [ 2209956.0, 5063713.0 ], [ 2209981.0, 5063693.0 ], [ 2209999.0, 5063676.0 ], [ 2210021.0, 5063654.0 ], [ 2210031.0, 5063642.0 ], [ 2210050.0, 5063619.0 ], [ 2210068.0, 5063595.0 ], [ 2210087.0, 5063562.0 ], [ 2210104.0, 5063534.0 ], [ 2210121.0, 5063496.0 ] ], [ [ 2210121.0, 5063496.0 ], [ 2210124.0, 5063491.0 ], [ 2210140.0, 5063447.0 ], [ 2210152.0, 5063403.0 ], [ 2210173.0, 5063315.0 ], [ 2210194.0, 5063218.0 ], [ 2210210.0, 5063150.0 ] ] ] } },
{ "type": "Feature", "properties": { "betweenness_centrality": "0.00039603960396039607", "source": "12076184584.0", "target": "10560046785.0", "ordering_betweenness_centrality": "273", "length": 1799, "length_cumulative": 357909 }, "geometry": { "type": "MultiLineString", "coordinates": [ [ [ 2206869.0, 5057573.0 ], [ 2206881.0, 5057569.0 ], [ 2206890.0, 5057568.0 ], [ 2206894.0, 5057587.0 ], [ 2206897.0, 5057598.0 ], [ 2206900.0, 5057604.0 ], [ 2206902.0, 5057608.0 ], [ 2206911.0, 5057614.0 ], [ 2206918.0, 5057616.0 ], [ 2206924.0, 5057615.0 ], [ 2206996.0, 5057602.0 ], [ 2207060.0, 5057590.0 ], [ 2207064.0, 5057591.0 ], [ 2207066.0, 5057593.0 ], [ 2207071.0, 5057586.0 ], [ 2207077.0, 5057579.0 ], [ 2207088.0, 5057572.0 ], [ 2207092.0, 5057569.0 ], [ 2207099.0, 5057566.0 ], [ 2207131.0, 5057552.0 ], [ 2207140.0, 5057551.0 ], [ 2207149.0, 5057553.0 ], [ 2207156.0, 5057556.0 ], [ 2207165.0, 5057560.0 ], [ 2207179.0, 5057563.0 ], [ 2207193.0, 5057562.0 ], [ 2207211.0, 5057562.0 ], [ 2207239.0, 5057561.0 ], [ 2207284.0, 5057555.0 ], [ 2207291.0, 5057557.0 ], [ 2207296.0, 5057563.0 ], [ 2207318.0, 5057585.0 ], [ 2207336.0, 5057588.0 ], [ 2207350.0, 5057590.0 ], [ 2207344.0, 5057549.0 ], [ 2207350.0, 5057540.0 ], [ 2207360.0, 5057539.0 ], [ 2207367.0, 5057536.0 ], [ 2207374.0, 5057531.0 ], [ 2207382.0, 5057520.0 ], [ 2207396.0, 5057498.0 ], [ 2207399.0, 5057492.0 ], [ 2207411.0, 5057484.0 ], [ 2207413.0, 5057476.0 ], [ 2207419.0, 5057466.0 ], [ 2207427.0, 5057457.0 ], [ 2207437.0, 5057435.0 ], [ 2207437.0, 5057422.0 ], [ 2207439.0, 5057415.0 ], [ 2207434.0, 5057404.0 ], [ 2207435.0, 5057394.0 ], [ 2207439.0, 5057375.0 ], [ 2207445.0, 5057377.0 ], [ 2207465.0, 5057376.0 ], [ 2207486.0, 5057373.0 ], [ 2207522.0, 5057361.0 ], [ 2207528.0, 5057358.0 ], [ 2207552.0, 5057348.0 ], [ 2207537.0, 5057327.0 ], [ 2207515.0, 5057296.0 ], [ 2207509.0, 5057286.0 ], [ 2207506.0, 5057277.0 ], [ 2207503.0, 5057269.0 ], [ 2207501.0, 5057261.0 ], [ 2207501.0, 5057257.0 ], [ 2207501.0, 5057252.0 ], [ 2207502.0, 5057242.0 ], [ 2207504.0, 5057229.0 ], [ 2207506.0, 5057207.0 ], [ 2207509.0, 5057187.0 ], [ 2207511.0, 5057179.0 ], [ 2207517.0, 5057143.0 ] ], [ [ 2207517.0, 5057143.0 ], [ 2207519.0, 5057128.0 ], [ 2207520.0, 5057124.0 ], [ 2207529.0, 5057130.0 ], [ 2207673.0, 5057186.0 ], [ 2207677.0, 5057187.0 ], [ 2207681.0, 5057187.0 ], [ 2207686.0, 5057185.0 ], [ 2207712.0, 5057163.0 ], [ 2207750.0, 5057195.0 ], [ 2207765.0, 5057206.0 ], [ 2207783.0, 5057222.0 ], [ 2207787.0, 5057226.0 ], [ 2207792.0, 5057229.0 ], [ 2207799.0, 5057232.0 ], [ 2207814.0, 5057234.0 ], [ 2207835.0, 5057237.0 ], [ 2207851.0, 5057239.0 ], [ 2207865.0, 5057240.0 ], [ 2207883.0, 5057239.0 ], [ 2207897.0, 5057239.0 ], [ 2207917.0, 5057236.0 ], [ 2207925.0, 5057235.0 ], [ 2207939.0, 5057230.0 ], [ 2207946.0, 5057227.0 ], [ 2207956.0, 5057225.0 ], [ 2207966.0, 5057223.0 ], [ 2207976.0, 5057220.0 ], [ 2207985.0, 5057217.0 ], [ 2207994.0, 5057213.0 ], [ 2208002.0, 5057208.0 ], [ 2208008.0, 5057205.0 ], [ 2208016.0, 5057196.0 ], [ 2208030.0, 5057197.0 ], [ 2208037.0, 5057196.0 ], [ 2208047.0, 5057180.0 ], [ 2208056.0, 5057181.0 ], [ 2208062.0, 5057183.0 ], [ 2208071.0, 5057187.0 ], [ 2208079.0, 5057192.0 ], [ 2208078.0, 5057195.0 ], [ 2208069.0, 5057200.0 ] ] ] } },
{ "type": "Feature", "properties": { "betweenness_centrality": "0.00039603960396039607", "source": "6800236090.0", "target": "6802625980.0", "ordering_betweenness_centrality": "274", "length": 1350, "length_cumulative": 359260 }, "geometry": { "type": "MultiLineString", "coordinates": [ [ [ 2209709.0, 5062839.0 ], [ 2209724.0, 5062837.0 ], [ 2209746.0, 5062835.0 ], [ 2209771.0, 5062831.0 ], [ 2209828.0, 5062817.0 ], [ 2209859.0, 5062810.0 ], [ 2209899.0, 5062798.0 ], [ 2209908.0, 5062794.0 ], [ 2209917.0, 5062790.0 ], [ 2209924.0, 5062784.0 ], [ 2209929.0, 5062776.0 ], [ 2209934.0, 5062764.0 ], [ 2209938.0, 5062749.0 ], [ 2209942.0, 5062724.0 ], [ 2209951.0, 5062676.0 ], [ 2209952.0, 5062670.0 ], [ 2209956.0, 5062637.0 ], [ 2209958.0, 5062622.0 ], [ 2209962.0, 5062589.0 ], [ 2210060.0, 5062607.0 ], [ 2210100.0, 5062618.0 ], [ 2210129.0, 5062629.0 ], [ 2210141.0, 5062632.0 ], [ 2210153.0, 5062633.0 ], [ 2210166.0, 5062633.0 ], [ 2210185.0, 5062629.0 ], [ 2210205.0, 5062623.0 ], [ 2210222.0, 5062618.0 ], [ 2210238.0, 5062617.0 ], [ 2210258.0, 5062613.0 ], [ 2210265.0, 5062605.0 ], [ 2210268.0, 5062601.0 ], [ 2210284.0, 5062556.0 ], [ 2210298.0, 5062517.0 ], [ 2210306.0, 5062494.0 ], [ 2210318.0, 5062460.0 ], [ 2210325.0, 5062441.0 ], [ 2210328.0, 5062428.0 ], [ 2210331.0, 5062412.0 ], [ 2210334.0, 5062390.0 ], [ 2210336.0, 5062369.0 ], [ 2210333.0, 5062351.0 ], [ 2210329.0, 5062345.0 ], [ 2210344.0, 5062345.0 ], [ 2210375.0, 5062351.0 ] ], [ [ 2210375.0, 5062351.0 ], [ 2210393.0, 5062355.0 ], [ 2210403.0, 5062361.0 ], [ 2210481.0, 5062435.0 ], [ 2210490.0, 5062445.0 ], [ 2210492.0, 5062425.0 ], [ 2210494.0, 5062402.0 ], [ 2210500.0, 5062378.0 ], [ 2210450.0, 5062321.0 ] ] ] } },
{ "type": "Feature", "properties": { "betweenness_centrality": "0.00039603960396039607", "source": "7533962848.0", "target": "6879536410.0", "ordering_betweenness_centrality": "275", "length": 715, "length_cumulative": 359975 }, "geometry": { "type": "LineString", "coordinates": [ [ 2201314.0, 5064869.0 ], [ 2201312.0, 5064872.0 ], [ 2201309.0, 5064873.0 ], [ 2201306.0, 5064874.0 ], [ 2201302.0, 5064874.0 ], [ 2201299.0, 5064872.0 ], [ 2201297.0, 5064870.0 ], [ 2201295.0, 5064866.0 ], [ 2201295.0, 5064863.0 ], [ 2201296.0, 5064860.0 ], [ 2201291.0, 5064845.0 ], [ 2201286.0, 5064833.0 ], [ 2201280.0, 5064835.0 ], [ 2201276.0, 5064826.0 ], [ 2201264.0, 5064809.0 ], [ 2201245.0, 5064790.0 ], [ 2201183.0, 5064740.0 ], [ 2201110.0, 5064683.0 ], [ 2201095.0, 5064671.0 ], [ 2201046.0, 5064632.0 ], [ 2201021.0, 5064611.0 ], [ 2201005.0, 5064595.0 ], [ 2200983.0, 5064568.0 ], [ 2200961.0, 5064540.0 ], [ 2200950.0, 5064527.0 ], [ 2200939.0, 5064514.0 ], [ 2200929.0, 5064501.0 ], [ 2200922.0, 5064510.0 ], [ 2200911.0, 5064509.0 ], [ 2200902.0, 5064505.0 ], [ 2200883.0, 5064497.0 ], [ 2200864.0, 5064488.0 ], [ 2200851.0, 5064484.0 ], [ 2200840.0, 5064483.0 ], [ 2200810.0, 5064484.0 ], [ 2200788.0, 5064485.0 ], [ 2200776.0, 5064486.0 ] ] } },
{ "type": "Feature", "properties": { "betweenness_centrality": "0.00019801980198019803", "source": "2379572122.0", "target": "7034459546.0", "ordering_betweenness_centrality": "278", "length": 546, "length_cumulative": 360522 }, "geometry": { "type": "MultiLineString", "coordinates": [ [ [ 2209717.0, 5061698.0 ], [ 2209713.0, 5061690.0 ], [ 2209708.0, 5061683.0 ], [ 2209702.0, 5061676.0 ], [ 2209694.0, 5061671.0 ], [ 2209686.0, 5061668.0 ], [ 2209677.0, 5061666.0 ], [ 2209671.0, 5061666.0 ], [ 2209658.0, 5061667.0 ] ], [ [ 2209658.0, 5061667.0 ], [ 2209643.0, 5061674.0 ], [ 2209636.0, 5061680.0 ], [ 2209631.0, 5061686.0 ], [ 2209626.0, 5061693.0 ], [ 2209604.0, 5061689.0 ] ], [ [ 2209268.0, 5061519.0 ], [ 2209257.0, 5061511.0 ], [ 2209246.0, 5061503.0 ], [ 2209206.0, 5061463.0 ], [ 2209195.0, 5061451.0 ], [ 2209185.0, 5061442.0 ], [ 2209169.0, 5061428.0 ], [ 2209132.0, 5061397.0 ] ], [ [ 2209132.0, 5061397.0 ], [ 2209113.0, 5061382.0 ], [ 2209105.0, 5061376.0 ], [ 2209096.0, 5061368.0 ], [ 2209082.0, 5061357.0 ], [ 2209070.0, 5061348.0 ], [ 2209074.0, 5061342.0 ], [ 2209078.0, 5061336.0 ], [ 2209118.0, 5061272.0 ], [ 2209147.0, 5061223.0 ] ] ] } },
{ "type": "Feature", "properties": { "betweenness_centrality": "0.00019801980198019803", "source": "4512764752.0", "target": "6879536410.0", "ordering_betweenness_centrality": "280", "length": 4787, "length_cumulative": 365309 }, "geometry": { "type": "MultiLineString", "coordinates": [ [ [ 2209011.0, 5064164.0 ], [ 2209004.0, 5064166.0 ], [ 2209004.0, 5064155.0 ], [ 2209002.0, 5064140.0 ], [ 2209000.0, 5064121.0 ], [ 2208996.0, 5064087.0 ], [ 2208995.0, 5064063.0 ], [ 2208993.0, 5064043.0 ], [ 2208989.0, 5064022.0 ], [ 2208983.0, 5063994.0 ], [ 2208976.0, 5063976.0 ], [ 2208971.0, 5063966.0 ], [ 2208944.0, 5063908.0 ], [ 2208942.0, 5063902.0 ], [ 2208921.0, 5063910.0 ], [ 2208917.0, 5063904.0 ], [ 2208911.0, 5063897.0 ], [ 2208904.0, 5063881.0 ], [ 2208886.0, 5063840.0 ], [ 2208876.0, 5063837.0 ] ], [ [ 2208698.0, 5063916.0 ], [ 2208664.0, 5063910.0 ], [ 2208650.0, 5063908.0 ] ], [ [ 2208274.0, 5063851.0 ], [ 2208216.0, 5063844.0 ], [ 2208221.0, 5063810.0 ], [ 2208176.0, 5063804.0 ], [ 2208172.0, 5063837.0 ], [ 2207954.0, 5063809.0 ], [ 2207964.0, 5063734.0 ], [ 2207931.0, 5063731.0 ], [ 2207887.0, 5063725.0 ], [ 2207852.0, 5063721.0 ] ], [ [ 2207852.0, 5063721.0 ], [ 2207830.0, 5063718.0 ], [ 2207823.0, 5063716.0 ], [ 2207815.0, 5063712.0 ], [ 2207809.0, 5063708.0 ], [ 2207800.0, 5063705.0 ], [ 2207760.0, 5063696.0 ], [ 2207720.0, 5063688.0 ], [ 2207697.0, 5063683.0 ], [ 2207624.0, 5063668.0 ], [ 2207548.0, 5063651.0 ], [ 2207490.0, 5063639.0 ], [ 2207479.0, 5063637.0 ], [ 2207468.0, 5063635.0 ], [ 2207433.0, 5063627.0 ], [ 2207343.0, 5063608.0 ] ], [ [ 2207243.0, 5063587.0 ], [ 2207206.0, 5063579.0 ], [ 2207176.0, 5063573.0 ], [ 2207158.0, 5063569.0 ], [ 2207137.0, 5063565.0 ], [ 2207001.0, 5063536.0 ], [ 2206997.0, 5063535.0 ], [ 2206993.0, 5063537.0 ], [ 2206988.0, 5063538.0 ], [ 2206954.0, 5063532.0 ], [ 2206893.0, 5063520.0 ], [ 2206891.0, 5063520.0 ] ], [ [ 2206896.0, 5063504.0 ], [ 2206846.0, 5063495.0 ], [ 2206847.0, 5063492.0 ], [ 2206851.0, 5063471.0 ], [ 2206854.0, 5063457.0 ], [ 2206829.0, 5063453.0 ], [ 2206822.0, 5063451.0 ], [ 2206807.0, 5063449.0 ], [ 2206764.0, 5063440.0 ], [ 2206752.0, 5063435.0 ], [ 2206718.0, 5063423.0 ], [ 2206712.0, 5063421.0 ], [ 2206648.0, 5063397.0 ], [ 2206620.0, 5063387.0 ], [ 2206588.0, 5063376.0 ], [ 2206538.0, 5063360.0 ], [ 2206463.0, 5063339.0 ], [ 2206425.0, 5063327.0 ], [ 2206413.0, 5063364.0 ], [ 2206401.0, 5063397.0 ], [ 2206394.0, 5063395.0 ], [ 2206087.0, 5063289.0 ], [ 2206081.0, 5063288.0 ], [ 2206056.0, 5063345.0 ], [ 2206048.0, 5063361.0 ], [ 2206008.0, 5063453.0 ], [ 2205978.0, 5063522.0 ], [ 2205967.0, 5063517.0 ], [ 2205925.0, 5063505.0 ], [ 2205897.0, 5063498.0 ], [ 2205867.0, 5063494.0 ], [ 2205861.0, 5063493.0 ], [ 2205840.0, 5063489.0 ], [ 2205825.0, 5063485.0 ], [ 2205819.0, 5063484.0 ], [ 2205791.0, 5063473.0 ], [ 2205779.0, 5063468.0 ], [ 2205771.0, 5063465.0 ], [ 2205767.0, 5063460.0 ], [ 2205752.0, 5063443.0 ], [ 2205740.0, 5063470.0 ], [ 2205729.0, 5063498.0 ], [ 2205719.0, 5063522.0 ], [ 2205704.0, 5063558.0 ], [ 2205700.0, 5063566.0 ] ], [ [ 2205626.0, 5063553.0 ], [ 2205615.0, 5063551.0 ] ], [ [ 2205615.0, 5063551.0 ], [ 2205605.0, 5063549.0 ], [ 2205591.0, 5063546.0 ] ], [ [ 2205591.0, 5063546.0 ], [ 2205582.0, 5063545.0 ] ], [ [ 2205241.0, 5063407.0 ], [ 2205224.0, 5063401.0 ], [ 2205200.0, 5063391.0 ], [ 2205159.0, 5063374.0 ], [ 2205145.0, 5063368.0 ], [ 2205106.0, 5063352.0 ], [ 2205103.0, 5063351.0 ], [ 2205092.0, 5063346.0 ], [ 2205047.0, 5063329.0 ], [ 2205038.0, 5063325.0 ], [ 2205025.0, 5063367.0 ], [ 2205005.0, 5063428.0 ], [ 2205000.0, 5063443.0 ], [ 2204946.0, 5063418.0 ], [ 2204900.0, 5063399.0 ], [ 2204882.0, 5063391.0 ], [ 2204865.0, 5063382.0 ], [ 2204840.0, 5063367.0 ], [ 2204822.0, 5063356.0 ], [ 2204812.0, 5063352.0 ], [ 2204802.0, 5063350.0 ], [ 2204792.0, 5063348.0 ], [ 2204763.0, 5063333.0 ], [ 2204760.0, 5063332.0 ], [ 2204757.0, 5063333.0 ], [ 2204745.0, 5063349.0 ], [ 2204709.0, 5063331.0 ], [ 2204693.0, 5063323.0 ], [ 2204687.0, 5063318.0 ], [ 2204680.0, 5063311.0 ], [ 2204675.0, 5063308.0 ], [ 2204662.0, 5063303.0 ], [ 2204645.0, 5063297.0 ], [ 2204630.0, 5063290.0 ], [ 2204600.0, 5063275.0 ], [ 2204594.0, 5063272.0 ], [ 2204561.0, 5063321.0 ], [ 2204554.0, 5063330.0 ], [ 2204475.0, 5063441.0 ], [ 2204439.0, 5063429.0 ], [ 2204408.0, 5063419.0 ], [ 2204358.0, 5063405.0 ], [ 2204312.0, 5063395.0 ], [ 2204270.0, 5063387.0 ], [ 2204248.0, 5063383.0 ], [ 2204247.0, 5063391.0 ], [ 2204246.0, 5063397.0 ] ] ] } },
{ "type": "Feature", "properties": { "betweenness_centrality": "0.00019801980198019803", "source": "4512764752.0", "target": "7034459546.0", "ordering_betweenness_centrality": "282", "length": 46, "length_cumulative": 365356 }, "geometry": { "type": "MultiLineString", "coordinates": [ [ [ 2210124.0, 5063491.0 ], [ 2210121.0, 5063496.0 ] ], [ [ 2210121.0, 5063496.0 ], [ 2210104.0, 5063534.0 ] ] ] } },
{ "type": "Feature", "properties": { "betweenness_centrality": "0.00019801980198019803", "source": "12104395903.0", "target": "6802625980.0", "ordering_betweenness_centrality": "283", "length": 532, "length_cumulative": 365889 }, "geometry": { "type": "MultiLineString", "coordinates": [ [ [ 2210367.0, 5061863.0 ], [ 2210382.0, 5061860.0 ], [ 2210397.0, 5061857.0 ], [ 2210409.0, 5061855.0 ] ], [ [ 2210409.0, 5061855.0 ], [ 2210448.0, 5061847.0 ], [ 2210458.0, 5061845.0 ], [ 2210507.0, 5061834.0 ], [ 2210584.0, 5061814.0 ], [ 2210621.0, 5061804.0 ], [ 2210635.0, 5061801.0 ], [ 2210650.0, 5061798.0 ], [ 2210663.0, 5061796.0 ], [ 2210681.0, 5061793.0 ], [ 2210683.0, 5061793.0 ], [ 2210672.0, 5061730.0 ], [ 2210664.0, 5061686.0 ], [ 2210665.0, 5061678.0 ], [ 2210665.0, 5061664.0 ], [ 2210658.0, 5061633.0 ], [ 2210654.0, 5061622.0 ], [ 2210648.0, 5061589.0 ] ] ] } },
{ "type": "Feature", "properties": { "betweenness_centrality": "0.00019801980198019803", "source": "6732084907.0", "target": "2379572122.0", "ordering_betweenness_centrality": "284", "length": 217, "length_cumulative": 366106 }, "geometry": { "type": "MultiLineString", "coordinates": [ [ [ 2207992.0, 5058647.0 ], [ 2207983.0, 5058669.0 ], [ 2207978.0, 5058684.0 ], [ 2207976.0, 5058695.0 ], [ 2207974.0, 5058707.0 ], [ 2207975.0, 5058732.0 ], [ 2207976.0, 5058759.0 ], [ 2207976.0, 5058786.0 ], [ 2207976.0, 5058796.0 ] ], [ [ 2207857.0, 5059184.0 ], [ 2207904.0, 5059183.0 ], [ 2207909.0, 5059184.0 ], [ 2207914.0, 5059184.0 ], [ 2207918.0, 5059186.0 ], [ 2207921.0, 5059187.0 ] ] ] } },
{ "type": "Feature", "properties": { "betweenness_centrality": "0.00019801980198019803", "source": "11688419180.0", "target": "7533962848.0", "ordering_betweenness_centrality": "285", "length": 117, "length_cumulative": 366224 }, "geometry": { "type": "MultiLineString", "coordinates": [ [ [ 2201307.0, 5064823.0 ], [ 2201305.0, 5064823.0 ], [ 2201303.0, 5064822.0 ], [ 2201291.0, 5064817.0 ] ], [ [ 2201005.0, 5064569.0 ], [ 2200973.0, 5064529.0 ], [ 2200952.0, 5064503.0 ], [ 2200943.0, 5064511.0 ], [ 2200939.0, 5064514.0 ] ] ] } },
{ "type": "Feature", "properties": { "betweenness_centrality": "0.00019801980198019803", "source": "6802625980.0", "target": "7034459546.0", "ordering_betweenness_centrality": "286", "length": 510, "length_cumulative": 366735 }, "geometry": { "type": "LineString", "coordinates": [ [ 2211015.0, 5061525.0 ], [ 2211022.0, 5061566.0 ], [ 2211030.0, 5061611.0 ], [ 2211039.0, 5061659.0 ], [ 2210984.0, 5061669.0 ], [ 2210856.0, 5061695.0 ], [ 2210824.0, 5061701.0 ], [ 2210679.0, 5061728.0 ], [ 2210672.0, 5061730.0 ] ] } },
{ "type": "Feature", "properties": { "betweenness_centrality": "0.00019801980198019803", "source": "507688038.0", "target": "4607810900.0", "ordering_betweenness_centrality": "287", "length": 1455, "length_cumulative": 368190 }, "geometry": { "type": "MultiLineString", "coordinates": [ [ [ 2201642.0, 5059810.0 ], [ 2201686.0, 5059717.0 ], [ 2201692.0, 5059719.0 ], [ 2201737.0, 5059737.0 ], [ 2201746.0, 5059741.0 ], [ 2201752.0, 5059728.0 ], [ 2201800.0, 5059615.0 ], [ 2201805.0, 5059605.0 ], [ 2201836.0, 5059533.0 ], [ 2201841.0, 5059520.0 ], [ 2201872.0, 5059449.0 ], [ 2201873.0, 5059446.0 ] ], [ [ 2201873.0, 5059446.0 ], [ 2201877.0, 5059437.0 ] ], [ [ 2201877.0, 5059437.0 ], [ 2201879.0, 5059431.0 ] ], [ [ 2202117.0, 5059531.0 ], [ 2202123.0, 5059526.0 ], [ 2202128.0, 5059523.0 ], [ 2202166.0, 5059538.0 ], [ 2202172.0, 5059523.0 ], [ 2202205.0, 5059442.0 ], [ 2202253.0, 5059323.0 ], [ 2202304.0, 5059342.0 ], [ 2202325.0, 5059349.0 ], [ 2202349.0, 5059351.0 ], [ 2202382.0, 5059363.0 ], [ 2202386.0, 5059368.0 ], [ 2202417.0, 5059384.0 ], [ 2202421.0, 5059366.0 ], [ 2202438.0, 5059280.0 ], [ 2202454.0, 5059211.0 ], [ 2202457.0, 5059197.0 ], [ 2202465.0, 5059163.0 ], [ 2202471.0, 5059151.0 ], [ 2202482.0, 5059140.0 ], [ 2202509.0, 5059134.0 ], [ 2202532.0, 5059126.0 ], [ 2202554.0, 5059112.0 ], [ 2202565.0, 5059054.0 ], [ 2202582.0, 5058961.0 ] ] ] } },
{ "type": "Feature", "properties": { "betweenness_centrality": "0.00019801980198019803", "source": "6732084907.0", "target": "7034459546.0", "ordering_betweenness_centrality": "288", "length": 689, "length_cumulative": 368879 }, "geometry": { "type": "MultiLineString", "coordinates": [ [ [ 2207888.0, 5060155.0 ], [ 2207884.0, 5060171.0 ], [ 2207883.0, 5060173.0 ], [ 2207878.0, 5060193.0 ], [ 2207874.0, 5060206.0 ], [ 2207871.0, 5060225.0 ] ], [ [ 2207865.0, 5060234.0 ], [ 2207869.0, 5060243.0 ], [ 2207871.0, 5060252.0 ], [ 2207871.0, 5060258.0 ], [ 2207872.0, 5060262.0 ], [ 2207874.0, 5060266.0 ], [ 2207878.0, 5060271.0 ], [ 2207883.0, 5060276.0 ], [ 2207889.0, 5060279.0 ], [ 2207903.0, 5060282.0 ] ], [ [ 2208613.0, 5061014.0 ], [ 2208665.0, 5061054.0 ], [ 2208720.0, 5061100.0 ] ], [ [ 2208720.0, 5061100.0 ], [ 2208815.0, 5061170.0 ] ], [ [ 2208819.0, 5061173.0 ], [ 2208848.0, 5061195.0 ], [ 2208852.0, 5061199.0 ], [ 2208856.0, 5061209.0 ], [ 2208861.0, 5061211.0 ], [ 2208873.0, 5061215.0 ], [ 2208879.0, 5061218.0 ], [ 2208884.0, 5061221.0 ], [ 2208887.0, 5061222.0 ] ], [ [ 2208887.0, 5061222.0 ], [ 2208889.0, 5061224.0 ], [ 2208916.0, 5061238.0 ], [ 2208941.0, 5061252.0 ] ], [ [ 2208956.0, 5061261.0 ], [ 2208974.0, 5061273.0 ], [ 2208990.0, 5061284.0 ], [ 2209012.0, 5061302.0 ], [ 2209033.0, 5061317.0 ] ], [ [ 2209033.0, 5061317.0 ], [ 2209070.0, 5061348.0 ] ] ] } },
{ "type": "Feature", "properties": { "betweenness_centrality": "0.00019801980198019803", "source": "5863041152.0", "target": "11159735680.0", "ordering_betweenness_centrality": "289", "length": 508, "length_cumulative": 369387 }, "geometry": { "type": "MultiLineString", "coordinates": [ [ [ 2205808.0, 5059107.0 ], [ 2205811.0, 5059107.0 ], [ 2205816.0, 5059085.0 ], [ 2205856.0, 5059093.0 ], [ 2205934.0, 5059108.0 ], [ 2206006.0, 5059122.0 ], [ 2206010.0, 5059130.0 ], [ 2206019.0, 5059124.0 ], [ 2206025.0, 5059123.0 ], [ 2206032.0, 5059124.0 ], [ 2206077.0, 5059132.0 ], [ 2206104.0, 5059137.0 ], [ 2206110.0, 5059138.0 ], [ 2206118.0, 5059139.0 ], [ 2206146.0, 5059145.0 ], [ 2206178.0, 5059152.0 ], [ 2206191.0, 5059154.0 ], [ 2206200.0, 5059164.0 ], [ 2206218.0, 5059168.0 ], [ 2206223.0, 5059169.0 ], [ 2206227.0, 5059170.0 ], [ 2206260.0, 5059177.0 ], [ 2206273.0, 5059180.0 ] ], [ [ 2206273.0, 5059180.0 ], [ 2206279.0, 5059182.0 ] ] ] } },
{ "type": "Feature", "properties": { "betweenness_centrality": "0.0", "source": "507688038.0", "target": "8384180724.0", "ordering_betweenness_centrality": "290", "length": 528, "length_cumulative": 369916 }, "geometry": { "type": "LineString", "coordinates": [ [ 2203939.0, 5059174.0 ], [ 2203982.0, 5059126.0 ], [ 2204069.0, 5059012.0 ], [ 2204070.0, 5059028.0 ], [ 2204072.0, 5059071.0 ], [ 2204218.0, 5059096.0 ], [ 2204226.0, 5059092.0 ], [ 2204249.0, 5059084.0 ], [ 2204275.0, 5059073.0 ], [ 2204290.0, 5059065.0 ], [ 2204316.0, 5059058.0 ], [ 2204320.0, 5059057.0 ], [ 2204324.0, 5059055.0 ] ] } }
]
}
