{
"type": "FeatureCollection",
"name": "vienna-rail",
"crs": { "type": "name", "properties": { "name": "urn:ogc:def:crs:EPSG::3857" } },
"features": [
{ "type": "Feature", "properties": { "osmid": 4871574916.0 }, "geometry": { "type": "Point", "coordinates": [ 1827240.0, 6135995.0 ] } },
{ "type": "Feature", "properties": { "osmid": 381088.0 }, "geometry": { "type": "Point", "coordinates": [ 1814309.0, 6129726.0 ] } },
{ "type": "Feature", "properties": { "osmid": 9411104410.0 }, "geometry": { "type": "Point", "coordinates": [ 1814301.0, 6130360.0 ] } },
{ "type": "Feature", "properties": { "osmid": 9206292982.0 }, "geometry": { "type": "Point", "coordinates": [ 1814293.0, 6129058.0 ] } },
{ "type": "Feature", "properties": { "osmid": 272786689.0 }, "geometry": { "type": "Point", "coordinates": [ 1813423.0, 6129784.0 ] } },
{ "type": "Feature", "properties": { "osmid": 262698526.0 }, "geometry": { "type": "Point", "coordinates": [ 1813864.0, 6130717.0 ] } },
{ "type": "Feature", "properties": { "osmid": 60213584.0 }, "geometry": { "type": "Point", "coordinates": [ 1815227.0, 6130331.0 ] } },
{ "type": "Feature", "properties": { "osmid": 11005798212.0 }, "geometry": { "type": "Point", "coordinates": [ 1814256.0, 6128438.0 ] } },
{ "type": "Feature", "properties": { "osmid": 3802408164.0 }, "geometry": { "type": "Point", "coordinates": [ 1814151.0, 6131176.0 ] } },
{ "type": "Feature", "properties": { "osmid": 249846819.0 }, "geometry": { "type": "Point", "coordinates": [ 1812911.0, 6129296.0 ] } },
{ "type": "Feature", "properties": { "osmid": 1011096634.0 }, "geometry": { "type": "Point", "coordinates": [ 1815774.0, 6129381.0 ] } },
{ "type": "Feature", "properties": { "osmid": 249773182.0 }, "geometry": { "type": "Point", "coordinates": [ 1815116.0, 6128291.0 ] } },
{ "type": "Feature", "properties": { "osmid": 970826178.0 }, "geometry": { "type": "Point", "coordinates": [ 1815871.0, 6130499.0 ] } },
{ "type": "Feature", "properties": { "osmid": 321250869.0 }, "geometry": { "type": "Point", "coordinates": [ 1815624.0, 6128466.0 ] } },
{ "type": "Feature", "properties": { "osmid": 797329640.0 }, "geometry": { "type": "Point", "coordinates": [ 1812535.0, 6130246.0 ] } },
{ "type": "Feature", "properties": { "osmid": 2416212457.0 }, "geometry": { "type": "Point", "coordinates": [ 1814388.0, 6131635.0 ] } },
{ "type": "Feature", "properties": { "osmid": 329222565.0 }, "geometry": { "type": "Point", "coordinates": [ 1812556.0, 6128737.0 ] } },
{ "type": "Feature", "properties": { "osmid": 312280748.0 }, "geometry": { "type": "Point", "coordinates": [ 1812296.0, 6129562.0 ] } },
{ "type": "Feature", "properties": { "osmid": 4349741566.0 }, "geometry": { "type": "Point", "coordinates": [ 1816378.0, 6129739.0 ] } },
{ "type": "Feature", "properties": { "osmid": 262697350.0 }, "geometry": { "type": "Point", "coordinates": [ 1814880.0, 6131747.0 ] } },
{ "type": "Feature", "properties": { "osmid": 1585159461.0 }, "geometry": { "type": "Point", "coordinates": [ 1815510.0, 6131486.0 ] } },
{ "type": "Feature", "properties": { "osmid": 246732781.0 }, "geometry": { "type": "Point", "coordinates": [ 1812723.0, 6131205.0 ] } },
{ "type": "Feature", "properties": { "osmid": 942860435.0 }, "geometry": { "type": "Point", "coordinates": [ 1816409.0, 6130356.0 ] } },
{ "type": "Feature", "properties": { "osmid": 8933790834.0 }, "geometry": { "type": "Point", "coordinates": [ 1815631.0, 6127840.0 ] } },
{ "type": "Feature", "properties": { "osmid": 290610532.0 }, "geometry": { "type": "Point", "coordinates": [ 1814089.0, 6132068.0 ] } },
{ "type": "Feature", "properties": { "osmid": 92414386.0 }, "geometry": { "type": "Point", "coordinates": [ 1816171.0, 6128244.0 ] } },
{ "type": "Feature", "properties": { "osmid": 6829246168.0 }, "geometry": { "type": "Point", "coordinates": [ 1814620.0, 6132285.0 ] } },
{ "type": "Feature", "properties": { "osmid": 251478277.0 }, "geometry": { "type": "Point", "coordinates": [ 1811718.0, 6129781.0 ] } },
{ "type": "Feature", "properties": { "osmid": 290607766.0 }, "geometry": { "type": "Point", "coordinates": [ 1813614.0, 6132291.0 ] } },
{ "type": "Feature", "properties": { "osmid": 92417109.0 }, "geometry": { "type": "Point", "coordinates": [ 1816345.0, 6131504.0 ] } },
{ "type": "Feature", "properties": { "osmid": 303166934.0 }, "geometry": { "type": "Point", "coordinates": [ 1815294.0, 6132268.0 ] } },
{ "type": "Feature", "properties": { "osmid": 60214612.0 }, "geometry": { "type": "Point", "coordinates": [ 1815220.0, 6127014.0 ] } },
{ "type": "Feature", "properties": { "osmid": 61858820.0 }, "geometry": { "type": "Point", "coordinates": [ 1817181.0, 6129847.0 ] } },
{ "type": "Feature", "properties": { "osmid": 621224.0 }, "geometry": { "type": "Point", "coordinates": [ 1816498.0, 6127812.0 ] } },
{ "type": "Feature", "properties": { "osmid": 1416238877.0 }, "geometry": { "type": "Point", "coordinates": [ 1814054.0, 6132623.0 ] } },
{ "type": "Feature", "properties": { "osmid": 9229884836.0 }, "geometry": { "type": "Point", "coordinates": [ 1811350.0, 6129429.0 ] } },
{ "type": "Feature", "properties": { "osmid": 297370438.0 }, "geometry": { "type": "Point", "coordinates": [ 1817136.0, 6130893.0 ] } },
{ "type": "Feature", "properties": { "osmid": 9177728959.0 }, "geometry": { "type": "Point", "coordinates": [ 1814880.0, 6132762.0 ] } },
{ "type": "Feature", "properties": { "osmid": 850376988.0 }, "geometry": { "type": "Point", "coordinates": [ 1816894.0, 6131518.0 ] } },
{ "type": "Feature", "properties": { "osmid": 12365761983.0 }, "geometry": { "type": "Point", "coordinates": [ 1816463.0, 6132020.0 ] } },
{ "type": "Feature", "properties": { "osmid": 319441276.0 }, "geometry": { "type": "Point", "coordinates": [ 1811050.0, 6129898.0 ] } },
{ "type": "Feature", "properties": { "osmid": 333789132.0 }, "geometry": { "type": "Point", "coordinates": [ 1817607.0, 6130337.0 ] } },
{ "type": "Feature", "properties": { "osmid": 262697388.0 }, "geometry": { "type": "Point", "coordinates": [ 1815921.0, 6132707.0 ] } },
{ "type": "Feature", "properties": { "osmid": 13294243965.0 }, "geometry": { "type": "Point", "coordinates": [ 1813531.0, 6133219.0 ] } },
{ "type": "Feature", "properties": { "osmid": 3523477090.0 }, "geometry": { "type": "Point", "coordinates": [ 1817765.0, 6130837.0 ] } },
{ "type": "Feature", "properties": { "osmid": 3402161871.0 }, "geometry": { "type": "Point", "coordinates": [ 1816745.0, 6132517.0 ] } },
{ "type": "Feature", "properties": { "osmid": 84303578.0 }, "geometry": { "type": "Point", "coordinates": [ 1812947.0, 6133425.0 ] } },
{ "type": "Feature", "properties": { "osmid": 1804762747.0 }, "geometry": { "type": "Point", "coordinates": [ 1810337.0, 6128963.0 ] } },
{ "type": "Feature", "properties": { "osmid": 13716207374.0 }, "geometry": { "type": "Point", "coordinates": [ 1813546.0, 6133760.0 ] } },
{ "type": "Feature", "properties": { "osmid": 2992815712.0 }, "geometry": { "type": "Point", "coordinates": [ 1816589.0, 6133153.0 ] } },
{ "type": "Feature", "properties": { "osmid": 107042139.0 }, "geometry": { "type": "Point", "coordinates": [ 1815828.0, 6133562.0 ] } },
{ "type": "Feature", "properties": { "osmid": 239422876.0 }, "geometry": { "type": "Point", "coordinates": [ 1810834.0, 6132058.0 ] } },
{ "type": "Feature", "properties": { "osmid": 2960964776.0 }, "geometry": { "type": "Point", "coordinates": [ 1817677.0, 6132292.0 ] } },
{ "type": "Feature", "properties": { "osmid": 3706452060.0 }, "geometry": { "type": "Point", "coordinates": [ 1818575.0, 6129798.0 ] } },
{ "type": "Feature", "properties": { "osmid": 381178.0 }, "geometry": { "type": "Point", "coordinates": [ 1815467.0, 6133917.0 ] } },
{ "type": "Feature", "properties": { "osmid": 84302313.0 }, "geometry": { "type": "Point", "coordinates": [ 1811017.0, 6132639.0 ] } },
{ "type": "Feature", "properties": { "osmid": 229514272.0 }, "geometry": { "type": "Point", "coordinates": [ 1812344.0, 6133700.0 ] } },
{ "type": "Feature", "properties": { "osmid": 251523158.0 }, "geometry": { "type": "Point", "coordinates": [ 1809816.0, 6129565.0 ] } },
{ "type": "Feature", "properties": { "osmid": 11573401594.0 }, "geometry": { "type": "Point", "coordinates": [ 1816459.0, 6133773.0 ] } },
{ "type": "Feature", "properties": { "osmid": 9476486192.0 }, "geometry": { "type": "Point", "coordinates": [ 1818174.0, 6132191.0 ] } },
{ "type": "Feature", "properties": { "osmid": 6534873104.0 }, "geometry": { "type": "Point", "coordinates": [ 1817683.0, 6132978.0 ] } },
{ "type": "Feature", "properties": { "osmid": 296355652.0 }, "geometry": { "type": "Point", "coordinates": [ 1815034.0, 6134362.0 ] } },
{ "type": "Feature", "properties": { "osmid": 2754341502.0 }, "geometry": { "type": "Point", "coordinates": [ 1818547.0, 6131807.0 ] } },
{ "type": "Feature", "properties": { "osmid": 295401330.0 }, "geometry": { "type": "Point", "coordinates": [ 1817128.0, 6133530.0 ] } },
{ "type": "Feature", "properties": { "osmid": 84302145.0 }, "geometry": { "type": "Point", "coordinates": [ 1810479.0, 6132678.0 ] } },
{ "type": "Feature", "properties": { "osmid": 294188843.0 }, "geometry": { "type": "Point", "coordinates": [ 1814573.0, 6134578.0 ] } },
{ "type": "Feature", "properties": { "osmid": 9402861196.0 }, "geometry": { "type": "Point", "coordinates": [ 1816210.0, 6134259.0 ] } },
{ "type": "Feature", "properties": { "osmid": 73978907.0 }, "geometry": { "type": "Point", "coordinates": [ 1809492.0, 6128545.0 ] } },
{ "type": "Feature", "properties": { "osmid": 129546066.0 }, "geometry": { "type": "Point", "coordinates": [ 1819166.0, 6130751.0 ] } },
{ "type": "Feature", "properties": { "osmid": 1464351263.0 }, "geometry": { "type": "Point", "coordinates": [ 1812395.0, 6134353.0 ] } },
{ "type": "Feature", "properties": { "osmid": 9551737658.0 }, "geometry": { "type": "Point", "coordinates": [ 1813949.0, 6134772.0 ] } },
{ "type": "Feature", "properties": { "osmid": 11813490717.0 }, "geometry": { "type": "Point", "coordinates": [ 1818661.0, 6132307.0 ] } },
{ "type": "Feature", "properties": { "osmid": 9256485063.0 }, "geometry": { "type": "Point", "coordinates": [ 1815521.0, 6134749.0 ] } },
{ "type": "Feature", "properties": { "osmid": 330889610.0 }, "geometry": { "type": "Point", "coordinates": [ 1817044.0, 6134154.0 ] } },
{ "type": "Feature", "properties": { "osmid": 287201706.0 }, "geometry": { "type": "Point", "coordinates": [ 1811747.0, 6134261.0 ] } },
{ "type": "Feature", "properties": { "osmid": 278811635.0 }, "geometry": { "type": "Point", "coordinates": [ 1819573.0, 6129660.0 ] } },
{ "type": "Feature", "properties": { "osmid": 402563.0 }, "geometry": { "type": "Point", "coordinates": [ 1819361.0, 6131252.0 ] } },
{ "type": "Feature", "properties": { "osmid": 320995823.0 }, "geometry": { "type": "Point", "coordinates": [ 1819631.0, 6130505.0 ] } },
{ "type": "Feature", "properties": { "osmid": 319565346.0 }, "geometry": { "type": "Point", "coordinates": [ 1815068.0, 6135052.0 ] } },
{ "type": "Feature", "properties": { "osmid": 27078869.0 }, "geometry": { "type": "Point", "coordinates": [ 1812615.0, 6134903.0 ] } },
{ "type": "Feature", "properties": { "osmid": 2070684038.0 }, "geometry": { "type": "Point", "coordinates": [ 1818465.0, 6133407.0 ] } },
{ "type": "Feature", "properties": { "osmid": 2750626323.0 }, "geometry": { "type": "Point", "coordinates": [ 1816280.0, 6134924.0 ] } },
{ "type": "Feature", "properties": { "osmid": 84485672.0 }, "geometry": { "type": "Point", "coordinates": [ 1819516.0, 6131848.0 ] } },
{ "type": "Feature", "properties": { "osmid": 299117811.0 }, "geometry": { "type": "Point", "coordinates": [ 1818223.0, 6133865.0 ] } },
{ "type": "Feature", "properties": { "osmid": 6344648933.0 }, "geometry": { "type": "Point", "coordinates": [ 1811433.0, 6134652.0 ] } },
{ "type": "Feature", "properties": { "osmid": 742105445.0 }, "geometry": { "type": "Point", "coordinates": [ 1817506.0, 6134466.0 ] } },
{ "type": "Feature", "properties": { "osmid": 2705177656.0 }, "geometry": { "type": "Point", "coordinates": [ 1819061.0, 6132929.0 ] } },
{ "type": "Feature", "properties": { "osmid": 1895107112.0 }, "geometry": { "type": "Point", "coordinates": [ 1814748.0, 6135487.0 ] } },
{ "type": "Feature", "properties": { "osmid": 33294570.0 }, "geometry": { "type": "Point", "coordinates": [ 1813603.0, 6135494.0 ] } },
{ "type": "Feature", "properties": { "osmid": 319471091.0 }, "geometry": { "type": "Point", "coordinates": [ 1820161.0, 6129582.0 ] } },
{ "type": "Feature", "properties": { "osmid": 705360065.0 }, "geometry": { "type": "Point", "coordinates": [ 1820055.0, 6130856.0 ] } },
{ "type": "Feature", "properties": { "osmid": 15593731.0 }, "geometry": { "type": "Point", "coordinates": [ 1813070.0, 6135498.0 ] } },
{ "type": "Feature", "properties": { "osmid": 2083074269.0 }, "geometry": { "type": "Point", "coordinates": [ 1815826.0, 6135432.0 ] } },
{ "type": "Feature", "properties": { "osmid": 319469833.0 }, "geometry": { "type": "Point", "coordinates": [ 1819983.0, 6131391.0 ] } },
{ "type": "Feature", "properties": { "osmid": 304355001.0 }, "geometry": { "type": "Point", "coordinates": [ 1818793.0, 6133800.0 ] } },
{ "type": "Feature", "properties": { "osmid": 278817924.0 }, "geometry": { "type": "Point", "coordinates": [ 1816977.0, 6135193.0 ] } },
{ "type": "Feature", "properties": { "osmid": 253438091.0 }, "geometry": { "type": "Point", "coordinates": [ 1818230.0, 6134402.0 ] } },
{ "type": "Feature", "properties": { "osmid": 223667631.0 }, "geometry": { "type": "Point", "coordinates": [ 1820131.0, 6131913.0 ] } },
{ "type": "Feature", "properties": { "osmid": 253437873.0 }, "geometry": { "type": "Point", "coordinates": [ 1819311.0, 6133505.0 ] } },
{ "type": "Feature", "properties": { "osmid": 6362800445.0 }, "geometry": { "type": "Point", "coordinates": [ 1811942.0, 6135532.0 ] } },
{ "type": "Feature", "properties": { "osmid": 33294589.0 }, "geometry": { "type": "Point", "coordinates": [ 1813735.0, 6136009.0 ] } },
{ "type": "Feature", "properties": { "osmid": 3837034552.0 }, "geometry": { "type": "Point", "coordinates": [ 1814257.0, 6136058.0 ] } },
{ "type": "Feature", "properties": { "osmid": 270510865.0 }, "geometry": { "type": "Point", "coordinates": [ 1816465.0, 6135743.0 ] } },
{ "type": "Feature", "properties": { "osmid": 3706463450.0 }, "geometry": { "type": "Point", "coordinates": [ 1820645.0, 6128834.0 ] } },
{ "type": "Feature", "properties": { "osmid": 10684241174.0 }, "geometry": { "type": "Point", "coordinates": [ 1812763.0, 6135937.0 ] } },
{ "type": "Feature", "properties": { "osmid": 3561312034.0 }, "geometry": { "type": "Point", "coordinates": [ 1820539.0, 6131213.0 ] } },
{ "type": "Feature", "properties": { "osmid": 293806539.0 }, "geometry": { "type": "Point", "coordinates": [ 1817999.0, 6134967.0 ] } },
{ "type": "Feature", "properties": { "osmid": 286354660.0 }, "geometry": { "type": "Point", "coordinates": [ 1815961.0, 6135948.0 ] } },
{ "type": "Feature", "properties": { "osmid": 304303267.0 }, "geometry": { "type": "Point", "coordinates": [ 1820119.0, 6132730.0 ] } },
{ "type": "Feature", "properties": { "osmid": 33294417.0 }, "geometry": { "type": "Point", "coordinates": [ 1812231.0, 6135994.0 ] } },
{ "type": "Feature", "properties": { "osmid": 2691380217.0 }, "geometry": { "type": "Point", "coordinates": [ 1817530.0, 6135576.0 ] } },
{ "type": "Feature", "properties": { "osmid": 293287925.0 }, "geometry": { "type": "Point", "coordinates": [ 1820739.0, 6132067.0 ] } },
{ "type": "Feature", "properties": { "osmid": 139170560.0 }, "geometry": { "type": "Point", "coordinates": [ 1819085.0, 6134710.0 ] } },
{ "type": "Feature", "properties": { "osmid": 393435.0 }, "geometry": { "type": "Point", "coordinates": [ 1811810.0, 6136270.0 ] } },
{ "type": "Feature", "properties": { "osmid": 742398524.0 }, "geometry": { "type": "Point", "coordinates": [ 1818042.0, 6135663.0 ] } },
{ "type": "Feature", "properties": { "osmid": 810049375.0 }, "geometry": { "type": "Point", "coordinates": [ 1821297.0, 6130924.0 ] } },
{ "type": "Feature", "properties": { "osmid": 36621812.0 }, "geometry": { "type": "Point", "coordinates": [ 1818677.0, 6135355.0 ] } },
{ "type": "Feature", "properties": { "osmid": 331040065.0 }, "geometry": { "type": "Point", "coordinates": [ 1819663.0, 6134521.0 ] } },
{ "type": "Feature", "properties": { "osmid": 8002947298.0 }, "geometry": { "type": "Point", "coordinates": [ 1821063.0, 6132647.0 ] } },
{ "type": "Feature", "properties": { "osmid": 36621815.0 }, "geometry": { "type": "Point", "coordinates": [ 1819307.0, 6135233.0 ] } },
{ "type": "Feature", "properties": { "osmid": 252617160.0 }, "geometry": { "type": "Point", "coordinates": [ 1821827.0, 6130885.0 ] } },
{ "type": "Feature", "properties": { "osmid": 33293297.0 }, "geometry": { "type": "Point", "coordinates": [ 1811919.0, 6136972.0 ] } },
{ "type": "Feature", "properties": { "osmid": 1161957385.0 }, "geometry": { "type": "Point", "coordinates": [ 1819829.0, 6135016.0 ] } },
{ "type": "Feature", "properties": { "osmid": 1628242225.0 }, "geometry": { "type": "Point", "coordinates": [ 1818306.0, 6136272.0 ] } },
{ "type": "Feature", "properties": { "osmid": 3491570801.0 }, "geometry": { "type": "Point", "coordinates": [ 1812698.0, 6137246.0 ] } },
{ "type": "Feature", "properties": { "osmid": 274610747.0 }, "geometry": { "type": "Point", "coordinates": [ 1817682.0, 6136770.0 ] } },
{ "type": "Feature", "properties": { "osmid": 2747409069.0 }, "geometry": { "type": "Point", "coordinates": [ 1810383.0, 6136529.0 ] } },
{ "type": "Feature", "properties": { "osmid": 9191807010.0 }, "geometry": { "type": "Point", "coordinates": [ 1806632.0, 6128055.0 ] } },
{ "type": "Feature", "properties": { "osmid": 207388912.0 }, "geometry": { "type": "Point", "coordinates": [ 1820383.0, 6134721.0 ] } },
{ "type": "Feature", "properties": { "osmid": 59640987.0 }, "geometry": { "type": "Point", "coordinates": [ 1819259.0, 6135861.0 ] } },
{ "type": "Feature", "properties": { "osmid": 129545472.0 }, "geometry": { "type": "Point", "coordinates": [ 1821703.0, 6132595.0 ] } },
{ "type": "Feature", "properties": { "osmid": 12724224799.0 }, "geometry": { "type": "Point", "coordinates": [ 1814429.0, 6137714.0 ] } },
{ "type": "Feature", "properties": { "osmid": 1491739362.0 }, "geometry": { "type": "Point", "coordinates": [ 1822356.0, 6129906.0 ] } },
{ "type": "Feature", "properties": { "osmid": 61767997.0 }, "geometry": { "type": "Point", "coordinates": [ 1818704.0, 6136640.0 ] } },
{ "type": "Feature", "properties": { "osmid": 301781928.0 }, "geometry": { "type": "Point", "coordinates": [ 1822465.0, 6130744.0 ] } },
{ "type": "Feature", "properties": { "osmid": 304302684.0 }, "geometry": { "type": "Point", "coordinates": [ 1821027.0, 6134483.0 ] } },
{ "type": "Feature", "properties": { "osmid": 25280889.0 }, "geometry": { "type": "Point", "coordinates": [ 1817511.0, 6137362.0 ] } },
{ "type": "Feature", "properties": { "osmid": 4286204564.0 }, "geometry": { "type": "Point", "coordinates": [ 1818164.0, 6137059.0 ] } },
{ "type": "Feature", "properties": { "osmid": 33293312.0 }, "geometry": { "type": "Point", "coordinates": [ 1811686.0, 6137663.0 ] } },
{ "type": "Feature", "properties": { "osmid": 944529412.0 }, "geometry": { "type": "Point", "coordinates": [ 1814988.0, 6138108.0 ] } },
{ "type": "Feature", "properties": { "osmid": 8629031045.0 }, "geometry": { "type": "Point", "coordinates": [ 1820782.0, 6135108.0 ] } },
{ "type": "Feature", "properties": { "osmid": 270328387.0 }, "geometry": { "type": "Point", "coordinates": [ 1816769.0, 6137778.0 ] } },
{ "type": "Feature", "properties": { "osmid": 3339438984.0 }, "geometry": { "type": "Point", "coordinates": [ 1814039.0, 6138196.0 ] } },
{ "type": "Feature", "properties": { "osmid": 3572519160.0 }, "geometry": { "type": "Point", "coordinates": [ 1821964.0, 6133366.0 ] } },
{ "type": "Feature", "properties": { "osmid": 1758598243.0 }, "geometry": { "type": "Point", "coordinates": [ 1815939.0, 6138059.0 ] } },
{ "type": "Feature", "properties": { "osmid": 267621526.0 }, "geometry": { "type": "Point", "coordinates": [ 1819293.0, 6136662.0 ] } },
{ "type": "Feature", "properties": { "osmid": 2338061696.0 }, "geometry": { "type": "Point", "coordinates": [ 1810817.0, 6137526.0 ] } },
{ "type": "Feature", "properties": { "osmid": 11039591555.0 }, "geometry": { "type": "Point", "coordinates": [ 1818763.0, 6137175.0 ] } },
{ "type": "Feature", "properties": { "osmid": 11139763851.0 }, "geometry": { "type": "Point", "coordinates": [ 1812038.0, 6138119.0 ] } },
{ "type": "Feature", "properties": { "osmid": 9738713247.0 }, "geometry": { "type": "Point", "coordinates": [ 1822696.0, 6132124.0 ] } },
{ "type": "Feature", "properties": { "osmid": 10855416764.0 }, "geometry": { "type": "Point", "coordinates": [ 1818311.0, 6137547.0 ] } },
{ "type": "Feature", "properties": { "osmid": 293074885.0 }, "geometry": { "type": "Point", "coordinates": [ 1822017.0, 6133947.0 ] } },
{ "type": "Feature", "properties": { "osmid": 252277259.0 }, "geometry": { "type": "Point", "coordinates": [ 1820371.0, 6136141.0 ] } },
{ "type": "Feature", "properties": { "osmid": 73978867.0 }, "geometry": { "type": "Point", "coordinates": [ 1805714.0, 6127635.0 ] } },
{ "type": "Feature", "properties": { "osmid": 4995372049.0 }, "geometry": { "type": "Point", "coordinates": [ 1813393.0, 6138568.0 ] } },
{ "type": "Feature", "properties": { "osmid": 1728139411.0 }, "geometry": { "type": "Point", "coordinates": [ 1816160.0, 6138546.0 ] } },
{ "type": "Feature", "properties": { "osmid": 295792655.0 }, "geometry": { "type": "Point", "coordinates": [ 1822749.0, 6133046.0 ] } },
{ "type": "Feature", "properties": { "osmid": 2133009122.0 }, "geometry": { "type": "Point", "coordinates": [ 1819899.0, 6136912.0 ] } },
{ "type": "Feature", "properties": { "osmid": 223659192.0 }, "geometry": { "type": "Point", "coordinates": [ 1823419.0, 6130243.0 ] } },
{ "type": "Feature", "properties": { "osmid": 10278084766.0 }, "geometry": { "type": "Point", "coordinates": [ 1814717.0, 6138877.0 ] } },
{ "type": "Feature", "properties": { "osmid": 4807458759.0 }, "geometry": { "type": "Point", "coordinates": [ 1816749.0, 6138561.0 ] } },
{ "type": "Feature", "properties": { "osmid": 8734053749.0 }, "geometry": { "type": "Point", "coordinates": [ 1818951.0, 6137648.0 ] } },
{ "type": "Feature", "properties": { "osmid": 295805212.0 }, "geometry": { "type": "Point", "coordinates": [ 1822566.0, 6133772.0 ] } },
{ "type": "Feature", "properties": { "osmid": 1758584879.0 }, "geometry": { "type": "Point", "coordinates": [ 1815175.0, 6139137.0 ] } },
{ "type": "Feature", "properties": { "osmid": 12090805743.0 }, "geometry": { "type": "Point", "coordinates": [ 1823683.0, 6131209.0 ] } },
{ "type": "Feature", "properties": { "osmid": 11947101588.0 }, "geometry": { "type": "Point", "coordinates": [ 1811595.0, 6138825.0 ] } },
{ "type": "Feature", "properties": { "osmid": 293354412.0 }, "geometry": { "type": "Point", "coordinates": [ 1823902.0, 6130060.0 ] } },
{ "type": "Feature", "properties": { "osmid": 655188603.0 }, "geometry": { "type": "Point", "coordinates": [ 1818844.0, 6138190.0 ] } },
{ "type": "Feature", "properties": { "osmid": 46921749.0 }, "geometry": { "type": "Point", "coordinates": [ 1819478.0, 6137825.0 ] } },
{ "type": "Feature", "properties": { "osmid": 5875604239.0 }, "geometry": { "type": "Point", "coordinates": [ 1812085.0, 6139083.0 ] } },
{ "type": "Feature", "properties": { "osmid": 4392730231.0 }, "geometry": { "type": "Point", "coordinates": [ 1822515.0, 6134756.0 ] } },
{ "type": "Feature", "properties": { "osmid": 5655766.0 }, "geometry": { "type": "Point", "coordinates": [ 1814472.0, 6139359.0 ] } },
{ "type": "Feature", "properties": { "osmid": 46848583.0 }, "geometry": { "type": "Point", "coordinates": [ 1817848.0, 6138723.0 ] } },
{ "type": "Feature", "properties": { "osmid": 7233867975.0 }, "geometry": { "type": "Point", "coordinates": [ 1823631.0, 6132533.0 ] } },
{ "type": "Feature", "properties": { "osmid": 294369773.0 }, "geometry": { "type": "Point", "coordinates": [ 1820744.0, 6137075.0 ] } },
{ "type": "Feature", "properties": { "osmid": 2360132532.0 }, "geometry": { "type": "Point", "coordinates": [ 1820176.0, 6137637.0 ] } },
{ "type": "Feature", "properties": { "osmid": 580230.0 }, "geometry": { "type": "Point", "coordinates": [ 1812747.0, 6139562.0 ] } },
{ "type": "Feature", "properties": { "osmid": 295805205.0 }, "geometry": { "type": "Point", "coordinates": [ 1823506.0, 6133705.0 ] } },
{ "type": "Feature", "properties": { "osmid": 62596468.0 }, "geometry": { "type": "Point", "coordinates": [ 1822345.0, 6135783.0 ] } },
{ "type": "Feature", "properties": { "osmid": 321403887.0 }, "geometry": { "type": "Point", "coordinates": [ 1823745.0, 6133263.0 ] } },
{ "type": "Feature", "properties": { "osmid": 9839478006.0 }, "geometry": { "type": "Point", "coordinates": [ 1821912.0, 6136369.0 ] } },
{ "type": "Feature", "properties": { "osmid": 319797275.0 }, "geometry": { "type": "Point", "coordinates": [ 1819703.0, 6138314.0 ] } },
{ "type": "Feature", "properties": { "osmid": 815682624.0 }, "geometry": { "type": "Point", "coordinates": [ 1824354.0, 6128250.0 ] } },
{ "type": "Feature", "properties": { "osmid": 12816679373.0 }, "geometry": { "type": "Point", "coordinates": [ 1810587.0, 6139179.0 ] } },
{ "type": "Feature", "properties": { "osmid": 4546539.0 }, "geometry": { "type": "Point", "coordinates": [ 1814136.0, 6139884.0 ] } },
{ "type": "Feature", "properties": { "osmid": 1741381663.0 }, "geometry": { "type": "Point", "coordinates": [ 1814788.0, 6139874.0 ] } },
{ "type": "Feature", "properties": { "osmid": 254680942.0 }, "geometry": { "type": "Point", "coordinates": [ 1820740.0, 6137640.0 ] } },
{ "type": "Feature", "properties": { "osmid": 33208077.0 }, "geometry": { "type": "Point", "coordinates": [ 1817244.0, 6139499.0 ] } },
{ "type": "Feature", "properties": { "osmid": 249199619.0 }, "geometry": { "type": "Point", "coordinates": [ 1821233.0, 6137235.0 ] } },
{ "type": "Feature", "properties": { "osmid": 2424180776.0 }, "geometry": { "type": "Point", "coordinates": [ 1818355.0, 6139134.0 ] } },
{ "type": "Feature", "properties": { "osmid": 294232661.0 }, "geometry": { "type": "Point", "coordinates": [ 1823436.0, 6134375.0 ] } },
{ "type": "Feature", "properties": { "osmid": 11300886861.0 }, "geometry": { "type": "Point", "coordinates": [ 1820199.0, 6138138.0 ] } },
{ "type": "Feature", "properties": { "osmid": 3427379608.0 }, "geometry": { "type": "Point", "coordinates": [ 1822955.0, 6135277.0 ] } },
{ "type": "Feature", "properties": { "osmid": 27379235.0 }, "geometry": { "type": "Point", "coordinates": [ 1818823.0, 6138959.0 ] } },
{ "type": "Feature", "properties": { "osmid": 7456968.0 }, "geometry": { "type": "Point", "coordinates": [ 1815979.0, 6139870.0 ] } },
{ "type": "Feature", "properties": { "osmid": 7765060.0 }, "geometry": { "type": "Point", "coordinates": [ 1816522.0, 6139820.0 ] } },
{ "type": "Feature", "properties": { "osmid": 13134930928.0 }, "geometry": { "type": "Point", "coordinates": [ 1815286.0, 6140032.0 ] } },
{ "type": "Feature", "properties": { "osmid": 281225148.0 }, "geometry": { "type": "Point", "coordinates": [ 1819342.0, 6138787.0 ] } },
{ "type": "Feature", "properties": { "osmid": 5111271323.0 }, "geometry": { "type": "Point", "coordinates": [ 1824725.0, 6129818.0 ] } },
{ "type": "Feature", "properties": { "osmid": 420515426.0 }, "geometry": { "type": "Point", "coordinates": [ 1817830.0, 6139535.0 ] } },
{ "type": "Feature", "properties": { "osmid": 321566005.0 }, "geometry": { "type": "Point", "coordinates": [ 1824698.0, 6130820.0 ] } },
{ "type": "Feature", "properties": { "osmid": 10291707944.0 }, "geometry": { "type": "Point", "coordinates": [ 1810857.0, 6139627.0 ] } },
{ "type": "Feature", "properties": { "osmid": 1958834276.0 }, "geometry": { "type": "Point", "coordinates": [ 1824401.0, 6132601.0 ] } },
{ "type": "Feature", "properties": { "osmid": 11329798085.0 }, "geometry": { "type": "Point", "coordinates": [ 1812320.0, 6140049.0 ] } },
{ "type": "Feature", "properties": { "osmid": 9726773160.0 }, "geometry": { "type": "Point", "coordinates": [ 1823467.0, 6134927.0 ] } },
{ "type": "Feature", "properties": { "osmid": 298617670.0 }, "geometry": { "type": "Point", "coordinates": [ 1824042.0, 6133866.0 ] } },
{ "type": "Feature", "properties": { "osmid": 12096909803.0 }, "geometry": { "type": "Point", "coordinates": [ 1817005.0, 6140005.0 ] } },
{ "type": "Feature", "properties": { "osmid": 670392.0 }, "geometry": { "type": "Point", "coordinates": [ 1810143.0, 6139519.0 ] } },
{ "type": "Feature", "properties": { "osmid": 60214840.0 }, "geometry": { "type": "Point", "coordinates": [ 1822694.0, 6136291.0 ] } },
{ "type": "Feature", "properties": { "osmid": 3724858463.0 }, "geometry": { "type": "Point", "coordinates": [ 1820025.0, 6138711.0 ] } },
{ "type": "Feature", "properties": { "osmid": 3573996722.0 }, "geometry": { "type": "Point", "coordinates": [ 1823117.0, 6135813.0 ] } },
{ "type": "Feature", "properties": { "osmid": 46959651.0 }, "geometry": { "type": "Point", "coordinates": [ 1820793.0, 6138284.0 ] } },
{ "type": "Feature", "properties": { "osmid": 249202894.0 }, "geometry": { "type": "Point", "coordinates": [ 1821733.0, 6137497.0 ] } },
{ "type": "Feature", "properties": { "osmid": 252548485.0 }, "geometry": { "type": "Point", "coordinates": [ 1818840.0, 6139475.0 ] } },
{ "type": "Feature", "properties": { "osmid": 2752843413.0 }, "geometry": { "type": "Point", "coordinates": [ 1818398.0, 6139733.0 ] } },
{ "type": "Feature", "properties": { "osmid": 3522279191.0 }, "geometry": { "type": "Point", "coordinates": [ 1824090.0, 6134371.0 ] } },
{ "type": "Feature", "properties": { "osmid": 11001234174.0 }, "geometry": { "type": "Point", "coordinates": [ 1822253.0, 6137090.0 ] } },
{ "type": "Feature", "properties": { "osmid": 12504367676.0 }, "geometry": { "type": "Point", "coordinates": [ 1811249.0, 6140145.0 ] } },
{ "type": "Feature", "properties": { "osmid": 31260006.0 }, "geometry": { "type": "Point", "coordinates": [ 1819501.0, 6139318.0 ] } },
{ "type": "Feature", "properties": { "osmid": 33238734.0 }, "geometry": { "type": "Point", "coordinates": [ 1817655.0, 6140118.0 ] } },
{ "type": "Feature", "properties": { "osmid": 9921174.0 }, "geometry": { "type": "Point", "coordinates": [ 1815472.0, 6140596.0 ] } },
{ "type": "Feature", "properties": { "osmid": 1186875240.0 }, "geometry": { "type": "Point", "coordinates": [ 1825251.0, 6129746.0 ] } },
{ "type": "Feature", "properties": { "osmid": 27027940.0 }, "geometry": { "type": "Point", "coordinates": [ 1825036.0, 6127553.0 ] } },
{ "type": "Feature", "properties": { "osmid": 1674805926.0 }, "geometry": { "type": "Point", "coordinates": [ 1821597.0, 6138008.0 ] } },
{ "type": "Feature", "properties": { "osmid": 6266012519.0 }, "geometry": { "type": "Point", "coordinates": [ 1814882.0, 6140872.0 ] } },
{ "type": "Feature", "properties": { "osmid": 48097960.0 }, "geometry": { "type": "Point", "coordinates": [ 1820253.0, 6139185.0 ] } },
{ "type": "Feature", "properties": { "osmid": 270251040.0 }, "geometry": { "type": "Point", "coordinates": [ 1816338.0, 6140774.0 ] } },
{ "type": "Feature", "properties": { "osmid": 30692813.0 }, "geometry": { "type": "Point", "coordinates": [ 1821368.0, 6138485.0 ] } },
{ "type": "Feature", "properties": { "osmid": 2032767513.0 }, "geometry": { "type": "Point", "coordinates": [ 1825122.0, 6132888.0 ] } },
{ "type": "Feature", "properties": { "osmid": 648085.0 }, "geometry": { "type": "Point", "coordinates": [ 1809820.0, 6140062.0 ] } },
{ "type": "Feature", "properties": { "osmid": 16055032.0 }, "geometry": { "type": "Point", "coordinates": [ 1817332.0, 6140595.0 ] } },
{ "type": "Feature", "properties": { "osmid": 1750886218.0 }, "geometry": { "type": "Point", "coordinates": [ 1818777.0, 6140142.0 ] } },
{ "type": "Feature", "properties": { "osmid": 11329791578.0 }, "geometry": { "type": "Point", "coordinates": [ 1812131.0, 6140857.0 ] } },
{ "type": "Feature", "properties": { "osmid": 5866396.0 }, "geometry": { "type": "Point", "coordinates": [ 1814398.0, 6141082.0 ] } },
{ "type": "Feature", "properties": { "osmid": 33238736.0 }, "geometry": { "type": "Point", "coordinates": [ 1818016.0, 6140473.0 ] } },
{ "type": "Feature", "properties": { "osmid": 3235208714.0 }, "geometry": { "type": "Point", "coordinates": [ 1823452.0, 6136487.0 ] } },
{ "type": "Feature", "properties": { "osmid": 31259951.0 }, "geometry": { "type": "Point", "coordinates": [ 1819781.0, 6139761.0 ] } },
{ "type": "Feature", "properties": { "osmid": 2200458308.0 }, "geometry": { "type": "Point", "coordinates": [ 1824456.0, 6135152.0 ] } },
{ "type": "Feature", "properties": { "osmid": 9530577236.0 }, "geometry": { "type": "Point", "coordinates": [ 1822677.0, 6137626.0 ] } },
{ "type": "Feature", "properties": { "osmid": 4076115.0 }, "geometry": { "type": "Point", "coordinates": [ 1813294.0, 6141237.0 ] } },
{ "type": "Feature", "properties": { "osmid": 400879.0 }, "geometry": { "type": "Point", "coordinates": [ 1815338.0, 6141244.0 ] } },
{ "type": "Feature", "properties": { "osmid": 10555392997.0 }, "geometry": { "type": "Point", "coordinates": [ 1810058.0, 6140503.0 ] } },
{ "type": "Feature", "properties": { "osmid": 3262069379.0 }, "geometry": { "type": "Point", "coordinates": [ 1823313.0, 6137069.0 ] } },
{ "type": "Feature", "properties": { "osmid": 685119.0 }, "geometry": { "type": "Point", "coordinates": [ 1821092.0, 6139168.0 ] } },
{ "type": "Feature", "properties": { "osmid": 6813961293.0 }, "geometry": { "type": "Point", "coordinates": [ 1825943.0, 6129527.0 ] } },
{ "type": "Feature", "properties": { "osmid": 5866472.0 }, "geometry": { "type": "Point", "coordinates": [ 1813889.0, 6141381.0 ] } },
{ "type": "Feature", "properties": { "osmid": 48097768.0 }, "geometry": { "type": "Point", "coordinates": [ 1820508.0, 6139635.0 ] } },
{ "type": "Feature", "properties": { "osmid": 4792118869.0 }, "geometry": { "type": "Point", "coordinates": [ 1809277.0, 6140332.0 ] } },
{ "type": "Feature", "properties": { "osmid": 3251645448.0 }, "geometry": { "type": "Point", "coordinates": [ 1823995.0, 6136361.0 ] } },
{ "type": "Feature", "properties": { "osmid": 6542712.0 }, "geometry": { "type": "Point", "coordinates": [ 1810736.0, 6140910.0 ] } },
{ "type": "Feature", "properties": { "osmid": 252548511.0 }, "geometry": { "type": "Point", "coordinates": [ 1818678.0, 6140644.0 ] } },
{ "type": "Feature", "properties": { "osmid": 5471186540.0 }, "geometry": { "type": "Point", "coordinates": [ 1826083.0, 6130419.0 ] } },
{ "type": "Feature", "properties": { "osmid": 65093727.0 }, "geometry": { "type": "Point", "coordinates": [ 1821935.0, 6138748.0 ] } },
{ "type": "Feature", "properties": { "osmid": 6983795345.0 }, "geometry": { "type": "Point", "coordinates": [ 1817891.0, 6140987.0 ] } },
{ "type": "Feature", "properties": { "osmid": 31257329.0 }, "geometry": { "type": "Point", "coordinates": [ 1820185.0, 6140085.0 ] } },
{ "type": "Feature", "properties": { "osmid": 320243980.0 }, "geometry": { "type": "Point", "coordinates": [ 1825603.0, 6133531.0 ] } },
{ "type": "Feature", "properties": { "osmid": 30692799.0 }, "geometry": { "type": "Point", "coordinates": [ 1821657.0, 6139202.0 ] } },
{ "type": "Feature", "properties": { "osmid": 8377582123.0 }, "geometry": { "type": "Point", "coordinates": [ 1823207.0, 6137771.0 ] } },
{ "type": "Feature", "properties": { "osmid": 3251640242.0 }, "geometry": { "type": "Point", "coordinates": [ 1824484.0, 6136190.0 ] } },
{ "type": "Feature", "properties": { "osmid": 287384458.0 }, "geometry": { "type": "Point", "coordinates": [ 1818386.0, 6141094.0 ] } },
{ "type": "Feature", "properties": { "osmid": 685136.0 }, "geometry": { "type": "Point", "coordinates": [ 1821083.0, 6139736.0 ] } },
{ "type": "Feature", "properties": { "osmid": 401924.0 }, "geometry": { "type": "Point", "coordinates": [ 1808652.0, 6140471.0 ] } },
{ "type": "Feature", "properties": { "osmid": 6175919034.0 }, "geometry": { "type": "Point", "coordinates": [ 1824164.0, 6136856.0 ] } },
{ "type": "Feature", "properties": { "osmid": 378443.0 }, "geometry": { "type": "Point", "coordinates": [ 1819970.0, 6140551.0 ] } },
{ "type": "Feature", "properties": { "osmid": 378571.0 }, "geometry": { "type": "Point", "coordinates": [ 1815530.0, 6141924.0 ] } },
{ "type": "Feature", "properties": { "osmid": 2268090624.0 }, "geometry": { "type": "Point", "coordinates": [ 1826368.0, 6131966.0 ] } },
{ "type": "Feature", "properties": { "osmid": 25267650.0 }, "geometry": { "type": "Point", "coordinates": [ 1820731.0, 6140247.0 ] } },
{ "type": "Feature", "properties": { "osmid": 1865380622.0 }, "geometry": { "type": "Point", "coordinates": [ 1822830.0, 6138658.0 ] } },
{ "type": "Feature", "properties": { "osmid": 123277760.0 }, "geometry": { "type": "Point", "coordinates": [ 1823943.0, 6137501.0 ] } },
{ "type": "Feature", "properties": { "osmid": 2031964366.0 }, "geometry": { "type": "Point", "coordinates": [ 1816938.0, 6141825.0 ] } },
{ "type": "Feature", "properties": { "osmid": 2404688.0 }, "geometry": { "type": "Point", "coordinates": [ 1807860.0, 6140307.0 ] } },
{ "type": "Feature", "properties": { "osmid": 17312823.0 }, "geometry": { "type": "Point", "coordinates": [ 1817586.0, 6141677.0 ] } },
{ "type": "Feature", "properties": { "osmid": 2031964372.0 }, "geometry": { "type": "Point", "coordinates": [ 1816083.0, 6142021.0 ] } },
{ "type": "Feature", "properties": { "osmid": 17312841.0 }, "geometry": { "type": "Point", "coordinates": [ 1818134.0, 6141551.0 ] } },
{ "type": "Feature", "properties": { "osmid": 35476561.0 }, "geometry": { "type": "Point", "coordinates": [ 1822093.0, 6139478.0 ] } },
{ "type": "Feature", "properties": { "osmid": 13541489844.0 }, "geometry": { "type": "Point", "coordinates": [ 1826209.0, 6133524.0 ] } },
{ "type": "Feature", "properties": { "osmid": 61838556.0 }, "geometry": { "type": "Point", "coordinates": [ 1825341.0, 6135596.0 ] } },
{ "type": "Feature", "properties": { "osmid": 293726061.0 }, "geometry": { "type": "Point", "coordinates": [ 1823608.0, 6138089.0 ] } },
{ "type": "Feature", "properties": { "osmid": 9678471.0 }, "geometry": { "type": "Point", "coordinates": [ 1813325.0, 6142196.0 ] } },
{ "type": "Feature", "properties": { "osmid": 260047734.0 }, "geometry": { "type": "Point", "coordinates": [ 1818834.0, 6141397.0 ] } },
{ "type": "Feature", "properties": { "osmid": 13668580025.0 }, "geometry": { "type": "Point", "coordinates": [ 1821611.0, 6139937.0 ] } },
{ "type": "Feature", "properties": { "osmid": 306657320.0 }, "geometry": { "type": "Point", "coordinates": [ 1825087.0, 6136172.0 ] } },
{ "type": "Feature", "properties": { "osmid": 31256837.0 }, "geometry": { "type": "Point", "coordinates": [ 1819511.0, 6141234.0 ] } },
{ "type": "Feature", "properties": { "osmid": 3737855719.0 }, "geometry": { "type": "Point", "coordinates": [ 1825788.0, 6135212.0 ] } },
{ "type": "Feature", "properties": { "osmid": 33242054.0 }, "geometry": { "type": "Point", "coordinates": [ 1815763.0, 6142414.0 ] } },
{ "type": "Feature", "properties": { "osmid": 24966938.0 }, "geometry": { "type": "Point", "coordinates": [ 1817328.0, 6142141.0 ] } },
{ "type": "Feature", "properties": { "osmid": 48071887.0 }, "geometry": { "type": "Point", "coordinates": [ 1822896.0, 6139209.0 ] } },
{ "type": "Feature", "properties": { "osmid": 2273750271.0 }, "geometry": { "type": "Point", "coordinates": [ 1821332.0, 6140470.0 ] } },
{ "type": "Feature", "properties": { "osmid": 1401447901.0 }, "geometry": { "type": "Point", "coordinates": [ 1815123.0, 6142578.0 ] } },
{ "type": "Feature", "properties": { "osmid": 2451391210.0 }, "geometry": { "type": "Point", "coordinates": [ 1814520.0, 6142604.0 ] } },
{ "type": "Feature", "properties": { "osmid": 1575887158.0 }, "geometry": { "type": "Point", "coordinates": [ 1820713.0, 6140910.0 ] } },
{ "type": "Feature", "properties": { "osmid": 320170016.0 }, "geometry": { "type": "Point", "coordinates": [ 1816697.0, 6142448.0 ] } },
{ "type": "Feature", "properties": { "osmid": 11660146503.0 }, "geometry": { "type": "Point", "coordinates": [ 1826570.0, 6133875.0 ] } },
{ "type": "Feature", "properties": { "osmid": 1532901557.0 }, "geometry": { "type": "Point", "coordinates": [ 1822168.0, 6140015.0 ] } },
{ "type": "Feature", "properties": { "osmid": 10177873479.0 }, "geometry": { "type": "Point", "coordinates": [ 1827294.0, 6130074.0 ] } },
{ "type": "Feature", "properties": { "osmid": 33183688.0 }, "geometry": { "type": "Point", "coordinates": [ 1820303.0, 6141258.0 ] } },
{ "type": "Feature", "properties": { "osmid": 8002030654.0 }, "geometry": { "type": "Point", "coordinates": [ 1817925.0, 6142263.0 ] } },
{ "type": "Feature", "properties": { "osmid": 2473847583.0 }, "geometry": { "type": "Point", "coordinates": [ 1809502.0, 6141877.0 ] } },
{ "type": "Feature", "properties": { "osmid": 5852221834.0 }, "geometry": { "type": "Point", "coordinates": [ 1825657.0, 6136323.0 ] } },
{ "type": "Feature", "properties": { "osmid": 319839407.0 }, "geometry": { "type": "Point", "coordinates": [ 1824371.0, 6138194.0 ] } },
{ "type": "Feature", "properties": { "osmid": 897661877.0 }, "geometry": { "type": "Point", "coordinates": [ 1807367.0, 6140909.0 ] } },
{ "type": "Feature", "properties": { "osmid": 33240998.0 }, "geometry": { "type": "Point", "coordinates": [ 1814082.0, 6142960.0 ] } },
{ "type": "Feature", "properties": { "osmid": 314318424.0 }, "geometry": { "type": "Point", "coordinates": [ 1819410.0, 6141964.0 ] } },
{ "type": "Feature", "properties": { "osmid": 4932550082.0 }, "geometry": { "type": "Point", "coordinates": [ 1825291.0, 6137164.0 ] } },
{ "type": "Feature", "properties": { "osmid": 3147832289.0 }, "geometry": { "type": "Point", "coordinates": [ 1818851.0, 6142207.0 ] } },
{ "type": "Feature", "properties": { "osmid": 119395012.0 }, "geometry": { "type": "Point", "coordinates": [ 1822851.0, 6139906.0 ] } },
{ "type": "Feature", "properties": { "osmid": 3570060657.0 }, "geometry": { "type": "Point", "coordinates": [ 1821870.0, 6140683.0 ] } },
{ "type": "Feature", "properties": { "osmid": 1947720288.0 }, "geometry": { "type": "Point", "coordinates": [ 1821408.0, 6141041.0 ] } },
{ "type": "Feature", "properties": { "osmid": 503298844.0 }, "geometry": { "type": "Point", "coordinates": [ 1811218.0, 6142725.0 ] } },
{ "type": "Feature", "properties": { "osmid": 254353386.0 }, "geometry": { "type": "Point", "coordinates": [ 1817326.0, 6142749.0 ] } },
{ "type": "Feature", "properties": { "osmid": 10004378737.0 }, "geometry": { "type": "Point", "coordinates": [ 1826830.0, 6134630.0 ] } },
{ "type": "Feature", "properties": { "osmid": 1217926455.0 }, "geometry": { "type": "Point", "coordinates": [ 1822423.0, 6140497.0 ] } },
{ "type": "Feature", "properties": { "osmid": 33183681.0 }, "geometry": { "type": "Point", "coordinates": [ 1820702.0, 6141601.0 ] } },
{ "type": "Feature", "properties": { "osmid": 8873614251.0 }, "geometry": { "type": "Point", "coordinates": [ 1827785.0, 6128961.0 ] } },
{ "type": "Feature", "properties": { "osmid": 13443967291.0 }, "geometry": { "type": "Point", "coordinates": [ 1825151.0, 6137780.0 ] } },
{ "type": "Feature", "properties": { "osmid": 31259148.0 }, "geometry": { "type": "Point", "coordinates": [ 1820109.0, 6141960.0 ] } },
{ "type": "Feature", "properties": { "osmid": 115464584.0 }, "geometry": { "type": "Point", "coordinates": [ 1826544.0, 6135664.0 ] } },
{ "type": "Feature", "properties": { "osmid": 28150489.0 }, "geometry": { "type": "Point", "coordinates": [ 1823817.0, 6139461.0 ] } },
{ "type": "Feature", "properties": { "osmid": 33242085.0 }, "geometry": { "type": "Point", "coordinates": [ 1816410.0, 6143174.0 ] } },
{ "type": "Feature", "properties": { "osmid": 4552155835.0 }, "geometry": { "type": "Point", "coordinates": [ 1826778.0, 6135216.0 ] } },
{ "type": "Feature", "properties": { "osmid": 33242082.0 }, "geometry": { "type": "Point", "coordinates": [ 1815850.0, 6143298.0 ] } },
{ "type": "Feature", "properties": { "osmid": 670419.0 }, "geometry": { "type": "Point", "coordinates": [ 1806942.0, 6141286.0 ] } },
{ "type": "Feature", "properties": { "osmid": 672504412.0 }, "geometry": { "type": "Point", "coordinates": [ 1824266.0, 6139157.0 ] } },
{ "type": "Feature", "properties": { "osmid": 12285707144.0 }, "geometry": { "type": "Point", "coordinates": [ 1822952.0, 6140416.0 ] } },
{ "type": "Feature", "properties": { "osmid": 299471980.0 }, "geometry": { "type": "Point", "coordinates": [ 1821226.0, 6141625.0 ] } },
{ "type": "Feature", "properties": { "osmid": 335551192.0 }, "geometry": { "type": "Point", "coordinates": [ 1826447.0, 6136262.0 ] } },
{ "type": "Feature", "properties": { "osmid": 36728691.0 }, "geometry": { "type": "Point", "coordinates": [ 1810722.0, 6143154.0 ] } },
{ "type": "Feature", "properties": { "osmid": 25267613.0 }, "geometry": { "type": "Point", "coordinates": [ 1820658.0, 6142114.0 ] } },
{ "type": "Feature", "properties": { "osmid": 17322927.0 }, "geometry": { "type": "Point", "coordinates": [ 1822008.0, 6141331.0 ] } },
{ "type": "Feature", "properties": { "osmid": 286902989.0 }, "geometry": { "type": "Point", "coordinates": [ 1806357.0, 6141166.0 ] } },
{ "type": "Feature", "properties": { "osmid": 13333853623.0 }, "geometry": { "type": "Point", "coordinates": [ 1819074.0, 6142828.0 ] } },
{ "type": "Feature", "properties": { "osmid": 1174226269.0 }, "geometry": { "type": "Point", "coordinates": [ 1827598.0, 6134057.0 ] } },
{ "type": "Feature", "properties": { "osmid": 6469557548.0 }, "geometry": { "type": "Point", "coordinates": [ 1825533.0, 6138174.0 ] } },
{ "type": "Feature", "properties": { "osmid": 151027887.0 }, "geometry": { "type": "Point", "coordinates": [ 1818303.0, 6143227.0 ] } },
{ "type": "Feature", "properties": { "osmid": 1900304608.0 }, "geometry": { "type": "Point", "coordinates": [ 1826211.0, 6137315.0 ] } },
{ "type": "Feature", "properties": { "osmid": 309434126.0 }, "geometry": { "type": "Point", "coordinates": [ 1823448.0, 6140495.0 ] } },
{ "type": "Feature", "properties": { "osmid": 47997748.0 }, "geometry": { "type": "Point", "coordinates": [ 1823961.0, 6140053.0 ] } },
{ "type": "Feature", "properties": { "osmid": 29630213.0 }, "geometry": { "type": "Point", "coordinates": [ 1805570.0, 6140885.0 ] } },
{ "type": "Feature", "properties": { "osmid": 4314807345.0 }, "geometry": { "type": "Point", "coordinates": [ 1828467.0, 6128972.0 ] } },
{ "type": "Feature", "properties": { "osmid": 30696012.0 }, "geometry": { "type": "Point", "coordinates": [ 1816597.0, 6143751.0 ] } },
{ "type": "Feature", "properties": { "osmid": 93949054.0 }, "geometry": { "type": "Point", "coordinates": [ 1814927.0, 6143943.0 ] } },
{ "type": "Feature", "properties": { "osmid": 671958.0 }, "geometry": { "type": "Point", "coordinates": [ 1806725.0, 6141794.0 ] } },
{ "type": "Feature", "properties": { "osmid": 33196430.0 }, "geometry": { "type": "Point", "coordinates": [ 1821803.0, 6141856.0 ] } },
{ "type": "Feature", "properties": { "osmid": 544225149.0 }, "geometry": { "type": "Point", "coordinates": [ 1823136.0, 6140938.0 ] } },
{ "type": "Feature", "properties": { "osmid": 1422742308.0 }, "geometry": { "type": "Point", "coordinates": [ 1821300.0, 6142236.0 ] } },
{ "type": "Feature", "properties": { "osmid": 316976869.0 }, "geometry": { "type": "Point", "coordinates": [ 1815553.0, 6144003.0 ] } },
{ "type": "Feature", "properties": { "osmid": 2457831917.0 }, "geometry": { "type": "Point", "coordinates": [ 1820532.0, 6142655.0 ] } },
{ "type": "Feature", "properties": { "osmid": 98427066.0 }, "geometry": { "type": "Point", "coordinates": [ 1828328.0, 6132874.0 ] } },
{ "type": "Feature", "properties": { "osmid": 582945181.0 }, "geometry": { "type": "Point", "coordinates": [ 1826856.0, 6136743.0 ] } },
{ "type": "Feature", "properties": { "osmid": 321386199.0 }, "geometry": { "type": "Point", "coordinates": [ 1805943.0, 6141487.0 ] } },
{ "type": "Feature", "properties": { "osmid": 3342031770.0 }, "geometry": { "type": "Point", "coordinates": [ 1826249.0, 6137844.0 ] } },
{ "type": "Feature", "properties": { "osmid": 33196572.0 }, "geometry": { "type": "Point", "coordinates": [ 1822318.0, 6141748.0 ] } },
{ "type": "Feature", "properties": { "osmid": 60427937.0 }, "geometry": { "type": "Point", "coordinates": [ 1822849.0, 6141380.0 ] } },
{ "type": "Feature", "properties": { "osmid": 393784.0 }, "geometry": { "type": "Point", "coordinates": [ 1816238.0, 6144116.0 ] } },
{ "type": "Feature", "properties": { "osmid": 93946310.0 }, "geometry": { "type": "Point", "coordinates": [ 1814293.0, 6144257.0 ] } },
{ "type": "Feature", "properties": { "osmid": 319830823.0 }, "geometry": { "type": "Point", "coordinates": [ 1825956.0, 6138472.0 ] } },
{ "type": "Feature", "properties": { "osmid": 10761014369.0 }, "geometry": { "type": "Point", "coordinates": [ 1818347.0, 6143730.0 ] } },
{ "type": "Feature", "properties": { "osmid": 6452347179.0 }, "geometry": { "type": "Point", "coordinates": [ 1808820.0, 6143274.0 ] } },
{ "type": "Feature", "properties": { "osmid": 5318074028.0 }, "geometry": { "type": "Point", "coordinates": [ 1819377.0, 6143438.0 ] } },
{ "type": "Feature", "properties": { "osmid": 350433073.0 }, "geometry": { "type": "Point", "coordinates": [ 1828274.0, 6134073.0 ] } },
{ "type": "Feature", "properties": { "osmid": 12770350061.0 }, "geometry": { "type": "Point", "coordinates": [ 1828727.0, 6132195.0 ] } },
{ "type": "Feature", "properties": { "osmid": 267879585.0 }, "geometry": { "type": "Point", "coordinates": [ 1806235.0, 6141946.0 ] } },
{ "type": "Feature", "properties": { "osmid": 278114288.0 }, "geometry": { "type": "Point", "coordinates": [ 1823742.0, 6140936.0 ] } },
{ "type": "Feature", "properties": { "osmid": 117513626.0 }, "geometry": { "type": "Point", "coordinates": [ 1827868.0, 6135302.0 ] } },
{ "type": "Feature", "properties": { "osmid": 61969236.0 }, "geometry": { "type": "Point", "coordinates": [ 1824894.0, 6139915.0 ] } },
{ "type": "Feature", "properties": { "osmid": 33144755.0 }, "geometry": { "type": "Point", "coordinates": [ 1817910.0, 6143982.0 ] } },
{ "type": "Feature", "properties": { "osmid": 319892738.0 }, "geometry": { "type": "Point", "coordinates": [ 1826888.0, 6137424.0 ] } },
{ "type": "Feature", "properties": { "osmid": 392482.0 }, "geometry": { "type": "Point", "coordinates": [ 1817055.0, 6144216.0 ] } },
{ "type": "Feature", "properties": { "osmid": 544241327.0 }, "geometry": { "type": "Point", "coordinates": [ 1823409.0, 6141362.0 ] } },
{ "type": "Feature", "properties": { "osmid": 29646680.0 }, "geometry": { "type": "Point", "coordinates": [ 1828256.0, 6134741.0 ] } },
{ "type": "Feature", "properties": { "osmid": 320884377.0 }, "geometry": { "type": "Point", "coordinates": [ 1827774.0, 6135927.0 ] } },
{ "type": "Feature", "properties": { "osmid": 293354434.0 }, "geometry": { "type": "Point", "coordinates": [ 1829116.0, 6128796.0 ] } },
{ "type": "Feature", "properties": { "osmid": 461089962.0 }, "geometry": { "type": "Point", "coordinates": [ 1827306.0, 6137027.0 ] } },
{ "type": "Feature", "properties": { "osmid": 283103955.0 }, "geometry": { "type": "Point", "coordinates": [ 1822948.0, 6141933.0 ] } },
{ "type": "Feature", "properties": { "osmid": 30059990.0 }, "geometry": { "type": "Point", "coordinates": [ 1824704.0, 6140486.0 ] } },
{ "type": "Feature", "properties": { "osmid": 287277494.0 }, "geometry": { "type": "Point", "coordinates": [ 1805280.0, 6141661.0 ] } },
{ "type": "Feature", "properties": { "osmid": 3358490113.0 }, "geometry": { "type": "Point", "coordinates": [ 1821110.0, 6143072.0 ] } },
{ "type": "Feature", "properties": { "osmid": 10109781675.0 }, "geometry": { "type": "Point", "coordinates": [ 1821783.0, 6142723.0 ] } },
{ "type": "Feature", "properties": { "osmid": 115356628.0 }, "geometry": { "type": "Point", "coordinates": [ 1826228.0, 6139011.0 ] } },
{ "type": "Feature", "properties": { "osmid": 357073567.0 }, "geometry": { "type": "Point", "coordinates": [ 1817647.0, 6144482.0 ] } },
{ "type": "Feature", "properties": { "osmid": 60216157.0 }, "geometry": { "type": "Point", "coordinates": [ 1825522.0, 6139883.0 ] } },
{ "type": "Feature", "properties": { "osmid": 75567612.0 }, "geometry": { "type": "Point", "coordinates": [ 1824476.0, 6141006.0 ] } },
{ "type": "Feature", "properties": { "osmid": 105721823.0 }, "geometry": { "type": "Point", "coordinates": [ 1815139.0, 6144960.0 ] } },
{ "type": "Feature", "properties": { "osmid": 122530823.0 }, "geometry": { "type": "Point", "coordinates": [ 1822618.0, 6142536.0 ] } },
{ "type": "Feature", "properties": { "osmid": 11848028133.0 }, "geometry": { "type": "Point", "coordinates": [ 1819818.0, 6143968.0 ] } },
{ "type": "Feature", "properties": { "osmid": 3468096490.0 }, "geometry": { "type": "Point", "coordinates": [ 1820755.0, 6143583.0 ] } },
{ "type": "Feature", "properties": { "osmid": 13534545573.0 }, "geometry": { "type": "Point", "coordinates": [ 1824135.0, 6141437.0 ] } },
{ "type": "Feature", "properties": { "osmid": 3326701796.0 }, "geometry": { "type": "Point", "coordinates": [ 1828535.0, 6135398.0 ] } },
{ "type": "Feature", "properties": { "osmid": 11223047682.0 }, "geometry": { "type": "Point", "coordinates": [ 1804775.0, 6141715.0 ] } },
{ "type": "Feature", "properties": { "osmid": 12190703383.0 }, "geometry": { "type": "Point", "coordinates": [ 1827010.0, 6138308.0 ] } },
{ "type": "Feature", "properties": { "osmid": 1999649119.0 }, "geometry": { "type": "Point", "coordinates": [ 1823409.0, 6142128.0 ] } },
{ "type": "Feature", "properties": { "osmid": 5881632391.0 }, "geometry": { "type": "Point", "coordinates": [ 1818832.0, 6144467.0 ] } },
{ "type": "Feature", "properties": { "osmid": 1170469708.0 }, "geometry": { "type": "Point", "coordinates": [ 1829277.0, 6133462.0 ] } },
{ "type": "Feature", "properties": { "osmid": 252264976.0 }, "geometry": { "type": "Point", "coordinates": [ 1817048.0, 6144921.0 ] } },
{ "type": "Feature", "properties": { "osmid": 13672604023.0 }, "geometry": { "type": "Point", "coordinates": [ 1827407.0, 6137924.0 ] } },
{ "type": "Feature", "properties": { "osmid": 33344322.0 }, "geometry": { "type": "Point", "coordinates": [ 1821658.0, 6143351.0 ] } },
{ "type": "Feature", "properties": { "osmid": 1782077994.0 }, "geometry": { "type": "Point", "coordinates": [ 1829799.0, 6130215.0 ] } },
{ "type": "Feature", "properties": { "osmid": 33344809.0 }, "geometry": { "type": "Point", "coordinates": [ 1819391.0, 6144367.0 ] } },
{ "type": "Feature", "properties": { "osmid": 60429790.0 }, "geometry": { "type": "Point", "coordinates": [ 1822383.0, 6143012.0 ] } },
{ "type": "Feature", "properties": { "osmid": 108216852.0 }, "geometry": { "type": "Point", "coordinates": [ 1828426.0, 6136242.0 ] } },
{ "type": "Feature", "properties": { "osmid": 13534545508.0 }, "geometry": { "type": "Point", "coordinates": [ 1825401.0, 6140756.0 ] } },
{ "type": "Feature", "properties": { "osmid": 13430146524.0 }, "geometry": { "type": "Point", "coordinates": [ 1813942.0, 6145375.0 ] } },
{ "type": "Feature", "properties": { "osmid": 95033775.0 }, "geometry": { "type": "Point", "coordinates": [ 1823976.0, 6142089.0 ] } },
{ "type": "Feature", "properties": { "osmid": 34978490.0 }, "geometry": { "type": "Point", "coordinates": [ 1815765.0, 6145363.0 ] } },
{ "type": "Feature", "properties": { "osmid": 2551435372.0 }, "geometry": { "type": "Point", "coordinates": [ 1826338.0, 6139832.0 ] } },
{ "type": "Feature", "properties": { "osmid": 64975746.0 }, "geometry": { "type": "Point", "coordinates": [ 1818099.0, 6144989.0 ] } },
{ "type": "Feature", "properties": { "osmid": 287748679.0 }, "geometry": { "type": "Point", "coordinates": [ 1829178.0, 6134895.0 ] } },
{ "type": "Feature", "properties": { "osmid": 13082322138.0 }, "geometry": { "type": "Point", "coordinates": [ 1820160.0, 6144350.0 ] } },
{ "type": "Feature", "properties": { "osmid": 33751236.0 }, "geometry": { "type": "Point", "coordinates": [ 1828364.0, 6136855.0 ] } },
{ "type": "Feature", "properties": { "osmid": 78498737.0 }, "geometry": { "type": "Point", "coordinates": [ 1829032.0, 6135450.0 ] } },
{ "type": "Feature", "properties": { "osmid": 151017929.0 }, "geometry": { "type": "Point", "coordinates": [ 1825876.0, 6140488.0 ] } },
{ "type": "Feature", "properties": { "osmid": 9130049575.0 }, "geometry": { "type": "Point", "coordinates": [ 1826954.0, 6139200.0 ] } },
{ "type": "Feature", "properties": { "osmid": 10147598646.0 }, "geometry": { "type": "Point", "coordinates": [ 1829956.0, 6132069.0 ] } },
{ "type": "Feature", "properties": { "osmid": 59984952.0 }, "geometry": { "type": "Point", "coordinates": [ 1823107.0, 6142900.0 ] } },
{ "type": "Feature", "properties": { "osmid": 75579551.0 }, "geometry": { "type": "Point", "coordinates": [ 1824500.0, 6141876.0 ] } },
{ "type": "Feature", "properties": { "osmid": 12195319251.0 }, "geometry": { "type": "Point", "coordinates": [ 1817665.0, 6145273.0 ] } },
{ "type": "Feature", "properties": { "osmid": 417319864.0 }, "geometry": { "type": "Point", "coordinates": [ 1829580.0, 6134276.0 ] } },
{ "type": "Feature", "properties": { "osmid": 1869866486.0 }, "geometry": { "type": "Point", "coordinates": [ 1822271.0, 6143530.0 ] } },
{ "type": "Feature", "properties": { "osmid": 33344311.0 }, "geometry": { "type": "Point", "coordinates": [ 1821667.0, 6143866.0 ] } },
{ "type": "Feature", "properties": { "osmid": 2461393283.0 }, "geometry": { "type": "Point", "coordinates": [ 1820722.0, 6144380.0 ] } },
{ "type": "Feature", "properties": { "osmid": 95029425.0 }, "geometry": { "type": "Point", "coordinates": [ 1825249.0, 6141411.0 ] } },
{ "type": "Feature", "properties": { "osmid": 254524834.0 }, "geometry": { "type": "Point", "coordinates": [ 1818904.0, 6145105.0 ] } },
{ "type": "Feature", "properties": { "osmid": 453547315.0 }, "geometry": { "type": "Point", "coordinates": [ 1823866.0, 6142639.0 ] } },
{ "type": "Feature", "properties": { "osmid": 1834079894.0 }, "geometry": { "type": "Point", "coordinates": [ 1813574.0, 6145801.0 ] } },
{ "type": "Feature", "properties": { "osmid": 15733296.0 }, "geometry": { "type": "Point", "coordinates": [ 1827762.0, 6138678.0 ] } },
{ "type": "Feature", "properties": { "osmid": 60424769.0 }, "geometry": { "type": "Point", "coordinates": [ 1816906.0, 6145701.0 ] } },
{ "type": "Feature", "properties": { "osmid": 11982521367.0 }, "geometry": { "type": "Point", "coordinates": [ 1824447.0, 6142385.0 ] } },
{ "type": "Feature", "properties": { "osmid": 68908792.0 }, "geometry": { "type": "Point", "coordinates": [ 1814956.0, 6145964.0 ] } },
{ "type": "Feature", "properties": { "osmid": 257753407.0 }, "geometry": { "type": "Point", "coordinates": [ 1820098.0, 6144911.0 ] } },
{ "type": "Feature", "properties": { "osmid": 78498624.0 }, "geometry": { "type": "Point", "coordinates": [ 1829656.0, 6135156.0 ] } },
{ "type": "Feature", "properties": { "osmid": 13285789361.0 }, "geometry": { "type": "Point", "coordinates": [ 1821274.0, 6144457.0 ] } },
{ "type": "Feature", "properties": { "osmid": 4698236472.0 }, "geometry": { "type": "Point", "coordinates": [ 1829149.0, 6136525.0 ] } },
{ "type": "Feature", "properties": { "osmid": 59985731.0 }, "geometry": { "type": "Point", "coordinates": [ 1823127.0, 6143493.0 ] } },
{ "type": "Feature", "properties": { "osmid": 78499790.0 }, "geometry": { "type": "Point", "coordinates": [ 1829477.0, 6135964.0 ] } },
{ "type": "Feature", "properties": { "osmid": 33344287.0 }, "geometry": { "type": "Point", "coordinates": [ 1821772.0, 6144372.0 ] } },
{ "type": "Feature", "properties": { "osmid": 1402659336.0 }, "geometry": { "type": "Point", "coordinates": [ 1822589.0, 6143953.0 ] } },
{ "type": "Feature", "properties": { "osmid": 280216741.0 }, "geometry": { "type": "Point", "coordinates": [ 1824976.0, 6142306.0 ] } },
{ "type": "Feature", "properties": { "osmid": 272454513.0 }, "geometry": { "type": "Point", "coordinates": [ 1819628.0, 6145418.0 ] } },
{ "type": "Feature", "properties": { "osmid": 61925804.0 }, "geometry": { "type": "Point", "coordinates": [ 1817405.0, 6146071.0 ] } },
{ "type": "Feature", "properties": { "osmid": 249214385.0 }, "geometry": { "type": "Point", "coordinates": [ 1827840.0, 6139562.0 ] } },
{ "type": "Feature", "properties": { "osmid": 60637216.0 }, "geometry": { "type": "Point", "coordinates": [ 1822272.0, 6144477.0 ] } },
{ "type": "Feature", "properties": { "osmid": 24950478.0 }, "geometry": { "type": "Point", "coordinates": [ 1820378.0, 6145392.0 ] } },
{ "type": "Feature", "properties": { "osmid": 1350180434.0 }, "geometry": { "type": "Point", "coordinates": [ 1816752.0, 6146358.0 ] } },
{ "type": "Feature", "properties": { "osmid": 2063822421.0 }, "geometry": { "type": "Point", "coordinates": [ 1821541.0, 6144924.0 ] } },
{ "type": "Feature", "properties": { "osmid": 12147019407.0 }, "geometry": { "type": "Point", "coordinates": [ 1824467.0, 6143156.0 ] } },
{ "type": "Feature", "properties": { "osmid": 2264790624.0 }, "geometry": { "type": "Point", "coordinates": [ 1830996.0, 6132332.0 ] } },
{ "type": "Feature", "properties": { "osmid": 320474378.0 }, "geometry": { "type": "Point", "coordinates": [ 1829988.0, 6136011.0 ] } },
{ "type": "Feature", "properties": { "osmid": 281990260.0 }, "geometry": { "type": "Point", "coordinates": [ 1816259.0, 6146545.0 ] } },
{ "type": "Feature", "properties": { "osmid": 34444837.0 }, "geometry": { "type": "Point", "coordinates": [ 1824942.0, 6142920.0 ] } },
{ "type": "Feature", "properties": { "osmid": 1166299194.0 }, "geometry": { "type": "Point", "coordinates": [ 1831287.0, 6130191.0 ] } },
{ "type": "Feature", "properties": { "osmid": 59843465.0 }, "geometry": { "type": "Point", "coordinates": [ 1823569.0, 6144000.0 ] } },
{ "type": "Feature", "properties": { "osmid": 1446883409.0 }, "geometry": { "type": "Point", "coordinates": [ 1829175.0, 6138032.0 ] } },
{ "type": "Feature", "properties": { "osmid": 33344239.0 }, "geometry": { "type": "Point", "coordinates": [ 1820085.0, 6145842.0 ] } },
{ "type": "Feature", "properties": { "osmid": 291159616.0 }, "geometry": { "type": "Point", "coordinates": [ 1811609.0, 6146633.0 ] } },
{ "type": "Feature", "properties": { "osmid": 394867.0 }, "geometry": { "type": "Point", "coordinates": [ 1818825.0, 6146387.0 ] } },
{ "type": "Feature", "properties": { "osmid": 1831211775.0 }, "geometry": { "type": "Point", "coordinates": [ 1824500.0, 6143688.0 ] } },
{ "type": "Feature", "properties": { "osmid": 1758054851.0 }, "geometry": { "type": "Point", "coordinates": [ 1827509.0, 6140921.0 ] } },
{ "type": "Feature", "properties": { "osmid": 3687742561.0 }, "geometry": { "type": "Point", "coordinates": [ 1821219.0, 6145623.0 ] } },
{ "type": "Feature", "properties": { "osmid": 425756029.0 }, "geometry": { "type": "Point", "coordinates": [ 1824942.0, 6143421.0 ] } },
{ "type": "Feature", "properties": { "osmid": 280364830.0 }, "geometry": { "type": "Point", "coordinates": [ 1815782.0, 6147013.0 ] } },
{ "type": "Feature", "properties": { "osmid": 438748590.0 }, "geometry": { "type": "Point", "coordinates": [ 1822692.0, 6144917.0 ] } },
{ "type": "Feature", "properties": { "osmid": 3672408697.0 }, "geometry": { "type": "Point", "coordinates": [ 1825485.0, 6143111.0 ] } },
{ "type": "Feature", "properties": { "osmid": 655055.0 }, "geometry": { "type": "Point", "coordinates": [ 1820628.0, 6146024.0 ] } },
{ "type": "Feature", "properties": { "osmid": 34448501.0 }, "geometry": { "type": "Point", "coordinates": [ 1826129.0, 6142645.0 ] } },
{ "type": "Feature", "properties": { "osmid": 17324287.0 }, "geometry": { "type": "Point", "coordinates": [ 1822174.0, 6145378.0 ] } },
{ "type": "Feature", "properties": { "osmid": 303480752.0 }, "geometry": { "type": "Point", "coordinates": [ 1823594.0, 6144590.0 ] } },
{ "type": "Feature", "properties": { "osmid": 8296394232.0 }, "geometry": { "type": "Point", "coordinates": [ 1824109.0, 6144278.0 ] } },
{ "type": "Feature", "properties": { "osmid": 3453826123.0 }, "geometry": { "type": "Point", "coordinates": [ 1826816.0, 6142084.0 ] } },
{ "type": "Feature", "properties": { "osmid": 15733359.0 }, "geometry": { "type": "Point", "coordinates": [ 1828526.0, 6140095.0 ] } },
{ "type": "Feature", "properties": { "osmid": 11017461109.0 }, "geometry": { "type": "Point", "coordinates": [ 1831850.0, 6131972.0 ] } },
{ "type": "Feature", "properties": { "osmid": 274992582.0 }, "geometry": { "type": "Point", "coordinates": [ 1815188.0, 6147398.0 ] } },
{ "type": "Feature", "properties": { "osmid": 10302463496.0 }, "geometry": { "type": "Point", "coordinates": [ 1819333.0, 6146713.0 ] } },
{ "type": "Feature", "properties": { "osmid": 864978623.0 }, "geometry": { "type": "Point", "coordinates": [ 1804450.0, 6144459.0 ] } },
{ "type": "Feature", "properties": { "osmid": 696519.0 }, "geometry": { "type": "Point", "coordinates": [ 1822713.0, 6145431.0 ] } },
{ "type": "Feature", "properties": { "osmid": 15733881.0 }, "geometry": { "type": "Point", "coordinates": [ 1821495.0, 6146042.0 ] } },
{ "type": "Feature", "properties": { "osmid": 1676206200.0 }, "geometry": { "type": "Point", "coordinates": [ 1825420.0, 6143687.0 ] } },
{ "type": "Feature", "properties": { "osmid": 13272607012.0 }, "geometry": { "type": "Point", "coordinates": [ 1816894.0, 6147413.0 ] } },
{ "type": "Feature", "properties": { "osmid": 60627223.0 }, "geometry": { "type": "Point", "coordinates": [ 1826197.0, 6143183.0 ] } },
{ "type": "Feature", "properties": { "osmid": 1813578327.0 }, "geometry": { "type": "Point", "coordinates": [ 1823349.0, 6145243.0 ] } },
{ "type": "Feature", "properties": { "osmid": 1876084611.0 }, "geometry": { "type": "Point", "coordinates": [ 1824902.0, 6144235.0 ] } },
{ "type": "Feature", "properties": { "osmid": 270272806.0 }, "geometry": { "type": "Point", "coordinates": [ 1828849.0, 6140522.0 ] } },
{ "type": "Feature", "properties": { "osmid": 2389831822.0 }, "geometry": { "type": "Point", "coordinates": [ 1824338.0, 6144811.0 ] } },
{ "type": "Feature", "properties": { "osmid": 99127403.0 }, "geometry": { "type": "Point", "coordinates": [ 1832249.0, 6132277.0 ] } },
{ "type": "Feature", "properties": { "osmid": 3582939903.0 }, "geometry": { "type": "Point", "coordinates": [ 1827850.0, 6141773.0 ] } },
{ "type": "Feature", "properties": { "osmid": 3348623097.0 }, "geometry": { "type": "Point", "coordinates": [ 1821995.0, 6146190.0 ] } },
{ "type": "Feature", "properties": { "osmid": 322206211.0 }, "geometry": { "type": "Point", "coordinates": [ 1815651.0, 6147857.0 ] } },
{ "type": "Feature", "properties": { "osmid": 66839865.0 }, "geometry": { "type": "Point", "coordinates": [ 1817770.0, 6147627.0 ] } },
{ "type": "Feature", "properties": { "osmid": 1782054445.0 }, "geometry": { "type": "Point", "coordinates": [ 1832494.0, 6131547.0 ] } },
{ "type": "Feature", "properties": { "osmid": 316826425.0 }, "geometry": { "type": "Point", "coordinates": [ 1827315.0, 6142594.0 ] } },
{ "type": "Feature", "properties": { "osmid": 2984699443.0 }, "geometry": { "type": "Point", "coordinates": [ 1831703.0, 6135439.0 ] } },
{ "type": "Feature", "properties": { "osmid": 864978695.0 }, "geometry": { "type": "Point", "coordinates": [ 1804149.0, 6144966.0 ] } },
{ "type": "Feature", "properties": { "osmid": 1614426047.0 }, "geometry": { "type": "Point", "coordinates": [ 1826762.0, 6143167.0 ] } },
{ "type": "Feature", "properties": { "osmid": 378958.0 }, "geometry": { "type": "Point", "coordinates": [ 1823020.0, 6145850.0 ] } },
{ "type": "Feature", "properties": { "osmid": 2407316541.0 }, "geometry": { "type": "Point", "coordinates": [ 1815085.0, 6148192.0 ] } },
{ "type": "Feature", "properties": { "osmid": 9767849284.0 }, "geometry": { "type": "Point", "coordinates": [ 1804644.0, 6145481.0 ] } },
{ "type": "Feature", "properties": { "osmid": 9573133143.0 }, "geometry": { "type": "Point", "coordinates": [ 1828395.0, 6141709.0 ] } },
{ "type": "Feature", "properties": { "osmid": 1178177601.0 }, "geometry": { "type": "Point", "coordinates": [ 1825820.0, 6144217.0 ] } },
{ "type": "Feature", "properties": { "osmid": 33472282.0 }, "geometry": { "type": "Point", "coordinates": [ 1826508.0, 6143724.0 ] } },
{ "type": "Feature", "properties": { "osmid": 66835056.0 }, "geometry": { "type": "Point", "coordinates": [ 1819541.0, 6147554.0 ] } },
{ "type": "Feature", "properties": { "osmid": 1804656417.0 }, "geometry": { "type": "Point", "coordinates": [ 1823843.0, 6145695.0 ] } },
{ "type": "Feature", "properties": { "osmid": 33245900.0 }, "geometry": { "type": "Point", "coordinates": [ 1827969.0, 6142353.0 ] } },
{ "type": "Feature", "properties": { "osmid": 10255675981.0 }, "geometry": { "type": "Point", "coordinates": [ 1832164.0, 6135121.0 ] } },
{ "type": "Feature", "properties": { "osmid": 11022917043.0 }, "geometry": { "type": "Point", "coordinates": [ 1828944.0, 6141291.0 ] } },
{ "type": "Feature", "properties": { "osmid": 3904542943.0 }, "geometry": { "type": "Point", "coordinates": [ 1822612.0, 6146438.0 ] } },
{ "type": "Feature", "properties": { "osmid": 1311388717.0 }, "geometry": { "type": "Point", "coordinates": [ 1824836.0, 6145141.0 ] } },
{ "type": "Feature", "properties": { "osmid": 33471546.0 }, "geometry": { "type": "Point", "coordinates": [ 1825435.0, 6144731.0 ] } },
{ "type": "Feature", "properties": { "osmid": 1835854358.0 }, "geometry": { "type": "Point", "coordinates": [ 1818338.0, 6147986.0 ] } },
{ "type": "Feature", "properties": { "osmid": 17323951.0 }, "geometry": { "type": "Point", "coordinates": [ 1829448.0, 6140761.0 ] } },
{ "type": "Feature", "properties": { "osmid": 3596995347.0 }, "geometry": { "type": "Point", "coordinates": [ 1832889.0, 6132233.0 ] } },
{ "type": "Feature", "properties": { "osmid": 6832408560.0 }, "geometry": { "type": "Point", "coordinates": [ 1803611.0, 6145135.0 ] } },
{ "type": "Feature", "properties": { "osmid": 360440657.0 }, "geometry": { "type": "Point", "coordinates": [ 1827650.0, 6142975.0 ] } },
{ "type": "Feature", "properties": { "osmid": 320017078.0 }, "geometry": { "type": "Point", "coordinates": [ 1820277.0, 6147570.0 ] } },
{ "type": "Feature", "properties": { "osmid": 60822370.0 }, "geometry": { "type": "Point", "coordinates": [ 1822061.0, 6146875.0 ] } },
{ "type": "Feature", "properties": { "osmid": 360440749.0 }, "geometry": { "type": "Point", "coordinates": [ 1827216.0, 6143428.0 ] } },
{ "type": "Feature", "properties": { "osmid": 301936051.0 }, "geometry": { "type": "Point", "coordinates": [ 1814219.0, 6148553.0 ] } },
{ "type": "Feature", "properties": { "osmid": 8002118791.0 }, "geometry": { "type": "Point", "coordinates": [ 1833065.0, 6131516.0 ] } },
{ "type": "Feature", "properties": { "osmid": 8688470457.0 }, "geometry": { "type": "Point", "coordinates": [ 1803999.0, 6145498.0 ] } },
{ "type": "Feature", "properties": { "osmid": 1205053055.0 }, "geometry": { "type": "Point", "coordinates": [ 1824517.0, 6145573.0 ] } },
{ "type": "Feature", "properties": { "osmid": 6709859041.0 }, "geometry": { "type": "Point", "coordinates": [ 1829958.0, 6140242.0 ] } },
{ "type": "Feature", "properties": { "osmid": 415770519.0 }, "geometry": { "type": "Point", "coordinates": [ 1813237.0, 6148692.0 ] } },
{ "type": "Feature", "properties": { "osmid": 264838763.0 }, "geometry": { "type": "Point", "coordinates": [ 1832057.0, 6136578.0 ] } },
{ "type": "Feature", "properties": { "osmid": 360722288.0 }, "geometry": { "type": "Point", "coordinates": [ 1826317.0, 6144493.0 ] } },
{ "type": "Feature", "properties": { "osmid": 320482635.0 }, "geometry": { "type": "Point", "coordinates": [ 1833135.0, 6133013.0 ] } },
{ "type": "Feature", "properties": { "osmid": 5330093938.0 }, "geometry": { "type": "Point", "coordinates": [ 1825830.0, 6145070.0 ] } },
{ "type": "Feature", "properties": { "osmid": 2529690478.0 }, "geometry": { "type": "Point", "coordinates": [ 1825134.0, 6145578.0 ] } },
{ "type": "Feature", "properties": { "osmid": 1205052678.0 }, "geometry": { "type": "Point", "coordinates": [ 1823585.0, 6146536.0 ] } },
{ "type": "Feature", "properties": { "osmid": 117790778.0 }, "geometry": { "type": "Point", "coordinates": [ 1833408.0, 6131894.0 ] } },
{ "type": "Feature", "properties": { "osmid": 1267474256.0 }, "geometry": { "type": "Point", "coordinates": [ 1822531.0, 6147117.0 ] } },
{ "type": "Feature", "properties": { "osmid": 78449102.0 }, "geometry": { "type": "Point", "coordinates": [ 1828474.0, 6142922.0 ] } },
{ "type": "Feature", "properties": { "osmid": 78449842.0 }, "geometry": { "type": "Point", "coordinates": [ 1827596.0, 6143823.0 ] } },
{ "type": "Feature", "properties": { "osmid": 685295.0 }, "geometry": { "type": "Point", "coordinates": [ 1824438.0, 6146265.0 ] } },
{ "type": "Feature", "properties": { "osmid": 78449097.0 }, "geometry": { "type": "Point", "coordinates": [ 1829267.0, 6142091.0 ] } },
{ "type": "Feature", "properties": { "osmid": 370017705.0 }, "geometry": { "type": "Point", "coordinates": [ 1827093.0, 6144334.0 ] } },
{ "type": "Feature", "properties": { "osmid": 333302681.0 }, "geometry": { "type": "Point", "coordinates": [ 1821403.0, 6147804.0 ] } },
{ "type": "Feature", "properties": { "osmid": 11339146878.0 }, "geometry": { "type": "Point", "coordinates": [ 1832673.0, 6136057.0 ] } },
{ "type": "Feature", "properties": { "osmid": 247081669.0 }, "geometry": { "type": "Point", "coordinates": [ 1831297.0, 6139170.0 ] } },
{ "type": "Feature", "properties": { "osmid": 78455173.0 }, "geometry": { "type": "Point", "coordinates": [ 1829715.0, 6141628.0 ] } },
{ "type": "Feature", "properties": { "osmid": 78438060.0 }, "geometry": { "type": "Point", "coordinates": [ 1828188.0, 6143397.0 ] } },
{ "type": "Feature", "properties": { "osmid": 1723940957.0 }, "geometry": { "type": "Point", "coordinates": [ 1822054.0, 6147603.0 ] } },
{ "type": "Feature", "properties": { "osmid": 9220672253.0 }, "geometry": { "type": "Point", "coordinates": [ 1825005.0, 6146067.0 ] } },
{ "type": "Feature", "properties": { "osmid": 3148103945.0 }, "geometry": { "type": "Point", "coordinates": [ 1832589.0, 6136612.0 ] } },
{ "type": "Feature", "properties": { "osmid": 71561270.0 }, "geometry": { "type": "Point", "coordinates": [ 1826659.0, 6144894.0 ] } },
{ "type": "Feature", "properties": { "osmid": 78456969.0 }, "geometry": { "type": "Point", "coordinates": [ 1830154.0, 6141339.0 ] } },
{ "type": "Feature", "properties": { "osmid": 13427572290.0 }, "geometry": { "type": "Point", "coordinates": [ 1823254.0, 6147245.0 ] } },
{ "type": "Feature", "properties": { "osmid": 11544239717.0 }, "geometry": { "type": "Point", "coordinates": [ 1833344.0, 6134720.0 ] } },
{ "type": "Feature", "properties": { "osmid": 1277482789.0 }, "geometry": { "type": "Point", "coordinates": [ 1826270.0, 6145366.0 ] } },
{ "type": "Feature", "properties": { "osmid": 2465764035.0 }, "geometry": { "type": "Point", "coordinates": [ 1833598.0, 6133884.0 ] } },
{ "type": "Feature", "properties": { "osmid": 1176107819.0 }, "geometry": { "type": "Point", "coordinates": [ 1825893.0, 6145730.0 ] } },
{ "type": "Feature", "properties": { "osmid": 677556575.0 }, "geometry": { "type": "Point", "coordinates": [ 1828111.0, 6143907.0 ] } },
{ "type": "Feature", "properties": { "osmid": 1240355562.0 }, "geometry": { "type": "Point", "coordinates": [ 1822807.0, 6147610.0 ] } },
{ "type": "Feature", "properties": { "osmid": 11267327558.0 }, "geometry": { "type": "Point", "coordinates": [ 1823829.0, 6147112.0 ] } },
{ "type": "Feature", "properties": { "osmid": 2092425556.0 }, "geometry": { "type": "Point", "coordinates": [ 1831155.0, 6140220.0 ] } },
{ "type": "Feature", "properties": { "osmid": 418170982.0 }, "geometry": { "type": "Point", "coordinates": [ 1828936.0, 6143178.0 ] } },
{ "type": "Feature", "properties": { "osmid": 442246184.0 }, "geometry": { "type": "Point", "coordinates": [ 1824457.0, 6146843.0 ] } },
{ "type": "Feature", "properties": { "osmid": 418172274.0 }, "geometry": { "type": "Point", "coordinates": [ 1829329.0, 6142787.0 ] } },
{ "type": "Feature", "properties": { "osmid": 258995915.0 }, "geometry": { "type": "Point", "coordinates": [ 1829851.0, 6142233.0 ] } },
{ "type": "Feature", "properties": { "osmid": 297797885.0 }, "geometry": { "type": "Point", "coordinates": [ 1820617.0, 6148678.0 ] } },
{ "type": "Feature", "properties": { "osmid": 2459085852.0 }, "geometry": { "type": "Point", "coordinates": [ 1821464.0, 6148375.0 ] } },
{ "type": "Feature", "properties": { "osmid": 258995300.0 }, "geometry": { "type": "Point", "coordinates": [ 1831766.0, 6139444.0 ] } },
{ "type": "Feature", "properties": { "osmid": 1861853644.0 }, "geometry": { "type": "Point", "coordinates": [ 1818717.0, 6149229.0 ] } },
{ "type": "Feature", "properties": { "osmid": 13703498680.0 }, "geometry": { "type": "Point", "coordinates": [ 1827163.0, 6145068.0 ] } },
{ "type": "Feature", "properties": { "osmid": 1176107807.0 }, "geometry": { "type": "Point", "coordinates": [ 1825358.0, 6146427.0 ] } },
{ "type": "Feature", "properties": { "osmid": 10884245460.0 }, "geometry": { "type": "Point", "coordinates": [ 1828635.0, 6143740.0 ] } },
{ "type": "Feature", "properties": { "osmid": 2366826126.0 }, "geometry": { "type": "Point", "coordinates": [ 1830246.0, 6141876.0 ] } },
{ "type": "Feature", "properties": { "osmid": 418173349.0 }, "geometry": { "type": "Point", "coordinates": [ 1830800.0, 6141265.0 ] } },
{ "type": "Feature", "properties": { "osmid": 3502991179.0 }, "geometry": { "type": "Point", "coordinates": [ 1826837.0, 6145480.0 ] } },
{ "type": "Feature", "properties": { "osmid": 4856278367.0 }, "geometry": { "type": "Point", "coordinates": [ 1832144.0, 6139073.0 ] } },
{ "type": "Feature", "properties": { "osmid": 117763310.0 }, "geometry": { "type": "Point", "coordinates": [ 1834109.0, 6133461.0 ] } },
{ "type": "Feature", "properties": { "osmid": 329330704.0 }, "geometry": { "type": "Point", "coordinates": [ 1823593.0, 6147656.0 ] } },
{ "type": "Feature", "properties": { "osmid": 5665639122.0 }, "geometry": { "type": "Point", "coordinates": [ 1822130.0, 6148380.0 ] } },
{ "type": "Feature", "properties": { "osmid": 164435389.0 }, "geometry": { "type": "Point", "coordinates": [ 1825005.0, 6146898.0 ] } },
{ "type": "Feature", "properties": { "osmid": 418173682.0 }, "geometry": { "type": "Point", "coordinates": [ 1831252.0, 6140786.0 ] } },
{ "type": "Feature", "properties": { "osmid": 7302294545.0 }, "geometry": { "type": "Point", "coordinates": [ 1826436.0, 6145934.0 ] } },
{ "type": "Feature", "properties": { "osmid": 296876310.0 }, "geometry": { "type": "Point", "coordinates": [ 1827957.0, 6144871.0 ] } },
{ "type": "Feature", "properties": { "osmid": 418174166.0 }, "geometry": { "type": "Point", "coordinates": [ 1831828.0, 6140186.0 ] } },
{ "type": "Feature", "properties": { "osmid": 612991202.0 }, "geometry": { "type": "Point", "coordinates": [ 1826142.0, 6146350.0 ] } },
{ "type": "Feature", "properties": { "osmid": 316270271.0 }, "geometry": { "type": "Point", "coordinates": [ 1834153.0, 6134583.0 ] } },
{ "type": "Feature", "properties": { "osmid": 15733447.0 }, "geometry": { "type": "Point", "coordinates": [ 1832669.0, 6138779.0 ] } },
{ "type": "Feature", "properties": { "osmid": 1701044313.0 }, "geometry": { "type": "Point", "coordinates": [ 1822849.0, 6148335.0 ] } },
{ "type": "Feature", "properties": { "osmid": 71485238.0 }, "geometry": { "type": "Point", "coordinates": [ 1824650.0, 6147415.0 ] } },
{ "type": "Feature", "properties": { "osmid": 2459085857.0 }, "geometry": { "type": "Point", "coordinates": [ 1821602.0, 6148881.0 ] } },
{ "type": "Feature", "properties": { "osmid": 683907.0 }, "geometry": { "type": "Point", "coordinates": [ 1828483.0, 6144547.0 ] } },
{ "type": "Feature", "properties": { "osmid": 252612554.0 }, "geometry": { "type": "Point", "coordinates": [ 1827510.0, 6145455.0 ] } },
{ "type": "Feature", "properties": { "osmid": 321843470.0 }, "geometry": { "type": "Point", "coordinates": [ 1829698.0, 6143359.0 ] } },
{ "type": "Feature", "properties": { "osmid": 878276470.0 }, "geometry": { "type": "Point", "coordinates": [ 1834142.0, 6135192.0 ] } },
{ "type": "Feature", "properties": { "osmid": 271942224.0 }, "geometry": { "type": "Point", "coordinates": [ 1832247.0, 6139873.0 ] } },
{ "type": "Feature", "properties": { "osmid": 100872957.0 }, "geometry": { "type": "Point", "coordinates": [ 1820624.0, 6149369.0 ] } },
{ "type": "Feature", "properties": { "osmid": 289970627.0 }, "geometry": { "type": "Point", "coordinates": [ 1825530.0, 6147046.0 ] } },
{ "type": "Feature", "properties": { "osmid": 300447761.0 }, "geometry": { "type": "Point", "coordinates": [ 1823500.0, 6148266.0 ] } },
{ "type": "Feature", "properties": { "osmid": 1778189132.0 }, "geometry": { "type": "Point", "coordinates": [ 1822477.0, 6148748.0 ] } },
{ "type": "Feature", "properties": { "osmid": 2572930037.0 }, "geometry": { "type": "Point", "coordinates": [ 1824218.0, 6148024.0 ] } },
{ "type": "Feature", "properties": { "osmid": 9331738977.0 }, "geometry": { "type": "Point", "coordinates": [ 1830629.0, 6142637.0 ] } },
{ "type": "Feature", "properties": { "osmid": 416849375.0 }, "geometry": { "type": "Point", "coordinates": [ 1832805.0, 6139306.0 ] } },
{ "type": "Feature", "properties": { "osmid": 7756334.0 }, "geometry": { "type": "Point", "coordinates": [ 1826199.0, 6146952.0 ] } },
{ "type": "Feature", "properties": { "osmid": 1399162658.0 }, "geometry": { "type": "Point", "coordinates": [ 1829692.0, 6143936.0 ] } },
{ "type": "Feature", "properties": { "osmid": 289970002.0 }, "geometry": { "type": "Point", "coordinates": [ 1825341.0, 6147528.0 ] } },
{ "type": "Feature", "properties": { "osmid": 316270104.0 }, "geometry": { "type": "Point", "coordinates": [ 1834618.0, 6134973.0 ] } },
{ "type": "Feature", "properties": { "osmid": 289979548.0 }, "geometry": { "type": "Point", "coordinates": [ 1827099.0, 6146387.0 ] } },
{ "type": "Feature", "properties": { "osmid": 5282556256.0 }, "geometry": { "type": "Point", "coordinates": [ 1827935.0, 6145845.0 ] } },
{ "type": "Feature", "properties": { "osmid": 2841073960.0 }, "geometry": { "type": "Point", "coordinates": [ 1813808.0, 6150833.0 ] } },
{ "type": "Feature", "properties": { "osmid": 1110576183.0 }, "geometry": { "type": "Point", "coordinates": [ 1834468.0, 6136006.0 ] } },
{ "type": "Feature", "properties": { "osmid": 1170706993.0 }, "geometry": { "type": "Point", "coordinates": [ 1823940.0, 6148548.0 ] } },
{ "type": "Feature", "properties": { "osmid": 11158121936.0 }, "geometry": { "type": "Point", "coordinates": [ 1830574.0, 6143273.0 ] } },
{ "type": "Feature", "properties": { "osmid": 258995128.0 }, "geometry": { "type": "Point", "coordinates": [ 1834116.0, 6137237.0 ] } },
{ "type": "Feature", "properties": { "osmid": 1212449252.0 }, "geometry": { "type": "Point", "coordinates": [ 1824947.0, 6148044.0 ] } },
{ "type": "Feature", "properties": { "osmid": 390445187.0 }, "geometry": { "type": "Point", "coordinates": [ 1835090.0, 6134137.0 ] } },
{ "type": "Feature", "properties": { "osmid": 253961562.0 }, "geometry": { "type": "Point", "coordinates": [ 1822929.0, 6149157.0 ] } },
{ "type": "Feature", "properties": { "osmid": 2128350677.0 }, "geometry": { "type": "Point", "coordinates": [ 1831210.0, 6142654.0 ] } },
{ "type": "Feature", "properties": { "osmid": 2707687359.0 }, "geometry": { "type": "Point", "coordinates": [ 1826769.0, 6146982.0 ] } },
{ "type": "Feature", "properties": { "osmid": 247729655.0 }, "geometry": { "type": "Point", "coordinates": [ 1828579.0, 6145645.0 ] } },
{ "type": "Feature", "properties": { "osmid": 61076940.0 }, "geometry": { "type": "Point", "coordinates": [ 1830190.0, 6144039.0 ] } },
{ "type": "Feature", "properties": { "osmid": 1170707113.0 }, "geometry": { "type": "Point", "coordinates": [ 1824613.0, 6148462.0 ] } },
{ "type": "Feature", "properties": { "osmid": 60076172.0 }, "geometry": { "type": "Point", "coordinates": [ 1825498.0, 6148029.0 ] } },
{ "type": "Feature", "properties": { "osmid": 321816978.0 }, "geometry": { "type": "Point", "coordinates": [ 1823659.0, 6149037.0 ] } },
{ "type": "Feature", "properties": { "osmid": 1376137332.0 }, "geometry": { "type": "Point", "coordinates": [ 1833257.0, 6139937.0 ] } },
{ "type": "Feature", "properties": { "osmid": 2429077282.0 }, "geometry": { "type": "Point", "coordinates": [ 1831072.0, 6143319.0 ] } },
{ "type": "Feature", "properties": { "osmid": 2140608547.0 }, "geometry": { "type": "Point", "coordinates": [ 1827629.0, 6146740.0 ] } },
{ "type": "Feature", "properties": { "osmid": 1902206779.0 }, "geometry": { "type": "Point", "coordinates": [ 1821449.0, 6150125.0 ] } },
{ "type": "Feature", "properties": { "osmid": 295190834.0 }, "geometry": { "type": "Point", "coordinates": [ 1822166.0, 6149863.0 ] } },
{ "type": "Feature", "properties": { "osmid": 293925464.0 }, "geometry": { "type": "Point", "coordinates": [ 1834815.0, 6136590.0 ] } },
{ "type": "Feature", "properties": { "osmid": 292572213.0 }, "geometry": { "type": "Point", "coordinates": [ 1829609.0, 6145016.0 ] } },
{ "type": "Feature", "properties": { "osmid": 4338609377.0 }, "geometry": { "type": "Point", "coordinates": [ 1828428.0, 6146141.0 ] } },
{ "type": "Feature", "properties": { "osmid": 13516953661.0 }, "geometry": { "type": "Point", "coordinates": [ 1823390.0, 6149472.0 ] } },
{ "type": "Feature", "properties": { "osmid": 301388017.0 }, "geometry": { "type": "Point", "coordinates": [ 1824308.0, 6149050.0 ] } },
{ "type": "Feature", "properties": { "osmid": 684004.0 }, "geometry": { "type": "Point", "coordinates": [ 1826144.0, 6147993.0 ] } },
{ "type": "Feature", "properties": { "osmid": 4777374083.0 }, "geometry": { "type": "Point", "coordinates": [ 1812983.0, 6151512.0 ] } },
{ "type": "Feature", "properties": { "osmid": 60019055.0 }, "geometry": { "type": "Point", "coordinates": [ 1826656.0, 6147747.0 ] } },
{ "type": "Feature", "properties": { "osmid": 271942245.0 }, "geometry": { "type": "Point", "coordinates": [ 1834777.0, 6137364.0 ] } },
{ "type": "Feature", "properties": { "osmid": 1260498391.0 }, "geometry": { "type": "Point", "coordinates": [ 1827247.0, 6147412.0 ] } },
{ "type": "Feature", "properties": { "osmid": 322055799.0 }, "geometry": { "type": "Point", "coordinates": [ 1829324.0, 6145705.0 ] } },
{ "type": "Feature", "properties": { "osmid": 31900882.0 }, "geometry": { "type": "Point", "coordinates": [ 1832256.0, 6142460.0 ] } },
{ "type": "Feature", "properties": { "osmid": 60056708.0 }, "geometry": { "type": "Point", "coordinates": [ 1823967.0, 6149540.0 ] } },
{ "type": "Feature", "properties": { "osmid": 15733499.0 }, "geometry": { "type": "Point", "coordinates": [ 1835408.0, 6136243.0 ] } },
{ "type": "Feature", "properties": { "osmid": 12293235465.0 }, "geometry": { "type": "Point", "coordinates": [ 1831395.0, 6143731.0 ] } },
{ "type": "Feature", "properties": { "osmid": 1333762204.0 }, "geometry": { "type": "Point", "coordinates": [ 1825004.0, 6149088.0 ] } },
{ "type": "Feature", "properties": { "osmid": 11043817427.0 }, "geometry": { "type": "Point", "coordinates": [ 1836170.0, 6133287.0 ] } },
{ "type": "Feature", "properties": { "osmid": 13195950628.0 }, "geometry": { "type": "Point", "coordinates": [ 1830616.0, 6144749.0 ] } },
{ "type": "Feature", "properties": { "osmid": 418178155.0 }, "geometry": { "type": "Point", "coordinates": [ 1835731.0, 6135718.0 ] } },
{ "type": "Feature", "properties": { "osmid": 60834223.0 }, "geometry": { "type": "Point", "coordinates": [ 1826245.0, 6148578.0 ] } },
{ "type": "Feature", "properties": { "osmid": 286275307.0 }, "geometry": { "type": "Point", "coordinates": [ 1828922.0, 6146606.0 ] } },
{ "type": "Feature", "properties": { "osmid": 61275094.0 }, "geometry": { "type": "Point", "coordinates": [ 1830165.0, 6145599.0 ] } },
{ "type": "Feature", "properties": { "osmid": 292248260.0 }, "geometry": { "type": "Point", "coordinates": [ 1824770.0, 6149578.0 ] } },
{ "type": "Feature", "properties": { "osmid": 2335997161.0 }, "geometry": { "type": "Point", "coordinates": [ 1815144.0, 6152171.0 ] } },
{ "type": "Feature", "properties": { "osmid": 1780485564.0 }, "geometry": { "type": "Point", "coordinates": [ 1826896.0, 6148348.0 ] } },
{ "type": "Feature", "properties": { "osmid": 1649112260.0 }, "geometry": { "type": "Point", "coordinates": [ 1825580.0, 6149185.0 ] } },
{ "type": "Feature", "properties": { "osmid": 301387488.0 }, "geometry": { "type": "Point", "coordinates": [ 1823526.0, 6150260.0 ] } },
{ "type": "Feature", "properties": { "osmid": 13004058616.0 }, "geometry": { "type": "Point", "coordinates": [ 1827465.0, 6147998.0 ] } },
{ "type": "Feature", "properties": { "osmid": 4774094025.0 }, "geometry": { "type": "Point", "coordinates": [ 1832115.0, 6143523.0 ] } },
{ "type": "Feature", "properties": { "osmid": 7570469723.0 }, "geometry": { "type": "Point", "coordinates": [ 1821950.0, 6150923.0 ] } },
{ "type": "Feature", "properties": { "osmid": 13700945963.0 }, "geometry": { "type": "Point", "coordinates": [ 1829447.0, 6146460.0 ] } },
{ "type": "Feature", "properties": { "osmid": 31900981.0 }, "geometry": { "type": "Point", "coordinates": [ 1832784.0, 6142745.0 ] } },
{ "type": "Feature", "properties": { "osmid": 320924407.0 }, "geometry": { "type": "Point", "coordinates": [ 1835993.0, 6136224.0 ] } },
{ "type": "Feature", "properties": { "osmid": 407927489.0 }, "geometry": { "type": "Point", "coordinates": [ 1829901.0, 6146174.0 ] } },
{ "type": "Feature", "properties": { "osmid": 105723613.0 }, "geometry": { "type": "Point", "coordinates": [ 1831309.0, 6144762.0 ] } },
{ "type": "Feature", "properties": { "osmid": 31901504.0 }, "geometry": { "type": "Point", "coordinates": [ 1833346.0, 6142122.0 ] } },
{ "type": "Feature", "properties": { "osmid": 7159369861.0 }, "geometry": { "type": "Point", "coordinates": [ 1834084.0, 6140912.0 ] } },
{ "type": "Feature", "properties": { "osmid": 418178045.0 }, "geometry": { "type": "Point", "coordinates": [ 1836345.0, 6135405.0 ] } },
{ "type": "Feature", "properties": { "osmid": 292915971.0 }, "geometry": { "type": "Point", "coordinates": [ 1826282.0, 6149138.0 ] } },
{ "type": "Feature", "properties": { "osmid": 301386732.0 }, "geometry": { "type": "Point", "coordinates": [ 1823276.0, 6150715.0 ] } },
{ "type": "Feature", "properties": { "osmid": 1978214242.0 }, "geometry": { "type": "Point", "coordinates": [ 1825350.0, 6149746.0 ] } },
{ "type": "Feature", "properties": { "osmid": 418177684.0 }, "geometry": { "type": "Point", "coordinates": [ 1836607.0, 6134890.0 ] } },
{ "type": "Feature", "properties": { "osmid": 61076979.0 }, "geometry": { "type": "Point", "coordinates": [ 1829103.0, 6147192.0 ] } },
{ "type": "Feature", "properties": { "osmid": 13144366376.0 }, "geometry": { "type": "Point", "coordinates": [ 1830471.0, 6146030.0 ] } },
{ "type": "Feature", "properties": { "osmid": 243478768.0 }, "geometry": { "type": "Point", "coordinates": [ 1822406.0, 6151230.0 ] } },
{ "type": "Feature", "properties": { "osmid": 1698817163.0 }, "geometry": { "type": "Point", "coordinates": [ 1832774.0, 6143438.0 ] } },
{ "type": "Feature", "properties": { "osmid": 2330711162.0 }, "geometry": { "type": "Point", "coordinates": [ 1821594.0, 6151547.0 ] } },
{ "type": "Feature", "properties": { "osmid": 2164259360.0 }, "geometry": { "type": "Point", "coordinates": [ 1824761.0, 6150224.0 ] } },
{ "type": "Feature", "properties": { "osmid": 2283077124.0 }, "geometry": { "type": "Point", "coordinates": [ 1831192.0, 6145437.0 ] } },
{ "type": "Feature", "properties": { "osmid": 13155492806.0 }, "geometry": { "type": "Point", "coordinates": [ 1829816.0, 6146848.0 ] } },
{ "type": "Feature", "properties": { "osmid": 7967903816.0 }, "geometry": { "type": "Point", "coordinates": [ 1833512.0, 6142606.0 ] } },
{ "type": "Feature", "properties": { "osmid": 92478380.0 }, "geometry": { "type": "Point", "coordinates": [ 1828707.0, 6147938.0 ] } },
{ "type": "Feature", "properties": { "osmid": 13468280163.0 }, "geometry": { "type": "Point", "coordinates": [ 1831835.0, 6145028.0 ] } },
{ "type": "Feature", "properties": { "osmid": 4221332593.0 }, "geometry": { "type": "Point", "coordinates": [ 1826110.0, 6149823.0 ] } },
{ "type": "Feature", "properties": { "osmid": 246814872.0 }, "geometry": { "type": "Point", "coordinates": [ 1825548.0, 6150220.0 ] } },
{ "type": "Feature", "properties": { "osmid": 8312253661.0 }, "geometry": { "type": "Point", "coordinates": [ 1830459.0, 6146629.0 ] } },
{ "type": "Feature", "properties": { "osmid": 2036338558.0 }, "geometry": { "type": "Point", "coordinates": [ 1833476.0, 6143294.0 ] } },
{ "type": "Feature", "properties": { "osmid": 92475834.0 }, "geometry": { "type": "Point", "coordinates": [ 1829445.0, 6147703.0 ] } },
{ "type": "Feature", "properties": { "osmid": 71477657.0 }, "geometry": { "type": "Point", "coordinates": [ 1822800.0, 6151695.0 ] } },
{ "type": "Feature", "properties": { "osmid": 998545725.0 }, "geometry": { "type": "Point", "coordinates": [ 1833252.0, 6143770.0 ] } },
{ "type": "Feature", "properties": { "osmid": 418178828.0 }, "geometry": { "type": "Point", "coordinates": [ 1837434.0, 6134358.0 ] } },
{ "type": "Feature", "properties": { "osmid": 99737951.0 }, "geometry": { "type": "Point", "coordinates": [ 1830092.0, 6147359.0 ] } },
{ "type": "Feature", "properties": { "osmid": 2376485833.0 }, "geometry": { "type": "Point", "coordinates": [ 1824988.0, 6150848.0 ] } },
{ "type": "Feature", "properties": { "osmid": 31586022.0 }, "geometry": { "type": "Point", "coordinates": [ 1834072.0, 6142755.0 ] } },
{ "type": "Feature", "properties": { "osmid": 1935290876.0 }, "geometry": { "type": "Point", "coordinates": [ 1832404.0, 6145097.0 ] } },
{ "type": "Feature", "properties": { "osmid": 13426503476.0 }, "geometry": { "type": "Point", "coordinates": [ 1834481.0, 6142286.0 ] } },
{ "type": "Feature", "properties": { "osmid": 99776485.0 }, "geometry": { "type": "Point", "coordinates": [ 1832887.0, 6144552.0 ] } },
{ "type": "Feature", "properties": { "osmid": 243478779.0 }, "geometry": { "type": "Point", "coordinates": [ 1822167.0, 6152182.0 ] } },
{ "type": "Feature", "properties": { "osmid": 7170259657.0 }, "geometry": { "type": "Point", "coordinates": [ 1832115.0, 6145507.0 ] } },
{ "type": "Feature", "properties": { "osmid": 11642981833.0 }, "geometry": { "type": "Point", "coordinates": [ 1820914.0, 6152596.0 ] } },
{ "type": "Feature", "properties": { "osmid": 322045081.0 }, "geometry": { "type": "Point", "coordinates": [ 1831691.0, 6145998.0 ] } },
{ "type": "Feature", "properties": { "osmid": 93667953.0 }, "geometry": { "type": "Point", "coordinates": [ 1828767.0, 6148659.0 ] } },
{ "type": "Feature", "properties": { "osmid": 4197499734.0 }, "geometry": { "type": "Point", "coordinates": [ 1837848.0, 6134033.0 ] } },
{ "type": "Feature", "properties": { "osmid": 99776488.0 }, "geometry": { "type": "Point", "coordinates": [ 1833387.0, 6144290.0 ] } },
{ "type": "Feature", "properties": { "osmid": 321719896.0 }, "geometry": { "type": "Point", "coordinates": [ 1827112.0, 6150033.0 ] } },
{ "type": "Feature", "properties": { "osmid": 6893075855.0 }, "geometry": { "type": "Point", "coordinates": [ 1837677.0, 6135444.0 ] } },
{ "type": "Feature", "properties": { "osmid": 15733771.0 }, "geometry": { "type": "Point", "coordinates": [ 1821659.0, 6152672.0 ] } },
{ "type": "Feature", "properties": { "osmid": 322668266.0 }, "geometry": { "type": "Point", "coordinates": [ 1827927.0, 6149648.0 ] } },
{ "type": "Feature", "properties": { "osmid": 1917415264.0 }, "geometry": { "type": "Point", "coordinates": [ 1823950.0, 6151891.0 ] } },
{ "type": "Feature", "properties": { "osmid": 92863565.0 }, "geometry": { "type": "Point", "coordinates": [ 1831255.0, 6146964.0 ] } },
{ "type": "Feature", "properties": { "osmid": 9370761233.0 }, "geometry": { "type": "Point", "coordinates": [ 1828410.0, 6149370.0 ] } },
{ "type": "Feature", "properties": { "osmid": 600335046.0 }, "geometry": { "type": "Point", "coordinates": [ 1825309.0, 6151263.0 ] } },
{ "type": "Feature", "properties": { "osmid": 31907172.0 }, "geometry": { "type": "Point", "coordinates": [ 1834291.0, 6143361.0 ] } },
{ "type": "Feature", "properties": { "osmid": 933847789.0 }, "geometry": { "type": "Point", "coordinates": [ 1833969.0, 6143879.0 ] } },
{ "type": "Feature", "properties": { "osmid": 2441940320.0 }, "geometry": { "type": "Point", "coordinates": [ 1832741.0, 6145526.0 ] } },
{ "type": "Feature", "properties": { "osmid": 1400037359.0 }, "geometry": { "type": "Point", "coordinates": [ 1825861.0, 6151112.0 ] } },
{ "type": "Feature", "properties": { "osmid": 92470852.0 }, "geometry": { "type": "Point", "coordinates": [ 1830017.0, 6148302.0 ] } },
{ "type": "Feature", "properties": { "osmid": 75232803.0 }, "geometry": { "type": "Point", "coordinates": [ 1835515.0, 6141648.0 ] } },
{ "type": "Feature", "properties": { "osmid": 316276222.0 }, "geometry": { "type": "Point", "coordinates": [ 1834891.0, 6142719.0 ] } },
{ "type": "Feature", "properties": { "osmid": 1372925336.0 }, "geometry": { "type": "Point", "coordinates": [ 1832441.0, 6146018.0 ] } },
{ "type": "Feature", "properties": { "osmid": 321940571.0 }, "geometry": { "type": "Point", "coordinates": [ 1830751.0, 6147769.0 ] } },
{ "type": "Feature", "properties": { "osmid": 60052386.0 }, "geometry": { "type": "Point", "coordinates": [ 1822225.0, 6152847.0 ] } },
{ "type": "Feature", "properties": { "osmid": 690606355.0 }, "geometry": { "type": "Point", "coordinates": [ 1829131.0, 6149170.0 ] } },
{ "type": "Feature", "properties": { "osmid": 243478485.0 }, "geometry": { "type": "Point", "coordinates": [ 1821235.0, 6153274.0 ] } },
{ "type": "Feature", "properties": { "osmid": 286900555.0 }, "geometry": { "type": "Point", "coordinates": [ 1831314.0, 6147499.0 ] } },
{ "type": "Feature", "properties": { "osmid": 61076997.0 }, "geometry": { "type": "Point", "coordinates": [ 1829771.0, 6148904.0 ] } },
{ "type": "Feature", "properties": { "osmid": 9370717963.0 }, "geometry": { "type": "Point", "coordinates": [ 1828623.0, 6149825.0 ] } },
{ "type": "Feature", "properties": { "osmid": 13096403608.0 }, "geometry": { "type": "Point", "coordinates": [ 1834889.0, 6143341.0 ] } },
{ "type": "Feature", "properties": { "osmid": 415010926.0 }, "geometry": { "type": "Point", "coordinates": [ 1821827.0, 6153235.0 ] } },
{ "type": "Feature", "properties": { "osmid": 5626435618.0 }, "geometry": { "type": "Point", "coordinates": [ 1833256.0, 6145547.0 ] } },
{ "type": "Feature", "properties": { "osmid": 2568826658.0 }, "geometry": { "type": "Point", "coordinates": [ 1830484.0, 6148516.0 ] } },
{ "type": "Feature", "properties": { "osmid": 82457561.0 }, "geometry": { "type": "Point", "coordinates": [ 1824061.0, 6152524.0 ] } },
{ "type": "Feature", "properties": { "osmid": 246379989.0 }, "geometry": { "type": "Point", "coordinates": [ 1836372.0, 6141131.0 ] } },
{ "type": "Feature", "properties": { "osmid": 225952612.0 }, "geometry": { "type": "Point", "coordinates": [ 1825740.0, 6151841.0 ] } },
{ "type": "Feature", "properties": { "osmid": 12339183035.0 }, "geometry": { "type": "Point", "coordinates": [ 1832412.0, 6146845.0 ] } },
{ "type": "Feature", "properties": { "osmid": 11032902346.0 }, "geometry": { "type": "Point", "coordinates": [ 1835755.0, 6142415.0 ] } },
{ "type": "Feature", "properties": { "osmid": 60252382.0 }, "geometry": { "type": "Point", "coordinates": [ 1823555.0, 6152889.0 ] } },
{ "type": "Feature", "properties": { "osmid": 13460465370.0 }, "geometry": { "type": "Point", "coordinates": [ 1834818.0, 6143933.0 ] } },
{ "type": "Feature", "properties": { "osmid": 690606360.0 }, "geometry": { "type": "Point", "coordinates": [ 1829356.0, 6149655.0 ] } },
{ "type": "Feature", "properties": { "osmid": 100398131.0 }, "geometry": { "type": "Point", "coordinates": [ 1833204.0, 6146105.0 ] } },
{ "type": "Feature", "properties": { "osmid": 61076804.0 }, "geometry": { "type": "Point", "coordinates": [ 1831354.0, 6148067.0 ] } },
{ "type": "Feature", "properties": { "osmid": 11584472857.0 }, "geometry": { "type": "Point", "coordinates": [ 1831803.0, 6147655.0 ] } },
{ "type": "Feature", "properties": { "osmid": 321731563.0 }, "geometry": { "type": "Point", "coordinates": [ 1826494.0, 6151690.0 ] } },
{ "type": "Feature", "properties": { "osmid": 99374732.0 }, "geometry": { "type": "Point", "coordinates": [ 1830164.0, 6149256.0 ] } },
{ "type": "Feature", "properties": { "osmid": 968509336.0 }, "geometry": { "type": "Point", "coordinates": [ 1825308.0, 6152373.0 ] } },
{ "type": "Feature", "properties": { "osmid": 92869488.0 }, "geometry": { "type": "Point", "coordinates": [ 1836442.0, 6141811.0 ] } },
{ "type": "Feature", "properties": { "osmid": 253460076.0 }, "geometry": { "type": "Point", "coordinates": [ 1833838.0, 6145737.0 ] } },
{ "type": "Feature", "properties": { "osmid": 2495257108.0 }, "geometry": { "type": "Point", "coordinates": [ 1822295.0, 6153692.0 ] } },
{ "type": "Feature", "properties": { "osmid": 92469821.0 }, "geometry": { "type": "Point", "coordinates": [ 1828297.0, 6150774.0 ] } },
{ "type": "Feature", "properties": { "osmid": 62609435.0 }, "geometry": { "type": "Point", "coordinates": [ 1829165.0, 6150183.0 ] } },
{ "type": "Feature", "properties": { "osmid": 13266907423.0 }, "geometry": { "type": "Point", "coordinates": [ 1832949.0, 6146865.0 ] } },
{ "type": "Feature", "properties": { "osmid": 1446855508.0 }, "geometry": { "type": "Point", "coordinates": [ 1830948.0, 6148831.0 ] } },
{ "type": "Feature", "properties": { "osmid": 13507077531.0 }, "geometry": { "type": "Point", "coordinates": [ 1834451.0, 6145104.0 ] } },
{ "type": "Feature", "properties": { "osmid": 92470029.0 }, "geometry": { "type": "Point", "coordinates": [ 1827614.0, 6151302.0 ] } },
{ "type": "Feature", "properties": { "osmid": 1250458603.0 }, "geometry": { "type": "Point", "coordinates": [ 1826134.0, 6152227.0 ] } },
{ "type": "Feature", "properties": { "osmid": 11055236603.0 }, "geometry": { "type": "Point", "coordinates": [ 1835964.0, 6143052.0 ] } },
{ "type": "Feature", "properties": { "osmid": 2697586490.0 }, "geometry": { "type": "Point", "coordinates": [ 1824276.0, 6153124.0 ] } },
{ "type": "Feature", "properties": { "osmid": 1984736211.0 }, "geometry": { "type": "Point", "coordinates": [ 1835027.0, 6144645.0 ] } },
{ "type": "Feature", "properties": { "osmid": 8777006625.0 }, "geometry": { "type": "Point", "coordinates": [ 1829740.0, 6150088.0 ] } },
{ "type": "Feature", "properties": { "osmid": 13205587009.0 }, "geometry": { "type": "Point", "coordinates": [ 1831686.0, 6148458.0 ] } },
{ "type": "Feature", "properties": { "osmid": 331268958.0 }, "geometry": { "type": "Point", "coordinates": [ 1837096.0, 6141316.0 ] } },
{ "type": "Feature", "properties": { "osmid": 1364163494.0 }, "geometry": { "type": "Point", "coordinates": [ 1832431.0, 6147833.0 ] } },
{ "type": "Feature", "properties": { "osmid": 13473994372.0 }, "geometry": { "type": "Point", "coordinates": [ 1827429.0, 6151933.0 ] } },
{ "type": "Feature", "properties": { "osmid": 100395183.0 }, "geometry": { "type": "Point", "coordinates": [ 1834347.0, 6146027.0 ] } },
{ "type": "Feature", "properties": { "osmid": 2536866767.0 }, "geometry": { "type": "Point", "coordinates": [ 1833277.0, 6147367.0 ] } },
{ "type": "Feature", "properties": { "osmid": 127799290.0 }, "geometry": { "type": "Point", "coordinates": [ 1835528.0, 6144632.0 ] } },
{ "type": "Feature", "properties": { "osmid": 8345972747.0 }, "geometry": { "type": "Point", "coordinates": [ 1819435.0, 6155160.0 ] } },
{ "type": "Feature", "properties": { "osmid": 139229317.0 }, "geometry": { "type": "Point", "coordinates": [ 1837586.0, 6141196.0 ] } },
{ "type": "Feature", "properties": { "osmid": 13417989245.0 }, "geometry": { "type": "Point", "coordinates": [ 1823620.0, 6153962.0 ] } },
{ "type": "Feature", "properties": { "osmid": 313001469.0 }, "geometry": { "type": "Point", "coordinates": [ 1831515.0, 6149191.0 ] } },
{ "type": "Feature", "properties": { "osmid": 6643177468.0 }, "geometry": { "type": "Point", "coordinates": [ 1828522.0, 6151578.0 ] } },
{ "type": "Feature", "properties": { "osmid": 2082634543.0 }, "geometry": { "type": "Point", "coordinates": [ 1836231.0, 6143918.0 ] } },
{ "type": "Feature", "properties": { "osmid": 849606000.0 }, "geometry": { "type": "Point", "coordinates": [ 1824918.0, 6153591.0 ] } },
{ "type": "Feature", "properties": { "osmid": 13151527785.0 }, "geometry": { "type": "Point", "coordinates": [ 1831080.0, 6149769.0 ] } },
{ "type": "Feature", "properties": { "osmid": 6139057584.0 }, "geometry": { "type": "Point", "coordinates": [ 1829065.0, 6151297.0 ] } },
{ "type": "Feature", "properties": { "osmid": 353852837.0 }, "geometry": { "type": "Point", "coordinates": [ 1827922.0, 6152085.0 ] } },
{ "type": "Feature", "properties": { "osmid": 591982576.0 }, "geometry": { "type": "Point", "coordinates": [ 1832912.0, 6148166.0 ] } },
{ "type": "Feature", "properties": { "osmid": 466454658.0 }, "geometry": { "type": "Point", "coordinates": [ 1832168.0, 6148888.0 ] } },
{ "type": "Feature", "properties": { "osmid": 248169123.0 }, "geometry": { "type": "Point", "coordinates": [ 1834976.0, 6145839.0 ] } },
{ "type": "Feature", "properties": { "osmid": 2508541158.0 }, "geometry": { "type": "Point", "coordinates": [ 1826190.0, 6153108.0 ] } },
{ "type": "Feature", "properties": { "osmid": 11025934773.0 }, "geometry": { "type": "Point", "coordinates": [ 1836022.0, 6144484.0 ] } },
{ "type": "Feature", "properties": { "osmid": 83462535.0 }, "geometry": { "type": "Point", "coordinates": [ 1826709.0, 6152905.0 ] } },
{ "type": "Feature", "properties": { "osmid": 12768679476.0 }, "geometry": { "type": "Point", "coordinates": [ 1823339.0, 6154440.0 ] } },
{ "type": "Feature", "properties": { "osmid": 3740394745.0 }, "geometry": { "type": "Point", "coordinates": [ 1836745.0, 6143842.0 ] } },
{ "type": "Feature", "properties": { "osmid": 11034463943.0 }, "geometry": { "type": "Point", "coordinates": [ 1835481.0, 6145752.0 ] } },
{ "type": "Feature", "properties": { "osmid": 320933349.0 }, "geometry": { "type": "Point", "coordinates": [ 1830838.0, 6150524.0 ] } },
{ "type": "Feature", "properties": { "osmid": 61682858.0 }, "geometry": { "type": "Point", "coordinates": [ 1824393.0, 6154433.0 ] } },
{ "type": "Feature", "properties": { "osmid": 5672884237.0 }, "geometry": { "type": "Point", "coordinates": [ 1833737.0, 6148039.0 ] } },
{ "type": "Feature", "properties": { "osmid": 1450966669.0 }, "geometry": { "type": "Point", "coordinates": [ 1836592.0, 6144467.0 ] } },
{ "type": "Feature", "properties": { "osmid": 7813618961.0 }, "geometry": { "type": "Point", "coordinates": [ 1828754.0, 6152390.0 ] } },
{ "type": "Feature", "properties": { "osmid": 2001913049.0 }, "geometry": { "type": "Point", "coordinates": [ 1826461.0, 6153703.0 ] } },
{ "type": "Feature", "properties": { "osmid": 13121155726.0 }, "geometry": { "type": "Point", "coordinates": [ 1837902.0, 6142635.0 ] } },
{ "type": "Feature", "properties": { "osmid": 62613490.0 }, "geometry": { "type": "Point", "coordinates": [ 1834624.0, 6147356.0 ] } },
{ "type": "Feature", "properties": { "osmid": 2443812919.0 }, "geometry": { "type": "Point", "coordinates": [ 1833288.0, 6148789.0 ] } },
{ "type": "Feature", "properties": { "osmid": 351909912.0 }, "geometry": { "type": "Point", "coordinates": [ 1828079.0, 6152861.0 ] } },
{ "type": "Feature", "properties": { "osmid": 92482708.0 }, "geometry": { "type": "Point", "coordinates": [ 1825692.0, 6154198.0 ] } },
{ "type": "Feature", "properties": { "osmid": 3247967659.0 }, "geometry": { "type": "Point", "coordinates": [ 1837110.0, 6144208.0 ] } },
{ "type": "Feature", "properties": { "osmid": 4155262019.0 }, "geometry": { "type": "Point", "coordinates": [ 1831520.0, 6150654.0 ] } },
{ "type": "Feature", "properties": { "osmid": 3786568527.0 }, "geometry": { "type": "Point", "coordinates": [ 1829875.0, 6151924.0 ] } },
{ "type": "Feature", "properties": { "osmid": 5805066802.0 }, "geometry": { "type": "Point", "coordinates": [ 1835134.0, 6147109.0 ] } },
{ "type": "Feature", "properties": { "osmid": 2482664648.0 }, "geometry": { "type": "Point", "coordinates": [ 1829325.0, 6152440.0 ] } },
{ "type": "Feature", "properties": { "osmid": 13627005386.0 }, "geometry": { "type": "Point", "coordinates": [ 1830991.0, 6151299.0 ] } },
{ "type": "Feature", "properties": { "osmid": 82458958.0 }, "geometry": { "type": "Point", "coordinates": [ 1827917.0, 6153360.0 ] } },
{ "type": "Feature", "properties": { "osmid": 1660436815.0 }, "geometry": { "type": "Point", "coordinates": [ 1828639.0, 6152939.0 ] } },
{ "type": "Feature", "properties": { "osmid": 375862813.0 }, "geometry": { "type": "Point", "coordinates": [ 1826993.0, 6153910.0 ] } },
{ "type": "Feature", "properties": { "osmid": 13045150510.0 }, "geometry": { "type": "Point", "coordinates": [ 1835621.0, 6146889.0 ] } },
{ "type": "Feature", "properties": { "osmid": 62614460.0 }, "geometry": { "type": "Point", "coordinates": [ 1834904.0, 6147796.0 ] } },
{ "type": "Feature", "properties": { "osmid": 84777732.0 }, "geometry": { "type": "Point", "coordinates": [ 1824604.0, 6155149.0 ] } },
{ "type": "Feature", "properties": { "osmid": 3836952216.0 }, "geometry": { "type": "Point", "coordinates": [ 1836734.0, 6145659.0 ] } },
{ "type": "Feature", "properties": { "osmid": 62611213.0 }, "geometry": { "type": "Point", "coordinates": [ 1830469.0, 6152046.0 ] } },
{ "type": "Feature", "properties": { "osmid": 3582693546.0 }, "geometry": { "type": "Point", "coordinates": [ 1826709.0, 6154339.0 ] } },
{ "type": "Feature", "properties": { "osmid": 2637954190.0 }, "geometry": { "type": "Point", "coordinates": [ 1834252.0, 6148805.0 ] } },
{ "type": "Feature", "properties": { "osmid": 248749231.0 }, "geometry": { "type": "Point", "coordinates": [ 1831488.0, 6151364.0 ] } },
{ "type": "Feature", "properties": { "osmid": 314174288.0 }, "geometry": { "type": "Point", "coordinates": [ 1835474.0, 6147512.0 ] } },
{ "type": "Feature", "properties": { "osmid": 82458719.0 }, "geometry": { "type": "Point", "coordinates": [ 1828420.0, 6153507.0 ] } },
{ "type": "Feature", "properties": { "osmid": 2447812226.0 }, "geometry": { "type": "Point", "coordinates": [ 1838180.0, 6143788.0 ] } },
{ "type": "Feature", "properties": { "osmid": 10969084084.0 }, "geometry": { "type": "Point", "coordinates": [ 1832462.0, 6150656.0 ] } },
{ "type": "Feature", "properties": { "osmid": 2338156653.0 }, "geometry": { "type": "Point", "coordinates": [ 1830973.0, 6151920.0 ] } },
{ "type": "Feature", "properties": { "osmid": 224369668.0 }, "geometry": { "type": "Point", "coordinates": [ 1826128.0, 6154855.0 ] } },
{ "type": "Feature", "properties": { "osmid": 66956129.0 }, "geometry": { "type": "Point", "coordinates": [ 1827521.0, 6154156.0 ] } },
{ "type": "Feature", "properties": { "osmid": 7949593717.0 }, "geometry": { "type": "Point", "coordinates": [ 1836570.0, 6146382.0 ] } },
{ "type": "Feature", "properties": { "osmid": 3377652778.0 }, "geometry": { "type": "Point", "coordinates": [ 1838955.0, 6142636.0 ] } },
{ "type": "Feature", "properties": { "osmid": 10102654947.0 }, "geometry": { "type": "Point", "coordinates": [ 1837784.0, 6144711.0 ] } },
{ "type": "Feature", "properties": { "osmid": 2428652383.0 }, "geometry": { "type": "Point", "coordinates": [ 1837238.0, 6145761.0 ] } },
{ "type": "Feature", "properties": { "osmid": 4248337990.0 }, "geometry": { "type": "Point", "coordinates": [ 1827247.0, 6154586.0 ] } },
{ "type": "Feature", "properties": { "osmid": 90189029.0 }, "geometry": { "type": "Point", "coordinates": [ 1839747.0, 6141568.0 ] } },
{ "type": "Feature", "properties": { "osmid": 13695645791.0 }, "geometry": { "type": "Point", "coordinates": [ 1836151.0, 6147394.0 ] } },
{ "type": "Feature", "properties": { "osmid": 602512012.0 }, "geometry": { "type": "Point", "coordinates": [ 1833523.0, 6150257.0 ] } },
{ "type": "Feature", "properties": { "osmid": 13434520788.0 }, "geometry": { "type": "Point", "coordinates": [ 1838249.0, 6144519.0 ] } },
{ "type": "Feature", "properties": { "osmid": 3783430983.0 }, "geometry": { "type": "Point", "coordinates": [ 1830812.0, 6152574.0 ] } },
{ "type": "Feature", "properties": { "osmid": 320531452.0 }, "geometry": { "type": "Point", "coordinates": [ 1823446.0, 6156422.0 ] } },
{ "type": "Feature", "properties": { "osmid": 92483869.0 }, "geometry": { "type": "Point", "coordinates": [ 1828257.0, 6154287.0 ] } },
{ "type": "Feature", "properties": { "osmid": 6376253678.0 }, "geometry": { "type": "Point", "coordinates": [ 1829576.0, 6153503.0 ] } },
{ "type": "Feature", "properties": { "osmid": 92483451.0 }, "geometry": { "type": "Point", "coordinates": [ 1826585.0, 6155221.0 ] } },
{ "type": "Feature", "properties": { "osmid": 3335903438.0 }, "geometry": { "type": "Point", "coordinates": [ 1837241.0, 6146328.0 ] } },
{ "type": "Feature", "properties": { "osmid": 321591474.0 }, "geometry": { "type": "Point", "coordinates": [ 1839506.0, 6142637.0 ] } },
{ "type": "Feature", "properties": { "osmid": 4923444418.0 }, "geometry": { "type": "Point", "coordinates": [ 1837956.0, 6145305.0 ] } },
{ "type": "Feature", "properties": { "osmid": 127792291.0 }, "geometry": { "type": "Point", "coordinates": [ 1839765.0, 6142149.0 ] } },
{ "type": "Feature", "properties": { "osmid": 1678006376.0 }, "geometry": { "type": "Point", "coordinates": [ 1834103.0, 6150057.0 ] } },
{ "type": "Feature", "properties": { "osmid": 671733830.0 }, "geometry": { "type": "Point", "coordinates": [ 1840232.0, 6141397.0 ] } },
{ "type": "Feature", "properties": { "osmid": 1830180585.0 }, "geometry": { "type": "Point", "coordinates": [ 1827266.0, 6155135.0 ] } },
{ "type": "Feature", "properties": { "osmid": 90191220.0 }, "geometry": { "type": "Point", "coordinates": [ 1838785.0, 6144415.0 ] } },
{ "type": "Feature", "properties": { "osmid": 127843046.0 }, "geometry": { "type": "Point", "coordinates": [ 1835953.0, 6148411.0 ] } },
{ "type": "Feature", "properties": { "osmid": 4155262030.0 }, "geometry": { "type": "Point", "coordinates": [ 1830887.0, 6153107.0 ] } },
{ "type": "Feature", "properties": { "osmid": 251386257.0 }, "geometry": { "type": "Point", "coordinates": [ 1839584.0, 6143373.0 ] } },
{ "type": "Feature", "properties": { "osmid": 248168841.0 }, "geometry": { "type": "Point", "coordinates": [ 1832953.0, 6151581.0 ] } },
{ "type": "Feature", "properties": { "osmid": 11037596618.0 }, "geometry": { "type": "Point", "coordinates": [ 1840339.0, 6142102.0 ] } },
{ "type": "Feature", "properties": { "osmid": 3206344696.0 }, "geometry": { "type": "Point", "coordinates": [ 1826843.0, 6155706.0 ] } },
{ "type": "Feature", "properties": { "osmid": 127777619.0 }, "geometry": { "type": "Point", "coordinates": [ 1840788.0, 6141197.0 ] } },
{ "type": "Feature", "properties": { "osmid": 92836954.0 }, "geometry": { "type": "Point", "coordinates": [ 1828495.0, 6154857.0 ] } },
{ "type": "Feature", "properties": { "osmid": 354926198.0 }, "geometry": { "type": "Point", "coordinates": [ 1828960.0, 6154640.0 ] } },
{ "type": "Feature", "properties": { "osmid": 3798521898.0 }, "geometry": { "type": "Point", "coordinates": [ 1829482.0, 6154489.0 ] } },
{ "type": "Feature", "properties": { "osmid": 392241229.0 }, "geometry": { "type": "Point", "coordinates": [ 1831669.0, 6153167.0 ] } },
{ "type": "Feature", "properties": { "osmid": 31915520.0 }, "geometry": { "type": "Point", "coordinates": [ 1836507.0, 6148750.0 ] } },
{ "type": "Feature", "properties": { "osmid": 320520571.0 }, "geometry": { "type": "Point", "coordinates": [ 1827447.0, 6155854.0 ] } },
{ "type": "Feature", "properties": { "osmid": 226039926.0 }, "geometry": { "type": "Point", "coordinates": [ 1828389.0, 6155368.0 ] } },
{ "type": "Feature", "properties": { "osmid": 602512002.0 }, "geometry": { "type": "Point", "coordinates": [ 1833925.0, 6151473.0 ] } },
{ "type": "Feature", "properties": { "osmid": 127777625.0 }, "geometry": { "type": "Point", "coordinates": [ 1841044.0, 6141702.0 ] } },
{ "type": "Feature", "properties": { "osmid": 2482664652.0 }, "geometry": { "type": "Point", "coordinates": [ 1830003.0, 6154485.0 ] } },
{ "type": "Feature", "properties": { "osmid": 7578446737.0 }, "geometry": { "type": "Point", "coordinates": [ 1827853.0, 6156208.0 ] } },
{ "type": "Feature", "properties": { "osmid": 9277903265.0 }, "geometry": { "type": "Point", "coordinates": [ 1831313.0, 6154284.0 ] } },
{ "type": "Feature", "properties": { "osmid": 61970143.0 }, "geometry": { "type": "Point", "coordinates": [ 1830655.0, 6154731.0 ] } },
{ "type": "Feature", "properties": { "osmid": 10836383842.0 }, "geometry": { "type": "Point", "coordinates": [ 1837504.0, 6148718.0 ] } },
{ "type": "Feature", "properties": { "osmid": 34018128.0 }, "geometry": { "type": "Point", "coordinates": [ 1828594.0, 6156092.0 ] } },
{ "type": "Feature", "properties": { "osmid": 1748694463.0 }, "geometry": { "type": "Point", "coordinates": [ 1832399.0, 6153889.0 ] } },
{ "type": "Feature", "properties": { "osmid": 66965520.0 }, "geometry": { "type": "Point", "coordinates": [ 1828073.0, 6156879.0 ] } },
{ "type": "Feature", "properties": { "osmid": 9900518.0 }, "geometry": { "type": "Point", "coordinates": [ 1828738.0, 6157192.0 ] } },
{ "type": "Feature", "properties": { "osmid": 281765452.0 }, "geometry": { "type": "Point", "coordinates": [ 1828316.0, 6157539.0 ] } },
{ "type": "Feature", "properties": { "osmid": 3330057635.0 }, "geometry": { "type": "Point", "coordinates": [ 1835867.0, 6153497.0 ] } },
{ "type": "Feature", "properties": { "osmid": 3330057639.0 }, "geometry": { "type": "Point", "coordinates": [ 1835408.0, 6154024.0 ] } },
{ "type": "Feature", "properties": { "osmid": 112376239.0 }, "geometry": { "type": "Point", "coordinates": [ 1840980.0, 6148263.0 ] } }
]
}
